feature,perm_importance_mean,perm_importance_std
PC_IgG__ZSCAN18__UC_vs_HC,0.0,0.0
B_cell__NUDT1__UC_vs_CD,0.0,0.0
CD4__AARSD1__CD_vs_HC,0.0,0.0
CD4__AC004585.1__UC_vs_HC,0.0,0.0
CD4__AC005224.3__CD_vs_HC,0.0,0.0
CD4__AC005224.3__UC_vs_HC,0.0,0.0
CD4__AC017002.3__CD_vs_HC,0.0,0.0
CD4__AC017002.3__UC_vs_HC,0.0,0.0
PC_IgG__WNT10A__UC_vs_HC,0.0,0.0
PC_IgG__WIPF1__UC_vs_HC,0.0,0.0
PC_IgG__WIPF1__UC_vs_CD,0.0,0.0
PC_IgG__WHRN__UC_vs_HC,0.0,0.0
PC_IgG__WASHC3__UC_vs_HC,0.0,0.0
PC_IgG__WAPL__UC_vs_CD,0.0,0.0
PC_IgG__VPS26C__UC_vs_HC,0.0,0.0
PC_IgG__VIM__UC_vs_HC,0.0,0.0
PC_IgG__VCP__CD_vs_HC,0.0,0.0
PC_IgG__VAPB__UC_vs_CD,0.0,0.0
PC_IgG__UTRN__UC_vs_HC,0.0,0.0
PC_IgG__UTP3__UC_vs_HC,0.0,0.0
PC_IgG__UQCRQ__UC_vs_HC,0.0,0.0
PC_IgG__UQCC2__UC_vs_HC,0.0,0.0
PC_IgG__UBE2L6__UC_vs_HC,0.0,0.0
PC_IgG__UBE2L6__CD_vs_HC,0.0,0.0
CD4__ANKRD28__CD_vs_HC,0.0,0.0
CD4__ANK1__UC_vs_HC,0.0,0.0
CD4__AMPD2__UC_vs_HC,0.0,0.0
CD4__ALDOC__UC_vs_HC,0.0,0.0
CD4__ALDOC__UC_vs_CD,0.0,0.0
CD4__AL606807.1__UC_vs_HC,0.0,0.0
CD4__AL606807.1__CD_vs_HC,0.0,0.0
CD4__AL441992.1__UC_vs_HC,0.0,0.0
CD4__AL359834.1__UC_vs_HC,0.0,0.0
CD4__AL359834.1__CD_vs_HC,0.0,0.0
CD4__AL355075.4__UC_vs_HC,0.0,0.0
CD4__AL121944.1__UC_vs_HC,0.0,0.0
CD4__AL121944.1__CD_vs_HC,0.0,0.0
CD4__AKIP1__UC_vs_HC,0.0,0.0
CD4__AHR__UC_vs_HC,0.0,0.0
CD4__AHNAK__UC_vs_HC,0.0,0.0
CD4__ATP2B1__UC_vs_HC,0.0,0.0
CD4__ATOX1__UC_vs_HC,0.0,0.0
CD4__ARL4D__UC_vs_HC,0.0,0.0
CD4__ARL4D__CD_vs_HC,0.0,0.0
CD4__ARL4A__UC_vs_HC,0.0,0.0
CD4__ARL4A__CD_vs_HC,0.0,0.0
CD4__ARL3__UC_vs_HC,0.0,0.0
CD4__ARHGEF40__UC_vs_HC,0.0,0.0
CD4__ARHGEF40__CD_vs_HC,0.0,0.0
CD4__AQP8__UC_vs_HC,0.0,0.0
CD4__AP001160.1__CD_vs_HC,0.0,0.0
CD4__ANXA2__UC_vs_HC,0.0,0.0
CD4__ANXA1__UC_vs_HC,0.0,0.0
CD4__ANXA1__CD_vs_HC,0.0,0.0
CD4__ANKS1B__UC_vs_HC,0.0,0.0
CD4__ANKRD28__UC_vs_HC,0.0,0.0
CD4__CCDC107__CD_vs_HC,0.0,0.0
CD4__CATSPERG__UC_vs_HC,0.0,0.0
CD4__CAPN7__CD_vs_HC,0.0,0.0
CD4__CAMK2G__UC_vs_HC,0.0,0.0
CD4__CADM1__UC_vs_HC,0.0,0.0
CD4__CAAP1__CD_vs_HC,0.0,0.0
CD4__CA2__UC_vs_HC,0.0,0.0
CD4__C2CD4A__UC_vs_HC,0.0,0.0
CD4__C18orf32__CD_vs_HC,0.0,0.0
CD4__C16orf87__UC_vs_HC,0.0,0.0
CD4__BLZF1__CD_vs_HC,0.0,0.0
CD4__BLM__UC_vs_HC,0.0,0.0
CD4__BLM__CD_vs_HC,0.0,0.0
CD4__BIRC5__UC_vs_HC,0.0,0.0
CD4__BCAT1__UC_vs_HC,0.0,0.0
CD4__AVPI1__UC_vs_HC,0.0,0.0
CD4__CDCA7__CD_vs_HC,0.0,0.0
CD4__CD79B__UC_vs_HC,0.0,0.0
CD4__CD79B__UC_vs_CD,0.0,0.0
CD4__CD38__UC_vs_HC,0.0,0.0
CD4__CD274__UC_vs_HC,0.0,0.0
CD4__CD160__UC_vs_HC,0.0,0.0
CD4__CCR4__CD_vs_HC,0.0,0.0
CD4__CCNG2__UC_vs_HC,0.0,0.0
CD4__CCNG2__CD_vs_HC,0.0,0.0
CD4__CCL5__UC_vs_HC,0.0,0.0
CD4__CCL5__CD_vs_HC,0.0,0.0
CD4__CCL4__UC_vs_CD,0.0,0.0
CD4__CCL20__UC_vs_HC,0.0,0.0
CD4__CCL20__CD_vs_HC,0.0,0.0
CD4__CCDC6__CD_vs_HC,0.0,0.0
CD4__CCDC50__UC_vs_HC,0.0,0.0
CD4__COA5__UC_vs_CD,0.0,0.0
CD4__CLTA__CD_vs_HC,0.0,0.0
CD4__CLN5__CD_vs_HC,0.0,0.0
CD4__CLEC7A__UC_vs_HC,0.0,0.0
CD4__CLDN7__UC_vs_HC,0.0,0.0
CD4__CLDN4__UC_vs_HC,0.0,0.0
CD4__CHN1__CD_vs_HC,0.0,0.0
CD4__CHMP1B__UC_vs_HC,0.0,0.0
CD4__CHMP1B__CD_vs_HC,0.0,0.0
CD4__CHML__UC_vs_HC,0.0,0.0
CD4__CHI3L2__UC_vs_HC,0.0,0.0
CD4__CHI3L2__UC_vs_CD,0.0,0.0
CD4__CHCHD5__UC_vs_HC,0.0,0.0
CD4__CENPF__UC_vs_HC,0.0,0.0
CD4__CDKN1A__UC_vs_HC,0.0,0.0
CD4__CDK17__UC_vs_HC,0.0,0.0
CD4__CXCL13__UC_vs_HC,0.0,0.0
CD4__CXCL13__CD_vs_HC,0.0,0.0
CD4__CTSH__UC_vs_HC,0.0,0.0
CD4__CTSH__CD_vs_HC,0.0,0.0
CD4__CTSC__UC_vs_HC,0.0,0.0
CD4__CTLA4__UC_vs_HC,0.0,0.0
CD4__CTH__UC_vs_HC,0.0,0.0
CD4__CTH__CD_vs_HC,0.0,0.0
CD4__CTBS__CD_vs_HC,0.0,0.0
CD4__CSRNP1__UC_vs_HC,0.0,0.0
CD4__CSF1__UC_vs_CD,0.0,0.0
CD4__CRY1__UC_vs_HC,0.0,0.0
CD4__CRIP1__UC_vs_HC,0.0,0.0
CD4__COLEC12__UC_vs_HC,0.0,0.0
CD4__COL5A3__UC_vs_HC,0.0,0.0
CD4__COL5A3__CD_vs_HC,0.0,0.0
CD4__DUSP1__CD_vs_HC,0.0,0.0
CD4__DUSP18__UC_vs_HC,0.0,0.0
CD4__DTHD1__UC_vs_CD,0.0,0.0
CD4__DNPH1__CD_vs_HC,0.0,0.0
CD4__DNAJB1__CD_vs_HC,0.0,0.0
CD4__DHRS3__UC_vs_HC,0.0,0.0
CD4__DESI1__CD_vs_HC,0.0,0.0
CD4__DENND4A__UC_vs_HC,0.0,0.0
CD4__DDX28__CD_vs_HC,0.0,0.0
CD4__DCTPP1__UC_vs_CD,0.0,0.0
CD4__DCAF15__UC_vs_CD,0.0,0.0
CD4__CYSLTR1__UC_vs_HC,0.0,0.0
CD4__CYSLTR1__CD_vs_HC,0.0,0.0
CD4__CXCR4__UC_vs_HC,0.0,0.0
CD4__CXCR3__UC_vs_HC,0.0,0.0
CD4__CXCL8__UC_vs_HC,0.0,0.0
CD4__ETV3__UC_vs_HC,0.0,0.0
CD4__ETS1__CD_vs_HC,0.0,0.0
CD4__ERO1B__UC_vs_CD,0.0,0.0
CD4__ENO2__UC_vs_HC,0.0,0.0
CD4__ENDOV__UC_vs_HC,0.0,0.0
CD4__EMP1__UC_vs_HC,0.0,0.0
CD4__EMP1__CD_vs_HC,0.0,0.0
CD4__EMC6__CD_vs_HC,0.0,0.0
CD4__ELF3__UC_vs_HC,0.0,0.0
CD4__EGR3__UC_vs_HC,0.0,0.0
CD4__EGR1__UC_vs_HC,0.0,0.0
CD4__EGR1__CD_vs_HC,0.0,0.0
CD4__EDEM3__CD_vs_HC,0.0,0.0
CD4__EDARADD__UC_vs_HC,0.0,0.0
CD4__EDARADD__CD_vs_HC,0.0,0.0
CD4__ECH1__UC_vs_CD,0.0,0.0
CD4__FBLIM1__CD_vs_HC,0.0,0.0
CD4__FAM89B__UC_vs_HC,0.0,0.0
CD4__FAM215B__UC_vs_HC,0.0,0.0
CD4__FAM13A__UC_vs_HC,0.0,0.0
CD4__FAM122C__UC_vs_HC,0.0,0.0
CD4__FAM102B__UC_vs_HC,0.0,0.0
CD4__FABP5__UC_vs_HC,0.0,0.0
CD4__FABP5__CD_vs_HC,0.0,0.0
CD4__FABP1__UC_vs_HC,0.0,0.0
CD4__FABP1__UC_vs_CD,0.0,0.0
CD4__FABP1__CD_vs_HC,0.0,0.0
CD4__F5__UC_vs_HC,0.0,0.0
CD4__EZH2__CD_vs_HC,0.0,0.0
CD4__ETV7__UC_vs_HC,0.0,0.0
CD4__ETV7__CD_vs_HC,0.0,0.0
CD4__ETV6__UC_vs_HC,0.0,0.0
CD4__FXYD3__UC_vs_HC,0.0,0.0
CD4__FURIN__UC_vs_HC,0.0,0.0
CD4__FURIN__CD_vs_HC,0.0,0.0
CD4__FSIP1__CD_vs_HC,0.0,0.0
CD4__FOXP3__UC_vs_HC,0.0,0.0
CD4__FOXP3__CD_vs_HC,0.0,0.0
CD4__FOS__UC_vs_HC,0.0,0.0
CD4__FOS__CD_vs_HC,0.0,0.0
CD4__FOSB__UC_vs_HC,0.0,0.0
CD4__FOSB__UC_vs_CD,0.0,0.0
CD4__FOSB__CD_vs_HC,0.0,0.0
CD4__FLNA__UC_vs_CD,0.0,0.0
CD4__FLNA__CD_vs_HC,0.0,0.0
CD4__FCGBP__UC_vs_HC,0.0,0.0
CD4__FBLN7__UC_vs_CD,0.0,0.0
CD4__FBLIM1__UC_vs_HC,0.0,0.0
CD4__GNG4__UC_vs_HC,0.0,0.0
CD4__GNA15__CD_vs_HC,0.0,0.0
CD4__GLCCI1__UC_vs_HC,0.0,0.0
CD4__GLA__CD_vs_HC,0.0,0.0
CD4__GINM1__CD_vs_HC,0.0,0.0
CD4__GGCT__UC_vs_HC,0.0,0.0
CD4__GGCT__UC_vs_CD,0.0,0.0
CD4__GBP5__UC_vs_HC,0.0,0.0
CD4__GBP5__CD_vs_HC,0.0,0.0
CD4__GAPDH__UC_vs_CD,0.0,0.0
CD4__GALNT6__UC_vs_HC,0.0,0.0
CD4__GALNT6__CD_vs_HC,0.0,0.0
CD4__GADD45B__UC_vs_HC,0.0,0.0
CD4__GADD45B__CD_vs_HC,0.0,0.0
CD4__GABARAPL1__UC_vs_HC,0.0,0.0
CD4__G0S2__UC_vs_HC,0.0,0.0
CD4__HBB__UC_vs_HC,0.0,0.0
CD4__HBA2__UC_vs_HC,0.0,0.0
CD4__HBA1__UC_vs_HC,0.0,0.0
CD4__HAVCR2__UC_vs_HC,0.0,0.0
CD4__HAVCR2__UC_vs_CD,0.0,0.0
CD4__GUCA2A__UC_vs_HC,0.0,0.0
CD4__GRWD1__UC_vs_HC,0.0,0.0
CD4__GRK2__CD_vs_HC,0.0,0.0
CD4__GRAMD2B__UC_vs_HC,0.0,0.0
CD4__GRAMD2B__CD_vs_HC,0.0,0.0
CD4__GRAMD1B__CD_vs_HC,0.0,0.0
CD4__GPR183__UC_vs_HC,0.0,0.0
CD4__GPR132__UC_vs_HC,0.0,0.0
CD4__GPR132__UC_vs_CD,0.0,0.0
CD4__GOLIM4__CD_vs_HC,0.0,0.0
CD4__GNG8__UC_vs_HC,0.0,0.0
CD4__ICA1__UC_vs_HC,0.0,0.0
CD4__ICA1__UC_vs_CD,0.0,0.0
CD4__IARS2__CD_vs_HC,0.0,0.0
CD4__HOPX__UC_vs_HC,0.0,0.0
CD4__HOPX__CD_vs_HC,0.0,0.0
CD4__HNRNPUL1__UC_vs_HC,0.0,0.0
CD4__HLA-DRA__CD_vs_HC,0.0,0.0
CD4__HIVEP3__UC_vs_HC,0.0,0.0
CD4__HIVEP3__CD_vs_HC,0.0,0.0
CD4__HIST2H2AC__UC_vs_CD,0.0,0.0
CD4__HIPK2__CD_vs_HC,0.0,0.0
CD4__HIC1__UC_vs_HC,0.0,0.0
CD4__HGSNAT__UC_vs_HC,0.0,0.0
CD4__HEXIM1__UC_vs_CD,0.0,0.0
CD4__HDGFL3__UC_vs_HC,0.0,0.0
CD4__HDGFL3__CD_vs_HC,0.0,0.0
CD4__IL26__CD_vs_HC,0.0,0.0
CD4__IL22__UC_vs_HC,0.0,0.0
CD4__IL1R2__UC_vs_HC,0.0,0.0
CD4__IL1R2__CD_vs_HC,0.0,0.0
CD4__IL1R1__UC_vs_HC,0.0,0.0
CD4__IL1R1__CD_vs_HC,0.0,0.0
CD4__IKZF2__CD_vs_HC,0.0,0.0
CD4__IGLC2__UC_vs_HC,0.0,0.0
CD4__IGHV3-15__UC_vs_HC,0.0,0.0
CD4__IGHG3__UC_vs_HC,0.0,0.0
CD4__IGHG3__CD_vs_HC,0.0,0.0
CD4__IGHG2__CD_vs_HC,0.0,0.0
CD4__IGHG1__UC_vs_HC,0.0,0.0
CD4__IGHG1__CD_vs_HC,0.0,0.0
CD4__IGFBP3__CD_vs_HC,0.0,0.0
CD4__IFI27__UC_vs_HC,0.0,0.0
CD4__KIAA0319L__UC_vs_HC,0.0,0.0
CD4__KIAA0319L__CD_vs_HC,0.0,0.0
CD4__KANSL1-AS1__UC_vs_CD,0.0,0.0
CD4__JAK3__UC_vs_HC,0.0,0.0
CD4__JAK3__CD_vs_HC,0.0,0.0
CD4__IVNS1ABP__UC_vs_HC,0.0,0.0
CD4__ISOC1__CD_vs_HC,0.0,0.0
CD4__IRS2__UC_vs_HC,0.0,0.0
CD4__IQSEC1__CD_vs_HC,0.0,0.0
CD4__INPP1__UC_vs_HC,0.0,0.0
CD4__IL6ST__CD_vs_HC,0.0,0.0
CD4__IL4R__UC_vs_HC,0.0,0.0
CD4__IL4I1__CD_vs_HC,0.0,0.0
CD4__IL2RA__UC_vs_HC,0.0,0.0
CD4__IL2RA__CD_vs_HC,0.0,0.0
CD4__IL26__UC_vs_HC,0.0,0.0
CD4__LGALS1__UC_vs_HC,0.0,0.0
CD4__LGALS1__CD_vs_HC,0.0,0.0
CD4__LAYN__UC_vs_HC,0.0,0.0
CD4__LAYN__CD_vs_HC,0.0,0.0
CD4__LAPTM4B__UC_vs_HC,0.0,0.0
CD4__LAG3__UC_vs_HC,0.0,0.0
CD4__LAG3__UC_vs_CD,0.0,0.0
CD4__KTI12__CD_vs_HC,0.0,0.0
CD4__KRT8__UC_vs_HC,0.0,0.0
CD4__KRT18__UC_vs_HC,0.0,0.0
CD4__KLRG1__CD_vs_HC,0.0,0.0
CD4__KLHL25__UC_vs_HC,0.0,0.0
CD4__KLF6__UC_vs_HC,0.0,0.0
CD4__KLF4__UC_vs_HC,0.0,0.0
CD4__KLF11__UC_vs_HC,0.0,0.0
CD4__KLF10__UC_vs_HC,0.0,0.0
CD4__LY75__UC_vs_HC,0.0,0.0
CD4__LTA__UC_vs_HC,0.0,0.0
CD4__LRRN3__UC_vs_HC,0.0,0.0
CD4__LMNA__UC_vs_HC,0.0,0.0
CD4__LMNA__CD_vs_HC,0.0,0.0
CD4__LINC02384__UC_vs_HC,0.0,0.0
CD4__LINC02195__UC_vs_HC,0.0,0.0
CD4__LINC02195__CD_vs_HC,0.0,0.0
CD4__LINC01943__UC_vs_HC,0.0,0.0
CD4__LINC01480__UC_vs_HC,0.0,0.0
CD4__LINC01281__UC_vs_HC,0.0,0.0
CD4__LINC01229__UC_vs_HC,0.0,0.0
CD4__LINC00467__UC_vs_HC,0.0,0.0
CD4__LIMA1__UC_vs_HC,0.0,0.0
CD4__LGMN__UC_vs_HC,0.0,0.0
CD4__LGALS4__UC_vs_HC,0.0,0.0
CD4__MIDN__UC_vs_HC,0.0,0.0
CD4__MICAL2__UC_vs_HC,0.0,0.0
CD4__MICAL2__CD_vs_HC,0.0,0.0
CD4__METTL15__UC_vs_HC,0.0,0.0
CD4__MED25__UC_vs_HC,0.0,0.0
CD4__MED25__UC_vs_CD,0.0,0.0
CD4__MCL1__UC_vs_HC,0.0,0.0
CD4__MBP__CD_vs_HC,0.0,0.0
CD4__MAPKAP1__CD_vs_HC,0.0,0.0
CD4__MAP3K4__CD_vs_HC,0.0,0.0
CD4__MAP1A__UC_vs_HC,0.0,0.0
CD4__MAN1A1__UC_vs_HC,0.0,0.0
CD4__MAN1A1__CD_vs_HC,0.0,0.0
CD4__MALSU1__CD_vs_HC,0.0,0.0
CD4__MAGEH1__UC_vs_HC,0.0,0.0
CD4__MACC1__UC_vs_HC,0.0,0.0
CD4__MYADM__UC_vs_HC,0.0,0.0
CD4__MYADM__UC_vs_CD,0.0,0.0
CD4__MYADM__CD_vs_HC,0.0,0.0
CD4__MUC12__UC_vs_HC,0.0,0.0
CD4__MT1G__UC_vs_HC,0.0,0.0
CD4__MSH3__UC_vs_HC,0.0,0.0
CD4__MPZL3__UC_vs_HC,0.0,0.0
CD4__MPG__CD_vs_HC,0.0,0.0
CD4__MORF4L2__UC_vs_HC,0.0,0.0
CD4__MOK__UC_vs_HC,0.0,0.0
CD4__MLF1__UC_vs_HC,0.0,0.0
CD4__MLF1__CD_vs_HC,0.0,0.0
CD4__MKI67__UC_vs_HC,0.0,0.0
CD4__MKI67__CD_vs_HC,0.0,0.0
CD4__MIR4435-2HG__UC_vs_HC,0.0,0.0
CD4__MIR4435-2HG__CD_vs_HC,0.0,0.0
CD4__NME1__UC_vs_CD,0.0,0.0
CD4__NKG7__UC_vs_CD,0.0,0.0
CD4__NINJ2__UC_vs_HC,0.0,0.0
CD4__NFKBIB__CD_vs_HC,0.0,0.0
CD4__NEU1__UC_vs_HC,0.0,0.0
CD4__NEU1__CD_vs_HC,0.0,0.0
CD4__NCDN__CD_vs_HC,0.0,0.0
CD4__NCALD__UC_vs_HC,0.0,0.0
CD4__NCALD__UC_vs_CD,0.0,0.0
CD4__NAB1__UC_vs_HC,0.0,0.0
CD4__MZF1-AS1__UC_vs_HC,0.0,0.0
CD4__MZF1-AS1__CD_vs_HC,0.0,0.0
CD4__MZB1__UC_vs_CD,0.0,0.0
CD4__MYO19__UC_vs_HC,0.0,0.0
CD4__MYL6B__UC_vs_HC,0.0,0.0
CD4__MYL6B__UC_vs_CD,0.0,0.0
CD4__PCBP3__UC_vs_HC,0.0,0.0
CD4__PASK__UC_vs_HC,0.0,0.0
CD4__PAK2__CD_vs_HC,0.0,0.0
CD4__PAF1__UC_vs_HC,0.0,0.0
CD4__OTULIN__UC_vs_HC,0.0,0.0
CD4__OAT__UC_vs_HC,0.0,0.0
CD4__NUSAP1__UC_vs_HC,0.0,0.0
CD4__NTRK2__CD_vs_HC,0.0,0.0
CD4__NRIP3__UC_vs_HC,0.0,0.0
CD4__NR4A3__UC_vs_HC,0.0,0.0
CD4__NR4A2__UC_vs_HC,0.0,0.0
CD4__NR4A1__UC_vs_HC,0.0,0.0
CD4__NPTN__CD_vs_HC,0.0,0.0
CD4__NOP14__CD_vs_HC,0.0,0.0
CD4__NOL7__CD_vs_HC,0.0,0.0
CD4__NME3__CD_vs_HC,0.0,0.0
CD4__PLK3__UC_vs_HC,0.0,0.0
CD4__PLAUR__UC_vs_HC,0.0,0.0
CD4__PLAUR__CD_vs_HC,0.0,0.0
CD4__PLAGL1__UC_vs_HC,0.0,0.0
CD4__PKIG__CD_vs_HC,0.0,0.0
CD4__PHGR1__UC_vs_HC,0.0,0.0
CD4__PHGR1__UC_vs_CD,0.0,0.0
CD4__PHF11__CD_vs_HC,0.0,0.0
CD4__PHACTR2__UC_vs_HC,0.0,0.0
CD4__PGAP1__UC_vs_HC,0.0,0.0
CD4__PDP1__UC_vs_HC,0.0,0.0
CD4__PDE7B__UC_vs_HC,0.0,0.0
CD4__PDE4A__UC_vs_HC,0.0,0.0
CD4__PDE4A__CD_vs_HC,0.0,0.0
CD4__PDE3B__CD_vs_HC,0.0,0.0
CD4__PCK1__UC_vs_HC,0.0,0.0
CD4__PTPRJ__UC_vs_HC,0.0,0.0
CD4__PTPN13__UC_vs_HC,0.0,0.0
CD4__PTPN13__CD_vs_HC,0.0,0.0
CD4__PTPN11__UC_vs_HC,0.0,0.0
CD4__PTMS__UC_vs_CD,0.0,0.0
CD4__PTGIR__UC_vs_HC,0.0,0.0
CD4__PTEN__UC_vs_HC,0.0,0.0
CD4__PTEN__CD_vs_HC,0.0,0.0
CD4__PSTPIP2__UC_vs_HC,0.0,0.0
CD4__PRNP__UC_vs_HC,0.0,0.0
CD4__PRKCA__UC_vs_HC,0.0,0.0
CD4__PRDM1__UC_vs_HC,0.0,0.0
CD4__PPP1R15A__UC_vs_HC,0.0,0.0
CD4__POMC__CD_vs_HC,0.0,0.0
CD4__PNP__UC_vs_HC,0.0,0.0
CD4__PMVK__UC_vs_HC,0.0,0.0
CD4__RNF144B__CD_vs_HC,0.0,0.0
CD4__RNF139__UC_vs_HC,0.0,0.0
CD4__RNF125__UC_vs_HC,0.0,0.0
CD4__RHOC__UC_vs_CD,0.0,0.0
CD4__RGS6__UC_vs_HC,0.0,0.0
CD4__RGS2__UC_vs_HC,0.0,0.0
CD4__RGS2__CD_vs_HC,0.0,0.0
CD4__RGS16__UC_vs_HC,0.0,0.0
CD4__RGPD2__UC_vs_HC,0.0,0.0
CD4__RER1__CD_vs_HC,0.0,0.0
CD4__RDH10__UC_vs_HC,0.0,0.0
CD4__RDH10__UC_vs_CD,0.0,0.0
CD4__RASA1__CD_vs_HC,0.0,0.0
CD4__RARA__UC_vs_CD,0.0,0.0
CD4__RALGAPA1__UC_vs_HC,0.0,0.0
CD4__RAB10__CD_vs_HC,0.0,0.0
CD4__SIK1B__UC_vs_HC,0.0,0.0
CD4__SIDT1-AS1__UC_vs_HC,0.0,0.0
CD4__SH3TC1__CD_vs_HC,0.0,0.0
CD4__SGO1__UC_vs_HC,0.0,0.0
CD4__SGK3__UC_vs_HC,0.0,0.0
CD4__SFXN3__UC_vs_HC,0.0,0.0
CD4__SETBP1__UC_vs_HC,0.0,0.0
CD4__SESN2__UC_vs_HC,0.0,0.0
CD4__SELL__UC_vs_HC,0.0,0.0
CD4__SELL__CD_vs_HC,0.0,0.0
CD4__SELENBP1__UC_vs_HC,0.0,0.0
CD4__SAMSN1__UC_vs_HC,0.0,0.0
CD4__RTKN2__UC_vs_HC,0.0,0.0
CD4__RRP12__UC_vs_HC,0.0,0.0
CD4__RRAS__CD_vs_HC,0.0,0.0
CD4__RNF144B__UC_vs_HC,0.0,0.0
CD4__SOX4__UC_vs_HC,0.0,0.0
CD4__SOX4__CD_vs_HC,0.0,0.0
CD4__SNIP1__UC_vs_CD,0.0,0.0
CD4__SNIP1__CD_vs_HC,0.0,0.0
CD4__SMCO4__UC_vs_HC,0.0,0.0
CD4__SMCO4__CD_vs_HC,0.0,0.0
CD4__SMARCD1__CD_vs_HC,0.0,0.0
CD4__SMAP2__UC_vs_HC,0.0,0.0
CD4__SMAP2__CD_vs_HC,0.0,0.0
CD4__SLFN11__UC_vs_HC,0.0,0.0
CD4__SLC35A2__UC_vs_HC,0.0,0.0
CD4__SLC26A3__UC_vs_HC,0.0,0.0
CD4__SLC25A32__UC_vs_CD,0.0,0.0
CD4__SLC1A5__UC_vs_HC,0.0,0.0
CD4__SLAMF7__UC_vs_HC,0.0,0.0
CD4__SKI__UC_vs_CD,0.0,0.0
CD4__TBC1D19__UC_vs_HC,0.0,0.0
CD4__TAGAP__UC_vs_HC,0.0,0.0
CD4__SYT11__UC_vs_HC,0.0,0.0
CD4__SYT11__CD_vs_HC,0.0,0.0
CD4__SYNC__UC_vs_HC,0.0,0.0
CD4__SYNC__CD_vs_HC,0.0,0.0
CD4__SUN1__UC_vs_HC,0.0,0.0
CD4__STK16__UC_vs_HC,0.0,0.0
CD4__STK16__UC_vs_CD,0.0,0.0
CD4__SSBP2__UC_vs_HC,0.0,0.0
CD4__SREBF2__UC_vs_HC,0.0,0.0
CD4__SREBF2__CD_vs_HC,0.0,0.0
CD4__SPRY1__UC_vs_HC,0.0,0.0
CD4__SPINK2__UC_vs_HC,0.0,0.0
CD4__SPINK2__CD_vs_HC,0.0,0.0
CD4__SPART__UC_vs_HC,0.0,0.0
CD4__TNFAIP3__UC_vs_HC,0.0,0.0
CD4__TMPRSS3__UC_vs_HC,0.0,0.0
CD4__TMPO__CD_vs_HC,0.0,0.0
CD4__TMEM70__UC_vs_CD,0.0,0.0
CD4__TMEM70__CD_vs_HC,0.0,0.0
CD4__TMEM67__UC_vs_HC,0.0,0.0
CD4__TMEM140__UC_vs_HC,0.0,0.0
CD4__TLNRD1__UC_vs_HC,0.0,0.0
CD4__TIFA__UC_vs_HC,0.0,0.0
CD4__TIFA__CD_vs_HC,0.0,0.0
CD4__THADA__UC_vs_HC,0.0,0.0
CD4__TGFBI__UC_vs_HC,0.0,0.0
CD4__TFF3__UC_vs_HC,0.0,0.0
CD4__TESC__UC_vs_HC,0.0,0.0
CD4__TESC__CD_vs_HC,0.0,0.0
CD4__TBC1D31__UC_vs_HC,0.0,0.0
CD4__TPX2__UC_vs_HC,0.0,0.0
CD4__TPD52__UC_vs_HC,0.0,0.0
CD4__TP53INP1__UC_vs_HC,0.0,0.0
CD4__TP53INP1__CD_vs_HC,0.0,0.0
CD4__TOX__UC_vs_HC,0.0,0.0
CD4__TOX__UC_vs_CD,0.0,0.0
CD4__TOX2__UC_vs_HC,0.0,0.0
CD4__TOP2A__UC_vs_HC,0.0,0.0
CD4__TOP2A__CD_vs_HC,0.0,0.0
CD4__TOP1__CD_vs_HC,0.0,0.0
CD4__TOGARAM2__UC_vs_HC,0.0,0.0
CD4__TNIP3__UC_vs_HC,0.0,0.0
CD4__TNFSF14__UC_vs_HC,0.0,0.0
CD4__TNFRSF4__CD_vs_HC,0.0,0.0
CD4__TNFRSF25__CD_vs_HC,0.0,0.0
CD4__TNFRSF18__CD_vs_HC,0.0,0.0
CD4__TUBA1A__UC_vs_HC,0.0,0.0
CD4__TUBA1A__CD_vs_HC,0.0,0.0
CD4__TSPOAP1-AS1__UC_vs_HC,0.0,0.0
CD4__TSPAN8__UC_vs_HC,0.0,0.0
CD4__TSC22D3__UC_vs_HC,0.0,0.0
CD4__TSC22D2__UC_vs_HC,0.0,0.0
CD4__TRPS1__UC_vs_HC,0.0,0.0
CD4__TRPS1__CD_vs_HC,0.0,0.0
CD4__TRMT6__UC_vs_HC,0.0,0.0
CD4__TRIM59__UC_vs_HC,0.0,0.0
CD4__TRIM39__UC_vs_HC,0.0,0.0
CD4__TRIM37__CD_vs_HC,0.0,0.0
CD4__TRIB2__UC_vs_HC,0.0,0.0
CD4__TRGC2__CD_vs_HC,0.0,0.0
CD4__TRERF1__CD_vs_HC,0.0,0.0
CD4__TRAF3__UC_vs_HC,0.0,0.0
CD4__VTI1B__CD_vs_HC,0.0,0.0
CD4__VDR__UC_vs_HC,0.0,0.0
CD4__USP51__UC_vs_HC,0.0,0.0
CD4__USF2__CD_vs_HC,0.0,0.0
CD4__UGCG__CD_vs_HC,0.0,0.0
CD4__UBXN11__UC_vs_HC,0.0,0.0
CD4__UBXN10-AS1__UC_vs_HC,0.0,0.0
CD4__UBXN10-AS1__CD_vs_HC,0.0,0.0
CD4__TXK__UC_vs_HC,0.0,0.0
CD4__TWIST1__UC_vs_HC,0.0,0.0
CD4__TUBB4B__UC_vs_HC,0.0,0.0
CD4__TUBB2A__UC_vs_HC,0.0,0.0
CD4__TUBB2A__UC_vs_CD,0.0,0.0
CD4__TUBA4A__CD_vs_HC,0.0,0.0
CD4__TUBA1B__UC_vs_HC,0.0,0.0
CD4__TUBA1B__CD_vs_HC,0.0,0.0
CD4__ZNF165__CD_vs_HC,0.0,0.0
CD4__ZG16__UC_vs_HC,0.0,0.0
CD4__ZFP36__UC_vs_HC,0.0,0.0
CD4__ZFP36__CD_vs_HC,0.0,0.0
CD4__ZEB2__UC_vs_HC,0.0,0.0
CD4__ZBTB49__UC_vs_HC,0.0,0.0
CD4__ZBTB43__UC_vs_HC,0.0,0.0
CD4__Z93241.1__UC_vs_HC,0.0,0.0
CD4__Z93241.1__CD_vs_HC,0.0,0.0
CD4__YTHDC2__CD_vs_HC,0.0,0.0
CD4__YPEL5__UC_vs_HC,0.0,0.0
CD4__YPEL5__CD_vs_HC,0.0,0.0
CD4__YPEL4__UC_vs_HC,0.0,0.0
CD4__XPO4__UC_vs_HC,0.0,0.0
CD4__WDR47__UC_vs_HC,0.0,0.0
CD4__WDR45B__UC_vs_CD,0.0,0.0
CD8__AC022706.1__CD_vs_HC,0.0,0.0
CD8__AC016831.7__UC_vs_CD,0.0,0.0
CD8__AC016831.5__UC_vs_HC,0.0,0.0
CD8__AC007349.2__UC_vs_HC,0.0,0.0
CD8__AC004585.1__UC_vs_HC,0.0,0.0
CD8__ABCB1__UC_vs_HC,0.0,0.0
CD4__ZSCAN18__UC_vs_HC,0.0,0.0
CD4__ZNRF1__UC_vs_HC,0.0,0.0
CD4__ZNRF1__CD_vs_HC,0.0,0.0
CD4__ZNF584__UC_vs_HC,0.0,0.0
CD4__ZNF571__CD_vs_HC,0.0,0.0
CD4__ZNF567__CD_vs_HC,0.0,0.0
CD4__ZNF331__CD_vs_HC,0.0,0.0
CD4__ZNF282__UC_vs_HC,0.0,0.0
CD4__ZNF281__UC_vs_HC,0.0,0.0
CD4__ZNF165__UC_vs_HC,0.0,0.0
CD8__ANK3__UC_vs_HC,0.0,0.0
CD8__AL121944.1__UC_vs_HC,0.0,0.0
CD8__AL031280.1__UC_vs_HC,0.0,0.0
CD8__AKAP1__UC_vs_HC,0.0,0.0
CD8__AIF1__CD_vs_HC,0.0,0.0
CD8__AHRR__UC_vs_HC,0.0,0.0
CD8__AGTPBP1__CD_vs_HC,0.0,0.0
CD8__AFF3__UC_vs_HC,0.0,0.0
CD8__ADRB1__UC_vs_HC,0.0,0.0
CD8__ADPRHL2__CD_vs_HC,0.0,0.0
CD8__ADAM28__UC_vs_HC,0.0,0.0
CD8__ADAM28__CD_vs_HC,0.0,0.0
CD8__ADAM19__UC_vs_HC,0.0,0.0
CD8__ADAM19__CD_vs_HC,0.0,0.0
CD8__ADAM12__UC_vs_HC,0.0,0.0
CD8__ADAM12__CD_vs_HC,0.0,0.0
CD8__CADM1__UC_vs_HC,0.0,0.0
CD8__CAAP1__CD_vs_HC,0.0,0.0
CD8__CA10__UC_vs_HC,0.0,0.0
CD8__C16orf87__UC_vs_HC,0.0,0.0
CD8__BLZF1__UC_vs_HC,0.0,0.0
CD8__BLVRA__UC_vs_HC,0.0,0.0
CD8__BIRC5__UC_vs_HC,0.0,0.0
CD8__BCL9L__CD_vs_HC,0.0,0.0
CD8__BAIAP2__UC_vs_HC,0.0,0.0
CD8__ATP8B4__UC_vs_HC,0.0,0.0
CD8__ATF7IP2__UC_vs_HC,0.0,0.0
CD8__ATF7IP2__CD_vs_HC,0.0,0.0
CD8__ARGLU1__CD_vs_HC,0.0,0.0
CD8__APOL2__UC_vs_HC,0.0,0.0
CD8__APOBEC3G__UC_vs_HC,0.0,0.0
CD8__ANKRD28__UC_vs_HC,0.0,0.0
CD8__CD4__UC_vs_HC,0.0,0.0
CD8__CD38__UC_vs_HC,0.0,0.0
CD8__CD2AP__CD_vs_HC,0.0,0.0
CD8__CD27__UC_vs_HC,0.0,0.0
CD8__CD248__UC_vs_HC,0.0,0.0
CD8__CD160__UC_vs_HC,0.0,0.0
CD8__CD160__CD_vs_HC,0.0,0.0
CD8__CD101__UC_vs_HC,0.0,0.0
CD8__CCRL2__UC_vs_HC,0.0,0.0
CD8__CCRL2__CD_vs_HC,0.0,0.0
CD8__CCR6__CD_vs_HC,0.0,0.0
CD8__CCR4__UC_vs_HC,0.0,0.0
CD8__CCL3__UC_vs_CD,0.0,0.0
CD8__CCL20__UC_vs_HC,0.0,0.0
CD8__CCDC167__UC_vs_HC,0.0,0.0
CD8__CAV1__UC_vs_HC,0.0,0.0
CD8__CTLA4__UC_vs_HC,0.0,0.0
CD8__CTH__UC_vs_HC,0.0,0.0
CD8__CSNK1G2__CD_vs_HC,0.0,0.0
CD8__COQ7__CD_vs_HC,0.0,0.0
CD8__COL5A3__UC_vs_HC,0.0,0.0
CD8__CMC1__UC_vs_HC,0.0,0.0
CD8__CLDN7__UC_vs_HC,0.0,0.0
CD8__CLASP2__UC_vs_HC,0.0,0.0
CD8__CHPT1__UC_vs_HC,0.0,0.0
CD8__CHI3L2__UC_vs_HC,0.0,0.0
CD8__CDK6__CD_vs_HC,0.0,0.0
CD8__CDIP1__UC_vs_HC,0.0,0.0
CD8__CD9__UC_vs_HC,0.0,0.0
CD8__CD96__UC_vs_HC,0.0,0.0
CD8__CD81__UC_vs_HC,0.0,0.0
CD8__CD79B__UC_vs_HC,0.0,0.0
CD8__ERN1__UC_vs_HC,0.0,0.0
CD8__ERN1__CD_vs_HC,0.0,0.0
CD8__EOMES__UC_vs_HC,0.0,0.0
CD8__ENC1__UC_vs_HC,0.0,0.0
CD8__ELK3__UC_vs_HC,0.0,0.0
CD8__ELF3__UC_vs_HC,0.0,0.0
CD8__EFHD2__UC_vs_HC,0.0,0.0
CD8__DPP4__CD_vs_HC,0.0,0.0
CD8__DNPH1__CD_vs_HC,0.0,0.0
CD8__DGKD__UC_vs_HC,0.0,0.0
CD8__CXCL13__UC_vs_HC,0.0,0.0
CD8__CX3CR1__UC_vs_HC,0.0,0.0
CD8__CTSH__UC_vs_HC,0.0,0.0
CD8__CTSH__CD_vs_HC,0.0,0.0
CD8__CTSB__UC_vs_HC,0.0,0.0
CD8__CTSB__CD_vs_HC,0.0,0.0
CD8__FGF9__UC_vs_HC,0.0,0.0
CD8__FCGR3A__UC_vs_HC,0.0,0.0
CD8__FAM49A__UC_vs_HC,0.0,0.0
CD8__FAM215B__UC_vs_HC,0.0,0.0
CD8__FAM107B__UC_vs_HC,0.0,0.0
CD8__FAM104B__CD_vs_HC,0.0,0.0
CD8__FAM102B__UC_vs_HC,0.0,0.0
CD8__FABP5__UC_vs_HC,0.0,0.0
CD8__FABP1__UC_vs_HC,0.0,0.0
CD8__FABP1__CD_vs_HC,0.0,0.0
CD8__F2R__UC_vs_HC,0.0,0.0
CD8__EZH2__UC_vs_HC,0.0,0.0
CD8__EZH2__CD_vs_HC,0.0,0.0
CD8__ETV7__UC_vs_HC,0.0,0.0
CD8__ETV7__CD_vs_HC,0.0,0.0
CD8__ETS1__CD_vs_HC,0.0,0.0
CD8__GK__UC_vs_HC,0.0,0.0
CD8__GINS2__UC_vs_HC,0.0,0.0
CD8__GIMAP7__UC_vs_HC,0.0,0.0
CD8__GIMAP7__UC_vs_CD,0.0,0.0
CD8__GIMAP4__UC_vs_HC,0.0,0.0
CD8__GIMAP4__UC_vs_CD,0.0,0.0
CD8__GCNT1__CD_vs_HC,0.0,0.0
CD8__GABARAPL1__UC_vs_HC,0.0,0.0
CD8__FXYD3__UC_vs_HC,0.0,0.0
CD8__FURIN__CD_vs_HC,0.0,0.0
CD8__FRMD4B__UC_vs_HC,0.0,0.0
CD8__FOS__UC_vs_HC,0.0,0.0
CD8__FOSB__UC_vs_HC,0.0,0.0
CD8__FLNA__CD_vs_HC,0.0,0.0
CD8__FKBP5__CD_vs_HC,0.0,0.0
CD8__FGFBP2__UC_vs_HC,0.0,0.0
CD8__HAVCR2__UC_vs_HC,0.0,0.0
CD8__HAVCR2__UC_vs_CD,0.0,0.0
CD8__HAPLN3__UC_vs_HC,0.0,0.0
CD8__HAPLN3__CD_vs_HC,0.0,0.0
CD8__GZMK__UC_vs_HC,0.0,0.0
CD8__GZMK__UC_vs_CD,0.0,0.0
CD8__GZMH__UC_vs_HC,0.0,0.0
CD8__GZMH__UC_vs_CD,0.0,0.0
CD8__GZMB__UC_vs_HC,0.0,0.0
CD8__GRK2__CD_vs_HC,0.0,0.0
CD8__GRAMD1B__CD_vs_HC,0.0,0.0
CD8__GPR34__UC_vs_HC,0.0,0.0
CD8__GPR15__UC_vs_HC,0.0,0.0
CD8__GNA15__UC_vs_HC,0.0,0.0
CD8__GNA15__CD_vs_HC,0.0,0.0
CD8__GLA__CD_vs_HC,0.0,0.0
CD8__IGHG2__CD_vs_HC,0.0,0.0
CD8__IGHG1__UC_vs_HC,0.0,0.0
CD8__IGHG1__CD_vs_HC,0.0,0.0
CD8__IGFBP4__UC_vs_HC,0.0,0.0
CD8__IFITM3__UC_vs_HC,0.0,0.0
CD8__IFI6__CD_vs_HC,0.0,0.0
CD8__ID2__UC_vs_HC,0.0,0.0
CD8__HOTAIRM1__CD_vs_HC,0.0,0.0
CD8__HOPX__UC_vs_HC,0.0,0.0
CD8__HOPX__CD_vs_HC,0.0,0.0
CD8__HMGB3__UC_vs_HC,0.0,0.0
CD8__HIST1H2BJ__UC_vs_HC,0.0,0.0
CD8__HIC1__UC_vs_HC,0.0,0.0
CD8__HDGFL3__UC_vs_HC,0.0,0.0
CD8__HBB__UC_vs_HC,0.0,0.0
CD8__HBB__UC_vs_CD,0.0,0.0
CD8__JAK3__UC_vs_HC,0.0,0.0
CD8__ITM2A__CD_vs_HC,0.0,0.0
CD8__ITGB2-AS1__UC_vs_HC,0.0,0.0
CD8__ITGAX__UC_vs_HC,0.0,0.0
CD8__ITGA1__UC_vs_HC,0.0,0.0
CD8__IQSEC1__CD_vs_HC,0.0,0.0
CD8__IL9R__UC_vs_HC,0.0,0.0
CD8__IL9R__CD_vs_HC,0.0,0.0
CD8__IL2RA__UC_vs_HC,0.0,0.0
CD8__IL26__UC_vs_HC,0.0,0.0
CD8__IL26__CD_vs_HC,0.0,0.0
CD8__IL22__UC_vs_HC,0.0,0.0
CD8__IL17A__UC_vs_HC,0.0,0.0
CD8__IGHG4__UC_vs_HC,0.0,0.0
CD8__IGHG3__UC_vs_HC,0.0,0.0
CD8__IGHG3__CD_vs_HC,0.0,0.0
CD8__KRT8__UC_vs_HC,0.0,0.0
CD8__KRT18__UC_vs_HC,0.0,0.0
CD8__KMT5C__UC_vs_HC,0.0,0.0
CD8__KLRG1__UC_vs_HC,0.0,0.0
CD8__KLRG1__UC_vs_CD,0.0,0.0
CD8__KLRF1__UC_vs_HC,0.0,0.0
CD8__KLRF1__CD_vs_HC,0.0,0.0
CD8__KLRC2__UC_vs_HC,0.0,0.0
CD8__KLHL23__UC_vs_HC,0.0,0.0
CD8__KLF3__UC_vs_HC,0.0,0.0
CD8__KLF2__UC_vs_HC,0.0,0.0
CD8__KLF2__CD_vs_HC,0.0,0.0
CD8__KIF2A__UC_vs_HC,0.0,0.0
CD8__KIF2A__CD_vs_HC,0.0,0.0
CD8__KIAA1671__UC_vs_HC,0.0,0.0
CD8__JAKMIP1__UC_vs_HC,0.0,0.0
CD8__LTB__UC_vs_CD,0.0,0.0
CD8__LTB__CD_vs_HC,0.0,0.0
CD8__LRRN3__UC_vs_HC,0.0,0.0
CD8__LMNB1__UC_vs_HC,0.0,0.0
CD8__LMNB1__CD_vs_HC,0.0,0.0
CD8__LMNA__UC_vs_HC,0.0,0.0
CD8__LINC02084__UC_vs_HC,0.0,0.0
CD8__LINC01943__UC_vs_HC,0.0,0.0
CD8__LINC01943__CD_vs_HC,0.0,0.0
CD8__LINC00861__UC_vs_HC,0.0,0.0
CD8__LINC00685__UC_vs_HC,0.0,0.0
CD8__LGALS4__UC_vs_HC,0.0,0.0
CD8__LGALS1__CD_vs_HC,0.0,0.0
CD8__LFNG__CD_vs_HC,0.0,0.0
CD8__LDLRAD4__UC_vs_HC,0.0,0.0
CD8__LDLRAD4__UC_vs_CD,0.0,0.0
CD8__MSH3__UC_vs_HC,0.0,0.0
CD8__MROH1__UC_vs_HC,0.0,0.0
CD8__MLF1__UC_vs_HC,0.0,0.0
CD8__MLF1__CD_vs_HC,0.0,0.0
CD8__MKI67__UC_vs_HC,0.0,0.0
CD8__MIR155HG__UC_vs_HC,0.0,0.0
CD8__MICB__UC_vs_HC,0.0,0.0
CD8__MICAL2__UC_vs_HC,0.0,0.0
CD8__MICAL2__CD_vs_HC,0.0,0.0
CD8__MGAT2__CD_vs_HC,0.0,0.0
CD8__MAP3K4__CD_vs_HC,0.0,0.0
CD8__MAP1A__UC_vs_HC,0.0,0.0
CD8__MAL__UC_vs_HC,0.0,0.0
CD8__MAF__UC_vs_HC,0.0,0.0
CD8__LYST__UC_vs_HC,0.0,0.0
CD8__LY96__UC_vs_HC,0.0,0.0
CD8__NINJ2__UC_vs_HC,0.0,0.0
CD8__NFKBIB__CD_vs_HC,0.0,0.0
CD8__NEU1__UC_vs_HC,0.0,0.0
CD8__NECTIN3__UC_vs_HC,0.0,0.0
CD8__NCDN__UC_vs_HC,0.0,0.0
CD8__NCDN__CD_vs_HC,0.0,0.0
CD8__NAF1__CD_vs_HC,0.0,0.0
CD8__N4BP2__CD_vs_HC,0.0,0.0
CD8__MYO1E__UC_vs_HC,0.0,0.0
CD8__MYB__UC_vs_HC,0.0,0.0
CD8__MYADM__UC_vs_HC,0.0,0.0
CD8__MYADM__UC_vs_CD,0.0,0.0
CD8__MXD1__UC_vs_HC,0.0,0.0
CD8__MXD1__CD_vs_HC,0.0,0.0
CD8__MTSS1__UC_vs_HC,0.0,0.0
CD8__MT2A__UC_vs_HC,0.0,0.0
CD8__PDK3__CD_vs_HC,0.0,0.0
CD8__PDE4A__UC_vs_HC,0.0,0.0
CD8__PDE4A__UC_vs_CD,0.0,0.0
CD8__PCLAF__UC_vs_HC,0.0,0.0
CD8__PAK2__CD_vs_HC,0.0,0.0
CD8__PACSIN2__UC_vs_HC,0.0,0.0
CD8__PACSIN2__CD_vs_HC,0.0,0.0
CD8__P2RY8__UC_vs_HC,0.0,0.0
CD8__P2RY8__CD_vs_HC,0.0,0.0
CD8__OAT__UC_vs_HC,0.0,0.0
CD8__NR4A3__UC_vs_CD,0.0,0.0
CD8__NR3C1__UC_vs_HC,0.0,0.0
CD8__NOL7__CD_vs_HC,0.0,0.0
CD8__NMUR1__UC_vs_HC,0.0,0.0
CD8__NKG7__UC_vs_HC,0.0,0.0
CD8__NKG7__UC_vs_CD,0.0,0.0
CD8__PRMT9__UC_vs_CD,0.0,0.0
CD8__PRKCA__UC_vs_HC,0.0,0.0
CD8__PRKCA__CD_vs_HC,0.0,0.0
CD8__PRF1__UC_vs_HC,0.0,0.0
CD8__PPP1R14B__UC_vs_HC,0.0,0.0
CD8__PPFIBP1__UC_vs_HC,0.0,0.0
CD8__POLR2J3-1__UC_vs_HC,0.0,0.0
CD8__PMAIP1__UC_vs_CD,0.0,0.0
CD8__PLXNC1__UC_vs_HC,0.0,0.0
CD8__PLXNC1__CD_vs_HC,0.0,0.0
CD8__PLXDC1__UC_vs_HC,0.0,0.0
CD8__PLSCR1__UC_vs_HC,0.0,0.0
CD8__PLEK__UC_vs_HC,0.0,0.0
CD8__PLCG2__UC_vs_CD,0.0,0.0
CD8__PHF11__CD_vs_HC,0.0,0.0
CD8__PHACTR2__UC_vs_HC,0.0,0.0
CD8__S1PR5__UC_vs_HC,0.0,0.0
CD8__S1PR1__UC_vs_HC,0.0,0.0
CD8__S1PR1__CD_vs_HC,0.0,0.0
CD8__S100A9__UC_vs_HC,0.0,0.0
CD8__RUNX2__UC_vs_HC,0.0,0.0
CD8__RUNX2__CD_vs_HC,0.0,0.0
CD8__RRP12__UC_vs_HC,0.0,0.0
CD8__RPGR__UC_vs_HC,0.0,0.0
CD8__RNF19A__UC_vs_HC,0.0,0.0
CD8__RIPOR2__UC_vs_HC,0.0,0.0
CD8__RGS9__UC_vs_HC,0.0,0.0
CD8__RELL1__CD_vs_HC,0.0,0.0
CD8__RANBP2__UC_vs_HC,0.0,0.0
CD8__RAMP1__UC_vs_HC,0.0,0.0
CD8__RAB33A__CD_vs_HC,0.0,0.0
CD8__PRMT9__UC_vs_HC,0.0,0.0
CD8__SPTLC2__CD_vs_HC,0.0,0.0
CD8__SPRY1__UC_vs_HC,0.0,0.0
CD8__SPOCK2__CD_vs_HC,0.0,0.0
CD8__SOX4__UC_vs_HC,0.0,0.0
CD8__SOX4__CD_vs_HC,0.0,0.0
CD8__SMAP2__UC_vs_HC,0.0,0.0
CD8__SMAP2__CD_vs_HC,0.0,0.0
CD8__SLC4A10__CD_vs_HC,0.0,0.0
CD8__SLC25A15__UC_vs_HC,0.0,0.0
CD8__SLC16A3__UC_vs_HC,0.0,0.0
CD8__SH2D1A__UC_vs_HC,0.0,0.0
CD8__SELL__UC_vs_HC,0.0,0.0
CD8__SELL__CD_vs_HC,0.0,0.0
CD8__SEC14L6__UC_vs_HC,0.0,0.0
CD8__SAMD9L__UC_vs_HC,0.0,0.0
CD8__SAMD3__UC_vs_HC,0.0,0.0
CD8__TNFRSF4__CD_vs_HC,0.0,0.0
CD8__TNFRSF25__CD_vs_HC,0.0,0.0
CD8__TMPO__CD_vs_HC,0.0,0.0
CD8__TMEM70__CD_vs_HC,0.0,0.0
CD8__TMEM67__UC_vs_HC,0.0,0.0
CD8__TMEM267__UC_vs_HC,0.0,0.0
CD8__TK1__UC_vs_HC,0.0,0.0
CD8__TIMD4__UC_vs_HC,0.0,0.0
CD8__TIAM1__UC_vs_HC,0.0,0.0
CD8__THEMIS2__UC_vs_HC,0.0,0.0
CD8__THBS1__UC_vs_HC,0.0,0.0
CD8__TGFBR3__CD_vs_HC,0.0,0.0
CD8__TCTEX1D2__UC_vs_HC,0.0,0.0
CD8__SYNM__UC_vs_HC,0.0,0.0
CD8__STX6__CD_vs_HC,0.0,0.0
CD8__STK39__UC_vs_HC,0.0,0.0
CD8__ZNF571__UC_vs_HC,0.0,0.0
CD8__ZNF16__UC_vs_HC,0.0,0.0
CD8__ZG16__UC_vs_HC,0.0,0.0
CD8__ZDHHC20__CD_vs_HC,0.0,0.0
CD8__WSB2__UC_vs_HC,0.0,0.0
CD8__WIPF2__UC_vs_HC,0.0,0.0
CD8__VDR__UC_vs_HC,0.0,0.0
CD8__USP28__UC_vs_HC,0.0,0.0
CD8__ULK4__UC_vs_HC,0.0,0.0
CD8__UBA5__CD_vs_HC,0.0,0.0
CD8__TSPAN2__UC_vs_HC,0.0,0.0
CD8__TRGC1__UC_vs_HC,0.0,0.0
CD8__TOP2A__UC_vs_HC,0.0,0.0
CD8__TNFSF14__UC_vs_HC,0.0,0.0
CD8__TNFSF13B__UC_vs_HC,0.0,0.0
CD8__TNFSF13B__CD_vs_HC,0.0,0.0
Colonocytes__ABHD2__CD_vs_HC,0.0,0.0
Colonocytes__ABCG2__UC_vs_HC,0.0,0.0
Colonocytes__ABCG2__CD_vs_HC,0.0,0.0
Colonocytes__ABCD3__UC_vs_HC,0.0,0.0
Colonocytes__ABCD3__UC_vs_CD,0.0,0.0
Colonocytes__ABCC1__CD_vs_HC,0.0,0.0
Colonocytes__ABCB1__UC_vs_HC,0.0,0.0
Colonocytes__ABCB1__CD_vs_HC,0.0,0.0
Colonocytes__ABCA12__UC_vs_HC,0.0,0.0
Colonocytes__AAMDC__UC_vs_HC,0.0,0.0
Colonocytes__AAK1__UC_vs_HC,0.0,0.0
Colonocytes__AAK1__UC_vs_CD,0.0,0.0
Colonocytes__A1CF__UC_vs_HC,0.0,0.0
CD8__ZWINT__UC_vs_HC,0.0,0.0
CD8__ZNRF1__UC_vs_HC,0.0,0.0
CD8__ZNRF1__CD_vs_HC,0.0,0.0
Colonocytes__ACPP__UC_vs_HC,0.0,0.0
Colonocytes__ACOX1__UC_vs_HC,0.0,0.0
Colonocytes__ACOT8__UC_vs_HC,0.0,0.0
Colonocytes__ACOT8__CD_vs_HC,0.0,0.0
Colonocytes__ACOT13__UC_vs_HC,0.0,0.0
Colonocytes__ACO2__UC_vs_HC,0.0,0.0
Colonocytes__ACADS__UC_vs_HC,0.0,0.0
Colonocytes__ACADM__UC_vs_HC,0.0,0.0
Colonocytes__ACADM__CD_vs_HC,0.0,0.0
Colonocytes__ACAA1__UC_vs_HC,0.0,0.0
Colonocytes__ACAA1__CD_vs_HC,0.0,0.0
Colonocytes__AC126178.1__CD_vs_HC,0.0,0.0
Colonocytes__AC087239.1__CD_vs_HC,0.0,0.0
Colonocytes__ABRACL__UC_vs_HC,0.0,0.0
Colonocytes__ABLIM1__UC_vs_HC,0.0,0.0
Colonocytes__ABHD2__UC_vs_HC,0.0,0.0
Colonocytes__AGR2__UC_vs_HC,0.0,0.0
Colonocytes__AGPAT4__UC_vs_HC,0.0,0.0
Colonocytes__AGPAT4__CD_vs_HC,0.0,0.0
Colonocytes__ADSS__UC_vs_HC,0.0,0.0
Colonocytes__ADSS__CD_vs_HC,0.0,0.0
Colonocytes__ADIRF__UC_vs_HC,0.0,0.0
Colonocytes__ADH1C__UC_vs_CD,0.0,0.0
Colonocytes__ADGRG6__UC_vs_HC,0.0,0.0
Colonocytes__ADAM9__UC_vs_HC,0.0,0.0
Colonocytes__ADAM9__UC_vs_CD,0.0,0.0
Colonocytes__ADAM15__UC_vs_HC,0.0,0.0
Colonocytes__ACTN1__UC_vs_HC,0.0,0.0
Colonocytes__ACSS1__CD_vs_HC,0.0,0.0
Colonocytes__ACSL3__CD_vs_HC,0.0,0.0
Colonocytes__ACSF2__UC_vs_HC,0.0,0.0
Colonocytes__ACSF2__CD_vs_HC,0.0,0.0
Colonocytes__ANK3__UC_vs_HC,0.0,0.0
Colonocytes__ANGPTL4__UC_vs_HC,0.0,0.0
Colonocytes__ANGPTL4__CD_vs_HC,0.0,0.0
Colonocytes__ANAPC11__CD_vs_HC,0.0,0.0
Colonocytes__AMACR__CD_vs_HC,0.0,0.0
Colonocytes__ALDH3B1__UC_vs_HC,0.0,0.0
Colonocytes__ALDH1L1__UC_vs_HC,0.0,0.0
Colonocytes__ALDH1L1__CD_vs_HC,0.0,0.0
Colonocytes__ALDH18A1__UC_vs_HC,0.0,0.0
Colonocytes__AL139246.5__CD_vs_HC,0.0,0.0
Colonocytes__AL133453.1__UC_vs_HC,0.0,0.0
Colonocytes__AL021707.6__UC_vs_HC,0.0,0.0
Colonocytes__AKR1B10__UC_vs_HC,0.0,0.0
Colonocytes__AIP__CD_vs_HC,0.0,0.0
Colonocytes__AGRN__UC_vs_HC,0.0,0.0
Colonocytes__AGRN__CD_vs_HC,0.0,0.0
Colonocytes__APIP__UC_vs_HC,0.0,0.0
Colonocytes__APIP__CD_vs_HC,0.0,0.0
Colonocytes__APAF1__UC_vs_HC,0.0,0.0
Colonocytes__AP1M2__UC_vs_HC,0.0,0.0
Colonocytes__AOAH__UC_vs_HC,0.0,0.0
Colonocytes__AOAH__CD_vs_HC,0.0,0.0
Colonocytes__ANXA5__UC_vs_HC,0.0,0.0
Colonocytes__ANXA3__UC_vs_HC,0.0,0.0
Colonocytes__ANXA3__UC_vs_CD,0.0,0.0
Colonocytes__ANXA1__UC_vs_HC,0.0,0.0
Colonocytes__ANXA1__UC_vs_CD,0.0,0.0
Colonocytes__ANKRD36__UC_vs_HC,0.0,0.0
Colonocytes__ANKRD36__CD_vs_HC,0.0,0.0
Colonocytes__ANKRD36C__UC_vs_HC,0.0,0.0
Colonocytes__ANKRD36C__CD_vs_HC,0.0,0.0
Colonocytes__ANKH__UC_vs_HC,0.0,0.0
Colonocytes__ARID3A__UC_vs_HC,0.0,0.0
Colonocytes__ARHGEF10L__CD_vs_HC,0.0,0.0
Colonocytes__ARHGAP21__UC_vs_HC,0.0,0.0
Colonocytes__ARFGAP3__UC_vs_HC,0.0,0.0
Colonocytes__ARFGAP3__UC_vs_CD,0.0,0.0
Colonocytes__ARFGAP1__UC_vs_HC,0.0,0.0
Colonocytes__AQP8__UC_vs_HC,0.0,0.0
Colonocytes__AQP8__CD_vs_HC,0.0,0.0
Colonocytes__AQP7__UC_vs_HC,0.0,0.0
Colonocytes__AQP7__CD_vs_HC,0.0,0.0
Colonocytes__APPL2__UC_vs_HC,0.0,0.0
Colonocytes__APOL2__UC_vs_HC,0.0,0.0
Colonocytes__APOL1__UC_vs_HC,0.0,0.0
Colonocytes__APOL1__CD_vs_HC,0.0,0.0
Colonocytes__APOBEC3C__UC_vs_HC,0.0,0.0
Colonocytes__APOBEC3C__CD_vs_HC,0.0,0.0
Colonocytes__ATP5MC1__UC_vs_CD,0.0,0.0
Colonocytes__ATP5IF1__UC_vs_HC,0.0,0.0
Colonocytes__ATP5F1E__UC_vs_HC,0.0,0.0
Colonocytes__ATP2C1__UC_vs_HC,0.0,0.0
Colonocytes__ATP2A3__UC_vs_HC,0.0,0.0
Colonocytes__ATP2A3__CD_vs_HC,0.0,0.0
Colonocytes__ATP13A2__UC_vs_HC,0.0,0.0
Colonocytes__ATP11B__CD_vs_HC,0.0,0.0
Colonocytes__ATP10B__UC_vs_HC,0.0,0.0
Colonocytes__ATP10B__CD_vs_HC,0.0,0.0
Colonocytes__ASS1__UC_vs_HC,0.0,0.0
Colonocytes__ASPH__UC_vs_HC,0.0,0.0
Colonocytes__ASPH__CD_vs_HC,0.0,0.0
Colonocytes__ARRDC3__UC_vs_HC,0.0,0.0
Colonocytes__ARL4A__UC_vs_HC,0.0,0.0
Colonocytes__ARL2__UC_vs_HC,0.0,0.0
Colonocytes__BACE2__UC_vs_HC,0.0,0.0
Colonocytes__BACE2__CD_vs_HC,0.0,0.0
Colonocytes__B3GNT8__UC_vs_HC,0.0,0.0
Colonocytes__AZGP1__UC_vs_HC,0.0,0.0
Colonocytes__AXIN2__UC_vs_HC,0.0,0.0
Colonocytes__ATP8B1__CD_vs_HC,0.0,0.0
Colonocytes__ATP6V0E1__CD_vs_HC,0.0,0.0
Colonocytes__ATP5PF__UC_vs_HC,0.0,0.0
Colonocytes__ATP5PD__UC_vs_HC,0.0,0.0
Colonocytes__ATP5MPL__UC_vs_HC,0.0,0.0
Colonocytes__ATP5MF__UC_vs_HC,0.0,0.0
Colonocytes__ATP5ME__UC_vs_HC,0.0,0.0
Colonocytes__ATP5MD__UC_vs_HC,0.0,0.0
Colonocytes__ATP5MC3__UC_vs_HC,0.0,0.0
Colonocytes__ATP5MC2__UC_vs_HC,0.0,0.0
Colonocytes__ATP5MC1__UC_vs_HC,0.0,0.0
Colonocytes__BZW2__UC_vs_HC,0.0,0.0
Colonocytes__BTF3__UC_vs_HC,0.0,0.0
Colonocytes__BTF3__CD_vs_HC,0.0,0.0
Colonocytes__BNIP3__UC_vs_HC,0.0,0.0
Colonocytes__BNIP3L__UC_vs_HC,0.0,0.0
Colonocytes__BNIP3L__UC_vs_CD,0.0,0.0
Colonocytes__BMPR2__UC_vs_HC,0.0,0.0
Colonocytes__BMP3__UC_vs_HC,0.0,0.0
Colonocytes__BLOC1S1__UC_vs_HC,0.0,0.0
Colonocytes__BHLHE40__UC_vs_HC,0.0,0.0
Colonocytes__BCL9L__UC_vs_HC,0.0,0.0
Colonocytes__BCL9L__CD_vs_HC,0.0,0.0
Colonocytes__BAZ2B__UC_vs_HC,0.0,0.0
Colonocytes__BAIAP2L1__UC_vs_HC,0.0,0.0
Colonocytes__BAIAP2L1__CD_vs_HC,0.0,0.0
Colonocytes__BAG3__UC_vs_HC,0.0,0.0
Colonocytes__C8G__UC_vs_HC,0.0,0.0
Colonocytes__C8G__CD_vs_HC,0.0,0.0
Colonocytes__C4BPB__UC_vs_HC,0.0,0.0
Colonocytes__C4BPB__UC_vs_CD,0.0,0.0
Colonocytes__C4BPA__UC_vs_HC,0.0,0.0
Colonocytes__C3orf85__UC_vs_HC,0.0,0.0
Colonocytes__C3orf85__CD_vs_HC,0.0,0.0
Colonocytes__C2orf88__UC_vs_HC,0.0,0.0
Colonocytes__C2orf88__CD_vs_HC,0.0,0.0
Colonocytes__C2orf54__CD_vs_HC,0.0,0.0
Colonocytes__C2__CD_vs_HC,0.0,0.0
Colonocytes__C2CD4B__CD_vs_HC,0.0,0.0
Colonocytes__C1orf210__CD_vs_HC,0.0,0.0
Colonocytes__C1GALT1__UC_vs_HC,0.0,0.0
Colonocytes__C19orf33__CD_vs_HC,0.0,0.0
Colonocytes__C12orf75__CD_vs_HC,0.0,0.0
Colonocytes__CASP1__UC_vs_HC,0.0,0.0
Colonocytes__CASP1__CD_vs_HC,0.0,0.0
Colonocytes__CASD1__CD_vs_HC,0.0,0.0
Colonocytes__CARNMT1__CD_vs_HC,0.0,0.0
Colonocytes__CARHSP1__UC_vs_CD,0.0,0.0
Colonocytes__CARD10__UC_vs_HC,0.0,0.0
Colonocytes__CAPN13__UC_vs_HC,0.0,0.0
Colonocytes__CAPN13__CD_vs_HC,0.0,0.0
Colonocytes__CANX__UC_vs_HC,0.0,0.0
Colonocytes__CALR__UC_vs_HC,0.0,0.0
Colonocytes__CA2__UC_vs_HC,0.0,0.0
Colonocytes__CA2__UC_vs_CD,0.0,0.0
Colonocytes__CA1__UC_vs_HC,0.0,0.0
Colonocytes__CA1__UC_vs_CD,0.0,0.0
Colonocytes__C9orf78__UC_vs_HC,0.0,0.0
Colonocytes__C8orf59__UC_vs_HC,0.0,0.0
Colonocytes__CD320__UC_vs_HC,0.0,0.0
Colonocytes__CD320__CD_vs_HC,0.0,0.0
Colonocytes__CD24__UC_vs_HC,0.0,0.0
Colonocytes__CD24__CD_vs_HC,0.0,0.0
Colonocytes__CCNJL__CD_vs_HC,0.0,0.0
Colonocytes__CCNI__UC_vs_HC,0.0,0.0
Colonocytes__CCND2__CD_vs_HC,0.0,0.0
Colonocytes__CCL15__CD_vs_HC,0.0,0.0
Colonocytes__CCDC88B__UC_vs_HC,0.0,0.0
Colonocytes__CCDC88B__CD_vs_HC,0.0,0.0
Colonocytes__CCDC6__CD_vs_HC,0.0,0.0
Colonocytes__CCDC167__UC_vs_HC,0.0,0.0
Colonocytes__CCDC107__UC_vs_HC,0.0,0.0
Colonocytes__CATSPERB__UC_vs_HC,0.0,0.0
Colonocytes__CATSPERB__CD_vs_HC,0.0,0.0
Colonocytes__CASP5__UC_vs_HC,0.0,0.0
Colonocytes__CDV3__UC_vs_HC,0.0,0.0
Colonocytes__CDKN2B-AS1__UC_vs_HC,0.0,0.0
Colonocytes__CDKN2B-AS1__UC_vs_CD,0.0,0.0
Colonocytes__CDKN2B-AS1__CD_vs_HC,0.0,0.0
Colonocytes__CDK18__CD_vs_HC,0.0,0.0
Colonocytes__CDIPT__CD_vs_HC,0.0,0.0
Colonocytes__CDCP1__UC_vs_HC,0.0,0.0
Colonocytes__CDC42EP2__UC_vs_HC,0.0,0.0
Colonocytes__CDC42EP1__UC_vs_HC,0.0,0.0
Colonocytes__CDC14A__UC_vs_HC,0.0,0.0
Colonocytes__CD9__UC_vs_HC,0.0,0.0
Colonocytes__CD9__CD_vs_HC,0.0,0.0
Colonocytes__CD59__UC_vs_HC,0.0,0.0
Colonocytes__CD55__UC_vs_HC,0.0,0.0
Colonocytes__CD55__CD_vs_HC,0.0,0.0
Colonocytes__CD44__UC_vs_HC,0.0,0.0
Colonocytes__CKMT1A__UC_vs_HC,0.0,0.0
Colonocytes__CKAP4__UC_vs_HC,0.0,0.0
Colonocytes__CKAP4__CD_vs_HC,0.0,0.0
Colonocytes__CHP2__UC_vs_HC,0.0,0.0
Colonocytes__CHMP5__UC_vs_HC,0.0,0.0
Colonocytes__CHMP5__CD_vs_HC,0.0,0.0
Colonocytes__CHMP2A__CD_vs_HC,0.0,0.0
Colonocytes__CHD7__UC_vs_HC,0.0,0.0
Colonocytes__CFTR__CD_vs_HC,0.0,0.0
Colonocytes__CFI__CD_vs_HC,0.0,0.0
Colonocytes__CFDP1__UC_vs_HC,0.0,0.0
Colonocytes__CFDP1__CD_vs_HC,0.0,0.0
Colonocytes__CFB__UC_vs_HC,0.0,0.0
Colonocytes__CFB__CD_vs_HC,0.0,0.0
Colonocytes__CENPW__CD_vs_HC,0.0,0.0
Colonocytes__CEACAM6__UC_vs_HC,0.0,0.0
Colonocytes__CORO2A__CD_vs_HC,0.0,0.0
Colonocytes__COPS9__UC_vs_HC,0.0,0.0
Colonocytes__COPS6__UC_vs_HC,0.0,0.0
Colonocytes__COMMD6__UC_vs_HC,0.0,0.0
Colonocytes__COL9A2__UC_vs_HC,0.0,0.0
Colonocytes__CNOT8__UC_vs_HC,0.0,0.0
Colonocytes__CNN2__UC_vs_HC,0.0,0.0
Colonocytes__CNIH4__CD_vs_HC,0.0,0.0
Colonocytes__CNEP1R1__CD_vs_HC,0.0,0.0
Colonocytes__CNBP__UC_vs_HC,0.0,0.0
Colonocytes__CMPK1__UC_vs_HC,0.0,0.0
Colonocytes__CMC1__UC_vs_HC,0.0,0.0
Colonocytes__CLIP1__UC_vs_HC,0.0,0.0
Colonocytes__CLDN12__UC_vs_HC,0.0,0.0
Colonocytes__CKS1B__UC_vs_HC,0.0,0.0
Colonocytes__CKS1B__CD_vs_HC,0.0,0.0
Colonocytes__CREB3L2__UC_vs_HC,0.0,0.0
Colonocytes__CREB3L1__UC_vs_HC,0.0,0.0
Colonocytes__CRACR2B__CD_vs_HC,0.0,0.0
Colonocytes__CPEB4__CD_vs_HC,0.0,0.0
Colonocytes__COX8A__UC_vs_HC,0.0,0.0
Colonocytes__COX7C__UC_vs_HC,0.0,0.0
Colonocytes__COX7B__UC_vs_HC,0.0,0.0
Colonocytes__COX7A2__UC_vs_HC,0.0,0.0
Colonocytes__COX7A2L__UC_vs_HC,0.0,0.0
Colonocytes__COX6C__UC_vs_HC,0.0,0.0
Colonocytes__COX6A1__UC_vs_HC,0.0,0.0
Colonocytes__COX5B__UC_vs_HC,0.0,0.0
Colonocytes__COX4I1__UC_vs_HC,0.0,0.0
Colonocytes__COX14__UC_vs_HC,0.0,0.0
Colonocytes__COX14__CD_vs_HC,0.0,0.0
Colonocytes__CORO2A__UC_vs_HC,0.0,0.0
Colonocytes__CYB5A__UC_vs_HC,0.0,0.0
Colonocytes__CYB561A3__UC_vs_HC,0.0,0.0
Colonocytes__CXCL8__UC_vs_HC,0.0,0.0
Colonocytes__CXCL8__CD_vs_HC,0.0,0.0
Colonocytes__CXCL3__UC_vs_HC,0.0,0.0
Colonocytes__CXCL3__UC_vs_CD,0.0,0.0
Colonocytes__CXCL3__CD_vs_HC,0.0,0.0
Colonocytes__CXCL2__UC_vs_HC,0.0,0.0
Colonocytes__CXCL1__UC_vs_HC,0.0,0.0
Colonocytes__CXCL1__CD_vs_HC,0.0,0.0
Colonocytes__CWC25__CD_vs_HC,0.0,0.0
Colonocytes__CTSA__UC_vs_HC,0.0,0.0
Colonocytes__CRYBG3__CD_vs_HC,0.0,0.0
Colonocytes__CRIP1__CD_vs_HC,0.0,0.0
Colonocytes__CREB3L3__UC_vs_HC,0.0,0.0
Colonocytes__CREB3L3__CD_vs_HC,0.0,0.0
Colonocytes__DDAH2__UC_vs_HC,0.0,0.0
Colonocytes__DDAH2__CD_vs_HC,0.0,0.0
Colonocytes__DDAH1__CD_vs_HC,0.0,0.0
Colonocytes__DCTN3__UC_vs_HC,0.0,0.0
Colonocytes__DCTN1__CD_vs_HC,0.0,0.0
Colonocytes__DBI__UC_vs_HC,0.0,0.0
Colonocytes__DAP__UC_vs_HC,0.0,0.0
Colonocytes__DAPP1__UC_vs_HC,0.0,0.0
Colonocytes__DAPP1__CD_vs_HC,0.0,0.0
Colonocytes__CYP3A4__UC_vs_HC,0.0,0.0
Colonocytes__CYP3A4__CD_vs_HC,0.0,0.0
Colonocytes__CYP27A1__UC_vs_HC,0.0,0.0
Colonocytes__CYP27A1__CD_vs_HC,0.0,0.0
Colonocytes__CYCS__UC_vs_HC,0.0,0.0
Colonocytes__CYBA__CD_vs_HC,0.0,0.0
Colonocytes__CYB5B__UC_vs_HC,0.0,0.0
Colonocytes__DPY30__CD_vs_HC,0.0,0.0
Colonocytes__DPP4__CD_vs_HC,0.0,0.0
Colonocytes__DPM3__UC_vs_HC,0.0,0.0
Colonocytes__DNTTIP1__UC_vs_HC,0.0,0.0
Colonocytes__DNAJC15__UC_vs_HC,0.0,0.0
Colonocytes__DMBT1__UC_vs_HC,0.0,0.0
Colonocytes__DMAC2__CD_vs_HC,0.0,0.0
Colonocytes__DIO3OS__UC_vs_HC,0.0,0.0
Colonocytes__DIO3OS__CD_vs_HC,0.0,0.0
Colonocytes__DIAPH1__UC_vs_HC,0.0,0.0
Colonocytes__DHRS11__UC_vs_HC,0.0,0.0
Colonocytes__DHCR24__UC_vs_HC,0.0,0.0
Colonocytes__DENND2D__UC_vs_HC,0.0,0.0
Colonocytes__DENND2A__UC_vs_HC,0.0,0.0
Colonocytes__DEFB4A__UC_vs_HC,0.0,0.0
Colonocytes__DDC__CD_vs_HC,0.0,0.0
Colonocytes__ECH1__UC_vs_HC,0.0,0.0
Colonocytes__EAPP__UC_vs_HC,0.0,0.0
Colonocytes__E2F3__CD_vs_HC,0.0,0.0
Colonocytes__DYNLRB1__UC_vs_HC,0.0,0.0
Colonocytes__DYNLRB1__CD_vs_HC,0.0,0.0
Colonocytes__DYNLL1__UC_vs_HC,0.0,0.0
Colonocytes__DVL1__UC_vs_HC,0.0,0.0
Colonocytes__DUSP6__UC_vs_HC,0.0,0.0
Colonocytes__DUS1L__CD_vs_HC,0.0,0.0
Colonocytes__DUOXA2__UC_vs_HC,0.0,0.0
Colonocytes__DUOXA2__CD_vs_HC,0.0,0.0
Colonocytes__DUOX2__UC_vs_HC,0.0,0.0
Colonocytes__DUOX2__CD_vs_HC,0.0,0.0
Colonocytes__DTX3L__UC_vs_HC,0.0,0.0
Colonocytes__DTX3L__CD_vs_HC,0.0,0.0
Colonocytes__DPY30__UC_vs_HC,0.0,0.0
Colonocytes__ENPP4__UC_vs_HC,0.0,0.0
Colonocytes__ENO1__UC_vs_HC,0.0,0.0
Colonocytes__EMP2__UC_vs_HC,0.0,0.0
Colonocytes__EMP1__UC_vs_HC,0.0,0.0
Colonocytes__EMP1__CD_vs_HC,0.0,0.0
Colonocytes__ELOC__CD_vs_HC,0.0,0.0
Colonocytes__ELF3-AS1__UC_vs_CD,0.0,0.0
Colonocytes__ELF3-AS1__CD_vs_HC,0.0,0.0
Colonocytes__EIF4EBP2__UC_vs_HC,0.0,0.0
Colonocytes__EIF3K__UC_vs_HC,0.0,0.0
Colonocytes__EIF1__UC_vs_HC,0.0,0.0
Colonocytes__EIF1B__UC_vs_HC,0.0,0.0
Colonocytes__EFNB1__UC_vs_CD,0.0,0.0
Colonocytes__EFCAB5__CD_vs_HC,0.0,0.0
Colonocytes__EDN2__CD_vs_HC,0.0,0.0
Colonocytes__EDF1__CD_vs_HC,0.0,0.0
Colonocytes__F3__UC_vs_CD,0.0,0.0
Colonocytes__EXOC3L4__CD_vs_HC,0.0,0.0
Colonocytes__ETS1__UC_vs_HC,0.0,0.0
Colonocytes__ETHE1__UC_vs_HC,0.0,0.0
Colonocytes__ETHE1__CD_vs_HC,0.0,0.0
Colonocytes__ESF1__UC_vs_HC,0.0,0.0
Colonocytes__ERO1A__UC_vs_HC,0.0,0.0
Colonocytes__ERO1A__UC_vs_CD,0.0,0.0
Colonocytes__ERLIN1__UC_vs_HC,0.0,0.0
Colonocytes__ERC1__UC_vs_HC,0.0,0.0
Colonocytes__EPS8L1__UC_vs_HC,0.0,0.0
Colonocytes__EPPK1__CD_vs_HC,0.0,0.0
Colonocytes__EPAS1__UC_vs_HC,0.0,0.0
Colonocytes__ENTPD8__UC_vs_HC,0.0,0.0
Colonocytes__ENTPD7__UC_vs_HC,0.0,0.0
Colonocytes__ENTPD5__UC_vs_HC,0.0,0.0
Colonocytes__FASN__CD_vs_HC,0.0,0.0
Colonocytes__FAM96B__UC_vs_HC,0.0,0.0
Colonocytes__FAM95B1__UC_vs_HC,0.0,0.0
Colonocytes__FAM3B__UC_vs_HC,0.0,0.0
Colonocytes__FAM3B__CD_vs_HC,0.0,0.0
Colonocytes__FAM214B__UC_vs_HC,0.0,0.0
Colonocytes__FAM207A__CD_vs_HC,0.0,0.0
Colonocytes__FAM199X__UC_vs_HC,0.0,0.0
Colonocytes__FAM199X__CD_vs_HC,0.0,0.0
Colonocytes__FAM120A__CD_vs_HC,0.0,0.0
Colonocytes__FABP5__UC_vs_HC,0.0,0.0
Colonocytes__FABP5__UC_vs_CD,0.0,0.0
Colonocytes__FABP2__UC_vs_HC,0.0,0.0
Colonocytes__FABP1__UC_vs_HC,0.0,0.0
Colonocytes__FABP1__CD_vs_HC,0.0,0.0
Colonocytes__F3__UC_vs_HC,0.0,0.0
Colonocytes__FRMD1__UC_vs_HC,0.0,0.0
Colonocytes__FOXN2__UC_vs_HC,0.0,0.0
Colonocytes__FOXA3__UC_vs_HC,0.0,0.0
Colonocytes__FOXA1__CD_vs_HC,0.0,0.0
Colonocytes__FNDC3B__UC_vs_HC,0.0,0.0
Colonocytes__FNDC3A__CD_vs_HC,0.0,0.0
Colonocytes__FLVCR1-DT__CD_vs_HC,0.0,0.0
Colonocytes__FGL2__UC_vs_HC,0.0,0.0
Colonocytes__FGL2__CD_vs_HC,0.0,0.0
Colonocytes__FERMT1__UC_vs_HC,0.0,0.0
Colonocytes__FERMT1__CD_vs_HC,0.0,0.0
Colonocytes__FCGRT__UC_vs_HC,0.0,0.0
Colonocytes__FCGRT__CD_vs_HC,0.0,0.0
Colonocytes__FBXO6__CD_vs_HC,0.0,0.0
Colonocytes__FAXDC2__UC_vs_HC,0.0,0.0
Colonocytes__FAU__UC_vs_HC,0.0,0.0
Colonocytes__GALNT3__UC_vs_HC,0.0,0.0
Colonocytes__GALNT3__CD_vs_HC,0.0,0.0
Colonocytes__GALNT2__UC_vs_HC,0.0,0.0
Colonocytes__GALNT1__CD_vs_HC,0.0,0.0
Colonocytes__GADD45GIP1__CD_vs_HC,0.0,0.0
Colonocytes__GADD45B__UC_vs_HC,0.0,0.0
Colonocytes__GABRA2__CD_vs_HC,0.0,0.0
Colonocytes__FXYD3__UC_vs_HC,0.0,0.0
Colonocytes__FXYD3__CD_vs_HC,0.0,0.0
Colonocytes__FXYD1__UC_vs_HC,0.0,0.0
Colonocytes__FXYD1__CD_vs_HC,0.0,0.0
Colonocytes__FUT3__UC_vs_HC,0.0,0.0
Colonocytes__FUOM__CD_vs_HC,0.0,0.0
Colonocytes__FTL__UC_vs_HC,0.0,0.0
Colonocytes__FTL__CD_vs_HC,0.0,0.0
Colonocytes__FTH1__UC_vs_HC,0.0,0.0
Colonocytes__GOLM1__CD_vs_HC,0.0,0.0
Colonocytes__GOLIM4__UC_vs_HC,0.0,0.0
Colonocytes__GOLIM4__UC_vs_CD,0.0,0.0
Colonocytes__GNPNAT1__UC_vs_HC,0.0,0.0
Colonocytes__GNPNAT1__CD_vs_HC,0.0,0.0
Colonocytes__GNB5__UC_vs_HC,0.0,0.0
Colonocytes__GMPR2__CD_vs_HC,0.0,0.0
Colonocytes__GMDS__UC_vs_HC,0.0,0.0
Colonocytes__GMDS__CD_vs_HC,0.0,0.0
Colonocytes__GLUL__UC_vs_HC,0.0,0.0
Colonocytes__GLUL__CD_vs_HC,0.0,0.0
Colonocytes__GJB3__UC_vs_HC,0.0,0.0
Colonocytes__GFPT1__UC_vs_HC,0.0,0.0
Colonocytes__GFER__UC_vs_HC,0.0,0.0
Colonocytes__GAS6__CD_vs_HC,0.0,0.0
Colonocytes__GALNT5__UC_vs_HC,0.0,0.0
Colonocytes__GUCA2A__UC_vs_HC,0.0,0.0
Colonocytes__GUCA2A__CD_vs_HC,0.0,0.0
Colonocytes__GTF2A2__UC_vs_HC,0.0,0.0
Colonocytes__GSTK1__UC_vs_HC,0.0,0.0
Colonocytes__GRTP1__UC_vs_HC,0.0,0.0
Colonocytes__GRINA__UC_vs_HC,0.0,0.0
Colonocytes__GPX2__UC_vs_HC,0.0,0.0
Colonocytes__GPX2__CD_vs_HC,0.0,0.0
Colonocytes__GPT__CD_vs_HC,0.0,0.0
Colonocytes__GPR35__UC_vs_HC,0.0,0.0
Colonocytes__GPR160__UC_vs_HC,0.0,0.0
Colonocytes__GPR108__CD_vs_HC,0.0,0.0
Colonocytes__GPI__UC_vs_HC,0.0,0.0
Colonocytes__GPCPD1__UC_vs_HC,0.0,0.0
Colonocytes__GPCPD1__CD_vs_HC,0.0,0.0
Colonocytes__GOLM1__UC_vs_HC,0.0,0.0
Colonocytes__HK2__UC_vs_HC,0.0,0.0
Colonocytes__HK2__CD_vs_HC,0.0,0.0
Colonocytes__HIVEP2__UC_vs_HC,0.0,0.0
Colonocytes__HIPK3__CD_vs_HC,0.0,0.0
Colonocytes__HILPDA__UC_vs_HC,0.0,0.0
Colonocytes__HIGD2A__UC_vs_HC,0.0,0.0
Colonocytes__HIGD2A__CD_vs_HC,0.0,0.0
Colonocytes__HIGD1A__UC_vs_HC,0.0,0.0
Colonocytes__HIF1A__UC_vs_HC,0.0,0.0
Colonocytes__HIF1A__CD_vs_HC,0.0,0.0
Colonocytes__HERC4__UC_vs_HC,0.0,0.0
Colonocytes__HEBP1__UC_vs_HC,0.0,0.0
Colonocytes__HBA1__UC_vs_HC,0.0,0.0
Colonocytes__HADH__CD_vs_HC,0.0,0.0
Colonocytes__H2AFZ__UC_vs_HC,0.0,0.0
Colonocytes__GUCA2B__UC_vs_HC,0.0,0.0
Colonocytes__ID3__UC_vs_HC,0.0,0.0
Colonocytes__HYOU1__UC_vs_HC,0.0,0.0
Colonocytes__HYOU1__CD_vs_HC,0.0,0.0
Colonocytes__HSPBP1__CD_vs_HC,0.0,0.0
Colonocytes__HSPA5__UC_vs_HC,0.0,0.0
Colonocytes__HSP90B1__UC_vs_HC,0.0,0.0
Colonocytes__HSD17B2__UC_vs_HC,0.0,0.0
Colonocytes__HSD17B2__CD_vs_HC,0.0,0.0
Colonocytes__HRASLS2__CD_vs_HC,0.0,0.0
Colonocytes__HPSE__UC_vs_HC,0.0,0.0
Colonocytes__HOXB7__UC_vs_HC,0.0,0.0
Colonocytes__HNRNPH3__UC_vs_HC,0.0,0.0
Colonocytes__HMGCS2__UC_vs_HC,0.0,0.0
Colonocytes__HMGCS2__UC_vs_CD,0.0,0.0
Colonocytes__HLA-B__UC_vs_HC,0.0,0.0
Colonocytes__HLA-A__UC_vs_HC,0.0,0.0
Colonocytes__IL1RN__CD_vs_HC,0.0,0.0
Colonocytes__IL1B__UC_vs_HC,0.0,0.0
Colonocytes__IL1B__CD_vs_HC,0.0,0.0
Colonocytes__IL18__UC_vs_HC,0.0,0.0
Colonocytes__IL18__CD_vs_HC,0.0,0.0
Colonocytes__IGHG4__UC_vs_HC,0.0,0.0
Colonocytes__IGHG3__UC_vs_HC,0.0,0.0
Colonocytes__IGHG3__CD_vs_HC,0.0,0.0
Colonocytes__IGHG1__UC_vs_HC,0.0,0.0
Colonocytes__IGHG1__CD_vs_HC,0.0,0.0
Colonocytes__IGBP1__UC_vs_HC,0.0,0.0
Colonocytes__IGBP1__CD_vs_HC,0.0,0.0
Colonocytes__IFI16__UC_vs_HC,0.0,0.0
Colonocytes__IFFO2__UC_vs_HC,0.0,0.0
Colonocytes__IDO1__UC_vs_HC,0.0,0.0
Colonocytes__IDO1__CD_vs_HC,0.0,0.0
Colonocytes__KCND3__UC_vs_HC,0.0,0.0
Colonocytes__KCND3__CD_vs_HC,0.0,0.0
Colonocytes__JCHAIN__UC_vs_HC,0.0,0.0
Colonocytes__JAG1__CD_vs_HC,0.0,0.0
Colonocytes__ITGB4__UC_vs_HC,0.0,0.0
Colonocytes__ITGAV__UC_vs_HC,0.0,0.0
Colonocytes__ITGAV__CD_vs_HC,0.0,0.0
Colonocytes__ITGA6__UC_vs_HC,0.0,0.0
Colonocytes__ITGA6__CD_vs_HC,0.0,0.0
Colonocytes__ITGA2__UC_vs_HC,0.0,0.0
Colonocytes__ITGA2__CD_vs_HC,0.0,0.0
Colonocytes__IRS2__UC_vs_HC,0.0,0.0
Colonocytes__ING4__CD_vs_HC,0.0,0.0
Colonocytes__IL6ST__UC_vs_HC,0.0,0.0
Colonocytes__IL32__UC_vs_HC,0.0,0.0
Colonocytes__IL1RN__UC_vs_HC,0.0,0.0
Colonocytes__KLF2__UC_vs_HC,0.0,0.0
Colonocytes__KLF10__UC_vs_HC,0.0,0.0
Colonocytes__KLF10__CD_vs_HC,0.0,0.0
Colonocytes__KIN__CD_vs_HC,0.0,0.0
Colonocytes__KIFC2__CD_vs_HC,0.0,0.0
Colonocytes__KIF5B__CD_vs_HC,0.0,0.0
Colonocytes__KIAA1109__CD_vs_HC,0.0,0.0
Colonocytes__KEAP1__UC_vs_HC,0.0,0.0
Colonocytes__KDELR3__UC_vs_HC,0.0,0.0
Colonocytes__KDELR3__CD_vs_HC,0.0,0.0
Colonocytes__KCTD11__UC_vs_HC,0.0,0.0
Colonocytes__KCNQ1__UC_vs_HC,0.0,0.0
Colonocytes__KCNN4__UC_vs_HC,0.0,0.0
Colonocytes__KCNK6__UC_vs_HC,0.0,0.0
Colonocytes__KCNK6__UC_vs_CD,0.0,0.0
Colonocytes__KCNE3__UC_vs_HC,0.0,0.0
Colonocytes__LCN2__UC_vs_HC,0.0,0.0
Colonocytes__LCN2__CD_vs_HC,0.0,0.0
Colonocytes__LCN15__CD_vs_HC,0.0,0.0
Colonocytes__LAMTOR4__UC_vs_HC,0.0,0.0
Colonocytes__LAMTOR4__CD_vs_HC,0.0,0.0
Colonocytes__LAMTOR2__UC_vs_HC,0.0,0.0
Colonocytes__LAMTOR2__CD_vs_HC,0.0,0.0
Colonocytes__LAMTOR1__UC_vs_HC,0.0,0.0
Colonocytes__LAMTOR1__CD_vs_HC,0.0,0.0
Colonocytes__LAMB3__UC_vs_CD,0.0,0.0
Colonocytes__LAMB1__CD_vs_HC,0.0,0.0
Colonocytes__LAMA1__UC_vs_HC,0.0,0.0
Colonocytes__LAMA1__CD_vs_HC,0.0,0.0
Colonocytes__KRT7__UC_vs_HC,0.0,0.0
Colonocytes__KRT19__UC_vs_HC,0.0,0.0
Colonocytes__KPNA2__CD_vs_HC,0.0,0.0
Colonocytes__LINC02086__UC_vs_HC,0.0,0.0
Colonocytes__LINC02086__CD_vs_HC,0.0,0.0
Colonocytes__LINC02023__UC_vs_HC,0.0,0.0
Colonocytes__LINC02023__CD_vs_HC,0.0,0.0
Colonocytes__LINC01559__UC_vs_HC,0.0,0.0
Colonocytes__LINC01559__CD_vs_HC,0.0,0.0
Colonocytes__LINC01133__UC_vs_HC,0.0,0.0
Colonocytes__LINC01133__CD_vs_HC,0.0,0.0
Colonocytes__LINC00342__UC_vs_HC,0.0,0.0
Colonocytes__LGI4__UC_vs_HC,0.0,0.0
Colonocytes__LGI4__CD_vs_HC,0.0,0.0
Colonocytes__LGALS4__UC_vs_HC,0.0,0.0
Colonocytes__LGALS2__UC_vs_HC,0.0,0.0
Colonocytes__LGALS2__CD_vs_HC,0.0,0.0
Colonocytes__LEAP2__UC_vs_HC,0.0,0.0
Colonocytes__LEAP2__CD_vs_HC,0.0,0.0
Colonocytes__LYPD5__UC_vs_HC,0.0,0.0
Colonocytes__LYPD5__CD_vs_HC,0.0,0.0
Colonocytes__LYN__UC_vs_HC,0.0,0.0
Colonocytes__LUCAT1__UC_vs_HC,0.0,0.0
Colonocytes__LRRN2__UC_vs_HC,0.0,0.0
Colonocytes__LRRN2__CD_vs_HC,0.0,0.0
Colonocytes__LRRFIP1__UC_vs_HC,0.0,0.0
Colonocytes__LRRC59__UC_vs_HC,0.0,0.0
Colonocytes__LRIG3__CD_vs_HC,0.0,0.0
Colonocytes__LRG1__UC_vs_HC,0.0,0.0
Colonocytes__LPIN1__UC_vs_HC,0.0,0.0
Colonocytes__LPIN1__UC_vs_CD,0.0,0.0
Colonocytes__LPCAT3__CD_vs_HC,0.0,0.0
Colonocytes__LPCAT1__UC_vs_HC,0.0,0.0
Colonocytes__LPCAT1__CD_vs_HC,0.0,0.0
Colonocytes__LIPH__UC_vs_HC,0.0,0.0
Colonocytes__MAX__CD_vs_HC,0.0,0.0
Colonocytes__MAPK8__UC_vs_HC,0.0,0.0
Colonocytes__MAPK8IP3__CD_vs_HC,0.0,0.0
Colonocytes__MAPK7__UC_vs_HC,0.0,0.0
Colonocytes__MAP4K5__UC_vs_HC,0.0,0.0
Colonocytes__MAP4K5__CD_vs_HC,0.0,0.0
Colonocytes__MAP4K4__UC_vs_HC,0.0,0.0
Colonocytes__MAP3K8__UC_vs_HC,0.0,0.0
Colonocytes__MAP3K6__UC_vs_HC,0.0,0.0
Colonocytes__MAP3K6__CD_vs_HC,0.0,0.0
Colonocytes__MAN2A1__CD_vs_HC,0.0,0.0
Colonocytes__MAGT1__UC_vs_HC,0.0,0.0
Colonocytes__MAGOH__UC_vs_HC,0.0,0.0
Colonocytes__LZIC__UC_vs_HC,0.0,0.0
Colonocytes__LYZ__UC_vs_HC,0.0,0.0
Colonocytes__LYPD8__UC_vs_HC,0.0,0.0
Colonocytes__MET__UC_vs_HC,0.0,0.0
Colonocytes__MET__CD_vs_HC,0.0,0.0
Colonocytes__MEP1A__UC_vs_HC,0.0,0.0
Colonocytes__MED16__UC_vs_HC,0.0,0.0
Colonocytes__MED16__CD_vs_HC,0.0,0.0
Colonocytes__MECOM__UC_vs_HC,0.0,0.0
Colonocytes__MECOM__CD_vs_HC,0.0,0.0
Colonocytes__MEA1__UC_vs_HC,0.0,0.0
Colonocytes__MEA1__CD_vs_HC,0.0,0.0
Colonocytes__ME1__UC_vs_HC,0.0,0.0
Colonocytes__ME1__CD_vs_HC,0.0,0.0
Colonocytes__MDH2__UC_vs_HC,0.0,0.0
Colonocytes__MCRIP2__UC_vs_HC,0.0,0.0
Colonocytes__MCFD2__UC_vs_HC,0.0,0.0
Colonocytes__MCCC2__CD_vs_HC,0.0,0.0
Colonocytes__MAX__UC_vs_HC,0.0,0.0
Colonocytes__MLEC__CD_vs_HC,0.0,0.0
Colonocytes__MKNK2__UC_vs_HC,0.0,0.0
Colonocytes__MKL1__UC_vs_HC,0.0,0.0
Colonocytes__MKL1__CD_vs_HC,0.0,0.0
Colonocytes__MINOS1__UC_vs_HC,0.0,0.0
Colonocytes__MIF__CD_vs_HC,0.0,0.0
Colonocytes__MIEN1__UC_vs_HC,0.0,0.0
Colonocytes__MIEN1__CD_vs_HC,0.0,0.0
Colonocytes__MICAL1__UC_vs_HC,0.0,0.0
Colonocytes__MICAL1__CD_vs_HC,0.0,0.0
Colonocytes__MGST3__UC_vs_HC,0.0,0.0
Colonocytes__MGAT4A__UC_vs_HC,0.0,0.0
Colonocytes__MFSD4A__UC_vs_HC,0.0,0.0
Colonocytes__MFSD3__CD_vs_HC,0.0,0.0
Colonocytes__MFSD12__UC_vs_HC,0.0,0.0
Colonocytes__MFSD12__CD_vs_HC,0.0,0.0
Colonocytes__MT1E__CD_vs_HC,0.0,0.0
Colonocytes__MT-ND4L__UC_vs_HC,0.0,0.0
Colonocytes__MSI2__UC_vs_HC,0.0,0.0
Colonocytes__MS4A12__UC_vs_HC,0.0,0.0
Colonocytes__MS4A12__UC_vs_CD,0.0,0.0
Colonocytes__MRPS36__UC_vs_HC,0.0,0.0
Colonocytes__MRPS33__UC_vs_HC,0.0,0.0
Colonocytes__MRPS33__UC_vs_CD,0.0,0.0
Colonocytes__MRPS18C__CD_vs_HC,0.0,0.0
Colonocytes__MRPS11__UC_vs_HC,0.0,0.0
Colonocytes__MRPL52__UC_vs_HC,0.0,0.0
Colonocytes__MRPL51__UC_vs_HC,0.0,0.0
Colonocytes__MROH6__UC_vs_HC,0.0,0.0
Colonocytes__MPST__UC_vs_HC,0.0,0.0
Colonocytes__MMP14__UC_vs_HC,0.0,0.0
Colonocytes__MLPH__UC_vs_HC,0.0,0.0
Colonocytes__MTRNR2L1__CD_vs_HC,0.0,0.0
Colonocytes__MT2A__UC_vs_HC,0.0,0.0
Colonocytes__MT2A__UC_vs_CD,0.0,0.0
Colonocytes__MT1X__UC_vs_HC,0.0,0.0
Colonocytes__MT1X__UC_vs_CD,0.0,0.0
Colonocytes__MT1M__UC_vs_HC,0.0,0.0
Colonocytes__MT1M__UC_vs_CD,0.0,0.0
Colonocytes__MT1H__UC_vs_HC,0.0,0.0
Colonocytes__MT1H__UC_vs_CD,0.0,0.0
Colonocytes__MT1G__UC_vs_HC,0.0,0.0
Colonocytes__MT1G__UC_vs_CD,0.0,0.0
Colonocytes__MT1F__UC_vs_HC,0.0,0.0
Colonocytes__MT1F__UC_vs_CD,0.0,0.0
Colonocytes__MT1F__CD_vs_HC,0.0,0.0
Colonocytes__MT1E__UC_vs_HC,0.0,0.0
Colonocytes__MT1E__UC_vs_CD,0.0,0.0
Colonocytes__NBEAL2__UC_vs_HC,0.0,0.0
Colonocytes__NAMPT__UC_vs_HC,0.0,0.0
Colonocytes__NAALADL1__UC_vs_HC,0.0,0.0
Colonocytes__MYO9B__UC_vs_HC,0.0,0.0
Colonocytes__MYO5C__UC_vs_HC,0.0,0.0
Colonocytes__MYO1D__UC_vs_HC,0.0,0.0
Colonocytes__MYLIP__UC_vs_HC,0.0,0.0
Colonocytes__MYL6__UC_vs_HC,0.0,0.0
Colonocytes__MYL6B__CD_vs_HC,0.0,0.0
Colonocytes__MUC5B__UC_vs_HC,0.0,0.0
Colonocytes__MUC5B__CD_vs_HC,0.0,0.0
Colonocytes__MUC4__UC_vs_HC,0.0,0.0
Colonocytes__MUC4__CD_vs_HC,0.0,0.0
Colonocytes__MUC1__UC_vs_HC,0.0,0.0
Colonocytes__MUC1__CD_vs_HC,0.0,0.0
Colonocytes__MUC13__UC_vs_HC,0.0,0.0
Colonocytes__NECTIN2__UC_vs_HC,0.0,0.0
Colonocytes__NDUFV1__UC_vs_CD,0.0,0.0
Colonocytes__NDUFC1__UC_vs_HC,0.0,0.0
Colonocytes__NDUFB9__UC_vs_HC,0.0,0.0
Colonocytes__NDUFB8__UC_vs_HC,0.0,0.0
Colonocytes__NDUFB3__UC_vs_HC,0.0,0.0
Colonocytes__NDUFB2__UC_vs_HC,0.0,0.0
Colonocytes__NDUFB1__UC_vs_HC,0.0,0.0
Colonocytes__NDUFA6__UC_vs_HC,0.0,0.0
Colonocytes__NDUFA5__UC_vs_HC,0.0,0.0
Colonocytes__NDUFA2__UC_vs_HC,0.0,0.0
Colonocytes__NDUFA1__UC_vs_HC,0.0,0.0
Colonocytes__NDUFA12__UC_vs_HC,0.0,0.0
Colonocytes__NDUFA11__UC_vs_HC,0.0,0.0
Colonocytes__NCOA7__UC_vs_HC,0.0,0.0
Colonocytes__NCLN__CD_vs_HC,0.0,0.0
Colonocytes__NOXO1__CD_vs_HC,0.0,0.0
Colonocytes__NOX1__UC_vs_HC,0.0,0.0
Colonocytes__NOX1__CD_vs_HC,0.0,0.0
Colonocytes__NOS2__UC_vs_HC,0.0,0.0
Colonocytes__NOS2__CD_vs_HC,0.0,0.0
Colonocytes__NOL3__UC_vs_HC,0.0,0.0
Colonocytes__NLN__UC_vs_HC,0.0,0.0
Colonocytes__NLN__CD_vs_HC,0.0,0.0
Colonocytes__NLK__CD_vs_HC,0.0,0.0
Colonocytes__NGEF__UC_vs_HC,0.0,0.0
Colonocytes__NFIX__CD_vs_HC,0.0,0.0
Colonocytes__NFIB__UC_vs_HC,0.0,0.0
Colonocytes__NFIB__CD_vs_HC,0.0,0.0
Colonocytes__NFIA__CD_vs_HC,0.0,0.0
Colonocytes__NEU1__UC_vs_HC,0.0,0.0
Colonocytes__NEU1__CD_vs_HC,0.0,0.0
Colonocytes__OSBPL10__UC_vs_HC,0.0,0.0
Colonocytes__ORMDL2__CD_vs_HC,0.0,0.0
Colonocytes__OLFM4__UC_vs_HC,0.0,0.0
Colonocytes__OLFM4__CD_vs_HC,0.0,0.0
Colonocytes__OCIAD2__CD_vs_HC,0.0,0.0
Colonocytes__OAZ1__UC_vs_HC,0.0,0.0
Colonocytes__OAZ1__CD_vs_HC,0.0,0.0
Colonocytes__OAF__UC_vs_HC,0.0,0.0
Colonocytes__OAF__CD_vs_HC,0.0,0.0
Colonocytes__NUPR1__UC_vs_HC,0.0,0.0
Colonocytes__NUP98__CD_vs_HC,0.0,0.0
Colonocytes__NUDC__UC_vs_HC,0.0,0.0
Colonocytes__NUCB2__UC_vs_HC,0.0,0.0
Colonocytes__NSL1__CD_vs_HC,0.0,0.0
Colonocytes__NR2C1__UC_vs_HC,0.0,0.0
Colonocytes__NPDC1__CD_vs_HC,0.0,0.0
Colonocytes__PARP10__CD_vs_HC,0.0,0.0
Colonocytes__PANK3__UC_vs_HC,0.0,0.0
Colonocytes__PALLD__UC_vs_HC,0.0,0.0
Colonocytes__PALLD__CD_vs_HC,0.0,0.0
Colonocytes__PAIP2__UC_vs_HC,0.0,0.0
Colonocytes__PAIP2__CD_vs_HC,0.0,0.0
Colonocytes__PADI2__UC_vs_HC,0.0,0.0
Colonocytes__PADI2__UC_vs_CD,0.0,0.0
Colonocytes__P4HB__UC_vs_HC,0.0,0.0
Colonocytes__P4HB__CD_vs_HC,0.0,0.0
Colonocytes__OTUD6B-AS1__UC_vs_HC,0.0,0.0
Colonocytes__OTOP3__CD_vs_HC,0.0,0.0
Colonocytes__OTOP2__UC_vs_HC,0.0,0.0
Colonocytes__OSBP__CD_vs_HC,0.0,0.0
Colonocytes__OSBPL2__UC_vs_HC,0.0,0.0
Colonocytes__OSBPL1A__UC_vs_HC,0.0,0.0
Colonocytes__PEX26__UC_vs_HC,0.0,0.0
Colonocytes__PEA15__UC_vs_HC,0.0,0.0
Colonocytes__PDZK1__CD_vs_HC,0.0,0.0
Colonocytes__PDZK1IP1__UC_vs_HC,0.0,0.0
Colonocytes__PDZK1IP1__UC_vs_CD,0.0,0.0
Colonocytes__PDZD3__UC_vs_HC,0.0,0.0
Colonocytes__PDZD3__CD_vs_HC,0.0,0.0
Colonocytes__PDLIM7__UC_vs_HC,0.0,0.0
Colonocytes__PDLIM1__UC_vs_HC,0.0,0.0
Colonocytes__PDIA4__UC_vs_HC,0.0,0.0
Colonocytes__PDIA4__CD_vs_HC,0.0,0.0
Colonocytes__PDIA3__UC_vs_HC,0.0,0.0
Colonocytes__PDIA3__CD_vs_HC,0.0,0.0
Colonocytes__PDCD4__UC_vs_HC,0.0,0.0
Colonocytes__PDCD4__CD_vs_HC,0.0,0.0
Colonocytes__PCK1__UC_vs_HC,0.0,0.0
Colonocytes__PLA2G10__CD_vs_HC,0.0,0.0
Colonocytes__PKM__UC_vs_HC,0.0,0.0
Colonocytes__PKM__UC_vs_CD,0.0,0.0
Colonocytes__PKDCC__CD_vs_HC,0.0,0.0
Colonocytes__PITPNM3__CD_vs_HC,0.0,0.0
Colonocytes__PIGR__UC_vs_HC,0.0,0.0
Colonocytes__PIGR__CD_vs_HC,0.0,0.0
Colonocytes__PID1__UC_vs_HC,0.0,0.0
Colonocytes__PID1__CD_vs_HC,0.0,0.0
Colonocytes__PI3__UC_vs_HC,0.0,0.0
Colonocytes__PI3__UC_vs_CD,0.0,0.0
Colonocytes__PI3__CD_vs_HC,0.0,0.0
Colonocytes__PHLPP2__UC_vs_HC,0.0,0.0
Colonocytes__PGM3__UC_vs_HC,0.0,0.0
Colonocytes__PGK1__UC_vs_HC,0.0,0.0
Colonocytes__PFDN5__UC_vs_HC,0.0,0.0
Colonocytes__POLR2F__CD_vs_HC,0.0,0.0
Colonocytes__POLE4__UC_vs_HC,0.0,0.0
Colonocytes__POLD2__CD_vs_HC,0.0,0.0
Colonocytes__PNRC1__UC_vs_HC,0.0,0.0
Colonocytes__PMM1__CD_vs_HC,0.0,0.0
Colonocytes__PMEPA1__UC_vs_HC,0.0,0.0
Colonocytes__PLXNA3__UC_vs_HC,0.0,0.0
Colonocytes__PLOD1__UC_vs_HC,0.0,0.0
Colonocytes__PLIN3__UC_vs_CD,0.0,0.0
Colonocytes__PLEC__UC_vs_HC,0.0,0.0
Colonocytes__PLEC__CD_vs_HC,0.0,0.0
Colonocytes__PLCB4__CD_vs_HC,0.0,0.0
Colonocytes__PLAGL1__CD_vs_HC,0.0,0.0
Colonocytes__PLA2G2A__UC_vs_HC,0.0,0.0
Colonocytes__PLA2G2A__CD_vs_HC,0.0,0.0
Colonocytes__PLA2G12B__CD_vs_HC,0.0,0.0
Colonocytes__PRAP1__UC_vs_HC,0.0,0.0
Colonocytes__PPP3R1__UC_vs_HC,0.0,0.0
Colonocytes__PPP2R5C__UC_vs_HC,0.0,0.0
Colonocytes__PPP2R5B__UC_vs_HC,0.0,0.0
Colonocytes__PPP2R5B__UC_vs_CD,0.0,0.0
Colonocytes__PPP1R9A__CD_vs_HC,0.0,0.0
Colonocytes__PPP1R1B__CD_vs_HC,0.0,0.0
Colonocytes__PPP1R14D__UC_vs_HC,0.0,0.0
Colonocytes__PPP1R13L__UC_vs_HC,0.0,0.0
Colonocytes__PPCDC__CD_vs_HC,0.0,0.0
Colonocytes__POR__UC_vs_HC,0.0,0.0
Colonocytes__POLR2K__UC_vs_HC,0.0,0.0
Colonocytes__POLR2J__UC_vs_HC,0.0,0.0
Colonocytes__POLR2I__UC_vs_HC,0.0,0.0
Colonocytes__POLR2H__UC_vs_HC,0.0,0.0
Colonocytes__POLR2F__UC_vs_HC,0.0,0.0
Colonocytes__PSME4__UC_vs_HC,0.0,0.0
Colonocytes__PSMA6__UC_vs_HC,0.0,0.0
Colonocytes__PSMA6__UC_vs_CD,0.0,0.0
Colonocytes__PSENEN__CD_vs_HC,0.0,0.0
Colonocytes__PRUNE2__UC_vs_HC,0.0,0.0
Colonocytes__PRSS3__CD_vs_HC,0.0,0.0
Colonocytes__PRSS2__UC_vs_HC,0.0,0.0
Colonocytes__PRSS22__UC_vs_HC,0.0,0.0
Colonocytes__PRSS22__CD_vs_HC,0.0,0.0
Colonocytes__PRR15__UC_vs_HC,0.0,0.0
Colonocytes__PRKG2__UC_vs_HC,0.0,0.0
Colonocytes__PRKG2__CD_vs_HC,0.0,0.0
Colonocytes__PRKDC__CD_vs_HC,0.0,0.0
Colonocytes__PRKAB2__CD_vs_HC,0.0,0.0
Colonocytes__PRDX6__UC_vs_HC,0.0,0.0
Colonocytes__PRDX6__CD_vs_HC,0.0,0.0
Colonocytes__RAPH1__UC_vs_HC,0.0,0.0
Colonocytes__RAPH1__CD_vs_HC,0.0,0.0
Colonocytes__RAMMET__CD_vs_HC,0.0,0.0
Colonocytes__RALGAPA1__CD_vs_HC,0.0,0.0
Colonocytes__RAI14__UC_vs_HC,0.0,0.0
Colonocytes__RAI14__CD_vs_HC,0.0,0.0
Colonocytes__RAB31__UC_vs_HC,0.0,0.0
Colonocytes__RAB17__CD_vs_HC,0.0,0.0
Colonocytes__PYCARD__CD_vs_HC,0.0,0.0
Colonocytes__PTRHD1__UC_vs_HC,0.0,0.0
Colonocytes__PTRHD1__CD_vs_HC,0.0,0.0
Colonocytes__PTPRG__UC_vs_HC,0.0,0.0
Colonocytes__PTPN12__CD_vs_HC,0.0,0.0
Colonocytes__PTPN11__CD_vs_HC,0.0,0.0
Colonocytes__PTMA__UC_vs_HC,0.0,0.0
Colonocytes__PTGES3__UC_vs_HC,0.0,0.0
Colonocytes__REG1B__UC_vs_HC,0.0,0.0
Colonocytes__REG1A__UC_vs_HC,0.0,0.0
Colonocytes__REG1A__CD_vs_HC,0.0,0.0
Colonocytes__RDH5__UC_vs_HC,0.0,0.0
Colonocytes__RDH11__UC_vs_HC,0.0,0.0
Colonocytes__RBM8A__CD_vs_HC,0.0,0.0
Colonocytes__RBKS__CD_vs_HC,0.0,0.0
Colonocytes__RB1__CD_vs_HC,0.0,0.0
Colonocytes__RASSF7__UC_vs_HC,0.0,0.0
Colonocytes__RASGEF1B__UC_vs_HC,0.0,0.0
Colonocytes__RASEF__UC_vs_HC,0.0,0.0
Colonocytes__RASD2__UC_vs_HC,0.0,0.0
Colonocytes__RASAL2__UC_vs_HC,0.0,0.0
Colonocytes__RASAL2__CD_vs_HC,0.0,0.0
Colonocytes__RARRES3__UC_vs_HC,0.0,0.0
Colonocytes__RARRES3__CD_vs_HC,0.0,0.0
Colonocytes__RPP25L__CD_vs_HC,0.0,0.0
Colonocytes__RPL9__UC_vs_HC,0.0,0.0
Colonocytes__RPL39__UC_vs_HC,0.0,0.0
Colonocytes__RPL34__UC_vs_HC,0.0,0.0
Colonocytes__RNFT1__CD_vs_HC,0.0,0.0
Colonocytes__RNF7__CD_vs_HC,0.0,0.0
Colonocytes__RNF186__UC_vs_HC,0.0,0.0
Colonocytes__RNF186__CD_vs_HC,0.0,0.0
Colonocytes__RNF181__UC_vs_HC,0.0,0.0
Colonocytes__RNF181__CD_vs_HC,0.0,0.0
Colonocytes__RNF145__UC_vs_HC,0.0,0.0
Colonocytes__RND1__UC_vs_HC,0.0,0.0
Colonocytes__RIMS3__UC_vs_HC,0.0,0.0
Colonocytes__RHOU__UC_vs_HC,0.0,0.0
Colonocytes__RHOU__CD_vs_HC,0.0,0.0
Colonocytes__REX1BD__CD_vs_HC,0.0,0.0
Colonocytes__SAA2__UC_vs_HC,0.0,0.0
Colonocytes__SAA1__UC_vs_HC,0.0,0.0
Colonocytes__S100P__UC_vs_HC,0.0,0.0
Colonocytes__S100P__CD_vs_HC,0.0,0.0
Colonocytes__S100A9__UC_vs_HC,0.0,0.0
Colonocytes__S100A9__CD_vs_HC,0.0,0.0
Colonocytes__S100A8__UC_vs_HC,0.0,0.0
Colonocytes__S100A11__UC_vs_HC,0.0,0.0
Colonocytes__S100A11__CD_vs_HC,0.0,0.0
Colonocytes__RPS6KA3__UC_vs_HC,0.0,0.0
Colonocytes__RPS29__UC_vs_HC,0.0,0.0
Colonocytes__RPS28__UC_vs_HC,0.0,0.0
Colonocytes__RPS27__UC_vs_HC,0.0,0.0
Colonocytes__RPS26__UC_vs_HC,0.0,0.0
Colonocytes__RPS23__UC_vs_HC,0.0,0.0
Colonocytes__RPP25L__UC_vs_HC,0.0,0.0
Colonocytes__SEC31A__UC_vs_HC,0.0,0.0
Colonocytes__SEC24D__UC_vs_HC,0.0,0.0
Colonocytes__SEC24A__UC_vs_HC,0.0,0.0
Colonocytes__SEC24A__UC_vs_CD,0.0,0.0
Colonocytes__SEC13__UC_vs_HC,0.0,0.0
Colonocytes__SDR16C5__UC_vs_HC,0.0,0.0
Colonocytes__SDHB__UC_vs_HC,0.0,0.0
Colonocytes__SDF2__CD_vs_HC,0.0,0.0
Colonocytes__SDCBP__UC_vs_HC,0.0,0.0
Colonocytes__SDCBP2__UC_vs_HC,0.0,0.0
Colonocytes__SDCBP2__CD_vs_HC,0.0,0.0
Colonocytes__SDC1__UC_vs_HC,0.0,0.0
Colonocytes__SCD__CD_vs_HC,0.0,0.0
Colonocytes__SCARB1__CD_vs_HC,0.0,0.0
Colonocytes__SBNO2__UC_vs_HC,0.0,0.0
Colonocytes__SBNO2__CD_vs_HC,0.0,0.0
Colonocytes__SF3B6__CD_vs_HC,0.0,0.0
Colonocytes__SETX__UC_vs_HC,0.0,0.0
Colonocytes__SETD9__UC_vs_HC,0.0,0.0
Colonocytes__SESN2__UC_vs_HC,0.0,0.0
Colonocytes__SERPINB6__UC_vs_HC,0.0,0.0
Colonocytes__SERPINB6__UC_vs_CD,0.0,0.0
Colonocytes__SERPINB5__UC_vs_HC,0.0,0.0
Colonocytes__SERPINB1__UC_vs_HC,0.0,0.0
Colonocytes__SERPINA1__UC_vs_HC,0.0,0.0
Colonocytes__SEMA3C__UC_vs_HC,0.0,0.0
Colonocytes__SEMA3B__UC_vs_HC,0.0,0.0
Colonocytes__SELENBP1__UC_vs_HC,0.0,0.0
Colonocytes__SELENBP1__UC_vs_CD,0.0,0.0
Colonocytes__SEC62__CD_vs_HC,0.0,0.0
Colonocytes__SEC61A1__UC_vs_HC,0.0,0.0
Colonocytes__SEC61A1__CD_vs_HC,0.0,0.0
Colonocytes__SLC25A46__CD_vs_HC,0.0,0.0
Colonocytes__SLC25A37__UC_vs_HC,0.0,0.0
Colonocytes__SLC25A37__CD_vs_HC,0.0,0.0
Colonocytes__SLC25A28__UC_vs_HC,0.0,0.0
Colonocytes__SLC22A18AS__UC_vs_HC,0.0,0.0
Colonocytes__SLC12A2__UC_vs_HC,0.0,0.0
Colonocytes__SLC12A2__CD_vs_HC,0.0,0.0
Colonocytes__SKIL__UC_vs_HC,0.0,0.0
Colonocytes__SIPA1L1__UC_vs_HC,0.0,0.0
Colonocytes__SIPA1L1__CD_vs_HC,0.0,0.0
Colonocytes__SHH__UC_vs_HC,0.0,0.0
Colonocytes__SHH__CD_vs_HC,0.0,0.0
Colonocytes__SHB__UC_vs_HC,0.0,0.0
Colonocytes__SGMS1__UC_vs_HC,0.0,0.0
Colonocytes__SGMS1__CD_vs_HC,0.0,0.0
Colonocytes__SGK2__UC_vs_HC,0.0,0.0
Colonocytes__SLC3A1__CD_vs_HC,0.0,0.0
Colonocytes__SLC39A8__CD_vs_HC,0.0,0.0
Colonocytes__SLC39A5__UC_vs_HC,0.0,0.0
Colonocytes__SLC39A1__CD_vs_HC,0.0,0.0
Colonocytes__SLC38A1__CD_vs_HC,0.0,0.0
Colonocytes__SLC36A1__UC_vs_HC,0.0,0.0
Colonocytes__SLC35G1__UC_vs_HC,0.0,0.0
Colonocytes__SLC35G1__CD_vs_HC,0.0,0.0
Colonocytes__SLC35F5__UC_vs_HC,0.0,0.0
Colonocytes__SLC30A10__CD_vs_HC,0.0,0.0
Colonocytes__SLC2A1__UC_vs_HC,0.0,0.0
Colonocytes__SLC26A3__UC_vs_HC,0.0,0.0
Colonocytes__SLC26A2__UC_vs_HC,0.0,0.0
Colonocytes__SLC26A2__UC_vs_CD,0.0,0.0
Colonocytes__SLC25A5__UC_vs_HC,0.0,0.0
Colonocytes__SLC25A5__UC_vs_CD,0.0,0.0
Colonocytes__SLIRP__UC_vs_HC,0.0,0.0
Colonocytes__SLC9A3R1__UC_vs_HC,0.0,0.0
Colonocytes__SLC7A11__UC_vs_HC,0.0,0.0
Colonocytes__SLC7A11__CD_vs_HC,0.0,0.0
Colonocytes__SLC6A20__UC_vs_HC,0.0,0.0
Colonocytes__SLC6A20__UC_vs_CD,0.0,0.0
Colonocytes__SLC6A14__UC_vs_HC,0.0,0.0
Colonocytes__SLC6A14__CD_vs_HC,0.0,0.0
Colonocytes__SLC5A1__UC_vs_HC,0.0,0.0
Colonocytes__SLC5A1__CD_vs_HC,0.0,0.0
Colonocytes__SLC51B__UC_vs_HC,0.0,0.0
Colonocytes__SLC51B__CD_vs_HC,0.0,0.0
Colonocytes__SLC4A4__UC_vs_HC,0.0,0.0
Colonocytes__SLC4A4__UC_vs_CD,0.0,0.0
Colonocytes__SLC40A1__UC_vs_HC,0.0,0.0
Colonocytes__SLC3A1__UC_vs_HC,0.0,0.0
Colonocytes__SORD__UC_vs_HC,0.0,0.0
Colonocytes__SOD2__UC_vs_HC,0.0,0.0
Colonocytes__SOCS3__UC_vs_HC,0.0,0.0
Colonocytes__SNRPF__UC_vs_HC,0.0,0.0
Colonocytes__SNORC__CD_vs_HC,0.0,0.0
Colonocytes__SMIM7__UC_vs_HC,0.0,0.0
Colonocytes__SMIM7__CD_vs_HC,0.0,0.0
Colonocytes__SMIM6__UC_vs_CD,0.0,0.0
Colonocytes__SMIM6__CD_vs_HC,0.0,0.0
Colonocytes__SMIM20__UC_vs_HC,0.0,0.0
Colonocytes__SMIM20__CD_vs_HC,0.0,0.0
Colonocytes__SMIM2-AS1__UC_vs_HC,0.0,0.0
Colonocytes__SMIM2-AS1__CD_vs_HC,0.0,0.0
Colonocytes__SMDT1__UC_vs_HC,0.0,0.0
Colonocytes__SLPI__UC_vs_HC,0.0,0.0
Colonocytes__SLMAP__UC_vs_HC,0.0,0.0
Colonocytes__SRM__UC_vs_HC,0.0,0.0
Colonocytes__SRI__UC_vs_HC,0.0,0.0
Colonocytes__SRI__CD_vs_HC,0.0,0.0
Colonocytes__SREBF1__CD_vs_HC,0.0,0.0
Colonocytes__SRD5A3__UC_vs_HC,0.0,0.0
Colonocytes__SPRED1__CD_vs_HC,0.0,0.0
Colonocytes__SPNS2__UC_vs_HC,0.0,0.0
Colonocytes__SPINT1-AS1__UC_vs_HC,0.0,0.0
Colonocytes__SPINK5__UC_vs_HC,0.0,0.0
Colonocytes__SPINK5__CD_vs_HC,0.0,0.0
Colonocytes__SPINK1__UC_vs_HC,0.0,0.0
Colonocytes__SPIB__UC_vs_HC,0.0,0.0
Colonocytes__SPECC1__UC_vs_HC,0.0,0.0
Colonocytes__SPECC1__CD_vs_HC,0.0,0.0
Colonocytes__SPAG7__UC_vs_HC,0.0,0.0
Colonocytes__SORT1__UC_vs_HC,0.0,0.0
Colonocytes__SUMO1__CD_vs_HC,0.0,0.0
Colonocytes__SULT1A2__UC_vs_HC,0.0,0.0
Colonocytes__SULT1A2__CD_vs_HC,0.0,0.0
Colonocytes__SUCLG1__UC_vs_CD,0.0,0.0
Colonocytes__STYK1__UC_vs_HC,0.0,0.0
Colonocytes__STS__UC_vs_HC,0.0,0.0
Colonocytes__STS__CD_vs_HC,0.0,0.0
Colonocytes__STOM__UC_vs_HC,0.0,0.0
Colonocytes__STARD4__UC_vs_HC,0.0,0.0
Colonocytes__STARD10__CD_vs_HC,0.0,0.0
Colonocytes__STAP2__UC_vs_HC,0.0,0.0
Colonocytes__ST5__UC_vs_HC,0.0,0.0
Colonocytes__ST3GAL1__UC_vs_HC,0.0,0.0
Colonocytes__SSUH2__CD_vs_HC,0.0,0.0
Colonocytes__SSR4__UC_vs_HC,0.0,0.0
Colonocytes__SRSF5__UC_vs_HC,0.0,0.0
Colonocytes__TCIRG1__UC_vs_HC,0.0,0.0
Colonocytes__TCIM__UC_vs_HC,0.0,0.0
Colonocytes__TC2N__UC_vs_HC,0.0,0.0
Colonocytes__TC2N__CD_vs_HC,0.0,0.0
Colonocytes__TBRG1__UC_vs_HC,0.0,0.0
Colonocytes__TBC1D2B__UC_vs_HC,0.0,0.0
Colonocytes__TANC1__UC_vs_HC,0.0,0.0
Colonocytes__TANC1__CD_vs_HC,0.0,0.0
Colonocytes__TAF11__UC_vs_HC,0.0,0.0
Colonocytes__SYS1__CD_vs_HC,0.0,0.0
Colonocytes__SYNGR2__UC_vs_HC,0.0,0.0
Colonocytes__SYNGR2__CD_vs_HC,0.0,0.0
Colonocytes__SYNE2__CD_vs_HC,0.0,0.0
Colonocytes__SWAP70__UC_vs_HC,0.0,0.0
Colonocytes__SVIL__UC_vs_HC,0.0,0.0
Colonocytes__SUPT4H1__CD_vs_HC,0.0,0.0
Colonocytes__TM4SF1__UC_vs_CD,0.0,0.0
Colonocytes__TLE3__UC_vs_HC,0.0,0.0
Colonocytes__TLE3__CD_vs_HC,0.0,0.0
Colonocytes__TIPRL__UC_vs_HC,0.0,0.0
Colonocytes__TIPARP__UC_vs_HC,0.0,0.0
Colonocytes__TIMP2__UC_vs_CD,0.0,0.0
Colonocytes__TIMP1__UC_vs_HC,0.0,0.0
Colonocytes__TIMP1__UC_vs_CD,0.0,0.0
Colonocytes__TIMM8B__UC_vs_HC,0.0,0.0
Colonocytes__THBS1__UC_vs_HC,0.0,0.0
Colonocytes__TGM2__UC_vs_HC,0.0,0.0
Colonocytes__TGM2__CD_vs_HC,0.0,0.0
Colonocytes__TESK2__UC_vs_HC,0.0,0.0
Colonocytes__TEN1__UC_vs_HC,0.0,0.0
Colonocytes__TEN1__CD_vs_HC,0.0,0.0
Colonocytes__TEAD1__UC_vs_HC,0.0,0.0
Colonocytes__TMEM189__UC_vs_HC,0.0,0.0
Colonocytes__TMEM173__UC_vs_HC,0.0,0.0
Colonocytes__TMEM165__UC_vs_HC,0.0,0.0
Colonocytes__TMEM150B__CD_vs_HC,0.0,0.0
Colonocytes__TMEM14C__UC_vs_HC,0.0,0.0
Colonocytes__TMEM14B__UC_vs_HC,0.0,0.0
Colonocytes__TMED8__UC_vs_HC,0.0,0.0
Colonocytes__TMCO1__UC_vs_HC,0.0,0.0
Colonocytes__TMCO1__CD_vs_HC,0.0,0.0
Colonocytes__TMC6__UC_vs_HC,0.0,0.0
Colonocytes__TMC5__UC_vs_HC,0.0,0.0
Colonocytes__TMC5__CD_vs_HC,0.0,0.0
Colonocytes__TMA7__UC_vs_HC,0.0,0.0
Colonocytes__TM9SF3__UC_vs_HC,0.0,0.0
Colonocytes__TM4SF5__UC_vs_HC,0.0,0.0
Colonocytes__TM4SF1__UC_vs_HC,0.0,0.0
Colonocytes__TNNC2__CD_vs_HC,0.0,0.0
Colonocytes__TNKS1BP1__UC_vs_HC,0.0,0.0
Colonocytes__TNIP3__UC_vs_HC,0.0,0.0
Colonocytes__TNIP3__UC_vs_CD,0.0,0.0
Colonocytes__TNIP3__CD_vs_HC,0.0,0.0
Colonocytes__TNFRSF14-AS1__CD_vs_HC,0.0,0.0
Colonocytes__TMSB4X__UC_vs_HC,0.0,0.0
Colonocytes__TMSB4X__CD_vs_HC,0.0,0.0
Colonocytes__TMPRSS2__UC_vs_HC,0.0,0.0
Colonocytes__TMIGD1__UC_vs_HC,0.0,0.0
Colonocytes__TMIGD1__CD_vs_HC,0.0,0.0
Colonocytes__TMEM92__UC_vs_HC,0.0,0.0
Colonocytes__TMEM63A__UC_vs_HC,0.0,0.0
Colonocytes__TMEM59__CD_vs_HC,0.0,0.0
Colonocytes__TMEM263__UC_vs_HC,0.0,0.0
Colonocytes__TMEM263__CD_vs_HC,0.0,0.0
Colonocytes__TSTD1__UC_vs_HC,0.0,0.0
Colonocytes__TSTD1__CD_vs_HC,0.0,0.0
Colonocytes__TSTA3__UC_vs_HC,0.0,0.0
Colonocytes__TRPM6__UC_vs_HC,0.0,0.0
Colonocytes__TRIM29__UC_vs_HC,0.0,0.0
Colonocytes__TRAPPC1__UC_vs_HC,0.0,0.0
Colonocytes__TPM4__UC_vs_HC,0.0,0.0
Colonocytes__TPM4__CD_vs_HC,0.0,0.0
Colonocytes__TPD52L2__UC_vs_HC,0.0,0.0
Colonocytes__TOR1B__UC_vs_HC,0.0,0.0
Colonocytes__TOMM7__UC_vs_HC,0.0,0.0
Colonocytes__TOE1__CD_vs_HC,0.0,0.0
Colonocytes__TNS3__UC_vs_HC,0.0,0.0
Colonocytes__TNRC18__UC_vs_HC,0.0,0.0
Colonocytes__TNRC18__CD_vs_HC,0.0,0.0
Colonocytes__TNNC2__UC_vs_HC,0.0,0.0
Colonocytes__UBXN1__UC_vs_HC,0.0,0.0
Colonocytes__UBXN1__CD_vs_HC,0.0,0.0
Colonocytes__UBL5__UC_vs_HC,0.0,0.0
Colonocytes__UBL5__CD_vs_HC,0.0,0.0
Colonocytes__UBE2H__UC_vs_HC,0.0,0.0
Colonocytes__UBE2A__UC_vs_HC,0.0,0.0
Colonocytes__UBE2A__CD_vs_HC,0.0,0.0
Colonocytes__UBA6__UC_vs_HC,0.0,0.0
Colonocytes__TWF2__CD_vs_HC,0.0,0.0
Colonocytes__TUBB4B__UC_vs_HC,0.0,0.0
Colonocytes__TUBB2A__UC_vs_HC,0.0,0.0
Colonocytes__TTYH3__UC_vs_HC,0.0,0.0
Colonocytes__TTC39A__UC_vs_HC,0.0,0.0
Colonocytes__TTC39A__CD_vs_HC,0.0,0.0
Colonocytes__TST__UC_vs_HC,0.0,0.0
Colonocytes__TSTD2__UC_vs_HC,0.0,0.0
Colonocytes__VIPR1__UC_vs_HC,0.0,0.0
Colonocytes__VIL1__UC_vs_HC,0.0,0.0
Colonocytes__VDAC1__UC_vs_HC,0.0,0.0
Colonocytes__VARS__CD_vs_HC,0.0,0.0
Colonocytes__VAMP8__UC_vs_HC,0.0,0.0
Colonocytes__VAMP8__CD_vs_HC,0.0,0.0
Colonocytes__USP38__CD_vs_HC,0.0,0.0
Colonocytes__UQCRQ__UC_vs_HC,0.0,0.0
Colonocytes__UQCRH__UC_vs_HC,0.0,0.0
Colonocytes__UQCRB__UC_vs_HC,0.0,0.0
Colonocytes__UQCR11__UC_vs_HC,0.0,0.0
Colonocytes__UQCC3__UC_vs_HC,0.0,0.0
Colonocytes__UNC13D__UC_vs_HC,0.0,0.0
Colonocytes__UNC13B__CD_vs_HC,0.0,0.0
Colonocytes__UGT1A1__CD_vs_HC,0.0,0.0
Colonocytes__UGDH__UC_vs_HC,0.0,0.0
Colonocytes__XPNPEP2__CD_vs_HC,0.0,0.0
Colonocytes__XDH__UC_vs_HC,0.0,0.0
Colonocytes__XDH__CD_vs_HC,0.0,0.0
Colonocytes__WWP1__CD_vs_HC,0.0,0.0
Colonocytes__WDR83OS__UC_vs_HC,0.0,0.0
Colonocytes__WDR45__CD_vs_HC,0.0,0.0
Colonocytes__WDR34__CD_vs_HC,0.0,0.0
Colonocytes__WDR18__CD_vs_HC,0.0,0.0
Colonocytes__VWA1__UC_vs_HC,0.0,0.0
Colonocytes__VWA1__CD_vs_HC,0.0,0.0
Colonocytes__VSIR__UC_vs_HC,0.0,0.0
Colonocytes__VSIR__CD_vs_HC,0.0,0.0
Colonocytes__VPS28__CD_vs_HC,0.0,0.0
Colonocytes__VNN1__UC_vs_HC,0.0,0.0
Colonocytes__VNN1__UC_vs_CD,0.0,0.0
Colonocytes__VNN1__CD_vs_HC,0.0,0.0
Epithelium_Ribhi__ADIRF__UC_vs_HC,0.0,0.0
Epithelium_Ribhi__ADIRF__CD_vs_HC,0.0,0.0
Epithelium_Ribhi__ADH1C__UC_vs_HC,0.0,0.0
Epithelium_Ribhi__ADGRG6__UC_vs_HC,0.0,0.0
Epithelium_Ribhi__AC005920.1__CD_vs_HC,0.0,0.0
Endothelium__TXNIP__UC_vs_HC,0.0,0.0
Endothelium__GSN__UC_vs_HC,0.0,0.0
Endothelium__FABP5__UC_vs_HC,0.0,0.0
Endothelium__CD36__UC_vs_HC,0.0,0.0
Colonocytes__ZNFX1__UC_vs_HC,0.0,0.0
Colonocytes__ZNFX1__CD_vs_HC,0.0,0.0
Colonocytes__ZMYM4__CD_vs_HC,0.0,0.0
Colonocytes__ZG16B__UC_vs_HC,0.0,0.0
Colonocytes__ZFAS1__UC_vs_HC,0.0,0.0
Colonocytes__ZBP1__UC_vs_HC,0.0,0.0
Colonocytes__YES1__UC_vs_HC,0.0,0.0
Epithelium_Ribhi__CCDC167__UC_vs_HC,0.0,0.0
Epithelium_Ribhi__CASP10__UC_vs_HC,0.0,0.0
Epithelium_Ribhi__CAPRIN1__CD_vs_HC,0.0,0.0
Epithelium_Ribhi__CADM1__UC_vs_HC,0.0,0.0
Epithelium_Ribhi__CA2__UC_vs_HC,0.0,0.0
Epithelium_Ribhi__CA1__UC_vs_HC,0.0,0.0
Epithelium_Ribhi__C4BPB__UC_vs_HC,0.0,0.0
Epithelium_Ribhi__C2__CD_vs_HC,0.0,0.0
Epithelium_Ribhi__BICDL1__UC_vs_HC,0.0,0.0
Epithelium_Ribhi__BAIAP2L1__UC_vs_HC,0.0,0.0
Epithelium_Ribhi__BACE2__CD_vs_HC,0.0,0.0
Epithelium_Ribhi__ASS1__UC_vs_HC,0.0,0.0
Epithelium_Ribhi__ASS1__CD_vs_HC,0.0,0.0
Epithelium_Ribhi__ARFGAP3__UC_vs_HC,0.0,0.0
Epithelium_Ribhi__ANXA1__UC_vs_HC,0.0,0.0
Epithelium_Ribhi__AGPAT4__UC_vs_HC,0.0,0.0
Epithelium_Ribhi__DUOX2__CD_vs_HC,0.0,0.0
Epithelium_Ribhi__DTX3L__CD_vs_HC,0.0,0.0
Epithelium_Ribhi__DMBT1__UC_vs_HC,0.0,0.0
Epithelium_Ribhi__DMBT1__CD_vs_HC,0.0,0.0
Epithelium_Ribhi__DHRS11__UC_vs_HC,0.0,0.0
Epithelium_Ribhi__CXCL1__UC_vs_HC,0.0,0.0
Epithelium_Ribhi__CLDN2__UC_vs_HC,0.0,0.0
Epithelium_Ribhi__CFB__UC_vs_HC,0.0,0.0
Epithelium_Ribhi__CFB__CD_vs_HC,0.0,0.0
Epithelium_Ribhi__CEACAM6__UC_vs_HC,0.0,0.0
Epithelium_Ribhi__CEACAM5__UC_vs_HC,0.0,0.0
Epithelium_Ribhi__CEACAM5__CD_vs_HC,0.0,0.0
Epithelium_Ribhi__CDKN2B-AS1__CD_vs_HC,0.0,0.0
Epithelium_Ribhi__CDHR1__UC_vs_HC,0.0,0.0
Epithelium_Ribhi__CCL28__UC_vs_HC,0.0,0.0
Epithelium_Ribhi__CCL20__UC_vs_HC,0.0,0.0
Epithelium_Ribhi__GCNT3__UC_vs_HC,0.0,0.0
Epithelium_Ribhi__GCNT3__UC_vs_CD,0.0,0.0
Epithelium_Ribhi__FXYD5__UC_vs_HC,0.0,0.0
Epithelium_Ribhi__FXYD3__CD_vs_HC,0.0,0.0
Epithelium_Ribhi__FFAR4__UC_vs_HC,0.0,0.0
Epithelium_Ribhi__FADS2__CD_vs_HC,0.0,0.0
Epithelium_Ribhi__FABP1__UC_vs_HC,0.0,0.0
Epithelium_Ribhi__F3__UC_vs_HC,0.0,0.0
Epithelium_Ribhi__EPRS__UC_vs_HC,0.0,0.0
Epithelium_Ribhi__EPB41L2__UC_vs_HC,0.0,0.0
Epithelium_Ribhi__ENTPD5__UC_vs_HC,0.0,0.0
Epithelium_Ribhi__ELOVL5__CD_vs_HC,0.0,0.0
Epithelium_Ribhi__EDN1__CD_vs_HC,0.0,0.0
Epithelium_Ribhi__DUOXA2__UC_vs_HC,0.0,0.0
Epithelium_Ribhi__DUOXA2__CD_vs_HC,0.0,0.0
Epithelium_Ribhi__DUOX2__UC_vs_HC,0.0,0.0
Epithelium_Ribhi__IGHG2__CD_vs_HC,0.0,0.0
Epithelium_Ribhi__IGHG1__UC_vs_HC,0.0,0.0
Epithelium_Ribhi__IGHG1__CD_vs_HC,0.0,0.0
Epithelium_Ribhi__IFIT3__CD_vs_HC,0.0,0.0
Epithelium_Ribhi__ID2__UC_vs_HC,0.0,0.0
Epithelium_Ribhi__HSP90B1__UC_vs_HC,0.0,0.0
Epithelium_Ribhi__HSD17B2__CD_vs_HC,0.0,0.0
Epithelium_Ribhi__HMGCS2__UC_vs_HC,0.0,0.0
Epithelium_Ribhi__HLA-DRA__CD_vs_HC,0.0,0.0
Epithelium_Ribhi__HLA-DPB1__CD_vs_HC,0.0,0.0
Epithelium_Ribhi__HK2__UC_vs_HC,0.0,0.0
Epithelium_Ribhi__HIST3H2A__CD_vs_HC,0.0,0.0
Epithelium_Ribhi__HIF1A__UC_vs_HC,0.0,0.0
Epithelium_Ribhi__GPR160__UC_vs_HC,0.0,0.0
Epithelium_Ribhi__GLRX__UC_vs_HC,0.0,0.0
Epithelium_Ribhi__GLRX__UC_vs_CD,0.0,0.0
Epithelium_Ribhi__MMP7__UC_vs_HC,0.0,0.0
Epithelium_Ribhi__MMP7__UC_vs_CD,0.0,0.0
Epithelium_Ribhi__MKI67__CD_vs_HC,0.0,0.0
Epithelium_Ribhi__MIR4435-2HG__UC_vs_HC,0.0,0.0
Epithelium_Ribhi__MGAM2__UC_vs_HC,0.0,0.0
Epithelium_Ribhi__LPCAT1__UC_vs_HC,0.0,0.0
Epithelium_Ribhi__LGALS4__UC_vs_HC,0.0,0.0
Epithelium_Ribhi__LGALS4__CD_vs_HC,0.0,0.0
Epithelium_Ribhi__LCN2__UC_vs_HC,0.0,0.0
Epithelium_Ribhi__LCN2__CD_vs_HC,0.0,0.0
Epithelium_Ribhi__KRT17__UC_vs_HC,0.0,0.0
Epithelium_Ribhi__KLF7__UC_vs_HC,0.0,0.0
Epithelium_Ribhi__KCND3__UC_vs_HC,0.0,0.0
Epithelium_Ribhi__KCND3__CD_vs_HC,0.0,0.0
Epithelium_Ribhi__IGHM__CD_vs_HC,0.0,0.0
Epithelium_Ribhi__IGHG3__CD_vs_HC,0.0,0.0
Epithelium_Ribhi__OLFM4__UC_vs_HC,0.0,0.0
Epithelium_Ribhi__OLFM4__CD_vs_HC,0.0,0.0
Epithelium_Ribhi__MUC1__UC_vs_HC,0.0,0.0
Epithelium_Ribhi__MUC1__CD_vs_HC,0.0,0.0
Epithelium_Ribhi__MT2A__UC_vs_HC,0.0,0.0
Epithelium_Ribhi__MT2A__CD_vs_HC,0.0,0.0
Epithelium_Ribhi__MT1X__UC_vs_HC,0.0,0.0
Epithelium_Ribhi__MT1X__CD_vs_HC,0.0,0.0
Epithelium_Ribhi__MT1M__UC_vs_HC,0.0,0.0
Epithelium_Ribhi__MT1H__UC_vs_HC,0.0,0.0
Epithelium_Ribhi__MT1H__CD_vs_HC,0.0,0.0
Epithelium_Ribhi__MT1G__UC_vs_HC,0.0,0.0
Epithelium_Ribhi__MT1G__CD_vs_HC,0.0,0.0
Epithelium_Ribhi__MT1F__UC_vs_HC,0.0,0.0
Epithelium_Ribhi__MT1F__CD_vs_HC,0.0,0.0
Epithelium_Ribhi__MT1E__UC_vs_HC,0.0,0.0
Epithelium_Ribhi__REG3A__UC_vs_HC,0.0,0.0
Epithelium_Ribhi__REG3A__CD_vs_HC,0.0,0.0
Epithelium_Ribhi__REG1B__UC_vs_HC,0.0,0.0
Epithelium_Ribhi__REG1B__CD_vs_HC,0.0,0.0
Epithelium_Ribhi__REG1A__UC_vs_HC,0.0,0.0
Epithelium_Ribhi__REG1A__CD_vs_HC,0.0,0.0
Epithelium_Ribhi__PTGER4__CD_vs_HC,0.0,0.0
Epithelium_Ribhi__PRSS22__UC_vs_HC,0.0,0.0
Epithelium_Ribhi__PMEPA1__UC_vs_HC,0.0,0.0
Epithelium_Ribhi__PLEKHS1__CD_vs_HC,0.0,0.0
Epithelium_Ribhi__PI3__UC_vs_HC,0.0,0.0
Epithelium_Ribhi__PDIA4__UC_vs_HC,0.0,0.0
Epithelium_Ribhi__PCK1__UC_vs_HC,0.0,0.0
Epithelium_Ribhi__PARP14__UC_vs_HC,0.0,0.0
Epithelium_Ribhi__PARP14__CD_vs_HC,0.0,0.0
Epithelium_Ribhi__OTOP2__CD_vs_HC,0.0,0.0
Epithelium_Ribhi__SPINK4__CD_vs_HC,0.0,0.0
Epithelium_Ribhi__SPCS3__UC_vs_HC,0.0,0.0
Epithelium_Ribhi__SLC6A14__UC_vs_HC,0.0,0.0
Epithelium_Ribhi__SLC5A1__CD_vs_HC,0.0,0.0
Epithelium_Ribhi__SLC40A1__UC_vs_HC,0.0,0.0
Epithelium_Ribhi__SLC28A3__UC_vs_HC,0.0,0.0
Epithelium_Ribhi__SLC26A2__UC_vs_HC,0.0,0.0
Epithelium_Ribhi__SLC25A37__UC_vs_HC,0.0,0.0
Epithelium_Ribhi__SLC25A37__CD_vs_HC,0.0,0.0
Epithelium_Ribhi__SELENBP1__UC_vs_HC,0.0,0.0
Epithelium_Ribhi__SCN9A__UC_vs_HC,0.0,0.0
Epithelium_Ribhi__SBNO2__CD_vs_HC,0.0,0.0
Epithelium_Ribhi__SAA2__UC_vs_HC,0.0,0.0
Epithelium_Ribhi__SAA1__UC_vs_HC,0.0,0.0
Epithelium_Ribhi__S100P__UC_vs_HC,0.0,0.0
Epithelium_Ribhi__S100A9__UC_vs_HC,0.0,0.0
Fibroblast_(subtipo_indeterminado)__ACP5__UC_vs_HC,0.0,0.0
Fibroblast_(subtipo_indeterminado)__ACP5__CD_vs_HC,0.0,0.0
Fibroblast_(subtipo_indeterminado)__AC016831.1__UC_vs_HC,0.0,0.0
Fibroblast_(subtipo_indeterminado)__ABCA6__CD_vs_HC,0.0,0.0
Fibroblast_(subtipo_indeterminado)__ABCA10__CD_vs_HC,0.0,0.0
Epithelium_Ribhi__ZG16__UC_vs_HC,0.0,0.0
Epithelium_Ribhi__USP38__CD_vs_HC,0.0,0.0
Epithelium_Ribhi__TPM4__UC_vs_HC,0.0,0.0
Epithelium_Ribhi__TPM4__CD_vs_HC,0.0,0.0
Epithelium_Ribhi__TNIP3__UC_vs_HC,0.0,0.0
Epithelium_Ribhi__TMC5__UC_vs_HC,0.0,0.0
Epithelium_Ribhi__TMC5__CD_vs_HC,0.0,0.0
Epithelium_Ribhi__TIPARP__CD_vs_HC,0.0,0.0
Epithelium_Ribhi__TIMP1__UC_vs_HC,0.0,0.0
Epithelium_Ribhi__STOM__UC_vs_HC,0.0,0.0
Epithelium_Ribhi__SSR3__UC_vs_HC,0.0,0.0
Fibroblast_(subtipo_indeterminado)__APOD__UC_vs_HC,0.0,0.0
Fibroblast_(subtipo_indeterminado)__ANKRD16__UC_vs_HC,0.0,0.0
Fibroblast_(subtipo_indeterminado)__ANGPTL1__UC_vs_HC,0.0,0.0
Fibroblast_(subtipo_indeterminado)__ALDH1B1__CD_vs_HC,0.0,0.0
Fibroblast_(subtipo_indeterminado)__AL355075.4__UC_vs_HC,0.0,0.0
Fibroblast_(subtipo_indeterminado)__AL136295.5__UC_vs_HC,0.0,0.0
Fibroblast_(subtipo_indeterminado)__AKR1C1__UC_vs_HC,0.0,0.0
Fibroblast_(subtipo_indeterminado)__AHNAK__UC_vs_HC,0.0,0.0
Fibroblast_(subtipo_indeterminado)__AGT__UC_vs_HC,0.0,0.0
Fibroblast_(subtipo_indeterminado)__AGT__UC_vs_CD,0.0,0.0
Fibroblast_(subtipo_indeterminado)__ADCY7__UC_vs_HC,0.0,0.0
Fibroblast_(subtipo_indeterminado)__ADAMTS6__UC_vs_HC,0.0,0.0
Fibroblast_(subtipo_indeterminado)__ADAMTS6__CD_vs_HC,0.0,0.0
Fibroblast_(subtipo_indeterminado)__ADAMDEC1__UC_vs_HC,0.0,0.0
Fibroblast_(subtipo_indeterminado)__ADAMDEC1__CD_vs_HC,0.0,0.0
Fibroblast_(subtipo_indeterminado)__ACSL1__CD_vs_HC,0.0,0.0
Fibroblast_(subtipo_indeterminado)__CCDC71L__UC_vs_HC,0.0,0.0
Fibroblast_(subtipo_indeterminado)__CCDC102B__CD_vs_HC,0.0,0.0
Fibroblast_(subtipo_indeterminado)__CADM3__UC_vs_HC,0.0,0.0
Fibroblast_(subtipo_indeterminado)__CADM3__CD_vs_HC,0.0,0.0
Fibroblast_(subtipo_indeterminado)__CACNA1C__UC_vs_HC,0.0,0.0
Fibroblast_(subtipo_indeterminado)__CA12__CD_vs_HC,0.0,0.0
Fibroblast_(subtipo_indeterminado)__C1orf56__UC_vs_HC,0.0,0.0
Fibroblast_(subtipo_indeterminado)__C1QTNF1__CD_vs_HC,0.0,0.0
Fibroblast_(subtipo_indeterminado)__C16orf87__UC_vs_HC,0.0,0.0
Fibroblast_(subtipo_indeterminado)__BTG3__CD_vs_HC,0.0,0.0
Fibroblast_(subtipo_indeterminado)__BCL3__UC_vs_HC,0.0,0.0
Fibroblast_(subtipo_indeterminado)__ASL__UC_vs_HC,0.0,0.0
Fibroblast_(subtipo_indeterminado)__ASAP1__UC_vs_HC,0.0,0.0
Fibroblast_(subtipo_indeterminado)__ARHGAP28__UC_vs_HC,0.0,0.0
Fibroblast_(subtipo_indeterminado)__ARHGAP15__UC_vs_HC,0.0,0.0
Fibroblast_(subtipo_indeterminado)__ARAP1__UC_vs_HC,0.0,0.0
Fibroblast_(subtipo_indeterminado)__CLU__CD_vs_HC,0.0,0.0
Fibroblast_(subtipo_indeterminado)__CLN5__CD_vs_HC,0.0,0.0
Fibroblast_(subtipo_indeterminado)__CISD1__UC_vs_HC,0.0,0.0
Fibroblast_(subtipo_indeterminado)__CHRDL2__UC_vs_HC,0.0,0.0
Fibroblast_(subtipo_indeterminado)__CHRDL2__CD_vs_HC,0.0,0.0
Fibroblast_(subtipo_indeterminado)__CHI3L2__UC_vs_HC,0.0,0.0
Fibroblast_(subtipo_indeterminado)__CHI3L2__CD_vs_HC,0.0,0.0
Fibroblast_(subtipo_indeterminado)__CHI3L1__UC_vs_HC,0.0,0.0
Fibroblast_(subtipo_indeterminado)__CHI3L1__CD_vs_HC,0.0,0.0
Fibroblast_(subtipo_indeterminado)__CFB__UC_vs_HC,0.0,0.0
Fibroblast_(subtipo_indeterminado)__CEMIP__UC_vs_HC,0.0,0.0
Fibroblast_(subtipo_indeterminado)__CEMIP__CD_vs_HC,0.0,0.0
Fibroblast_(subtipo_indeterminado)__CDKN1A__UC_vs_HC,0.0,0.0
Fibroblast_(subtipo_indeterminado)__CD83__UC_vs_HC,0.0,0.0
Fibroblast_(subtipo_indeterminado)__CD82__UC_vs_HC,0.0,0.0
Fibroblast_(subtipo_indeterminado)__CD82__CD_vs_HC,0.0,0.0
Fibroblast_(subtipo_indeterminado)__CXCL3__CD_vs_HC,0.0,0.0
Fibroblast_(subtipo_indeterminado)__CXCL2__UC_vs_HC,0.0,0.0
Fibroblast_(subtipo_indeterminado)__CTSK__UC_vs_HC,0.0,0.0
Fibroblast_(subtipo_indeterminado)__CSF3__UC_vs_HC,0.0,0.0
Fibroblast_(subtipo_indeterminado)__CSF3__CD_vs_HC,0.0,0.0
Fibroblast_(subtipo_indeterminado)__CPXM1__UC_vs_HC,0.0,0.0
Fibroblast_(subtipo_indeterminado)__CPXM1__CD_vs_HC,0.0,0.0
Fibroblast_(subtipo_indeterminado)__COL4A1__CD_vs_HC,0.0,0.0
Fibroblast_(subtipo_indeterminado)__COL23A1__UC_vs_HC,0.0,0.0
Fibroblast_(subtipo_indeterminado)__COL23A1__CD_vs_HC,0.0,0.0
Fibroblast_(subtipo_indeterminado)__COL15A1__UC_vs_HC,0.0,0.0
Fibroblast_(subtipo_indeterminado)__COL15A1__UC_vs_CD,0.0,0.0
Fibroblast_(subtipo_indeterminado)__COL13A1__UC_vs_HC,0.0,0.0
Fibroblast_(subtipo_indeterminado)__COL13A1__CD_vs_HC,0.0,0.0
Fibroblast_(subtipo_indeterminado)__COL12A1__CD_vs_HC,0.0,0.0
Fibroblast_(subtipo_indeterminado)__CLU__UC_vs_HC,0.0,0.0
Fibroblast_(subtipo_indeterminado)__EMCN__CD_vs_HC,0.0,0.0
Fibroblast_(subtipo_indeterminado)__EMC6__CD_vs_HC,0.0,0.0
Fibroblast_(subtipo_indeterminado)__EGLN3__CD_vs_HC,0.0,0.0
Fibroblast_(subtipo_indeterminado)__EGFL6__UC_vs_HC,0.0,0.0
Fibroblast_(subtipo_indeterminado)__EGFL6__CD_vs_HC,0.0,0.0
Fibroblast_(subtipo_indeterminado)__EFNB2__UC_vs_HC,0.0,0.0
Fibroblast_(subtipo_indeterminado)__EDNRA__CD_vs_HC,0.0,0.0
Fibroblast_(subtipo_indeterminado)__EBF1__CD_vs_HC,0.0,0.0
Fibroblast_(subtipo_indeterminado)__DUSP23__CD_vs_HC,0.0,0.0
Fibroblast_(subtipo_indeterminado)__DNTTIP1__CD_vs_HC,0.0,0.0
Fibroblast_(subtipo_indeterminado)__DNPH1__CD_vs_HC,0.0,0.0
Fibroblast_(subtipo_indeterminado)__DHRS7C__UC_vs_HC,0.0,0.0
Fibroblast_(subtipo_indeterminado)__DHRS7C__CD_vs_HC,0.0,0.0
Fibroblast_(subtipo_indeterminado)__DES__CD_vs_HC,0.0,0.0
Fibroblast_(subtipo_indeterminado)__DCUN1D5__CD_vs_HC,0.0,0.0
Fibroblast_(subtipo_indeterminado)__DAAM2__UC_vs_HC,0.0,0.0
Fibroblast_(subtipo_indeterminado)__FLNA__CD_vs_HC,0.0,0.0
Fibroblast_(subtipo_indeterminado)__FDCSP__UC_vs_HC,0.0,0.0
Fibroblast_(subtipo_indeterminado)__FBLN2__UC_vs_HC,0.0,0.0
Fibroblast_(subtipo_indeterminado)__FBLN2__CD_vs_HC,0.0,0.0
Fibroblast_(subtipo_indeterminado)__FAXDC2__UC_vs_HC,0.0,0.0
Fibroblast_(subtipo_indeterminado)__FAP__UC_vs_HC,0.0,0.0
Fibroblast_(subtipo_indeterminado)__FAP__CD_vs_HC,0.0,0.0
Fibroblast_(subtipo_indeterminado)__FAM215B__UC_vs_HC,0.0,0.0
Fibroblast_(subtipo_indeterminado)__FAM213A__UC_vs_HC,0.0,0.0
Fibroblast_(subtipo_indeterminado)__FAM20C__UC_vs_HC,0.0,0.0
Fibroblast_(subtipo_indeterminado)__FABP1__UC_vs_HC,0.0,0.0
Fibroblast_(subtipo_indeterminado)__F10__CD_vs_HC,0.0,0.0
Fibroblast_(subtipo_indeterminado)__ETS1__CD_vs_HC,0.0,0.0
Fibroblast_(subtipo_indeterminado)__EREG__CD_vs_HC,0.0,0.0
Fibroblast_(subtipo_indeterminado)__EPHX1__CD_vs_HC,0.0,0.0
Fibroblast_(subtipo_indeterminado)__EMCN__UC_vs_HC,0.0,0.0
Fibroblast_(subtipo_indeterminado)__GSTM5__UC_vs_HC,0.0,0.0
Fibroblast_(subtipo_indeterminado)__GSTM5__CD_vs_HC,0.0,0.0
Fibroblast_(subtipo_indeterminado)__GSN__UC_vs_HC,0.0,0.0
Fibroblast_(subtipo_indeterminado)__GSN__CD_vs_HC,0.0,0.0
Fibroblast_(subtipo_indeterminado)__GREM1__CD_vs_HC,0.0,0.0
Fibroblast_(subtipo_indeterminado)__GPX3__UC_vs_HC,0.0,0.0
Fibroblast_(subtipo_indeterminado)__GPX3__CD_vs_HC,0.0,0.0
Fibroblast_(subtipo_indeterminado)__GLRX2__CD_vs_HC,0.0,0.0
Fibroblast_(subtipo_indeterminado)__GADD45B__UC_vs_HC,0.0,0.0
Fibroblast_(subtipo_indeterminado)__FZD1__UC_vs_HC,0.0,0.0
Fibroblast_(subtipo_indeterminado)__FXYD6__UC_vs_HC,0.0,0.0
Fibroblast_(subtipo_indeterminado)__FXYD6__CD_vs_HC,0.0,0.0
Fibroblast_(subtipo_indeterminado)__FXYD1__UC_vs_HC,0.0,0.0
Fibroblast_(subtipo_indeterminado)__FTH1__CD_vs_HC,0.0,0.0
Fibroblast_(subtipo_indeterminado)__FRMD6-AS1__CD_vs_HC,0.0,0.0
Fibroblast_(subtipo_indeterminado)__FN1__UC_vs_HC,0.0,0.0
Fibroblast_(subtipo_indeterminado)__IER3__CD_vs_HC,0.0,0.0
Fibroblast_(subtipo_indeterminado)__HSPB6__UC_vs_HC,0.0,0.0
Fibroblast_(subtipo_indeterminado)__HSPA5__UC_vs_HC,0.0,0.0
Fibroblast_(subtipo_indeterminado)__HSP90AA1__CD_vs_HC,0.0,0.0
Fibroblast_(subtipo_indeterminado)__HOPX__CD_vs_HC,0.0,0.0
Fibroblast_(subtipo_indeterminado)__HMGB2__UC_vs_HC,0.0,0.0
Fibroblast_(subtipo_indeterminado)__HIF1A__UC_vs_HC,0.0,0.0
Fibroblast_(subtipo_indeterminado)__HIF1A__CD_vs_HC,0.0,0.0
Fibroblast_(subtipo_indeterminado)__HGF__UC_vs_HC,0.0,0.0
Fibroblast_(subtipo_indeterminado)__HELZ2__UC_vs_HC,0.0,0.0
Fibroblast_(subtipo_indeterminado)__HAAO__UC_vs_HC,0.0,0.0
Fibroblast_(subtipo_indeterminado)__GULP1__UC_vs_HC,0.0,0.0
Fibroblast_(subtipo_indeterminado)__GUK1__CD_vs_HC,0.0,0.0
Fibroblast_(subtipo_indeterminado)__GUCY1B1__UC_vs_HC,0.0,0.0
Fibroblast_(subtipo_indeterminado)__GUCY1B1__CD_vs_HC,0.0,0.0
Fibroblast_(subtipo_indeterminado)__GUCY1A1__CD_vs_HC,0.0,0.0
Fibroblast_(subtipo_indeterminado)__LAG3__UC_vs_HC,0.0,0.0
Fibroblast_(subtipo_indeterminado)__KPNA1__CD_vs_HC,0.0,0.0
Fibroblast_(subtipo_indeterminado)__KLHL5__UC_vs_HC,0.0,0.0
Fibroblast_(subtipo_indeterminado)__KLHL5__CD_vs_HC,0.0,0.0
Fibroblast_(subtipo_indeterminado)__KIAA1217__UC_vs_HC,0.0,0.0
Fibroblast_(subtipo_indeterminado)__KIAA0930__UC_vs_HC,0.0,0.0
Fibroblast_(subtipo_indeterminado)__KHDRBS3__UC_vs_HC,0.0,0.0
Fibroblast_(subtipo_indeterminado)__ITIH5__UC_vs_HC,0.0,0.0
Fibroblast_(subtipo_indeterminado)__ITGAV__CD_vs_HC,0.0,0.0
Fibroblast_(subtipo_indeterminado)__ISG20__UC_vs_HC,0.0,0.0
Fibroblast_(subtipo_indeterminado)__IRF8__UC_vs_HC,0.0,0.0
Fibroblast_(subtipo_indeterminado)__IGFBP5__UC_vs_HC,0.0,0.0
Fibroblast_(subtipo_indeterminado)__IGFBP5__CD_vs_HC,0.0,0.0
Fibroblast_(subtipo_indeterminado)__IGFBP4__UC_vs_HC,0.0,0.0
Fibroblast_(subtipo_indeterminado)__IGFBP4__CD_vs_HC,0.0,0.0
Fibroblast_(subtipo_indeterminado)__IFT81__UC_vs_HC,0.0,0.0
Fibroblast_(subtipo_indeterminado)__MATN2__UC_vs_HC,0.0,0.0
Fibroblast_(subtipo_indeterminado)__MATN2__CD_vs_HC,0.0,0.0
Fibroblast_(subtipo_indeterminado)__MARCH2__UC_vs_HC,0.0,0.0
Fibroblast_(subtipo_indeterminado)__MAMDC2__UC_vs_HC,0.0,0.0
Fibroblast_(subtipo_indeterminado)__MAFB__UC_vs_HC,0.0,0.0
Fibroblast_(subtipo_indeterminado)__MAB21L2__UC_vs_HC,0.0,0.0
Fibroblast_(subtipo_indeterminado)__LXN__UC_vs_HC,0.0,0.0
Fibroblast_(subtipo_indeterminado)__LXN__UC_vs_CD,0.0,0.0
Fibroblast_(subtipo_indeterminado)__LTBP1__CD_vs_HC,0.0,0.0
Fibroblast_(subtipo_indeterminado)__LSP1__UC_vs_HC,0.0,0.0
Fibroblast_(subtipo_indeterminado)__LSP1__CD_vs_HC,0.0,0.0
Fibroblast_(subtipo_indeterminado)__LRRC59__CD_vs_HC,0.0,0.0
Fibroblast_(subtipo_indeterminado)__LINC01082__UC_vs_HC,0.0,0.0
Fibroblast_(subtipo_indeterminado)__LGALS4__UC_vs_HC,0.0,0.0
Fibroblast_(subtipo_indeterminado)__LDLRAD3__UC_vs_HC,0.0,0.0
Fibroblast_(subtipo_indeterminado)__LDLRAD3__CD_vs_HC,0.0,0.0
Fibroblast_(subtipo_indeterminado)__MSANTD3__CD_vs_HC,0.0,0.0
Fibroblast_(subtipo_indeterminado)__MRPL14__UC_vs_HC,0.0,0.0
Fibroblast_(subtipo_indeterminado)__MRAS__UC_vs_HC,0.0,0.0
Fibroblast_(subtipo_indeterminado)__MPHOSPH6__UC_vs_HC,0.0,0.0
Fibroblast_(subtipo_indeterminado)__MMP3__UC_vs_HC,0.0,0.0
Fibroblast_(subtipo_indeterminado)__MMP3__CD_vs_HC,0.0,0.0
Fibroblast_(subtipo_indeterminado)__MMP11__UC_vs_HC,0.0,0.0
Fibroblast_(subtipo_indeterminado)__MMD__UC_vs_HC,0.0,0.0
Fibroblast_(subtipo_indeterminado)__MKNK2__UC_vs_HC,0.0,0.0
Fibroblast_(subtipo_indeterminado)__MIR4435-2HG__UC_vs_HC,0.0,0.0
Fibroblast_(subtipo_indeterminado)__MIR4435-2HG__CD_vs_HC,0.0,0.0
Fibroblast_(subtipo_indeterminado)__MIF__CD_vs_HC,0.0,0.0
Fibroblast_(subtipo_indeterminado)__METTL26__CD_vs_HC,0.0,0.0
Fibroblast_(subtipo_indeterminado)__MEG8__CD_vs_HC,0.0,0.0
Fibroblast_(subtipo_indeterminado)__MEG3__UC_vs_HC,0.0,0.0
Fibroblast_(subtipo_indeterminado)__MEG3__CD_vs_HC,0.0,0.0
Fibroblast_(subtipo_indeterminado)__NPY__UC_vs_HC,0.0,0.0
Fibroblast_(subtipo_indeterminado)__NOTCH3__CD_vs_HC,0.0,0.0
Fibroblast_(subtipo_indeterminado)__NMNAT3__CD_vs_HC,0.0,0.0
Fibroblast_(subtipo_indeterminado)__NINJ1__CD_vs_HC,0.0,0.0
Fibroblast_(subtipo_indeterminado)__NDRG2__UC_vs_HC,0.0,0.0
Fibroblast_(subtipo_indeterminado)__NAA10__CD_vs_HC,0.0,0.0
Fibroblast_(subtipo_indeterminado)__MYOCD__CD_vs_HC,0.0,0.0
Fibroblast_(subtipo_indeterminado)__MYO1B__UC_vs_HC,0.0,0.0
Fibroblast_(subtipo_indeterminado)__MYO1B__CD_vs_HC,0.0,0.0
Fibroblast_(subtipo_indeterminado)__MYLIP__UC_vs_HC,0.0,0.0
Fibroblast_(subtipo_indeterminado)__MYDGF__CD_vs_HC,0.0,0.0
Fibroblast_(subtipo_indeterminado)__MX1__UC_vs_HC,0.0,0.0
Fibroblast_(subtipo_indeterminado)__MTRNR2L8__UC_vs_HC,0.0,0.0
Fibroblast_(subtipo_indeterminado)__MTRNR2L10__UC_vs_HC,0.0,0.0
Fibroblast_(subtipo_indeterminado)__MTHFD2__CD_vs_HC,0.0,0.0
Fibroblast_(subtipo_indeterminado)__MSC__CD_vs_HC,0.0,0.0
Fibroblast_(subtipo_indeterminado)__PDPN__UC_vs_HC,0.0,0.0
Fibroblast_(subtipo_indeterminado)__PDPN__CD_vs_HC,0.0,0.0
Fibroblast_(subtipo_indeterminado)__PDK4__UC_vs_HC,0.0,0.0
Fibroblast_(subtipo_indeterminado)__PDE3A__CD_vs_HC,0.0,0.0
Fibroblast_(subtipo_indeterminado)__PCMTD1__UC_vs_HC,0.0,0.0
Fibroblast_(subtipo_indeterminado)__PCED1A__UC_vs_HC,0.0,0.0
Fibroblast_(subtipo_indeterminado)__PCDH19__UC_vs_HC,0.0,0.0
Fibroblast_(subtipo_indeterminado)__PAN2__UC_vs_HC,0.0,0.0
Fibroblast_(subtipo_indeterminado)__PAM__UC_vs_HC,0.0,0.0
Fibroblast_(subtipo_indeterminado)__PAMR1__CD_vs_HC,0.0,0.0
Fibroblast_(subtipo_indeterminado)__PALM__UC_vs_HC,0.0,0.0
Fibroblast_(subtipo_indeterminado)__PAF1__UC_vs_HC,0.0,0.0
Fibroblast_(subtipo_indeterminado)__P2RY14__CD_vs_HC,0.0,0.0
Fibroblast_(subtipo_indeterminado)__P2RX1__UC_vs_HC,0.0,0.0
Fibroblast_(subtipo_indeterminado)__NXF1__CD_vs_HC,0.0,0.0
Fibroblast_(subtipo_indeterminado)__NREP__CD_vs_HC,0.0,0.0
Fibroblast_(subtipo_indeterminado)__PPM1N__UC_vs_HC,0.0,0.0
Fibroblast_(subtipo_indeterminado)__PPIB__UC_vs_HC,0.0,0.0
Fibroblast_(subtipo_indeterminado)__POLR2A__UC_vs_HC,0.0,0.0
Fibroblast_(subtipo_indeterminado)__POLE4__CD_vs_HC,0.0,0.0
Fibroblast_(subtipo_indeterminado)__PMEPA1__CD_vs_HC,0.0,0.0
Fibroblast_(subtipo_indeterminado)__PLPP5__UC_vs_HC,0.0,0.0
Fibroblast_(subtipo_indeterminado)__PLPP1__UC_vs_HC,0.0,0.0
Fibroblast_(subtipo_indeterminado)__PLEKHA4__UC_vs_HC,0.0,0.0
Fibroblast_(subtipo_indeterminado)__PLAU__UC_vs_HC,0.0,0.0
Fibroblast_(subtipo_indeterminado)__PLAT__UC_vs_CD,0.0,0.0
Fibroblast_(subtipo_indeterminado)__PLAT__CD_vs_HC,0.0,0.0
Fibroblast_(subtipo_indeterminado)__PIK3R3__UC_vs_HC,0.0,0.0
Fibroblast_(subtipo_indeterminado)__PIGR__UC_vs_CD,0.0,0.0
Fibroblast_(subtipo_indeterminado)__PIEZO2__CD_vs_HC,0.0,0.0
Fibroblast_(subtipo_indeterminado)__PI15__CD_vs_HC,0.0,0.0
Fibroblast_(subtipo_indeterminado)__PDXK__UC_vs_HC,0.0,0.0
Fibroblast_(subtipo_indeterminado)__RGS3__UC_vs_HC,0.0,0.0
Fibroblast_(subtipo_indeterminado)__RGS11__UC_vs_HC,0.0,0.0
Fibroblast_(subtipo_indeterminado)__RGMA__UC_vs_HC,0.0,0.0
Fibroblast_(subtipo_indeterminado)__RCAN2__UC_vs_HC,0.0,0.0
Fibroblast_(subtipo_indeterminado)__RARRES2__UC_vs_HC,0.0,0.0
Fibroblast_(subtipo_indeterminado)__RARRES1__UC_vs_HC,0.0,0.0
Fibroblast_(subtipo_indeterminado)__RAMP1__UC_vs_HC,0.0,0.0
Fibroblast_(subtipo_indeterminado)__RAB2A__CD_vs_HC,0.0,0.0
Fibroblast_(subtipo_indeterminado)__PTPRE__UC_vs_HC,0.0,0.0
Fibroblast_(subtipo_indeterminado)__PTPN2__UC_vs_HC,0.0,0.0
Fibroblast_(subtipo_indeterminado)__PTPN2__CD_vs_HC,0.0,0.0
Fibroblast_(subtipo_indeterminado)__PTN__UC_vs_HC,0.0,0.0
Fibroblast_(subtipo_indeterminado)__PSMG1__UC_vs_HC,0.0,0.0
Fibroblast_(subtipo_indeterminado)__PRX__UC_vs_HC,0.0,0.0
Fibroblast_(subtipo_indeterminado)__PRRX1__UC_vs_HC,0.0,0.0
Fibroblast_(subtipo_indeterminado)__PRRX1__CD_vs_HC,0.0,0.0
Fibroblast_(subtipo_indeterminado)__SLC39A14__UC_vs_HC,0.0,0.0
Fibroblast_(subtipo_indeterminado)__SLC25A37__UC_vs_HC,0.0,0.0
Fibroblast_(subtipo_indeterminado)__SLC22A18__CD_vs_HC,0.0,0.0
Fibroblast_(subtipo_indeterminado)__SLC16A4__UC_vs_HC,0.0,0.0
Fibroblast_(subtipo_indeterminado)__SLC16A3__CD_vs_HC,0.0,0.0
Fibroblast_(subtipo_indeterminado)__SIPA1L1__CD_vs_HC,0.0,0.0
Fibroblast_(subtipo_indeterminado)__SGIP1__UC_vs_HC,0.0,0.0
Fibroblast_(subtipo_indeterminado)__SGIP1__CD_vs_HC,0.0,0.0
Fibroblast_(subtipo_indeterminado)__SEMA3E__CD_vs_HC,0.0,0.0
Fibroblast_(subtipo_indeterminado)__SCARA5__UC_vs_HC,0.0,0.0
Fibroblast_(subtipo_indeterminado)__S1PR3__CD_vs_HC,0.0,0.0
Fibroblast_(subtipo_indeterminado)__RTL5__UC_vs_HC,0.0,0.0
Fibroblast_(subtipo_indeterminado)__RND1__UC_vs_HC,0.0,0.0
Fibroblast_(subtipo_indeterminado)__RNASEH2A__UC_vs_HC,0.0,0.0
Fibroblast_(subtipo_indeterminado)__RN7SL832P__UC_vs_HC,0.0,0.0
Fibroblast_(subtipo_indeterminado)__RN7SL832P__CD_vs_HC,0.0,0.0
Fibroblast_(subtipo_indeterminado)__STARD13__CD_vs_HC,0.0,0.0
Fibroblast_(subtipo_indeterminado)__ST3GAL5__UC_vs_HC,0.0,0.0
Fibroblast_(subtipo_indeterminado)__SRA1__UC_vs_HC,0.0,0.0
Fibroblast_(subtipo_indeterminado)__SPECC1__CD_vs_HC,0.0,0.0
Fibroblast_(subtipo_indeterminado)__SPCS3__UC_vs_HC,0.0,0.0
Fibroblast_(subtipo_indeterminado)__SOX13__UC_vs_HC,0.0,0.0
Fibroblast_(subtipo_indeterminado)__SNCAIP__UC_vs_HC,0.0,0.0
Fibroblast_(subtipo_indeterminado)__SMYD4__CD_vs_HC,0.0,0.0
Fibroblast_(subtipo_indeterminado)__SMOC1__UC_vs_HC,0.0,0.0
Fibroblast_(subtipo_indeterminado)__SMCO4__CD_vs_HC,0.0,0.0
Fibroblast_(subtipo_indeterminado)__SMAP2__CD_vs_HC,0.0,0.0
Fibroblast_(subtipo_indeterminado)__SLIT3__UC_vs_HC,0.0,0.0
Fibroblast_(subtipo_indeterminado)__SLIT2__UC_vs_HC,0.0,0.0
Fibroblast_(subtipo_indeterminado)__SLCO2B1__UC_vs_HC,0.0,0.0
Fibroblast_(subtipo_indeterminado)__SLC9A3R2__CD_vs_HC,0.0,0.0
Fibroblast_(subtipo_indeterminado)__SLC46A3__UC_vs_HC,0.0,0.0
Fibroblast_(subtipo_indeterminado)__TIMP1__CD_vs_HC,0.0,0.0
Fibroblast_(subtipo_indeterminado)__THBS2__CD_vs_HC,0.0,0.0
Fibroblast_(subtipo_indeterminado)__TGM2__UC_vs_HC,0.0,0.0
Fibroblast_(subtipo_indeterminado)__TFPI2__CD_vs_HC,0.0,0.0
Fibroblast_(subtipo_indeterminado)__TFF3__UC_vs_HC,0.0,0.0
Fibroblast_(subtipo_indeterminado)__TDO2__CD_vs_HC,0.0,0.0
Fibroblast_(subtipo_indeterminado)__TCF21__CD_vs_HC,0.0,0.0
Fibroblast_(subtipo_indeterminado)__TAGLN__UC_vs_HC,0.0,0.0
Fibroblast_(subtipo_indeterminado)__TAGLN__CD_vs_HC,0.0,0.0
Fibroblast_(subtipo_indeterminado)__SYTL4__UC_vs_HC,0.0,0.0
Fibroblast_(subtipo_indeterminado)__SULF2__UC_vs_HC,0.0,0.0
Fibroblast_(subtipo_indeterminado)__SULF2__CD_vs_HC,0.0,0.0
Fibroblast_(subtipo_indeterminado)__STMN2__CD_vs_HC,0.0,0.0
Fibroblast_(subtipo_indeterminado)__STEAP2__UC_vs_HC,0.0,0.0
Fibroblast_(subtipo_indeterminado)__STEAP2__CD_vs_HC,0.0,0.0
Fibroblast_(subtipo_indeterminado)__STARD13__UC_vs_HC,0.0,0.0
Fibroblast_(subtipo_indeterminado)__TSPAN15__CD_vs_HC,0.0,0.0
Fibroblast_(subtipo_indeterminado)__TRIL__UC_vs_HC,0.0,0.0
Fibroblast_(subtipo_indeterminado)__TPM4__CD_vs_HC,0.0,0.0
Fibroblast_(subtipo_indeterminado)__TPM1__CD_vs_HC,0.0,0.0
Fibroblast_(subtipo_indeterminado)__TNXB__UC_vs_HC,0.0,0.0
Fibroblast_(subtipo_indeterminado)__TNXB__CD_vs_HC,0.0,0.0
Fibroblast_(subtipo_indeterminado)__TNFRSF12A__UC_vs_HC,0.0,0.0
Fibroblast_(subtipo_indeterminado)__TNFRSF12A__CD_vs_HC,0.0,0.0
Fibroblast_(subtipo_indeterminado)__TNFRSF11B__UC_vs_HC,0.0,0.0
Fibroblast_(subtipo_indeterminado)__TNFRSF11B__CD_vs_HC,0.0,0.0
Fibroblast_(subtipo_indeterminado)__TNFAIP8__UC_vs_HC,0.0,0.0
Fibroblast_(subtipo_indeterminado)__TNFAIP3__UC_vs_HC,0.0,0.0
Fibroblast_(subtipo_indeterminado)__TMEM263__CD_vs_HC,0.0,0.0
Fibroblast_(subtipo_indeterminado)__TMEM158__CD_vs_HC,0.0,0.0
Fibroblast_(subtipo_indeterminado)__TMEM119__UC_vs_HC,0.0,0.0
Fibroblast_(subtipo_indeterminado)__TIMP1__UC_vs_HC,0.0,0.0
Goblet__AC011523.1__CD_vs_HC,0.0,0.0
Fibroblast_(subtipo_indeterminado)__ZMAT3__UC_vs_HC,0.0,0.0
Fibroblast_(subtipo_indeterminado)__ZG16__UC_vs_HC,0.0,0.0
Fibroblast_(subtipo_indeterminado)__ZG16__CD_vs_HC,0.0,0.0
Fibroblast_(subtipo_indeterminado)__ZC3HAV1__UC_vs_HC,0.0,0.0
Fibroblast_(subtipo_indeterminado)__ZBTB1__UC_vs_HC,0.0,0.0
Fibroblast_(subtipo_indeterminado)__ZBTB1__CD_vs_HC,0.0,0.0
Fibroblast_(subtipo_indeterminado)__Z93241.1__UC_vs_HC,0.0,0.0
Fibroblast_(subtipo_indeterminado)__Z93241.1__CD_vs_HC,0.0,0.0
Fibroblast_(subtipo_indeterminado)__WISP1__UC_vs_HC,0.0,0.0
Fibroblast_(subtipo_indeterminado)__WISP1__CD_vs_HC,0.0,0.0
Fibroblast_(subtipo_indeterminado)__WFDC2__CD_vs_HC,0.0,0.0
Fibroblast_(subtipo_indeterminado)__UBA5__CD_vs_HC,0.0,0.0
Fibroblast_(subtipo_indeterminado)__UBA2__CD_vs_HC,0.0,0.0
Fibroblast_(subtipo_indeterminado)__TXNIP__UC_vs_HC,0.0,0.0
Fibroblast_(subtipo_indeterminado)__TSPAN2__UC_vs_HC,0.0,0.0
Goblet__CAMK2N1__UC_vs_HC,0.0,0.0
Goblet__CA1__UC_vs_HC,0.0,0.0
Goblet__C2__CD_vs_HC,0.0,0.0
Goblet__C2CD4B__CD_vs_HC,0.0,0.0
Goblet__C2CD4A__CD_vs_HC,0.0,0.0
Goblet__C19orf33__CD_vs_HC,0.0,0.0
Goblet__BACE2__UC_vs_HC,0.0,0.0
Goblet__B4GALT1__UC_vs_HC,0.0,0.0
Goblet__ATF5__UC_vs_HC,0.0,0.0
Goblet__ASRGL1__CD_vs_HC,0.0,0.0
Goblet__ARL5B__UC_vs_HC,0.0,0.0
Goblet__AQP8__CD_vs_HC,0.0,0.0
Goblet__AP2S1__UC_vs_HC,0.0,0.0
Goblet__ANXA1__UC_vs_HC,0.0,0.0
Goblet__ANXA1__UC_vs_CD,0.0,0.0
Goblet__AL121944.1__UC_vs_CD,0.0,0.0
Goblet__COX5B__UC_vs_HC,0.0,0.0
Goblet__CKAP4__UC_vs_HC,0.0,0.0
Goblet__CHCHD10__UC_vs_HC,0.0,0.0
Goblet__CEBPD__CD_vs_HC,0.0,0.0
Goblet__CEACAM6__UC_vs_HC,0.0,0.0
Goblet__CEACAM5__UC_vs_HC,0.0,0.0
Goblet__CEACAM1__UC_vs_HC,0.0,0.0
Goblet__CDKN2B-AS1__CD_vs_HC,0.0,0.0
Goblet__CDK11A__CD_vs_HC,0.0,0.0
Goblet__CD74__CD_vs_HC,0.0,0.0
Goblet__CD59__UC_vs_HC,0.0,0.0
Goblet__CD59__UC_vs_CD,0.0,0.0
Goblet__CD55__UC_vs_HC,0.0,0.0
Goblet__CCSER2__UC_vs_HC,0.0,0.0
Goblet__CCSER2__CD_vs_HC,0.0,0.0
Goblet__CASP1__CD_vs_HC,0.0,0.0
Goblet__EPS8__UC_vs_CD,0.0,0.0
Goblet__ENTPD8__UC_vs_HC,0.0,0.0
Goblet__ECH1__CD_vs_HC,0.0,0.0
Goblet__DUOXA2__UC_vs_HC,0.0,0.0
Goblet__DUOXA2__CD_vs_HC,0.0,0.0
Goblet__DUOX2__UC_vs_HC,0.0,0.0
Goblet__DUOX2__CD_vs_HC,0.0,0.0
Goblet__DMBT1__UC_vs_HC,0.0,0.0
Goblet__DMBT1__CD_vs_HC,0.0,0.0
Goblet__DDAH2__UC_vs_HC,0.0,0.0
Goblet__DAP__CD_vs_HC,0.0,0.0
Goblet__CXCL3__UC_vs_HC,0.0,0.0
Goblet__CXCL3__CD_vs_HC,0.0,0.0
Goblet__CXCL2__UC_vs_HC,0.0,0.0
Goblet__CXCL1__CD_vs_HC,0.0,0.0
Goblet__COX8A__UC_vs_HC,0.0,0.0
Goblet__GUCA2B__UC_vs_HC,0.0,0.0
Goblet__GUCA2B__CD_vs_HC,0.0,0.0
Goblet__GUCA2A__CD_vs_HC,0.0,0.0
Goblet__GBP3__UC_vs_HC,0.0,0.0
Goblet__FXYD3__CD_vs_HC,0.0,0.0
Goblet__FRMD1__CD_vs_HC,0.0,0.0
Goblet__FIBCD1__CD_vs_HC,0.0,0.0
Goblet__FHL2__UC_vs_HC,0.0,0.0
Goblet__FER1L6__CD_vs_HC,0.0,0.0
Goblet__FDPS__UC_vs_HC,0.0,0.0
Goblet__FCGRT__UC_vs_HC,0.0,0.0
Goblet__FAM135A__UC_vs_HC,0.0,0.0
Goblet__F3__UC_vs_HC,0.0,0.0
Goblet__ETS1__CD_vs_HC,0.0,0.0
Goblet__ERO1B__CD_vs_HC,0.0,0.0
Goblet__ERI3__CD_vs_HC,0.0,0.0
Goblet__IFI16__CD_vs_HC,0.0,0.0
Goblet__ID3__UC_vs_HC,0.0,0.0
Goblet__ID2__UC_vs_HC,0.0,0.0
Goblet__HSPB1__UC_vs_HC,0.0,0.0
Goblet__HSPA5__UC_vs_HC,0.0,0.0
Goblet__HSPA1A__UC_vs_HC,0.0,0.0
Goblet__HSPA1A__CD_vs_HC,0.0,0.0
Goblet__HSP90B1__UC_vs_HC,0.0,0.0
Goblet__HSD11B2__UC_vs_HC,0.0,0.0
Goblet__HMGCS2__UC_vs_HC,0.0,0.0
Goblet__HMGCS2__CD_vs_HC,0.0,0.0
Goblet__HMGCS1__UC_vs_HC,0.0,0.0
Goblet__HK2__UC_vs_HC,0.0,0.0
Goblet__HIST1H4C__UC_vs_HC,0.0,0.0
Goblet__HIST1H2BD__CD_vs_HC,0.0,0.0
Goblet__GUK1__UC_vs_CD,0.0,0.0
Goblet__LCN2__CD_vs_HC,0.0,0.0
Goblet__LAMC2__UC_vs_HC,0.0,0.0
Goblet__L1TD1__UC_vs_HC,0.0,0.0
Goblet__L1TD1__CD_vs_HC,0.0,0.0
Goblet__KLK1__UC_vs_HC,0.0,0.0
Goblet__KLK11__CD_vs_HC,0.0,0.0
Goblet__KCNQ1OT1__UC_vs_HC,0.0,0.0
Goblet__KCNK5__CD_vs_HC,0.0,0.0
Goblet__ITGB8__CD_vs_HC,0.0,0.0
Goblet__IL1R2__UC_vs_HC,0.0,0.0
Goblet__IL1R2__CD_vs_HC,0.0,0.0
Goblet__IL1B__CD_vs_HC,0.0,0.0
Goblet__IGHM__CD_vs_HC,0.0,0.0
Goblet__IGHG2__CD_vs_HC,0.0,0.0
Goblet__IGFALS__CD_vs_HC,0.0,0.0
Goblet__IFI6__CD_vs_HC,0.0,0.0
Goblet__MT1H__CD_vs_HC,0.0,0.0
Goblet__MT1G__UC_vs_CD,0.0,0.0
Goblet__MT1E__UC_vs_HC,0.0,0.0
Goblet__MT1E__UC_vs_CD,0.0,0.0
Goblet__MT-ND6__CD_vs_HC,0.0,0.0
Goblet__MSI2__UC_vs_HC,0.0,0.0
Goblet__METTL26__CD_vs_HC,0.0,0.0
Goblet__LYZ__UC_vs_HC,0.0,0.0
Goblet__LYZ__CD_vs_HC,0.0,0.0
Goblet__LPCAT2__CD_vs_HC,0.0,0.0
Goblet__LINC01559__CD_vs_HC,0.0,0.0
Goblet__LINC00261__CD_vs_HC,0.0,0.0
Goblet__LGALS9__UC_vs_HC,0.0,0.0
Goblet__LGALS4__UC_vs_HC,0.0,0.0
Goblet__LGALS4__CD_vs_HC,0.0,0.0
Goblet__LCN2__UC_vs_HC,0.0,0.0
Goblet__PDZK1IP1__UC_vs_HC,0.0,0.0
Goblet__PCK1__UC_vs_HC,0.0,0.0
Goblet__PCK1__CD_vs_HC,0.0,0.0
Goblet__OLFM4__CD_vs_HC,0.0,0.0
Goblet__ODC1__UC_vs_HC,0.0,0.0
Goblet__OASL__UC_vs_CD,0.0,0.0
Goblet__NUDT22__UC_vs_HC,0.0,0.0
Goblet__NOL7__CD_vs_HC,0.0,0.0
Goblet__NDUFS8__UC_vs_HC,0.0,0.0
Goblet__NCOA7__UC_vs_HC,0.0,0.0
Goblet__NAMPT__UC_vs_HC,0.0,0.0
Goblet__MYO15B__CD_vs_HC,0.0,0.0
Goblet__MUC5B__UC_vs_HC,0.0,0.0
Goblet__MUC5B__CD_vs_HC,0.0,0.0
Goblet__MT2A__UC_vs_CD,0.0,0.0
Goblet__MT2A__CD_vs_HC,0.0,0.0
Goblet__RHPN1__CD_vs_HC,0.0,0.0
Goblet__RFLNA__CD_vs_HC,0.0,0.0
Goblet__REG4__UC_vs_HC,0.0,0.0
Goblet__REG4__CD_vs_HC,0.0,0.0
Goblet__REG3A__UC_vs_HC,0.0,0.0
Goblet__REG3A__CD_vs_HC,0.0,0.0
Goblet__REG1B__UC_vs_HC,0.0,0.0
Goblet__REG1B__CD_vs_HC,0.0,0.0
Goblet__REG1A__UC_vs_HC,0.0,0.0
Goblet__REG1A__CD_vs_HC,0.0,0.0
Goblet__RAB3B__CD_vs_HC,0.0,0.0
Goblet__QTRT1__UC_vs_HC,0.0,0.0
Goblet__PROM1__CD_vs_HC,0.0,0.0
Goblet__PPA1__CD_vs_HC,0.0,0.0
Goblet__PLAUR__UC_vs_CD,0.0,0.0
Goblet__PLAC8__UC_vs_HC,0.0,0.0
Goblet__SNF8__CD_vs_HC,0.0,0.0
Goblet__SMIM6__CD_vs_HC,0.0,0.0
Goblet__SLC35F5__CD_vs_HC,0.0,0.0
Goblet__SLC26A2__UC_vs_HC,0.0,0.0
Goblet__SLC25A6__UC_vs_HC,0.0,0.0
Goblet__SHC2__CD_vs_HC,0.0,0.0
Goblet__SERPINB6__UC_vs_HC,0.0,0.0
Goblet__SERPINB1__UC_vs_HC,0.0,0.0
Goblet__SEC24D__CD_vs_HC,0.0,0.0
Goblet__SDCBP2__CD_vs_HC,0.0,0.0
Goblet__SAMD9L__CD_vs_HC,0.0,0.0
Goblet__SAFB2__UC_vs_HC,0.0,0.0
Goblet__S100A11__UC_vs_HC,0.0,0.0
Goblet__RUNX1__CD_vs_HC,0.0,0.0
Goblet__RND1__UC_vs_HC,0.0,0.0
Goblet__RNASE1__UC_vs_HC,0.0,0.0
Goblet__TNFAIP3__UC_vs_HC,0.0,0.0
Goblet__TMPO__CD_vs_HC,0.0,0.0
Goblet__TMEM263__CD_vs_HC,0.0,0.0
Goblet__TMEM208__UC_vs_HC,0.0,0.0
Goblet__TMC5__UC_vs_HC,0.0,0.0
Goblet__TMC5__UC_vs_CD,0.0,0.0
Goblet__TM4SF1__UC_vs_CD,0.0,0.0
Goblet__TIPARP__CD_vs_HC,0.0,0.0
Goblet__TGFBI__CD_vs_HC,0.0,0.0
Goblet__TENT5A__UC_vs_HC,0.0,0.0
Goblet__TENT5A__UC_vs_CD,0.0,0.0
Goblet__STT3A__CD_vs_HC,0.0,0.0
Goblet__SSR1__UC_vs_HC,0.0,0.0
Goblet__SPNS2__UC_vs_HC,0.0,0.0
Goblet__SPNS2__UC_vs_CD,0.0,0.0
Goblet__SORL1__CD_vs_HC,0.0,0.0
Mast__GPR183__UC_vs_HC,0.0,0.0
Mast__EGR1__UC_vs_HC,0.0,0.0
Mast__DNAJB1__UC_vs_HC,0.0,0.0
Mast__DNAJA1__UC_vs_HC,0.0,0.0
Mast__CYCS__UC_vs_HC,0.0,0.0
Goblet__ZFAND5__UC_vs_HC,0.0,0.0
Goblet__ZFAND2A__UC_vs_CD,0.0,0.0
Goblet__WARS__CD_vs_HC,0.0,0.0
Goblet__VSIG2__UC_vs_HC,0.0,0.0
Goblet__UTP18__CD_vs_HC,0.0,0.0
Goblet__UQCR11__UC_vs_HC,0.0,0.0
Goblet__TTYH3__CD_vs_HC,0.0,0.0
Goblet__TSGA10__CD_vs_HC,0.0,0.0
Goblet__TRIM31__UC_vs_HC,0.0,0.0
Goblet__TRIM15__CD_vs_HC,0.0,0.0
Goblet__TNNC2__CD_vs_HC,0.0,0.0
Monocyte_(subtipo_indeterminado)__AC016831.1__UC_vs_HC,0.0,0.0
Monocyte_(subtipo_indeterminado)__AC016831.1__CD_vs_HC,0.0,0.0
Monocyte_(subtipo_indeterminado)__AC009404.1__UC_vs_HC,0.0,0.0
Monocyte_(subtipo_indeterminado)__AC005280.2__UC_vs_HC,0.0,0.0
Monocyte_(subtipo_indeterminado)__AC005280.2__CD_vs_HC,0.0,0.0
Monocyte_(subtipo_indeterminado)__ABHD12__UC_vs_HC,0.0,0.0
Monocyte_(subtipo_indeterminado)__ABCG2__UC_vs_HC,0.0,0.0
Monocyte_(subtipo_indeterminado)__ABCG1__CD_vs_HC,0.0,0.0
Monocyte_(subtipo_indeterminado)__ABCC5__CD_vs_HC,0.0,0.0
Monocyte_(subtipo_indeterminado)__A2M__UC_vs_HC,0.0,0.0
Mast__TNFSF10__UC_vs_HC,0.0,0.0
Mast__TMEM176B__UC_vs_HC,0.0,0.0
Mast__RAB27B__UC_vs_HC,0.0,0.0
Mast__PAG1__UC_vs_HC,0.0,0.0
Mast__IER3__CD_vs_HC,0.0,0.0
Mast__HSPA8__UC_vs_HC,0.0,0.0
Monocyte_(subtipo_indeterminado)__ADAM8__UC_vs_HC,0.0,0.0
Monocyte_(subtipo_indeterminado)__ADAM8__CD_vs_HC,0.0,0.0
Monocyte_(subtipo_indeterminado)__ADAM19__UC_vs_HC,0.0,0.0
Monocyte_(subtipo_indeterminado)__ADAM19__CD_vs_HC,0.0,0.0
Monocyte_(subtipo_indeterminado)__ADA2__UC_vs_HC,0.0,0.0
Monocyte_(subtipo_indeterminado)__ACVRL1__UC_vs_HC,0.0,0.0
Monocyte_(subtipo_indeterminado)__ACSL5__UC_vs_HC,0.0,0.0
Monocyte_(subtipo_indeterminado)__ACSL4__UC_vs_HC,0.0,0.0
Monocyte_(subtipo_indeterminado)__ACSL4__CD_vs_HC,0.0,0.0
Monocyte_(subtipo_indeterminado)__ACSL1__UC_vs_HC,0.0,0.0
Monocyte_(subtipo_indeterminado)__ACSL1__CD_vs_HC,0.0,0.0
Monocyte_(subtipo_indeterminado)__ACOD1__UC_vs_HC,0.0,0.0
Monocyte_(subtipo_indeterminado)__ACOD1__CD_vs_HC,0.0,0.0
Monocyte_(subtipo_indeterminado)__AC245128.3__UC_vs_HC,0.0,0.0
Monocyte_(subtipo_indeterminado)__AC245128.3__CD_vs_HC,0.0,0.0
Monocyte_(subtipo_indeterminado)__AC058791.1__UC_vs_HC,0.0,0.0
Monocyte_(subtipo_indeterminado)__AKT1__CD_vs_HC,0.0,0.0
Monocyte_(subtipo_indeterminado)__AKR1B1__UC_vs_HC,0.0,0.0
Monocyte_(subtipo_indeterminado)__AKIRIN2__CD_vs_HC,0.0,0.0
Monocyte_(subtipo_indeterminado)__AK3__UC_vs_HC,0.0,0.0
Monocyte_(subtipo_indeterminado)__AGTRAP__UC_vs_HC,0.0,0.0
Monocyte_(subtipo_indeterminado)__AGTRAP__CD_vs_HC,0.0,0.0
Monocyte_(subtipo_indeterminado)__AF117829.1__CD_vs_HC,0.0,0.0
Monocyte_(subtipo_indeterminado)__AES__UC_vs_HC,0.0,0.0
Monocyte_(subtipo_indeterminado)__ADORA3__UC_vs_HC,0.0,0.0
Monocyte_(subtipo_indeterminado)__ADORA3__CD_vs_HC,0.0,0.0
Monocyte_(subtipo_indeterminado)__ADGRG6__UC_vs_HC,0.0,0.0
Monocyte_(subtipo_indeterminado)__ADGRE2__UC_vs_HC,0.0,0.0
Monocyte_(subtipo_indeterminado)__ADAP2__UC_vs_HC,0.0,0.0
Monocyte_(subtipo_indeterminado)__ADAP2__CD_vs_HC,0.0,0.0
Monocyte_(subtipo_indeterminado)__ADAMTSL4__UC_vs_HC,0.0,0.0
Monocyte_(subtipo_indeterminado)__ADAMTSL4__CD_vs_HC,0.0,0.0
Monocyte_(subtipo_indeterminado)__ANPEP__UC_vs_HC,0.0,0.0
Monocyte_(subtipo_indeterminado)__ANPEP__CD_vs_HC,0.0,0.0
Monocyte_(subtipo_indeterminado)__ANKRD28__UC_vs_HC,0.0,0.0
Monocyte_(subtipo_indeterminado)__ANKRD28__CD_vs_HC,0.0,0.0
Monocyte_(subtipo_indeterminado)__ANKRD22__UC_vs_HC,0.0,0.0
Monocyte_(subtipo_indeterminado)__ANKRD22__CD_vs_HC,0.0,0.0
Monocyte_(subtipo_indeterminado)__ANKH__UC_vs_HC,0.0,0.0
Monocyte_(subtipo_indeterminado)__ANKH__CD_vs_HC,0.0,0.0
Monocyte_(subtipo_indeterminado)__AMPD2__UC_vs_HC,0.0,0.0
Monocyte_(subtipo_indeterminado)__AMFR__UC_vs_HC,0.0,0.0
Monocyte_(subtipo_indeterminado)__AMDHD2__UC_vs_HC,0.0,0.0
Monocyte_(subtipo_indeterminado)__ALDH9A1__UC_vs_HC,0.0,0.0
Monocyte_(subtipo_indeterminado)__ALDH3A2__UC_vs_HC,0.0,0.0
Monocyte_(subtipo_indeterminado)__ALDH1A1__UC_vs_HC,0.0,0.0
Monocyte_(subtipo_indeterminado)__AL392172.1__UC_vs_HC,0.0,0.0
Monocyte_(subtipo_indeterminado)__AL133453.1__CD_vs_HC,0.0,0.0
Monocyte_(subtipo_indeterminado)__ARHGAP17__UC_vs_HC,0.0,0.0
Monocyte_(subtipo_indeterminado)__ARHGAP17__CD_vs_HC,0.0,0.0
Monocyte_(subtipo_indeterminado)__AREG__UC_vs_HC,0.0,0.0
Monocyte_(subtipo_indeterminado)__AQP9__UC_vs_HC,0.0,0.0
Monocyte_(subtipo_indeterminado)__AQP9__CD_vs_HC,0.0,0.0
Monocyte_(subtipo_indeterminado)__AQP8__UC_vs_HC,0.0,0.0
Monocyte_(subtipo_indeterminado)__APOL6__CD_vs_HC,0.0,0.0
Monocyte_(subtipo_indeterminado)__APOBEC3A__UC_vs_HC,0.0,0.0
Monocyte_(subtipo_indeterminado)__APOBEC3A__CD_vs_HC,0.0,0.0
Monocyte_(subtipo_indeterminado)__APMAP__UC_vs_HC,0.0,0.0
Monocyte_(subtipo_indeterminado)__APBA1__UC_vs_HC,0.0,0.0
Monocyte_(subtipo_indeterminado)__AP2A2__UC_vs_HC,0.0,0.0
Monocyte_(subtipo_indeterminado)__AP2A2__CD_vs_HC,0.0,0.0
Monocyte_(subtipo_indeterminado)__AP1G1__UC_vs_HC,0.0,0.0
Monocyte_(subtipo_indeterminado)__AP1B1__UC_vs_HC,0.0,0.0
Monocyte_(subtipo_indeterminado)__AP1B1__CD_vs_HC,0.0,0.0
Monocyte_(subtipo_indeterminado)__ATP6V0D2__UC_vs_HC,0.0,0.0
Monocyte_(subtipo_indeterminado)__ATP2B1__UC_vs_HC,0.0,0.0
Monocyte_(subtipo_indeterminado)__ATP13A3__UC_vs_HC,0.0,0.0
Monocyte_(subtipo_indeterminado)__ATP13A3__CD_vs_HC,0.0,0.0
Monocyte_(subtipo_indeterminado)__ATG4C__UC_vs_HC,0.0,0.0
Monocyte_(subtipo_indeterminado)__ATG3__UC_vs_HC,0.0,0.0
Monocyte_(subtipo_indeterminado)__ATF5__UC_vs_HC,0.0,0.0
Monocyte_(subtipo_indeterminado)__ATF5__CD_vs_HC,0.0,0.0
Monocyte_(subtipo_indeterminado)__ARPC5L__CD_vs_HC,0.0,0.0
Monocyte_(subtipo_indeterminado)__ARL4C__UC_vs_HC,0.0,0.0
Monocyte_(subtipo_indeterminado)__ARL4C__CD_vs_HC,0.0,0.0
Monocyte_(subtipo_indeterminado)__ARID3A__UC_vs_HC,0.0,0.0
Monocyte_(subtipo_indeterminado)__ARHGEF12__UC_vs_HC,0.0,0.0
Monocyte_(subtipo_indeterminado)__ARHGAP6__UC_vs_HC,0.0,0.0
Monocyte_(subtipo_indeterminado)__ARHGAP5__UC_vs_HC,0.0,0.0
Monocyte_(subtipo_indeterminado)__ARHGAP21__UC_vs_HC,0.0,0.0
Monocyte_(subtipo_indeterminado)__BEX3__UC_vs_HC,0.0,0.0
Monocyte_(subtipo_indeterminado)__BEX3__CD_vs_HC,0.0,0.0
Monocyte_(subtipo_indeterminado)__BCL2A1__UC_vs_HC,0.0,0.0
Monocyte_(subtipo_indeterminado)__BCL2A1__CD_vs_HC,0.0,0.0
Monocyte_(subtipo_indeterminado)__BCAM__UC_vs_HC,0.0,0.0
Monocyte_(subtipo_indeterminado)__BAZ1B__UC_vs_HC,0.0,0.0
Monocyte_(subtipo_indeterminado)__BAZ1B__CD_vs_HC,0.0,0.0
Monocyte_(subtipo_indeterminado)__BAZ1A__CD_vs_HC,0.0,0.0
Monocyte_(subtipo_indeterminado)__BASP1__UC_vs_HC,0.0,0.0
Monocyte_(subtipo_indeterminado)__BASP1__CD_vs_HC,0.0,0.0
Monocyte_(subtipo_indeterminado)__BAIAP2__UC_vs_HC,0.0,0.0
Monocyte_(subtipo_indeterminado)__BACH1__UC_vs_HC,0.0,0.0
Monocyte_(subtipo_indeterminado)__B4GALT5__UC_vs_HC,0.0,0.0
Monocyte_(subtipo_indeterminado)__B4GALT1__UC_vs_HC,0.0,0.0
Monocyte_(subtipo_indeterminado)__B3GALT6__UC_vs_HC,0.0,0.0
Monocyte_(subtipo_indeterminado)__AXL__UC_vs_HC,0.0,0.0
Monocyte_(subtipo_indeterminado)__C9orf72__UC_vs_HC,0.0,0.0
Monocyte_(subtipo_indeterminado)__C2__UC_vs_HC,0.0,0.0
Monocyte_(subtipo_indeterminado)__C2CD2L__UC_vs_HC,0.0,0.0
Monocyte_(subtipo_indeterminado)__C2CD2L__CD_vs_HC,0.0,0.0
Monocyte_(subtipo_indeterminado)__C1orf56__UC_vs_HC,0.0,0.0
Monocyte_(subtipo_indeterminado)__C1orf122__CD_vs_HC,0.0,0.0
Monocyte_(subtipo_indeterminado)__C1QA__UC_vs_HC,0.0,0.0
Monocyte_(subtipo_indeterminado)__C19orf38__UC_vs_HC,0.0,0.0
Monocyte_(subtipo_indeterminado)__C15orf48__UC_vs_HC,0.0,0.0
Monocyte_(subtipo_indeterminado)__C15orf48__CD_vs_HC,0.0,0.0
Monocyte_(subtipo_indeterminado)__BTG3__CD_vs_HC,0.0,0.0
Monocyte_(subtipo_indeterminado)__BTG1__UC_vs_HC,0.0,0.0
Monocyte_(subtipo_indeterminado)__BNC2__UC_vs_HC,0.0,0.0
Monocyte_(subtipo_indeterminado)__BLNK__UC_vs_HC,0.0,0.0
Monocyte_(subtipo_indeterminado)__BID__UC_vs_HC,0.0,0.0
Monocyte_(subtipo_indeterminado)__BID__CD_vs_HC,0.0,0.0
Monocyte_(subtipo_indeterminado)__CCL3__UC_vs_HC,0.0,0.0
Monocyte_(subtipo_indeterminado)__CCL3__CD_vs_HC,0.0,0.0
Monocyte_(subtipo_indeterminado)__CCL22__UC_vs_HC,0.0,0.0
Monocyte_(subtipo_indeterminado)__CCL20__UC_vs_HC,0.0,0.0
Monocyte_(subtipo_indeterminado)__CCL20__CD_vs_HC,0.0,0.0
Monocyte_(subtipo_indeterminado)__CCDC146__UC_vs_HC,0.0,0.0
Monocyte_(subtipo_indeterminado)__CCDC112__UC_vs_HC,0.0,0.0
Monocyte_(subtipo_indeterminado)__CBX6__UC_vs_HC,0.0,0.0
Monocyte_(subtipo_indeterminado)__CBX6__CD_vs_HC,0.0,0.0
Monocyte_(subtipo_indeterminado)__CASP8AP2__CD_vs_HC,0.0,0.0
Monocyte_(subtipo_indeterminado)__CASP4__UC_vs_HC,0.0,0.0
Monocyte_(subtipo_indeterminado)__CASP4__CD_vs_HC,0.0,0.0
Monocyte_(subtipo_indeterminado)__CARD16__UC_vs_HC,0.0,0.0
Monocyte_(subtipo_indeterminado)__CARD16__CD_vs_HC,0.0,0.0
Monocyte_(subtipo_indeterminado)__CALM1__CD_vs_HC,0.0,0.0
Monocyte_(subtipo_indeterminado)__CA1__UC_vs_HC,0.0,0.0
Monocyte_(subtipo_indeterminado)__CD36__CD_vs_HC,0.0,0.0
Monocyte_(subtipo_indeterminado)__CD320__UC_vs_HC,0.0,0.0
Monocyte_(subtipo_indeterminado)__CD300E__UC_vs_HC,0.0,0.0
Monocyte_(subtipo_indeterminado)__CD300E__CD_vs_HC,0.0,0.0
Monocyte_(subtipo_indeterminado)__CD274__CD_vs_HC,0.0,0.0
Monocyte_(subtipo_indeterminado)__CD209__UC_vs_HC,0.0,0.0
Monocyte_(subtipo_indeterminado)__CD200R1__UC_vs_HC,0.0,0.0
Monocyte_(subtipo_indeterminado)__CD163L1__UC_vs_HC,0.0,0.0
Monocyte_(subtipo_indeterminado)__CCRL2__UC_vs_HC,0.0,0.0
Monocyte_(subtipo_indeterminado)__CCRL2__CD_vs_HC,0.0,0.0
Monocyte_(subtipo_indeterminado)__CCR7__UC_vs_HC,0.0,0.0
Monocyte_(subtipo_indeterminado)__CCR5__UC_vs_HC,0.0,0.0
Monocyte_(subtipo_indeterminado)__CCND1__UC_vs_HC,0.0,0.0
Monocyte_(subtipo_indeterminado)__CCND1__UC_vs_CD,0.0,0.0
Monocyte_(subtipo_indeterminado)__CCL8__UC_vs_HC,0.0,0.0
Monocyte_(subtipo_indeterminado)__CCL4__UC_vs_HC,0.0,0.0
Monocyte_(subtipo_indeterminado)__CDC42EP3__CD_vs_HC,0.0,0.0
Monocyte_(subtipo_indeterminado)__CDC42EP2__UC_vs_HC,0.0,0.0
Monocyte_(subtipo_indeterminado)__CDA__UC_vs_HC,0.0,0.0
Monocyte_(subtipo_indeterminado)__CDA__CD_vs_HC,0.0,0.0
Monocyte_(subtipo_indeterminado)__CD80__UC_vs_HC,0.0,0.0
Monocyte_(subtipo_indeterminado)__CD74__UC_vs_HC,0.0,0.0
Monocyte_(subtipo_indeterminado)__CD58__UC_vs_HC,0.0,0.0
Monocyte_(subtipo_indeterminado)__CD55__UC_vs_HC,0.0,0.0
Monocyte_(subtipo_indeterminado)__CD55__CD_vs_HC,0.0,0.0
Monocyte_(subtipo_indeterminado)__CD53__UC_vs_HC,0.0,0.0
Monocyte_(subtipo_indeterminado)__CD53__CD_vs_HC,0.0,0.0
Monocyte_(subtipo_indeterminado)__CD48__UC_vs_HC,0.0,0.0
Monocyte_(subtipo_indeterminado)__CD44__UC_vs_HC,0.0,0.0
Monocyte_(subtipo_indeterminado)__CD44__CD_vs_HC,0.0,0.0
Monocyte_(subtipo_indeterminado)__CD40__UC_vs_HC,0.0,0.0
Monocyte_(subtipo_indeterminado)__CD40__CD_vs_HC,0.0,0.0
Monocyte_(subtipo_indeterminado)__CLEC4A__CD_vs_HC,0.0,0.0
Monocyte_(subtipo_indeterminado)__CLEC10A__UC_vs_HC,0.0,0.0
Monocyte_(subtipo_indeterminado)__CLEC10A__CD_vs_HC,0.0,0.0
Monocyte_(subtipo_indeterminado)__CLDN7__UC_vs_HC,0.0,0.0
Monocyte_(subtipo_indeterminado)__CLDN4__UC_vs_HC,0.0,0.0
Monocyte_(subtipo_indeterminado)__CKAP4__UC_vs_HC,0.0,0.0
Monocyte_(subtipo_indeterminado)__CKAP4__CD_vs_HC,0.0,0.0
Monocyte_(subtipo_indeterminado)__CHSY1__UC_vs_HC,0.0,0.0
Monocyte_(subtipo_indeterminado)__CHID1__UC_vs_HC,0.0,0.0
Monocyte_(subtipo_indeterminado)__CHIC2__CD_vs_HC,0.0,0.0
Monocyte_(subtipo_indeterminado)__CHD6__CD_vs_HC,0.0,0.0
Monocyte_(subtipo_indeterminado)__CHCHD6__UC_vs_HC,0.0,0.0
Monocyte_(subtipo_indeterminado)__CERK__CD_vs_HC,0.0,0.0
Monocyte_(subtipo_indeterminado)__CEACAM4__UC_vs_HC,0.0,0.0
Monocyte_(subtipo_indeterminado)__CDC42SE1__UC_vs_HC,0.0,0.0
Monocyte_(subtipo_indeterminado)__CDC42EP3__UC_vs_HC,0.0,0.0
Monocyte_(subtipo_indeterminado)__COX7A1__UC_vs_HC,0.0,0.0
Monocyte_(subtipo_indeterminado)__CORO7__UC_vs_HC,0.0,0.0
Monocyte_(subtipo_indeterminado)__CORO2A__UC_vs_HC,0.0,0.0
Monocyte_(subtipo_indeterminado)__COLEC12__UC_vs_HC,0.0,0.0
Monocyte_(subtipo_indeterminado)__CMTM3__CD_vs_HC,0.0,0.0
Monocyte_(subtipo_indeterminado)__CLUH__UC_vs_HC,0.0,0.0
Monocyte_(subtipo_indeterminado)__CLN8__CD_vs_HC,0.0,0.0
Monocyte_(subtipo_indeterminado)__CLIP2__UC_vs_HC,0.0,0.0
Monocyte_(subtipo_indeterminado)__CLIP2__CD_vs_HC,0.0,0.0
Monocyte_(subtipo_indeterminado)__CLIC1__UC_vs_HC,0.0,0.0
Monocyte_(subtipo_indeterminado)__CLEC5A__UC_vs_HC,0.0,0.0
Monocyte_(subtipo_indeterminado)__CLEC5A__CD_vs_HC,0.0,0.0
Monocyte_(subtipo_indeterminado)__CLEC4E__UC_vs_HC,0.0,0.0
Monocyte_(subtipo_indeterminado)__CLEC4E__CD_vs_HC,0.0,0.0
Monocyte_(subtipo_indeterminado)__CLEC4D__UC_vs_HC,0.0,0.0
Monocyte_(subtipo_indeterminado)__CLEC4A__UC_vs_HC,0.0,0.0
Monocyte_(subtipo_indeterminado)__CTSZ__UC_vs_HC,0.0,0.0
Monocyte_(subtipo_indeterminado)__CTSZ__CD_vs_HC,0.0,0.0
Monocyte_(subtipo_indeterminado)__CTSL__UC_vs_HC,0.0,0.0
Monocyte_(subtipo_indeterminado)__CTSF__UC_vs_HC,0.0,0.0
Monocyte_(subtipo_indeterminado)__CTSD__UC_vs_HC,0.0,0.0
Monocyte_(subtipo_indeterminado)__CTNNBIP1__UC_vs_HC,0.0,0.0
Monocyte_(subtipo_indeterminado)__CSTA__UC_vs_HC,0.0,0.0
Monocyte_(subtipo_indeterminado)__CST7__UC_vs_HC,0.0,0.0
Monocyte_(subtipo_indeterminado)__CSF2RB__UC_vs_HC,0.0,0.0
Monocyte_(subtipo_indeterminado)__CSF2RB__CD_vs_HC,0.0,0.0
Monocyte_(subtipo_indeterminado)__CRY2__UC_vs_HC,0.0,0.0
Monocyte_(subtipo_indeterminado)__CRY2__CD_vs_HC,0.0,0.0
Monocyte_(subtipo_indeterminado)__CRTAP__UC_vs_HC,0.0,0.0
Monocyte_(subtipo_indeterminado)__CROT__UC_vs_HC,0.0,0.0
Monocyte_(subtipo_indeterminado)__CRHBP__UC_vs_HC,0.0,0.0
Monocyte_(subtipo_indeterminado)__CPNE1__CD_vs_HC,0.0,0.0
Monocyte_(subtipo_indeterminado)__DENND5A__UC_vs_HC,0.0,0.0
Monocyte_(subtipo_indeterminado)__DDX60L__CD_vs_HC,0.0,0.0
Monocyte_(subtipo_indeterminado)__DDIT4__UC_vs_HC,0.0,0.0
Monocyte_(subtipo_indeterminado)__DAPK1__UC_vs_HC,0.0,0.0
Monocyte_(subtipo_indeterminado)__DAB2__UC_vs_HC,0.0,0.0
Monocyte_(subtipo_indeterminado)__DAB2__CD_vs_HC,0.0,0.0
Monocyte_(subtipo_indeterminado)__CYTOR__UC_vs_HC,0.0,0.0
Monocyte_(subtipo_indeterminado)__CYTOR__CD_vs_HC,0.0,0.0
Monocyte_(subtipo_indeterminado)__CYTIP__UC_vs_HC,0.0,0.0
Monocyte_(subtipo_indeterminado)__CYFIP1__UC_vs_HC,0.0,0.0
Monocyte_(subtipo_indeterminado)__CYB5R1__UC_vs_HC,0.0,0.0
Monocyte_(subtipo_indeterminado)__CYB561A3__UC_vs_HC,0.0,0.0
Monocyte_(subtipo_indeterminado)__CXCL3__CD_vs_HC,0.0,0.0
Monocyte_(subtipo_indeterminado)__CXCL12__UC_vs_HC,0.0,0.0
Monocyte_(subtipo_indeterminado)__CUL1__CD_vs_HC,0.0,0.0
Monocyte_(subtipo_indeterminado)__CTTNBP2__UC_vs_HC,0.0,0.0
Monocyte_(subtipo_indeterminado)__ELAVL1__UC_vs_HC,0.0,0.0
Monocyte_(subtipo_indeterminado)__EHD1__CD_vs_HC,0.0,0.0
Monocyte_(subtipo_indeterminado)__ECE1__UC_vs_HC,0.0,0.0
Monocyte_(subtipo_indeterminado)__DUS1L__UC_vs_HC,0.0,0.0
Monocyte_(subtipo_indeterminado)__DST__UC_vs_HC,0.0,0.0
Monocyte_(subtipo_indeterminado)__DRAM1__UC_vs_HC,0.0,0.0
Monocyte_(subtipo_indeterminado)__DRAM1__CD_vs_HC,0.0,0.0
Monocyte_(subtipo_indeterminado)__DPP9__UC_vs_HC,0.0,0.0
Monocyte_(subtipo_indeterminado)__DPP7__UC_vs_HC,0.0,0.0
Monocyte_(subtipo_indeterminado)__DOK3__UC_vs_HC,0.0,0.0
Monocyte_(subtipo_indeterminado)__DNAJB11__UC_vs_HC,0.0,0.0
Monocyte_(subtipo_indeterminado)__DMXL2__UC_vs_HC,0.0,0.0
Monocyte_(subtipo_indeterminado)__DIS3L__UC_vs_HC,0.0,0.0
Monocyte_(subtipo_indeterminado)__DIP2A__UC_vs_HC,0.0,0.0
Monocyte_(subtipo_indeterminado)__DEXI__UC_vs_HC,0.0,0.0
Monocyte_(subtipo_indeterminado)__DESI1__CD_vs_HC,0.0,0.0
Monocyte_(subtipo_indeterminado)__EVL__UC_vs_HC,0.0,0.0
Monocyte_(subtipo_indeterminado)__ETV6__UC_vs_HC,0.0,0.0
Monocyte_(subtipo_indeterminado)__ETS2__UC_vs_HC,0.0,0.0
Monocyte_(subtipo_indeterminado)__ERG28__UC_vs_HC,0.0,0.0
Monocyte_(subtipo_indeterminado)__EREG__UC_vs_HC,0.0,0.0
Monocyte_(subtipo_indeterminado)__EREG__CD_vs_HC,0.0,0.0
Monocyte_(subtipo_indeterminado)__EPS8__UC_vs_HC,0.0,0.0
Monocyte_(subtipo_indeterminado)__EPHX1__UC_vs_HC,0.0,0.0
Monocyte_(subtipo_indeterminado)__EPHB2__UC_vs_HC,0.0,0.0
Monocyte_(subtipo_indeterminado)__EPB41L2__UC_vs_HC,0.0,0.0
Monocyte_(subtipo_indeterminado)__EPAS1__UC_vs_HC,0.0,0.0
Monocyte_(subtipo_indeterminado)__EMP2__UC_vs_HC,0.0,0.0
Monocyte_(subtipo_indeterminado)__EMP1__UC_vs_HC,0.0,0.0
Monocyte_(subtipo_indeterminado)__EMP1__CD_vs_HC,0.0,0.0
Monocyte_(subtipo_indeterminado)__EML4__UC_vs_HC,0.0,0.0
Monocyte_(subtipo_indeterminado)__EML4__CD_vs_HC,0.0,0.0
Monocyte_(subtipo_indeterminado)__FAM49A__CD_vs_HC,0.0,0.0
Monocyte_(subtipo_indeterminado)__FAM3D__UC_vs_HC,0.0,0.0
Monocyte_(subtipo_indeterminado)__FAM219B__UC_vs_HC,0.0,0.0
Monocyte_(subtipo_indeterminado)__FAM213A__UC_vs_HC,0.0,0.0
Monocyte_(subtipo_indeterminado)__FAM174B__UC_vs_HC,0.0,0.0
Monocyte_(subtipo_indeterminado)__FAM13A__CD_vs_HC,0.0,0.0
Monocyte_(subtipo_indeterminado)__FAM129A__UC_vs_HC,0.0,0.0
Monocyte_(subtipo_indeterminado)__FAM129A__CD_vs_HC,0.0,0.0
Monocyte_(subtipo_indeterminado)__FABP5__UC_vs_HC,0.0,0.0
Monocyte_(subtipo_indeterminado)__FABP3__UC_vs_HC,0.0,0.0
Monocyte_(subtipo_indeterminado)__FABP1__UC_vs_HC,0.0,0.0
Monocyte_(subtipo_indeterminado)__FABP1__CD_vs_HC,0.0,0.0
Monocyte_(subtipo_indeterminado)__F3__UC_vs_HC,0.0,0.0
Monocyte_(subtipo_indeterminado)__F13A1__UC_vs_HC,0.0,0.0
Monocyte_(subtipo_indeterminado)__F13A1__CD_vs_HC,0.0,0.0
Monocyte_(subtipo_indeterminado)__EXTL2__UC_vs_HC,0.0,0.0
Monocyte_(subtipo_indeterminado)__FOSB__UC_vs_HC,0.0,0.0
Monocyte_(subtipo_indeterminado)__FOLR2__UC_vs_HC,0.0,0.0
Monocyte_(subtipo_indeterminado)__FNDC3B__UC_vs_HC,0.0,0.0
Monocyte_(subtipo_indeterminado)__FNDC3B__CD_vs_HC,0.0,0.0
Monocyte_(subtipo_indeterminado)__FLT1__UC_vs_HC,0.0,0.0
Monocyte_(subtipo_indeterminado)__FLT1__CD_vs_HC,0.0,0.0
Monocyte_(subtipo_indeterminado)__FLNA__CD_vs_HC,0.0,0.0
Monocyte_(subtipo_indeterminado)__FILIP1L__UC_vs_HC,0.0,0.0
Monocyte_(subtipo_indeterminado)__FHIT__UC_vs_HC,0.0,0.0
Monocyte_(subtipo_indeterminado)__FGD4__UC_vs_HC,0.0,0.0
Monocyte_(subtipo_indeterminado)__FECH__UC_vs_HC,0.0,0.0
Monocyte_(subtipo_indeterminado)__FCN1__UC_vs_HC,0.0,0.0
Monocyte_(subtipo_indeterminado)__FCGRT__UC_vs_HC,0.0,0.0
Monocyte_(subtipo_indeterminado)__FBP1__CD_vs_HC,0.0,0.0
Monocyte_(subtipo_indeterminado)__FARP1__UC_vs_HC,0.0,0.0
Monocyte_(subtipo_indeterminado)__FAM49A__UC_vs_HC,0.0,0.0
Monocyte_(subtipo_indeterminado)__GALM__UC_vs_HC,0.0,0.0
Monocyte_(subtipo_indeterminado)__GALK2__UC_vs_HC,0.0,0.0
Monocyte_(subtipo_indeterminado)__G0S2__UC_vs_HC,0.0,0.0
Monocyte_(subtipo_indeterminado)__G0S2__CD_vs_HC,0.0,0.0
Monocyte_(subtipo_indeterminado)__FXYD6__UC_vs_HC,0.0,0.0
Monocyte_(subtipo_indeterminado)__FXYD3__UC_vs_HC,0.0,0.0
Monocyte_(subtipo_indeterminado)__FUCA1__UC_vs_HC,0.0,0.0
Monocyte_(subtipo_indeterminado)__FTH1__CD_vs_HC,0.0,0.0
Monocyte_(subtipo_indeterminado)__FRMD4B__UC_vs_HC,0.0,0.0
Monocyte_(subtipo_indeterminado)__FPR2__UC_vs_HC,0.0,0.0
Monocyte_(subtipo_indeterminado)__FPR2__CD_vs_HC,0.0,0.0
Monocyte_(subtipo_indeterminado)__FPR1__UC_vs_HC,0.0,0.0
Monocyte_(subtipo_indeterminado)__FPR1__CD_vs_HC,0.0,0.0
Monocyte_(subtipo_indeterminado)__FOXO1__UC_vs_HC,0.0,0.0
Monocyte_(subtipo_indeterminado)__FOXK2__UC_vs_HC,0.0,0.0
Monocyte_(subtipo_indeterminado)__FOXK2__CD_vs_HC,0.0,0.0
Monocyte_(subtipo_indeterminado)__GFRA2__UC_vs_HC,0.0,0.0
Monocyte_(subtipo_indeterminado)__GDE1__UC_vs_HC,0.0,0.0
Monocyte_(subtipo_indeterminado)__GCSH__UC_vs_HC,0.0,0.0
Monocyte_(subtipo_indeterminado)__GCA__UC_vs_HC,0.0,0.0
Monocyte_(subtipo_indeterminado)__GCA__CD_vs_HC,0.0,0.0
Monocyte_(subtipo_indeterminado)__GBP5__CD_vs_HC,0.0,0.0
Monocyte_(subtipo_indeterminado)__GBP4__CD_vs_HC,0.0,0.0
Monocyte_(subtipo_indeterminado)__GBP2__UC_vs_HC,0.0,0.0
Monocyte_(subtipo_indeterminado)__GBP2__CD_vs_HC,0.0,0.0
Monocyte_(subtipo_indeterminado)__GBP1__UC_vs_HC,0.0,0.0
Monocyte_(subtipo_indeterminado)__GBP1__CD_vs_HC,0.0,0.0
Monocyte_(subtipo_indeterminado)__GATM__UC_vs_HC,0.0,0.0
Monocyte_(subtipo_indeterminado)__GAS6__UC_vs_HC,0.0,0.0
Monocyte_(subtipo_indeterminado)__GAPLINC__UC_vs_HC,0.0,0.0
Monocyte_(subtipo_indeterminado)__GAPDH__UC_vs_HC,0.0,0.0
Monocyte_(subtipo_indeterminado)__GAMT__UC_vs_HC,0.0,0.0
Monocyte_(subtipo_indeterminado)__GPCPD1__CD_vs_HC,0.0,0.0
Monocyte_(subtipo_indeterminado)__GOLPH3L__UC_vs_HC,0.0,0.0
Monocyte_(subtipo_indeterminado)__GOLIM4__UC_vs_HC,0.0,0.0
Monocyte_(subtipo_indeterminado)__GNPDA1__UC_vs_HC,0.0,0.0
Monocyte_(subtipo_indeterminado)__GNAS__UC_vs_HC,0.0,0.0
Monocyte_(subtipo_indeterminado)__GNAS__CD_vs_HC,0.0,0.0
Monocyte_(subtipo_indeterminado)__GM2A__UC_vs_HC,0.0,0.0
Monocyte_(subtipo_indeterminado)__GLUD1__UC_vs_HC,0.0,0.0
Monocyte_(subtipo_indeterminado)__GLMP__UC_vs_HC,0.0,0.0
Monocyte_(subtipo_indeterminado)__GLIPR2__UC_vs_HC,0.0,0.0
Monocyte_(subtipo_indeterminado)__GLIPR2__CD_vs_HC,0.0,0.0
Monocyte_(subtipo_indeterminado)__GK__UC_vs_HC,0.0,0.0
Monocyte_(subtipo_indeterminado)__GK__CD_vs_HC,0.0,0.0
Monocyte_(subtipo_indeterminado)__GK5__UC_vs_HC,0.0,0.0
Monocyte_(subtipo_indeterminado)__GGT5__UC_vs_HC,0.0,0.0
Monocyte_(subtipo_indeterminado)__GGT5__CD_vs_HC,0.0,0.0
Monocyte_(subtipo_indeterminado)__HEXA__UC_vs_HC,0.0,0.0
Monocyte_(subtipo_indeterminado)__HEXA__CD_vs_HC,0.0,0.0
Monocyte_(subtipo_indeterminado)__HES1__CD_vs_HC,0.0,0.0
Monocyte_(subtipo_indeterminado)__HERC2__UC_vs_HC,0.0,0.0
Monocyte_(subtipo_indeterminado)__HCAR3__CD_vs_HC,0.0,0.0
Monocyte_(subtipo_indeterminado)__HAPLN3__CD_vs_HC,0.0,0.0
Monocyte_(subtipo_indeterminado)__H1F0__CD_vs_HC,0.0,0.0
Monocyte_(subtipo_indeterminado)__GYPC__UC_vs_HC,0.0,0.0
Monocyte_(subtipo_indeterminado)__GUK1__CD_vs_HC,0.0,0.0
Monocyte_(subtipo_indeterminado)__GSTO1__UC_vs_HC,0.0,0.0
Monocyte_(subtipo_indeterminado)__GRN__UC_vs_HC,0.0,0.0
Monocyte_(subtipo_indeterminado)__GPX3__UC_vs_HC,0.0,0.0
Monocyte_(subtipo_indeterminado)__GPR84__UC_vs_HC,0.0,0.0
Monocyte_(subtipo_indeterminado)__GPR160__UC_vs_HC,0.0,0.0
Monocyte_(subtipo_indeterminado)__GPNMB__UC_vs_HC,0.0,0.0
Monocyte_(subtipo_indeterminado)__GPCPD1__UC_vs_HC,0.0,0.0
Monocyte_(subtipo_indeterminado)__HTR7__UC_vs_HC,0.0,0.0
Monocyte_(subtipo_indeterminado)__HSPA5__UC_vs_HC,0.0,0.0
Monocyte_(subtipo_indeterminado)__HSD17B14__UC_vs_HC,0.0,0.0
Monocyte_(subtipo_indeterminado)__HRH2__UC_vs_HC,0.0,0.0
Monocyte_(subtipo_indeterminado)__HPS1__UC_vs_HC,0.0,0.0
Monocyte_(subtipo_indeterminado)__HPS1__CD_vs_HC,0.0,0.0
Monocyte_(subtipo_indeterminado)__HLA-F__CD_vs_HC,0.0,0.0
Monocyte_(subtipo_indeterminado)__HLA-DOA__UC_vs_HC,0.0,0.0
Monocyte_(subtipo_indeterminado)__HK2__UC_vs_HC,0.0,0.0
Monocyte_(subtipo_indeterminado)__HK2__CD_vs_HC,0.0,0.0
Monocyte_(subtipo_indeterminado)__HIPK2__UC_vs_HC,0.0,0.0
Monocyte_(subtipo_indeterminado)__HILPDA__UC_vs_HC,0.0,0.0
Monocyte_(subtipo_indeterminado)__HILPDA__CD_vs_HC,0.0,0.0
Monocyte_(subtipo_indeterminado)__HIF1A__UC_vs_HC,0.0,0.0
Monocyte_(subtipo_indeterminado)__HFE__UC_vs_HC,0.0,0.0
Monocyte_(subtipo_indeterminado)__HEXIM1__UC_vs_HC,0.0,0.0
Monocyte_(subtipo_indeterminado)__IGHG2__CD_vs_HC,0.0,0.0
Monocyte_(subtipo_indeterminado)__IGHG1__UC_vs_HC,0.0,0.0
Monocyte_(subtipo_indeterminado)__IGHG1__CD_vs_HC,0.0,0.0
Monocyte_(subtipo_indeterminado)__IGHA2__UC_vs_HC,0.0,0.0
Monocyte_(subtipo_indeterminado)__IGFBP4__UC_vs_HC,0.0,0.0
Monocyte_(subtipo_indeterminado)__IGFBP4__CD_vs_HC,0.0,0.0
Monocyte_(subtipo_indeterminado)__IGF1__UC_vs_HC,0.0,0.0
Monocyte_(subtipo_indeterminado)__IFT46__UC_vs_HC,0.0,0.0
Monocyte_(subtipo_indeterminado)__IFITM3__UC_vs_HC,0.0,0.0
Monocyte_(subtipo_indeterminado)__IFITM2__UC_vs_HC,0.0,0.0
Monocyte_(subtipo_indeterminado)__IFIT3__CD_vs_HC,0.0,0.0
Monocyte_(subtipo_indeterminado)__IFIT2__CD_vs_HC,0.0,0.0
Monocyte_(subtipo_indeterminado)__IDO1__UC_vs_HC,0.0,0.0
Monocyte_(subtipo_indeterminado)__IDO1__CD_vs_HC,0.0,0.0
Monocyte_(subtipo_indeterminado)__IDH1__UC_vs_HC,0.0,0.0
Monocyte_(subtipo_indeterminado)__ID3__UC_vs_HC,0.0,0.0
Monocyte_(subtipo_indeterminado)__IL7R__CD_vs_HC,0.0,0.0
Monocyte_(subtipo_indeterminado)__IL4I1__UC_vs_HC,0.0,0.0
Monocyte_(subtipo_indeterminado)__IL4I1__CD_vs_HC,0.0,0.0
Monocyte_(subtipo_indeterminado)__IL3RA__UC_vs_HC,0.0,0.0
Monocyte_(subtipo_indeterminado)__IL3RA__CD_vs_HC,0.0,0.0
Monocyte_(subtipo_indeterminado)__IL2RG__UC_vs_HC,0.0,0.0
Monocyte_(subtipo_indeterminado)__IL2RG__CD_vs_HC,0.0,0.0
Monocyte_(subtipo_indeterminado)__IL23A__CD_vs_HC,0.0,0.0
Monocyte_(subtipo_indeterminado)__IL1RN__UC_vs_HC,0.0,0.0
Monocyte_(subtipo_indeterminado)__IL1RN__CD_vs_HC,0.0,0.0
Monocyte_(subtipo_indeterminado)__IL1B__UC_vs_HC,0.0,0.0
Monocyte_(subtipo_indeterminado)__IL1B__CD_vs_HC,0.0,0.0
Monocyte_(subtipo_indeterminado)__IL18BP__UC_vs_HC,0.0,0.0
Monocyte_(subtipo_indeterminado)__IGHG4__UC_vs_HC,0.0,0.0
Monocyte_(subtipo_indeterminado)__IGHG3__UC_vs_HC,0.0,0.0
Monocyte_(subtipo_indeterminado)__IGHG3__CD_vs_HC,0.0,0.0
Monocyte_(subtipo_indeterminado)__ITGB5__UC_vs_HC,0.0,0.0
Monocyte_(subtipo_indeterminado)__ITGAX__UC_vs_HC,0.0,0.0
Monocyte_(subtipo_indeterminado)__ITGA9__UC_vs_HC,0.0,0.0
Monocyte_(subtipo_indeterminado)__ITGA5__CD_vs_HC,0.0,0.0
Monocyte_(subtipo_indeterminado)__ISG20__UC_vs_HC,0.0,0.0
Monocyte_(subtipo_indeterminado)__ISG20__CD_vs_HC,0.0,0.0
Monocyte_(subtipo_indeterminado)__IRF7__CD_vs_HC,0.0,0.0
Monocyte_(subtipo_indeterminado)__IRAK3__UC_vs_HC,0.0,0.0
Monocyte_(subtipo_indeterminado)__IRAK2__UC_vs_HC,0.0,0.0
Monocyte_(subtipo_indeterminado)__IRAK2__CD_vs_HC,0.0,0.0
Monocyte_(subtipo_indeterminado)__IQGAP2__UC_vs_HC,0.0,0.0
Monocyte_(subtipo_indeterminado)__INHBA__UC_vs_HC,0.0,0.0
Monocyte_(subtipo_indeterminado)__INHBA__CD_vs_HC,0.0,0.0
Monocyte_(subtipo_indeterminado)__IMPACT__UC_vs_HC,0.0,0.0
Monocyte_(subtipo_indeterminado)__ILF3-DT__CD_vs_HC,0.0,0.0
Monocyte_(subtipo_indeterminado)__IL7R__UC_vs_HC,0.0,0.0
Monocyte_(subtipo_indeterminado)__KDM6B__CD_vs_HC,0.0,0.0
Monocyte_(subtipo_indeterminado)__KCTD5__UC_vs_HC,0.0,0.0
Monocyte_(subtipo_indeterminado)__KCNQ1OT1__UC_vs_HC,0.0,0.0
Monocyte_(subtipo_indeterminado)__KCNMA1__UC_vs_HC,0.0,0.0
Monocyte_(subtipo_indeterminado)__KCNK6__CD_vs_HC,0.0,0.0
Monocyte_(subtipo_indeterminado)__KCNJ2__UC_vs_HC,0.0,0.0
Monocyte_(subtipo_indeterminado)__KCNJ2__CD_vs_HC,0.0,0.0
Monocyte_(subtipo_indeterminado)__JUN__UC_vs_HC,0.0,0.0
Monocyte_(subtipo_indeterminado)__JPT2__UC_vs_HC,0.0,0.0
Monocyte_(subtipo_indeterminado)__JMY__UC_vs_HC,0.0,0.0
Monocyte_(subtipo_indeterminado)__JAK3__UC_vs_HC,0.0,0.0
Monocyte_(subtipo_indeterminado)__JAK3__CD_vs_HC,0.0,0.0
Monocyte_(subtipo_indeterminado)__JAK2__CD_vs_HC,0.0,0.0
Monocyte_(subtipo_indeterminado)__IVD__UC_vs_HC,0.0,0.0
Monocyte_(subtipo_indeterminado)__ITSN1__UC_vs_HC,0.0,0.0
Monocyte_(subtipo_indeterminado)__ITSN1__CD_vs_HC,0.0,0.0
Monocyte_(subtipo_indeterminado)__LANCL1__UC_vs_HC,0.0,0.0
Monocyte_(subtipo_indeterminado)__LAMP3__UC_vs_HC,0.0,0.0
Monocyte_(subtipo_indeterminado)__LAMP3__CD_vs_HC,0.0,0.0
Monocyte_(subtipo_indeterminado)__LAMB2__UC_vs_HC,0.0,0.0
Monocyte_(subtipo_indeterminado)__LACC1__UC_vs_HC,0.0,0.0
Monocyte_(subtipo_indeterminado)__KYNU__UC_vs_HC,0.0,0.0
Monocyte_(subtipo_indeterminado)__KYNU__CD_vs_HC,0.0,0.0
Monocyte_(subtipo_indeterminado)__KRT8__UC_vs_HC,0.0,0.0
Monocyte_(subtipo_indeterminado)__KRT18__UC_vs_HC,0.0,0.0
Monocyte_(subtipo_indeterminado)__KLHL6__UC_vs_HC,0.0,0.0
Monocyte_(subtipo_indeterminado)__KLF12__UC_vs_HC,0.0,0.0
Monocyte_(subtipo_indeterminado)__KLF11__UC_vs_HC,0.0,0.0
Monocyte_(subtipo_indeterminado)__KIF1B__UC_vs_HC,0.0,0.0
Monocyte_(subtipo_indeterminado)__KIF1B__CD_vs_HC,0.0,0.0
Monocyte_(subtipo_indeterminado)__KHK__UC_vs_HC,0.0,0.0
Monocyte_(subtipo_indeterminado)__KDSR__UC_vs_HC,0.0,0.0
Monocyte_(subtipo_indeterminado)__LILRB4__CD_vs_HC,0.0,0.0
Monocyte_(subtipo_indeterminado)__LILRB3__UC_vs_HC,0.0,0.0
Monocyte_(subtipo_indeterminado)__LILRB2__UC_vs_HC,0.0,0.0
Monocyte_(subtipo_indeterminado)__LILRB2__CD_vs_HC,0.0,0.0
Monocyte_(subtipo_indeterminado)__LILRA5__UC_vs_HC,0.0,0.0
Monocyte_(subtipo_indeterminado)__LILRA5__CD_vs_HC,0.0,0.0
Monocyte_(subtipo_indeterminado)__LILRA2__UC_vs_HC,0.0,0.0
Monocyte_(subtipo_indeterminado)__LGMN__UC_vs_HC,0.0,0.0
Monocyte_(subtipo_indeterminado)__LGMN__CD_vs_HC,0.0,0.0
Monocyte_(subtipo_indeterminado)__LGALS4__UC_vs_HC,0.0,0.0
Monocyte_(subtipo_indeterminado)__LDHA__UC_vs_HC,0.0,0.0
Monocyte_(subtipo_indeterminado)__LDHA__CD_vs_HC,0.0,0.0
Monocyte_(subtipo_indeterminado)__LCP1__UC_vs_HC,0.0,0.0
Monocyte_(subtipo_indeterminado)__LCP1__CD_vs_HC,0.0,0.0
Monocyte_(subtipo_indeterminado)__LAP3__UC_vs_HC,0.0,0.0
Monocyte_(subtipo_indeterminado)__LAP3__CD_vs_HC,0.0,0.0
Monocyte_(subtipo_indeterminado)__MAFF__UC_vs_HC,0.0,0.0
Monocyte_(subtipo_indeterminado)__LTB__CD_vs_HC,0.0,0.0
Monocyte_(subtipo_indeterminado)__LTA4H__UC_vs_HC,0.0,0.0
Monocyte_(subtipo_indeterminado)__LTA4H__CD_vs_HC,0.0,0.0
Monocyte_(subtipo_indeterminado)__LRRFIP2__CD_vs_HC,0.0,0.0
Monocyte_(subtipo_indeterminado)__LRG1__UC_vs_HC,0.0,0.0
Monocyte_(subtipo_indeterminado)__LPAR6__UC_vs_HC,0.0,0.0
Monocyte_(subtipo_indeterminado)__LPAR6__CD_vs_HC,0.0,0.0
Monocyte_(subtipo_indeterminado)__LMNB1__UC_vs_HC,0.0,0.0
Monocyte_(subtipo_indeterminado)__LMNB1__CD_vs_HC,0.0,0.0
Monocyte_(subtipo_indeterminado)__LMNA__UC_vs_HC,0.0,0.0
Monocyte_(subtipo_indeterminado)__LIPA__UC_vs_HC,0.0,0.0
Monocyte_(subtipo_indeterminado)__LINC00891__UC_vs_HC,0.0,0.0
Monocyte_(subtipo_indeterminado)__LINC00513__UC_vs_HC,0.0,0.0
Monocyte_(subtipo_indeterminado)__LILRB5__UC_vs_HC,0.0,0.0
Monocyte_(subtipo_indeterminado)__LILRB4__UC_vs_HC,0.0,0.0
Monocyte_(subtipo_indeterminado)__ME1__UC_vs_HC,0.0,0.0
Monocyte_(subtipo_indeterminado)__MCEMP1__UC_vs_HC,0.0,0.0
Monocyte_(subtipo_indeterminado)__MCEMP1__CD_vs_HC,0.0,0.0
Monocyte_(subtipo_indeterminado)__MBOAT7__UC_vs_HC,0.0,0.0
Monocyte_(subtipo_indeterminado)__MBD3__UC_vs_HC,0.0,0.0
Monocyte_(subtipo_indeterminado)__MARCO__UC_vs_HC,0.0,0.0
Monocyte_(subtipo_indeterminado)__MARCO__CD_vs_HC,0.0,0.0
Monocyte_(subtipo_indeterminado)__MARCKSL1__UC_vs_HC,0.0,0.0
Monocyte_(subtipo_indeterminado)__MARCKSL1__CD_vs_HC,0.0,0.0
Monocyte_(subtipo_indeterminado)__MAP4K4__UC_vs_HC,0.0,0.0
Monocyte_(subtipo_indeterminado)__MAP3K20__UC_vs_HC,0.0,0.0
Monocyte_(subtipo_indeterminado)__MAP3K20__CD_vs_HC,0.0,0.0
Monocyte_(subtipo_indeterminado)__MAN1B1__UC_vs_HC,0.0,0.0
Monocyte_(subtipo_indeterminado)__MAN1A1__UC_vs_HC,0.0,0.0
Monocyte_(subtipo_indeterminado)__MALAT1__UC_vs_HC,0.0,0.0
Monocyte_(subtipo_indeterminado)__MAF__UC_vs_HC,0.0,0.0
Monocyte_(subtipo_indeterminado)__MPHOSPH8__CD_vs_HC,0.0,0.0
Monocyte_(subtipo_indeterminado)__MPHOSPH6__UC_vs_HC,0.0,0.0
Monocyte_(subtipo_indeterminado)__MOCS2__UC_vs_HC,0.0,0.0
Monocyte_(subtipo_indeterminado)__MOB3C__UC_vs_HC,0.0,0.0
Monocyte_(subtipo_indeterminado)__MOB3B__UC_vs_HC,0.0,0.0
Monocyte_(subtipo_indeterminado)__MOB3B__CD_vs_HC,0.0,0.0
Monocyte_(subtipo_indeterminado)__MNDA__UC_vs_HC,0.0,0.0
Monocyte_(subtipo_indeterminado)__MMP10__CD_vs_HC,0.0,0.0
Monocyte_(subtipo_indeterminado)__MLYCD__UC_vs_HC,0.0,0.0
Monocyte_(subtipo_indeterminado)__MKNK2__UC_vs_HC,0.0,0.0
Monocyte_(subtipo_indeterminado)__MIR4435-2HG__UC_vs_HC,0.0,0.0
Monocyte_(subtipo_indeterminado)__MIR4435-2HG__CD_vs_HC,0.0,0.0
Monocyte_(subtipo_indeterminado)__MIR3945HG__UC_vs_HC,0.0,0.0
Monocyte_(subtipo_indeterminado)__MIR155HG__UC_vs_HC,0.0,0.0
Monocyte_(subtipo_indeterminado)__MIR155HG__CD_vs_HC,0.0,0.0
Monocyte_(subtipo_indeterminado)__ME2__CD_vs_HC,0.0,0.0
Monocyte_(subtipo_indeterminado)__MYD88__UC_vs_HC,0.0,0.0
Monocyte_(subtipo_indeterminado)__MXD1__UC_vs_HC,0.0,0.0
Monocyte_(subtipo_indeterminado)__MXD1__CD_vs_HC,0.0,0.0
Monocyte_(subtipo_indeterminado)__MVB12B__UC_vs_HC,0.0,0.0
Monocyte_(subtipo_indeterminado)__MTRNR2L8__UC_vs_HC,0.0,0.0
Monocyte_(subtipo_indeterminado)__MTMR10__CD_vs_HC,0.0,0.0
Monocyte_(subtipo_indeterminado)__MTHFD2__UC_vs_HC,0.0,0.0
Monocyte_(subtipo_indeterminado)__MTHFD2__CD_vs_HC,0.0,0.0
Monocyte_(subtipo_indeterminado)__MTF1__UC_vs_HC,0.0,0.0
Monocyte_(subtipo_indeterminado)__MTF1__CD_vs_HC,0.0,0.0
Monocyte_(subtipo_indeterminado)__MT2A__CD_vs_HC,0.0,0.0
Monocyte_(subtipo_indeterminado)__MT1E__CD_vs_HC,0.0,0.0
Monocyte_(subtipo_indeterminado)__MT-ND3__UC_vs_HC,0.0,0.0
Monocyte_(subtipo_indeterminado)__MS4A6A__CD_vs_HC,0.0,0.0
Monocyte_(subtipo_indeterminado)__MS4A4A__UC_vs_HC,0.0,0.0
Monocyte_(subtipo_indeterminado)__MRC2__UC_vs_HC,0.0,0.0
Monocyte_(subtipo_indeterminado)__NENF__CD_vs_HC,0.0,0.0
Monocyte_(subtipo_indeterminado)__NELFB__UC_vs_HC,0.0,0.0
Monocyte_(subtipo_indeterminado)__NCF4__UC_vs_HC,0.0,0.0
Monocyte_(subtipo_indeterminado)__NCF2__UC_vs_HC,0.0,0.0
Monocyte_(subtipo_indeterminado)__NCF1__UC_vs_HC,0.0,0.0
Monocyte_(subtipo_indeterminado)__NCAPD3__UC_vs_HC,0.0,0.0
Monocyte_(subtipo_indeterminado)__NBN__UC_vs_HC,0.0,0.0
Monocyte_(subtipo_indeterminado)__NBN__CD_vs_HC,0.0,0.0
Monocyte_(subtipo_indeterminado)__NBL1__UC_vs_HC,0.0,0.0
Monocyte_(subtipo_indeterminado)__NAMPT__UC_vs_HC,0.0,0.0
Monocyte_(subtipo_indeterminado)__MYO7A__UC_vs_HC,0.0,0.0
Monocyte_(subtipo_indeterminado)__MYO5A__UC_vs_HC,0.0,0.0
Monocyte_(subtipo_indeterminado)__MYO5A__CD_vs_HC,0.0,0.0
Monocyte_(subtipo_indeterminado)__MYO1G__CD_vs_HC,0.0,0.0
Monocyte_(subtipo_indeterminado)__MYLIP__UC_vs_HC,0.0,0.0
Monocyte_(subtipo_indeterminado)__MYLIP__CD_vs_HC,0.0,0.0
Monocyte_(subtipo_indeterminado)__NRIP3__CD_vs_HC,0.0,0.0
Monocyte_(subtipo_indeterminado)__NRG1__UC_vs_HC,0.0,0.0
Monocyte_(subtipo_indeterminado)__NPEPL1__UC_vs_HC,0.0,0.0
Monocyte_(subtipo_indeterminado)__NOL7__CD_vs_HC,0.0,0.0
Monocyte_(subtipo_indeterminado)__NME7__UC_vs_HC,0.0,0.0
Monocyte_(subtipo_indeterminado)__NME4__UC_vs_HC,0.0,0.0
Monocyte_(subtipo_indeterminado)__NISCH__UC_vs_HC,0.0,0.0
Monocyte_(subtipo_indeterminado)__NISCH__CD_vs_HC,0.0,0.0
Monocyte_(subtipo_indeterminado)__NINJ1__UC_vs_HC,0.0,0.0
Monocyte_(subtipo_indeterminado)__NINJ1__CD_vs_HC,0.0,0.0
Monocyte_(subtipo_indeterminado)__NHLRC3__UC_vs_HC,0.0,0.0
Monocyte_(subtipo_indeterminado)__NFKBIA__CD_vs_HC,0.0,0.0
Monocyte_(subtipo_indeterminado)__NFIC__UC_vs_HC,0.0,0.0
Monocyte_(subtipo_indeterminado)__NFIA__UC_vs_HC,0.0,0.0
Monocyte_(subtipo_indeterminado)__NFATC1__UC_vs_HC,0.0,0.0
Monocyte_(subtipo_indeterminado)__NEU1__UC_vs_HC,0.0,0.0
Monocyte_(subtipo_indeterminado)__PACS2__UC_vs_HC,0.0,0.0
Monocyte_(subtipo_indeterminado)__P2RY6__UC_vs_HC,0.0,0.0
Monocyte_(subtipo_indeterminado)__OTOA__UC_vs_HC,0.0,0.0
Monocyte_(subtipo_indeterminado)__OTOA__CD_vs_HC,0.0,0.0
Monocyte_(subtipo_indeterminado)__OSM__UC_vs_HC,0.0,0.0
Monocyte_(subtipo_indeterminado)__ORC6__UC_vs_HC,0.0,0.0
Monocyte_(subtipo_indeterminado)__OLR1__UC_vs_HC,0.0,0.0
Monocyte_(subtipo_indeterminado)__OGFOD3__UC_vs_HC,0.0,0.0
Monocyte_(subtipo_indeterminado)__OASL__CD_vs_HC,0.0,0.0
Monocyte_(subtipo_indeterminado)__NUPR1__UC_vs_HC,0.0,0.0
Monocyte_(subtipo_indeterminado)__NUMA1__UC_vs_HC,0.0,0.0
Monocyte_(subtipo_indeterminado)__NUMA1__CD_vs_HC,0.0,0.0
Monocyte_(subtipo_indeterminado)__NTAN1__UC_vs_HC,0.0,0.0
Monocyte_(subtipo_indeterminado)__NT5DC2__UC_vs_HC,0.0,0.0
Monocyte_(subtipo_indeterminado)__NSMF__UC_vs_HC,0.0,0.0
Monocyte_(subtipo_indeterminado)__NRIP3__UC_vs_HC,0.0,0.0
Monocyte_(subtipo_indeterminado)__PER3__UC_vs_HC,0.0,0.0
Monocyte_(subtipo_indeterminado)__PER3__CD_vs_HC,0.0,0.0
Monocyte_(subtipo_indeterminado)__PEPD__UC_vs_HC,0.0,0.0
Monocyte_(subtipo_indeterminado)__PEBP1__UC_vs_HC,0.0,0.0
Monocyte_(subtipo_indeterminado)__PDK3__UC_vs_HC,0.0,0.0
Monocyte_(subtipo_indeterminado)__PDGFC__UC_vs_HC,0.0,0.0
Monocyte_(subtipo_indeterminado)__PDE4D__UC_vs_HC,0.0,0.0
Monocyte_(subtipo_indeterminado)__PCYOX1__UC_vs_HC,0.0,0.0
Monocyte_(subtipo_indeterminado)__PCNA__UC_vs_HC,0.0,0.0
Monocyte_(subtipo_indeterminado)__PCM1__UC_vs_HC,0.0,0.0
Monocyte_(subtipo_indeterminado)__PARP9__CD_vs_HC,0.0,0.0
Monocyte_(subtipo_indeterminado)__PARP8__UC_vs_HC,0.0,0.0
Monocyte_(subtipo_indeterminado)__PARP1__UC_vs_HC,0.0,0.0
Monocyte_(subtipo_indeterminado)__PARG__UC_vs_HC,0.0,0.0
Monocyte_(subtipo_indeterminado)__PAOX__UC_vs_HC,0.0,0.0
Monocyte_(subtipo_indeterminado)__PALD1__UC_vs_HC,0.0,0.0
Monocyte_(subtipo_indeterminado)__PLEKHA1__UC_vs_HC,0.0,0.0
Monocyte_(subtipo_indeterminado)__PLD3__UC_vs_HC,0.0,0.0
Monocyte_(subtipo_indeterminado)__PLD3__CD_vs_HC,0.0,0.0
Monocyte_(subtipo_indeterminado)__PLAUR__UC_vs_HC,0.0,0.0
Monocyte_(subtipo_indeterminado)__PLAC8__UC_vs_HC,0.0,0.0
Monocyte_(subtipo_indeterminado)__PLA2G15__UC_vs_HC,0.0,0.0
Monocyte_(subtipo_indeterminado)__PLA2G15__CD_vs_HC,0.0,0.0
Monocyte_(subtipo_indeterminado)__PLA2G12A__UC_vs_HC,0.0,0.0
Monocyte_(subtipo_indeterminado)__PIM3__UC_vs_HC,0.0,0.0
Monocyte_(subtipo_indeterminado)__PIM1__UC_vs_HC,0.0,0.0
Monocyte_(subtipo_indeterminado)__PIM1__CD_vs_HC,0.0,0.0
Monocyte_(subtipo_indeterminado)__PIGR__UC_vs_HC,0.0,0.0
Monocyte_(subtipo_indeterminado)__PI4KB__CD_vs_HC,0.0,0.0
Monocyte_(subtipo_indeterminado)__PHF20L1__UC_vs_HC,0.0,0.0
Monocyte_(subtipo_indeterminado)__PGPEP1__UC_vs_HC,0.0,0.0
Monocyte_(subtipo_indeterminado)__PGPEP1__CD_vs_HC,0.0,0.0
Monocyte_(subtipo_indeterminado)__PPIF__CD_vs_HC,0.0,0.0
Monocyte_(subtipo_indeterminado)__PPA1__UC_vs_HC,0.0,0.0
Monocyte_(subtipo_indeterminado)__PPA1__CD_vs_HC,0.0,0.0
Monocyte_(subtipo_indeterminado)__PON2__UC_vs_HC,0.0,0.0
Monocyte_(subtipo_indeterminado)__POLR2A__UC_vs_HC,0.0,0.0
Monocyte_(subtipo_indeterminado)__PNPLA8__UC_vs_HC,0.0,0.0
Monocyte_(subtipo_indeterminado)__PLXDC1__UC_vs_HC,0.0,0.0
Monocyte_(subtipo_indeterminado)__PLTP__UC_vs_HC,0.0,0.0
Monocyte_(subtipo_indeterminado)__PLSCR1__UC_vs_HC,0.0,0.0
Monocyte_(subtipo_indeterminado)__PLSCR1__CD_vs_HC,0.0,0.0
Monocyte_(subtipo_indeterminado)__PLP2__UC_vs_HC,0.0,0.0
Monocyte_(subtipo_indeterminado)__PLIN2__UC_vs_HC,0.0,0.0
Monocyte_(subtipo_indeterminado)__PLGRKT__CD_vs_HC,0.0,0.0
Monocyte_(subtipo_indeterminado)__PLEK__UC_vs_HC,0.0,0.0
Monocyte_(subtipo_indeterminado)__PLEK__CD_vs_HC,0.0,0.0
Monocyte_(subtipo_indeterminado)__PLEKHM2__UC_vs_HC,0.0,0.0
Monocyte_(subtipo_indeterminado)__PTPN1__UC_vs_HC,0.0,0.0
Monocyte_(subtipo_indeterminado)__PTPA__UC_vs_HC,0.0,0.0
Monocyte_(subtipo_indeterminado)__PTMS__UC_vs_HC,0.0,0.0
Monocyte_(subtipo_indeterminado)__PTGS2__CD_vs_HC,0.0,0.0
Monocyte_(subtipo_indeterminado)__PTGFRN__CD_vs_HC,0.0,0.0
Monocyte_(subtipo_indeterminado)__PSPH__UC_vs_HC,0.0,0.0
Monocyte_(subtipo_indeterminado)__PSME2__UC_vs_HC,0.0,0.0
Monocyte_(subtipo_indeterminado)__PSMB9__CD_vs_HC,0.0,0.0
Monocyte_(subtipo_indeterminado)__PSMB8__UC_vs_HC,0.0,0.0
Monocyte_(subtipo_indeterminado)__PSMB8__CD_vs_HC,0.0,0.0
Monocyte_(subtipo_indeterminado)__PSAP__UC_vs_HC,0.0,0.0
Monocyte_(subtipo_indeterminado)__PRRC2B__UC_vs_HC,0.0,0.0
Monocyte_(subtipo_indeterminado)__PRPF19__UC_vs_HC,0.0,0.0
Monocyte_(subtipo_indeterminado)__PRNP__UC_vs_HC,0.0,0.0
Monocyte_(subtipo_indeterminado)__PRKACB__UC_vs_HC,0.0,0.0
Monocyte_(subtipo_indeterminado)__PPIF__UC_vs_HC,0.0,0.0
Monocyte_(subtipo_indeterminado)__RASSF2__CD_vs_HC,0.0,0.0
Monocyte_(subtipo_indeterminado)__RAP1B__UC_vs_HC,0.0,0.0
Monocyte_(subtipo_indeterminado)__RAP1B__CD_vs_HC,0.0,0.0
Monocyte_(subtipo_indeterminado)__RALA__UC_vs_HC,0.0,0.0
Monocyte_(subtipo_indeterminado)__RALA__CD_vs_HC,0.0,0.0
Monocyte_(subtipo_indeterminado)__RAE1__CD_vs_HC,0.0,0.0
Monocyte_(subtipo_indeterminado)__RAD51AP1__UC_vs_HC,0.0,0.0
Monocyte_(subtipo_indeterminado)__RAC1__CD_vs_HC,0.0,0.0
Monocyte_(subtipo_indeterminado)__RABL6__UC_vs_HC,0.0,0.0
Monocyte_(subtipo_indeterminado)__RAB3IL1__UC_vs_HC,0.0,0.0
Monocyte_(subtipo_indeterminado)__QPRT__UC_vs_HC,0.0,0.0
Monocyte_(subtipo_indeterminado)__PXDC1__UC_vs_HC,0.0,0.0
Monocyte_(subtipo_indeterminado)__PTX3__UC_vs_HC,0.0,0.0
Monocyte_(subtipo_indeterminado)__PTPRC__UC_vs_HC,0.0,0.0
Monocyte_(subtipo_indeterminado)__PTPN2__UC_vs_HC,0.0,0.0
Monocyte_(subtipo_indeterminado)__PTPN2__CD_vs_HC,0.0,0.0
Monocyte_(subtipo_indeterminado)__RNASE1__UC_vs_HC,0.0,0.0
Monocyte_(subtipo_indeterminado)__RIPOR2__UC_vs_HC,0.0,0.0
Monocyte_(subtipo_indeterminado)__RIPOR2__CD_vs_HC,0.0,0.0
Monocyte_(subtipo_indeterminado)__RIPK2__UC_vs_HC,0.0,0.0
Monocyte_(subtipo_indeterminado)__RIPK2__CD_vs_HC,0.0,0.0
Monocyte_(subtipo_indeterminado)__RHOBTB1__UC_vs_HC,0.0,0.0
Monocyte_(subtipo_indeterminado)__RGS1__UC_vs_HC,0.0,0.0
Monocyte_(subtipo_indeterminado)__RGS1__CD_vs_HC,0.0,0.0
Monocyte_(subtipo_indeterminado)__RGS12__CD_vs_HC,0.0,0.0
Monocyte_(subtipo_indeterminado)__RGL1__UC_vs_HC,0.0,0.0
Monocyte_(subtipo_indeterminado)__RFLNB__UC_vs_HC,0.0,0.0
Monocyte_(subtipo_indeterminado)__RECQL5__UC_vs_HC,0.0,0.0
Monocyte_(subtipo_indeterminado)__RCN3__UC_vs_HC,0.0,0.0
Monocyte_(subtipo_indeterminado)__RBP1__UC_vs_HC,0.0,0.0
Monocyte_(subtipo_indeterminado)__RBM8A__UC_vs_HC,0.0,0.0
Monocyte_(subtipo_indeterminado)__RB1__UC_vs_HC,0.0,0.0
Monocyte_(subtipo_indeterminado)__S100A9__UC_vs_HC,0.0,0.0
Monocyte_(subtipo_indeterminado)__S100A9__CD_vs_HC,0.0,0.0
Monocyte_(subtipo_indeterminado)__S100A8__UC_vs_HC,0.0,0.0
Monocyte_(subtipo_indeterminado)__S100A8__CD_vs_HC,0.0,0.0
Monocyte_(subtipo_indeterminado)__S100A13__UC_vs_HC,0.0,0.0
Monocyte_(subtipo_indeterminado)__S100A12__UC_vs_HC,0.0,0.0
Monocyte_(subtipo_indeterminado)__S100A12__CD_vs_HC,0.0,0.0
Monocyte_(subtipo_indeterminado)__S100A10__UC_vs_HC,0.0,0.0
Monocyte_(subtipo_indeterminado)__RYR1__UC_vs_HC,0.0,0.0
Monocyte_(subtipo_indeterminado)__RPP25__UC_vs_HC,0.0,0.0
Monocyte_(subtipo_indeterminado)__RNF150__UC_vs_HC,0.0,0.0
Monocyte_(subtipo_indeterminado)__RNF125__UC_vs_HC,0.0,0.0
Monocyte_(subtipo_indeterminado)__RND3__UC_vs_HC,0.0,0.0
Monocyte_(subtipo_indeterminado)__RNASE6__UC_vs_HC,0.0,0.0
Monocyte_(subtipo_indeterminado)__RNASE6__CD_vs_HC,0.0,0.0
Monocyte_(subtipo_indeterminado)__RNASE2__UC_vs_HC,0.0,0.0
Monocyte_(subtipo_indeterminado)__SERPINB1__CD_vs_HC,0.0,0.0
Monocyte_(subtipo_indeterminado)__SERPINA1__UC_vs_HC,0.0,0.0
Monocyte_(subtipo_indeterminado)__SERPINA1__CD_vs_HC,0.0,0.0
Monocyte_(subtipo_indeterminado)__SEPT7__UC_vs_HC,0.0,0.0
Monocyte_(subtipo_indeterminado)__SEMA4C__UC_vs_HC,0.0,0.0
Monocyte_(subtipo_indeterminado)__SELL__UC_vs_HC,0.0,0.0
Monocyte_(subtipo_indeterminado)__SELENOP__UC_vs_HC,0.0,0.0
Monocyte_(subtipo_indeterminado)__SDC2__UC_vs_HC,0.0,0.0
Monocyte_(subtipo_indeterminado)__SDC2__CD_vs_HC,0.0,0.0
Monocyte_(subtipo_indeterminado)__SCN1B__UC_vs_HC,0.0,0.0
Monocyte_(subtipo_indeterminado)__SCD__UC_vs_HC,0.0,0.0
Monocyte_(subtipo_indeterminado)__SCARB1__UC_vs_HC,0.0,0.0
Monocyte_(subtipo_indeterminado)__SCAMP2__CD_vs_HC,0.0,0.0
Monocyte_(subtipo_indeterminado)__SATB1__UC_vs_HC,0.0,0.0
Monocyte_(subtipo_indeterminado)__SAR1A__UC_vs_HC,0.0,0.0
Monocyte_(subtipo_indeterminado)__SAMSN1__UC_vs_HC,0.0,0.0
Monocyte_(subtipo_indeterminado)__SIPA1L1__CD_vs_HC,0.0,0.0
Monocyte_(subtipo_indeterminado)__SIGLEC1__UC_vs_HC,0.0,0.0
Monocyte_(subtipo_indeterminado)__SIGLEC1__CD_vs_HC,0.0,0.0
Monocyte_(subtipo_indeterminado)__SHMT1__UC_vs_HC,0.0,0.0
Monocyte_(subtipo_indeterminado)__SH3GLB2__UC_vs_HC,0.0,0.0
Monocyte_(subtipo_indeterminado)__SH3D21__UC_vs_HC,0.0,0.0
Monocyte_(subtipo_indeterminado)__SH3BGRL3__UC_vs_HC,0.0,0.0
Monocyte_(subtipo_indeterminado)__SH3BGRL3__CD_vs_HC,0.0,0.0
Monocyte_(subtipo_indeterminado)__SGTB__UC_vs_HC,0.0,0.0
Monocyte_(subtipo_indeterminado)__SESN3__UC_vs_HC,0.0,0.0
Monocyte_(subtipo_indeterminado)__SERPINF1__UC_vs_HC,0.0,0.0
Monocyte_(subtipo_indeterminado)__SERPINB9__UC_vs_HC,0.0,0.0
Monocyte_(subtipo_indeterminado)__SERPINB9__CD_vs_HC,0.0,0.0
Monocyte_(subtipo_indeterminado)__SERPINB2__UC_vs_HC,0.0,0.0
Monocyte_(subtipo_indeterminado)__SERPINB2__CD_vs_HC,0.0,0.0
Monocyte_(subtipo_indeterminado)__SERPINB1__UC_vs_HC,0.0,0.0
Monocyte_(subtipo_indeterminado)__SLC38A7__CD_vs_HC,0.0,0.0
Monocyte_(subtipo_indeterminado)__SLC38A6__UC_vs_HC,0.0,0.0
Monocyte_(subtipo_indeterminado)__SLC37A2__UC_vs_HC,0.0,0.0
Monocyte_(subtipo_indeterminado)__SLC36A4__UC_vs_HC,0.0,0.0
Monocyte_(subtipo_indeterminado)__SLC35F6__UC_vs_HC,0.0,0.0
Monocyte_(subtipo_indeterminado)__SLC35B1__UC_vs_HC,0.0,0.0
Monocyte_(subtipo_indeterminado)__SLC2A8__UC_vs_HC,0.0,0.0
Monocyte_(subtipo_indeterminado)__SLC2A6__UC_vs_HC,0.0,0.0
Monocyte_(subtipo_indeterminado)__SLC2A6__CD_vs_HC,0.0,0.0
Monocyte_(subtipo_indeterminado)__SLC2A3__UC_vs_HC,0.0,0.0
Monocyte_(subtipo_indeterminado)__SLC25A37__UC_vs_HC,0.0,0.0
Monocyte_(subtipo_indeterminado)__SLC11A1__UC_vs_HC,0.0,0.0
Monocyte_(subtipo_indeterminado)__SLC11A1__CD_vs_HC,0.0,0.0
Monocyte_(subtipo_indeterminado)__SLAMF7__CD_vs_HC,0.0,0.0
Monocyte_(subtipo_indeterminado)__SIRPB1__UC_vs_HC,0.0,0.0
Monocyte_(subtipo_indeterminado)__SIPA1L1__UC_vs_HC,0.0,0.0
Monocyte_(subtipo_indeterminado)__SMIM4__UC_vs_HC,0.0,0.0
Monocyte_(subtipo_indeterminado)__SMIM37__UC_vs_HC,0.0,0.0
Monocyte_(subtipo_indeterminado)__SMIM25__UC_vs_HC,0.0,0.0
Monocyte_(subtipo_indeterminado)__SMCO4__UC_vs_HC,0.0,0.0
Monocyte_(subtipo_indeterminado)__SMCO4__CD_vs_HC,0.0,0.0
Monocyte_(subtipo_indeterminado)__SMARCA5__CD_vs_HC,0.0,0.0
Monocyte_(subtipo_indeterminado)__SMAD5__UC_vs_HC,0.0,0.0
Monocyte_(subtipo_indeterminado)__SLCO3A1__UC_vs_HC,0.0,0.0
Monocyte_(subtipo_indeterminado)__SLC7A11__UC_vs_HC,0.0,0.0
Monocyte_(subtipo_indeterminado)__SLC7A11__CD_vs_HC,0.0,0.0
Monocyte_(subtipo_indeterminado)__SLC46A3__UC_vs_HC,0.0,0.0
Monocyte_(subtipo_indeterminado)__SLC44A1__UC_vs_HC,0.0,0.0
Monocyte_(subtipo_indeterminado)__SLC44A1__CD_vs_HC,0.0,0.0
Monocyte_(subtipo_indeterminado)__SLC40A1__UC_vs_HC,0.0,0.0
Monocyte_(subtipo_indeterminado)__SLC39A8__UC_vs_HC,0.0,0.0
Monocyte_(subtipo_indeterminado)__SLC38A7__UC_vs_HC,0.0,0.0
Monocyte_(subtipo_indeterminado)__SPATA13__UC_vs_HC,0.0,0.0
Monocyte_(subtipo_indeterminado)__SPATA13__CD_vs_HC,0.0,0.0
Monocyte_(subtipo_indeterminado)__SOX4__UC_vs_HC,0.0,0.0
Monocyte_(subtipo_indeterminado)__SORBS3__UC_vs_HC,0.0,0.0
Monocyte_(subtipo_indeterminado)__SOD2__UC_vs_HC,0.0,0.0
Monocyte_(subtipo_indeterminado)__SOD2__CD_vs_HC,0.0,0.0
Monocyte_(subtipo_indeterminado)__SOD1__UC_vs_HC,0.0,0.0
Monocyte_(subtipo_indeterminado)__SNX33__UC_vs_HC,0.0,0.0
Monocyte_(subtipo_indeterminado)__SNX29__UC_vs_HC,0.0,0.0
Monocyte_(subtipo_indeterminado)__SNX29__CD_vs_HC,0.0,0.0
Monocyte_(subtipo_indeterminado)__SNX20__UC_vs_HC,0.0,0.0
Monocyte_(subtipo_indeterminado)__SNX20__CD_vs_HC,0.0,0.0
Monocyte_(subtipo_indeterminado)__SNX10__CD_vs_HC,0.0,0.0
Monocyte_(subtipo_indeterminado)__SNF8__CD_vs_HC,0.0,0.0
Monocyte_(subtipo_indeterminado)__SNAI1__UC_vs_HC,0.0,0.0
Monocyte_(subtipo_indeterminado)__SMS__UC_vs_HC,0.0,0.0
Monocyte_(subtipo_indeterminado)__STARD4__UC_vs_HC,0.0,0.0
Monocyte_(subtipo_indeterminado)__STARD4__CD_vs_HC,0.0,0.0
Monocyte_(subtipo_indeterminado)__STARD13__UC_vs_HC,0.0,0.0
Monocyte_(subtipo_indeterminado)__STAB1__UC_vs_HC,0.0,0.0
Monocyte_(subtipo_indeterminado)__STAB1__CD_vs_HC,0.0,0.0
Monocyte_(subtipo_indeterminado)__ST14__UC_vs_HC,0.0,0.0
Monocyte_(subtipo_indeterminado)__ST14__CD_vs_HC,0.0,0.0
Monocyte_(subtipo_indeterminado)__SRGN__UC_vs_HC,0.0,0.0
Monocyte_(subtipo_indeterminado)__SRGAP1__UC_vs_HC,0.0,0.0
Monocyte_(subtipo_indeterminado)__SPIRE1__UC_vs_HC,0.0,0.0
Monocyte_(subtipo_indeterminado)__SPIN1__UC_vs_HC,0.0,0.0
Monocyte_(subtipo_indeterminado)__SPIB__UC_vs_HC,0.0,0.0
Monocyte_(subtipo_indeterminado)__SPHK1__UC_vs_HC,0.0,0.0
Monocyte_(subtipo_indeterminado)__SPHK1__CD_vs_HC,0.0,0.0
Monocyte_(subtipo_indeterminado)__SPG7__UC_vs_HC,0.0,0.0
Monocyte_(subtipo_indeterminado)__SPATA20__UC_vs_HC,0.0,0.0
Monocyte_(subtipo_indeterminado)__TBC1D9__UC_vs_HC,0.0,0.0
Monocyte_(subtipo_indeterminado)__TBC1D22A__UC_vs_HC,0.0,0.0
Monocyte_(subtipo_indeterminado)__TAP2__CD_vs_HC,0.0,0.0
Monocyte_(subtipo_indeterminado)__TAP1__UC_vs_HC,0.0,0.0
Monocyte_(subtipo_indeterminado)__TAP1__CD_vs_HC,0.0,0.0
Monocyte_(subtipo_indeterminado)__TANGO2__UC_vs_HC,0.0,0.0
Monocyte_(subtipo_indeterminado)__SULT1A1__CD_vs_HC,0.0,0.0
Monocyte_(subtipo_indeterminado)__STXBP2__UC_vs_HC,0.0,0.0
Monocyte_(subtipo_indeterminado)__STX8__UC_vs_HC,0.0,0.0
Monocyte_(subtipo_indeterminado)__STX2__UC_vs_HC,0.0,0.0
Monocyte_(subtipo_indeterminado)__STMN1__UC_vs_HC,0.0,0.0
Monocyte_(subtipo_indeterminado)__STMN1__CD_vs_HC,0.0,0.0
Monocyte_(subtipo_indeterminado)__STK26__CD_vs_HC,0.0,0.0
Monocyte_(subtipo_indeterminado)__STK25__UC_vs_HC,0.0,0.0
Monocyte_(subtipo_indeterminado)__STAT1__CD_vs_HC,0.0,0.0
Monocyte_(subtipo_indeterminado)__STARD7__UC_vs_HC,0.0,0.0
Monocyte_(subtipo_indeterminado)__TGM2__UC_vs_HC,0.0,0.0
Monocyte_(subtipo_indeterminado)__TGM2__CD_vs_HC,0.0,0.0
Monocyte_(subtipo_indeterminado)__TGFBR1__UC_vs_HC,0.0,0.0
Monocyte_(subtipo_indeterminado)__TGFBR1__CD_vs_HC,0.0,0.0
Monocyte_(subtipo_indeterminado)__TFCP2L1__UC_vs_HC,0.0,0.0
Monocyte_(subtipo_indeterminado)__TFAP2C__UC_vs_HC,0.0,0.0
Monocyte_(subtipo_indeterminado)__TET2__UC_vs_HC,0.0,0.0
Monocyte_(subtipo_indeterminado)__TET2__CD_vs_HC,0.0,0.0
Monocyte_(subtipo_indeterminado)__TENT5A__UC_vs_HC,0.0,0.0
Monocyte_(subtipo_indeterminado)__TECR__UC_vs_HC,0.0,0.0
Monocyte_(subtipo_indeterminado)__TECR__CD_vs_HC,0.0,0.0
Monocyte_(subtipo_indeterminado)__TCEAL4__UC_vs_HC,0.0,0.0
Monocyte_(subtipo_indeterminado)__TCEAL4__CD_vs_HC,0.0,0.0
Monocyte_(subtipo_indeterminado)__TCEAL3__UC_vs_HC,0.0,0.0
Monocyte_(subtipo_indeterminado)__TCEAL3__CD_vs_HC,0.0,0.0
Monocyte_(subtipo_indeterminado)__TCAF1__UC_vs_HC,0.0,0.0
Monocyte_(subtipo_indeterminado)__TNFAIP2__CD_vs_HC,0.0,0.0
Monocyte_(subtipo_indeterminado)__TMIGD3__UC_vs_HC,0.0,0.0
Monocyte_(subtipo_indeterminado)__TMEM97__UC_vs_HC,0.0,0.0
Monocyte_(subtipo_indeterminado)__TMEM86A__UC_vs_HC,0.0,0.0
Monocyte_(subtipo_indeterminado)__TMEM51__UC_vs_HC,0.0,0.0
Monocyte_(subtipo_indeterminado)__TMEM37__UC_vs_HC,0.0,0.0
Monocyte_(subtipo_indeterminado)__TMEM138__CD_vs_HC,0.0,0.0
Monocyte_(subtipo_indeterminado)__TMEM135__UC_vs_HC,0.0,0.0
Monocyte_(subtipo_indeterminado)__TLR7__UC_vs_HC,0.0,0.0
Monocyte_(subtipo_indeterminado)__TLR2__UC_vs_HC,0.0,0.0
Monocyte_(subtipo_indeterminado)__TLR2__CD_vs_HC,0.0,0.0
Monocyte_(subtipo_indeterminado)__TKFC__UC_vs_HC,0.0,0.0
Monocyte_(subtipo_indeterminado)__TIPARP__UC_vs_HC,0.0,0.0
Monocyte_(subtipo_indeterminado)__TIMP1__UC_vs_HC,0.0,0.0
Monocyte_(subtipo_indeterminado)__TIMP1__CD_vs_HC,0.0,0.0
Monocyte_(subtipo_indeterminado)__THBS1__UC_vs_HC,0.0,0.0
Monocyte_(subtipo_indeterminado)__TPRG1L__CD_vs_HC,0.0,0.0
Monocyte_(subtipo_indeterminado)__TPI1__UC_vs_HC,0.0,0.0
Monocyte_(subtipo_indeterminado)__TPD52__UC_vs_HC,0.0,0.0
Monocyte_(subtipo_indeterminado)__TNIP3__UC_vs_HC,0.0,0.0
Monocyte_(subtipo_indeterminado)__TNIP3__CD_vs_HC,0.0,0.0
Monocyte_(subtipo_indeterminado)__TNF__CD_vs_HC,0.0,0.0
Monocyte_(subtipo_indeterminado)__TNFSF15__UC_vs_HC,0.0,0.0
Monocyte_(subtipo_indeterminado)__TNFRSF9__UC_vs_HC,0.0,0.0
Monocyte_(subtipo_indeterminado)__TNFRSF21__UC_vs_HC,0.0,0.0
Monocyte_(subtipo_indeterminado)__TNFRSF21__CD_vs_HC,0.0,0.0
Monocyte_(subtipo_indeterminado)__TNFRSF14-AS1__UC_vs_HC,0.0,0.0
Monocyte_(subtipo_indeterminado)__TNFAIP8__UC_vs_HC,0.0,0.0
Monocyte_(subtipo_indeterminado)__TNFAIP8__CD_vs_HC,0.0,0.0
Monocyte_(subtipo_indeterminado)__TNFAIP8L2__UC_vs_HC,0.0,0.0
Monocyte_(subtipo_indeterminado)__TNFAIP6__UC_vs_HC,0.0,0.0
Monocyte_(subtipo_indeterminado)__TNFAIP6__CD_vs_HC,0.0,0.0
Monocyte_(subtipo_indeterminado)__UBE2B__CD_vs_HC,0.0,0.0
Monocyte_(subtipo_indeterminado)__TXN__UC_vs_HC,0.0,0.0
Monocyte_(subtipo_indeterminado)__TWISTNB__UC_vs_HC,0.0,0.0
Monocyte_(subtipo_indeterminado)__TUBB2A__UC_vs_HC,0.0,0.0
Monocyte_(subtipo_indeterminado)__TSPAN4__UC_vs_HC,0.0,0.0
Monocyte_(subtipo_indeterminado)__TSPAN15__UC_vs_HC,0.0,0.0
Monocyte_(subtipo_indeterminado)__TRPM2__UC_vs_HC,0.0,0.0
Monocyte_(subtipo_indeterminado)__TRIM28__UC_vs_HC,0.0,0.0
Monocyte_(subtipo_indeterminado)__TRIM25__UC_vs_HC,0.0,0.0
Monocyte_(subtipo_indeterminado)__TRIM14__UC_vs_HC,0.0,0.0
Monocyte_(subtipo_indeterminado)__TRIM14__CD_vs_HC,0.0,0.0
Monocyte_(subtipo_indeterminado)__TRGC1__UC_vs_HC,0.0,0.0
Monocyte_(subtipo_indeterminado)__TREM1__UC_vs_HC,0.0,0.0
Monocyte_(subtipo_indeterminado)__TREM1__CD_vs_HC,0.0,0.0
Monocyte_(subtipo_indeterminado)__TRA2B__UC_vs_HC,0.0,0.0
Monocyte_(subtipo_indeterminado)__TPRG1L__UC_vs_HC,0.0,0.0
Monocyte_(subtipo_indeterminado)__VOPP1__UC_vs_HC,0.0,0.0
Monocyte_(subtipo_indeterminado)__VMP1__UC_vs_HC,0.0,0.0
Monocyte_(subtipo_indeterminado)__VEGFB__UC_vs_HC,0.0,0.0
Monocyte_(subtipo_indeterminado)__VDR__UC_vs_HC,0.0,0.0
Monocyte_(subtipo_indeterminado)__VCAN__UC_vs_HC,0.0,0.0
Monocyte_(subtipo_indeterminado)__VCAN__CD_vs_HC,0.0,0.0
Monocyte_(subtipo_indeterminado)__VAT1__UC_vs_HC,0.0,0.0
Monocyte_(subtipo_indeterminado)__USP4__UC_vs_HC,0.0,0.0
Monocyte_(subtipo_indeterminado)__USP40__UC_vs_HC,0.0,0.0
Monocyte_(subtipo_indeterminado)__UROD__CD_vs_HC,0.0,0.0
Monocyte_(subtipo_indeterminado)__UPP1__UC_vs_HC,0.0,0.0
Monocyte_(subtipo_indeterminado)__UPP1__CD_vs_HC,0.0,0.0
Monocyte_(subtipo_indeterminado)__UNC13B__UC_vs_HC,0.0,0.0
Monocyte_(subtipo_indeterminado)__UBOX5__UC_vs_HC,0.0,0.0
Monocyte_(subtipo_indeterminado)__UBE2J1__UC_vs_HC,0.0,0.0
Monocyte_(subtipo_indeterminado)__UBE2D1__CD_vs_HC,0.0,0.0
Monocyte_(subtipo_indeterminado)__ZDHHC14__UC_vs_HC,0.0,0.0
Monocyte_(subtipo_indeterminado)__ZBED3__UC_vs_HC,0.0,0.0
Monocyte_(subtipo_indeterminado)__YWHAH__UC_vs_HC,0.0,0.0
Monocyte_(subtipo_indeterminado)__WWP1__UC_vs_HC,0.0,0.0
Monocyte_(subtipo_indeterminado)__WTAP__UC_vs_HC,0.0,0.0
Monocyte_(subtipo_indeterminado)__WTAP__CD_vs_HC,0.0,0.0
Monocyte_(subtipo_indeterminado)__WLS__UC_vs_HC,0.0,0.0
Monocyte_(subtipo_indeterminado)__WDR55__UC_vs_HC,0.0,0.0
Monocyte_(subtipo_indeterminado)__WDR45B__UC_vs_HC,0.0,0.0
Monocyte_(subtipo_indeterminado)__WDR36__UC_vs_HC,0.0,0.0
Monocyte_(subtipo_indeterminado)__WASHC1__UC_vs_HC,0.0,0.0
Monocyte_(subtipo_indeterminado)__WARS__UC_vs_HC,0.0,0.0
Monocyte_(subtipo_indeterminado)__WARS__CD_vs_HC,0.0,0.0
Monocyte_(subtipo_indeterminado)__VSIG4__UC_vs_HC,0.0,0.0
Monocyte_(subtipo_indeterminado)__VSIG4__CD_vs_HC,0.0,0.0
Monocyte_(subtipo_indeterminado)__VRK2__CD_vs_HC,0.0,0.0
Monocyte_(subtipo_indeterminado)__ZZEF1__UC_vs_HC,0.0,0.0
Monocyte_(subtipo_indeterminado)__ZNF626__UC_vs_HC,0.0,0.0
Monocyte_(subtipo_indeterminado)__ZNF568__UC_vs_HC,0.0,0.0
Monocyte_(subtipo_indeterminado)__ZNF44__UC_vs_HC,0.0,0.0
Monocyte_(subtipo_indeterminado)__ZNF358__UC_vs_HC,0.0,0.0
Monocyte_(subtipo_indeterminado)__ZNF330__CD_vs_HC,0.0,0.0
Monocyte_(subtipo_indeterminado)__ZNF302__UC_vs_HC,0.0,0.0
Monocyte_(subtipo_indeterminado)__ZNF141__UC_vs_HC,0.0,0.0
Monocyte_(subtipo_indeterminado)__ZNF141__CD_vs_HC,0.0,0.0
Monocyte_(subtipo_indeterminado)__ZG16__UC_vs_HC,0.0,0.0
Monocyte_(subtipo_indeterminado)__ZFYVE21__UC_vs_HC,0.0,0.0
Monocyte_(subtipo_indeterminado)__ZFHX3__UC_vs_HC,0.0,0.0
Monocyte_(subtipo_indeterminado)__ZFHX3__CD_vs_HC,0.0,0.0
Monocyte_(subtipo_indeterminado)__ZDHHC4__UC_vs_HC,0.0,0.0
Monocyte_(subtipo_indeterminado)__ZDHHC20__UC_vs_HC,0.0,0.0
Monocyte_(subtipo_indeterminado)__ZDHHC20__CD_vs_HC,0.0,0.0
PC_IgA__AC020916.1__CD_vs_HC,0.0,0.0
PC_IgA__AC012236.1__UC_vs_HC,0.0,0.0
PC_IgA__AC012236.1__UC_vs_CD,0.0,0.0
PC_IgA__AC009961.1__UC_vs_HC,0.0,0.0
PC_IgA__AC008105.3__UC_vs_HC,0.0,0.0
PC_IgA__AC008105.3__UC_vs_CD,0.0,0.0
PC_IgA__AC008033.3__UC_vs_CD,0.0,0.0
PC_IgA__AC007114.1__UC_vs_HC,0.0,0.0
PC_IgA__AC006480.2__UC_vs_HC,0.0,0.0
PC_IgA__AC005332.1__CD_vs_HC,0.0,0.0
PC_IgA__ABRAXAS1__UC_vs_HC,0.0,0.0
PC_IgA__ABHD2__UC_vs_HC,0.0,0.0
PC_IgA__ABCC4__UC_vs_HC,0.0,0.0
PC_IgA__ABCC4__CD_vs_HC,0.0,0.0
PC_IgA__AAMDC__CD_vs_HC,0.0,0.0
N1__ZMAT3__UC_vs_CD,0.0,0.0
PC_IgA__AC245297.3__UC_vs_HC,0.0,0.0
PC_IgA__AC239800.3__UC_vs_HC,0.0,0.0
PC_IgA__AC233755.2__UC_vs_CD,0.0,0.0
PC_IgA__AC106028.4__CD_vs_HC,0.0,0.0
PC_IgA__AC103736.1__UC_vs_HC,0.0,0.0
PC_IgA__AC099524.1__UC_vs_HC,0.0,0.0
PC_IgA__AC093495.1__UC_vs_HC,0.0,0.0
PC_IgA__AC091814.1__UC_vs_HC,0.0,0.0
PC_IgA__AC073167.1__UC_vs_HC,0.0,0.0
PC_IgA__AC062029.1__UC_vs_HC,0.0,0.0
PC_IgA__AC025171.3__UC_vs_HC,0.0,0.0
PC_IgA__AC025171.3__CD_vs_HC,0.0,0.0
PC_IgA__AC025164.1__UC_vs_CD,0.0,0.0
PC_IgA__AC025164.1__CD_vs_HC,0.0,0.0
PC_IgA__AC020916.1__UC_vs_HC,0.0,0.0
PC_IgA__AC020916.1__UC_vs_CD,0.0,0.0
PC_IgA__AL133467.1__UC_vs_CD,0.0,0.0
PC_IgA__AL034549.1__UC_vs_HC,0.0,0.0
PC_IgA__AKNA__UC_vs_HC,0.0,0.0
PC_IgA__AKAP6__UC_vs_HC,0.0,0.0
PC_IgA__AHNAK__UC_vs_HC,0.0,0.0
PC_IgA__AGPAT3__CD_vs_HC,0.0,0.0
PC_IgA__AGBL3__UC_vs_HC,0.0,0.0
PC_IgA__AGAP3__UC_vs_HC,0.0,0.0
PC_IgA__AEBP1__UC_vs_HC,0.0,0.0
PC_IgA__ADM2__UC_vs_HC,0.0,0.0
PC_IgA__ADGRG5__UC_vs_HC,0.0,0.0
PC_IgA__ADGRE5__UC_vs_HC,0.0,0.0
PC_IgA__ACVR1C__UC_vs_HC,0.0,0.0
PC_IgA__ACOXL__UC_vs_HC,0.0,0.0
PC_IgA__ACOT13__UC_vs_HC,0.0,0.0
PC_IgA__ACACB__UC_vs_HC,0.0,0.0
PC_IgA__AQP8__UC_vs_HC,0.0,0.0
PC_IgA__APP__UC_vs_HC,0.0,0.0
PC_IgA__APP__UC_vs_CD,0.0,0.0
PC_IgA__APOM__UC_vs_HC,0.0,0.0
PC_IgA__ANO9__UC_vs_HC,0.0,0.0
PC_IgA__ANKRD42__UC_vs_HC,0.0,0.0
PC_IgA__ANK1__UC_vs_HC,0.0,0.0
PC_IgA__AMPD1__UC_vs_HC,0.0,0.0
PC_IgA__AMPD1__CD_vs_HC,0.0,0.0
PC_IgA__ALOX5__UC_vs_HC,0.0,0.0
PC_IgA__ALG3__UC_vs_HC,0.0,0.0
PC_IgA__AL441992.1__UC_vs_HC,0.0,0.0
PC_IgA__AL441992.1__UC_vs_CD,0.0,0.0
PC_IgA__AL137003.2__CD_vs_HC,0.0,0.0
PC_IgA__AL136987.1__UC_vs_HC,0.0,0.0
PC_IgA__AL133467.1__UC_vs_HC,0.0,0.0
PC_IgA__ARMT1__UC_vs_HC,0.0,0.0
PC_IgA__ARMCX2__UC_vs_HC,0.0,0.0
PC_IgA__ARMCX1__UC_vs_HC,0.0,0.0
PC_IgA__ARMC2__UC_vs_HC,0.0,0.0
PC_IgA__ARMC2__CD_vs_HC,0.0,0.0
PC_IgA__ARL5B__UC_vs_CD,0.0,0.0
PC_IgA__ARL4A__UC_vs_HC,0.0,0.0
PC_IgA__ARL13B__UC_vs_HC,0.0,0.0
PC_IgA__ARID5A__UC_vs_HC,0.0,0.0
PC_IgA__ARID5A__UC_vs_CD,0.0,0.0
PC_IgA__ARHGEF38__UC_vs_HC,0.0,0.0
PC_IgA__ARHGAP5__UC_vs_HC,0.0,0.0
PC_IgA__ARHGAP5__UC_vs_CD,0.0,0.0
PC_IgA__ARHGAP12__UC_vs_CD,0.0,0.0
PC_IgA__ARG2__UC_vs_HC,0.0,0.0
PC_IgA__ARFGEF3__UC_vs_HC,0.0,0.0
PC_IgA__BCL2__UC_vs_HC,0.0,0.0
PC_IgA__BCAS4__UC_vs_HC,0.0,0.0
PC_IgA__BCAS4__UC_vs_CD,0.0,0.0
PC_IgA__BAX__UC_vs_HC,0.0,0.0
PC_IgA__BAMBI__UC_vs_HC,0.0,0.0
PC_IgA__BAIAP3__UC_vs_HC,0.0,0.0
PC_IgA__BAIAP2__UC_vs_HC,0.0,0.0
PC_IgA__B9D1__UC_vs_HC,0.0,0.0
PC_IgA__AURKA__UC_vs_HC,0.0,0.0
PC_IgA__ATP8A1__UC_vs_HC,0.0,0.0
PC_IgA__ATP6V0B__UC_vs_HC,0.0,0.0
PC_IgA__ATP2B4__UC_vs_HC,0.0,0.0
PC_IgA__ATP1B3__CD_vs_HC,0.0,0.0
PC_IgA__ASS1__UC_vs_HC,0.0,0.0
PC_IgA__ASPM__UC_vs_HC,0.0,0.0
PC_IgA__ARNTL2__UC_vs_HC,0.0,0.0
PC_IgA__BX284668.5__UC_vs_HC,0.0,0.0
PC_IgA__BUB1__UC_vs_HC,0.0,0.0
PC_IgA__BTG2__UC_vs_HC,0.0,0.0
PC_IgA__BTG2__UC_vs_CD,0.0,0.0
PC_IgA__BTG1__UC_vs_HC,0.0,0.0
PC_IgA__BTBD9__UC_vs_HC,0.0,0.0
PC_IgA__BTBD3__UC_vs_HC,0.0,0.0
PC_IgA__BRI3BP__UC_vs_HC,0.0,0.0
PC_IgA__BNIP3__UC_vs_CD,0.0,0.0
PC_IgA__BMP6__UC_vs_HC,0.0,0.0
PC_IgA__BMP2K__UC_vs_HC,0.0,0.0
PC_IgA__BLVRB__UC_vs_CD,0.0,0.0
PC_IgA__BIRC5__UC_vs_HC,0.0,0.0
PC_IgA__BICD1__CD_vs_HC,0.0,0.0
PC_IgA__BGLAP__UC_vs_HC,0.0,0.0
PC_IgA__BCL6__UC_vs_HC,0.0,0.0
PC_IgA__CAPG__CD_vs_HC,0.0,0.0
PC_IgA__CALM3__UC_vs_HC,0.0,0.0
PC_IgA__CALM1__CD_vs_HC,0.0,0.0
PC_IgA__CADPS2__UC_vs_HC,0.0,0.0
PC_IgA__CADM1__UC_vs_HC,0.0,0.0
PC_IgA__CADM1__CD_vs_HC,0.0,0.0
PC_IgA__CA5B__UC_vs_HC,0.0,0.0
PC_IgA__CA4__UC_vs_HC,0.0,0.0
PC_IgA__CA1__UC_vs_HC,0.0,0.0
PC_IgA__C8orf88__UC_vs_HC,0.0,0.0
PC_IgA__C6orf48__UC_vs_HC,0.0,0.0
PC_IgA__C3orf52__UC_vs_HC,0.0,0.0
PC_IgA__C19orf33__UC_vs_HC,0.0,0.0
PC_IgA__C18orf32__CD_vs_HC,0.0,0.0
PC_IgA__C15orf53__UC_vs_HC,0.0,0.0
PC_IgA__C10orf143__UC_vs_HC,0.0,0.0
PC_IgA__CCND2__UC_vs_CD,0.0,0.0
PC_IgA__CCND2__CD_vs_HC,0.0,0.0
PC_IgA__CCL5__UC_vs_HC,0.0,0.0
PC_IgA__CCL5__UC_vs_CD,0.0,0.0
PC_IgA__CCL3__UC_vs_HC,0.0,0.0
PC_IgA__CCDC93__UC_vs_HC,0.0,0.0
PC_IgA__CCDC88B__UC_vs_CD,0.0,0.0
PC_IgA__CCDC6__UC_vs_CD,0.0,0.0
PC_IgA__CCDC167__UC_vs_CD,0.0,0.0
PC_IgA__CCDC144A__UC_vs_HC,0.0,0.0
PC_IgA__CCDC144A__UC_vs_CD,0.0,0.0
PC_IgA__CCDC115__CD_vs_HC,0.0,0.0
PC_IgA__CBX4__UC_vs_CD,0.0,0.0
PC_IgA__CBX4__CD_vs_HC,0.0,0.0
PC_IgA__CAV1__UC_vs_HC,0.0,0.0
PC_IgA__CARD11__UC_vs_HC,0.0,0.0
PC_IgA__CDC14A__UC_vs_HC,0.0,0.0
PC_IgA__CD9__UC_vs_HC,0.0,0.0
PC_IgA__CD9__CD_vs_HC,0.0,0.0
PC_IgA__CD79A__UC_vs_CD,0.0,0.0
PC_IgA__CD70__UC_vs_HC,0.0,0.0
PC_IgA__CD70__CD_vs_HC,0.0,0.0
PC_IgA__CD69__UC_vs_HC,0.0,0.0
PC_IgA__CD55__UC_vs_CD,0.0,0.0
PC_IgA__CD48__UC_vs_HC,0.0,0.0
PC_IgA__CD48__UC_vs_CD,0.0,0.0
PC_IgA__CD38__UC_vs_HC,0.0,0.0
PC_IgA__CD38__CD_vs_HC,0.0,0.0
PC_IgA__CD1D__UC_vs_HC,0.0,0.0
PC_IgA__CD1D__CD_vs_HC,0.0,0.0
PC_IgA__CCNI2__UC_vs_HC,0.0,0.0
PC_IgA__CCND2__UC_vs_HC,0.0,0.0
PC_IgA__CLEC2D__CD_vs_HC,0.0,0.0
PC_IgA__CLDN7__UC_vs_HC,0.0,0.0
PC_IgA__CLDN4__UC_vs_HC,0.0,0.0
PC_IgA__CLDN3__UC_vs_HC,0.0,0.0
PC_IgA__CKS2__UC_vs_HC,0.0,0.0
PC_IgA__CKAP2__UC_vs_HC,0.0,0.0
PC_IgA__CIRBP__UC_vs_HC,0.0,0.0
PC_IgA__CIP2A__UC_vs_HC,0.0,0.0
PC_IgA__CIP2A__CD_vs_HC,0.0,0.0
PC_IgA__CHIC2__UC_vs_CD,0.0,0.0
PC_IgA__CHIC2__CD_vs_HC,0.0,0.0
PC_IgA__CHI3L2__UC_vs_HC,0.0,0.0
PC_IgA__CHEK2__UC_vs_HC,0.0,0.0
PC_IgA__CDKN3__UC_vs_HC,0.0,0.0
PC_IgA__CDKN2C__UC_vs_HC,0.0,0.0
PC_IgA__CDKN2C__UC_vs_CD,0.0,0.0
PC_IgA__CRNDE__UC_vs_HC,0.0,0.0
PC_IgA__CRIP1__UC_vs_HC,0.0,0.0
PC_IgA__CRIM1__UC_vs_HC,0.0,0.0
PC_IgA__CREM__UC_vs_CD,0.0,0.0
PC_IgA__CPVL__UC_vs_HC,0.0,0.0
PC_IgA__CPQ__CD_vs_HC,0.0,0.0
PC_IgA__CPEB4__UC_vs_HC,0.0,0.0
PC_IgA__CPEB4__CD_vs_HC,0.0,0.0
PC_IgA__CORO7__UC_vs_HC,0.0,0.0
PC_IgA__COL9A2__UC_vs_HC,0.0,0.0
PC_IgA__COL18A1__UC_vs_HC,0.0,0.0
PC_IgA__COL18A1__UC_vs_CD,0.0,0.0
PC_IgA__COG8-1__UC_vs_HC,0.0,0.0
PC_IgA__CNOT6__UC_vs_CD,0.0,0.0
PC_IgA__CNN3__UC_vs_HC,0.0,0.0
PC_IgA__CLMN__UC_vs_HC,0.0,0.0
PC_IgA__DENND2C__UC_vs_HC,0.0,0.0
PC_IgA__DEF8__UC_vs_HC,0.0,0.0
PC_IgA__DDB2__UC_vs_HC,0.0,0.0
PC_IgA__DAPK1__UC_vs_HC,0.0,0.0
PC_IgA__CYP46A1__UC_vs_HC,0.0,0.0
PC_IgA__CXCR4__UC_vs_HC,0.0,0.0
PC_IgA__CXCR4__CD_vs_HC,0.0,0.0
PC_IgA__CXCR3__UC_vs_HC,0.0,0.0
PC_IgA__CXCR3__CD_vs_HC,0.0,0.0
PC_IgA__CTSL__UC_vs_HC,0.0,0.0
PC_IgA__CTSH__UC_vs_HC,0.0,0.0
PC_IgA__CTSF__UC_vs_HC,0.0,0.0
PC_IgA__CSRNP1__UC_vs_HC,0.0,0.0
PC_IgA__CRYZL1__CD_vs_HC,0.0,0.0
PC_IgA__CRYBG1__UC_vs_HC,0.0,0.0
PC_IgA__CRYBG1__UC_vs_CD,0.0,0.0
PC_IgA__DPYD__UC_vs_HC,0.0,0.0
PC_IgA__DPEP2__UC_vs_HC,0.0,0.0
PC_IgA__DOPEY1__UC_vs_HC,0.0,0.0
PC_IgA__DOK2__UC_vs_HC,0.0,0.0
PC_IgA__DNAAF1__UC_vs_HC,0.0,0.0
PC_IgA__DNAAF1__CD_vs_HC,0.0,0.0
PC_IgA__DMKN__UC_vs_HC,0.0,0.0
PC_IgA__DIRAS1__UC_vs_HC,0.0,0.0
PC_IgA__DGKE__UC_vs_HC,0.0,0.0
PC_IgA__DESI1__CD_vs_HC,0.0,0.0
PC_IgA__DERL1__UC_vs_HC,0.0,0.0
PC_IgA__DEPTOR__UC_vs_HC,0.0,0.0
PC_IgA__DEPTOR__CD_vs_HC,0.0,0.0
PC_IgA__DEPP1__UC_vs_HC,0.0,0.0
PC_IgA__DENND6B__UC_vs_HC,0.0,0.0
PC_IgA__DENND6B__CD_vs_HC,0.0,0.0
PC_IgA__EFR3A__UC_vs_CD,0.0,0.0
PC_IgA__EFNB1__UC_vs_HC,0.0,0.0
PC_IgA__EEF1AKMT4__UC_vs_HC,0.0,0.0
PC_IgA__EEF1AKMT4__UC_vs_CD,0.0,0.0
PC_IgA__ECHDC2__UC_vs_HC,0.0,0.0
PC_IgA__ECHDC2__UC_vs_CD,0.0,0.0
PC_IgA__DUSP6__UC_vs_HC,0.0,0.0
PC_IgA__DUSP6__CD_vs_HC,0.0,0.0
PC_IgA__DUSP26__UC_vs_HC,0.0,0.0
PC_IgA__DUSP26__CD_vs_HC,0.0,0.0
PC_IgA__DUSP1__UC_vs_HC,0.0,0.0
PC_IgA__DUSP1__CD_vs_HC,0.0,0.0
PC_IgA__DUSP18__UC_vs_HC,0.0,0.0
PC_IgA__DUSP14__UC_vs_HC,0.0,0.0
PC_IgA__DST__UC_vs_HC,0.0,0.0
PC_IgA__DSP__UC_vs_HC,0.0,0.0
PC_IgA__EPN2__CD_vs_HC,0.0,0.0
PC_IgA__EPN2-AS1__UC_vs_HC,0.0,0.0
PC_IgA__EPN2-AS1__CD_vs_HC,0.0,0.0
PC_IgA__EPCAM__UC_vs_HC,0.0,0.0
PC_IgA__EPB41L2__UC_vs_HC,0.0,0.0
PC_IgA__EPB41L2__CD_vs_HC,0.0,0.0
PC_IgA__EPB41L1__UC_vs_HC,0.0,0.0
PC_IgA__ENDOD1__UC_vs_HC,0.0,0.0
PC_IgA__EMC6__CD_vs_HC,0.0,0.0
PC_IgA__ELP5__UC_vs_HC,0.0,0.0
PC_IgA__ELMSAN1__UC_vs_HC,0.0,0.0
PC_IgA__ELFN1-AS1__UC_vs_HC,0.0,0.0
PC_IgA__ELFN1-AS1__CD_vs_HC,0.0,0.0
PC_IgA__EIF5__CD_vs_HC,0.0,0.0
PC_IgA__EID3__UC_vs_HC,0.0,0.0
PC_IgA__EHD4__UC_vs_CD,0.0,0.0
PC_IgA__FAM92B__UC_vs_CD,0.0,0.0
PC_IgA__FAM89B__UC_vs_HC,0.0,0.0
PC_IgA__FAM222A__UC_vs_HC,0.0,0.0
PC_IgA__FAM213A__UC_vs_HC,0.0,0.0
PC_IgA__FAM160A2__UC_vs_HC,0.0,0.0
PC_IgA__FAM13A__UC_vs_HC,0.0,0.0
PC_IgA__FABP1__UC_vs_HC,0.0,0.0
PC_IgA__FABP1__UC_vs_CD,0.0,0.0
PC_IgA__FABP1__CD_vs_HC,0.0,0.0
PC_IgA__F11R__UC_vs_HC,0.0,0.0
PC_IgA__EZR__UC_vs_HC,0.0,0.0
PC_IgA__EVL__UC_vs_HC,0.0,0.0
PC_IgA__EVL__CD_vs_HC,0.0,0.0
PC_IgA__ETV7__UC_vs_HC,0.0,0.0
PC_IgA__ETV7__UC_vs_CD,0.0,0.0
PC_IgA__ETV3__UC_vs_HC,0.0,0.0
PC_IgA__FLNA__UC_vs_CD,0.0,0.0
PC_IgA__FLNA__CD_vs_HC,0.0,0.0
PC_IgA__FKBP7__UC_vs_CD,0.0,0.0
PC_IgA__FHL1__UC_vs_HC,0.0,0.0
PC_IgA__FGL2__UC_vs_HC,0.0,0.0
PC_IgA__FGFRL1__UC_vs_HC,0.0,0.0
PC_IgA__FGFR1__UC_vs_HC,0.0,0.0
PC_IgA__FCMR__UC_vs_HC,0.0,0.0
PC_IgA__FCGR2B__UC_vs_HC,0.0,0.0
PC_IgA__FCGBP__UC_vs_CD,0.0,0.0
PC_IgA__FBXO9__CD_vs_HC,0.0,0.0
PC_IgA__FBP1__UC_vs_CD,0.0,0.0
PC_IgA__FASTKD1__UC_vs_HC,0.0,0.0
PC_IgA__FASTKD1__CD_vs_HC,0.0,0.0
PC_IgA__FAR2__UC_vs_HC,0.0,0.0
PC_IgA__FAM92B__UC_vs_HC,0.0,0.0
PC_IgA__FXYD3__UC_vs_HC,0.0,0.0
PC_IgA__FXYD1__UC_vs_HC,0.0,0.0
PC_IgA__FUOM__UC_vs_HC,0.0,0.0
PC_IgA__FRMD6__UC_vs_HC,0.0,0.0
PC_IgA__FRMD6__CD_vs_HC,0.0,0.0
PC_IgA__FRMD6-AS1__UC_vs_HC,0.0,0.0
PC_IgA__FOS__UC_vs_HC,0.0,0.0
PC_IgA__FOS__CD_vs_HC,0.0,0.0
PC_IgA__FOSL2__UC_vs_HC,0.0,0.0
PC_IgA__FOSL2__UC_vs_CD,0.0,0.0
PC_IgA__FOSL1__UC_vs_HC,0.0,0.0
PC_IgA__FOSB__UC_vs_HC,0.0,0.0
PC_IgA__FNIP2__UC_vs_HC,0.0,0.0
PC_IgA__FNBP1L__UC_vs_HC,0.0,0.0
PC_IgA__FMNL2__UC_vs_HC,0.0,0.0
PC_IgA__FMNL1__UC_vs_HC,0.0,0.0
PC_IgA__GNG5__UC_vs_HC,0.0,0.0
PC_IgA__GM2A__UC_vs_HC,0.0,0.0
PC_IgA__GLRX__UC_vs_HC,0.0,0.0
PC_IgA__GLRX__UC_vs_CD,0.0,0.0
PC_IgA__GLRX2__CD_vs_HC,0.0,0.0
PC_IgA__GLIS1__UC_vs_HC,0.0,0.0
PC_IgA__GGT7__UC_vs_HC,0.0,0.0
PC_IgA__GGH__UC_vs_HC,0.0,0.0
PC_IgA__GFOD2__UC_vs_HC,0.0,0.0
PC_IgA__GEM__UC_vs_HC,0.0,0.0
PC_IgA__GCH1__UC_vs_HC,0.0,0.0
PC_IgA__GBP5__UC_vs_HC,0.0,0.0
PC_IgA__GBP5__CD_vs_HC,0.0,0.0
PC_IgA__GALNT3__UC_vs_CD,0.0,0.0
PC_IgA__GABARAPL1__UC_vs_HC,0.0,0.0
PC_IgA__FXYD5__CD_vs_HC,0.0,0.0
PC_IgA__HBD__UC_vs_CD,0.0,0.0
PC_IgA__H1FX-AS1__UC_vs_HC,0.0,0.0
PC_IgA__GZMB__UC_vs_HC,0.0,0.0
PC_IgA__GUCA2B__UC_vs_HC,0.0,0.0
PC_IgA__GUCA2A__UC_vs_HC,0.0,0.0
PC_IgA__GSTP1__UC_vs_HC,0.0,0.0
PC_IgA__GSTP1__UC_vs_CD,0.0,0.0
PC_IgA__GRK2__UC_vs_CD,0.0,0.0
PC_IgA__GRK2__CD_vs_HC,0.0,0.0
PC_IgA__GRHL1__UC_vs_HC,0.0,0.0
PC_IgA__GPRC5D__UC_vs_HC,0.0,0.0
PC_IgA__GPR183__UC_vs_HC,0.0,0.0
PC_IgA__GPR176__UC_vs_HC,0.0,0.0
PC_IgA__GPR137B__UC_vs_HC,0.0,0.0
PC_IgA__GPR132__UC_vs_HC,0.0,0.0
PC_IgA__GPM6B__UC_vs_CD,0.0,0.0
PC_IgA__HIST1H3H__UC_vs_HC,0.0,0.0
PC_IgA__HIST1H2BJ__UC_vs_HC,0.0,0.0
PC_IgA__HIST1H2BJ__UC_vs_CD,0.0,0.0
PC_IgA__HIST1H2BG__UC_vs_HC,0.0,0.0
PC_IgA__HIST1H2BG__UC_vs_CD,0.0,0.0
PC_IgA__HIST1H2BF__UC_vs_HC,0.0,0.0
PC_IgA__HIST1H2BD__UC_vs_CD,0.0,0.0
PC_IgA__HIST1H2AG__UC_vs_HC,0.0,0.0
PC_IgA__HIST1H2AE__UC_vs_CD,0.0,0.0
PC_IgA__HIST1H1D__UC_vs_HC,0.0,0.0
PC_IgA__HIST1H1C__UC_vs_HC,0.0,0.0
PC_IgA__HIST1H1B__UC_vs_HC,0.0,0.0
PC_IgA__HIPK1__UC_vs_HC,0.0,0.0
PC_IgA__HGSNAT__UC_vs_HC,0.0,0.0
PC_IgA__HGSNAT__UC_vs_CD,0.0,0.0
PC_IgA__HCG18__UC_vs_HC,0.0,0.0
PC_IgA__IFI27L1__UC_vs_HC,0.0,0.0
PC_IgA__IFFO2__UC_vs_HC,0.0,0.0
PC_IgA__IER3-AS1__UC_vs_HC,0.0,0.0
PC_IgA__IDS__UC_vs_CD,0.0,0.0
PC_IgA__ICOSLG__UC_vs_HC,0.0,0.0
PC_IgA__IARS2__UC_vs_CD,0.0,0.0
PC_IgA__HVCN1__UC_vs_HC,0.0,0.0
PC_IgA__HVCN1__CD_vs_HC,0.0,0.0
PC_IgA__HOMER2__UC_vs_HC,0.0,0.0
PC_IgA__HOMER1__UC_vs_CD,0.0,0.0
PC_IgA__HNRNPA1__UC_vs_HC,0.0,0.0
PC_IgA__HMMR__UC_vs_HC,0.0,0.0
PC_IgA__HMGB3__UC_vs_HC,0.0,0.0
PC_IgA__HLA-DMA__UC_vs_HC,0.0,0.0
PC_IgA__HIVEP2__UC_vs_CD,0.0,0.0
PC_IgA__HIST1H4H__UC_vs_HC,0.0,0.0
PC_IgA__IGHV2-70__UC_vs_HC,0.0,0.0
PC_IgA__IGHV2-70__UC_vs_CD,0.0,0.0
PC_IgA__IGHV2-70D__UC_vs_HC,0.0,0.0
PC_IgA__IGHV1-69__UC_vs_HC,0.0,0.0
PC_IgA__IGHV1-24__UC_vs_HC,0.0,0.0
PC_IgA__IGHV1-24__UC_vs_CD,0.0,0.0
PC_IgA__IGHV1-24__CD_vs_HC,0.0,0.0
PC_IgA__IGHM__CD_vs_HC,0.0,0.0
PC_IgA__IGHG4__UC_vs_HC,0.0,0.0
PC_IgA__IGHG3__UC_vs_HC,0.0,0.0
PC_IgA__IGHG3__CD_vs_HC,0.0,0.0
PC_IgA__IGHG2__UC_vs_CD,0.0,0.0
PC_IgA__IGHG2__CD_vs_HC,0.0,0.0
PC_IgA__IGHG1__UC_vs_HC,0.0,0.0
PC_IgA__IGHG1__CD_vs_HC,0.0,0.0
PC_IgA__IGHD__UC_vs_CD,0.0,0.0
PC_IgA__IGKV3D-20__UC_vs_HC,0.0,0.0
PC_IgA__IGKV2D-28__UC_vs_HC,0.0,0.0
PC_IgA__IGKV1D-33__UC_vs_CD,0.0,0.0
PC_IgA__IGHV4-4__UC_vs_CD,0.0,0.0
PC_IgA__IGHV4-4__CD_vs_HC,0.0,0.0
PC_IgA__IGHV3-7__UC_vs_CD,0.0,0.0
PC_IgA__IGHV3-7__CD_vs_HC,0.0,0.0
PC_IgA__IGHV3-64D__UC_vs_CD,0.0,0.0
PC_IgA__IGHV3-64D__CD_vs_HC,0.0,0.0
PC_IgA__IGHV3-48__UC_vs_CD,0.0,0.0
PC_IgA__IGHV3-48__CD_vs_HC,0.0,0.0
PC_IgA__IGHV3-20__UC_vs_HC,0.0,0.0
PC_IgA__IGHV3-20__UC_vs_CD,0.0,0.0
PC_IgA__IGHV3-13__UC_vs_CD,0.0,0.0
PC_IgA__IGHV3-13__CD_vs_HC,0.0,0.0
PC_IgA__IGHV3-11__CD_vs_HC,0.0,0.0
PC_IgA__IL5RA__UC_vs_CD,0.0,0.0
PC_IgA__IL5RA__CD_vs_HC,0.0,0.0
PC_IgA__IL23A__UC_vs_HC,0.0,0.0
PC_IgA__IL21R__UC_vs_HC,0.0,0.0
PC_IgA__IGLV7-46__UC_vs_HC,0.0,0.0
PC_IgA__IGLV7-46__CD_vs_HC,0.0,0.0
PC_IgA__IGLV4-60__UC_vs_HC,0.0,0.0
PC_IgA__IGLV4-60__UC_vs_CD,0.0,0.0
PC_IgA__IGLV3-21__UC_vs_CD,0.0,0.0
PC_IgA__IGLV3-21__CD_vs_HC,0.0,0.0
PC_IgA__IGLV3-16__CD_vs_HC,0.0,0.0
PC_IgA__IGLC7__UC_vs_CD,0.0,0.0
PC_IgA__IGLC5__UC_vs_HC,0.0,0.0
PC_IgA__IGLC5__UC_vs_CD,0.0,0.0
PC_IgA__IGLC3__UC_vs_CD,0.0,0.0
PC_IgA__IGLC2__UC_vs_HC,0.0,0.0
PC_IgA__KCTD7__UC_vs_HC,0.0,0.0
PC_IgA__KCNQ1__UC_vs_HC,0.0,0.0
PC_IgA__KCNQ1OT1__UC_vs_HC,0.0,0.0
PC_IgA__KCNN4__UC_vs_HC,0.0,0.0
PC_IgA__KCNN3__UC_vs_HC,0.0,0.0
PC_IgA__KANSL1-AS1__UC_vs_CD,0.0,0.0
PC_IgA__JSRP1__CD_vs_HC,0.0,0.0
PC_IgA__JPT1__UC_vs_HC,0.0,0.0
PC_IgA__JAM2__UC_vs_HC,0.0,0.0
PC_IgA__JADE2__UC_vs_HC,0.0,0.0
PC_IgA__ITPR2__CD_vs_HC,0.0,0.0
PC_IgA__ITIH5__UC_vs_HC,0.0,0.0
PC_IgA__ITGB7__UC_vs_HC,0.0,0.0
PC_IgA__IRAK2__UC_vs_HC,0.0,0.0
PC_IgA__IQSEC2__UC_vs_HC,0.0,0.0
PC_IgA__IL6R__UC_vs_HC,0.0,0.0
PC_IgA__KYNU__UC_vs_HC,0.0,0.0
PC_IgA__KRT8__UC_vs_HC,0.0,0.0
PC_IgA__KRT8__UC_vs_CD,0.0,0.0
PC_IgA__KNL1__UC_vs_HC,0.0,0.0
PC_IgA__KMT5C__UC_vs_HC,0.0,0.0
PC_IgA__KMT5C__UC_vs_CD,0.0,0.0
PC_IgA__KLHL2__UC_vs_HC,0.0,0.0
PC_IgA__KLF5__UC_vs_HC,0.0,0.0
PC_IgA__KLF4__UC_vs_HC,0.0,0.0
PC_IgA__KLF4__UC_vs_CD,0.0,0.0
PC_IgA__KLF13__CD_vs_HC,0.0,0.0
PC_IgA__KIN__UC_vs_CD,0.0,0.0
PC_IgA__KIF3A__UC_vs_HC,0.0,0.0
PC_IgA__KDM6B__UC_vs_CD,0.0,0.0
PC_IgA__KDM4B__UC_vs_CD,0.0,0.0
PC_IgA__KDELR2__CD_vs_HC,0.0,0.0
PC_IgA__LINC00663__UC_vs_HC,0.0,0.0
PC_IgA__LILRB1__UC_vs_HC,0.0,0.0
PC_IgA__LGMN__CD_vs_HC,0.0,0.0
PC_IgA__LGALS4__UC_vs_HC,0.0,0.0
PC_IgA__LGALS4__UC_vs_CD,0.0,0.0
PC_IgA__LETM2__UC_vs_CD,0.0,0.0
PC_IgA__LDLRAD4__UC_vs_HC,0.0,0.0
PC_IgA__LCP1__UC_vs_HC,0.0,0.0
PC_IgA__LCP1__CD_vs_HC,0.0,0.0
PC_IgA__LBH__UC_vs_HC,0.0,0.0
PC_IgA__LBH__UC_vs_CD,0.0,0.0
PC_IgA__LARGE1__UC_vs_HC,0.0,0.0
PC_IgA__LARGE1__UC_vs_CD,0.0,0.0
PC_IgA__LAMP5__UC_vs_HC,0.0,0.0
PC_IgA__LAMP5__UC_vs_CD,0.0,0.0
PC_IgA__L3MBTL3__UC_vs_HC,0.0,0.0
PC_IgA__LINC01934__UC_vs_CD,0.0,0.0
PC_IgA__LINC01485__UC_vs_HC,0.0,0.0
PC_IgA__LINC01484__UC_vs_HC,0.0,0.0
PC_IgA__LINC01484__CD_vs_HC,0.0,0.0
PC_IgA__LINC01480__UC_vs_HC,0.0,0.0
PC_IgA__LINC01473__UC_vs_HC,0.0,0.0
PC_IgA__LINC01353__UC_vs_HC,0.0,0.0
PC_IgA__LINC01353__UC_vs_CD,0.0,0.0
PC_IgA__LINC01136__UC_vs_HC,0.0,0.0
PC_IgA__LINC01136__UC_vs_CD,0.0,0.0
PC_IgA__LINC00996__UC_vs_HC,0.0,0.0
PC_IgA__LINC00996__UC_vs_CD,0.0,0.0
PC_IgA__LINC00937__UC_vs_HC,0.0,0.0
PC_IgA__LINC00893__UC_vs_HC,0.0,0.0
PC_IgA__LINC00891__UC_vs_CD,0.0,0.0
PC_IgA__LINC00877__UC_vs_HC,0.0,0.0
PC_IgA__MAP3K5__UC_vs_CD,0.0,0.0
PC_IgA__MAP2K3__UC_vs_HC,0.0,0.0
PC_IgA__MANEA-DT__UC_vs_CD,0.0,0.0
PC_IgA__MAFK__UC_vs_HC,0.0,0.0
PC_IgA__MAFK__UC_vs_CD,0.0,0.0
PC_IgA__MAD2L1__UC_vs_HC,0.0,0.0
PC_IgA__LYSMD2__UC_vs_HC,0.0,0.0
PC_IgA__LYPD6B__UC_vs_HC,0.0,0.0
PC_IgA__LY96__UC_vs_HC,0.0,0.0
PC_IgA__LTBR__UC_vs_HC,0.0,0.0
PC_IgA__LRP1__UC_vs_HC,0.0,0.0
PC_IgA__LMNA__UC_vs_HC,0.0,0.0
PC_IgA__LMNA__UC_vs_CD,0.0,0.0
PC_IgA__LINC02397__CD_vs_HC,0.0,0.0
PC_IgA__LINC02328__UC_vs_HC,0.0,0.0
PC_IgA__LINC01934__UC_vs_HC,0.0,0.0
PC_IgA__MKI67__UC_vs_HC,0.0,0.0
PC_IgA__MIR29B2CHG__UC_vs_CD,0.0,0.0
PC_IgA__MIR222HG__UC_vs_HC,0.0,0.0
PC_IgA__MIR181A1HG__UC_vs_CD,0.0,0.0
PC_IgA__MED8__UC_vs_HC,0.0,0.0
PC_IgA__MED30__CD_vs_HC,0.0,0.0
PC_IgA__MED13L__CD_vs_HC,0.0,0.0
PC_IgA__MDM2__UC_vs_HC,0.0,0.0
PC_IgA__MCL1__UC_vs_HC,0.0,0.0
PC_IgA__MCL1__UC_vs_CD,0.0,0.0
PC_IgA__MCF2L__UC_vs_HC,0.0,0.0
PC_IgA__MCC__UC_vs_HC,0.0,0.0
PC_IgA__MAPKAPK2__UC_vs_HC,0.0,0.0
PC_IgA__MAP7__UC_vs_HC,0.0,0.0
PC_IgA__MAP4K3__UC_vs_CD,0.0,0.0
PC_IgA__MAP3K5__UC_vs_HC,0.0,0.0
PC_IgA__MT1G__UC_vs_CD,0.0,0.0
PC_IgA__MSL3__UC_vs_HC,0.0,0.0
PC_IgA__MSL2__UC_vs_HC,0.0,0.0
PC_IgA__MRPS31__UC_vs_HC,0.0,0.0
PC_IgA__MRPS2__UC_vs_HC,0.0,0.0
PC_IgA__MRPS2__CD_vs_HC,0.0,0.0
PC_IgA__MRPL41__CD_vs_HC,0.0,0.0
PC_IgA__MPV17__UC_vs_CD,0.0,0.0
PC_IgA__MOXD1__UC_vs_HC,0.0,0.0
PC_IgA__MOB3A__UC_vs_HC,0.0,0.0
PC_IgA__MOB3A__UC_vs_CD,0.0,0.0
PC_IgA__MOB1B__UC_vs_HC,0.0,0.0
PC_IgA__MNS1__UC_vs_HC,0.0,0.0
PC_IgA__MLLT3__UC_vs_HC,0.0,0.0
PC_IgA__MLKL__UC_vs_HC,0.0,0.0
PC_IgA__MLF1__UC_vs_HC,0.0,0.0
PC_IgA__NDUFAF6__UC_vs_CD,0.0,0.0
PC_IgA__NDC80__UC_vs_HC,0.0,0.0
PC_IgA__NCKAP5L__UC_vs_HC,0.0,0.0
PC_IgA__NAF1__UC_vs_CD,0.0,0.0
PC_IgA__NAF1__CD_vs_HC,0.0,0.0
PC_IgA__MZB1__UC_vs_HC,0.0,0.0
PC_IgA__MZB1__UC_vs_CD,0.0,0.0
PC_IgA__MYO6__UC_vs_HC,0.0,0.0
PC_IgA__MYBPC2__UC_vs_HC,0.0,0.0
PC_IgA__MYADM__UC_vs_HC,0.0,0.0
PC_IgA__MX2__UC_vs_HC,0.0,0.0
PC_IgA__MTUS1__UC_vs_HC,0.0,0.0
PC_IgA__MTRNR2L10__UC_vs_HC,0.0,0.0
PC_IgA__MTRNR2L10__UC_vs_CD,0.0,0.0
PC_IgA__MT1H__UC_vs_HC,0.0,0.0
PC_IgA__MT1G__UC_vs_HC,0.0,0.0
PC_IgA__NR4A3__UC_vs_CD,0.0,0.0
PC_IgA__NPTX2__UC_vs_HC,0.0,0.0
PC_IgA__NPIPB5__UC_vs_HC,0.0,0.0
PC_IgA__NPIPB15__UC_vs_HC,0.0,0.0
PC_IgA__NPHP1__UC_vs_HC,0.0,0.0
PC_IgA__NORAD__UC_vs_CD,0.0,0.0
PC_IgA__NOM1__UC_vs_CD,0.0,0.0
PC_IgA__NME1__UC_vs_HC,0.0,0.0
PC_IgA__NIPSNAP3B__UC_vs_HC,0.0,0.0
PC_IgA__NFIC__UC_vs_HC,0.0,0.0
PC_IgA__NFAT5__UC_vs_HC,0.0,0.0
PC_IgA__NFAT5__UC_vs_CD,0.0,0.0
PC_IgA__NEXMIF__UC_vs_HC,0.0,0.0
PC_IgA__NEB__UC_vs_HC,0.0,0.0
PC_IgA__NDUFV2__UC_vs_HC,0.0,0.0
PC_IgA__NDUFAF6__UC_vs_HC,0.0,0.0
PC_IgA__PALD1__UC_vs_HC,0.0,0.0
PC_IgA__PABPC4__UC_vs_HC,0.0,0.0
PC_IgA__OSTN-AS1__UC_vs_CD,0.0,0.0
PC_IgA__OSTF1__UC_vs_HC,0.0,0.0
PC_IgA__OSR2__UC_vs_HC,0.0,0.0
PC_IgA__ORAI1__CD_vs_HC,0.0,0.0
PC_IgA__OFD1__UC_vs_HC,0.0,0.0
PC_IgA__ODF3L1__UC_vs_HC,0.0,0.0
PC_IgA__NXPH3__UC_vs_HC,0.0,0.0
PC_IgA__NXPE4__UC_vs_HC,0.0,0.0
PC_IgA__NUSAP1__UC_vs_HC,0.0,0.0
PC_IgA__NUSAP1__CD_vs_HC,0.0,0.0
PC_IgA__NRXN1__UC_vs_HC,0.0,0.0
PC_IgA__NRROS__UC_vs_CD,0.0,0.0
PC_IgA__NRIP1__UC_vs_HC,0.0,0.0
PC_IgA__NR4A3__UC_vs_HC,0.0,0.0
PC_IgA__PEG10__CD_vs_HC,0.0,0.0
PC_IgA__PECAM1__UC_vs_HC,0.0,0.0
PC_IgA__PDLIM3__UC_vs_HC,0.0,0.0
PC_IgA__PDLIM3__UC_vs_CD,0.0,0.0
PC_IgA__PDE5A__UC_vs_HC,0.0,0.0
PC_IgA__PDE3B__UC_vs_HC,0.0,0.0
PC_IgA__PCM1__UC_vs_HC,0.0,0.0
PC_IgA__PCK1__UC_vs_HC,0.0,0.0
PC_IgA__PCDH9__UC_vs_HC,0.0,0.0
PC_IgA__PAXIP1-AS2__UC_vs_HC,0.0,0.0
PC_IgA__PAWR__UC_vs_HC,0.0,0.0
PC_IgA__PATJ__UC_vs_HC,0.0,0.0
PC_IgA__PARPBP__UC_vs_HC,0.0,0.0
PC_IgA__PARP8__UC_vs_HC,0.0,0.0
PC_IgA__PARP8__UC_vs_CD,0.0,0.0
PC_IgA__PARP12__UC_vs_HC,0.0,0.0
PC_IgA__PLEKHG7__UC_vs_HC,0.0,0.0
PC_IgA__PLAGL1__UC_vs_HC,0.0,0.0
PC_IgA__PLAGL1__UC_vs_CD,0.0,0.0
PC_IgA__PKP2__UC_vs_HC,0.0,0.0
PC_IgA__PKHD1L1__UC_vs_HC,0.0,0.0
PC_IgA__PIK3R1__UC_vs_CD,0.0,0.0
PC_IgA__PIGR__UC_vs_HC,0.0,0.0
PC_IgA__PIGR__UC_vs_CD,0.0,0.0
PC_IgA__PIEZO1__UC_vs_CD,0.0,0.0
PC_IgA__PHPT1__UC_vs_HC,0.0,0.0
PC_IgA__PHGR1__UC_vs_HC,0.0,0.0
PC_IgA__PHGR1__UC_vs_CD,0.0,0.0
PC_IgA__PGAP1__UC_vs_HC,0.0,0.0
PC_IgA__PGAM2__UC_vs_HC,0.0,0.0
PC_IgA__PERP__UC_vs_CD,0.0,0.0
PC_IgA__PEG10__UC_vs_CD,0.0,0.0
PC_IgA__PSME2__UC_vs_HC,0.0,0.0
PC_IgA__PRNP__UC_vs_HC,0.0,0.0
PC_IgA__PRKCA__UC_vs_HC,0.0,0.0
PC_IgA__PRDX2__UC_vs_HC,0.0,0.0
PC_IgA__PRDX2__UC_vs_CD,0.0,0.0
PC_IgA__PRCC__UC_vs_HC,0.0,0.0
PC_IgA__PRCC__UC_vs_CD,0.0,0.0
PC_IgA__PPM1N__UC_vs_HC,0.0,0.0
PC_IgA__POLR3D__CD_vs_HC,0.0,0.0
PC_IgA__PNPLA4__UC_vs_HC,0.0,0.0
PC_IgA__PNMA1__UC_vs_HC,0.0,0.0
PC_IgA__PLTP__CD_vs_HC,0.0,0.0
PC_IgA__PLPP1__UC_vs_HC,0.0,0.0
PC_IgA__PLK3__UC_vs_HC,0.0,0.0
PC_IgA__PLEKHO2__UC_vs_HC,0.0,0.0
PC_IgA__PLEKHJ1__UC_vs_HC,0.0,0.0
PC_IgA__RARRES3__UC_vs_HC,0.0,0.0
PC_IgA__RARRES3__CD_vs_HC,0.0,0.0
PC_IgA__RARA__UC_vs_HC,0.0,0.0
PC_IgA__RAPGEF3__UC_vs_HC,0.0,0.0
PC_IgA__RAPGEF2__UC_vs_HC,0.0,0.0
PC_IgA__RALGDS__UC_vs_HC,0.0,0.0
PC_IgA__RALGAPA1__UC_vs_CD,0.0,0.0
PC_IgA__RABL6__CD_vs_HC,0.0,0.0
PC_IgA__RAB33A__UC_vs_HC,0.0,0.0
PC_IgA__RAB11FIP1__UC_vs_HC,0.0,0.0
PC_IgA__RAB11FIP1__UC_vs_CD,0.0,0.0
PC_IgA__PTTG1__UC_vs_HC,0.0,0.0
PC_IgA__PTTG1__UC_vs_CD,0.0,0.0
PC_IgA__PTPN11__CD_vs_HC,0.0,0.0
PC_IgA__PTGER2__UC_vs_HC,0.0,0.0
PC_IgA__PTCRA__UC_vs_HC,0.0,0.0
PC_IgA__RNASE6__CD_vs_HC,0.0,0.0
PC_IgA__RLIM__UC_vs_HC,0.0,0.0
PC_IgA__RIPOR1__UC_vs_HC,0.0,0.0
PC_IgA__RIC3__UC_vs_HC,0.0,0.0
PC_IgA__RHOC__UC_vs_HC,0.0,0.0
PC_IgA__RHOC__CD_vs_HC,0.0,0.0
PC_IgA__RHOBTB3__UC_vs_HC,0.0,0.0
PC_IgA__RGS2__UC_vs_HC,0.0,0.0
PC_IgA__RGPD2__UC_vs_HC,0.0,0.0
PC_IgA__RGL3__UC_vs_HC,0.0,0.0
PC_IgA__RFTN1__CD_vs_HC,0.0,0.0
PC_IgA__RER1__CD_vs_HC,0.0,0.0
PC_IgA__RBP1__UC_vs_HC,0.0,0.0
PC_IgA__RBM33__UC_vs_HC,0.0,0.0
PC_IgA__RBM33__CD_vs_HC,0.0,0.0
PC_IgA__RASL11A__UC_vs_CD,0.0,0.0
PC_IgA__SAV1__UC_vs_HC,0.0,0.0
PC_IgA__SATB1__UC_vs_HC,0.0,0.0
PC_IgA__SAMD4A__UC_vs_HC,0.0,0.0
PC_IgA__S100A10__UC_vs_HC,0.0,0.0
PC_IgA__RRP12__UC_vs_HC,0.0,0.0
PC_IgA__RRP12__UC_vs_CD,0.0,0.0
PC_IgA__RRM2__UC_vs_HC,0.0,0.0
PC_IgA__RRM2__CD_vs_HC,0.0,0.0
PC_IgA__RRAGD__UC_vs_HC,0.0,0.0
PC_IgA__RRAD__UC_vs_HC,0.0,0.0
PC_IgA__RPS6KA5__UC_vs_HC,0.0,0.0
PC_IgA__RPL13__UC_vs_CD,0.0,0.0
PC_IgA__RP2__UC_vs_HC,0.0,0.0
PC_IgA__RNF138__UC_vs_HC,0.0,0.0
PC_IgA__RNF125__UC_vs_HC,0.0,0.0
PC_IgA__RNASE6__UC_vs_HC,0.0,0.0
PC_IgA__SFXN1__UC_vs_HC,0.0,0.0
PC_IgA__SFN__UC_vs_HC,0.0,0.0
PC_IgA__SERTM2__UC_vs_HC,0.0,0.0
PC_IgA__SERTAD2__UC_vs_HC,0.0,0.0
PC_IgA__SERPINI1__UC_vs_HC,0.0,0.0
PC_IgA__SERPINE2__UC_vs_HC,0.0,0.0
PC_IgA__SERPINB6__UC_vs_HC,0.0,0.0
PC_IgA__SERPINB6__CD_vs_HC,0.0,0.0
PC_IgA__SERINC5__UC_vs_HC,0.0,0.0
PC_IgA__SEPT8__UC_vs_HC,0.0,0.0
PC_IgA__SEMA7A__UC_vs_CD,0.0,0.0
PC_IgA__SELPLG__UC_vs_HC,0.0,0.0
PC_IgA__SELPLG__UC_vs_CD,0.0,0.0
PC_IgA__SELENBP1__UC_vs_HC,0.0,0.0
PC_IgA__SCN9A__UC_vs_HC,0.0,0.0
PC_IgA__SBF2__UC_vs_HC,0.0,0.0
PC_IgA__SLC35F5__UC_vs_CD,0.0,0.0
PC_IgA__SLC2A5__UC_vs_HC,0.0,0.0
PC_IgA__SLC2A5__CD_vs_HC,0.0,0.0
PC_IgA__SLC26A3__UC_vs_HC,0.0,0.0
PC_IgA__SLC26A11__UC_vs_HC,0.0,0.0
PC_IgA__SLC25A24__UC_vs_HC,0.0,0.0
PC_IgA__SLC22A17__UC_vs_HC,0.0,0.0
PC_IgA__SLA__UC_vs_HC,0.0,0.0
PC_IgA__SLA__UC_vs_CD,0.0,0.0
PC_IgA__SLAMF6__UC_vs_HC,0.0,0.0
PC_IgA__SLA2__UC_vs_HC,0.0,0.0
PC_IgA__SIDT1-AS1__UC_vs_HC,0.0,0.0
PC_IgA__SHCBP1__UC_vs_HC,0.0,0.0
PC_IgA__SH3PXD2A__UC_vs_CD,0.0,0.0
PC_IgA__SH2D3A__UC_vs_HC,0.0,0.0
PC_IgA__SGCB__UC_vs_CD,0.0,0.0
PC_IgA__SPINK2__UC_vs_HC,0.0,0.0
PC_IgA__SPINK2__CD_vs_HC,0.0,0.0
PC_IgA__SPCS3__UC_vs_HC,0.0,0.0
PC_IgA__SPART__UC_vs_HC,0.0,0.0
PC_IgA__SPARC__UC_vs_HC,0.0,0.0
PC_IgA__SORT1__UC_vs_HC,0.0,0.0
PC_IgA__SNIP1__UC_vs_CD,0.0,0.0
PC_IgA__SNF8__CD_vs_HC,0.0,0.0
PC_IgA__SMOC1__UC_vs_HC,0.0,0.0
PC_IgA__SMKR1__UC_vs_HC,0.0,0.0
PC_IgA__SMARCA5__UC_vs_CD,0.0,0.0
PC_IgA__SMAP2__UC_vs_HC,0.0,0.0
PC_IgA__SMAP2__CD_vs_HC,0.0,0.0
PC_IgA__SMAD5-AS1__UC_vs_HC,0.0,0.0
PC_IgA__SLC40A1__UC_vs_HC,0.0,0.0
PC_IgA__SLC39A11__UC_vs_HC,0.0,0.0
PC_IgA__STAT4__UC_vs_CD,0.0,0.0
PC_IgA__STARD9__UC_vs_HC,0.0,0.0
PC_IgA__STARD5__UC_vs_HC,0.0,0.0
PC_IgA__STARD5__UC_vs_CD,0.0,0.0
PC_IgA__ST6GAL1__UC_vs_HC,0.0,0.0
PC_IgA__ST3GAL6__UC_vs_HC,0.0,0.0
PC_IgA__SSBP2__UC_vs_HC,0.0,0.0
PC_IgA__SSBP2__CD_vs_HC,0.0,0.0
PC_IgA__SRF__UC_vs_HC,0.0,0.0
PC_IgA__SREBF2__UC_vs_CD,0.0,0.0
PC_IgA__SQLE__CD_vs_HC,0.0,0.0
PC_IgA__SPTLC2__UC_vs_CD,0.0,0.0
PC_IgA__SPRY1__UC_vs_HC,0.0,0.0
PC_IgA__SPN__UC_vs_HC,0.0,0.0
PC_IgA__SPN__UC_vs_CD,0.0,0.0
PC_IgA__SPINT2__UC_vs_CD,0.0,0.0
PC_IgA__TBC1D1__CD_vs_HC,0.0,0.0
PC_IgA__TBC1D19__UC_vs_HC,0.0,0.0
PC_IgA__TAGLN2__UC_vs_HC,0.0,0.0
PC_IgA__SYTL3__UC_vs_HC,0.0,0.0
PC_IgA__SYT1__UC_vs_HC,0.0,0.0
PC_IgA__SYT1__CD_vs_HC,0.0,0.0
PC_IgA__SYPL1__UC_vs_HC,0.0,0.0
PC_IgA__SYNC__UC_vs_HC,0.0,0.0
PC_IgA__SUN2__UC_vs_HC,0.0,0.0
PC_IgA__SUDS3__CD_vs_HC,0.0,0.0
PC_IgA__STX1A__UC_vs_HC,0.0,0.0
PC_IgA__STX11__UC_vs_CD,0.0,0.0
PC_IgA__STOM__UC_vs_HC,0.0,0.0
PC_IgA__STMN1__UC_vs_HC,0.0,0.0
PC_IgA__STIM2__UC_vs_HC,0.0,0.0
PC_IgA__STAT4__UC_vs_HC,0.0,0.0
PC_IgA__TIAM2__UC_vs_HC,0.0,0.0
PC_IgA__TIAM1__UC_vs_HC,0.0,0.0
PC_IgA__THUMPD3__UC_vs_CD,0.0,0.0
PC_IgA__THUMPD3-AS1__UC_vs_HC,0.0,0.0
PC_IgA__THAP2__UC_vs_CD,0.0,0.0
PC_IgA__TFF3__UC_vs_HC,0.0,0.0
PC_IgA__TFF3__UC_vs_CD,0.0,0.0
PC_IgA__TEX9__CD_vs_HC,0.0,0.0
PC_IgA__TENT5A__UC_vs_HC,0.0,0.0
PC_IgA__TCTN1__UC_vs_HC,0.0,0.0
PC_IgA__TCN2__UC_vs_HC,0.0,0.0
PC_IgA__TCEAL2__UC_vs_HC,0.0,0.0
PC_IgA__TBXAS1__UC_vs_HC,0.0,0.0
PC_IgA__TBXAS1__UC_vs_CD,0.0,0.0
PC_IgA__TBC1D9__UC_vs_CD,0.0,0.0
PC_IgA__TBC1D32__UC_vs_HC,0.0,0.0
PC_IgA__TMEM154__UC_vs_HC,0.0,0.0
PC_IgA__TMEM150B__UC_vs_HC,0.0,0.0
PC_IgA__TMCC3__UC_vs_HC,0.0,0.0
PC_IgA__TMCC3__UC_vs_CD,0.0,0.0
PC_IgA__TMC8__UC_vs_HC,0.0,0.0
PC_IgA__TMC6__UC_vs_CD,0.0,0.0
PC_IgA__TMBIM6__UC_vs_HC,0.0,0.0
PC_IgA__TMBIM6__UC_vs_CD,0.0,0.0
PC_IgA__TLE1__UC_vs_HC,0.0,0.0
PC_IgA__TLE1__CD_vs_HC,0.0,0.0
PC_IgA__TIMP1__UC_vs_HC,0.0,0.0
PC_IgA__TIMP1__CD_vs_HC,0.0,0.0
PC_IgA__TIMM8B__UC_vs_HC,0.0,0.0
PC_IgA__TIMM17B__UC_vs_CD,0.0,0.0
PC_IgA__TIGD3__UC_vs_HC,0.0,0.0
PC_IgA__TICAM1__UC_vs_CD,0.0,0.0
PC_IgA__TOP1__CD_vs_HC,0.0,0.0
PC_IgA__TNFSF8__UC_vs_HC,0.0,0.0
PC_IgA__TNFRSF13B__UC_vs_HC,0.0,0.0
PC_IgA__TNFRSF13B__UC_vs_CD,0.0,0.0
PC_IgA__TNC__UC_vs_HC,0.0,0.0
PC_IgA__TMEM9__UC_vs_HC,0.0,0.0
PC_IgA__TMEM70__CD_vs_HC,0.0,0.0
PC_IgA__TMEM67__UC_vs_HC,0.0,0.0
PC_IgA__TMEM62__UC_vs_HC,0.0,0.0
PC_IgA__TMEM62__UC_vs_CD,0.0,0.0
PC_IgA__TMEM60__UC_vs_CD,0.0,0.0
PC_IgA__TMEM52__UC_vs_HC,0.0,0.0
PC_IgA__TMEM52__UC_vs_CD,0.0,0.0
PC_IgA__TMEM43__UC_vs_HC,0.0,0.0
PC_IgA__TMEM176B__UC_vs_HC,0.0,0.0
PC_IgA__TMEM176A__UC_vs_HC,0.0,0.0
PC_IgA__TUBB2A__UC_vs_HC,0.0,0.0
PC_IgA__TUBB2A__UC_vs_CD,0.0,0.0
PC_IgA__TUBA1A__UC_vs_HC,0.0,0.0
PC_IgA__TTLL7__UC_vs_HC,0.0,0.0
PC_IgA__TTLL1__UC_vs_HC,0.0,0.0
PC_IgA__TSPYL2__UC_vs_CD,0.0,0.0
PC_IgA__TSHZ2__UC_vs_HC,0.0,0.0
PC_IgA__TRIO__CD_vs_HC,0.0,0.0
PC_IgA__TRIM69__UC_vs_CD,0.0,0.0
PC_IgA__TRIM39__UC_vs_HC,0.0,0.0
PC_IgA__TRIM31__UC_vs_HC,0.0,0.0
PC_IgA__TRABD2A__UC_vs_HC,0.0,0.0
PC_IgA__TPRG1__UC_vs_HC,0.0,0.0
PC_IgA__TPPP__UC_vs_HC,0.0,0.0
PC_IgA__TP53INP1__UC_vs_HC,0.0,0.0
PC_IgA__TP53I3__UC_vs_HC,0.0,0.0
PC_IgA__YES1__UC_vs_CD,0.0,0.0
PC_IgA__YBX3__UC_vs_HC,0.0,0.0
PC_IgA__WIPF1__UC_vs_HC,0.0,0.0
PC_IgA__WHRN__UC_vs_HC,0.0,0.0
PC_IgA__WASHC3__UC_vs_HC,0.0,0.0
PC_IgA__VWA5A__UC_vs_HC,0.0,0.0
PC_IgA__VIM__UC_vs_CD,0.0,0.0
PC_IgA__VIM-AS1__UC_vs_HC,0.0,0.0
PC_IgA__VCL__UC_vs_HC,0.0,0.0
PC_IgA__UQCC2__UC_vs_HC,0.0,0.0
PC_IgA__ULK4__UC_vs_HC,0.0,0.0
PC_IgA__UGT8__UC_vs_HC,0.0,0.0
PC_IgA__UCHL1__UC_vs_HC,0.0,0.0
PC_IgA__UBE2T__UC_vs_HC,0.0,0.0
PC_IgA__UBE2E1__UC_vs_HC,0.0,0.0
PC_IgA__U62317.5__UC_vs_HC,0.0,0.0
PC_IgA__ZNF701__UC_vs_HC,0.0,0.0
PC_IgA__ZNF629__UC_vs_HC,0.0,0.0
PC_IgA__ZNF324__UC_vs_CD,0.0,0.0
PC_IgA__ZNF250__UC_vs_CD,0.0,0.0
PC_IgA__ZMAT1__UC_vs_HC,0.0,0.0
PC_IgA__ZMAT1__CD_vs_HC,0.0,0.0
PC_IgA__ZG16__UC_vs_HC,0.0,0.0
PC_IgA__ZG16__UC_vs_CD,0.0,0.0
PC_IgA__ZDHHC20__CD_vs_HC,0.0,0.0
PC_IgA__ZBTB43__UC_vs_HC,0.0,0.0
PC_IgA__ZBTB10__UC_vs_HC,0.0,0.0
PC_IgA__ZBTB10__UC_vs_CD,0.0,0.0
PC_IgA__Z93930.2__UC_vs_HC,0.0,0.0
PC_IgA__YPEL4__UC_vs_HC,0.0,0.0
PC_IgA__YIF1A__UC_vs_HC,0.0,0.0
PC_IgA__YES1__UC_vs_HC,0.0,0.0
PC_IgG__AC060780.1__UC_vs_HC,0.0,0.0
PC_IgG__AC026369.3__UC_vs_HC,0.0,0.0
PC_IgG__AC020916.1__UC_vs_HC,0.0,0.0
PC_IgG__AC020916.1__CD_vs_HC,0.0,0.0
PC_IgG__AC012236.1__UC_vs_HC,0.0,0.0
PC_IgG__AC012236.1__UC_vs_CD,0.0,0.0
PC_IgG__AC008105.3__UC_vs_HC,0.0,0.0
PC_IgG__AC008105.3__UC_vs_CD,0.0,0.0
PC_IgG__AC005838.2__UC_vs_HC,0.0,0.0
PC_IgG__AC004130.1__UC_vs_HC,0.0,0.0
PC_IgG__ABHD2__UC_vs_HC,0.0,0.0
PC_IgG__ABHD14B__UC_vs_HC,0.0,0.0
PC_IgG__ABCG2__UC_vs_HC,0.0,0.0
PC_IgA__ZP3__UC_vs_HC,0.0,0.0
PC_IgA__ZNF83__CD_vs_HC,0.0,0.0
PC_IgA__ZNF749__UC_vs_HC,0.0,0.0
PC_IgG__AKR1A1__UC_vs_HC,0.0,0.0
PC_IgG__AKAP8__UC_vs_CD,0.0,0.0
PC_IgG__AIG1__CD_vs_HC,0.0,0.0
PC_IgG__AHNAK__UC_vs_HC,0.0,0.0
PC_IgG__AGO3__UC_vs_HC,0.0,0.0
PC_IgG__AGA__UC_vs_HC,0.0,0.0
PC_IgG__AEBP1__UC_vs_HC,0.0,0.0
PC_IgG__ADIRF__UC_vs_HC,0.0,0.0
PC_IgG__ADGRG5__UC_vs_HC,0.0,0.0
PC_IgG__ACTB__UC_vs_HC,0.0,0.0
PC_IgG__ACHE__UC_vs_HC,0.0,0.0
PC_IgG__ACAA2__UC_vs_HC,0.0,0.0
PC_IgG__AC245297.3__UC_vs_HC,0.0,0.0
PC_IgG__AC243960.1__CD_vs_HC,0.0,0.0
PC_IgG__AC233755.2__UC_vs_HC,0.0,0.0
PC_IgG__AC233755.2__UC_vs_CD,0.0,0.0
PC_IgG__ARL3__UC_vs_HC,0.0,0.0
PC_IgG__ARID5A__UC_vs_HC,0.0,0.0
PC_IgG__ARID5A__UC_vs_CD,0.0,0.0
PC_IgG__ARID3A__UC_vs_CD,0.0,0.0
PC_IgG__ARHGAP5__UC_vs_HC,0.0,0.0
PC_IgG__ARHGAP5__UC_vs_CD,0.0,0.0
PC_IgG__ARHGAP4__UC_vs_CD,0.0,0.0
PC_IgG__ARFGEF3__UC_vs_HC,0.0,0.0
PC_IgG__APP__UC_vs_HC,0.0,0.0
PC_IgG__APOL6__UC_vs_HC,0.0,0.0
PC_IgG__APOL6__CD_vs_HC,0.0,0.0
PC_IgG__ANXA1__UC_vs_HC,0.0,0.0
PC_IgG__AMPD1__UC_vs_HC,0.0,0.0
PC_IgG__ALG3__UC_vs_HC,0.0,0.0
PC_IgG__ALG3__CD_vs_HC,0.0,0.0
PC_IgG__AKT3__UC_vs_HC,0.0,0.0
PC_IgG__BEX2__UC_vs_HC,0.0,0.0
PC_IgG__BCLAF3__UC_vs_HC,0.0,0.0
PC_IgG__BCL2__UC_vs_HC,0.0,0.0
PC_IgG__BCL2L11__CD_vs_HC,0.0,0.0
PC_IgG__BCAS4__UC_vs_HC,0.0,0.0
PC_IgG__BAIAP3__UC_vs_HC,0.0,0.0
PC_IgG__B9D1__UC_vs_HC,0.0,0.0
PC_IgG__AURKAIP1__CD_vs_HC,0.0,0.0
PC_IgG__ATP8B2__UC_vs_HC,0.0,0.0
PC_IgG__ATP6V1F__UC_vs_HC,0.0,0.0
PC_IgG__ATP5PF__UC_vs_HC,0.0,0.0
PC_IgG__ATP5MF__UC_vs_HC,0.0,0.0
PC_IgG__ATP5MC3__UC_vs_HC,0.0,0.0
PC_IgG__ATP5MC1__UC_vs_HC,0.0,0.0
PC_IgG__ARPC5L__CD_vs_HC,0.0,0.0
PC_IgG__ARNTL2__UC_vs_HC,0.0,0.0
PC_IgG__CARD16__UC_vs_HC,0.0,0.0
PC_IgG__CALM3__CD_vs_HC,0.0,0.0
PC_IgG__CADM1__UC_vs_HC,0.0,0.0
PC_IgG__CADM1__CD_vs_HC,0.0,0.0
PC_IgG__CA2__UC_vs_HC,0.0,0.0
PC_IgG__C6orf48__UC_vs_HC,0.0,0.0
PC_IgG__C6orf48__CD_vs_HC,0.0,0.0
PC_IgG__C3orf18__UC_vs_HC,0.0,0.0
PC_IgG__BUD23__CD_vs_HC,0.0,0.0
PC_IgG__BTG2__UC_vs_HC,0.0,0.0
PC_IgG__BTG1__UC_vs_HC,0.0,0.0
PC_IgG__BOLA3__UC_vs_HC,0.0,0.0
PC_IgG__BOLA3__CD_vs_HC,0.0,0.0
PC_IgG__BNIP3__UC_vs_CD,0.0,0.0
PC_IgG__BMI1__UC_vs_HC,0.0,0.0
PC_IgG__BIRC3__UC_vs_HC,0.0,0.0
PC_IgG__CD69__UC_vs_HC,0.0,0.0
PC_IgG__CD69__CD_vs_HC,0.0,0.0
PC_IgG__CD48__UC_vs_HC,0.0,0.0
PC_IgG__CD48__CD_vs_HC,0.0,0.0
PC_IgG__CD38__UC_vs_HC,0.0,0.0
PC_IgG__CD38__CD_vs_HC,0.0,0.0
PC_IgG__CD27__UC_vs_HC,0.0,0.0
PC_IgG__CD27__CD_vs_HC,0.0,0.0
PC_IgG__CCR10__UC_vs_CD,0.0,0.0
PC_IgG__CCNH__UC_vs_HC,0.0,0.0
PC_IgG__CCND2__UC_vs_HC,0.0,0.0
PC_IgG__CCND2__CD_vs_HC,0.0,0.0
PC_IgG__CCDC93__UC_vs_HC,0.0,0.0
PC_IgG__CBFA2T3__UC_vs_CD,0.0,0.0
PC_IgG__CAV1__UC_vs_HC,0.0,0.0
PC_IgG__CAV1__CD_vs_HC,0.0,0.0
PC_IgG__CLDN4__UC_vs_HC,0.0,0.0
PC_IgG__CLDN3__UC_vs_HC,0.0,0.0
PC_IgG__CIRBP__UC_vs_HC,0.0,0.0
PC_IgG__CIRBP__CD_vs_HC,0.0,0.0
PC_IgG__CHMP1B__UC_vs_HC,0.0,0.0
PC_IgG__CEP128__UC_vs_HC,0.0,0.0
PC_IgG__CEP128__CD_vs_HC,0.0,0.0
PC_IgG__CEP126__UC_vs_HC,0.0,0.0
PC_IgG__CENPM__UC_vs_HC,0.0,0.0
PC_IgG__CDKN2C__UC_vs_HC,0.0,0.0
PC_IgG__CDKN2C__UC_vs_CD,0.0,0.0
PC_IgG__CDC42EP3__UC_vs_HC,0.0,0.0
PC_IgG__CDC42EP3__UC_vs_CD,0.0,0.0
PC_IgG__CD9__UC_vs_HC,0.0,0.0
PC_IgG__CD9__CD_vs_HC,0.0,0.0
PC_IgG__CD79B__UC_vs_HC,0.0,0.0
PC_IgG__CPNE5__UC_vs_HC,0.0,0.0
PC_IgG__CPNE5__CD_vs_HC,0.0,0.0
PC_IgG__CPNE3__UC_vs_HC,0.0,0.0
PC_IgG__CPEB4__CD_vs_HC,0.0,0.0
PC_IgG__COX7A2__UC_vs_HC,0.0,0.0
PC_IgG__CORO7__UC_vs_HC,0.0,0.0
PC_IgG__COL9A2__UC_vs_HC,0.0,0.0
PC_IgG__COL18A1__UC_vs_HC,0.0,0.0
PC_IgG__COA3__UC_vs_HC,0.0,0.0
PC_IgG__CNN3__UC_vs_HC,0.0,0.0
PC_IgG__CNDP2__CD_vs_HC,0.0,0.0
PC_IgG__CLPTM1L__UC_vs_HC,0.0,0.0
PC_IgG__CLPTM1L__CD_vs_HC,0.0,0.0
PC_IgG__CLPP__CD_vs_HC,0.0,0.0
PC_IgG__CLMN__UC_vs_HC,0.0,0.0
PC_IgG__CLECL1__UC_vs_HC,0.0,0.0
PC_IgG__DDX3Y__UC_vs_HC,0.0,0.0
PC_IgG__DDX3X__UC_vs_HC,0.0,0.0
PC_IgG__DDX39A__UC_vs_HC,0.0,0.0
PC_IgG__DDX39A__CD_vs_HC,0.0,0.0
PC_IgG__DDIT3__CD_vs_HC,0.0,0.0
PC_IgG__CYTH1__UC_vs_HC,0.0,0.0
PC_IgG__CYTH1__UC_vs_CD,0.0,0.0
PC_IgG__CYSLTR1__UC_vs_HC,0.0,0.0
PC_IgG__CXorf40A__UC_vs_CD,0.0,0.0
PC_IgG__CWF19L1__UC_vs_HC,0.0,0.0
PC_IgG__CTSW__UC_vs_HC,0.0,0.0
PC_IgG__CTSH__UC_vs_HC,0.0,0.0
PC_IgG__CSRNP1__UC_vs_HC,0.0,0.0
PC_IgG__CSDE1__UC_vs_HC,0.0,0.0
PC_IgG__CRYBG1__UC_vs_HC,0.0,0.0
PC_IgG__CREBRF__UC_vs_HC,0.0,0.0
PC_IgG__DUSP1__CD_vs_HC,0.0,0.0
PC_IgG__DPM2__UC_vs_HC,0.0,0.0
PC_IgG__DNAJC15__UC_vs_HC,0.0,0.0
PC_IgG__DNAAF1__UC_vs_HC,0.0,0.0
PC_IgG__DNAAF1__CD_vs_HC,0.0,0.0
PC_IgG__DMXL1__UC_vs_HC,0.0,0.0
PC_IgG__DMKN__UC_vs_HC,0.0,0.0
PC_IgG__DESI1__CD_vs_HC,0.0,0.0
PC_IgG__DERL1__UC_vs_HC,0.0,0.0
PC_IgG__DERL1__CD_vs_HC,0.0,0.0
PC_IgG__DENND6B__UC_vs_HC,0.0,0.0
PC_IgG__DENND6B__CD_vs_HC,0.0,0.0
PC_IgG__DENND2C__UC_vs_HC,0.0,0.0
PC_IgG__DEF8__UC_vs_HC,0.0,0.0
PC_IgG__DEF8__CD_vs_HC,0.0,0.0
PC_IgG__DECR1__UC_vs_HC,0.0,0.0
PC_IgG__ELOF1__CD_vs_HC,0.0,0.0
PC_IgG__ELMSAN1__UC_vs_HC,0.0,0.0
PC_IgG__ELMOD2__UC_vs_HC,0.0,0.0
PC_IgG__EIF5__CD_vs_HC,0.0,0.0
PC_IgG__EIF5A__CD_vs_HC,0.0,0.0
PC_IgG__EIF4B__UC_vs_HC,0.0,0.0
PC_IgG__EIF4A2__UC_vs_HC,0.0,0.0
PC_IgG__EIF4A2__CD_vs_HC,0.0,0.0
PC_IgG__EIF2AK3__CD_vs_HC,0.0,0.0
PC_IgG__EEF2__UC_vs_HC,0.0,0.0
PC_IgG__EEF1A1__UC_vs_HC,0.0,0.0
PC_IgG__EEF1A1__CD_vs_HC,0.0,0.0
PC_IgG__EDEM1__CD_vs_HC,0.0,0.0
PC_IgG__ECHDC2__UC_vs_HC,0.0,0.0
PC_IgG__DUSP6__UC_vs_HC,0.0,0.0
PC_IgG__DUSP26__UC_vs_HC,0.0,0.0
PC_IgG__FAM122C__UC_vs_HC,0.0,0.0
PC_IgG__FABP1__UC_vs_HC,0.0,0.0
PC_IgG__FABP1__UC_vs_CD,0.0,0.0
PC_IgG__EZR__UC_vs_HC,0.0,0.0
PC_IgG__EXOC7__UC_vs_HC,0.0,0.0
PC_IgG__EVL__UC_vs_HC,0.0,0.0
PC_IgG__ETV3__UC_vs_HC,0.0,0.0
PC_IgG__ESYT2__UC_vs_HC,0.0,0.0
PC_IgG__ESYT2__UC_vs_CD,0.0,0.0
PC_IgG__ESR2__UC_vs_HC,0.0,0.0
PC_IgG__ERLEC1__UC_vs_HC,0.0,0.0
PC_IgG__EPB41L5__UC_vs_HC,0.0,0.0
PC_IgG__EPB41L2__UC_vs_HC,0.0,0.0
PC_IgG__ENAM__UC_vs_HC,0.0,0.0
PC_IgG__EMC6__CD_vs_HC,0.0,0.0
PC_IgG__ELP2__UC_vs_HC,0.0,0.0
PC_IgG__FOXP1__UC_vs_HC,0.0,0.0
PC_IgG__FOXO3__UC_vs_HC,0.0,0.0
PC_IgG__FOSL2__UC_vs_HC,0.0,0.0
PC_IgG__FOSB__UC_vs_HC,0.0,0.0
PC_IgG__FOSB__CD_vs_HC,0.0,0.0
PC_IgG__FMNL1__UC_vs_HC,0.0,0.0
PC_IgG__FHL1__UC_vs_HC,0.0,0.0
PC_IgG__FEM1C__UC_vs_CD,0.0,0.0
PC_IgG__FDPS__UC_vs_HC,0.0,0.0
PC_IgG__FCGR2B__UC_vs_HC,0.0,0.0
PC_IgG__FCGR2B__CD_vs_HC,0.0,0.0
PC_IgG__FCGBP__UC_vs_HC,0.0,0.0
PC_IgG__FBP1__UC_vs_CD,0.0,0.0
PC_IgG__FAM92B__UC_vs_HC,0.0,0.0
PC_IgG__FAM92B__CD_vs_HC,0.0,0.0
PC_IgG__FAM213A__UC_vs_HC,0.0,0.0
PC_IgG__GM2A__UC_vs_HC,0.0,0.0
PC_IgG__GLRX__UC_vs_HC,0.0,0.0
PC_IgG__GLIPR1__UC_vs_HC,0.0,0.0
PC_IgG__GLA__UC_vs_HC,0.0,0.0
PC_IgG__GGT7__UC_vs_HC,0.0,0.0
PC_IgG__GBP5__UC_vs_HC,0.0,0.0
PC_IgG__GALNT3__UC_vs_HC,0.0,0.0
PC_IgG__GALNT3__UC_vs_CD,0.0,0.0
PC_IgG__GADD45B__UC_vs_HC,0.0,0.0
PC_IgG__GADD45B__CD_vs_HC,0.0,0.0
PC_IgG__GABARAPL1__UC_vs_HC,0.0,0.0
PC_IgG__GAB1__UC_vs_CD,0.0,0.0
PC_IgG__FXYD5__UC_vs_HC,0.0,0.0
PC_IgG__FXYD5__CD_vs_HC,0.0,0.0
PC_IgG__FUT8__CD_vs_HC,0.0,0.0
PC_IgG__FRMD6__UC_vs_HC,0.0,0.0
PC_IgG__HLA-DMA__UC_vs_HC,0.0,0.0
PC_IgG__HIST1H2AE__UC_vs_CD,0.0,0.0
PC_IgG__HIST1H1D__UC_vs_HC,0.0,0.0
PC_IgG__HIST1H1C__UC_vs_HC,0.0,0.0
PC_IgG__HELZ2__UC_vs_CD,0.0,0.0
PC_IgG__HDDC2__UC_vs_HC,0.0,0.0
PC_IgG__HDAC9__UC_vs_CD,0.0,0.0
PC_IgG__HCG18__UC_vs_HC,0.0,0.0
PC_IgG__H3F3B__CD_vs_HC,0.0,0.0
PC_IgG__GSTP1__UC_vs_CD,0.0,0.0
PC_IgG__GRK6__UC_vs_HC,0.0,0.0
PC_IgG__GRK2__UC_vs_CD,0.0,0.0
PC_IgG__GPRC5D__UC_vs_HC,0.0,0.0
PC_IgG__GPR63__UC_vs_HC,0.0,0.0
PC_IgG__GPR176__UC_vs_HC,0.0,0.0
PC_IgG__GNG5__UC_vs_HC,0.0,0.0
PC_IgG__IDS__UC_vs_CD,0.0,0.0
PC_IgG__IDH2__CD_vs_HC,0.0,0.0
PC_IgG__ID3__UC_vs_HC,0.0,0.0
PC_IgG__ID3__CD_vs_HC,0.0,0.0
PC_IgG__ID1__UC_vs_HC,0.0,0.0
PC_IgG__ICOSLG__UC_vs_HC,0.0,0.0
PC_IgG__HVCN1__UC_vs_HC,0.0,0.0
PC_IgG__HSPA1B__CD_vs_HC,0.0,0.0
PC_IgG__HSPA1A__CD_vs_HC,0.0,0.0
PC_IgG__HSP90AB1__CD_vs_HC,0.0,0.0
PC_IgG__HSP90AA1__UC_vs_HC,0.0,0.0
PC_IgG__HSP90AA1__CD_vs_HC,0.0,0.0
PC_IgG__HOMER3__UC_vs_HC,0.0,0.0
PC_IgG__HNRNPUL1__UC_vs_HC,0.0,0.0
PC_IgG__HNRNPA1__UC_vs_HC,0.0,0.0
PC_IgG__HNRNPA1__CD_vs_HC,0.0,0.0
PC_IgG__IGHV1-69__CD_vs_HC,0.0,0.0
PC_IgG__IGHV1-24__UC_vs_HC,0.0,0.0
PC_IgG__IGHV1-18__UC_vs_HC,0.0,0.0
PC_IgG__IGHV1-18__CD_vs_HC,0.0,0.0
PC_IgG__IGHM__UC_vs_HC,0.0,0.0
PC_IgG__IGHG3__UC_vs_HC,0.0,0.0
PC_IgG__IGHG2__UC_vs_HC,0.0,0.0
PC_IgG__IGHG2__UC_vs_CD,0.0,0.0
PC_IgG__IGHA2__UC_vs_HC,0.0,0.0
PC_IgG__IGHA2__CD_vs_HC,0.0,0.0
PC_IgG__IGHA1__UC_vs_HC,0.0,0.0
PC_IgG__IFRD1__UC_vs_HC,0.0,0.0
PC_IgG__IFI27__UC_vs_CD,0.0,0.0
PC_IgG__IFI27L1__UC_vs_HC,0.0,0.0
PC_IgG__IFI27L1__CD_vs_HC,0.0,0.0
PC_IgG__IDS__UC_vs_HC,0.0,0.0
PC_IgG__IGKV1D-39__UC_vs_CD,0.0,0.0
PC_IgG__IGKV1-9__UC_vs_HC,0.0,0.0
PC_IgG__IGKV1-9__CD_vs_HC,0.0,0.0
PC_IgG__IGKC__UC_vs_HC,0.0,0.0
PC_IgG__IGHV5-51__CD_vs_HC,0.0,0.0
PC_IgG__IGHV4-34__UC_vs_CD,0.0,0.0
PC_IgG__IGHV4-34__CD_vs_HC,0.0,0.0
PC_IgG__IGHV3-74__UC_vs_CD,0.0,0.0
PC_IgG__IGHV3-74__CD_vs_HC,0.0,0.0
PC_IgG__IGHV3-53__UC_vs_HC,0.0,0.0
PC_IgG__IGHV3-48__CD_vs_HC,0.0,0.0
PC_IgG__IGHV3-23__CD_vs_HC,0.0,0.0
PC_IgG__IGHV3-20__UC_vs_CD,0.0,0.0
PC_IgG__IGHV3-15__UC_vs_HC,0.0,0.0
PC_IgG__IGHV3-15__CD_vs_HC,0.0,0.0
PC_IgG__IGHV1-69__UC_vs_HC,0.0,0.0
PC_IgG__IKBIP__UC_vs_HC,0.0,0.0
PC_IgG__IKBIP__CD_vs_HC,0.0,0.0
PC_IgG__IGLV3-21__UC_vs_HC,0.0,0.0
PC_IgG__IGLV3-21__CD_vs_HC,0.0,0.0
PC_IgG__IGLV3-10__UC_vs_HC,0.0,0.0
PC_IgG__IGLV2-11__CD_vs_HC,0.0,0.0
PC_IgG__IGLV1-47__UC_vs_HC,0.0,0.0
PC_IgG__IGLV1-47__CD_vs_HC,0.0,0.0
PC_IgG__IGLC7__UC_vs_HC,0.0,0.0
PC_IgG__IGLC7__CD_vs_HC,0.0,0.0
PC_IgG__IGLC5__UC_vs_CD,0.0,0.0
PC_IgG__IGKV4-1__UC_vs_HC,0.0,0.0
PC_IgG__IGKV4-1__CD_vs_HC,0.0,0.0
PC_IgG__IGKV3-20__UC_vs_HC,0.0,0.0
PC_IgG__IGKV3-20__CD_vs_HC,0.0,0.0
PC_IgG__IGKV1D-39__UC_vs_HC,0.0,0.0
PC_IgG__KANSL1__UC_vs_HC,0.0,0.0
PC_IgG__KANSL1-AS1__UC_vs_CD,0.0,0.0
PC_IgG__JPT1__UC_vs_HC,0.0,0.0
PC_IgG__JPT1__CD_vs_HC,0.0,0.0
PC_IgG__JMJD1C__UC_vs_HC,0.0,0.0
PC_IgG__JCHAIN__UC_vs_HC,0.0,0.0
PC_IgG__JCHAIN__CD_vs_HC,0.0,0.0
PC_IgG__JADE1__UC_vs_HC,0.0,0.0
PC_IgG__IRF7__CD_vs_HC,0.0,0.0
PC_IgG__IRF4__UC_vs_HC,0.0,0.0
PC_IgG__IQGAP1__UC_vs_HC,0.0,0.0
PC_IgG__INPP4A__UC_vs_HC,0.0,0.0
PC_IgG__ILF3-DT__CD_vs_HC,0.0,0.0
PC_IgG__IL32__UC_vs_CD,0.0,0.0
PC_IgG__IL27RA__UC_vs_HC,0.0,0.0
PC_IgG__IL23A__UC_vs_HC,0.0,0.0
PC_IgG__LAP3__UC_vs_HC,0.0,0.0
PC_IgG__LAMP5__UC_vs_HC,0.0,0.0
PC_IgG__KYNU__UC_vs_HC,0.0,0.0
PC_IgG__KLF4__UC_vs_HC,0.0,0.0
PC_IgG__KLF13__CD_vs_HC,0.0,0.0
PC_IgG__KIF19__UC_vs_HC,0.0,0.0
PC_IgG__KIF19__UC_vs_CD,0.0,0.0
PC_IgG__KDM6B__UC_vs_HC,0.0,0.0
PC_IgG__KDM6B__UC_vs_CD,0.0,0.0
PC_IgG__KDM4B__UC_vs_CD,0.0,0.0
PC_IgG__KDELR2__CD_vs_HC,0.0,0.0
PC_IgG__KCNQ1OT1__UC_vs_HC,0.0,0.0
PC_IgG__KCNQ1OT1__CD_vs_HC,0.0,0.0
PC_IgG__KCNN3__UC_vs_HC,0.0,0.0
PC_IgG__KCNN3__CD_vs_HC,0.0,0.0
PC_IgG__KCNK6__CD_vs_HC,0.0,0.0
PC_IgG__MARCH8__UC_vs_HC,0.0,0.0
PC_IgG__MARCH8__UC_vs_CD,0.0,0.0
PC_IgG__MAP2K3__UC_vs_HC,0.0,0.0
PC_IgG__MAP1LC3B__CD_vs_HC,0.0,0.0
PC_IgG__MANEA-DT__UC_vs_CD,0.0,0.0
PC_IgG__LYPD6B__UC_vs_HC,0.0,0.0
PC_IgG__LY96__UC_vs_HC,0.0,0.0
PC_IgG__LSM1__UC_vs_HC,0.0,0.0
PC_IgG__LMNA__UC_vs_HC,0.0,0.0
PC_IgG__LMNA__CD_vs_HC,0.0,0.0
PC_IgG__LINC01678__UC_vs_HC,0.0,0.0
PC_IgG__LINC00996__UC_vs_HC,0.0,0.0
PC_IgG__LILRB1__UC_vs_HC,0.0,0.0
PC_IgG__LGALS4__UC_vs_HC,0.0,0.0
PC_IgG__LETMD1__UC_vs_HC,0.0,0.0
PC_IgG__LCP1__UC_vs_HC,0.0,0.0
PC_IgG__MRPL14__CD_vs_HC,0.0,0.0
PC_IgG__MPHOSPH10__CD_vs_HC,0.0,0.0
PC_IgG__MPG__CD_vs_HC,0.0,0.0
PC_IgG__MLXIP__UC_vs_HC,0.0,0.0
PC_IgG__MLLT3__UC_vs_HC,0.0,0.0
PC_IgG__MLF1__UC_vs_HC,0.0,0.0
PC_IgG__MIR29B2CHG__UC_vs_HC,0.0,0.0
PC_IgG__MIR29B2CHG__UC_vs_CD,0.0,0.0
PC_IgG__MIR222HG__UC_vs_HC,0.0,0.0
PC_IgG__MINDY3__UC_vs_CD,0.0,0.0
PC_IgG__MGAT2__UC_vs_CD,0.0,0.0
PC_IgG__MFF__CD_vs_HC,0.0,0.0
PC_IgG__MED28__UC_vs_HC,0.0,0.0
PC_IgG__MDS2__UC_vs_HC,0.0,0.0
PC_IgG__MCL1__UC_vs_HC,0.0,0.0
PC_IgG__MBTPS1__CD_vs_HC,0.0,0.0
PC_IgG__MYO5A__UC_vs_CD,0.0,0.0
PC_IgG__MYLIP__UC_vs_HC,0.0,0.0
PC_IgG__MYL9__UC_vs_HC,0.0,0.0
PC_IgG__MYDGF__CD_vs_HC,0.0,0.0
PC_IgG__MYADM__UC_vs_HC,0.0,0.0
PC_IgG__MYADM__CD_vs_HC,0.0,0.0
PC_IgG__MTUS1__UC_vs_HC,0.0,0.0
PC_IgG__MTRNR2L8__UC_vs_CD,0.0,0.0
PC_IgG__MTF2__UC_vs_HC,0.0,0.0
PC_IgG__MTCH2__UC_vs_HC,0.0,0.0
PC_IgG__MT2A__UC_vs_HC,0.0,0.0
PC_IgG__MSL3__UC_vs_HC,0.0,0.0
PC_IgG__MRPS16__UC_vs_HC,0.0,0.0
PC_IgG__MRPL40__UC_vs_HC,0.0,0.0
PC_IgG__MRPL22__UC_vs_HC,0.0,0.0
PC_IgG__MRPL14__UC_vs_HC,0.0,0.0
PC_IgG__NDUFB3__UC_vs_HC,0.0,0.0
PC_IgG__NDUFB3__CD_vs_HC,0.0,0.0
PC_IgG__NDUFB10__UC_vs_HC,0.0,0.0
PC_IgG__NDUFAF6__UC_vs_HC,0.0,0.0
PC_IgG__NDUFAF6__UC_vs_CD,0.0,0.0
PC_IgG__NDUFAF6__CD_vs_HC,0.0,0.0
PC_IgG__NDUFAB1__CD_vs_HC,0.0,0.0
PC_IgG__NCOR2__UC_vs_HC,0.0,0.0
PC_IgG__NCF4__UC_vs_HC,0.0,0.0
PC_IgG__NAMPT__UC_vs_HC,0.0,0.0
PC_IgG__NAIP__UC_vs_HC,0.0,0.0
PC_IgG__NAA38__UC_vs_HC,0.0,0.0
PC_IgG__N4BP2L1__UC_vs_HC,0.0,0.0
PC_IgG__MZF1-AS1__UC_vs_HC,0.0,0.0
PC_IgG__MZB1__UC_vs_HC,0.0,0.0
PC_IgG__MYO5A__UC_vs_HC,0.0,0.0
PC_IgG__NR4A2__CD_vs_HC,0.0,0.0
PC_IgG__NPIPB5__UC_vs_HC,0.0,0.0
PC_IgG__NOL7__CD_vs_HC,0.0,0.0
PC_IgG__NME1__UC_vs_HC,0.0,0.0
PC_IgG__NIN__UC_vs_HC,0.0,0.0
PC_IgG__NHLRC3__UC_vs_HC,0.0,0.0
PC_IgG__NFKB2__UC_vs_HC,0.0,0.0
PC_IgG__NFAT5__UC_vs_HC,0.0,0.0
PC_IgG__NEDD9__UC_vs_HC,0.0,0.0
PC_IgG__NEDD9__CD_vs_HC,0.0,0.0
PC_IgG__NDUFV2__UC_vs_HC,0.0,0.0
PC_IgG__NDUFV2__CD_vs_HC,0.0,0.0
PC_IgG__NDUFC1__UC_vs_HC,0.0,0.0
PC_IgG__NDUFB9__UC_vs_HC,0.0,0.0
PC_IgG__NDUFB8__UC_vs_HC,0.0,0.0
PC_IgG__NDUFB6__UC_vs_HC,0.0,0.0
PC_IgG__PCM1__UC_vs_HC,0.0,0.0
PC_IgG__PCM1__CD_vs_HC,0.0,0.0
PC_IgG__PCBP2__UC_vs_HC,0.0,0.0
PC_IgG__PBXIP1__UC_vs_HC,0.0,0.0
PC_IgG__PAXIP1-AS2__UC_vs_HC,0.0,0.0
PC_IgG__PARP8__UC_vs_HC,0.0,0.0
PC_IgG__PABPC4__UC_vs_HC,0.0,0.0
PC_IgG__PABPC4__CD_vs_HC,0.0,0.0
PC_IgG__P2RY10__UC_vs_HC,0.0,0.0
PC_IgG__OTUD4__UC_vs_CD,0.0,0.0
PC_IgG__OFD1__UC_vs_HC,0.0,0.0
PC_IgG__OFD1__CD_vs_HC,0.0,0.0
PC_IgG__NTMT1__UC_vs_HC,0.0,0.0
PC_IgG__NT5E__UC_vs_HC,0.0,0.0
PC_IgG__NR4A3__UC_vs_HC,0.0,0.0
PC_IgG__NR4A2__UC_vs_HC,0.0,0.0
PC_IgG__PLCG2__UC_vs_CD,0.0,0.0
PC_IgG__PLCG2__CD_vs_HC,0.0,0.0
PC_IgG__PLAG1__UC_vs_HC,0.0,0.0
PC_IgG__PKP4__UC_vs_HC,0.0,0.0
PC_IgG__PKHD1L1__UC_vs_HC,0.0,0.0
PC_IgG__PIGR__UC_vs_CD,0.0,0.0
PC_IgG__PIAS1__UC_vs_HC,0.0,0.0
PC_IgG__PHPT1__UC_vs_HC,0.0,0.0
PC_IgG__PHGR1__UC_vs_CD,0.0,0.0
PC_IgG__PHF1__UC_vs_CD,0.0,0.0
PC_IgG__PHC3__UC_vs_HC,0.0,0.0
PC_IgG__PGAP1__UC_vs_HC,0.0,0.0
PC_IgG__PFDN6__UC_vs_HC,0.0,0.0
PC_IgG__PERP__UC_vs_HC,0.0,0.0
PC_IgG__PERP__UC_vs_CD,0.0,0.0
PC_IgG__PDLIM3__UC_vs_HC,0.0,0.0
PC_IgG__PRPS2__UC_vs_HC,0.0,0.0
PC_IgG__PRNP__UC_vs_HC,0.0,0.0
PC_IgG__PRKDC__CD_vs_HC,0.0,0.0
PC_IgG__PRDX2__UC_vs_HC,0.0,0.0
PC_IgG__PRDM1__CD_vs_HC,0.0,0.0
PC_IgG__PRCC__UC_vs_HC,0.0,0.0
PC_IgG__PPP1R2__UC_vs_CD,0.0,0.0
PC_IgG__PPP1R15B__UC_vs_HC,0.0,0.0
PC_IgG__PPP1R15B__UC_vs_CD,0.0,0.0
PC_IgG__POMZP3__UC_vs_HC,0.0,0.0
PC_IgG__POMP__UC_vs_HC,0.0,0.0
PC_IgG__POC1B-AS1__UC_vs_HC,0.0,0.0
PC_IgG__PNOC__UC_vs_HC,0.0,0.0
PC_IgG__PMAIP1__UC_vs_HC,0.0,0.0
PC_IgG__PLXNA1__UC_vs_HC,0.0,0.0
PC_IgG__PLPP1__UC_vs_HC,0.0,0.0
PC_IgG__RANBP2__UC_vs_CD,0.0,0.0
PC_IgG__RALY__UC_vs_CD,0.0,0.0
PC_IgG__RALGPS2__UC_vs_HC,0.0,0.0
PC_IgG__RALGPS2__CD_vs_HC,0.0,0.0
PC_IgG__RALGDS__UC_vs_HC,0.0,0.0
PC_IgG__RALGAPA1__UC_vs_HC,0.0,0.0
PC_IgG__RAD17__UC_vs_HC,0.0,0.0
PC_IgG__PYCARD__CD_vs_HC,0.0,0.0
PC_IgG__PTP4A3__UC_vs_HC,0.0,0.0
PC_IgG__PSME2__UC_vs_HC,0.0,0.0
PC_IgG__PSME2__CD_vs_HC,0.0,0.0
PC_IgG__PSMD14__UC_vs_HC,0.0,0.0
PC_IgG__PSMB9__UC_vs_HC,0.0,0.0
PC_IgG__PSMB8__UC_vs_HC,0.0,0.0
PC_IgG__PSMB8__CD_vs_HC,0.0,0.0
PC_IgG__PSMB6__UC_vs_HC,0.0,0.0
PC_IgG__RNASE6__UC_vs_HC,0.0,0.0
PC_IgG__RNASE6__CD_vs_HC,0.0,0.0
PC_IgG__RIC3__UC_vs_HC,0.0,0.0
PC_IgG__RHBDD1__CD_vs_HC,0.0,0.0
PC_IgG__RGS5__UC_vs_HC,0.0,0.0
PC_IgG__RGS2__UC_vs_HC,0.0,0.0
PC_IgG__RER1__CD_vs_HC,0.0,0.0
PC_IgG__RELT__UC_vs_CD,0.0,0.0
PC_IgG__RBM5__UC_vs_HC,0.0,0.0
PC_IgG__RBCK1__UC_vs_CD,0.0,0.0
PC_IgG__RBBP8__UC_vs_HC,0.0,0.0
PC_IgG__RASGRP3__UC_vs_HC,0.0,0.0
PC_IgG__RASGRP3__CD_vs_HC,0.0,0.0
PC_IgG__RASGEF1B__CD_vs_HC,0.0,0.0
PC_IgG__RAPGEF2__UC_vs_HC,0.0,0.0
PC_IgG__RAPGEF2__CD_vs_HC,0.0,0.0
PC_IgG__RRP12__UC_vs_CD,0.0,0.0
PC_IgG__RRAGD__UC_vs_HC,0.0,0.0
PC_IgG__RRAD__UC_vs_HC,0.0,0.0
PC_IgG__RPS6__CD_vs_HC,0.0,0.0
PC_IgG__RPS6KA5__UC_vs_HC,0.0,0.0
PC_IgG__RPS27__UC_vs_HC,0.0,0.0
PC_IgG__RPS14__CD_vs_HC,0.0,0.0
PC_IgG__RPLP2__CD_vs_HC,0.0,0.0
PC_IgG__RPL5__CD_vs_HC,0.0,0.0
PC_IgG__RPL3__CD_vs_HC,0.0,0.0
PC_IgG__RPL36A__CD_vs_HC,0.0,0.0
PC_IgG__RPL34__UC_vs_HC,0.0,0.0
PC_IgG__RPL34__CD_vs_HC,0.0,0.0
PC_IgG__RPL17__UC_vs_HC,0.0,0.0
PC_IgG__RNF213__UC_vs_HC,0.0,0.0
PC_IgG__RNF213__CD_vs_HC,0.0,0.0
PC_IgG__SLC35B1__UC_vs_HC,0.0,0.0
PC_IgG__SLC2A5__UC_vs_HC,0.0,0.0
PC_IgG__SLC25A24__UC_vs_HC,0.0,0.0
PC_IgG__SLC22A17__UC_vs_HC,0.0,0.0
PC_IgG__SIT1__UC_vs_HC,0.0,0.0
PC_IgG__SH3GLB2__UC_vs_HC,0.0,0.0
PC_IgG__SH3GLB2__UC_vs_CD,0.0,0.0
PC_IgG__SERPINI1__UC_vs_HC,0.0,0.0
PC_IgG__SERPINB6__UC_vs_HC,0.0,0.0
PC_IgG__SEC24A__CD_vs_HC,0.0,0.0
PC_IgG__SCYL1__CD_vs_HC,0.0,0.0
PC_IgG__SAR1B__UC_vs_HC,0.0,0.0
PC_IgG__S100A4__UC_vs_HC,0.0,0.0
PC_IgG__S100A10__UC_vs_HC,0.0,0.0
PC_IgG__RSRP1__UC_vs_HC,0.0,0.0
PC_IgG__RRP12__UC_vs_HC,0.0,0.0
PC_IgG__SPAG4__UC_vs_CD,0.0,0.0
PC_IgG__SMPDL3B__UC_vs_HC,0.0,0.0
PC_IgG__SMOC1__UC_vs_HC,0.0,0.0
PC_IgG__SMIM20__UC_vs_HC,0.0,0.0
PC_IgG__SMIM20__CD_vs_HC,0.0,0.0
PC_IgG__SMG1__UC_vs_HC,0.0,0.0
PC_IgG__SMC4__CD_vs_HC,0.0,0.0
PC_IgG__SMARCB1__UC_vs_HC,0.0,0.0
PC_IgG__SMAP2__UC_vs_HC,0.0,0.0
PC_IgG__SMAP2__CD_vs_HC,0.0,0.0
PC_IgG__SLC52A2__CD_vs_HC,0.0,0.0
PC_IgG__SLC50A1__UC_vs_HC,0.0,0.0
PC_IgG__SLC46A3__UC_vs_HC,0.0,0.0
PC_IgG__SLC3A2__CD_vs_HC,0.0,0.0
PC_IgG__SLC39A11__UC_vs_HC,0.0,0.0
PC_IgG__SLC38A5__UC_vs_HC,0.0,0.0
PC_IgG__STAT4__UC_vs_HC,0.0,0.0
PC_IgG__STAT3__CD_vs_HC,0.0,0.0
PC_IgG__STAT1__UC_vs_CD,0.0,0.0
PC_IgG__STAT1__CD_vs_HC,0.0,0.0
PC_IgG__ST6GAL1__CD_vs_HC,0.0,0.0
PC_IgG__SSSCA1__UC_vs_HC,0.0,0.0
PC_IgG__SSNA1__UC_vs_HC,0.0,0.0
PC_IgG__SSBP2__UC_vs_HC,0.0,0.0
PC_IgG__SRSF7__UC_vs_HC,0.0,0.0
PC_IgG__SRGN__UC_vs_HC,0.0,0.0
PC_IgG__SRA1__UC_vs_HC,0.0,0.0
PC_IgG__SPINT2__UC_vs_HC,0.0,0.0
PC_IgG__SPINK2__UC_vs_HC,0.0,0.0
PC_IgG__SPINK2__CD_vs_HC,0.0,0.0
PC_IgG__SPECC1__UC_vs_HC,0.0,0.0
PC_IgG__SPCS3__UC_vs_HC,0.0,0.0
PC_IgG__THG1L__UC_vs_HC,0.0,0.0
PC_IgG__TFF3__UC_vs_CD,0.0,0.0
PC_IgG__TFEC__UC_vs_HC,0.0,0.0
PC_IgG__TENT4A__UC_vs_CD,0.0,0.0
PC_IgG__TECR__UC_vs_HC,0.0,0.0
PC_IgG__TC2N__UC_vs_HC,0.0,0.0
PC_IgG__TBXAS1__UC_vs_HC,0.0,0.0
PC_IgG__TBXAS1__UC_vs_CD,0.0,0.0
PC_IgG__TAGLN2__UC_vs_HC,0.0,0.0
PC_IgG__TAGLN2__CD_vs_HC,0.0,0.0
PC_IgG__TAF1A__UC_vs_HC,0.0,0.0
PC_IgG__SYTL3__UC_vs_HC,0.0,0.0
PC_IgG__SYT1__UC_vs_HC,0.0,0.0
PC_IgG__SYPL1__UC_vs_HC,0.0,0.0
PC_IgG__SYNGR2__UC_vs_HC,0.0,0.0
PC_IgG__STMP1__UC_vs_HC,0.0,0.0
PC_IgG__TOP1__CD_vs_HC,0.0,0.0
PC_IgG__TNFRSF18__UC_vs_HC,0.0,0.0
PC_IgG__TNFRSF13B__UC_vs_HC,0.0,0.0
PC_IgG__TNFRSF13B__CD_vs_HC,0.0,0.0
PC_IgG__TNFAIP3__UC_vs_HC,0.0,0.0
PC_IgG__TMEM70__CD_vs_HC,0.0,0.0
PC_IgG__TMEM208__UC_vs_HC,0.0,0.0
PC_IgG__TMBIM6__UC_vs_HC,0.0,0.0
PC_IgG__TMBIM6__UC_vs_CD,0.0,0.0
PC_IgG__TIMP1__UC_vs_HC,0.0,0.0
PC_IgG__TIMP1__CD_vs_HC,0.0,0.0
PC_IgG__TIMM8B__UC_vs_HC,0.0,0.0
PC_IgG__TIAM2__UC_vs_HC,0.0,0.0
PC_IgG__TIAM2__CD_vs_HC,0.0,0.0
PC_IgG__TIAM1__UC_vs_HC,0.0,0.0
PC_IgG__THUMPD3-AS1__UC_vs_HC,0.0,0.0
PC_IgG__UBE2B__CD_vs_HC,0.0,0.0
PC_IgG__UBA5__CD_vs_HC,0.0,0.0
PC_IgG__TYW3__UC_vs_CD,0.0,0.0
PC_IgG__TXNDC17__UC_vs_HC,0.0,0.0
PC_IgG__TUBB2A__UC_vs_HC,0.0,0.0
PC_IgG__TUBA1A__UC_vs_HC,0.0,0.0
PC_IgG__TTLL7__UC_vs_HC,0.0,0.0
PC_IgG__TSPYL2__UC_vs_HC,0.0,0.0
PC_IgG__TSPYL1__UC_vs_HC,0.0,0.0
PC_IgG__TRPV3__UC_vs_HC,0.0,0.0
PC_IgG__TRIM33__UC_vs_HC,0.0,0.0
PC_IgG__TRAF1__UC_vs_HC,0.0,0.0
PC_IgG__TPPP__UC_vs_HC,0.0,0.0
PC_IgG__TPM2__UC_vs_HC,0.0,0.0
PC_IgG__TP53INP1__UC_vs_HC,0.0,0.0
PC_IgG__TP53INP1__CD_vs_HC,0.0,0.0
CD4__AC020916.1__CD_vs_HC,0.0,0.0
PC_IgG__ZNF706__UC_vs_HC,0.0,0.0
PC_IgG__ZNF706__CD_vs_HC,0.0,0.0
PC_IgG__ZNF593__CD_vs_HC,0.0,0.0
PC_IgG__ZNF394__UC_vs_HC,0.0,0.0
PC_IgG__ZNF331__UC_vs_HC,0.0,0.0
PC_IgG__ZMAT1__UC_vs_HC,0.0,0.0
PC_IgG__ZG16__UC_vs_HC,0.0,0.0
PC_IgG__ZFAS1__UC_vs_HC,0.0,0.0
PC_IgG__ZFAS1__CD_vs_HC,0.0,0.0
PC_IgG__ZDBF2__UC_vs_HC,0.0,0.0
PC_IgG__ZBTB1__UC_vs_CD,0.0,0.0
PC_IgG__ZBTB10__UC_vs_HC,0.0,0.0
PC_IgG__Z93241.1__UC_vs_HC,0.0,0.0
PC_IgG__XPC__UC_vs_HC,0.0,0.0
PC_IgG__XBP1__CD_vs_HC,0.0,0.0
CD4__ADTRP__UC_vs_HC,0.0,0.0
CD4__ADTRP__CD_vs_HC,0.0,0.0
CD4__ADPRHL2__CD_vs_HC,0.0,0.0
CD4__ADGRE5__UC_vs_HC,0.0,0.0
CD4__ADAM19__UC_vs_HC,0.0,0.0
CD4__ADAM19__CD_vs_HC,0.0,0.0
CD4__ADAM12__UC_vs_HC,0.0,0.0
CD4__ADAM12__CD_vs_HC,0.0,0.0
CD4__ACP6__UC_vs_HC,0.0,0.0
CD4__ACP5__UC_vs_HC,0.0,0.0
CD4__AC245297.3__UC_vs_HC,0.0,0.0
CD4__AC108463.3__UC_vs_HC,0.0,0.0
CD4__AC103724.4__UC_vs_HC,0.0,0.0
CD4__AC068491.3__UC_vs_HC,0.0,0.0
CD4__AC025171.3__UC_vs_HC,0.0,0.0
CD4__AC020916.1__UC_vs_HC,0.0,0.0
