gene,baseMean,log2FoldChange,lfcSE,stat,pvalue,padj,cell_type,comparison
AL669831.5,0.39925,0.9242,2.284,0.40464,0.68574,0.99553,N1,UC_vs_CD
LINC00115,0.035259,0.57985,4.1749,0.13889,0.88954,0.99553,N1,UC_vs_CD
FAM41C,0.0738,0.29634,4.1055,0.072182,0.94246,0.99553,N1,UC_vs_CD
NOC2L,1.2211,2.3008,1.5652,1.47,0.14157,0.99553,N1,UC_vs_CD
AL645608.8,0.64133,-1.9036,2.4229,-0.78564,0.43208,0.99553,N1,UC_vs_CD
HES4,1.438,-3.9749,1.9021,-2.0897,0.036642,0.99553,N1,UC_vs_CD
ISG15,16.884,-1.2814,1.0018,-1.2791,0.20085,0.99553,N1,UC_vs_CD
AGRN,0.11463,0.076876,4.1956,0.018323,0.98538,0.99553,N1,UC_vs_CD
C1orf159,0.035259,0.57985,4.1749,0.13889,0.88954,0.99553,N1,UC_vs_CD
AL390719.2,0.11463,0.076876,4.1956,0.018323,0.98538,0.99553,N1,UC_vs_CD
TNFRSF18,0.035259,0.57985,4.1749,0.13889,0.88954,0.99553,N1,UC_vs_CD
TNFRSF4,0.30371,2.096,4.2116,0.49768,0.61871,0.99553,N1,UC_vs_CD
SDF4,0.75664,-1.1599,1.8487,-0.62738,0.53041,0.99553,N1,UC_vs_CD
B3GALT6,0.16001,1.7355,4.296,0.40399,0.68622,0.99553,N1,UC_vs_CD
UBE2J2,0.78035,-0.26648,1.5451,-0.17247,0.86307,0.99553,N1,UC_vs_CD
ACAP3,0.10906,-0.1236,2.6028,-0.047487,0.96213,0.99553,N1,UC_vs_CD
PUSL1,0.11463,0.076876,4.1956,0.018323,0.98538,0.99553,N1,UC_vs_CD
INTS11,0.66687,1.9565,1.8699,1.0463,0.29543,0.99553,N1,UC_vs_CD
CPTP,0.15185,1.7355,4.296,0.40399,0.68622,0.99553,N1,UC_vs_CD
TAS1R3,0.11463,0.076876,4.1956,0.018323,0.98538,0.99553,N1,UC_vs_CD
DVL1,0.15185,1.7355,4.296,0.40399,0.68622,0.99553,N1,UC_vs_CD
AURKAIP1,3.8208,-0.83248,1.0985,-0.75782,0.44856,0.99553,N1,UC_vs_CD
CCNL2,0.69217,-0.86798,1.6273,-0.53338,0.59377,0.99553,N1,UC_vs_CD
MRPL20,2.5319,-0.27407,1.02,-0.2687,0.78816,0.99553,N1,UC_vs_CD
VWA1,0.11463,0.076876,4.1956,0.018323,0.98538,0.99553,N1,UC_vs_CD
ATAD3B,0.0738,0.29634,4.1055,0.072182,0.94246,0.99553,N1,UC_vs_CD
SSU72,4.3675,0.3482,0.66577,0.52299,0.60098,0.99553,N1,UC_vs_CD
AL645728.1,0.26091,0.25946,2.237,0.11598,0.90767,0.99553,N1,UC_vs_CD
AL691432.2,0.0738,0.29634,4.1055,0.072182,0.94246,0.99553,N1,UC_vs_CD
MIB2,0.24284,0.79513,3.6848,0.21578,0.82916,0.99553,N1,UC_vs_CD
CDK11B,0.74821,3.5642,2.3326,1.528,0.12652,0.99553,N1,UC_vs_CD
SLC35E2B,0.46815,2.6288,3.7763,0.69614,0.48634,0.99553,N1,UC_vs_CD
CDK11A,1.106,-0.74249,1.2717,-0.58388,0.5593,0.99553,N1,UC_vs_CD
SLC35E2A,0.0738,0.29634,4.1055,0.072182,0.94246,0.99553,N1,UC_vs_CD
NADK,6.2015,-0.17028,0.7854,-0.2168,0.82836,0.99553,N1,UC_vs_CD
GNB1,8.3743,0.16444,0.58152,0.28277,0.77735,0.99553,N1,UC_vs_CD
AL590822.2,0.16001,1.7355,4.296,0.40399,0.68622,0.99553,N1,UC_vs_CD
FAAP20,0.41685,-0.29032,1.7291,-0.1679,0.86666,0.99553,N1,UC_vs_CD
SKI,1.2471,1.7583,1.5629,1.125,0.2606,0.99553,N1,UC_vs_CD
RER1,2.289,-0.59306,1.0391,-0.57073,0.56819,0.99553,N1,UC_vs_CD
PEX10,0.11463,0.076876,4.1956,0.018323,0.98538,0.99553,N1,UC_vs_CD
AL139246.5,4.9266,-2.9011,1.3542,-2.1424,0.032162,0.99553,N1,UC_vs_CD
TNFRSF14-AS1,1.1039,0.15802,1.8332,0.086198,0.93131,0.99553,N1,UC_vs_CD
TNFRSF14,4.2641,-0.63064,0.69221,-0.91105,0.36227,0.99553,N1,UC_vs_CD
AL139246.3,0.035259,0.57985,4.1749,0.13889,0.88954,0.99553,N1,UC_vs_CD
FAM213B,0.33631,-0.21731,3.8449,-0.056519,0.95493,0.99553,N1,UC_vs_CD
TPRG1L,0.14988,-0.59457,2.8782,-0.20658,0.83634,0.99553,N1,UC_vs_CD
WRAP73,0.15185,1.7355,4.296,0.40399,0.68622,0.99553,N1,UC_vs_CD
SMIM1,0.24284,0.79513,3.6848,0.21578,0.82916,0.99553,N1,UC_vs_CD
CEP104,0.16001,1.7355,4.296,0.40399,0.68622,0.99553,N1,UC_vs_CD
DFFB,0.16001,1.7355,4.296,0.40399,0.68622,0.99553,N1,UC_vs_CD
C1orf174,0.16526,1.7355,4.296,0.40399,0.68622,0.99553,N1,UC_vs_CD
NPHP4,0.19527,0.95987,3.1507,0.30465,0.76063,0.99553,N1,UC_vs_CD
KCNAB2,1.1108,-1.6908,1.9559,-0.86446,0.38734,0.99553,N1,UC_vs_CD
RPL22,25.915,1.5377,0.83186,1.8485,0.064533,0.99553,N1,UC_vs_CD
HES2,0.16526,1.7355,4.296,0.40399,0.68622,0.99553,N1,UC_vs_CD
NOL9,0.38193,1.2016,3.5543,0.33806,0.73532,0.99553,N1,UC_vs_CD
ZBTB48,0.11463,0.076876,4.1956,0.018323,0.98538,0.99553,N1,UC_vs_CD
KLHL21,3.8881,-1.2451,0.85928,-1.449,0.14734,0.99553,N1,UC_vs_CD
PHF13,0.21484,-0.8033,2.5625,-0.31348,0.75392,0.99553,N1,UC_vs_CD
THAP3,0.12821,2.147,4.3394,0.49477,0.62076,0.99553,N1,UC_vs_CD
DNAJC11,0.16001,1.7355,4.296,0.40399,0.68622,0.99553,N1,UC_vs_CD
CAMTA1,1.3208,-0.54905,1.3077,-0.41986,0.67459,0.99553,N1,UC_vs_CD
VAMP3,2.2277,-0.4432,1.1102,-0.39919,0.68975,0.99553,N1,UC_vs_CD
PER3,0.035259,0.57985,4.1749,0.13889,0.88954,0.99553,N1,UC_vs_CD
UTS2,0.12821,2.147,4.3394,0.49477,0.62076,0.99553,N1,UC_vs_CD
TNFRSF9,0.29289,-0.022493,3.7788,-0.0059525,0.99525,0.99979,N1,UC_vs_CD
PARK7,5.1411,1.0736,1.0748,0.9989,0.31784,0.99553,N1,UC_vs_CD
ERRFI1,0.29347,2.529,3.3068,0.76479,0.4444,0.99553,N1,UC_vs_CD
RERE,1.9074,-0.45994,1.105,-0.41622,0.67725,0.99553,N1,UC_vs_CD
ENO1,11.363,0.61903,0.66738,0.92756,0.35364,0.99553,N1,UC_vs_CD
ENO1-AS1,0.14432,-0.42113,2.4698,-0.17051,0.86461,0.99553,N1,UC_vs_CD
H6PD,0.64716,0.7845,2.071,0.37881,0.70483,0.99553,N1,UC_vs_CD
SLC25A33,0.74026,-2.1777,1.649,-1.3206,0.18664,0.99553,N1,UC_vs_CD
PIK3CD,2.3809,0.59893,1.6413,0.36491,0.71518,0.99553,N1,UC_vs_CD
CLSTN1,0.11463,0.076876,4.1956,0.018323,0.98538,0.99553,N1,UC_vs_CD
LZIC,0.4529,0.21782,2.5441,0.085619,0.93177,0.99553,N1,UC_vs_CD
NMNAT1,0.25642,2.6071,4.3292,0.60222,0.54703,0.99553,N1,UC_vs_CD
RBP7,2.8539,-0.50677,1.4393,-0.35209,0.72477,0.99553,N1,UC_vs_CD
UBE4B,0.99889,2.43,1.5111,1.6081,0.10781,0.99553,N1,UC_vs_CD
KIF1B,2.8902,0.91039,1.4469,0.62921,0.52921,0.99553,N1,UC_vs_CD
PGD,2.0231,-0.28358,1.0645,-0.26639,0.78994,0.99553,N1,UC_vs_CD
CENPS,0.43433,0.64014,1.946,0.32895,0.74219,0.99553,N1,UC_vs_CD
PEX14,0.0738,0.29634,4.1055,0.072182,0.94246,0.99553,N1,UC_vs_CD
C1orf127,0.035259,0.57985,4.1749,0.13889,0.88954,0.99553,N1,UC_vs_CD
TARDBP,1.0896,1.5539,1.7105,0.90849,0.36362,0.99553,N1,UC_vs_CD
SRM,0.80942,-0.41085,2.2158,-0.18542,0.8529,0.99553,N1,UC_vs_CD
EXOSC10,0.12821,2.147,4.3394,0.49477,0.62076,0.99553,N1,UC_vs_CD
MTOR,0.62436,0.40803,2.6911,0.15162,0.87948,0.99553,N1,UC_vs_CD
UBIAD1,0.36578,1.3487,3.6973,0.36478,0.71527,0.99553,N1,UC_vs_CD
FBXO6,0.67032,-0.73127,2.0419,-0.35813,0.72024,0.99553,N1,UC_vs_CD
MAD2L2,0.31286,-0.0019167,3.8616,-0.00049634,0.9996,0.99979,N1,UC_vs_CD
AGTRAP,3.9394,0.88151,1.0503,0.8393,0.4013,0.99553,N1,UC_vs_CD
MTHFR,1.4325,1.1037,1.6894,0.65328,0.51358,0.99553,N1,UC_vs_CD
CLCN6,0.14988,-0.59457,2.8782,-0.20658,0.83634,0.99553,N1,UC_vs_CD
KIAA2013,1.0573,0.71309,1.3285,0.53675,0.59144,0.99553,N1,UC_vs_CD
PLOD1,0.29347,2.529,3.3068,0.76479,0.4444,0.99553,N1,UC_vs_CD
MFN2,1.0346,-0.54414,2.0289,-0.26819,0.78855,0.99553,N1,UC_vs_CD
MIIP,0.64087,-0.8675,1.7867,-0.48553,0.6273,0.99553,N1,UC_vs_CD
TNFRSF8,0.32873,1.7502,2.311,0.75734,0.44885,0.99553,N1,UC_vs_CD
TNFRSF1B,21.929,-0.4568,0.55438,-0.82398,0.40995,0.99553,N1,UC_vs_CD
VPS13D,0.77133,-0.46848,1.4092,-0.33243,0.73956,0.99553,N1,UC_vs_CD
PDPN,0.035259,0.57985,4.1749,0.13889,0.88954,0.99553,N1,UC_vs_CD
PRDM2,3.843,0.10009,0.7498,0.13349,0.89381,0.99553,N1,UC_vs_CD
KAZN,1.189,0.86794,1.3223,0.65639,0.51157,0.99553,N1,UC_vs_CD
EFHD2,13.014,-0.75054,0.81401,-0.92203,0.35651,0.99553,N1,UC_vs_CD
CASP9,0.23906,0.79839,3.5646,0.22398,0.82277,0.99553,N1,UC_vs_CD
DNAJC16,0.19527,0.95987,3.1507,0.30465,0.76063,0.99553,N1,UC_vs_CD
DDI2,0.58225,-0.57576,2.673,-0.2154,0.82946,0.99553,N1,UC_vs_CD
PLEKHM2,0.90224,-1.7732,1.5526,-1.142,0.25344,0.99553,N1,UC_vs_CD
SLC25A34,0.035259,0.57985,4.1749,0.13889,0.88954,0.99553,N1,UC_vs_CD
FBLIM1,0.32003,2.1244,4.2058,0.50511,0.61349,0.99553,N1,UC_vs_CD
AL450998.2,0.22565,0.79989,3.5133,0.22768,0.8199,0.99553,N1,UC_vs_CD
SPEN,2.3162,1.6777,1.4129,1.1874,0.23505,0.99553,N1,UC_vs_CD
ZBTB17,0.30813,2.1491,4.3393,0.49527,0.62041,0.99553,N1,UC_vs_CD
EPHA2,0.0738,0.29634,4.1055,0.072182,0.94246,0.99553,N1,UC_vs_CD
FBXO42,0.45718,-0.74619,2.191,-0.34056,0.73343,0.99553,N1,UC_vs_CD
SZRD1,1.2935,-0.22277,1.7846,-0.12483,0.90065,0.99553,N1,UC_vs_CD
NECAP2,1.0092,0.16501,2.0122,0.082006,0.93464,0.99553,N1,UC_vs_CD
AL137802.2,0.035259,0.57985,4.1749,0.13889,0.88954,0.99553,N1,UC_vs_CD
BX284668.5,0.035259,0.57985,4.1749,0.13889,0.88954,0.99553,N1,UC_vs_CD
SDHB,1.8096,0.25609,1.0349,0.24746,0.80455,0.99553,N1,UC_vs_CD
PADI2,2.8009,-0.30985,0.91748,-0.33772,0.73558,0.99553,N1,UC_vs_CD
PADI4,0.76251,-2.1796,1.6743,-1.3018,0.19299,0.99553,N1,UC_vs_CD
RCC2,0.23381,0.79896,3.5449,0.22538,0.82168,0.99553,N1,UC_vs_CD
ARHGEF10L,0.16526,1.7355,4.296,0.40399,0.68622,0.99553,N1,UC_vs_CD
ALDH4A1,0.30813,2.1491,4.3393,0.49527,0.62041,0.99553,N1,UC_vs_CD
IFFO2,0.30813,2.1491,4.3393,0.49527,0.62041,0.99553,N1,UC_vs_CD
UBR4,2.6717,-0.39833,0.97224,-0.40971,0.68202,0.99553,N1,UC_vs_CD
AL035413.1,0.23906,0.79839,3.5646,0.22398,0.82277,0.99553,N1,UC_vs_CD
EMC1,0.035259,0.57985,4.1749,0.13889,0.88954,0.99553,N1,UC_vs_CD
MRTO4,0.6319,2.5623,3.3651,0.76143,0.4464,0.99553,N1,UC_vs_CD
CAPZB,7.263,-0.30284,0.53966,-0.56117,0.57468,0.99553,N1,UC_vs_CD
MINOS1,2.9345,0.32968,0.99543,0.33119,0.7405,0.99553,N1,UC_vs_CD
NBL1,0.0738,0.29634,4.1055,0.072182,0.94246,0.99553,N1,UC_vs_CD
TMCO4,0.47188,2.3759,3.1692,0.74969,0.45344,0.99553,N1,UC_vs_CD
OTUD3,0.16001,1.7355,4.296,0.40399,0.68622,0.99553,N1,UC_vs_CD
PLA2G2A,0.92681,-1.9289,2.5657,-0.75181,0.45216,0.99553,N1,UC_vs_CD
MUL1,0.86722,2.4794,2.2256,1.1141,0.26525,0.99553,N1,UC_vs_CD
CDA,4.8409,0.41386,1.2741,0.32482,0.74532,0.99553,N1,UC_vs_CD
PINK1,0.94268,1.4339,1.4125,1.0151,0.31004,0.99553,N1,UC_vs_CD
DDOST,4.5896,1.7943,1.6046,1.1182,0.26347,0.99553,N1,UC_vs_CD
HP1BP3,2.21,-1.0683,1.1417,-0.93571,0.34942,0.99553,N1,UC_vs_CD
EIF4G3,2.6904,-1.673,1.4601,-1.1459,0.25185,0.99553,N1,UC_vs_CD
ECE1,4.1622,0.24701,1.037,0.2382,0.81172,0.99553,N1,UC_vs_CD
ALPL,9.4873,-0.66176,0.61887,-1.0693,0.28493,0.99553,N1,UC_vs_CD
AL359815.1,0.035259,0.57985,4.1749,0.13889,0.88954,0.99553,N1,UC_vs_CD
USP48,1.4885,-0.15056,1.5502,-0.097127,0.92263,0.99553,N1,UC_vs_CD
HSPG2,0.10906,-0.1236,2.6028,-0.047487,0.96213,0.99553,N1,UC_vs_CD
CDC42,19.294,-0.19182,0.67511,-0.28413,0.77631,0.99553,N1,UC_vs_CD
AL031281.2,0.035259,0.57985,4.1749,0.13889,0.88954,0.99553,N1,UC_vs_CD
C1QA,0.4585,-2.2439,4.6742,-0.48005,0.63119,0.99553,N1,UC_vs_CD
C1QC,0.11463,0.076876,4.1956,0.018323,0.98538,0.99553,N1,UC_vs_CD
C1QB,0.37128,-1.8318,2.2055,-0.83058,0.40621,0.99553,N1,UC_vs_CD
KDM1A,0.23381,0.79896,3.5449,0.22538,0.82168,0.99553,N1,UC_vs_CD
LUZP1,0.8628,1.9616,1.9478,1.0071,0.31388,0.99553,N1,UC_vs_CD
HNRNPR,2.7624,-1.3585,1.7964,-0.75625,0.4495,0.99553,N1,UC_vs_CD
TCEA3,0.16526,1.7355,4.296,0.40399,0.68622,0.99553,N1,UC_vs_CD
ID3,0.47188,2.3759,3.1692,0.74969,0.45344,0.99553,N1,UC_vs_CD
RPL11,74.346,1.5121,0.81715,1.8505,0.064238,0.99553,N1,UC_vs_CD
ELOA,0.54194,1.7047,2.6528,0.64262,0.52047,0.99553,N1,UC_vs_CD
ELOA-AS1,0.035259,0.57985,4.1749,0.13889,0.88954,0.99553,N1,UC_vs_CD
PITHD1,0.43811,0.63858,1.9683,0.32444,0.74561,0.99553,N1,UC_vs_CD
LYPLA2,0.89957,1.8601,1.7743,1.0484,0.29447,0.99553,N1,UC_vs_CD
GALE,0.41896,-0.99016,1.8388,-0.53847,0.59025,0.99553,N1,UC_vs_CD
HMGCL,0.20201,1.0374,3.076,0.33725,0.73593,0.99553,N1,UC_vs_CD
FUCA1,0.035259,0.57985,4.1749,0.13889,0.88954,0.99553,N1,UC_vs_CD
CNR2,0.32528,2.1316,3.0535,0.69809,0.48512,0.99553,N1,UC_vs_CD
PNRC2,2.8983,0.80153,0.89779,0.89278,0.37197,0.99553,N1,UC_vs_CD
SRSF10,2.278,-0.93824,1.1517,-0.81467,0.41526,0.99553,N1,UC_vs_CD
NIPAL3,0.55909,1.5906,2.5913,0.6138,0.53935,0.99553,N1,UC_vs_CD
RCAN3,0.23381,0.79896,3.5449,0.22538,0.82168,0.99553,N1,UC_vs_CD
AL445686.2,0.035259,0.57985,4.1749,0.13889,0.88954,0.99553,N1,UC_vs_CD
SRRM1,5.7672,0.46602,1.037,0.44939,0.65315,0.99553,N1,UC_vs_CD
CLIC4,1.8182,-0.17565,0.99081,-0.17728,0.85929,0.99553,N1,UC_vs_CD
RUNX3,1.2848,3.0749,2.2014,1.3968,0.16247,0.99553,N1,UC_vs_CD
SYF2,4.4641,0.6301,0.67671,0.93113,0.35179,0.99553,N1,UC_vs_CD
RSRP1,7.6768,0.076576,0.56812,0.13479,0.89278,0.99553,N1,UC_vs_CD
TMEM50A,6.3183,-0.017876,0.80103,-0.022316,0.9822,0.99553,N1,UC_vs_CD
MACO1,0.5034,1.9119,2.5157,0.75997,0.44727,0.99553,N1,UC_vs_CD
LDLRAP1,0.46815,2.6288,3.7763,0.69614,0.48634,0.99553,N1,UC_vs_CD
MAN1C1,0.16001,1.7355,4.296,0.40399,0.68622,0.99553,N1,UC_vs_CD
AL031280.1,0.19527,0.95987,3.1507,0.30465,0.76063,0.99553,N1,UC_vs_CD
SELENON,0.0738,0.29634,4.1055,0.072182,0.94246,0.99553,N1,UC_vs_CD
MTFR1L,0.16001,1.7355,4.296,0.40399,0.68622,0.99553,N1,UC_vs_CD
AL033528.2,0.035259,0.57985,4.1749,0.13889,0.88954,0.99553,N1,UC_vs_CD
PAQR7,0.16526,1.7355,4.296,0.40399,0.68622,0.99553,N1,UC_vs_CD
STMN1,1.8641,2.7423,2.6123,1.0498,0.29382,0.99553,N1,UC_vs_CD
PAFAH2,0.14988,-0.59457,2.8782,-0.20658,0.83634,0.99553,N1,UC_vs_CD
PDIK1L,0.14988,-0.59457,2.8782,-0.20658,0.83634,0.99553,N1,UC_vs_CD
ZNF593,0.96667,1.21,2.1771,0.55578,0.57836,0.99553,N1,UC_vs_CD
SH3BGRL3,30.918,0.62096,0.59864,1.0373,0.2996,0.99553,N1,UC_vs_CD
UBXN11,0.12821,2.147,4.3394,0.49477,0.62076,0.99553,N1,UC_vs_CD
CD52,2.0169,2.0235,1.3433,1.5063,0.13198,0.99553,N1,UC_vs_CD
DHDDS,0.95344,3.5161,2.8208,1.2465,0.21259,0.99553,N1,UC_vs_CD
HMGN2,5.1145,0.78365,0.90404,0.86683,0.38603,0.99553,N1,UC_vs_CD
RPS6KA1,2.1784,-0.39713,1.0052,-0.39506,0.6928,0.99553,N1,UC_vs_CD
ARID1A,1.8098,1.6612,1.1909,1.3949,0.16304,0.99553,N1,UC_vs_CD
ZDHHC18,7.4737,-0.41695,0.82323,-0.50648,0.61252,0.99553,N1,UC_vs_CD
SFN,0.18843,-0.92039,3.1557,-0.29166,0.77055,0.99553,N1,UC_vs_CD
GPN2,0.31187,2.1139,3.0197,0.70005,0.48389,0.99553,N1,UC_vs_CD
GPATCH3,0.26648,0.49292,3.2388,0.15219,0.87904,0.99553,N1,UC_vs_CD
NUDC,1.1371,0.81249,1.5093,0.53833,0.59035,0.99553,N1,UC_vs_CD
SLC9A1,0.76905,-0.18803,1.5741,-0.11945,0.90492,0.99553,N1,UC_vs_CD
WDTC1,0.58964,1.0277,1.5974,0.64339,0.51997,0.99553,N1,UC_vs_CD
TMEM222,0.62816,3.0923,3.9964,0.77377,0.43907,0.99553,N1,UC_vs_CD
SYTL1,1.1372,0.68566,2.3833,0.2877,0.77358,0.99553,N1,UC_vs_CD
MAP3K6,0.12821,2.147,4.3394,0.49477,0.62076,0.99553,N1,UC_vs_CD
WASF2,2.8666,0.37753,1.1181,0.33765,0.73563,0.99553,N1,UC_vs_CD
BX293535.1,0.035259,0.57985,4.1749,0.13889,0.88954,0.99553,N1,UC_vs_CD
FGR,8.0571,0.4653,0.5503,0.84552,0.39782,0.99553,N1,UC_vs_CD
IFI6,1.8816,-2.8039,1.4214,-1.9727,0.048535,0.99553,N1,UC_vs_CD
STX12,3.2942,-0.43145,0.80325,-0.53713,0.59118,0.99553,N1,UC_vs_CD
PPP1R8,0.18843,-0.92039,3.1557,-0.29166,0.77055,0.99553,N1,UC_vs_CD
THEMIS2,6.2449,-0.18076,0.70188,-0.25754,0.79676,0.99553,N1,UC_vs_CD
RPA2,1.1568,-1.3193,1.4804,-0.89119,0.37283,0.99553,N1,UC_vs_CD
SMPDL3B,0.0738,0.29634,4.1055,0.072182,0.94246,0.99553,N1,UC_vs_CD
XKR8,0.12821,2.147,4.3394,0.49477,0.62076,0.99553,N1,UC_vs_CD
EYA3,0.72722,-1.253,2.7493,-0.45574,0.64858,0.99553,N1,UC_vs_CD
PTAFR,13.551,-0.10839,0.61125,-0.17732,0.85925,0.99553,N1,UC_vs_CD
DNAJC8,6.6684,0.06452,0.91858,0.070239,0.944,0.99553,N1,UC_vs_CD
ATP5IF1,3.8495,0.58255,0.798,0.73001,0.46538,0.99553,N1,UC_vs_CD
AL353622.1,0.41719,0.83692,2.2009,0.38025,0.70376,0.99553,N1,UC_vs_CD
AL353622.2,0.11463,0.076876,4.1956,0.018323,0.98538,0.99553,N1,UC_vs_CD
SESN2,0.97531,1.0076,1.3459,0.74863,0.45408,0.99553,N1,UC_vs_CD
MED18,0.41719,0.83692,2.2009,0.38025,0.70376,0.99553,N1,UC_vs_CD
PHACTR4,0.70721,2.1674,2.1901,0.98964,0.32235,0.99553,N1,UC_vs_CD
RCC1,0.30813,2.1491,4.3393,0.49527,0.62041,0.99553,N1,UC_vs_CD
TRNAU1AP,1.7176,2.0085,1.3844,1.4508,0.14683,0.99553,N1,UC_vs_CD
SNHG12,0.93213,3.849,2.8988,1.3278,0.18424,0.99553,N1,UC_vs_CD
TAF12,2.3668,0.60677,1.7465,0.34743,0.72827,0.99553,N1,UC_vs_CD
GMEB1,1.3974,-1.5008,1.3869,-1.0821,0.2792,0.99553,N1,UC_vs_CD
YTHDF2,1.0762,0.51737,1.4029,0.36878,0.71229,0.99553,N1,UC_vs_CD
EPB41,1.9544,-0.50297,0.96763,-0.51979,0.60321,0.99553,N1,UC_vs_CD
SRSF4,3.3808,2.4847,1.0234,2.4279,0.015186,0.99553,N1,UC_vs_CD
MECR,0.30813,2.1491,4.3393,0.49527,0.62041,0.99553,N1,UC_vs_CD
LAPTM5,35.338,0.084123,0.47206,0.17821,0.85856,0.99553,N1,UC_vs_CD
PUM1,1.612,0.86256,1.1076,0.77874,0.43614,0.99553,N1,UC_vs_CD
SNRNP40,0.78817,3.3923,4.1117,0.82504,0.40935,0.99553,N1,UC_vs_CD
ZCCHC17,0.23381,0.79896,3.5449,0.22538,0.82168,0.99553,N1,UC_vs_CD
PEF1,1.0739,-0.38099,1.2481,-0.30525,0.76017,0.99553,N1,UC_vs_CD
COL16A1,0.30813,2.1491,4.3393,0.49527,0.62041,0.99553,N1,UC_vs_CD
PTP4A2,7.4068,1.5429,0.64286,2.4001,0.01639,0.99553,N1,UC_vs_CD
KHDRBS1,1.7451,-2.5389,1.6571,-1.5321,0.12549,0.99553,N1,UC_vs_CD
KPNA6,0.77887,0.74907,1.6249,0.46099,0.6448,0.99553,N1,UC_vs_CD
TXLNA,1.1218,1.6522,1.9153,0.86264,0.38834,0.99553,N1,UC_vs_CD
TMEM234,0.16001,1.7355,4.296,0.40399,0.68622,0.99553,N1,UC_vs_CD
EIF3I,3.0178,0.88297,1.3556,0.65137,0.51481,0.99553,N1,UC_vs_CD
LCK,0.31187,2.1139,3.0197,0.70005,0.48389,0.99553,N1,UC_vs_CD
HDAC1,0.54667,-0.18575,2.7879,-0.066628,0.94688,0.99553,N1,UC_vs_CD
MARCKSL1,1.5314,1.202,1.2175,0.98729,0.3235,0.99553,N1,UC_vs_CD
BSDC1,1.4796,1.323,1.288,1.0272,0.30434,0.99553,N1,UC_vs_CD
ZBTB8A,0.11463,0.076876,4.1956,0.018323,0.98538,0.99553,N1,UC_vs_CD
ZBTB8OS,5.0795,1.6735,1.3235,1.2644,0.20608,0.99553,N1,UC_vs_CD
RBBP4,1.9171,1.9339,1.377,1.4044,0.1602,0.99553,N1,UC_vs_CD
SYNC,0.30813,2.1491,4.3393,0.49527,0.62041,0.99553,N1,UC_vs_CD
KIAA1522,0.11463,0.076876,4.1956,0.018323,0.98538,0.99553,N1,UC_vs_CD
YARS,0.83684,-0.75523,2.1728,-0.34758,0.72816,0.99553,N1,UC_vs_CD
S100PBP,1.0847,1.8923,1.7897,1.0574,0.29035,0.99553,N1,UC_vs_CD
TMEM54,0.25894,-1.4133,2.0923,-0.67547,0.49937,0.99553,N1,UC_vs_CD
RNF19B,19.913,-0.94881,0.76058,-1.2475,0.21222,0.99553,N1,UC_vs_CD
AK2,2.8161,-0.3726,0.83382,-0.44687,0.65497,0.99553,N1,UC_vs_CD
AZIN2,0.14988,-0.59457,2.8782,-0.20658,0.83634,0.99553,N1,UC_vs_CD
PHC2,1.0019,-0.013115,1.3842,-0.0094746,0.99244,0.99923,N1,UC_vs_CD
SMIM12,0.89778,1.689,1.461,1.156,0.24768,0.99553,N1,UC_vs_CD
DLGAP3,0.11463,0.076876,4.1956,0.018323,0.98538,0.99553,N1,UC_vs_CD
AC114490.3,0.16001,1.7355,4.296,0.40399,0.68622,0.99553,N1,UC_vs_CD
ZMYM6,0.070518,0.17302,4.0786,0.042422,0.96616,0.99553,N1,UC_vs_CD
ZMYM1,0.0738,0.29634,4.1055,0.072182,0.94246,0.99553,N1,UC_vs_CD
SFPQ,8.4842,0.78417,0.68166,1.1504,0.24998,0.99553,N1,UC_vs_CD
ZMYM4,0.24284,0.79513,3.6848,0.21578,0.82916,0.99553,N1,UC_vs_CD
KIAA0319L,1.5214,0.21209,1.2761,0.1662,0.868,0.99553,N1,UC_vs_CD
NCDN,0.31187,2.1139,3.0197,0.70005,0.48389,0.99553,N1,UC_vs_CD
PSMB2,3.6662,0.61671,1.0413,0.59224,0.55369,0.99553,N1,UC_vs_CD
CLSPN,0.32003,2.1244,4.2058,0.50511,0.61349,0.99553,N1,UC_vs_CD
AGO4,0.84841,-1.5551,1.6512,-0.94183,0.34628,0.99553,N1,UC_vs_CD
AGO1,0.58767,-0.39221,1.5668,-0.25032,0.80234,0.99553,N1,UC_vs_CD
AGO3,2.1986,0.55471,0.98342,0.56406,0.57272,0.99553,N1,UC_vs_CD
ADPRHL2,0.035259,0.57985,4.1749,0.13889,0.88954,0.99553,N1,UC_vs_CD
TRAPPC3,0.65118,0.70131,1.5876,0.44175,0.65867,0.99553,N1,UC_vs_CD
MAP7D1,1.6309,-1.5171,1.5682,-0.96739,0.33335,0.99553,N1,UC_vs_CD
THRAP3,3.9661,-0.88893,0.76065,-1.1687,0.24254,0.99553,N1,UC_vs_CD
SH3D21,0.14104,-0.3956,3.9761,-0.099493,0.92075,0.99553,N1,UC_vs_CD
EVA1B,0.34961,0.013401,3.4172,0.0039216,0.99687,0.99979,N1,UC_vs_CD
AL591845.1,0.12821,2.147,4.3394,0.49477,0.62076,0.99553,N1,UC_vs_CD
STK40,3.0384,0.87075,0.82229,1.0589,0.28963,0.99553,N1,UC_vs_CD
LSM10,1.587,0.69158,1.0777,0.64171,0.52106,0.99553,N1,UC_vs_CD
MRPS15,0.63814,0.47248,2.7608,0.17114,0.86412,0.99553,N1,UC_vs_CD
CSF3R,73.329,-0.89665,0.46571,-1.9253,0.054187,0.99553,N1,UC_vs_CD
ZC3H12A,6.865,0.0071042,0.89924,0.0079003,0.9937,0.99979,N1,UC_vs_CD
MEAF6,0.89792,0.2929,1.7221,0.17008,0.86495,0.99553,N1,UC_vs_CD
SNIP1,0.5772,1.2284,1.9793,0.62065,0.53483,0.99553,N1,UC_vs_CD
GNL2,0.4996,0.00091972,2.4759,0.00037147,0.9997,0.99979,N1,UC_vs_CD
CDCA8,0.12821,2.147,4.3394,0.49477,0.62076,0.99553,N1,UC_vs_CD
YRDC,0.27432,0.25917,2.2534,0.11501,0.90844,0.99553,N1,UC_vs_CD
C1orf122,0.90535,0.55607,1.6113,0.34511,0.73001,0.99553,N1,UC_vs_CD
MTF1,4.3732,-0.13482,0.95642,-0.14097,0.8879,0.99553,N1,UC_vs_CD
INPP5B,0.035259,0.57985,4.1749,0.13889,0.88954,0.99553,N1,UC_vs_CD
SF3A3,0.82816,0.37399,2.0867,0.17923,0.85776,0.99553,N1,UC_vs_CD
FHL3,0.33022,1.4389,3.3039,0.43552,0.66319,0.99553,N1,UC_vs_CD
UTP11,1.6333,-2.6591,1.4488,-1.8354,0.066451,0.99553,N1,UC_vs_CD
RRAGC,8.0732,-0.98443,0.83226,-1.1828,0.23687,0.99553,N1,UC_vs_CD
AL139260.1,0.14432,-0.42113,2.4698,-0.17051,0.86461,0.99553,N1,UC_vs_CD
MYCBP,0.38338,-0.43735,2.1169,-0.2066,0.83632,0.99553,N1,UC_vs_CD
AKIRIN1,3.9612,1.1171,0.85385,1.3083,0.19077,0.99553,N1,UC_vs_CD
NDUFS5,6.1889,1.8241,1.0422,1.7502,0.080091,0.99553,N1,UC_vs_CD
MACF1,2.8814,0.82584,0.85773,0.96282,0.33564,0.99553,N1,UC_vs_CD
BMP8A,0.16001,1.7355,4.296,0.40399,0.68622,0.99553,N1,UC_vs_CD
PABPC4,1.4534,1.7271,1.4661,1.178,0.23879,0.99553,N1,UC_vs_CD
PPIE,1.0963,4.1541,4.1333,1.005,0.31487,0.99553,N1,UC_vs_CD
BMP8B,0.77628,3.5839,4.1642,0.86066,0.38943,0.99553,N1,UC_vs_CD
OXCT2,0.16001,1.7355,4.296,0.40399,0.68622,0.99553,N1,UC_vs_CD
MFSD2A,0.83918,2.7012,2.8987,0.93186,0.35141,0.99553,N1,UC_vs_CD
CAP1,21.466,0.030929,0.37954,0.08149,0.93505,0.99553,N1,UC_vs_CD
PPT1,4.2422,-1.1855,0.79707,-1.4873,0.13693,0.99553,N1,UC_vs_CD
RLF,5.2971,-0.73174,0.71113,-1.029,0.30349,0.99553,N1,UC_vs_CD
AL050341.2,0.16001,1.7355,4.296,0.40399,0.68622,0.99553,N1,UC_vs_CD
ZMPSTE24,0.61948,0.46812,2.7396,0.17087,0.86433,0.99553,N1,UC_vs_CD
COL9A2,0.20052,0.9601,3.1736,0.30253,0.76225,0.99553,N1,UC_vs_CD
SMAP2,7.0949,-0.028319,0.91408,-0.030981,0.97528,0.99553,N1,UC_vs_CD
EXO5,0.16001,1.7355,4.296,0.40399,0.68622,0.99553,N1,UC_vs_CD
ZNF684,0.0738,0.29634,4.1055,0.072182,0.94246,0.99553,N1,UC_vs_CD
NFYC-AS1,0.11463,0.076876,4.1956,0.018323,0.98538,0.99553,N1,UC_vs_CD
NFYC,1.0011,0.55591,1.8994,0.29267,0.76977,0.99553,N1,UC_vs_CD
CTPS1,0.035259,0.57985,4.1749,0.13889,0.88954,0.99553,N1,UC_vs_CD
HIVEP3,0.53105,1.592,3.9179,0.40634,0.68449,0.99553,N1,UC_vs_CD
GUCA2A,0.0738,0.29634,4.1055,0.072182,0.94246,0.99553,N1,UC_vs_CD
FOXJ3,0.66519,0.16199,2.5916,0.062507,0.95016,0.99553,N1,UC_vs_CD
PPCS,1.3153,1.3741,1.3214,1.0399,0.29841,0.99553,N1,UC_vs_CD
CCDC30,0.18286,-0.58992,2.6976,-0.21868,0.8269,0.99553,N1,UC_vs_CD
PPIH,0.86722,2.4794,2.2256,1.1141,0.26525,0.99553,N1,UC_vs_CD
YBX1,7.2714,0.43644,0.85357,0.51132,0.60913,0.99553,N1,UC_vs_CD
SVBP,1.0497,-0.33891,1.51,-0.22445,0.82241,0.99553,N1,UC_vs_CD
SLC2A1,0.29617,-0.072261,2.1296,-0.033932,0.97293,0.99553,N1,UC_vs_CD
EBNA1BP2,0.89723,1.9757,2.2443,0.88032,0.37869,0.99553,N1,UC_vs_CD
CDC20,0.11463,0.076876,4.1956,0.018323,0.98538,0.99553,N1,UC_vs_CD
ELOVL1,0.50813,0.088331,1.9249,0.04589,0.9634,0.99553,N1,UC_vs_CD
MED8,0.97714,1.1215,1.4302,0.78416,0.43295,0.99553,N1,UC_vs_CD
HYI,0.22368,-1.1647,2.1972,-0.53008,0.59605,0.99553,N1,UC_vs_CD
ST3GAL3,0.12821,2.147,4.3394,0.49477,0.62076,0.99553,N1,UC_vs_CD
ATP6V0B,23.858,0.30489,0.54723,0.55715,0.57742,0.99553,N1,UC_vs_CD
CCDC24,0.16526,1.7355,4.296,0.40399,0.68622,0.99553,N1,UC_vs_CD
SLC6A9,0.035259,0.57985,4.1749,0.13889,0.88954,0.99553,N1,UC_vs_CD
AL139220.2,0.035259,0.57985,4.1749,0.13889,0.88954,0.99553,N1,UC_vs_CD
DMAP1,0.30813,2.1491,4.3393,0.49527,0.62041,0.99553,N1,UC_vs_CD
ERI3,0.58802,1.3344,2.8117,0.4746,0.63507,0.99553,N1,UC_vs_CD
RNF220,0.32528,2.1316,3.0535,0.69809,0.48512,0.99553,N1,UC_vs_CD
ARMH1,0.0738,0.29634,4.1055,0.072182,0.94246,0.99553,N1,UC_vs_CD
RPS8,81.432,1.1709,0.90732,1.2905,0.19687,0.99553,N1,UC_vs_CD
PLK3,8.9873,0.14847,0.58766,0.25265,0.80054,0.99553,N1,UC_vs_CD
BTBD19,1.0259,-0.48602,1.3763,-0.35314,0.72398,0.99553,N1,UC_vs_CD
PTCH2,0.31733,-1.1069,3.8867,-0.2848,0.7758,0.99553,N1,UC_vs_CD
EIF2B3,0.74803,1.678,2.1874,0.76713,0.443,0.99553,N1,UC_vs_CD
HECTD3,0.16526,1.7355,4.296,0.40399,0.68622,0.99553,N1,UC_vs_CD
UROD,0.72532,1.6782,2.3997,0.69935,0.48434,0.99553,N1,UC_vs_CD
MUTYH,0.23381,0.79896,3.5449,0.22538,0.82168,0.99553,N1,UC_vs_CD
TOE1,0.11463,0.076876,4.1956,0.018323,0.98538,0.99553,N1,UC_vs_CD
TESK2,0.54864,-0.19175,2.4726,-0.077548,0.93819,0.99553,N1,UC_vs_CD
CCDC163,0.11463,0.076876,4.1956,0.018323,0.98538,0.99553,N1,UC_vs_CD
MMACHC,0.0738,0.29634,4.1055,0.072182,0.94246,0.99553,N1,UC_vs_CD
PRDX1,9.3192,0.85668,0.83528,1.0256,0.30507,0.99553,N1,UC_vs_CD
AKR1A1,3.7179,0.80389,1.4429,0.55713,0.57744,0.99553,N1,UC_vs_CD
NASP,1.6851,1.4807,2.3431,0.63194,0.52743,0.99553,N1,UC_vs_CD
GPBP1L1,1.0405,0.73724,1.6927,0.43553,0.66318,0.99553,N1,UC_vs_CD
IPP,0.0738,0.29634,4.1055,0.072182,0.94246,0.99553,N1,UC_vs_CD
MAST2,0.28822,2.5291,3.2881,0.76917,0.44179,0.99553,N1,UC_vs_CD
TSPAN1,0.21812,-0.78126,2.4483,-0.3191,0.74965,0.99553,N1,UC_vs_CD
POMGNT1,0.4108,-0.99013,1.8349,-0.53962,0.58946,0.99553,N1,UC_vs_CD
LRRC41,0.53555,-0.29542,1.6896,-0.17485,0.8612,0.99553,N1,UC_vs_CD
UQCRH,18.178,1.448,1.191,1.2158,0.22405,0.99553,N1,UC_vs_CD
NSUN4,0.0738,0.29634,4.1055,0.072182,0.94246,0.99553,N1,UC_vs_CD
FAAH,0.0738,0.29634,4.1055,0.072182,0.94246,0.99553,N1,UC_vs_CD
MKNK1,3.0164,0.24458,0.96551,0.25332,0.80002,0.99553,N1,UC_vs_CD
MOB3C,0.46292,0.5824,1.8314,0.31802,0.75047,0.99553,N1,UC_vs_CD
EFCAB14,1.6113,0.89099,1.6491,0.54029,0.589,0.99553,N1,UC_vs_CD
STIL,0.30813,2.1491,4.3393,0.49527,0.62041,0.99553,N1,UC_vs_CD
CMPK1,0.86051,0.29622,1.5342,0.19307,0.8469,0.99553,N1,UC_vs_CD
SPATA6,0.0738,0.29634,4.1055,0.072182,0.94246,0.99553,N1,UC_vs_CD
FAF1,0.4399,0.91987,2.2834,0.40285,0.68706,0.99553,N1,UC_vs_CD
CDKN2C,0.64351,2.3258,2.6626,0.87352,0.38238,0.99553,N1,UC_vs_CD
RNF11,2.1262,0.036042,1.3007,0.02771,0.97789,0.99553,N1,UC_vs_CD
EPS15,1.7631,-0.76098,1.1288,-0.67415,0.50022,0.99553,N1,UC_vs_CD
AC104170.1,0.16001,1.7355,4.296,0.40399,0.68622,0.99553,N1,UC_vs_CD
OSBPL9,1.7727,0.40773,1.1649,0.35,0.72634,0.99553,N1,UC_vs_CD
NRDC,3.7375,-0.9883,0.82547,-1.1973,0.2312,0.99553,N1,UC_vs_CD
RAB3B,0.035259,0.57985,4.1749,0.13889,0.88954,0.99553,N1,UC_vs_CD
TXNDC12,1.1174,-0.62008,1.5316,-0.40485,0.68559,0.99553,N1,UC_vs_CD
BTF3L4,1.0155,-1.3423,2.8969,-0.46336,0.64311,0.99553,N1,UC_vs_CD
ZFYVE9,0.16001,1.7355,4.296,0.40399,0.68622,0.99553,N1,UC_vs_CD
CC2D1B,0.67765,1.81,1.9638,0.92167,0.3567,0.99553,N1,UC_vs_CD
PRPF38A,1.0795,0.27386,1.3038,0.21005,0.83363,0.99553,N1,UC_vs_CD
TUT4,1.6472,0.038106,1.3799,0.027615,0.97797,0.99553,N1,UC_vs_CD
GPX7,0.30813,2.1491,4.3393,0.49527,0.62041,0.99553,N1,UC_vs_CD
COA7,0.31187,2.1139,3.0197,0.70005,0.48389,0.99553,N1,UC_vs_CD
ZYG11B,0.9329,1.1442,2.1694,0.52745,0.59788,0.99553,N1,UC_vs_CD
ZYG11A,0.16526,1.7355,4.296,0.40399,0.68622,0.99553,N1,UC_vs_CD
ECHDC2,0.11463,0.076876,4.1956,0.018323,0.98538,0.99553,N1,UC_vs_CD
SCP2,0.37325,-0.37825,3.8257,-0.09887,0.92124,0.99553,N1,UC_vs_CD
C1orf123,0.46175,0.24311,1.8984,0.12806,0.8981,0.99553,N1,UC_vs_CD
MAGOH,2.7232,1.0651,1.0004,1.0647,0.28701,0.99553,N1,UC_vs_CD
NDC1,0.30813,2.1491,4.3393,0.49527,0.62041,0.99553,N1,UC_vs_CD
YIPF1,0.4678,0.46607,1.7133,0.27203,0.7856,0.99553,N1,UC_vs_CD
HSPB11,0.4835,2.0946,2.4814,0.84409,0.39862,0.99553,N1,UC_vs_CD
TMEM59,17.956,0.3756,0.62117,0.60467,0.5454,0.99553,N1,UC_vs_CD
TCEANC2,0.46815,2.6288,3.7763,0.69614,0.48634,0.99553,N1,UC_vs_CD
CYB5RL,0.16001,1.7355,4.296,0.40399,0.68622,0.99553,N1,UC_vs_CD
MRPL37,0.11463,0.076876,4.1956,0.018323,0.98538,0.99553,N1,UC_vs_CD
SSBP3,0.87621,1.9663,1.9576,1.0045,0.31516,0.99553,N1,UC_vs_CD
DHCR24,0.16001,1.7355,4.296,0.40399,0.68622,0.99553,N1,UC_vs_CD
USP24,0.22565,0.79989,3.5133,0.22768,0.8199,0.99553,N1,UC_vs_CD
AC119674.1,0.15185,1.7355,4.296,0.40399,0.68622,0.99553,N1,UC_vs_CD
AC119674.2,0.18711,0.95949,3.1139,0.30814,0.75798,0.99553,N1,UC_vs_CD
PLPP3,1.5275,0.80746,2.3932,0.3374,0.73582,0.99553,N1,UC_vs_CD
OMA1,0.4716,2.1161,2.1792,0.97103,0.33153,0.99553,N1,UC_vs_CD
MYSM1,1.2307,0.099674,1.4358,0.069422,0.94465,0.99553,N1,UC_vs_CD
JUN,13.061,-0.47438,0.70036,-0.67734,0.49819,0.99553,N1,UC_vs_CD
FGGY,0.18711,0.95949,3.1139,0.30814,0.75798,0.99553,N1,UC_vs_CD
CYP2J2,0.16001,1.7355,4.296,0.40399,0.68622,0.99553,N1,UC_vs_CD
TM2D1,0.83915,2.4895,1.8577,1.3401,0.18021,0.99553,N1,UC_vs_CD
AC099791.2,0.16001,1.7355,4.296,0.40399,0.68622,0.99553,N1,UC_vs_CD
PATJ,0.15185,1.7355,4.296,0.40399,0.68622,0.99553,N1,UC_vs_CD
L1TD1,0.34339,1.5137,3.3061,0.45785,0.64706,0.99553,N1,UC_vs_CD
USP1,0.91703,1.5429,1.8088,0.85296,0.39368,0.99553,N1,UC_vs_CD
DOCK7,0.15185,1.7355,4.296,0.40399,0.68622,0.99553,N1,UC_vs_CD
ATG4C,0.42276,0.78781,4.0144,0.19624,0.84442,0.99553,N1,UC_vs_CD
FOXD3-AS1,0.0738,0.29634,4.1055,0.072182,0.94246,0.99553,N1,UC_vs_CD
ALG6,0.77973,2.6588,2.2671,1.1728,0.24087,0.99553,N1,UC_vs_CD
ITGB3BP,0.74278,1.7152,2.8794,0.59568,0.55139,0.99553,N1,UC_vs_CD
EFCAB7,0.11463,0.076876,4.1956,0.018323,0.98538,0.99553,N1,UC_vs_CD
PGM1,0.2942,-1.6071,2.0534,-0.78264,0.43384,0.99553,N1,UC_vs_CD
JAK1,7.9288,1.1046,0.57591,1.9179,0.05512,0.99553,N1,UC_vs_CD
AL357078.3,0.035259,0.57985,4.1749,0.13889,0.88954,0.99553,N1,UC_vs_CD
AL357078.1,0.10578,-0.14974,4.0165,-0.037281,0.97026,0.99553,N1,UC_vs_CD
AK4,0.49213,0.041735,2.5253,0.016527,0.98681,0.99556,N1,UC_vs_CD
LEPROT,1.4179,-0.026347,1.1307,-0.023302,0.98141,0.99553,N1,UC_vs_CD
PDE4B,91.975,-1.06,0.64076,-1.6544,0.098053,0.99553,N1,UC_vs_CD
MIER1,3.1883,-0.76508,0.91251,-0.83843,0.40179,0.99553,N1,UC_vs_CD
SLC35D1,0.19527,0.95987,3.1507,0.30465,0.76063,0.99553,N1,UC_vs_CD
SERBP1,3.0752,0.22747,0.83769,0.27154,0.78597,0.99553,N1,UC_vs_CD
GADD45A,0.91745,-1.597,1.5074,-1.0595,0.28938,0.99553,N1,UC_vs_CD
WLS,1.156,0.33524,2.1992,0.15244,0.87884,0.99553,N1,UC_vs_CD
LRRC40,0.0738,0.29634,4.1055,0.072182,0.94246,0.99553,N1,UC_vs_CD
SRSF11,2.2619,0.32823,1.2806,0.2563,0.79772,0.99553,N1,UC_vs_CD
HHLA3,0.16001,1.7355,4.296,0.40399,0.68622,0.99553,N1,UC_vs_CD
CTH,0.55384,1.5712,3.9201,0.40081,0.68856,0.99553,N1,UC_vs_CD
ZRANB2,2.8203,-0.48979,1.261,-0.3884,0.69772,0.99553,N1,UC_vs_CD
CRYZ,0.11463,0.076876,4.1956,0.018323,0.98538,0.99553,N1,UC_vs_CD
TYW3,0.61626,3.1638,4.327,0.73117,0.46468,0.99553,N1,UC_vs_CD
ACADM,1.2831,-0.65554,1.4011,-0.46787,0.63987,0.99553,N1,UC_vs_CD
RABGGTB,0.72633,1.5171,2.0282,0.74798,0.45447,0.99553,N1,UC_vs_CD
ST6GALNAC3,0.18711,0.95949,3.1139,0.30814,0.75798,0.99553,N1,UC_vs_CD
PIGK,0.36054,1.3321,2.322,0.5737,0.56617,0.99553,N1,UC_vs_CD
AC118549.1,0.035259,0.57985,4.1749,0.13889,0.88954,0.99553,N1,UC_vs_CD
USP33,0.51733,1.5811,1.8267,0.86553,0.38675,0.99553,N1,UC_vs_CD
MIGA1,0.43433,0.64014,1.946,0.32895,0.74219,0.99553,N1,UC_vs_CD
NEXN,0.035259,0.57985,4.1749,0.13889,0.88954,0.99553,N1,UC_vs_CD
FUBP1,0.56524,-0.3486,1.737,-0.20069,0.84094,0.99553,N1,UC_vs_CD
DNAJB4,0.4081,1.331,2.5438,0.52322,0.60082,0.99553,N1,UC_vs_CD
AC103591.3,0.5891,0.82201,2.723,0.30187,0.76275,0.99553,N1,UC_vs_CD
IFI44L,1.1601,-1.3016,1.4264,-0.91245,0.36153,0.99553,N1,UC_vs_CD
IFI44,0.61295,-1.607,1.8645,-0.86193,0.38873,0.99553,N1,UC_vs_CD
ADGRL4,0.11463,0.076876,4.1956,0.018323,0.98538,0.99553,N1,UC_vs_CD
LINC01781,0.16001,1.7355,4.296,0.40399,0.68622,0.99553,N1,UC_vs_CD
PRKACB,1.0547,2.094,2.1997,0.95195,0.34112,0.99553,N1,UC_vs_CD
RPF1,0.48004,2.3809,4.1592,0.57243,0.56703,0.99553,N1,UC_vs_CD
GNG5,18.478,-0.60712,0.59874,-1.014,0.31058,0.99553,N1,UC_vs_CD
CTBS,4.2584,-1.1368,0.90462,-1.2566,0.20889,0.99553,N1,UC_vs_CD
SSX2IP,0.16001,1.7355,4.296,0.40399,0.68622,0.99553,N1,UC_vs_CD
C1orf52,1.0446,1.7517,2.0038,0.87416,0.38203,0.99553,N1,UC_vs_CD
BCL10,2.1613,-0.99316,1.1736,-0.84627,0.3974,0.99553,N1,UC_vs_CD
AL078459.1,0.15185,1.7355,4.296,0.40399,0.68622,0.99553,N1,UC_vs_CD
ZNHIT6,0.28822,2.5291,3.2881,0.76917,0.44179,0.99553,N1,UC_vs_CD
COL24A1,0.16001,1.7355,4.296,0.40399,0.68622,0.99553,N1,UC_vs_CD
ODF2L,0.85399,1.8561,1.6317,1.1375,0.25532,0.99553,N1,UC_vs_CD
CLCA1,0.48443,0.53487,3.5375,0.1512,0.87982,0.99553,N1,UC_vs_CD
CLCA4,0.11463,0.076876,4.1956,0.018323,0.98538,0.99553,N1,UC_vs_CD
SH3GLB1,8.103,-1.6946,0.85798,-1.9751,0.048254,0.99553,N1,UC_vs_CD
SELENOF,4.512,0.22009,0.84689,0.25988,0.79495,0.99553,N1,UC_vs_CD
HS2ST1,0.57835,1.1809,2.2558,0.52349,0.60063,0.99553,N1,UC_vs_CD
LMO4,1.8872,0.19287,1.5554,0.124,0.90132,0.99553,N1,UC_vs_CD
PKN2,2.5113,1.2808,0.92377,1.3865,0.16558,0.99553,N1,UC_vs_CD
GTF2B,3.2251,-1.8708,0.92616,-2.0199,0.043393,0.99553,N1,UC_vs_CD
KYAT3,0.60333,0.19552,3.8276,0.051082,0.95926,0.99553,N1,UC_vs_CD
RBMXL1,1.0691,-1.4008,1.3851,-1.0114,0.31183,0.99553,N1,UC_vs_CD
GBP3,2.9779,-3.5558,2.0825,-1.7074,0.087741,0.99553,N1,UC_vs_CD
GBP1,56.009,-2.1892,1.0064,-2.1753,0.02961,0.99553,N1,UC_vs_CD
GBP2,19.876,-0.6722,0.83578,-0.80428,0.42123,0.99553,N1,UC_vs_CD
GBP7,0.16001,1.7355,4.296,0.40399,0.68622,0.99553,N1,UC_vs_CD
GBP4,6.1922,-4.048,1.8759,-2.1579,0.030935,0.99553,N1,UC_vs_CD
GBP5,34.907,-1.8968,1.3964,-1.3584,0.17433,0.99553,N1,UC_vs_CD
GBP6,0.0738,0.29634,4.1055,0.072182,0.94246,0.99553,N1,UC_vs_CD
LRRC8B,0.38912,1.0711,1.8878,0.56736,0.57047,0.99553,N1,UC_vs_CD
LRRC8C,0.61118,-0.98484,2.7957,-0.35227,0.72464,0.99553,N1,UC_vs_CD
ZNF326,0.49213,0.041735,2.5253,0.016527,0.98681,0.99556,N1,UC_vs_CD
ZNF644,1.6677,1.4149,1.15,1.2304,0.21854,0.99553,N1,UC_vs_CD
TGFBR3,0.11463,0.076876,4.1956,0.018323,0.98538,0.99553,N1,UC_vs_CD
GLMN,0.32528,2.1316,3.0535,0.69809,0.48512,0.99553,N1,UC_vs_CD
RPAP2,0.12821,2.147,4.3394,0.49477,0.62076,0.99553,N1,UC_vs_CD
GFI1,0.32003,2.1244,4.2058,0.50511,0.61349,0.99553,N1,UC_vs_CD
EVI5,0.91641,1.6353,1.4325,1.1416,0.25364,0.99553,N1,UC_vs_CD
RPL5,26.959,0.64,0.95607,0.66941,0.50323,0.99553,N1,UC_vs_CD
FAM69A,0.62816,3.0923,3.9964,0.77377,0.43907,0.99553,N1,UC_vs_CD
MTF2,1.1071,1.0733,1.6587,0.64709,0.51757,0.99553,N1,UC_vs_CD
TMED5,2.7343,-0.26951,0.9133,-0.2951,0.76792,0.99553,N1,UC_vs_CD
CCDC18,0.37865,1.149,3.3299,0.34506,0.73005,0.99553,N1,UC_vs_CD
DR1,0.56265,-0.60024,1.8221,-0.32942,0.74184,0.99553,N1,UC_vs_CD
BCAR3,0.30813,2.1491,4.3393,0.49527,0.62041,0.99553,N1,UC_vs_CD
DNTTIP2,8.8991,-0.7922,0.87448,-0.90591,0.36498,0.99553,N1,UC_vs_CD
GCLM,3.1997,-0.45799,1.0979,-0.41715,0.67657,0.99553,N1,UC_vs_CD
F3,1.9511,1.8069,1.9831,0.91115,0.36222,0.99553,N1,UC_vs_CD
CNN3,0.29347,2.529,3.3068,0.76479,0.4444,0.99553,N1,UC_vs_CD
ALG14,0.63341,3.0144,2.7156,1.1101,0.26697,0.99553,N1,UC_vs_CD
PTBP2,0.20052,0.9601,3.1736,0.30253,0.76225,0.99553,N1,UC_vs_CD
DPYD,1.8309,-0.066136,1.2939,-0.051115,0.95923,0.99553,N1,UC_vs_CD
PALMD,0.035259,0.57985,4.1749,0.13889,0.88954,0.99553,N1,UC_vs_CD
AGL,0.46815,2.6288,3.7763,0.69614,0.48634,0.99553,N1,UC_vs_CD
SLC35A3,0.3099,-0.14541,2.2609,-0.064314,0.94872,0.99553,N1,UC_vs_CD
AC118553.2,0.0738,0.29634,4.1055,0.072182,0.94246,0.99553,N1,UC_vs_CD
SASS6,0.19527,0.95987,3.1507,0.30465,0.76063,0.99553,N1,UC_vs_CD
TRMT13,0.30813,2.1491,4.3393,0.49527,0.62041,0.99553,N1,UC_vs_CD
DBT,0.16001,1.7355,4.296,0.40399,0.68622,0.99553,N1,UC_vs_CD
RTCA-AS1,0.035259,0.57985,4.1749,0.13889,0.88954,0.99553,N1,UC_vs_CD
RTCA,1.3665,2.354,1.5618,1.5073,0.13175,0.99553,N1,UC_vs_CD
CDC14A,0.46815,2.6288,3.7763,0.69614,0.48634,0.99553,N1,UC_vs_CD
AC104506.1,0.16001,1.7355,4.296,0.40399,0.68622,0.99553,N1,UC_vs_CD
SLC30A7,1.6483,-0.16932,1.2539,-0.13503,0.89259,0.99553,N1,UC_vs_CD
DPH5,0.035259,0.57985,4.1749,0.13889,0.88954,0.99553,N1,UC_vs_CD
AC093157.1,0.0738,0.29634,4.1055,0.072182,0.94246,0.99553,N1,UC_vs_CD
RNPC3,0.39579,0.83656,2.333,0.35858,0.71991,0.99553,N1,UC_vs_CD
PRMT6,0.16001,1.7355,4.296,0.40399,0.68622,0.99553,N1,UC_vs_CD
VAV3,0.28006,2.5294,3.2581,0.77633,0.43755,0.99553,N1,UC_vs_CD
VAV3-AS1,0.035259,0.57985,4.1749,0.13889,0.88954,0.99553,N1,UC_vs_CD
AL390036.1,0.15185,1.7355,4.296,0.40399,0.68622,0.99553,N1,UC_vs_CD
SLC25A24,0.16526,1.7355,4.296,0.40399,0.68622,0.99553,N1,UC_vs_CD
AL359258.2,0.0738,0.29634,4.1055,0.072182,0.94246,0.99553,N1,UC_vs_CD
FAM102B,0.81236,2.5219,2.1295,1.1843,0.2363,0.99553,N1,UC_vs_CD
HENMT1,0.0738,0.29634,4.1055,0.072182,0.94246,0.99553,N1,UC_vs_CD
PRPF38B,2.5376,0.70784,0.82433,0.85868,0.39051,0.99553,N1,UC_vs_CD
STXBP3,1.2337,1.3287,2.2919,0.57974,0.56209,0.99553,N1,UC_vs_CD
GPSM2,0.23727,0.71493,2.0629,0.34656,0.72892,0.99553,N1,UC_vs_CD
CLCC1,0.32003,2.1244,4.2058,0.50511,0.61349,0.99553,N1,UC_vs_CD
TAF13,1.0997,-0.60413,1.4002,-0.43147,0.66612,0.99553,N1,UC_vs_CD
AL356488.3,0.46831,-0.96632,2.4162,-0.39993,0.68921,0.99553,N1,UC_vs_CD
TMEM167B,3.1732,-1.3478,1.0267,-1.3127,0.18927,0.99553,N1,UC_vs_CD
KIAA1324,1.4199,1.8136,2.1686,0.83632,0.40297,0.99553,N1,UC_vs_CD
SARS,0.73266,-0.086019,2.0741,-0.041472,0.96692,0.99553,N1,UC_vs_CD
PSMA5,3.0216,2.0228,1.1702,1.7286,0.083883,0.99553,N1,UC_vs_CD
GNAI3,8.5107,-0.47433,0.58839,-0.80616,0.42015,0.99553,N1,UC_vs_CD
AMPD2,3.504,1.1458,0.86671,1.322,0.18616,0.99553,N1,UC_vs_CD
GSTM4,0.30813,2.1491,4.3393,0.49527,0.62041,0.99553,N1,UC_vs_CD
GSTM3,0.0738,0.29634,4.1055,0.072182,0.94246,0.99553,N1,UC_vs_CD
AL450468.2,0.35529,1.3328,3.6732,0.36284,0.71673,0.99553,N1,UC_vs_CD
CSF1,6.7706,0.073984,1.7932,0.041258,0.96709,0.99553,N1,UC_vs_CD
AHCYL1,1.4183,-1.9737,1.2466,-1.5833,0.11336,0.99553,N1,UC_vs_CD
STRIP1,0.49054,2.3956,3.2087,0.74659,0.45531,0.99553,N1,UC_vs_CD
KCNC4,0.16001,1.7355,4.296,0.40399,0.68622,0.99553,N1,UC_vs_CD
RBM15-AS1,0.11463,0.076876,4.1956,0.018323,0.98538,0.99553,N1,UC_vs_CD
RBM15,0.82398,2.2207,1.6914,1.3129,0.1892,0.99553,N1,UC_vs_CD
AL355488.1,0.16001,1.7355,4.296,0.40399,0.68622,0.99553,N1,UC_vs_CD
LAMTOR5,7.9155,-0.69922,0.89968,-0.77718,0.43705,0.99553,N1,UC_vs_CD
CD53,27.872,-0.44504,0.55597,-0.80047,0.42344,0.99553,N1,UC_vs_CD
LRIF1,1.4735,0.51577,1.1115,0.46402,0.64263,0.99553,N1,UC_vs_CD
DRAM2,1.184,0.92402,1.2593,0.73375,0.4631,0.99553,N1,UC_vs_CD
CEPT1,0.58916,-0.25904,1.6442,-0.15755,0.87481,0.99553,N1,UC_vs_CD
AL355816.2,0.32528,2.1316,3.0535,0.69809,0.48512,0.99553,N1,UC_vs_CD
DENND2D,1.2249,-0.61619,1.2787,-0.48189,0.62989,0.99553,N1,UC_vs_CD
CHI3L2,0.35238,1.3243,2.3132,0.57248,0.567,0.99553,N1,UC_vs_CD
ATP5PB,1.744,1.7487,1.815,0.96347,0.33531,0.99553,N1,UC_vs_CD
C1orf162,2.7722,5.3557,2.0655,2.5929,0.0095175,0.99553,N1,UC_vs_CD
RAP1A,8.2695,0.34732,0.56947,0.6099,0.54193,0.99553,N1,UC_vs_CD
INKA2,0.035259,0.57985,4.1749,0.13889,0.88954,0.99553,N1,UC_vs_CD
DDX20,0.33052,2.1419,4.2023,0.5097,0.61026,0.99553,N1,UC_vs_CD
ST7L,0.39383,1.2613,3.9508,0.31926,0.74953,0.99553,N1,UC_vs_CD
CAPZA1,9.7427,-0.36697,0.47834,-0.76717,0.44298,0.99553,N1,UC_vs_CD
MOV10,0.52314,-1.4094,1.9348,-0.72847,0.46633,0.99553,N1,UC_vs_CD
RHOC,0.10906,-0.1236,2.6028,-0.047487,0.96213,0.99553,N1,UC_vs_CD
PPM1J,0.0738,0.29634,4.1055,0.072182,0.94246,0.99553,N1,UC_vs_CD
SLC16A1,0.16001,1.7355,4.296,0.40399,0.68622,0.99553,N1,UC_vs_CD
SLC16A1-AS1,0.48529,2.3901,3.1978,0.74742,0.45481,0.99553,N1,UC_vs_CD
LRIG2,0.16001,1.7355,4.296,0.40399,0.68622,0.99553,N1,UC_vs_CD
MAGI3,0.035259,0.57985,4.1749,0.13889,0.88954,0.99553,N1,UC_vs_CD
PHTF1,1.0067,-0.16774,1.5367,-0.10915,0.91308,0.99553,N1,UC_vs_CD
RSBN1,2.0331,0.75168,0.99053,0.75887,0.44793,0.99553,N1,UC_vs_CD
PTPN22,0.54112,0.24859,2.229,0.11152,0.9112,0.99553,N1,UC_vs_CD
BCL2L15,0.16526,1.7355,4.296,0.40399,0.68622,0.99553,N1,UC_vs_CD
AP4B1,0.19527,0.95987,3.1507,0.30465,0.76063,0.99553,N1,UC_vs_CD
DCLRE1B,0.31187,2.1139,3.0197,0.70005,0.48389,0.99553,N1,UC_vs_CD
HIPK1,3.6491,0.8341,0.84938,0.98201,0.32609,0.99553,N1,UC_vs_CD
TRIM33,0.67807,-1.8094,1.7243,-1.0493,0.29403,0.99553,N1,UC_vs_CD
BCAS2,5.0492,0.3883,0.66682,0.58232,0.56035,0.99553,N1,UC_vs_CD
DENND2C,0.0738,0.29634,4.1055,0.072182,0.94246,0.99553,N1,UC_vs_CD
NRAS,0.6198,-0.60689,2.3457,-0.25873,0.79585,0.99553,N1,UC_vs_CD
CSDE1,4.6826,-0.80655,0.78527,-1.0271,0.30437,0.99553,N1,UC_vs_CD
SIKE1,0.35369,-0.37652,2.4064,-0.15647,0.87567,0.99553,N1,UC_vs_CD
TSPAN2,0.56977,0.58364,2.4731,0.236,0.81344,0.99553,N1,UC_vs_CD
SLC22A15,0.19527,0.95987,3.1507,0.30465,0.76063,0.99553,N1,UC_vs_CD
ATP1A1,2.3317,-0.46336,0.95762,-0.48387,0.62848,0.99553,N1,UC_vs_CD
AL390066.1,0.40432,1.2823,3.9485,0.32476,0.74536,0.99553,N1,UC_vs_CD
CD58,4.5109,-1.8645,1.0953,-1.7022,0.08872,0.99553,N1,UC_vs_CD
CD2,1.0176,2.0016,2.7556,0.72638,0.46761,0.99553,N1,UC_vs_CD
TTF2,0.61184,3.0588,3.969,0.77066,0.44091,0.99553,N1,UC_vs_CD
MAN1A2,2.3932,0.99265,0.88301,1.1242,0.26094,0.99553,N1,UC_vs_CD
TENT5C,8.9524,0.8052,1.4241,0.56541,0.5718,0.99553,N1,UC_vs_CD
GDAP2,0.95868,3.5037,2.7145,1.2907,0.19679,0.99553,N1,UC_vs_CD
WARS2,0.66556,0.47225,1.7152,0.27534,0.78306,0.99553,N1,UC_vs_CD
ZNF697,0.14988,-0.59457,2.8782,-0.20658,0.83634,0.99553,N1,UC_vs_CD
PHGDH,0.62816,3.0923,3.9964,0.77377,0.43907,0.99553,N1,UC_vs_CD
REG4,0.14104,-0.3956,3.9761,-0.099493,0.92075,0.99553,N1,UC_vs_CD
NOTCH2,4.3669,1.0575,0.87904,1.203,0.22896,0.99553,N1,UC_vs_CD
SEC22B,9.2708,-0.9641,0.93515,-1.031,0.30256,0.99553,N1,UC_vs_CD
LINC00623,0.36202,1.5516,2.4306,0.63838,0.52322,0.99553,N1,UC_vs_CD
FCGR1B,0.96861,-0.94736,1.6222,-0.58401,0.55922,0.99553,N1,UC_vs_CD
AC244453.3,0.11463,0.076876,4.1956,0.018323,0.98538,0.99553,N1,UC_vs_CD
SRGAP2C,1.1061,2.9789,2.1862,1.3626,0.17301,0.99553,N1,UC_vs_CD
AC239800.3,0.0738,0.29634,4.1055,0.072182,0.94246,0.99553,N1,UC_vs_CD
SRGAP2B,0.22565,0.79989,3.5133,0.22768,0.8199,0.99553,N1,UC_vs_CD
AC245014.3,0.3622,1.0391,3.0904,0.33623,0.7367,0.99553,N1,UC_vs_CD
AC245014.1,0.035259,0.57985,4.1749,0.13889,0.88954,0.99553,N1,UC_vs_CD
NBPF20,0.16001,1.7355,4.296,0.40399,0.68622,0.99553,N1,UC_vs_CD
GPR89A,0.16526,1.7355,4.296,0.40399,0.68622,0.99553,N1,UC_vs_CD
RNF115,0.38666,-0.37825,3.8257,-0.09887,0.92124,0.99553,N1,UC_vs_CD
POLR3C,0.16001,1.7355,4.296,0.40399,0.68622,0.99553,N1,UC_vs_CD
NUDT17,0.035259,0.57985,4.1749,0.13889,0.88954,0.99553,N1,UC_vs_CD
PIAS3,0.16001,1.7355,4.296,0.40399,0.68622,0.99553,N1,UC_vs_CD
RBM8A,5.4383,-0.16628,0.87732,-0.18953,0.84968,0.99553,N1,UC_vs_CD
LIX1L-AS1,0.16001,1.7355,4.296,0.40399,0.68622,0.99553,N1,UC_vs_CD
POLR3GL,0.59176,1.1604,1.9418,0.59758,0.55012,0.99553,N1,UC_vs_CD
TXNIP,20.178,0.32419,1.0202,0.31776,0.75067,0.99553,N1,UC_vs_CD
NBPF10,0.16001,1.7355,4.296,0.40399,0.68622,0.99553,N1,UC_vs_CD
NOTCH2NL,0.41277,0.61727,2.4566,0.25127,0.8016,0.99553,N1,UC_vs_CD
AC239799.2,0.0738,0.29634,4.1055,0.072182,0.94246,0.99553,N1,UC_vs_CD
FMO5,0.035259,0.57985,4.1749,0.13889,0.88954,0.99553,N1,UC_vs_CD
CHD1L,0.39092,1.2838,2.4754,0.51861,0.60403,0.99553,N1,UC_vs_CD
BCL9,0.20052,0.9601,3.1736,0.30253,0.76225,0.99553,N1,UC_vs_CD
ACP6,1.112,0.2186,1.5494,0.14109,0.8878,0.99553,N1,UC_vs_CD
GPR89B,0.30813,2.1491,4.3393,0.49527,0.62041,0.99553,N1,UC_vs_CD
PPIAL4G,0.14988,-0.59457,2.8782,-0.20658,0.83634,0.99553,N1,UC_vs_CD
NBPF14,0.43958,0.64557,2.5,0.25823,0.79623,0.99553,N1,UC_vs_CD
PDE4DIP,1.8442,-0.02376,1.6223,-0.014646,0.98831,0.9964,N1,UC_vs_CD
NBPF9,0.45964,0.46551,1.7088,0.27242,0.7853,0.99553,N1,UC_vs_CD
AC245297.3,2.6518,1.4961,1.1773,1.2708,0.20378,0.99553,N1,UC_vs_CD
NBPF19,2.7957,1.1812,1.4462,0.81674,0.41407,0.99553,N1,UC_vs_CD
FCGR1A,3.2806,-2.7498,1.5876,-1.732,0.083267,0.99553,N1,UC_vs_CD
HIST2H2BF,0.21812,-0.78126,2.4483,-0.3191,0.74965,0.99553,N1,UC_vs_CD
AC239868.3,0.16001,1.7355,4.296,0.40399,0.68622,0.99553,N1,UC_vs_CD
HIST2H2AA4,0.070518,0.17302,4.0786,0.042422,0.96616,0.99553,N1,UC_vs_CD
HIST2H4B,0.035259,0.57985,4.1749,0.13889,0.88954,0.99553,N1,UC_vs_CD
AC239868.2,0.035259,0.57985,4.1749,0.13889,0.88954,0.99553,N1,UC_vs_CD
HIST2H2BE,1.1092,0.31377,1.4864,0.21109,0.83281,0.99553,N1,UC_vs_CD
HIST2H2AC,0.41719,0.83692,2.2009,0.38025,0.70376,0.99553,N1,UC_vs_CD
BOLA1,0.11463,0.076876,4.1956,0.018323,0.98538,0.99553,N1,UC_vs_CD
SF3B4,1.0814,1.5778,1.4616,1.0795,0.28036,0.99553,N1,UC_vs_CD
MTMR11,0.16526,1.7355,4.296,0.40399,0.68622,0.99553,N1,UC_vs_CD
OTUD7B,0.16001,1.7355,4.296,0.40399,0.68622,0.99553,N1,UC_vs_CD
VPS45,0.12821,2.147,4.3394,0.49477,0.62076,0.99553,N1,UC_vs_CD
PLEKHO1,2.1507,1.5412,1.4818,1.0401,0.2983,0.99553,N1,UC_vs_CD
ANP32E,2.0351,1.3385,1.1084,1.2076,0.22719,0.99553,N1,UC_vs_CD
APH1A,1.4266,1.818,1.7713,1.0263,0.30473,0.99553,N1,UC_vs_CD
CIART,0.035259,0.57985,4.1749,0.13889,0.88954,0.99553,N1,UC_vs_CD
MRPS21,1.7311,1.0876,1.3375,0.81319,0.41611,0.99553,N1,UC_vs_CD
PRPF3,1.284,1.4897,1.4983,0.99425,0.3201,0.99553,N1,UC_vs_CD
RPRD2,0.48041,0.2999,2.3984,0.12504,0.90049,0.99553,N1,UC_vs_CD
TARS2,0.30371,2.096,4.2116,0.49768,0.61871,0.99553,N1,UC_vs_CD
ECM1,0.16001,1.7355,4.296,0.40399,0.68622,0.99553,N1,UC_vs_CD
AL356356.1,0.035259,0.57985,4.1749,0.13889,0.88954,0.99553,N1,UC_vs_CD
ADAMTSL4,1.0027,-0.63654,1.395,-0.4563,0.64817,0.99553,N1,UC_vs_CD
MCL1,41.777,-0.10833,0.50411,-0.21488,0.82986,0.99553,N1,UC_vs_CD
ENSA,2.8242,-0.16387,1.0163,-0.16124,0.8719,0.99553,N1,UC_vs_CD
GOLPH3L,0.651,0.81232,1.9388,0.41898,0.67523,0.99553,N1,UC_vs_CD
CTSS,50.519,-0.19433,0.62432,-0.31127,0.75559,0.99553,N1,UC_vs_CD
CTSK,0.11463,0.076876,4.1956,0.018323,0.98538,0.99553,N1,UC_vs_CD
ARNT,0.0738,0.29634,4.1055,0.072182,0.94246,0.99553,N1,UC_vs_CD
SETDB1,0.36054,1.3321,2.322,0.5737,0.56617,0.99553,N1,UC_vs_CD
CERS2,1.2185,-0.056571,1.3169,-0.042958,0.96573,0.99553,N1,UC_vs_CD
MINDY1,0.24284,0.79513,3.6848,0.21578,0.82916,0.99553,N1,UC_vs_CD
PRUNE1,0.24284,0.79513,3.6848,0.21578,0.82916,0.99553,N1,UC_vs_CD
C1orf56,4.4923,-0.074928,1.5479,-0.048406,0.96139,0.99553,N1,UC_vs_CD
CDC42SE1,9.084,-0.62243,0.73613,-0.84555,0.3978,0.99553,N1,UC_vs_CD
MLLT11,0.49978,0.32547,2.478,0.13134,0.89551,0.99553,N1,UC_vs_CD
GABPB2,0.16526,1.7355,4.296,0.40399,0.68622,0.99553,N1,UC_vs_CD
TNFAIP8L2,0.18711,0.95949,3.1139,0.30814,0.75798,0.99553,N1,UC_vs_CD
SCNM1,0.50423,1.5807,2.3589,0.67011,0.50279,0.99553,N1,UC_vs_CD
LYSMD1,0.0738,0.29634,4.1055,0.072182,0.94246,0.99553,N1,UC_vs_CD
PIP5K1A,0.53672,0.22916,1.8636,0.12297,0.90213,0.99553,N1,UC_vs_CD
PSMD4,1.3759,1.0973,1.278,0.85864,0.39054,0.99553,N1,UC_vs_CD
AL391069.2,0.3801,-0.47798,2.182,-0.21906,0.8266,0.99553,N1,UC_vs_CD
ZNF687,0.070518,0.17302,4.0786,0.042422,0.96616,0.99553,N1,UC_vs_CD
PI4KB,0.46652,-1.0799,1.9122,-0.56476,0.57224,0.99553,N1,UC_vs_CD
RFX5,0.49023,1.936,2.4686,0.78426,0.43289,0.99553,N1,UC_vs_CD
SELENBP1,0.11463,0.076876,4.1956,0.018323,0.98538,0.99553,N1,UC_vs_CD
PSMB4,4.3646,0.27781,1.0353,0.26834,0.78843,0.99553,N1,UC_vs_CD
POGZ,1.2483,-0.29045,1.6103,-0.18037,0.85687,0.99553,N1,UC_vs_CD
TUFT1,0.070518,0.17302,4.0786,0.042422,0.96616,0.99553,N1,UC_vs_CD
SNX27,1.7944,0.74292,1.2332,0.60244,0.54688,0.99553,N1,UC_vs_CD
MRPL9,0.30371,2.096,4.2116,0.49768,0.61871,0.99553,N1,UC_vs_CD
TDRKH,0.16001,1.7355,4.296,0.40399,0.68622,0.99553,N1,UC_vs_CD
TDRKH-AS1,0.035259,0.57985,4.1749,0.13889,0.88954,0.99553,N1,UC_vs_CD
S100A10,4.7429,-0.28125,1.041,-0.27018,0.78702,0.99553,N1,UC_vs_CD
S100A11,159.33,-0.080642,0.53577,-0.15051,0.88036,0.99553,N1,UC_vs_CD
TCHH,0.070518,0.17302,4.0786,0.042422,0.96616,0.99553,N1,UC_vs_CD
S100A9,760.53,0.25441,0.8426,0.30193,0.7627,0.99553,N1,UC_vs_CD
S100A12,60.679,-0.25534,1.0496,-0.24328,0.80779,0.99553,N1,UC_vs_CD
S100A8,961.96,-0.34931,0.57247,-0.61017,0.54175,0.99553,N1,UC_vs_CD
S100A6,113.12,-0.06501,0.57545,-0.11297,0.91005,0.99553,N1,UC_vs_CD
S100A4,53.059,0.14344,0.71705,0.20004,0.84145,0.99553,N1,UC_vs_CD
S100A16,0.26451,-1.246,3.0658,-0.40642,0.68443,0.99553,N1,UC_vs_CD
S100A14,0.035259,0.57985,4.1749,0.13889,0.88954,0.99553,N1,UC_vs_CD
S100A13,0.5772,1.2284,1.9793,0.62065,0.53483,0.99553,N1,UC_vs_CD
CHTOP,1.7477,0.15546,1.1624,0.13374,0.89361,0.99553,N1,UC_vs_CD
SNAPIN,0.12821,2.147,4.3394,0.49477,0.62076,0.99553,N1,UC_vs_CD
ILF2,1.9143,3.3332,2.3437,1.4222,0.15496,0.99553,N1,UC_vs_CD
INTS3,0.76677,-0.16562,1.8795,-0.088122,0.92978,0.99553,N1,UC_vs_CD
SLC27A3,0.25642,2.6071,4.3292,0.60222,0.54703,0.99553,N1,UC_vs_CD
GATAD2B,0.89972,1.4624,1.4718,0.9936,0.32042,0.99553,N1,UC_vs_CD
DENND4B,0.94632,-0.50547,2.2457,-0.22509,0.82191,0.99553,N1,UC_vs_CD
CRTC2,0.98241,-1.6464,1.4184,-1.1608,0.24573,0.99553,N1,UC_vs_CD
SLC39A1,0.70427,0.16977,1.4496,0.11712,0.90677,0.99553,N1,UC_vs_CD
AL358472.4,0.15185,1.7355,4.296,0.40399,0.68622,0.99553,N1,UC_vs_CD
AL358472.3,0.15185,1.7355,4.296,0.40399,0.68622,0.99553,N1,UC_vs_CD
CREB3L4,0.19527,0.95987,3.1507,0.30465,0.76063,0.99553,N1,UC_vs_CD
JTB,4.3628,-0.73093,0.89597,-0.8158,0.41461,0.99553,N1,UC_vs_CD
RAB13,0.44533,2.8925,2.5539,1.1326,0.25738,0.99553,N1,UC_vs_CD
RPS27,81.311,-0.056354,0.66166,-0.085171,0.93213,0.99553,N1,UC_vs_CD
TPM3,22.746,-0.21387,0.39126,-0.54662,0.58464,0.99553,N1,UC_vs_CD
C1orf43,3.2579,0.49433,0.98986,0.49939,0.6175,0.99553,N1,UC_vs_CD
UBAP2L,2.4368,-0.92712,1.2451,-0.74462,0.4565,0.99553,N1,UC_vs_CD
HAX1,4.323,0.49427,0.7519,0.65737,0.51095,0.99553,N1,UC_vs_CD
ATP8B2,0.56455,3.1554,3.2541,0.96969,0.3322,0.99553,N1,UC_vs_CD
IL6R-AS1,0.48238,2.3869,3.1913,0.74793,0.4545,0.99553,N1,UC_vs_CD
IL6R,9.1337,0.48916,0.90542,0.54026,0.58902,0.99553,N1,UC_vs_CD
UBE2Q1,0.93919,-0.2101,1.8975,-0.11073,0.91183,0.99553,N1,UC_vs_CD
ADAR,11.459,-0.8616,0.80874,-1.0654,0.28671,0.99553,N1,UC_vs_CD
KCNN3,0.98703,-0.8928,1.7727,-0.50364,0.61451,0.99553,N1,UC_vs_CD
PMVK,0.95717,2.8585,2.4531,1.1652,0.24392,0.99553,N1,UC_vs_CD
AL451085.1,0.30371,2.096,4.2116,0.49768,0.61871,0.99553,N1,UC_vs_CD
PBXIP1,0.57409,-1.6631,1.7542,-0.94804,0.34311,0.99553,N1,UC_vs_CD
PYGO2,0.11463,0.076876,4.1956,0.018323,0.98538,0.99553,N1,UC_vs_CD
SHC1,0.43811,0.63858,1.9683,0.32444,0.74561,0.99553,N1,UC_vs_CD
CKS1B,1.022,2.7514,3.1437,0.87521,0.38146,0.99553,N1,UC_vs_CD
FLAD1,0.1476,-0.38372,3.978,-0.09646,0.92315,0.99553,N1,UC_vs_CD
ZBTB7B,0.3099,-0.14541,2.2609,-0.064314,0.94872,0.99553,N1,UC_vs_CD
ADAM15,0.23578,0.5275,3.4637,0.15229,0.87896,0.99553,N1,UC_vs_CD
SLC50A1,0.97825,1.2916,1.6428,0.7862,0.43175,0.99553,N1,UC_vs_CD
DPM3,1.13,1.6594,1.9207,0.86397,0.3876,0.99553,N1,UC_vs_CD
KRTCAP2,4.8472,2.1788,1.4462,1.5066,0.13192,0.99553,N1,UC_vs_CD
MUC1,0.89702,-3.2679,1.9091,-1.7117,0.086952,0.99553,N1,UC_vs_CD
AC234582.1,0.035259,0.57985,4.1749,0.13889,0.88954,0.99553,N1,UC_vs_CD
THBS3,0.0738,0.29634,4.1055,0.072182,0.94246,0.99553,N1,UC_vs_CD
MTX1,2.0666,2.045,1.5029,1.3607,0.17359,0.99553,N1,UC_vs_CD
GBA,1.0625,0.82829,1.6642,0.49771,0.61869,0.99553,N1,UC_vs_CD
SCAMP3,0.43634,2.8476,3.2624,0.87286,0.38274,0.99553,N1,UC_vs_CD
CLK2,0.14432,-0.42113,2.4698,-0.17051,0.86461,0.99553,N1,UC_vs_CD
FDPS,3.764,2.3979,1.1012,2.1776,0.029439,0.99553,N1,UC_vs_CD
RUSC1,0.10906,-0.1236,2.6028,-0.047487,0.96213,0.99553,N1,UC_vs_CD
ASH1L,2.7671,-0.46145,1.1011,-0.4191,0.67515,0.99553,N1,UC_vs_CD
ASH1L-AS1,0.035259,0.57985,4.1749,0.13889,0.88954,0.99553,N1,UC_vs_CD
MSTO1,0.16526,1.7355,4.296,0.40399,0.68622,0.99553,N1,UC_vs_CD
YY1AP1,1.1714,-0.57457,2.3455,-0.24497,0.80648,0.99553,N1,UC_vs_CD
DAP3,1.1222,3.1459,1.8575,1.6937,0.09033,0.99553,N1,UC_vs_CD
GON4L,1.2533,0.99436,1.5725,0.63232,0.52718,0.99553,N1,UC_vs_CD
SYT11,0.30371,2.096,4.2116,0.49768,0.61871,0.99553,N1,UC_vs_CD
RIT1,5.8356,0.089807,0.87013,0.10321,0.9178,0.99553,N1,UC_vs_CD
KHDC4,1.1552,1.2036,1.3949,0.86289,0.3882,0.99553,N1,UC_vs_CD
ARHGEF2,2.8071,1.2345,0.96295,1.282,0.19985,0.99553,N1,UC_vs_CD
AL355388.2,0.12821,2.147,4.3394,0.49477,0.62076,0.99553,N1,UC_vs_CD
SSR2,9.1337,1.6189,1.035,1.5641,0.11778,0.99553,N1,UC_vs_CD
UBQLN4,0.0738,0.29634,4.1055,0.072182,0.94246,0.99553,N1,UC_vs_CD
LAMTOR2,1.7743,1.8264,1.2099,1.5096,0.13114,0.99553,N1,UC_vs_CD
LMNA,3.3784,-0.10351,1.3346,-0.077562,0.93818,0.99553,N1,UC_vs_CD
SEMA4A,4.019,-0.25954,1.2211,-0.21254,0.83169,0.99553,N1,UC_vs_CD
SLC25A44,0.81118,-1.3922,1.6423,-0.84771,0.3966,0.99553,N1,UC_vs_CD
PMF1,0.66933,0.80006,2.0031,0.39941,0.68959,0.99553,N1,UC_vs_CD
PAQR6,0.035259,0.57985,4.1749,0.13889,0.88954,0.99553,N1,UC_vs_CD
SMG5,0.33052,2.1419,4.2023,0.5097,0.61026,0.99553,N1,UC_vs_CD
TMEM79,0.16526,1.7355,4.296,0.40399,0.68622,0.99553,N1,UC_vs_CD
GLMP,0.41568,-1.0384,2.3344,-0.44481,0.65646,0.99553,N1,UC_vs_CD
CCT3,1.432,-0.48835,1.4746,-0.33118,0.74051,0.99553,N1,UC_vs_CD
C1orf61,0.035259,0.57985,4.1749,0.13889,0.88954,0.99553,N1,UC_vs_CD
MEF2D,1.9161,1.3086,1.1417,1.1463,0.25169,0.99553,N1,UC_vs_CD
NAXE,0.83438,1.0518,2.1678,0.48518,0.62755,0.99553,N1,UC_vs_CD
GPATCH4,0.69006,1.9783,3.8998,0.50728,0.61196,0.99553,N1,UC_vs_CD
ISG20L2,1.2003,-1.3714,1.3329,-1.0288,0.30355,0.99553,N1,UC_vs_CD
RRNAD1,0.43465,0.96667,3.5014,0.27608,0.78249,0.99553,N1,UC_vs_CD
MRPL24,0.49144,-0.029994,1.8065,-0.016604,0.98675,0.99556,N1,UC_vs_CD
HDGF,1.0958,-0.32855,1.254,-0.26201,0.79331,0.99553,N1,UC_vs_CD
PRCC,0.73639,-0.039084,1.7873,-0.021867,0.98255,0.99553,N1,UC_vs_CD
SH2D2A,0.16001,1.7355,4.296,0.40399,0.68622,0.99553,N1,UC_vs_CD
ARHGEF11,0.15185,1.7355,4.296,0.40399,0.68622,0.99553,N1,UC_vs_CD
ETV3,0.80171,-0.58246,1.524,-0.3822,0.70232,0.99553,N1,UC_vs_CD
FCRL5,4.8959,2.0294,1.0076,2.014,0.04401,0.99553,N1,UC_vs_CD
FCRL4,0.28822,2.5291,3.2881,0.76917,0.44179,0.99553,N1,UC_vs_CD
FCRL3,0.58377,3.0918,3.7704,0.82002,0.41221,0.99553,N1,UC_vs_CD
FCRL2,0.91129,1.7936,3.0852,0.58136,0.561,0.99553,N1,UC_vs_CD
FCRL1,0.15185,1.7355,4.296,0.40399,0.68622,0.99553,N1,UC_vs_CD
CD1D,0.18843,-0.92039,3.1557,-0.29166,0.77055,0.99553,N1,UC_vs_CD
MNDA,41.745,-0.56363,0.86288,-0.6532,0.51363,0.99553,N1,UC_vs_CD
PYHIN1,0.15185,1.7355,4.296,0.40399,0.68622,0.99553,N1,UC_vs_CD
IFI16,21.434,-1.5349,0.57998,-2.6465,0.0081318,0.99553,N1,UC_vs_CD
AIM2,2.089,-0.21624,1.5396,-0.14045,0.88831,0.99553,N1,UC_vs_CD
FCER1A,1.2959,3.026,3.5443,0.85376,0.39324,0.99553,N1,UC_vs_CD
DUSP23,0.29977,-1.5725,2.9869,-0.52646,0.59857,0.99553,N1,UC_vs_CD
SLAMF8,0.43192,2.861,3.565,0.80253,0.42225,0.99553,N1,UC_vs_CD
CFAP45,0.30813,2.1491,4.3393,0.49527,0.62041,0.99553,N1,UC_vs_CD
TAGLN2,15.533,0.12418,0.53425,0.23243,0.81621,0.99553,N1,UC_vs_CD
LINC01133,0.035259,0.57985,4.1749,0.13889,0.88954,0.99553,N1,UC_vs_CD
PIGM,0.32003,2.1244,4.2058,0.50511,0.61349,0.99553,N1,UC_vs_CD
IGSF8,0.38111,-0.12676,3.4154,-0.037115,0.97039,0.99553,N1,UC_vs_CD
PEA15,0.30371,2.096,4.2116,0.49768,0.61871,0.99553,N1,UC_vs_CD
DCAF8,0.92111,1.5743,2.1734,0.72436,0.46884,0.99553,N1,UC_vs_CD
PEX19,0.16526,1.7355,4.296,0.40399,0.68622,0.99553,N1,UC_vs_CD
COPA,5.3238,0.84159,0.62859,1.3389,0.18062,0.99553,N1,UC_vs_CD
NCSTN,1.4826,-0.035395,1.3966,-0.025344,0.97978,0.99553,N1,UC_vs_CD
SLAMF6,0.0738,0.29634,4.1055,0.072182,0.94246,0.99553,N1,UC_vs_CD
CD84,0.96393,3.5269,2.83,1.2463,0.21267,0.99553,N1,UC_vs_CD
SLAMF1,1.599,-0.92761,1.0259,-0.90418,0.3659,0.99553,N1,UC_vs_CD
AL121985.1,0.035259,0.57985,4.1749,0.13889,0.88954,0.99553,N1,UC_vs_CD
CD48,20.679,-0.1621,0.59004,-0.27473,0.78352,0.99553,N1,UC_vs_CD
SLAMF7,9.491,-0.61695,0.76952,-0.80173,0.42271,0.99553,N1,UC_vs_CD
LY9,0.46631,0.22405,2.5691,0.087211,0.9305,0.99553,N1,UC_vs_CD
CD244,0.16001,1.7355,4.296,0.40399,0.68622,0.99553,N1,UC_vs_CD
ITLN1,0.34339,1.5137,3.3061,0.45785,0.64706,0.99553,N1,UC_vs_CD
F11R,1.4905,-1.2061,1.1335,-1.064,0.28732,0.99553,N1,UC_vs_CD
TSTD1,4.3574,0.4311,0.69016,0.62463,0.53221,0.99553,N1,UC_vs_CD
USF1,0.31187,2.1139,3.0197,0.70005,0.48389,0.99553,N1,UC_vs_CD
ARHGAP30,5.1366,0.98186,0.97174,1.0104,0.3123,0.99553,N1,UC_vs_CD
PFDN2,2.8148,1.1295,0.97431,1.1593,0.24634,0.99553,N1,UC_vs_CD
NIT1,0.5772,1.2284,1.9793,0.62065,0.53483,0.99553,N1,UC_vs_CD
DEDD,0.20201,1.0374,3.076,0.33725,0.73593,0.99553,N1,UC_vs_CD
UFC1,3.0889,-1.3238,1.4614,-0.90587,0.36501,0.99553,N1,UC_vs_CD
B4GALT3,1.3131,0.50207,2.384,0.2106,0.8332,0.99553,N1,UC_vs_CD
NDUFS2,0.5408,-0.29249,1.6909,-0.17298,0.86267,0.99553,N1,UC_vs_CD
FCER1G,67.317,-0.090157,0.71149,-0.12672,0.89917,0.99553,N1,UC_vs_CD
TOMM40L,0.91623,0.32599,1.443,0.22592,0.82126,0.99553,N1,UC_vs_CD
NR1I3,0.18843,-0.92039,3.1557,-0.29166,0.77055,0.99553,N1,UC_vs_CD
MPZ,0.51191,0.082628,1.7065,0.04842,0.96138,0.99553,N1,UC_vs_CD
SDHC,1.5148,-0.10446,1.2234,-0.085384,0.93196,0.99553,N1,UC_vs_CD
FCGR2A,60.941,-1.063,0.53577,-1.984,0.047251,0.99553,N1,UC_vs_CD
HSPA6,15.565,0.34852,1.6918,0.20601,,,N1,UC_vs_CD
FCGR3A,2.7613,-0.73519,0.94506,-0.77793,0.43661,0.99553,N1,UC_vs_CD
FCGR3B,44.14,-1.0555,1.0167,-1.0382,0.29917,0.99553,N1,UC_vs_CD
FCGR2B,2.6005,-1.5719,1.0568,-1.4874,0.13692,0.99553,N1,UC_vs_CD
FCRLA,0.38567,1.2777,2.4678,0.51772,0.60465,0.99553,N1,UC_vs_CD
DUSP12,0.23053,0.5269,3.4413,0.15311,0.87831,0.99553,N1,UC_vs_CD
ATF6,2.9858,-0.31678,0.83265,-0.38045,0.70361,0.99553,N1,UC_vs_CD
UHMK1,1.1518,-0.41895,2.2078,-0.18975,0.8495,0.99553,N1,UC_vs_CD
UAP1,1.7653,0.47582,2.0428,0.23292,0.81582,0.99553,N1,UC_vs_CD
HSD17B7,0.11463,0.076876,4.1956,0.018323,0.98538,0.99553,N1,UC_vs_CD
NUF2,0.16001,1.7355,4.296,0.40399,0.68622,0.99553,N1,UC_vs_CD
PBX1,0.16526,1.7355,4.296,0.40399,0.68622,0.99553,N1,UC_vs_CD
MGST3,2.0391,0.27927,1.1726,0.23816,0.81176,0.99553,N1,UC_vs_CD
ALDH9A1,1.2065,2.1939,1.5768,1.3914,0.16411,0.99553,N1,UC_vs_CD
TMCO1,3.0466,-0.19076,1.204,-0.15844,0.87411,0.99553,N1,UC_vs_CD
UCK2,0.11463,0.076876,4.1956,0.018323,0.98538,0.99553,N1,UC_vs_CD
POGK,0.19527,0.95987,3.1507,0.30465,0.76063,0.99553,N1,UC_vs_CD
POU2F1,0.79581,-2.2501,1.7481,-1.2872,0.19803,0.99553,N1,UC_vs_CD
CD247,0.16001,1.7355,4.296,0.40399,0.68622,0.99553,N1,UC_vs_CD
CREG1,2.2784,-0.36576,0.97315,-0.37585,0.70703,0.99553,N1,UC_vs_CD
AL031733.2,0.18711,0.95949,3.1139,0.30814,0.75798,0.99553,N1,UC_vs_CD
RCSD1,0.72743,-1.0065,1.5235,-0.66065,0.50884,0.99553,N1,UC_vs_CD
MPZL1,0.97738,0.9065,2.1787,0.41607,0.67736,0.99553,N1,UC_vs_CD
MPC2,1.4377,-1.5652,1.2635,-1.2388,0.21542,0.99553,N1,UC_vs_CD
DCAF6,0.67016,2.2642,2.052,1.1034,0.26984,0.99553,N1,UC_vs_CD
TIPRL,1.6398,2.8154,1.424,1.9771,0.048031,0.99553,N1,UC_vs_CD
SFT2D2,0.77697,2.8001,2.0154,1.3893,0.16473,0.99553,N1,UC_vs_CD
TBX19,0.30813,2.1491,4.3393,0.49527,0.62041,0.99553,N1,UC_vs_CD
XCL1,0.32003,2.1244,4.2058,0.50511,0.61349,0.99553,N1,UC_vs_CD
ATP1B1,0.37325,-0.37825,3.8257,-0.09887,0.92124,0.99553,N1,UC_vs_CD
NME7,0.32003,2.1244,4.2058,0.50511,0.61349,0.99553,N1,UC_vs_CD
BLZF1,0.40523,-0.63035,2.0408,-0.30887,0.75742,0.99553,N1,UC_vs_CD
SLC19A2,0.22565,0.79989,3.5133,0.22768,0.8199,0.99553,N1,UC_vs_CD
F5,1.5414,0.29973,1.2464,0.24047,0.80996,0.99553,N1,UC_vs_CD
C1orf112,0.16001,1.7355,4.296,0.40399,0.68622,0.99553,N1,UC_vs_CD
SELL,16.419,-0.88647,0.89386,-0.99174,0.32133,0.99553,N1,UC_vs_CD
SELE,0.11463,0.076876,4.1956,0.018323,0.98538,0.99553,N1,UC_vs_CD
METTL18,0.39383,1.2613,3.9508,0.31926,0.74953,0.99553,N1,UC_vs_CD
SCYL3,0.69131,-1.05,1.9887,-0.52798,0.59751,0.99553,N1,UC_vs_CD
KIFAP3,0.43465,0.96667,3.5014,0.27608,0.78249,0.99553,N1,UC_vs_CD
PRRC2C,15.707,-0.18676,0.50385,-0.37066,0.71089,0.99553,N1,UC_vs_CD
VAMP4,0.39092,1.2838,2.4754,0.51861,0.60403,0.99553,N1,UC_vs_CD
PIGC,0.11463,0.076876,4.1956,0.018323,0.98538,0.99553,N1,UC_vs_CD
SUCO,1.5558,1.2097,1.2819,0.94368,0.34534,0.99553,N1,UC_vs_CD
AL645568.1,0.035259,0.57985,4.1749,0.13889,0.88954,0.99553,N1,UC_vs_CD
PRDX6,3.318,1.5269,0.99032,1.5418,0.12311,0.99553,N1,UC_vs_CD
KLHL20,0.035259,0.57985,4.1749,0.13889,0.88954,0.99553,N1,UC_vs_CD
CENPL,0.16526,1.7355,4.296,0.40399,0.68622,0.99553,N1,UC_vs_CD
ZBTB37,0.55581,1.0908,2.4678,0.44199,0.6585,0.99553,N1,UC_vs_CD
RC3H1,1.1019,0.37297,1.6451,0.22672,0.82064,0.99553,N1,UC_vs_CD
AL121983.1,0.16526,1.7355,4.296,0.40399,0.68622,0.99553,N1,UC_vs_CD
RABGAP1L,0.89609,-0.024231,1.3897,-0.017436,0.98609,0.99556,N1,UC_vs_CD
CACYBP,2.8368,4.3365,2.6206,1.6548,0.097966,0.99553,N1,UC_vs_CD
MRPS14,0.66182,0.35392,2.1591,0.16392,0.86979,0.99553,N1,UC_vs_CD
KIAA0040,1.3779,-1.0454,1.3004,-0.80388,0.42147,0.99553,N1,UC_vs_CD
COP1,1.2183,0.7258,1.2617,0.57527,0.56511,0.99553,N1,UC_vs_CD
RASAL2,0.18711,0.95949,3.1139,0.30814,0.75798,0.99553,N1,UC_vs_CD
C1orf220,0.0738,0.29634,4.1055,0.072182,0.94246,0.99553,N1,UC_vs_CD
RALGPS2,2.2809,0.75263,1.2399,0.60703,0.54383,0.99553,N1,UC_vs_CD
FAM20B,0.14432,-0.42113,2.4698,-0.17051,0.86461,0.99553,N1,UC_vs_CD
TOR3A,0.85858,0.55318,1.777,0.31131,0.75557,0.99553,N1,UC_vs_CD
ABL2,2.7022,0.5785,1.8893,0.3062,0.75945,0.99553,N1,UC_vs_CD
SOAT1,0.78837,1.0516,1.4492,0.72561,0.46808,0.99553,N1,UC_vs_CD
TOR1AIP2,2.1854,-0.91255,1.1207,-0.81426,0.41549,0.99553,N1,UC_vs_CD
AL353708.3,0.54391,1.527,2.4947,0.61212,0.54046,0.99553,N1,UC_vs_CD
TOR1AIP1,2.3785,-0.25011,0.95155,-0.26285,0.79267,0.99553,N1,UC_vs_CD
AL353708.1,0.035259,0.57985,4.1749,0.13889,0.88954,0.99553,N1,UC_vs_CD
CEP350,1.6064,1.1033,1.1689,0.94386,0.34524,0.99553,N1,UC_vs_CD
QSOX1,1.232,-0.64158,1.2068,-0.53165,0.59497,0.99553,N1,UC_vs_CD
ACBD6,0.46815,2.6288,3.7763,0.69614,0.48634,0.99553,N1,UC_vs_CD
XPR1,0.11463,0.076876,4.1956,0.018323,0.98538,0.99553,N1,UC_vs_CD
AL162431.2,0.035259,0.57985,4.1749,0.13889,0.88954,0.99553,N1,UC_vs_CD
KIAA1614-AS1,0.035259,0.57985,4.1749,0.13889,0.88954,0.99553,N1,UC_vs_CD
STX6,0.4575,-1.1122,1.9053,-0.58376,0.55938,0.99553,N1,UC_vs_CD
MR1,1.9711,-0.4462,1.3346,-0.33433,0.73813,0.99553,N1,UC_vs_CD
IER5,13.539,-0.95679,0.74989,-1.2759,0.20199,0.99553,N1,UC_vs_CD
CACNA1E,0.46292,0.5824,1.8314,0.31802,0.75047,0.99553,N1,UC_vs_CD
GLUL,86.852,0.39451,0.69086,0.57103,0.56798,0.99553,N1,UC_vs_CD
RNASEL,0.86204,0.55007,1.5616,0.35224,0.72466,0.99553,N1,UC_vs_CD
RGS16,0.47288,0.37117,2.6325,0.141,0.88787,0.99553,N1,UC_vs_CD
NPL,3.8311,-0.15791,1.0672,-0.14797,0.88237,0.99553,N1,UC_vs_CD
DHX9,1.6583,0.82733,1.0826,0.76424,0.44473,0.99553,N1,UC_vs_CD
LAMC1,0.32528,2.1316,3.0535,0.69809,0.48512,0.99553,N1,UC_vs_CD
SMG7,1.323,0.98149,1.5526,0.63214,0.5273,0.99553,N1,UC_vs_CD
NCF2,19.199,-0.33471,0.53536,-0.62521,0.53184,0.99553,N1,UC_vs_CD
ARPC5,31.783,-0.061816,0.51734,-0.11949,0.90489,0.99553,N1,UC_vs_CD
TSEN15,0.0738,0.29634,4.1055,0.072182,0.94246,0.99553,N1,UC_vs_CD
C1orf21,0.16526,1.7355,4.296,0.40399,0.68622,0.99553,N1,UC_vs_CD
EDEM3,2.1011,1.5927,1.3852,1.1498,0.25024,0.99553,N1,UC_vs_CD
FAM129A,21.44,-0.39038,0.57816,-0.67521,0.49954,0.99553,N1,UC_vs_CD
RNF2,1.0565,0.69833,1.5774,0.44272,0.65797,0.99553,N1,UC_vs_CD
TRMT1L,0.22368,-1.1647,2.1972,-0.53008,0.59605,0.99553,N1,UC_vs_CD
SWT1,0.42093,0.63221,1.939,0.32605,0.74438,0.99553,N1,UC_vs_CD
IVNS1ABP,89.921,-0.82826,0.5698,-1.4536,0.14606,0.99553,N1,UC_vs_CD
AL078644.2,0.90093,-0.61511,1.6004,-0.38434,0.70073,0.99553,N1,UC_vs_CD
TPR,6.6912,-0.66182,0.78261,-0.84567,0.39774,0.99553,N1,UC_vs_CD
ODR4,1.2978,-0.024419,1.1937,-0.020457,0.98368,0.99553,N1,UC_vs_CD
PTGS2,63.085,0.48909,0.98221,0.49795,0.61852,0.99553,N1,UC_vs_CD
PACERR,0.25894,-1.4133,2.0923,-0.67547,0.49937,0.99553,N1,UC_vs_CD
RGS18,2.3959,-0.67057,1.0453,-0.64153,0.52118,0.99553,N1,UC_vs_CD
AL390957.1,0.19527,0.95987,3.1507,0.30465,0.76063,0.99553,N1,UC_vs_CD
AL136987.1,0.16001,1.7355,4.296,0.40399,0.68622,0.99553,N1,UC_vs_CD
RGS1,9.5846,0.42618,0.89667,0.47529,0.63458,0.99553,N1,UC_vs_CD
RGS2,35.474,0.96476,0.90084,1.071,0.28419,0.99553,N1,UC_vs_CD
UCHL5,1.1859,0.82726,1.8336,0.45116,0.65187,0.99553,N1,UC_vs_CD
TROVE2,1.4683,2.0069,1.8671,1.0748,0.28245,0.99553,N1,UC_vs_CD
GLRX2,0.4549,-0.96531,2.3929,-0.40341,0.68665,0.99553,N1,UC_vs_CD
CDC73,2.3796,1.7432,1.5109,1.1538,0.2486,0.99553,N1,UC_vs_CD
DENND1B,0.92481,-0.83305,2.0697,-0.40249,0.68732,0.99553,N1,UC_vs_CD
NEK7,1.9,0.91287,1.223,0.74641,0.45542,0.99553,N1,UC_vs_CD
PTPRC,62.688,-0.53505,0.32805,-1.631,0.10288,0.99553,N1,UC_vs_CD
MIR181A1HG,0.16526,1.7355,4.296,0.40399,0.68622,0.99553,N1,UC_vs_CD
NR5A2,0.12821,2.147,4.3394,0.49477,0.62076,0.99553,N1,UC_vs_CD
LINC00862,0.12821,2.147,4.3394,0.49477,0.62076,0.99553,N1,UC_vs_CD
ZNF281,3.0653,0.89561,0.90256,0.9923,0.32105,0.99553,N1,UC_vs_CD
DDX59,0.41719,0.83692,2.2009,0.38025,0.70376,0.99553,N1,UC_vs_CD
KIF21B,0.12821,2.147,4.3394,0.49477,0.62076,0.99553,N1,UC_vs_CD
TMEM9,0.0738,0.29634,4.1055,0.072182,0.94246,0.99553,N1,UC_vs_CD
CSRP1,0.3099,-0.14541,2.2609,-0.064314,0.94872,0.99553,N1,UC_vs_CD
AC096677.1,0.10906,-0.1236,2.6028,-0.047487,0.96213,0.99553,N1,UC_vs_CD
NAV1,0.31187,2.1139,3.0197,0.70005,0.48389,0.99553,N1,UC_vs_CD
IPO9,1.0184,2.2181,1.9928,1.1131,0.26566,0.99553,N1,UC_vs_CD
SHISA4,0.29347,2.529,3.3068,0.76479,0.4444,0.99553,N1,UC_vs_CD
TIMM17A,0.96005,0.17305,2.9057,0.059555,0.95251,0.99553,N1,UC_vs_CD
RNPEP,0.77628,-0.052267,1.4113,-0.037034,0.97046,0.99553,N1,UC_vs_CD
ELF3,0.57264,-0.72481,2.6692,-0.27155,0.78597,0.99553,N1,UC_vs_CD
ARL8A,1.8517,-0.3916,1.2202,-0.32093,0.74827,0.99553,N1,UC_vs_CD
PTPN7,3.3355,-1.1276,1.68,-0.6712,0.50209,0.99553,N1,UC_vs_CD
UBE2T,1.7602,3.219,4.0666,0.79158,0.42861,0.99553,N1,UC_vs_CD
PPP1R12B,0.63161,2.4617,2.0062,1.227,0.21982,0.99553,N1,UC_vs_CD
KDM5B,0.67061,1.8013,1.9056,0.94524,0.34454,0.99553,N1,UC_vs_CD
AC098934.4,0.035259,0.57985,4.1749,0.13889,0.88954,0.99553,N1,UC_vs_CD
RABIF,0.0738,0.29634,4.1055,0.072182,0.94246,0.99553,N1,UC_vs_CD
KLHL12,0.77593,1.1674,1.5132,0.77148,0.44042,0.99553,N1,UC_vs_CD
ADIPOR1,2.5392,-0.40178,0.96149,-0.41787,0.67604,0.99553,N1,UC_vs_CD
CYB5R1,0.10906,-0.1236,2.6028,-0.047487,0.96213,0.99553,N1,UC_vs_CD
TMEM183A,0.95879,0.46946,1.3705,0.34256,0.73193,0.99553,N1,UC_vs_CD
MYBPH,0.035259,0.57985,4.1749,0.13889,0.88954,0.99553,N1,UC_vs_CD
CHI3L1,1.4206,-0.31528,1.5882,-0.19851,0.84265,0.99553,N1,UC_vs_CD
CHIT1,0.18514,-0.97652,2.8755,-0.3396,0.73416,0.99553,N1,UC_vs_CD
LINC01353,0.62114,-0.47407,1.6286,-0.29108,0.77099,0.99553,N1,UC_vs_CD
LINC01136,0.65297,0.69865,1.8161,0.3847,0.70046,0.99553,N1,UC_vs_CD
BTG2,50.17,0.048295,0.78984,0.061145,0.95124,0.99553,N1,UC_vs_CD
FMOD,0.16526,1.7355,4.296,0.40399,0.68622,0.99553,N1,UC_vs_CD
ATP2B4,0.43174,0.90967,2.2741,0.40001,0.68915,0.99553,N1,UC_vs_CD
LAX1,2.098,1.4561,2.0119,0.72373,0.46923,0.99553,N1,UC_vs_CD
ZC3H11A,0.29347,2.529,3.3068,0.76479,0.4444,0.99553,N1,UC_vs_CD
ZBED6,0.15185,1.7355,4.296,0.40399,0.68622,0.99553,N1,UC_vs_CD
SNRPE,2.5065,0.69494,1.1632,0.59741,0.55023,0.99553,N1,UC_vs_CD
PPP1R15B,11.549,-0.11014,0.50982,-0.21604,0.82895,0.99553,N1,UC_vs_CD
PIK3C2B,0.15185,1.7355,4.296,0.40399,0.68622,0.99553,N1,UC_vs_CD
MDM4,5.3543,-0.44809,1.0248,-0.43725,0.66193,0.99553,N1,UC_vs_CD
AL512306.3,0.12821,2.147,4.3394,0.49477,0.62076,0.99553,N1,UC_vs_CD
LRRN2,0.12821,2.147,4.3394,0.49477,0.62076,0.99553,N1,UC_vs_CD
NFASC,0.035259,0.57985,4.1749,0.13889,0.88954,0.99553,N1,UC_vs_CD
TMEM81,0.46815,2.6288,3.7763,0.69614,0.48634,0.99553,N1,UC_vs_CD
RBBP5,0.50845,0.066541,2.5476,0.026119,0.97916,0.99553,N1,UC_vs_CD
DSTYK,0.61184,3.0588,3.969,0.77066,0.44091,0.99553,N1,UC_vs_CD
NUAK2,0.72457,3.5929,2.5056,1.4339,0.15159,0.99553,N1,UC_vs_CD
ELK4,0.29945,-0.0015891,3.8162,-0.00041641,0.99967,0.99979,N1,UC_vs_CD
NUCKS1,1.0462,1.9695,1.5785,1.2477,0.21215,0.99553,N1,UC_vs_CD
RAB29,1.1291,0.34428,2.3827,0.14449,0.88511,0.99553,N1,UC_vs_CD
RHEX,0.23381,0.79896,3.5449,0.22538,0.82168,0.99553,N1,UC_vs_CD
SRGAP2,0.86248,0.072562,2.0473,0.035443,0.97173,0.99553,N1,UC_vs_CD
IKBKE,0.20052,0.9601,3.1736,0.30253,0.76225,0.99553,N1,UC_vs_CD
RASSF5,7.4261,-0.39965,0.64144,-0.62306,0.53325,0.99553,N1,UC_vs_CD
EIF2D,0.28006,2.5294,3.2581,0.77633,0.43755,0.99553,N1,UC_vs_CD
AL591846.2,0.11463,0.076876,4.1956,0.018323,0.98538,0.99553,N1,UC_vs_CD
MAPKAPK2,4.0162,0.86552,0.71425,1.2118,0.2256,0.99553,N1,UC_vs_CD
FCMR,0.32003,2.1244,4.2058,0.50511,0.61349,0.99553,N1,UC_vs_CD
PIGR,1.9841,-3.5523,1.9801,-1.794,0.072819,0.99553,N1,UC_vs_CD
PFKFB2,0.64208,0.45386,1.8488,0.24549,0.80608,0.99553,N1,UC_vs_CD
YOD1,0.37423,0.86918,3.8808,0.22397,0.82278,0.99553,N1,UC_vs_CD
C4BPA,0.27581,0.39133,3.2674,0.11977,0.90467,0.99553,N1,UC_vs_CD
CD55,54.52,-0.49752,0.67287,-0.7394,0.45966,0.99553,N1,UC_vs_CD
CR1,5.3084,-1.8089,0.8545,-2.1169,0.034273,0.99553,N1,UC_vs_CD
AL137789.1,0.12821,2.147,4.3394,0.49477,0.62076,0.99553,N1,UC_vs_CD
CD46,10.938,-0.96284,0.87872,-1.0957,0.2732,0.99553,N1,UC_vs_CD
MIR29B2CHG,2.8299,0.62565,1.279,0.48916,0.62473,0.99553,N1,UC_vs_CD
CAMK1G,0.5864,-1.2381,2.4563,-0.50407,0.61422,0.99553,N1,UC_vs_CD
LAMB3,2.8208,1.1984,1.0294,1.1642,0.24436,0.99553,N1,UC_vs_CD
AL031316.1,0.51917,-1.0373,2.101,-0.4937,0.62152,0.99553,N1,UC_vs_CD
G0S2,696.64,-0.94986,1.0214,-0.92998,0.35238,0.99553,N1,UC_vs_CD
TRAF3IP3,1.9945,-0.11996,1.2156,-0.098684,0.92139,0.99553,N1,UC_vs_CD
UTP25,0.5034,1.9119,2.5157,0.75997,0.44727,0.99553,N1,UC_vs_CD
RCOR3,0.035259,0.57985,4.1749,0.13889,0.88954,0.99553,N1,UC_vs_CD
TRAF5,0.16001,1.7355,4.296,0.40399,0.68622,0.99553,N1,UC_vs_CD
LINC00467,0.5772,1.2284,1.9793,0.62065,0.53483,0.99553,N1,UC_vs_CD
SLC30A1,0.30371,2.096,4.2116,0.49768,0.61871,0.99553,N1,UC_vs_CD
LPGAT1,1.6565,0.38852,1.4714,0.26405,0.79174,0.99553,N1,UC_vs_CD
INTS7,0.32003,2.1244,4.2058,0.50511,0.61349,0.99553,N1,UC_vs_CD
PPP2R5A,0.70074,-2.8028,1.8688,-1.4998,0.13367,0.99553,N1,UC_vs_CD
NENF,0.18843,-0.92039,3.1557,-0.29166,0.77055,0.99553,N1,UC_vs_CD
AC092803.2,0.62197,-1.5232,2.6796,-0.56844,0.56974,0.99553,N1,UC_vs_CD
ATF3,3.0671,-0.63528,1.0169,-0.62469,0.53217,0.99553,N1,UC_vs_CD
FAM71A,0.035259,0.57985,4.1749,0.13889,0.88954,0.99553,N1,UC_vs_CD
BATF3,0.22565,0.79989,3.5133,0.22768,0.8199,0.99553,N1,UC_vs_CD
NSL1,1.0999,0.4376,1.3802,0.31704,0.75121,0.99553,N1,UC_vs_CD
TATDN3,0.0738,0.29634,4.1055,0.072182,0.94246,0.99553,N1,UC_vs_CD
FLVCR1-DT,0.23381,0.79896,3.5449,0.22538,0.82168,0.99553,N1,UC_vs_CD
ANGEL2,0.30813,2.1491,4.3393,0.49527,0.62041,0.99553,N1,UC_vs_CD
RPS6KC1,0.27432,0.25917,2.2534,0.11501,0.90844,0.99553,N1,UC_vs_CD
PROX1,0.11463,0.076876,4.1956,0.018323,0.98538,0.99553,N1,UC_vs_CD
SMYD2,0.22925,-0.75796,4.1396,-0.1831,0.85472,0.99553,N1,UC_vs_CD
CENPF,0.16001,1.7355,4.296,0.40399,0.68622,0.99553,N1,UC_vs_CD
USH2A,0.16001,1.7355,4.296,0.40399,0.68622,0.99553,N1,UC_vs_CD
GPATCH2,0.39908,1.2938,2.4876,0.52012,0.60298,0.99553,N1,UC_vs_CD
RRP15,0.79191,2.7068,3.5225,0.76843,0.44223,0.99553,N1,UC_vs_CD
LYPLAL1,1.1418,2.5513,1.5673,1.6278,0.10357,0.99553,N1,UC_vs_CD
EPRS,2.1348,2.0945,2.6385,0.79384,0.42729,0.99553,N1,UC_vs_CD
BPNT1,0.43465,0.96667,3.5014,0.27608,0.78249,0.99553,N1,UC_vs_CD
IARS2,0.50029,0.12896,1.9648,0.065636,0.94767,0.99553,N1,UC_vs_CD
RAB3GAP2,0.4549,-0.96531,2.3929,-0.40341,0.68665,0.99553,N1,UC_vs_CD
C1orf115,0.035259,0.57985,4.1749,0.13889,0.88954,0.99553,N1,UC_vs_CD
MARC2,0.16526,1.7355,4.296,0.40399,0.68622,0.99553,N1,UC_vs_CD
MARC1,0.4801,0.27624,1.8488,0.14942,0.88123,0.99553,N1,UC_vs_CD
HLX,2.7466,-0.13065,1.4252,-0.091671,0.92696,0.99553,N1,UC_vs_CD
DUSP10,0.32528,2.1316,3.0535,0.69809,0.48512,0.99553,N1,UC_vs_CD
LINC01705,0.45556,2.3509,4.1642,0.56455,0.57238,0.99553,N1,UC_vs_CD
AL513314.2,0.33046,-1.1349,3.0081,-0.37726,0.70598,0.99553,N1,UC_vs_CD
MIA3,1.4981,-0.2204,1.2407,-0.17764,0.859,0.99553,N1,UC_vs_CD
AIDA,0.32873,1.7502,2.311,0.75734,0.44885,0.99553,N1,UC_vs_CD
BROX,1.033,0.039317,1.4027,0.028029,0.97764,0.99553,N1,UC_vs_CD
AL392172.1,0.16001,1.7355,4.296,0.40399,0.68622,0.99553,N1,UC_vs_CD
TLR5,0.62477,0.65418,2.0646,0.31686,0.75135,0.99553,N1,UC_vs_CD
CAPN2,0.89957,1.8601,1.7743,1.0484,0.29447,0.99553,N1,UC_vs_CD
TP53BP2,1.514,0.31191,1.6031,0.19457,0.84573,0.99553,N1,UC_vs_CD
FBXO28,0.0738,0.29634,4.1055,0.072182,0.94246,0.99553,N1,UC_vs_CD
DEGS1,1.437,-1.436,1.5412,-0.93169,0.3515,0.99553,N1,UC_vs_CD
NVL,0.19527,0.95987,3.1507,0.30465,0.76063,0.99553,N1,UC_vs_CD
CNIH4,2.8717,-0.38447,0.9547,-0.40271,0.68716,0.99553,N1,UC_vs_CD
WDR26,4.8446,1.1292,0.69617,1.6221,0.10479,0.99553,N1,UC_vs_CD
LBR,5.7889,0.22347,1.0595,0.21091,0.83296,0.99553,N1,UC_vs_CD
ENAH,0.0738,0.29634,4.1055,0.072182,0.94246,0.99553,N1,UC_vs_CD
SRP9,1.4799,2.2299,1.4048,1.5873,0.11244,0.99553,N1,UC_vs_CD
EPHX1,0.11463,0.076876,4.1956,0.018323,0.98538,0.99553,N1,UC_vs_CD
AL591895.1,0.28822,2.5291,3.2881,0.76917,0.44179,0.99553,N1,UC_vs_CD
TMEM63A,0.23906,0.79839,3.5646,0.22398,0.82277,0.99553,N1,UC_vs_CD
PYCR2,0.16001,1.7355,4.296,0.40399,0.68622,0.99553,N1,UC_vs_CD
SDE2,1.7026,-0.21456,1.354,-0.15846,0.87409,0.99553,N1,UC_vs_CD
H3F3A,227.84,-0.325,0.54957,-0.59138,0.55427,0.99553,N1,UC_vs_CD
ACBD3,0.19873,0.93233,2.7996,0.33302,0.73912,0.99553,N1,UC_vs_CD
MIXL1,0.16001,1.7355,4.296,0.40399,0.68622,0.99553,N1,UC_vs_CD
PARP1,1.752,1.8602,1.989,0.93526,0.34965,0.99553,N1,UC_vs_CD
ITPKB,0.73355,3.6347,2.2965,1.5827,0.11349,0.99553,N1,UC_vs_CD
COQ8A,0.16001,1.7355,4.296,0.40399,0.68622,0.99553,N1,UC_vs_CD
SNAP47,0.16001,1.7355,4.296,0.40399,0.68622,0.99553,N1,UC_vs_CD
JMJD4,0.0738,0.29634,4.1055,0.072182,0.94246,0.99553,N1,UC_vs_CD
ARF1,11.185,0.25814,0.52767,0.48921,0.6247,0.99553,N1,UC_vs_CD
MRPL55,1.5681,1.1554,1.3525,0.85422,0.39298,0.99553,N1,UC_vs_CD
GUK1,8.434,-0.61415,0.73385,-0.83688,0.40266,0.99553,N1,UC_vs_CD
IBA57,0.43958,0.64557,2.5,0.25823,0.79623,0.99553,N1,UC_vs_CD
OBSCN,0.0738,0.29634,4.1055,0.072182,0.94246,0.99553,N1,UC_vs_CD
TRIM11,0.70196,2.1978,2.8649,0.76715,0.44299,0.99553,N1,UC_vs_CD
RNF187,0.30813,2.1491,4.3393,0.49527,0.62041,0.99553,N1,UC_vs_CD
RHOU,0.18711,0.95949,3.1139,0.30814,0.75798,0.99553,N1,UC_vs_CD
RAB4A,0.41719,0.83692,2.2009,0.38025,0.70376,0.99553,N1,UC_vs_CD
CCSAP,0.49656,-0.18288,2.6416,-0.069232,0.9448,0.99553,N1,UC_vs_CD
TAF5L,0.1476,-0.38372,3.978,-0.09646,0.92315,0.99553,N1,UC_vs_CD
GALNT2,0.64949,-0.96211,1.8261,-0.52688,0.59828,0.99553,N1,UC_vs_CD
COG2,0.64006,2.5648,4.1315,0.62078,0.53474,0.99553,N1,UC_vs_CD
TTC13,0.035259,0.57985,4.1749,0.13889,0.88954,0.99553,N1,UC_vs_CD
ARV1,0.16001,1.7355,4.296,0.40399,0.68622,0.99553,N1,UC_vs_CD
FAM89A,0.16526,1.7355,4.296,0.40399,0.68622,0.99553,N1,UC_vs_CD
C1orf131,0.89563,0.3467,1.8084,0.19172,0.84796,0.99553,N1,UC_vs_CD
GNPAT,0.43634,2.8476,3.2624,0.87286,0.38274,0.99553,N1,UC_vs_CD
EXOC8,0.10906,-0.1236,2.6028,-0.047487,0.96213,0.99553,N1,UC_vs_CD
SPRTN,0.23381,0.79896,3.5449,0.22538,0.82168,0.99553,N1,UC_vs_CD
EGLN1,1.524,1.4385,1.3684,1.0513,0.29314,0.99553,N1,UC_vs_CD
AL445524.1,4.3853,-0.48006,0.87425,-0.54911,0.58293,0.99553,N1,UC_vs_CD
TSNAX,1.9258,0.81822,1.2162,0.67278,0.50109,0.99553,N1,UC_vs_CD
LINC00582,0.32528,2.1316,3.0535,0.69809,0.48512,0.99553,N1,UC_vs_CD
DISC1,0.20201,1.0374,3.076,0.33725,0.73593,0.99553,N1,UC_vs_CD
SIPA1L2,2.2518,-1.3484,1.4163,-0.95206,0.34107,0.99553,N1,UC_vs_CD
MAP10,0.16001,1.7355,4.296,0.40399,0.68622,0.99553,N1,UC_vs_CD
NTPCR,0.070518,0.17302,4.0786,0.042422,0.96616,0.99553,N1,UC_vs_CD
AL355472.1,0.39579,0.83656,2.333,0.35858,0.71991,0.99553,N1,UC_vs_CD
COA6,1.3391,0.86388,1.504,0.57438,0.56571,0.99553,N1,UC_vs_CD
IRF2BP2,10.207,0.14747,0.66823,0.22068,0.82534,0.99553,N1,UC_vs_CD
AL391832.1,0.035259,0.57985,4.1749,0.13889,0.88954,0.99553,N1,UC_vs_CD
AL391832.2,0.95184,1.2366,1.4375,0.86026,0.38964,0.99553,N1,UC_vs_CD
AL391832.3,0.32618,-1.7462,3.1718,-0.55053,0.58196,0.99553,N1,UC_vs_CD
LINC01348,0.16526,1.7355,4.296,0.40399,0.68622,0.99553,N1,UC_vs_CD
TOMM20,3.6344,-0.27121,0.83035,-0.32662,0.74395,0.99553,N1,UC_vs_CD
ARID4B,12.597,-0.9891,0.62093,-1.5929,0.11118,0.99553,N1,UC_vs_CD
GGPS1,0.82052,2.4509,1.907,1.2852,0.19872,0.99553,N1,UC_vs_CD
TBCE,0.11463,0.076876,4.1956,0.018323,0.98538,0.99553,N1,UC_vs_CD
TBCE-1,0.035259,0.57985,4.1749,0.13889,0.88954,0.99553,N1,UC_vs_CD
B3GALNT2,0.73545,1.3975,2.3386,0.59758,0.55012,0.99553,N1,UC_vs_CD
LYST,7.5973,0.59469,0.68239,0.87148,0.38349,0.99553,N1,UC_vs_CD
NID1,0.0738,0.29634,4.1055,0.072182,0.94246,0.99553,N1,UC_vs_CD
GPR137B,0.16001,1.7355,4.296,0.40399,0.68622,0.99553,N1,UC_vs_CD
ERO1B,0.51895,0.082235,2.5615,0.032104,0.97439,0.99553,N1,UC_vs_CD
LGALS8,2.4485,-0.082603,0.98414,-0.083935,0.93311,0.99553,N1,UC_vs_CD
HEATR1,0.10906,-0.1236,2.6028,-0.047487,0.96213,0.99553,N1,UC_vs_CD
MTR,0.11463,0.076876,4.1956,0.018323,0.98538,0.99553,N1,UC_vs_CD
CHRM3-AS2,0.16001,1.7355,4.296,0.40399,0.68622,0.99553,N1,UC_vs_CD
FH,0.15185,1.7355,4.296,0.40399,0.68622,0.99553,N1,UC_vs_CD
KMO,0.15185,1.7355,4.296,0.40399,0.68622,0.99553,N1,UC_vs_CD
CHML,0.62099,1.1396,2.7367,0.41639,0.67712,0.99553,N1,UC_vs_CD
CEP170,5.1978,1.3882,1.3164,1.0545,0.29165,0.99553,N1,UC_vs_CD
AL606534.1,0.035259,0.57985,4.1749,0.13889,0.88954,0.99553,N1,UC_vs_CD
SDCCAG8,2.4997,0.67055,1.1444,0.58596,0.5579,0.99553,N1,UC_vs_CD
ZBTB18,0.58964,1.0277,1.5974,0.64339,0.51997,0.99553,N1,UC_vs_CD
ADSS,1.2805,0.46635,1.2275,0.37993,0.704,0.99553,N1,UC_vs_CD
DESI2,0.14988,-0.59457,2.8782,-0.20658,0.83634,0.99553,N1,UC_vs_CD
COX20,0.81247,-0.42962,1.8773,-0.22885,0.81899,0.99553,N1,UC_vs_CD
HNRNPU,20.205,-0.003789,0.54458,-0.0069575,0.99445,0.99979,N1,UC_vs_CD
BX323046.1,0.035259,0.57985,4.1749,0.13889,0.88954,0.99553,N1,UC_vs_CD
EFCAB2,0.20201,1.0374,3.076,0.33725,0.73593,0.99553,N1,UC_vs_CD
SMYD3,0.46815,2.6288,3.7763,0.69614,0.48634,0.99553,N1,UC_vs_CD
TFB2M,0.035259,0.57985,4.1749,0.13889,0.88954,0.99553,N1,UC_vs_CD
CNST,0.19527,0.95987,3.1507,0.30465,0.76063,0.99553,N1,UC_vs_CD
AHCTF1,1.7029,-0.13074,1.2247,-0.10675,0.91499,0.99553,N1,UC_vs_CD
ZNF695,0.16001,1.7355,4.296,0.40399,0.68622,0.99553,N1,UC_vs_CD
ZNF669,0.30958,-0.070584,2.1467,-0.03288,0.97377,0.99553,N1,UC_vs_CD
ZNF124,0.16001,1.7355,4.296,0.40399,0.68622,0.99553,N1,UC_vs_CD
AL390728.6,0.61246,0.91552,1.8541,0.49379,0.62146,0.99553,N1,UC_vs_CD
ZNF496,0.11463,0.076876,4.1956,0.018323,0.98538,0.99553,N1,UC_vs_CD
NLRP3,10.696,1.3466,1.0422,1.2921,0.19633,0.99553,N1,UC_vs_CD
OR2B11,0.035259,0.57985,4.1749,0.13889,0.88954,0.99553,N1,UC_vs_CD
GCSAML,0.81901,1.9252,2.4426,0.78819,0.43059,0.99553,N1,UC_vs_CD
SH3BP5L,0.16001,1.7355,4.296,0.40399,0.68622,0.99553,N1,UC_vs_CD
ZNF672,0.23727,0.71493,2.0629,0.34656,0.72892,0.99553,N1,UC_vs_CD
PGBD2,0.16526,1.7355,4.296,0.40399,0.68622,0.99553,N1,UC_vs_CD
FAM110C,0.0738,0.29634,4.1055,0.072182,0.94246,0.99553,N1,UC_vs_CD
SH3YL1,0.16526,1.7355,4.296,0.40399,0.68622,0.99553,N1,UC_vs_CD
ACP1,1.8435,2.1945,1.9128,1.1473,0.25128,0.99553,N1,UC_vs_CD
TMEM18,0.91994,1.5887,2.4526,0.64777,0.51713,0.99553,N1,UC_vs_CD
PXDN,0.16526,1.7355,4.296,0.40399,0.68622,0.99553,N1,UC_vs_CD
MYT1L,0.11463,0.076876,4.1956,0.018323,0.98538,0.99553,N1,UC_vs_CD
EIPR1,0.0738,0.29634,4.1055,0.072182,0.94246,0.99553,N1,UC_vs_CD
TRAPPC12,0.035259,0.57985,4.1749,0.13889,0.88954,0.99553,N1,UC_vs_CD
TRAPPC12-AS1,0.035259,0.57985,4.1749,0.13889,0.88954,0.99553,N1,UC_vs_CD
ADI1,1.3375,0.18195,1.4162,0.12848,0.89777,0.99553,N1,UC_vs_CD
RNASEH1,0.65474,0.2837,1.9613,0.14465,0.88499,0.99553,N1,UC_vs_CD
RNASEH1-AS1,0.16001,1.7355,4.296,0.40399,0.68622,0.99553,N1,UC_vs_CD
RPS7,62.654,1.9239,0.92266,2.0851,0.037057,0.99553,N1,UC_vs_CD
CMPK2,0.42766,0.79337,2.488,0.31887,0.74982,0.99553,N1,UC_vs_CD
RSAD2,14.438,-3.3283,1.2252,-2.7165,0.0065978,0.99553,N1,UC_vs_CD
LINC01871,0.32003,2.1244,4.2058,0.50511,0.61349,0.99553,N1,UC_vs_CD
ID2,3.613,-0.86352,1.0286,-0.83949,0.40119,0.99553,N1,UC_vs_CD
KIDINS220,2.093,0.38052,1.0166,0.37429,0.70819,0.99553,N1,UC_vs_CD
MBOAT2,1.9432,-2.4337,1.2279,-1.982,0.047481,0.99553,N1,UC_vs_CD
ITGB1BP1,0.32873,1.7502,2.311,0.75734,0.44885,0.99553,N1,UC_vs_CD
CPSF3,0.1476,-0.38372,3.978,-0.09646,0.92315,0.99553,N1,UC_vs_CD
IAH1,1.6732,0.98822,1.7822,0.55451,0.57923,0.99553,N1,UC_vs_CD
ADAM17,6.8556,0.75806,0.94952,0.79836,0.42466,0.99553,N1,UC_vs_CD
AC073195.1,0.0738,0.29634,4.1055,0.072182,0.94246,0.99553,N1,UC_vs_CD
YWHAQ,1.4919,0.36722,1.2357,0.29718,0.76633,0.99553,N1,UC_vs_CD
TAF1B,0.33052,2.1419,4.2023,0.5097,0.61026,0.99553,N1,UC_vs_CD
KLF11,0.16001,1.7355,4.296,0.40399,0.68622,0.99553,N1,UC_vs_CD
RRM2,0.16001,1.7355,4.296,0.40399,0.68622,0.99553,N1,UC_vs_CD
HPCAL1,1.8528,0.042791,1.0778,0.039703,0.96833,0.99553,N1,UC_vs_CD
ODC1,1.5274,2.8326,2.3328,1.2142,0.22466,0.99553,N1,UC_vs_CD
NOL10,1.0509,0.74027,1.364,0.5427,0.58733,0.99553,N1,UC_vs_CD
ATP6V1C2,0.035259,0.57985,4.1749,0.13889,0.88954,0.99553,N1,UC_vs_CD
PDIA6,8.3557,1.2806,1.0105,1.2673,0.20505,0.99553,N1,UC_vs_CD
PQLC3,0.38193,1.2016,3.5543,0.33806,0.73532,0.99553,N1,UC_vs_CD
ROCK2,1.0495,0.4963,1.4416,0.34427,0.73064,0.99553,N1,UC_vs_CD
E2F6,0.30813,2.1491,4.3393,0.49527,0.62041,0.99553,N1,UC_vs_CD
LPIN1,1.4764,-0.97525,2.3469,-0.41556,0.67773,0.99553,N1,UC_vs_CD
TRIB2,0.15185,1.7355,4.296,0.40399,0.68622,0.99553,N1,UC_vs_CD
NBAS,0.0738,0.29634,4.1055,0.072182,0.94246,0.99553,N1,UC_vs_CD
DDX1,1.0101,2.7894,3.0064,0.92783,0.3535,0.99553,N1,UC_vs_CD
FAM49A,4.4041,1.3,0.92075,1.4119,0.15797,0.99553,N1,UC_vs_CD
SMC6,0.35386,1.5544,2.4165,0.64324,0.52007,0.99553,N1,UC_vs_CD
GEN1,0.40827,2.9811,3.5459,0.84071,0.40051,0.99553,N1,UC_vs_CD
RDH14,0.11463,0.076876,4.1956,0.018323,0.98538,0.99553,N1,UC_vs_CD
TTC32,0.20052,0.9601,3.1736,0.30253,0.76225,0.99553,N1,UC_vs_CD
AC013400.1,0.035259,0.57985,4.1749,0.13889,0.88954,0.99553,N1,UC_vs_CD
WDR35,0.28822,2.5291,3.2881,0.76917,0.44179,0.99553,N1,UC_vs_CD
LAPTM4A,3.1077,0.50165,0.90142,0.55652,0.57786,0.99553,N1,UC_vs_CD
SDC1,1.2119,-1.1403,1.6087,-0.70882,0.47844,0.99553,N1,UC_vs_CD
PUM2,2.059,0.15663,1.0255,0.15273,0.87861,0.99553,N1,UC_vs_CD
RHOB,4.7625,0.70308,0.76906,0.91421,0.36061,0.99553,N1,UC_vs_CD
HS1BP3,0.33503,-1.798,3.0175,-0.59585,0.55128,0.99553,N1,UC_vs_CD
LDAH,0.34339,1.5137,3.3061,0.45785,0.64706,0.99553,N1,UC_vs_CD
ATAD2B,0.34516,-0.54607,2.2253,-0.24539,0.80616,0.99553,N1,UC_vs_CD
UBXN2A,0.65049,-0.71464,2.768,-0.25818,0.79627,0.99553,N1,UC_vs_CD
SF3B6,5.6457,0.21568,0.87024,0.24784,0.80426,0.99553,N1,UC_vs_CD
FAM228B,0.24284,0.79513,3.6848,0.21578,0.82916,0.99553,N1,UC_vs_CD
TP53I3,0.52055,1.5946,2.3808,0.66978,0.503,0.99553,N1,UC_vs_CD
ITSN2,2.714,0.10615,0.83265,0.12748,0.89856,0.99553,N1,UC_vs_CD
NCOA1,4.0469,-0.70517,0.92709,-0.76062,0.44688,0.99553,N1,UC_vs_CD
PTRHD1,0.11463,0.076876,4.1956,0.018323,0.98538,0.99553,N1,UC_vs_CD
ADCY3,0.87289,-2.4344,2.6675,-0.91259,0.36146,0.99553,N1,UC_vs_CD
DNAJC27,0.0738,0.29634,4.1055,0.072182,0.94246,0.99553,N1,UC_vs_CD
POMC,0.61626,3.1638,4.327,0.73117,0.46468,0.99553,N1,UC_vs_CD
DNMT3A,0.34713,1.3196,2.3079,0.57175,0.56749,0.99553,N1,UC_vs_CD
DTNB,0.42276,0.78781,4.0144,0.19624,0.84442,0.99553,N1,UC_vs_CD
AC104699.1,1.1827,1.4153,2.1617,0.65469,0.51267,0.99553,N1,UC_vs_CD
ASXL2,1.7558,0.33853,1.3841,0.24459,0.80678,0.99553,N1,UC_vs_CD
KIF3C,0.34844,-0.37546,2.3977,-0.15659,0.87556,0.99553,N1,UC_vs_CD
RAB10,3.0451,-1.0843,0.87863,-1.234,0.21719,0.99553,N1,UC_vs_CD
HADHA,0.90967,1.3959,1.4218,0.98178,0.32621,0.99553,N1,UC_vs_CD
HADHB,1.0334,0.95128,1.5581,0.61055,0.5415,0.99553,N1,UC_vs_CD
SELENOI,0.5996,0.8836,1.9615,0.45047,0.65237,0.99553,N1,UC_vs_CD
DRC1,0.035259,0.57985,4.1749,0.13889,0.88954,0.99553,N1,UC_vs_CD
TMEM214,0.86722,2.4794,2.2256,1.1141,0.26525,0.99553,N1,UC_vs_CD
AC013403.2,0.16001,1.7355,4.296,0.40399,0.68622,0.99553,N1,UC_vs_CD
OST4,24.46,1.1287,0.79627,1.4175,0.15633,0.99553,N1,UC_vs_CD
EMILIN1,0.0738,0.29634,4.1055,0.072182,0.94246,0.99553,N1,UC_vs_CD
PREB,0.85558,0.1995,1.6733,0.11922,0.9051,0.99553,N1,UC_vs_CD
SLC5A6,0.16001,1.7355,4.296,0.40399,0.68622,0.99553,N1,UC_vs_CD
ATRAID,2.1407,1.9972,1.2793,1.5612,0.11848,0.99553,N1,UC_vs_CD
CAD,0.16001,1.7355,4.296,0.40399,0.68622,0.99553,N1,UC_vs_CD
MPV17,0.86101,1.811,1.6624,1.0894,0.27597,0.99553,N1,UC_vs_CD
AC074117.1,1.9587,-3.3887,1.5242,-2.2233,0.026193,0.99553,N1,UC_vs_CD
EIF2B4,0.66867,2.2523,2.1233,1.0608,0.2888,0.99553,N1,UC_vs_CD
SNX17,0.78146,0.68294,1.572,0.43443,0.66398,0.99553,N1,UC_vs_CD
ZNF513,0.035259,0.57985,4.1749,0.13889,0.88954,0.99553,N1,UC_vs_CD
PPM1G,1.0099,-0.16329,1.8141,-0.090012,0.92828,0.99553,N1,UC_vs_CD
NRBP1,0.61281,-0.47953,1.5513,-0.30912,0.75723,0.99553,N1,UC_vs_CD
KRTCAP3,0.11463,0.076876,4.1956,0.018323,0.98538,0.99553,N1,UC_vs_CD
CCDC121,0.15185,1.7355,4.296,0.40399,0.68622,0.99553,N1,UC_vs_CD
GPN1,0.23053,0.5269,3.4413,0.15311,0.87831,0.99553,N1,UC_vs_CD
SUPT7L,0.18711,0.95949,3.1139,0.30814,0.75798,0.99553,N1,UC_vs_CD
SLC4A1AP,0.46372,2.3673,3.1517,0.7511,0.45259,0.99553,N1,UC_vs_CD
MRPL33,3.5597,-0.24719,0.81553,-0.30311,0.76181,0.99553,N1,UC_vs_CD
RBKS,0.36472,-1.891,2.0477,-0.92348,0.35576,0.99553,N1,UC_vs_CD
BABAM2,0.97386,2.8846,1.8844,1.5308,0.12582,0.99553,N1,UC_vs_CD
AC104695.2,0.12821,2.147,4.3394,0.49477,0.62076,0.99553,N1,UC_vs_CD
FOSL2,20.846,0.086072,0.59749,0.14406,0.88546,0.99553,N1,UC_vs_CD
AC104695.3,0.38487,-0.10142,2.0693,-0.049009,0.96091,0.99553,N1,UC_vs_CD
PLB1,0.27809,0.2111,2.2882,0.092255,0.9265,0.99553,N1,UC_vs_CD
AC092164.1,0.035259,0.57985,4.1749,0.13889,0.88954,0.99553,N1,UC_vs_CD
PPP1CB,14.994,-0.32977,0.80721,-0.40853,0.68288,0.99553,N1,UC_vs_CD
TRMT61B,0.16526,1.7355,4.296,0.40399,0.68622,0.99553,N1,UC_vs_CD
WDR43,0.23053,0.5269,3.4413,0.15311,0.87831,0.99553,N1,UC_vs_CD
CLIP4,0.49898,1.5767,2.3522,0.67031,0.50266,0.99553,N1,UC_vs_CD
YPEL5,12.689,0.33033,0.73589,0.44888,0.65352,0.99553,N1,UC_vs_CD
LBH,0.16526,1.7355,4.296,0.40399,0.68622,0.99553,N1,UC_vs_CD
XDH,0.16001,1.7355,4.296,0.40399,0.68622,0.99553,N1,UC_vs_CD
MEMO1,0.31187,2.1139,3.0197,0.70005,0.48389,0.99553,N1,UC_vs_CD
DPY30,3.5724,-0.82616,1.5014,-0.55027,0.58213,0.99553,N1,UC_vs_CD
SPAST,0.7207,-1.2295,1.5156,-0.81126,0.41722,0.99553,N1,UC_vs_CD
AL121658.1,0.18843,-0.92039,3.1557,-0.29166,0.77055,0.99553,N1,UC_vs_CD
SLC30A6,0.1476,-0.38372,3.978,-0.09646,0.92315,0.99553,N1,UC_vs_CD
NLRC4,0.65837,0.62532,1.6247,0.38489,0.70032,0.99553,N1,UC_vs_CD
YIPF4,1.7325,-0.95845,1.1552,-0.82969,0.40671,0.99553,N1,UC_vs_CD
BIRC6,2.4057,1.3573,0.98663,1.3757,0.16892,0.99553,N1,UC_vs_CD
TTC27,0.16001,1.7355,4.296,0.40399,0.68622,0.99553,N1,UC_vs_CD
RASGRP3,1.3628,3.0708,2.4016,1.2787,0.20101,0.99553,N1,UC_vs_CD
FAM98A,0.50813,0.088331,1.9249,0.04589,0.9634,0.99553,N1,UC_vs_CD
CRIM1,0.48238,2.3869,3.1913,0.74793,0.4545,0.99553,N1,UC_vs_CD
FEZ2,0.43174,0.90967,2.2741,0.40001,0.68915,0.99553,N1,UC_vs_CD
STRN,0.42092,-1.0377,2.3437,-0.44276,0.65794,0.99553,N1,UC_vs_CD
GPATCH11,0.48529,2.3901,3.1978,0.74742,0.45481,0.99553,N1,UC_vs_CD
EIF2AK2,3.0452,-1.5951,1.0796,-1.4775,0.13954,0.99553,N1,UC_vs_CD
CEBPZOS,0.4399,0.91987,2.2834,0.40285,0.68706,0.99553,N1,UC_vs_CD
CEBPZ,2.1405,-1.427,1.6299,-0.87552,0.38129,0.99553,N1,UC_vs_CD
NDUFAF7,0.29347,2.529,3.3068,0.76479,0.4444,0.99553,N1,UC_vs_CD
PRKD3,0.80532,2.7164,3.5393,0.76751,0.44278,0.99553,N1,UC_vs_CD
QPCT,3.9157,0.62615,0.86778,0.72156,0.47057,0.99553,N1,UC_vs_CD
AC006369.1,1.0551,-0.87553,1.5366,-0.56979,0.56882,0.99553,N1,UC_vs_CD
CDC42EP3,21.797,-0.20143,0.50209,-0.40118,0.68829,0.99553,N1,UC_vs_CD
LINC00211,1.2669,-1.9604,2.325,-0.84318,0.39913,0.99553,N1,UC_vs_CD
CYP1B1,0.58802,1.3344,2.8117,0.4746,0.63507,0.99553,N1,UC_vs_CD
ATL2,0.62276,-0.67911,1.6634,-0.40826,0.68308,0.99553,N1,UC_vs_CD
HNRNPLL,0.15185,1.7355,4.296,0.40399,0.68622,0.99553,N1,UC_vs_CD
GALM,0.1476,-0.38372,3.978,-0.09646,0.92315,0.99553,N1,UC_vs_CD
SRSF7,5.5219,1.2737,1.1345,1.1227,0.26156,0.99553,N1,UC_vs_CD
GEMIN6,0.46815,2.6288,3.7763,0.69614,0.48634,0.99553,N1,UC_vs_CD
SOS1,0.37325,-0.37825,3.8257,-0.09887,0.92124,0.99553,N1,UC_vs_CD
MAP4K3,0.16526,1.7355,4.296,0.40399,0.68622,0.99553,N1,UC_vs_CD
THUMPD2,0.30813,2.1491,4.3393,0.49527,0.62041,0.99553,N1,UC_vs_CD
SLC8A1-AS1,0.070518,0.17302,4.0786,0.042422,0.96616,0.99553,N1,UC_vs_CD
SLC8A1,1.8116,0.67844,1.2241,0.55425,0.57941,0.99553,N1,UC_vs_CD
EML4,8.9775,-0.32331,0.58642,-0.55132,0.58141,0.99553,N1,UC_vs_CD
COX7A2L,2.1694,0.91495,1.5495,0.59049,0.55486,0.99553,N1,UC_vs_CD
MTA3,0.12821,2.147,4.3394,0.49477,0.62076,0.99553,N1,UC_vs_CD
OXER1,0.24284,0.79513,3.6848,0.21578,0.82916,0.99553,N1,UC_vs_CD
HAAO,0.035259,0.57985,4.1749,0.13889,0.88954,0.99553,N1,UC_vs_CD
ZFP36L2,7.6409,0.28327,1.6026,0.17676,0.8597,0.99553,N1,UC_vs_CD
AC010883.1,0.035259,0.57985,4.1749,0.13889,0.88954,0.99553,N1,UC_vs_CD
THADA,0.23381,0.79896,3.5449,0.22538,0.82168,0.99553,N1,UC_vs_CD
LRPPRC,0.69397,-0.9695,1.965,-0.4934,0.62173,0.99553,N1,UC_vs_CD
AC019129.2,0.035259,0.57985,4.1749,0.13889,0.88954,0.99553,N1,UC_vs_CD
PPM1B,1.6306,1.5748,1.1874,1.3263,0.18474,0.99553,N1,UC_vs_CD
PREPL,0.46815,2.6288,3.7763,0.69614,0.48634,0.99553,N1,UC_vs_CD
CAMKMT,0.035259,0.57985,4.1749,0.13889,0.88954,0.99553,N1,UC_vs_CD
SRBD1,0.59324,-0.41057,1.863,-0.22038,0.82557,0.99553,N1,UC_vs_CD
PRKCE,0.31712,2.1207,3.0327,0.69927,0.48438,0.99553,N1,UC_vs_CD
EPAS1,0.75782,1.2659,1.5885,0.79693,0.42549,0.99553,N1,UC_vs_CD
ATP6V1E2,0.35386,1.5544,2.4165,0.64324,0.52007,0.99553,N1,UC_vs_CD
RHOQ,3.1776,0.79168,2.0441,0.38731,0.69853,0.99553,N1,UC_vs_CD
PIGF,1.0677,2.0571,1.7593,1.1693,0.24229,0.99553,N1,UC_vs_CD
CRIPT,2.0873,1.1025,1.2203,0.90347,0.36628,0.99553,N1,UC_vs_CD
SOCS5,0.29347,2.529,3.3068,0.76479,0.4444,0.99553,N1,UC_vs_CD
LINC01118,0.035259,0.57985,4.1749,0.13889,0.88954,0.99553,N1,UC_vs_CD
MCFD2,1.2588,0.6948,1.803,0.38536,0.69997,0.99553,N1,UC_vs_CD
TTC7A,0.035259,0.57985,4.1749,0.13889,0.88954,0.99553,N1,UC_vs_CD
CALM2,13.625,0.45364,0.88933,0.5101,0.60998,0.99553,N1,UC_vs_CD
EPCAM,0.42569,-0.71487,1.8467,-0.38711,0.69868,0.99553,N1,UC_vs_CD
MSH2,0.16001,1.7355,4.296,0.40399,0.68622,0.99553,N1,UC_vs_CD
MSH6,0.16001,1.7355,4.296,0.40399,0.68622,0.99553,N1,UC_vs_CD
FBXO11,1.857,-0.46542,0.99261,-0.46889,0.63915,0.99553,N1,UC_vs_CD
AC079807.1,0.16001,1.7355,4.296,0.40399,0.68622,0.99553,N1,UC_vs_CD
FOXN2,1.6426,0.10895,1.2963,0.084046,0.93302,0.99553,N1,UC_vs_CD
AC093635.1,0.23381,0.79896,3.5449,0.22538,0.82168,0.99553,N1,UC_vs_CD
PPP1R21,0.36572,-1.2461,2.7141,-0.45911,0.64616,0.99553,N1,UC_vs_CD
NRXN1,0.035259,0.57985,4.1749,0.13889,0.88954,0.99553,N1,UC_vs_CD
CHAC2,0.77628,3.5839,4.1642,0.86066,0.38943,0.99553,N1,UC_vs_CD
ERLEC1,3.7727,0.08089,0.95732,0.084496,0.93266,0.99553,N1,UC_vs_CD
PSME4,1.6103,-0.33221,1.1774,-0.28215,0.77783,0.99553,N1,UC_vs_CD
ACYP2,0.38338,-0.43735,2.1169,-0.2066,0.83632,0.99553,N1,UC_vs_CD
SPTBN1,0.50813,0.088331,1.9249,0.04589,0.9634,0.99553,N1,UC_vs_CD
EML6,0.16001,1.7355,4.296,0.40399,0.68622,0.99553,N1,UC_vs_CD
RTN4,16.209,-1.2049,0.58732,-2.0515,0.040219,0.99553,N1,UC_vs_CD
RPS27A,84.606,1.2247,0.7344,1.6677,0.095384,0.99553,N1,UC_vs_CD
MTIF2,0.30813,2.1491,4.3393,0.49527,0.62041,0.99553,N1,UC_vs_CD
CCDC88A,1.845,1.2381,1.3214,0.93698,0.34877,0.99553,N1,UC_vs_CD
CFAP36,0.68924,0.45573,2.9067,0.15678,0.87542,0.99553,N1,UC_vs_CD
PPP4R3B,0.8236,-0.49351,1.5767,-0.31301,0.75427,0.99553,N1,UC_vs_CD
AC015982.1,0.19527,0.95987,3.1507,0.30465,0.76063,0.99553,N1,UC_vs_CD
PNPT1,1.1829,2.7299,1.9551,1.3962,0.16264,0.99553,N1,UC_vs_CD
FANCL,0.16001,1.7355,4.296,0.40399,0.68622,0.99553,N1,UC_vs_CD
BCL11A,1.0293,-0.063664,2.2511,-0.028281,0.97744,0.99553,N1,UC_vs_CD
PAPOLG,0.035259,0.57985,4.1749,0.13889,0.88954,0.99553,N1,UC_vs_CD
REL,15.598,0.088498,0.67774,0.13058,0.89611,0.99553,N1,UC_vs_CD
PUS10,0.035259,0.57985,4.1749,0.13889,0.88954,0.99553,N1,UC_vs_CD
PEX13,0.11463,0.076876,4.1956,0.018323,0.98538,0.99553,N1,UC_vs_CD
C2orf74,0.34844,-0.37546,2.3977,-0.15659,0.87556,0.99553,N1,UC_vs_CD
USP34,2.5615,0.13601,0.87546,0.15536,0.87653,0.99553,N1,UC_vs_CD
AC016727.1,0.070518,0.17302,4.0786,0.042422,0.96616,0.99553,N1,UC_vs_CD
XPO1,1.7859,1.4829,1.2342,1.2016,0.22953,0.99553,N1,UC_vs_CD
FAM161A,0.47713,2.3914,2.4574,0.97316,0.33048,0.99553,N1,UC_vs_CD
CCT4,1.3178,3.2123,1.7672,1.8178,0.069102,0.99553,N1,UC_vs_CD
COMMD1,1.4516,-0.57714,3.0183,-0.19121,0.84836,0.99553,N1,UC_vs_CD
B3GNT2,0.14432,-0.42113,2.4698,-0.17051,0.86461,0.99553,N1,UC_vs_CD
OTX1,0.12821,2.147,4.3394,0.49477,0.62076,0.99553,N1,UC_vs_CD
WDPCP,0.3099,-0.14541,2.2609,-0.064314,0.94872,0.99553,N1,UC_vs_CD
MDH1,1.547,0.78058,1.5051,0.51864,0.60401,0.99553,N1,UC_vs_CD
UGP2,2.5973,-0.29885,1.3278,-0.22507,0.82193,0.99553,N1,UC_vs_CD
VPS54,0.27581,0.39133,3.2674,0.11977,0.90467,0.99553,N1,UC_vs_CD
AC012368.2,0.10906,-0.1236,2.6028,-0.047487,0.96213,0.99553,N1,UC_vs_CD
PELI1,16.837,-1.1959,0.62,-1.9288,0.053753,0.99553,N1,UC_vs_CD
AC012368.1,1.5743,-0.35459,1.2441,-0.28503,0.77562,0.99553,N1,UC_vs_CD
LINC00309,1.27,-0.12253,1.6399,-0.074716,0.94044,0.99553,N1,UC_vs_CD
LGALSL,0.65674,0.29293,1.8478,0.15853,0.87404,0.99553,N1,UC_vs_CD
AFTPH,5.3455,0.7398,0.67989,1.0881,0.27654,0.99553,N1,UC_vs_CD
SERTAD2,2.8932,1.364,1.2105,1.1268,0.25984,0.99553,N1,UC_vs_CD
LINC02245,0.27464,0.50675,3.2634,0.15528,0.8766,0.99553,N1,UC_vs_CD
SLC1A4,0.2214,-0.75066,3.927,-0.19116,0.8484,0.99553,N1,UC_vs_CD
LINC02576,0.30813,2.1491,4.3393,0.49527,0.62041,0.99553,N1,UC_vs_CD
CEP68,0.65671,0.21875,1.5717,0.13918,0.88931,0.99553,N1,UC_vs_CD
RAB1A,16.75,-0.61694,0.58222,-1.0596,0.28931,0.99553,N1,UC_vs_CD
ACTR2,15.153,0.50567,0.39662,1.2749,0.20233,0.99553,N1,UC_vs_CD
SPRED2,0.16526,1.7355,4.296,0.40399,0.68622,0.99553,N1,UC_vs_CD
ETAA1,0.18843,-0.92039,3.1557,-0.29166,0.77055,0.99553,N1,UC_vs_CD
C1D,3.0425,1.493,1.204,1.2401,0.21495,0.99553,N1,UC_vs_CD
PNO1,0.34287,-0.22519,2.2744,-0.09901,0.92113,0.99553,N1,UC_vs_CD
PPP3R1,1.382,-1.2514,1.3202,-0.94791,0.34318,0.99553,N1,UC_vs_CD
PLEK,341.9,-1.252,0.53653,-2.3334,0.019626,0.99553,N1,UC_vs_CD
FBXO48,0.31187,2.1139,3.0197,0.70005,0.48389,0.99553,N1,UC_vs_CD
ARHGAP25,3.0597,-0.67966,0.96464,-0.70458,0.48107,0.99553,N1,UC_vs_CD
LINC01888,0.035259,0.57985,4.1749,0.13889,0.88954,0.99553,N1,UC_vs_CD
GFPT1,0.54339,-0.15415,1.7989,-0.08569,0.93171,0.99553,N1,UC_vs_CD
NFU1,0.42093,0.63221,1.939,0.32605,0.74438,0.99553,N1,UC_vs_CD
AAK1,0.92228,1.5537,1.8908,0.82173,0.41123,0.99553,N1,UC_vs_CD
ANXA4,0.47803,-1.3577,2.4304,-0.55865,0.5764,0.99553,N1,UC_vs_CD
GMCL1,0.72001,-1.2277,1.8782,-0.65369,0.51331,0.99553,N1,UC_vs_CD
SNRNP27,1.1127,0.81076,1.5235,0.53218,0.5946,0.99553,N1,UC_vs_CD
MXD1,46.191,0.11455,0.53871,0.21265,0.8316,0.99553,N1,UC_vs_CD
PCBP1,15.206,0.41555,0.71683,0.5797,0.56211,0.99553,N1,UC_vs_CD
TIA1,0.51239,1.6012,2.0101,0.79658,0.42569,0.99553,N1,UC_vs_CD
SNRPG,7.0374,-0.21892,1.0161,-0.21545,0.82941,0.99553,N1,UC_vs_CD
FAM136A,1.1952,1.0465,1.7331,0.60385,0.54594,0.99553,N1,UC_vs_CD
TGFA,0.55439,1.4098,1.7193,0.82001,0.41221,0.99553,N1,UC_vs_CD
NAGK,4.5839,-0.37688,0.68127,-0.5532,0.58013,0.99553,N1,UC_vs_CD
AC007881.3,0.16001,1.7355,4.296,0.40399,0.68622,0.99553,N1,UC_vs_CD
MCEE,0.69868,2.0125,2.7301,0.73713,0.46104,0.99553,N1,UC_vs_CD
MPHOSPH10,0.81527,2.5253,2.1321,1.1844,0.23626,0.99553,N1,UC_vs_CD
PAIP2B,0.6629,0.14163,2.8124,0.050358,0.95984,0.99553,N1,UC_vs_CD
ZNF638,1.9743,0.093754,1.039,0.090234,0.9281,0.99553,N1,UC_vs_CD
DYSF,2.2558,-0.15807,1.0888,-0.14517,0.88458,0.99553,N1,UC_vs_CD
EXOC6B,0.16001,1.7355,4.296,0.40399,0.68622,0.99553,N1,UC_vs_CD
SFXN5,0.45349,2.8995,2.5614,1.132,0.25763,0.99553,N1,UC_vs_CD
SMYD5,0.23906,0.79839,3.5646,0.22398,0.82277,0.99553,N1,UC_vs_CD
PRADC1,0.26091,0.25946,2.237,0.11598,0.90767,0.99553,N1,UC_vs_CD
CCT7,1.6614,0.6105,1.6996,0.35921,0.71944,0.99553,N1,UC_vs_CD
FBXO41,0.23381,0.79896,3.5449,0.22538,0.82168,0.99553,N1,UC_vs_CD
EGR4,1.5407,3.916,4.3394,0.90244,0.36682,0.99553,N1,UC_vs_CD
ALMS1,0.16001,1.7355,4.296,0.40399,0.68622,0.99553,N1,UC_vs_CD
TPRKB,0.89806,1.2541,1.6113,0.77836,0.43636,0.99553,N1,UC_vs_CD
DUSP11,0.21812,-0.78126,2.4483,-0.3191,0.74965,0.99553,N1,UC_vs_CD
STAMBP,0.47484,0.2877,2.4582,0.11704,0.90683,0.99553,N1,UC_vs_CD
DGUOK,2.3459,0.99418,0.98001,1.0145,0.31036,0.99553,N1,UC_vs_CD
TET3,3.4316,-0.95908,0.88888,-1.079,0.2806,0.99553,N1,UC_vs_CD
BOLA3,0.23381,0.79896,3.5449,0.22538,0.82168,0.99553,N1,UC_vs_CD
MOB1A,10.256,-0.57725,0.53133,-1.0864,0.27728,0.99553,N1,UC_vs_CD
AC073263.2,0.16001,1.7355,4.296,0.40399,0.68622,0.99553,N1,UC_vs_CD
MTHFD2,2.2956,-0.61845,1.3806,-0.44797,0.65417,0.99553,N1,UC_vs_CD
DCTN1,0.7296,1.789,2.74,0.65293,0.5138,0.99553,N1,UC_vs_CD
WDR54,0.94996,0.89385,2.7796,0.32158,0.74777,0.99553,N1,UC_vs_CD
MOGS,0.85709,0.48681,1.5694,0.31018,0.75642,0.99553,N1,UC_vs_CD
MRPL53,0.5034,1.9119,2.5157,0.75997,0.44727,0.99553,N1,UC_vs_CD
CCDC142,0.16526,1.7355,4.296,0.40399,0.68622,0.99553,N1,UC_vs_CD
TTC31,0.15185,1.7355,4.296,0.40399,0.68622,0.99553,N1,UC_vs_CD
AUP1,1.0625,2.0796,1.8368,1.1322,0.25755,0.99553,N1,UC_vs_CD
HTRA2,0.74423,-0.27622,1.5685,-0.17611,0.86021,0.99553,N1,UC_vs_CD
DOK1,0.12821,2.147,4.3394,0.49477,0.62076,0.99553,N1,UC_vs_CD
AC019069.1,0.16001,1.7355,4.296,0.40399,0.68622,0.99553,N1,UC_vs_CD
HK2,1.7388,1.0816,1.5429,0.70104,0.48328,0.99553,N1,UC_vs_CD
POLE4,1.2547,0.80063,1.5682,0.51054,0.60967,0.99553,N1,UC_vs_CD
MRPL19,0.49099,0.43319,2.1735,0.1993,0.84203,0.99553,N1,UC_vs_CD
GCFC2,0.34844,-0.37546,2.3977,-0.15659,0.87556,0.99553,N1,UC_vs_CD
REG1B,1.1105,-9.7944,12.215,-0.80182,0.42266,0.99553,N1,UC_vs_CD
REG1A,4.2224,-2.1329,3.5021,-0.60903,0.5425,0.99553,N1,UC_vs_CD
REG3A,1.2251,-16.579,112.87,-0.14689,0.88322,0.99553,N1,UC_vs_CD
SUCLG1,1.848,1.4468,1.5623,0.92604,0.35442,0.99553,N1,UC_vs_CD
TMSB10,66.752,0.95225,0.72311,1.3169,0.18788,0.99553,N1,UC_vs_CD
KCMF1,0.59256,1.0525,1.8425,0.57122,0.56785,0.99553,N1,UC_vs_CD
TCF7L1,0.11463,0.076876,4.1956,0.018323,0.98538,0.99553,N1,UC_vs_CD
TGOLN2,3.4922,0.54442,1.199,0.45405,0.64979,0.99553,N1,UC_vs_CD
RETSAT,0.0738,0.29634,4.1055,0.072182,0.94246,0.99553,N1,UC_vs_CD
ELMOD3,0.86722,2.4794,2.2256,1.1141,0.26525,0.99553,N1,UC_vs_CD
CAPG,1.0642,0.91104,1.313,0.69386,0.48777,0.99553,N1,UC_vs_CD
MAT2A,2.2511,1.1466,1.057,1.0848,0.27802,0.99553,N1,UC_vs_CD
GGCX,1.4459,2.9558,1.8165,1.6272,0.1037,0.99553,N1,UC_vs_CD
VAMP8,1.7566,1.0726,1.1623,0.92282,0.3561,0.99553,N1,UC_vs_CD
VAMP5,2.9562,-0.50609,1.3142,-0.38511,0.70016,0.99553,N1,UC_vs_CD
RNF181,5.1381,1.6033,1.0203,1.5714,0.1161,0.99553,N1,UC_vs_CD
USP39,0.16001,1.7355,4.296,0.40399,0.68622,0.99553,N1,UC_vs_CD
C2orf68,0.26222,-1.4233,3.2885,-0.43281,0.66515,0.99553,N1,UC_vs_CD
GNLY,0.12821,2.147,4.3394,0.49477,0.62076,0.99553,N1,UC_vs_CD
POLR1A,0.16001,1.7355,4.296,0.40399,0.68622,0.99553,N1,UC_vs_CD
PTCD3,0.45999,2.6284,3.7508,0.70074,0.48347,0.99553,N1,UC_vs_CD
IMMT,0.74278,1.7152,2.8794,0.59568,0.55139,0.99553,N1,UC_vs_CD
MRPL35,0.83898,0.67629,1.9343,0.34962,0.72662,0.99553,N1,UC_vs_CD
KDM3A,1.1382,-2.0328,1.6145,-1.2591,0.20799,0.99553,N1,UC_vs_CD
CHMP3,2.7642,-0.43479,0.90261,-0.4817,0.63002,0.99553,N1,UC_vs_CD
AC015971.1,0.0738,0.29634,4.1055,0.072182,0.94246,0.99553,N1,UC_vs_CD
RNF103,1.713,0.8367,1.4644,0.57136,0.56776,0.99553,N1,UC_vs_CD
RMND5A,1.3404,0.38254,1.29,0.29654,0.76682,0.99553,N1,UC_vs_CD
CD8A,0.48004,2.3809,4.1592,0.57243,0.56703,0.99553,N1,UC_vs_CD
LINC01943,1.2485,0.12729,1.2446,0.10228,0.91853,0.99553,N1,UC_vs_CD
CYTOR,23.101,0.02041,0.50385,0.040508,0.96769,0.99553,N1,UC_vs_CD
AC133644.2,0.16001,1.7355,4.296,0.40399,0.68622,0.99553,N1,UC_vs_CD
RGPD2,0.035259,0.57985,4.1749,0.13889,0.88954,0.99553,N1,UC_vs_CD
KRCC1,0.20052,0.9601,3.1736,0.30253,0.76225,0.99553,N1,UC_vs_CD
FABP1,0.35915,-1.2759,2.4794,-0.51458,0.60684,0.99553,N1,UC_vs_CD
EIF2AK3,0.52853,-0.51118,2.4105,-0.21207,0.83206,0.99553,N1,UC_vs_CD
AC062029.1,0.48004,2.3809,4.1592,0.57243,0.56703,0.99553,N1,UC_vs_CD
RPIA,0.30761,-0.0017928,3.8441,-0.00046637,0.99963,0.99979,N1,UC_vs_CD
IGKC,8530.1,2.5924,1.8318,1.4152,,,N1,UC_vs_CD
IGKV4-1,0.27432,0.25917,2.2534,0.11501,0.90844,0.99553,N1,UC_vs_CD
IGKV1-5,2.1262,-3.3729,2.9291,-1.1515,0.24952,0.99553,N1,UC_vs_CD
IGKV1-6,0.16001,1.7355,4.296,0.40399,0.68622,0.99553,N1,UC_vs_CD
IGKV1-9,2.5933,4.3348,4.357,0.9949,0.31978,0.99553,N1,UC_vs_CD
IGKV3-11,2.1686,-4.4385,3.6227,-1.2252,0.22051,0.99553,N1,UC_vs_CD
IGKV1-12,0.32003,2.1244,4.2058,0.50511,0.61349,0.99553,N1,UC_vs_CD
IGKV1-16,0.15185,1.7355,4.296,0.40399,0.68622,0.99553,N1,UC_vs_CD
IGKV3-20,2.4472,4.1027,2.7419,1.4963,0.13457,0.99553,N1,UC_vs_CD
IGKV2-24,0.0738,0.29634,4.1055,0.072182,0.94246,0.99553,N1,UC_vs_CD
IGKV1-27,1.7982,-3.2425,3.7748,-0.85899,0.39035,0.99553,N1,UC_vs_CD
IGKV2-28,0.48004,2.3809,4.1592,0.57243,0.56703,0.99553,N1,UC_vs_CD
IGKV2D-28,0.16001,1.7355,4.296,0.40399,0.68622,0.99553,N1,UC_vs_CD
IGKV1D-17,0.16001,1.7355,4.296,0.40399,0.68622,0.99553,N1,UC_vs_CD
IGKV1D-12,0.16001,1.7355,4.296,0.40399,0.68622,0.99553,N1,UC_vs_CD
IGKV3D-11,0.16001,1.7355,4.296,0.40399,0.68622,0.99553,N1,UC_vs_CD
IGKV1D-43,0.30813,2.1491,4.3393,0.49527,0.62041,0.99553,N1,UC_vs_CD
IGKV1D-8,0.41011,-0.64413,2.2249,-0.28951,0.77219,0.99553,N1,UC_vs_CD
MRPS5,0.70196,2.1978,2.8649,0.76715,0.44299,0.99553,N1,UC_vs_CD
ZNF514,0.14988,-0.59457,2.8782,-0.20658,0.83634,0.99553,N1,UC_vs_CD
FAHD2A,0.42276,0.78781,4.0144,0.19624,0.84442,0.99553,N1,UC_vs_CD
ANKRD36C,0.7795,0.51939,2.8757,0.18061,0.85667,0.99553,N1,UC_vs_CD
DUSP2,4.988,0.86158,1.0485,0.82173,0.41123,0.99553,N1,UC_vs_CD
STARD7,1.1924,0.80192,2.3779,0.33723,0.73594,0.99553,N1,UC_vs_CD
TMEM127,2.2029,1.582,0.97251,1.6267,0.10379,0.99553,N1,UC_vs_CD
CIAO1,0.37423,0.86918,3.8808,0.22397,0.82278,0.99553,N1,UC_vs_CD
SNRNP200,1.7262,0.2541,1.6034,0.15848,0.87408,0.99553,N1,UC_vs_CD
NCAPH,0.0738,0.29634,4.1055,0.072182,0.94246,0.99553,N1,UC_vs_CD
AC013270.1,0.16526,1.7355,4.296,0.40399,0.68622,0.99553,N1,UC_vs_CD
ARID5A,3.8033,-1.7263,1.1495,-1.5018,0.13315,0.99553,N1,UC_vs_CD
KANSL3,0.35529,1.3328,3.6732,0.36284,0.71673,0.99553,N1,UC_vs_CD
LMAN2L,0.32528,2.1316,3.0535,0.69809,0.48512,0.99553,N1,UC_vs_CD
CNNM4,0.4835,2.0946,2.4814,0.84409,0.39862,0.99553,N1,UC_vs_CD
ANKRD39,0.32528,2.1316,3.0535,0.69809,0.48512,0.99553,N1,UC_vs_CD
ANKRD36,0.31515,-0.14493,2.2684,-0.063888,0.94906,0.99553,N1,UC_vs_CD
AC092683.1,0.41719,0.83692,2.2009,0.38025,0.70376,0.99553,N1,UC_vs_CD
COX5B,4.4701,-0.50395,0.79569,-0.63335,0.52651,0.99553,N1,UC_vs_CD
ACTR1B,0.18843,-0.92039,3.1557,-0.29166,0.77055,0.99553,N1,UC_vs_CD
TMEM131,0.74966,1.2436,1.4617,0.85075,0.39491,0.99553,N1,UC_vs_CD
INPP4A,1.1451,0.16489,2.2422,0.07354,0.94138,0.99553,N1,UC_vs_CD
COA5,0.94972,1.6148,1.6804,0.96096,0.33657,0.99553,N1,UC_vs_CD
UNC50,1.7504,0.75812,1.9751,0.38384,0.7011,0.99553,N1,UC_vs_CD
MGAT4A,0.61329,0.47297,1.8616,0.25406,0.79945,0.99553,N1,UC_vs_CD
TSGA10,0.5258,1.5991,2.3876,0.66974,0.50302,0.99553,N1,UC_vs_CD
MITD1,1.4429,-0.45458,1.3986,-0.32502,0.74517,0.99553,N1,UC_vs_CD
TXNDC9,0.23727,0.71493,2.0629,0.34656,0.72892,0.99553,N1,UC_vs_CD
EIF5B,2.5158,0.41151,1.2601,0.32658,0.74399,0.99553,N1,UC_vs_CD
REV1,0.17958,-0.63764,2.4879,-0.25629,0.79772,0.99553,N1,UC_vs_CD
AFF3,0.0738,0.29634,4.1055,0.072182,0.94246,0.99553,N1,UC_vs_CD
CHST10,0.11463,0.076876,4.1956,0.018323,0.98538,0.99553,N1,UC_vs_CD
PDCL3,0.78084,2.7296,2.3977,1.1385,0.25493,0.99553,N1,UC_vs_CD
RPL31,7.8805,1.3387,0.6596,2.0296,0.042394,0.99553,N1,UC_vs_CD
TBC1D8,0.15185,1.7355,4.296,0.40399,0.68622,0.99553,N1,UC_vs_CD
CNOT11,0.23578,0.5275,3.4637,0.15229,0.87896,0.99553,N1,UC_vs_CD
RNF149,38.74,-0.94342,0.60991,-1.5468,0.12191,0.99553,N1,UC_vs_CD
MAP4K4,11.276,0.59722,0.78447,0.76131,0.44647,0.99553,N1,UC_vs_CD
LINC01127,0.45245,0.55615,2.0553,0.27059,0.78671,0.99553,N1,UC_vs_CD
IL1R2,27.767,-0.46909,0.77142,-0.60809,0.54313,0.99553,N1,UC_vs_CD
IL1R1,1.8474,-1.0454,1.2297,-0.8502,0.39521,0.99553,N1,UC_vs_CD
IL1RL2,0.035259,0.57985,4.1749,0.13889,0.88954,0.99553,N1,UC_vs_CD
IL18R1,1.0247,-1.1728,1.4143,-0.82927,0.40695,0.99553,N1,UC_vs_CD
IL18RAP,1.8447,-3.4244,2.5349,-1.3509,0.17673,0.99553,N1,UC_vs_CD
MRPS9,0.43465,0.96667,3.5014,0.27608,0.78249,0.99553,N1,UC_vs_CD
TGFBRAP1,0.23381,0.79896,3.5449,0.22538,0.82168,0.99553,N1,UC_vs_CD
AC012360.1,0.0738,0.29634,4.1055,0.072182,0.94246,0.99553,N1,UC_vs_CD
AC012360.3,0.34713,1.3196,2.3079,0.57175,0.56749,0.99553,N1,UC_vs_CD
C2orf49,0.31515,-0.14493,2.2684,-0.063888,0.94906,0.99553,N1,UC_vs_CD
FHL2,0.16001,1.7355,4.296,0.40399,0.68622,0.99553,N1,UC_vs_CD
NCK2,0.46763,0.3297,3.791,0.086968,0.9307,0.99553,N1,UC_vs_CD
UXS1,0.0738,0.29634,4.1055,0.072182,0.94246,0.99553,N1,UC_vs_CD
GCC2,4.5711,0.57673,0.75053,0.76844,0.44223,0.99553,N1,UC_vs_CD
LIMS1,13.138,-1.5421,1.2307,-1.2531,0.21017,0.99553,N1,UC_vs_CD
RANBP2,6.045,-0.18995,0.82723,-0.22962,0.81839,0.99553,N1,UC_vs_CD
CCDC138,0.55581,1.0908,2.4678,0.44199,0.6585,0.99553,N1,UC_vs_CD
SH3RF3,0.035259,0.57985,4.1749,0.13889,0.88954,0.99553,N1,UC_vs_CD
MALL,0.10906,-0.1236,2.6028,-0.047487,0.96213,0.99553,N1,UC_vs_CD
SMIM37,0.15185,1.7355,4.296,0.40399,0.68622,0.99553,N1,UC_vs_CD
BUB1,0.32003,2.1244,4.2058,0.50511,0.61349,0.99553,N1,UC_vs_CD
MIR4435-2HG,14.786,-0.87422,1.1412,-0.76606,0.44364,0.99553,N1,UC_vs_CD
BCL2L11,2.7306,-0.15417,1.0992,-0.14026,0.88845,0.99553,N1,UC_vs_CD
AC108463.3,0.15185,1.7355,4.296,0.40399,0.68622,0.99553,N1,UC_vs_CD
AC068491.3,0.39383,1.2613,3.9508,0.31926,0.74953,0.99553,N1,UC_vs_CD
AC017002.3,0.10578,-0.14974,4.0165,-0.037281,0.97026,0.99553,N1,UC_vs_CD
TMEM87B,0.18843,-0.92039,3.1557,-0.29166,0.77055,0.99553,N1,UC_vs_CD
ZC3H8,0.5772,1.2284,1.9793,0.62065,0.53483,0.99553,N1,UC_vs_CD
ZC3H6,0.035259,0.57985,4.1749,0.13889,0.88954,0.99553,N1,UC_vs_CD
TTL,0.23053,0.5269,3.4413,0.15311,0.87831,0.99553,N1,UC_vs_CD
POLR1B,0.20052,0.9601,3.1736,0.30253,0.76225,0.99553,N1,UC_vs_CD
CHCHD5,1.0659,1.8976,1.4562,1.3031,0.19255,0.99553,N1,UC_vs_CD
AC079922.2,0.035259,0.57985,4.1749,0.13889,0.88954,0.99553,N1,UC_vs_CD
SLC20A1,8.5383,-0.41599,1.0802,-0.3851,0.70016,0.99553,N1,UC_vs_CD
CKAP2L,0.035259,0.57985,4.1749,0.13889,0.88954,0.99553,N1,UC_vs_CD
IL1A,15.97,-0.80929,1.3613,-0.59449,0.55218,0.99553,N1,UC_vs_CD
IL1B,372.36,0.16055,0.87923,0.1826,0.85511,0.99553,N1,UC_vs_CD
IL1RN,234.58,-0.51776,0.79083,-0.6547,0.51266,0.99553,N1,UC_vs_CD
PSD4,0.6192,1.0051,1.7345,0.57949,0.56226,0.99553,N1,UC_vs_CD
CBWD2,0.39728,1.0705,1.8925,0.56565,0.57163,0.99553,N1,UC_vs_CD
SLC35F5,0.98381,0.90687,1.6807,0.53956,0.5895,0.99553,N1,UC_vs_CD
AC104653.1,0.11463,0.076876,4.1956,0.018323,0.98538,0.99553,N1,UC_vs_CD
AC110769.2,0.5305,1.5211,2.466,0.61683,0.53735,0.99553,N1,UC_vs_CD
ACTR3,33.181,-0.65881,0.32964,-1.9986,0.045653,0.99553,N1,UC_vs_CD
LINC01191,0.25566,-1.4436,3.0421,-0.47453,0.63512,0.99553,N1,UC_vs_CD
DDX18,4.1148,0.088619,0.94668,0.09361,0.92542,0.99553,N1,UC_vs_CD
AC009404.1,0.43433,0.64014,1.946,0.32895,0.74219,0.99553,N1,UC_vs_CD
CCDC93,2.3011,0.51895,1.4931,0.34757,0.72817,0.99553,N1,UC_vs_CD
AC009303.2,0.070518,0.17302,4.0786,0.042422,0.96616,0.99553,N1,UC_vs_CD
INSIG2,1.3824,-0.43589,1.6146,-0.26997,0.78718,0.99553,N1,UC_vs_CD
AC093901.1,0.11463,0.076876,4.1956,0.018323,0.98538,0.99553,N1,UC_vs_CD
MARCO,0.63423,2.5662,3.1861,0.80546,0.42056,0.99553,N1,UC_vs_CD
C2orf76,0.59981,2.4847,2.0698,1.2005,0.22996,0.99553,N1,UC_vs_CD
DBI,6.6854,0.73887,0.95552,0.77327,0.43936,0.99553,N1,UC_vs_CD
PTPN4,0.30813,2.1491,4.3393,0.49527,0.62041,0.99553,N1,UC_vs_CD
EPB41L5,0.0738,0.29634,4.1055,0.072182,0.94246,0.99553,N1,UC_vs_CD
TMEM185B,1.1363,-0.47267,1.3393,-0.35293,0.72414,0.99553,N1,UC_vs_CD
RALB,6.6999,-0.25836,0.71431,-0.36169,0.71759,0.99553,N1,UC_vs_CD
INHBB,0.0738,0.29634,4.1055,0.072182,0.94246,0.99553,N1,UC_vs_CD
CLASP1,0.36202,1.5516,2.4306,0.63838,0.52322,0.99553,N1,UC_vs_CD
NIFK-AS1,0.71094,1.8031,2.0215,0.89198,0.3724,0.99553,N1,UC_vs_CD
NIFK,1.1957,0.6953,1.7377,0.40013,0.68906,0.99553,N1,UC_vs_CD
TSN,0.39092,1.2838,2.4754,0.51861,0.60403,0.99553,N1,UC_vs_CD
GYPC,3.2532,0.3414,0.94177,0.36251,0.71697,0.99553,N1,UC_vs_CD
ERCC3,0.33897,1.3072,3.6352,0.3596,0.71915,0.99553,N1,UC_vs_CD
MAP3K2,6.1502,0.49033,0.73281,0.66911,0.50342,0.99553,N1,UC_vs_CD
IWS1,0.34287,-0.22519,2.2744,-0.09901,0.92113,0.99553,N1,UC_vs_CD
MYO7B,0.36727,1.5499,2.4393,0.6354,0.52516,0.99553,N1,UC_vs_CD
LIMS2,0.0738,0.29634,4.1055,0.072182,0.94246,0.99553,N1,UC_vs_CD
WDR33,1.5063,2.5162,1.6753,1.5019,0.13312,0.99553,N1,UC_vs_CD
POLR2D,0.16347,1.3862,2.7687,0.50066,0.61661,0.99553,N1,UC_vs_CD
AMMECR1L,0.035259,0.57985,4.1749,0.13889,0.88954,0.99553,N1,UC_vs_CD
SAP130,0.35386,1.5544,2.4165,0.64324,0.52007,0.99553,N1,UC_vs_CD
UGGT1,1.4062,2.3942,2.4495,0.9774,0.32837,0.99553,N1,UC_vs_CD
HS6ST1,0.11463,0.076876,4.1956,0.018323,0.98538,0.99553,N1,UC_vs_CD
SMPD4,0.32003,2.1244,4.2058,0.50511,0.61349,0.99553,N1,UC_vs_CD
MZT2B,1.0749,-2.5214,1.9776,-1.275,0.20231,0.99553,N1,UC_vs_CD
CCDC115,0.32528,2.1316,3.0535,0.69809,0.48512,0.99553,N1,UC_vs_CD
IMP4,1.0899,1.4861,1.7966,0.82716,0.40814,0.99553,N1,UC_vs_CD
PTPN18,0.84261,2.1463,1.5302,1.4026,0.16074,0.99553,N1,UC_vs_CD
FAM168B,0.92578,-0.071097,1.4873,-0.047803,0.96187,0.99553,N1,UC_vs_CD
PLEKHB2,9.253,-1.4057,0.79126,-1.7766,0.075642,0.99553,N1,UC_vs_CD
MZT2A,0.56068,-1.6636,1.7469,-0.95231,0.34094,0.99553,N1,UC_vs_CD
GPR39,0.0738,0.29634,4.1055,0.072182,0.94246,0.99553,N1,UC_vs_CD
MGAT5,0.035259,0.57985,4.1749,0.13889,0.88954,0.99553,N1,UC_vs_CD
CCNT2-AS1,0.035259,0.57985,4.1749,0.13889,0.88954,0.99553,N1,UC_vs_CD
CCNT2,1.0125,0.73472,1.5375,0.47786,0.63275,0.99553,N1,UC_vs_CD
RAB3GAP1,1.4937,-0.064501,1.4372,-0.044879,0.9642,0.99553,N1,UC_vs_CD
ZRANB3,0.16001,1.7355,4.296,0.40399,0.68622,0.99553,N1,UC_vs_CD
R3HDM1,0.99374,0.81908,2.1166,0.38699,0.69877,0.99553,N1,UC_vs_CD
UBXN4,6.5235,0.75981,0.65422,1.1614,0.24548,0.99553,N1,UC_vs_CD
MCM6,0.30761,-0.0017928,3.8441,-0.00046637,0.99963,0.99979,N1,UC_vs_CD
DARS,1.0976,0.71763,1.5446,0.4646,0.64222,0.99553,N1,UC_vs_CD
DARS-AS1,0.84399,0.63377,2.1105,0.30029,0.76396,0.99553,N1,UC_vs_CD
CXCR4,46.125,-0.044905,1.0176,-0.044128,0.9648,0.99553,N1,UC_vs_CD
HNMT,0.16526,1.7355,4.296,0.40399,0.68622,0.99553,N1,UC_vs_CD
SPOPL,1.7726,-0.10799,0.99733,-0.10828,0.91377,0.99553,N1,UC_vs_CD
AC092620.1,0.12821,2.147,4.3394,0.49477,0.62076,0.99553,N1,UC_vs_CD
KYNU,2.2096,4.0377,2.7343,1.4767,0.13976,0.99553,N1,UC_vs_CD
ARHGAP15,3.53,0.49662,1.0491,0.47337,0.63595,0.99553,N1,UC_vs_CD
GTDC1,0.54913,-0.27987,1.8618,-0.15032,0.88051,0.99553,N1,UC_vs_CD
ZEB2,31.234,-0.08999,0.74188,-0.1213,0.90345,0.99553,N1,UC_vs_CD
ZEB2-AS1,0.49144,-1.3567,2.4547,-0.5527,0.58047,0.99553,N1,UC_vs_CD
ORC4,0.26091,0.25946,2.237,0.11598,0.90767,0.99553,N1,UC_vs_CD
MBD5,2.0376,0.2306,1.0558,0.21841,0.82711,0.99553,N1,UC_vs_CD
EPC2,0.52055,1.5946,2.3808,0.66978,0.503,0.99553,N1,UC_vs_CD
MMADHC,2.6456,-0.397,0.93324,-0.4254,0.67055,0.99553,N1,UC_vs_CD
RND3,0.40432,1.2823,3.9485,0.32476,0.74536,0.99553,N1,UC_vs_CD
RBM43,0.54568,1.5769,2.5723,0.61302,0.53986,0.99553,N1,UC_vs_CD
NMI,6.1115,-0.39349,0.65456,-0.60115,0.54774,0.99553,N1,UC_vs_CD
TNFAIP6,49.781,-1.0657,0.50266,-2.12,0.034002,0.99553,N1,UC_vs_CD
RIF1,0.80462,-0.58129,1.5256,-0.38103,0.70318,0.99553,N1,UC_vs_CD
ARL5A,0.4399,0.91987,2.2834,0.40285,0.68706,0.99553,N1,UC_vs_CD
STAM2,0.37813,-0.43794,2.1094,-0.20761,0.83553,0.99553,N1,UC_vs_CD
PRPF40A,3.45,-0.22329,0.96465,-0.23147,0.81695,0.99553,N1,UC_vs_CD
ARL6IP6,0.30779,0.15961,1.8711,0.085304,0.93202,0.99553,N1,UC_vs_CD
NR4A2,8.2097,1.0265,0.73431,1.3979,0.16215,0.99553,N1,UC_vs_CD
GPD2,0.66867,2.2523,2.1233,1.0608,0.2888,0.99553,N1,UC_vs_CD
ERMN,0.5277,-1.0208,2.0662,-0.49404,0.62128,0.99553,N1,UC_vs_CD
CYTIP,25.482,0.018274,0.6522,0.028019,0.97765,0.99553,N1,UC_vs_CD
ACVR1,0.31187,2.1139,3.0197,0.70005,0.48389,0.99553,N1,UC_vs_CD
CCDC148,0.25642,2.6071,4.3292,0.60222,0.54703,0.99553,N1,UC_vs_CD
PKP4,0.28006,2.5294,3.2581,0.77633,0.43755,0.99553,N1,UC_vs_CD
BAZ2B,4.8085,-0.12161,0.7396,-0.16443,0.86939,0.99553,N1,UC_vs_CD
AC009506.1,0.10906,-0.1236,2.6028,-0.047487,0.96213,0.99553,N1,UC_vs_CD
AC009961.1,0.22565,0.79989,3.5133,0.22768,0.8199,0.99553,N1,UC_vs_CD
MARCH7,2.6745,-0.73556,0.93374,-0.78776,0.43084,0.99553,N1,UC_vs_CD
CD302,1.3708,-0.41412,1.5111,-0.27405,0.78405,0.99553,N1,UC_vs_CD
LY75,0.49276,-1.2886,1.7921,-0.71901,0.47213,0.99553,N1,UC_vs_CD
RBMS1,5.4737,-0.46725,0.96693,-0.48323,0.62894,0.99553,N1,UC_vs_CD
TANK,14.568,-0.73729,0.55327,-1.3326,0.18266,0.99553,N1,UC_vs_CD
LINC01806,0.0738,0.29634,4.1055,0.072182,0.94246,0.99553,N1,UC_vs_CD
PSMD14,1.9443,2.0269,1.5361,1.3195,0.18701,0.99553,N1,UC_vs_CD
GCG,0.035259,0.57985,4.1749,0.13889,0.88954,0.99553,N1,UC_vs_CD
FAP,0.11463,0.076876,4.1956,0.018323,0.98538,0.99553,N1,UC_vs_CD
IFIH1,3.3904,-1.2788,1.0557,-1.2113,0.22577,0.99553,N1,UC_vs_CD
GCA,45.147,-0.8686,0.69329,-1.2529,0.21025,0.99553,N1,UC_vs_CD
COBLL1,0.95344,3.5161,2.8208,1.2465,0.21259,0.99553,N1,UC_vs_CD
SCN3A,0.30371,2.096,4.2116,0.49768,0.61871,0.99553,N1,UC_vs_CD
GALNT3,0.34844,-0.37546,2.3977,-0.15659,0.87556,0.99553,N1,UC_vs_CD
TTC21B,0.40432,1.2823,3.9485,0.32476,0.74536,0.99553,N1,UC_vs_CD
SCN1A,0.14432,-0.42113,2.4698,-0.17051,0.86461,0.99553,N1,UC_vs_CD
STK39,0.035259,0.57985,4.1749,0.13889,0.88954,0.99553,N1,UC_vs_CD
CERS6,0.11463,0.076876,4.1956,0.018323,0.98538,0.99553,N1,UC_vs_CD
SPC25,0.16001,1.7355,4.296,0.40399,0.68622,0.99553,N1,UC_vs_CD
DHRS9,0.11463,0.076876,4.1956,0.018323,0.98538,0.99553,N1,UC_vs_CD
PPIG,5.0911,0.42369,0.70038,0.60494,0.54522,0.99553,N1,UC_vs_CD
CCDC173,0.16001,1.7355,4.296,0.40399,0.68622,0.99553,N1,UC_vs_CD
KLHL23,0.035259,0.57985,4.1749,0.13889,0.88954,0.99553,N1,UC_vs_CD
SSB,1.7971,0.50125,1.254,0.39974,0.68935,0.99553,N1,UC_vs_CD
METTL5,1.2517,0.16675,1.9933,0.083654,0.93333,0.99553,N1,UC_vs_CD
UBR3,0.90462,0.066972,1.6574,0.040407,0.96777,0.99553,N1,UC_vs_CD
GORASP2,0.54143,-0.22968,3.7427,-0.061368,0.95107,0.99553,N1,UC_vs_CD
TLK1,1.2876,-0.73205,1.5113,-0.48439,0.62811,0.99553,N1,UC_vs_CD
METTL8,0.88451,0.27623,1.7135,0.16121,0.87193,0.99553,N1,UC_vs_CD
DYNC1I2,0.8664,0.67412,1.7266,0.39044,0.69621,0.99553,N1,UC_vs_CD
SLC25A12,0.070518,0.17302,4.0786,0.042422,0.96616,0.99553,N1,UC_vs_CD
HAT1,2.4025,0.3357,0.98545,0.34066,0.73336,0.99553,N1,UC_vs_CD
METAP1D,0.14988,-0.59457,2.8782,-0.20658,0.83634,0.99553,N1,UC_vs_CD
ITGA6,0.7367,-0.31546,2.9121,-0.10833,0.91374,0.99553,N1,UC_vs_CD
AC078883.1,0.1476,-0.38372,3.978,-0.09646,0.92315,0.99553,N1,UC_vs_CD
PDK1,4.0085,1.0122,1.3236,0.76472,0.44444,0.99553,N1,UC_vs_CD
MAP3K20,4.07,1.7652,1.1314,1.5602,0.11872,0.99553,N1,UC_vs_CD
CDCA7,0.31187,2.1139,3.0197,0.70005,0.48389,0.99553,N1,UC_vs_CD
SP3,1.1985,-1.2914,1.2979,-0.99494,0.31976,0.99553,N1,UC_vs_CD
OLA1,0.42649,0.90349,2.2685,0.39828,0.69042,0.99553,N1,UC_vs_CD
CIR1,7.4533,-0.34763,0.56167,-0.61892,0.53597,0.99553,N1,UC_vs_CD
SCRN3,0.1476,-0.38372,3.978,-0.09646,0.92315,0.99553,N1,UC_vs_CD
GPR155,0.66273,1.1213,2.7657,0.40544,0.68515,0.99553,N1,UC_vs_CD
WIPF1,13.297,0.17863,0.59316,0.30114,0.76331,0.99553,N1,UC_vs_CD
ATF2,0.45539,-0.37862,1.7631,-0.21475,0.82996,0.99553,N1,UC_vs_CD
ATP5MC3,7.376,1.3425,1.4315,0.9378,0.34835,0.99553,N1,UC_vs_CD
LNPK,0.73527,-0.84109,1.4838,-0.56683,0.57083,0.99553,N1,UC_vs_CD
MTX2,0.46815,2.6288,3.7763,0.69614,0.48634,0.99553,N1,UC_vs_CD
LINC01116,0.14988,-0.59457,2.8782,-0.20658,0.83634,0.99553,N1,UC_vs_CD
HNRNPA3,18.887,-0.073722,0.44106,-0.16715,0.86725,0.99553,N1,UC_vs_CD
NFE2L2,35.953,-0.97193,0.54509,-1.7831,0.074574,0.99553,N1,UC_vs_CD
AC079305.1,0.65364,-1.4366,3.7481,-0.38329,0.7015,0.99553,N1,UC_vs_CD
AGPS,0.16001,1.7355,4.296,0.40399,0.68622,0.99553,N1,UC_vs_CD
TTC30B,0.16001,1.7355,4.296,0.40399,0.68622,0.99553,N1,UC_vs_CD
PRKRA,0.0738,0.29634,4.1055,0.072182,0.94246,0.99553,N1,UC_vs_CD
PJVK,0.035259,0.57985,4.1749,0.13889,0.88954,0.99553,N1,UC_vs_CD
FKBP7,0.30813,2.1491,4.3393,0.49527,0.62041,0.99553,N1,UC_vs_CD
PLEKHA3,0.75195,3.299,2.5189,1.3097,0.19029,0.99553,N1,UC_vs_CD
TTN-AS1,1.4133,0.92588,1.5439,0.5997,0.54871,0.99553,N1,UC_vs_CD
TTN,1.3057,4.1859,4.278,0.97847,0.32784,0.99553,N1,UC_vs_CD
AC009948.4,0.11463,0.076876,4.1956,0.018323,0.98538,0.99553,N1,UC_vs_CD
AC009948.3,0.035259,0.57985,4.1749,0.13889,0.88954,0.99553,N1,UC_vs_CD
AC010680.3,0.14988,-0.59457,2.8782,-0.20658,0.83634,0.99553,N1,UC_vs_CD
AC010680.4,0.16001,1.7355,4.296,0.40399,0.68622,0.99553,N1,UC_vs_CD
CCDC141,0.15185,1.7355,4.296,0.40399,0.68622,0.99553,N1,UC_vs_CD
CWC22,1.7242,-0.19888,1.0074,-0.19743,0.84349,0.99553,N1,UC_vs_CD
UBE2E3,0.75924,-1.2982,1.5114,-0.85894,0.39037,0.99553,N1,UC_vs_CD
LINC01934,0.23381,0.79896,3.5449,0.22538,0.82168,0.99553,N1,UC_vs_CD
ITGA4,1.2968,3.4628,2.3351,1.4829,0.1381,0.99553,N1,UC_vs_CD
SSFA2,1.4759,-0.34241,1.0945,-0.31284,0.7544,0.99553,N1,UC_vs_CD
DNAJC10,1.4464,3.3498,2.297,1.4583,0.14476,0.99553,N1,UC_vs_CD
NCKAP1,0.11463,0.076876,4.1956,0.018323,0.98538,0.99553,N1,UC_vs_CD
AC096667.1,0.37554,-0.71823,1.9243,-0.37323,0.70897,0.99553,N1,UC_vs_CD
ZC3H15,4.8163,0.65188,0.75636,0.86187,0.38876,0.99553,N1,UC_vs_CD
ITGAV,0.6016,3.2453,2.5995,1.2484,0.21187,0.99553,N1,UC_vs_CD
TFPI,0.39092,1.2838,2.4754,0.51861,0.60403,0.99553,N1,UC_vs_CD
COL3A1,0.36399,1.2655,2.2382,0.56541,0.5718,0.99553,N1,UC_vs_CD
SLC40A1,0.52953,0.41262,3.7673,0.10953,0.91278,0.99553,N1,UC_vs_CD
ASNSD1,0.70718,0.165,1.5727,0.10492,0.91644,0.99553,N1,UC_vs_CD
OSGEPL1,0.16001,1.7355,4.296,0.40399,0.68622,0.99553,N1,UC_vs_CD
AC013468.1,0.035259,0.57985,4.1749,0.13889,0.88954,0.99553,N1,UC_vs_CD
ORMDL1,2.0938,0.27858,1.0654,0.26148,0.79372,0.99553,N1,UC_vs_CD
PMS1,0.035259,0.57985,4.1749,0.13889,0.88954,0.99553,N1,UC_vs_CD
C2orf88,0.035259,0.57985,4.1749,0.13889,0.88954,0.99553,N1,UC_vs_CD
HIBCH,1.0339,1.9817,3.8636,0.51292,0.60801,0.99553,N1,UC_vs_CD
INPP1,0.46175,0.24311,1.8984,0.12806,0.8981,0.99553,N1,UC_vs_CD
MFSD6,0.16526,1.7355,4.296,0.40399,0.68622,0.99553,N1,UC_vs_CD
NEMP2,0.30371,2.096,4.2116,0.49768,0.61871,0.99553,N1,UC_vs_CD
NAB1,1.4567,-0.19336,1.1937,-0.16198,0.87132,0.99553,N1,UC_vs_CD
GLS,3.7805,1.2939,1.047,1.2358,0.21654,0.99553,N1,UC_vs_CD
STAT1,9.5957,-0.76232,0.61085,-1.248,0.21205,0.99553,N1,UC_vs_CD
STAT4,0.84637,1.9915,2.0144,0.98864,0.32284,0.99553,N1,UC_vs_CD
MYO1B,0.035259,0.57985,4.1749,0.13889,0.88954,0.99553,N1,UC_vs_CD
NABP1,38.458,-0.91254,0.34083,-2.6774,0.0074189,0.99553,N1,UC_vs_CD
SLC39A10,0.76386,1.4059,3.9206,0.35859,0.7199,0.99553,N1,UC_vs_CD
STK17B,11.588,0.44145,0.50219,0.87904,0.37938,0.99553,N1,UC_vs_CD
AC114760.2,0.47288,0.37117,2.6325,0.141,0.88787,0.99553,N1,UC_vs_CD
HECW2,0.19527,0.95987,3.1507,0.30465,0.76063,0.99553,N1,UC_vs_CD
AC020571.1,1.1201,2.9255,4.0897,0.71535,0.47439,0.99553,N1,UC_vs_CD
CCDC150,0.16001,1.7355,4.296,0.40399,0.68622,0.99553,N1,UC_vs_CD
PGAP1,0.035259,0.57985,4.1749,0.13889,0.88954,0.99553,N1,UC_vs_CD
ANKRD44,3.2095,-0.0067152,1.0654,-0.0063032,0.99497,0.99979,N1,UC_vs_CD
SF3B1,8.6159,0.342,0.77753,0.43985,0.66005,0.99553,N1,UC_vs_CD
COQ10B,4.3813,-0.18825,0.9697,-0.19414,0.84607,0.99553,N1,UC_vs_CD
HSPD1,12.797,1.3319,1.5407,0.86449,0.38732,0.99553,N1,UC_vs_CD
HSPE1,9.5518,0.56082,1.1622,0.48255,0.62942,0.99553,N1,UC_vs_CD
MOB4,1.9264,0.45675,1.0255,0.44537,0.65605,0.99553,N1,UC_vs_CD
C2orf69,0.18711,0.95949,3.1139,0.30814,0.75798,0.99553,N1,UC_vs_CD
TYW5,0.48004,2.3809,4.1592,0.57243,0.56703,0.99553,N1,UC_vs_CD
SPATS2L,0.0738,0.29634,4.1055,0.072182,0.94246,0.99553,N1,UC_vs_CD
KCTD18,0.15185,1.7355,4.296,0.40399,0.68622,0.99553,N1,UC_vs_CD
BZW1,7.8795,0.64487,0.76067,0.84776,0.39657,0.99553,N1,UC_vs_CD
CLK1,6.1589,0.68014,0.78643,0.86484,0.38713,0.99553,N1,UC_vs_CD
PPIL3,0.16526,1.7355,4.296,0.40399,0.68622,0.99553,N1,UC_vs_CD
NIF3L1,0.30813,2.1491,4.3393,0.49527,0.62041,0.99553,N1,UC_vs_CD
ORC2,0.22368,-1.1647,2.1972,-0.53008,0.59605,0.99553,N1,UC_vs_CD
AC005037.1,0.12821,2.147,4.3394,0.49477,0.62076,0.99553,N1,UC_vs_CD
FAM126B,3.8241,-0.50039,0.89228,-0.56079,0.57494,0.99553,N1,UC_vs_CD
NDUFB3,5.8433,-0.0032548,0.98032,-0.0033202,0.99735,0.99979,N1,UC_vs_CD
CFLAR,34.122,-0.63976,0.46266,-1.3828,0.16673,0.99553,N1,UC_vs_CD
CFLAR-AS1,0.6469,-0.94097,1.7715,-0.53119,0.59529,0.99553,N1,UC_vs_CD
CASP10,1.9153,0.46924,1.3436,0.34925,0.7269,0.99553,N1,UC_vs_CD
CASP8,1.2661,-0.55536,1.2274,-0.45246,0.65094,0.99553,N1,UC_vs_CD
TRAK2,0.070518,0.17302,4.0786,0.042422,0.96616,0.99553,N1,UC_vs_CD
ALS2,0.19527,0.95987,3.1507,0.30465,0.76063,0.99553,N1,UC_vs_CD
SUMO1,5.8698,0.65533,0.72599,0.90268,0.3667,0.99553,N1,UC_vs_CD
NOP58,1.5863,2.3297,2.3879,0.97565,0.32924,0.99553,N1,UC_vs_CD
BMPR2,0.19873,0.93233,2.7996,0.33302,0.73912,0.99553,N1,UC_vs_CD
FAM117B,0.23906,0.79839,3.5646,0.22398,0.82277,0.99553,N1,UC_vs_CD
WDR12,0.11463,0.076876,4.1956,0.018323,0.98538,0.99553,N1,UC_vs_CD
NBEAL1,1.404,-0.11025,1.4657,-0.075222,0.94004,0.99553,N1,UC_vs_CD
CYP20A1,0.75108,0.77624,2.7394,0.28337,0.7769,0.99553,N1,UC_vs_CD
ABI2,0.16526,1.7355,4.296,0.40399,0.68622,0.99553,N1,UC_vs_CD
RAPH1,0.29347,2.529,3.3068,0.76479,0.4444,0.99553,N1,UC_vs_CD
CD28,0.15185,1.7355,4.296,0.40399,0.68622,0.99553,N1,UC_vs_CD
ICOS,0.16001,1.7355,4.296,0.40399,0.68622,0.99553,N1,UC_vs_CD
INO80D,0.50686,1.6418,2.0651,0.79503,0.4266,0.99553,N1,UC_vs_CD
NDUFS1,1.5034,2.5309,1.4041,1.8025,0.07147,0.99553,N1,UC_vs_CD
AC007383.3,0.035259,0.57985,4.1749,0.13889,0.88954,0.99553,N1,UC_vs_CD
EEF1B2,25.945,1.0576,1.0953,0.96555,0.33427,0.99553,N1,UC_vs_CD
ZDBF2,0.30813,2.1491,4.3393,0.49527,0.62041,0.99553,N1,UC_vs_CD
KLF7,1.7922,0.87498,1.032,0.84781,0.39654,0.99553,N1,UC_vs_CD
CREB1,2.2094,-0.085496,0.88824,-0.096253,0.92332,0.99553,N1,UC_vs_CD
METTL21A,0.46959,0.246,1.8435,0.13344,0.89384,0.99553,N1,UC_vs_CD
CCNYL1,0.18286,-0.58992,2.6976,-0.21868,0.8269,0.99553,N1,UC_vs_CD
PLEKHM3,0.12821,2.147,4.3394,0.49477,0.62076,0.99553,N1,UC_vs_CD
C2orf80,0.035259,0.57985,4.1749,0.13889,0.88954,0.99553,N1,UC_vs_CD
IDH1,0.36548,1.2252,2.0173,0.60737,0.54361,0.99553,N1,UC_vs_CD
PIKFYVE,1.0417,1.6466,1.5973,1.0308,0.30261,0.99553,N1,UC_vs_CD
RPE,0.16001,1.7355,4.296,0.40399,0.68622,0.99553,N1,UC_vs_CD
KANSL1L,0.29617,-0.072261,2.1296,-0.033932,0.97293,0.99553,N1,UC_vs_CD
AC007038.1,0.035259,0.57985,4.1749,0.13889,0.88954,0.99553,N1,UC_vs_CD
LANCL1,0.16526,1.7355,4.296,0.40399,0.68622,0.99553,N1,UC_vs_CD
IKZF2,0.16001,1.7355,4.296,0.40399,0.68622,0.99553,N1,UC_vs_CD
SPAG16,0.15185,1.7355,4.296,0.40399,0.68622,0.99553,N1,UC_vs_CD
AC016708.1,0.035259,0.57985,4.1749,0.13889,0.88954,0.99553,N1,UC_vs_CD
FN1,0.035259,0.57985,4.1749,0.13889,0.88954,0.99553,N1,UC_vs_CD
PECR,0.14988,-0.59457,2.8782,-0.20658,0.83634,0.99553,N1,UC_vs_CD
XRCC5,7.5727,1.0951,0.84419,1.2972,0.19455,0.99553,N1,UC_vs_CD
RPL37A,30.62,0.68101,0.9448,0.7208,0.47103,0.99553,N1,UC_vs_CD
IGFBP2,0.11463,0.076876,4.1956,0.018323,0.98538,0.99553,N1,UC_vs_CD
CXCR2,17.803,-0.86769,0.91101,-0.95245,0.34087,0.99553,N1,UC_vs_CD
CXCR1,5.0386,-0.74991,1.0075,-0.74432,0.45669,0.99553,N1,UC_vs_CD
ARPC2,33.365,0.24769,0.41097,0.60271,0.5467,0.99553,N1,UC_vs_CD
AAMP,0.81057,2.7225,3.3293,0.81774,0.4135,0.99553,N1,UC_vs_CD
PNKD,2.1897,5.1462,2.6534,1.9394,0.052448,0.99553,N1,UC_vs_CD
TMBIM1,1.753,1.1519,1.0799,1.0667,0.28611,0.99553,N1,UC_vs_CD
SLC11A1,22.55,0.65079,0.75699,0.85971,0.38995,0.99553,N1,UC_vs_CD
CTDSP1,1.8331,2.8003,1.4242,1.9662,0.049275,0.99553,N1,UC_vs_CD
USP37,0.18514,-0.97652,2.8755,-0.3396,0.73416,0.99553,N1,UC_vs_CD
CNOT9,0.070518,0.17302,4.0786,0.042422,0.96616,0.99553,N1,UC_vs_CD
ZNF142,0.19527,0.95987,3.1507,0.30465,0.76063,0.99553,N1,UC_vs_CD
BCS1L,0.46815,2.6288,3.7763,0.69614,0.48634,0.99553,N1,UC_vs_CD
RNF25,0.32528,2.1316,3.0535,0.69809,0.48512,0.99553,N1,UC_vs_CD
TTLL4,0.33052,2.1419,4.2023,0.5097,0.61026,0.99553,N1,UC_vs_CD
CYP27A1,0.47339,2.6291,3.7922,0.6933,0.48812,0.99553,N1,UC_vs_CD
WNT10A,0.0738,0.29634,4.1055,0.072182,0.94246,0.99553,N1,UC_vs_CD
CNPPD1,0.72722,-1.253,2.7493,-0.45574,0.64858,0.99553,N1,UC_vs_CD
RETREG2,0.4539,-0.78892,2.0548,-0.38393,0.70103,0.99553,N1,UC_vs_CD
ZFAND2B,0.77973,2.6588,2.2671,1.1728,0.24087,0.99553,N1,UC_vs_CD
ANKZF1,0.035259,0.57985,4.1749,0.13889,0.88954,0.99553,N1,UC_vs_CD
GLB1L,0.18711,0.95949,3.1139,0.30814,0.75798,0.99553,N1,UC_vs_CD
STK16,0.90449,3.7882,2.6963,1.4049,0.16004,0.99553,N1,UC_vs_CD
TUBA4A,2.449,0.72489,1.1272,0.64309,0.52017,0.99553,N1,UC_vs_CD
DNAJB2,0.0738,0.29634,4.1055,0.072182,0.94246,0.99553,N1,UC_vs_CD
DNPEP,0.6558,2.5829,3.4034,0.75891,0.44791,0.99553,N1,UC_vs_CD
SPEG,0.035259,0.57985,4.1749,0.13889,0.88954,0.99553,N1,UC_vs_CD
GMPPA,0.73431,1.5695,1.7689,0.88726,0.37494,0.99553,N1,UC_vs_CD
CHPF,0.91146,0.81084,3.8401,0.21115,0.83277,0.99553,N1,UC_vs_CD
STK11IP,0.15185,1.7355,4.296,0.40399,0.68622,0.99553,N1,UC_vs_CD
AC010980.2,0.035259,0.57985,4.1749,0.13889,0.88954,0.99553,N1,UC_vs_CD
SGPP2,0.15185,1.7355,4.296,0.40399,0.68622,0.99553,N1,UC_vs_CD
ACSL3,1.6654,-1.7218,2.1631,-0.796,0.42603,0.99553,N1,UC_vs_CD
AP1S3,0.035259,0.57985,4.1749,0.13889,0.88954,0.99553,N1,UC_vs_CD
WDFY1,0.47484,0.2877,2.4582,0.11704,0.90683,0.99553,N1,UC_vs_CD
MRPL44,0.36054,1.3321,2.322,0.5737,0.56617,0.99553,N1,UC_vs_CD
CUL3,2.5577,-0.36396,1.1218,-0.32446,0.74559,0.99553,N1,UC_vs_CD
DOCK10,0.85558,0.1995,1.6733,0.11922,0.9051,0.99553,N1,UC_vs_CD
NYAP2,0.0738,0.29634,4.1055,0.072182,0.94246,0.99553,N1,UC_vs_CD
AC016717.2,0.0738,0.29634,4.1055,0.072182,0.94246,0.99553,N1,UC_vs_CD
RHBDD1,0.23381,0.79896,3.5449,0.22538,0.82168,0.99553,N1,UC_vs_CD
COL4A4,0.39908,1.2938,2.4876,0.52012,0.60298,0.99553,N1,UC_vs_CD
MFF,1.2305,0.85799,1.6932,0.50673,0.61234,0.99553,N1,UC_vs_CD
AGFG1,2.5402,0.56809,0.93714,0.6062,0.54438,0.99553,N1,UC_vs_CD
CCL20,14.05,0.37028,2.2721,0.16297,,,N1,UC_vs_CD
PID1,0.16526,1.7355,4.296,0.40399,0.68622,0.99553,N1,UC_vs_CD
TRIP12,3.9577,0.18978,0.83879,0.22625,0.821,0.99553,N1,UC_vs_CD
AC009950.1,0.035259,0.57985,4.1749,0.13889,0.88954,0.99553,N1,UC_vs_CD
SP110,7.8301,-0.48424,0.99341,-0.48746,0.62593,0.99553,N1,UC_vs_CD
SP140,2.252,-0.94577,1.1909,-0.79417,0.4271,0.99553,N1,UC_vs_CD
SP140L,0.64986,-0.86853,1.5685,-0.55375,0.57975,0.99553,N1,UC_vs_CD
SP100,7.1543,-1.5135,0.80195,-1.8873,0.059117,0.99553,N1,UC_vs_CD
CAB39,2.378,0.5667,0.95964,0.59053,0.55483,0.99553,N1,UC_vs_CD
ITM2C,4.5602,-0.36815,1.794,-0.20521,0.83741,0.99553,N1,UC_vs_CD
PSMD1,1.0596,1.9779,1.5834,1.2492,0.21161,0.99553,N1,UC_vs_CD
B3GNT7,0.11463,0.076876,4.1956,0.018323,0.98538,0.99553,N1,UC_vs_CD
NCL,7.1796,0.57388,0.86856,0.66072,0.50879,0.99553,N1,UC_vs_CD
PTMA,37.393,0.31647,0.68511,0.46193,0.64413,0.99553,N1,UC_vs_CD
PDE6D,0.035259,0.57985,4.1749,0.13889,0.88954,0.99553,N1,UC_vs_CD
COPS7B,0.36054,1.3321,2.322,0.5737,0.56617,0.99553,N1,UC_vs_CD
DIS3L2,0.16001,1.7355,4.296,0.40399,0.68622,0.99553,N1,UC_vs_CD
TIGD1,0.16001,1.7355,4.296,0.40399,0.68622,0.99553,N1,UC_vs_CD
EIF4E2,1.5297,-1.0008,1.489,-0.67211,0.50151,0.99553,N1,UC_vs_CD
GIGYF2,1.0903,0.32902,1.3769,0.23896,0.81114,0.99553,N1,UC_vs_CD
SNORC,0.14988,-0.59457,2.8782,-0.20658,0.83634,0.99553,N1,UC_vs_CD
INPP5D,1.7356,1.5595,1.4443,1.0798,0.28024,0.99553,N1,UC_vs_CD
ATG16L1,0.23381,0.79896,3.5449,0.22538,0.82168,0.99553,N1,UC_vs_CD
AC013726.1,0.035259,0.57985,4.1749,0.13889,0.88954,0.99553,N1,UC_vs_CD
DGKD,0.48059,2.0935,2.0312,1.0306,0.30271,0.99553,N1,UC_vs_CD
USP40,0.0738,0.29634,4.1055,0.072182,0.94246,0.99553,N1,UC_vs_CD
HJURP,0.32003,2.1244,4.2058,0.50511,0.61349,0.99553,N1,UC_vs_CD
ARL4C,2.2943,1.7478,1.4385,1.215,0.22437,0.99553,N1,UC_vs_CD
COPS8,0.26648,0.49292,3.2388,0.15219,0.87904,0.99553,N1,UC_vs_CD
COL6A3,0.035259,0.57985,4.1749,0.13889,0.88954,0.99553,N1,UC_vs_CD
LRRFIP1,12.583,-0.10802,0.60761,-0.17778,0.8589,0.99553,N1,UC_vs_CD
UBE2F,0.76794,-0.17948,2.139,-0.083907,0.93313,0.99553,N1,UC_vs_CD
ILKAP,0.35189,-0.3314,1.9042,-0.17404,0.86183,0.99553,N1,UC_vs_CD
HES6,0.0738,0.29634,4.1055,0.072182,0.94246,0.99553,N1,UC_vs_CD
PER2,0.57606,-0.57646,1.6112,-0.35778,0.72051,0.99553,N1,UC_vs_CD
ASB1,0.79342,3.2979,2.7437,1.202,0.22936,0.99553,N1,UC_vs_CD
TWIST2,0.035259,0.57985,4.1749,0.13889,0.88954,0.99553,N1,UC_vs_CD
HDAC4,1.0562,-0.22204,1.2502,-0.1776,0.85904,0.99553,N1,UC_vs_CD
AC062017.1,0.25566,-1.4436,3.0421,-0.47453,0.63512,0.99553,N1,UC_vs_CD
AC093802.1,0.16526,1.7355,4.296,0.40399,0.68622,0.99553,N1,UC_vs_CD
NDUFA10,0.90134,-0.0227,1.3912,-0.016317,0.98698,0.99556,N1,UC_vs_CD
COPS9,3.7402,1.2882,1.3487,0.95509,0.33953,0.99553,N1,UC_vs_CD
DUSP28,0.16347,1.3862,2.7687,0.50066,0.61661,0.99553,N1,UC_vs_CD
RNPEPL1,0.96051,0.13536,1.5323,0.088336,0.92961,0.99553,N1,UC_vs_CD
CAPN10-DT,0.7296,1.789,2.74,0.65293,0.5138,0.99553,N1,UC_vs_CD
CAPN10,0.14988,-0.59457,2.8782,-0.20658,0.83634,0.99553,N1,UC_vs_CD
GPR35,0.44008,2.8884,2.5493,1.133,0.25722,0.99553,N1,UC_vs_CD
SNED1,0.20052,0.9601,3.1736,0.30253,0.76225,0.99553,N1,UC_vs_CD
MTERF4,0.93806,1.3429,2.2341,0.60109,0.54778,0.99553,N1,UC_vs_CD
PASK,0.15185,1.7355,4.296,0.40399,0.68622,0.99553,N1,UC_vs_CD
PPP1R7,1.0766,0.67196,1.7115,0.39262,0.6946,0.99553,N1,UC_vs_CD
HDLBP,4.8989,0.85984,1.0883,0.79006,0.42949,0.99553,N1,UC_vs_CD
SEPT2,2.6281,0.09347,0.8682,0.10766,0.91427,0.99553,N1,UC_vs_CD
FARP2,0.38666,-0.37825,3.8257,-0.09887,0.92124,0.99553,N1,UC_vs_CD
STK25,0.16526,1.7355,4.296,0.40399,0.68622,0.99553,N1,UC_vs_CD
THAP4,0.38567,1.2777,2.4678,0.51772,0.60465,0.99553,N1,UC_vs_CD
ATG4B,2.1236,2.1636,1.283,1.6864,0.091721,0.99553,N1,UC_vs_CD
DTYMK,0.27464,0.50675,3.2634,0.15528,0.8766,0.99553,N1,UC_vs_CD
ING5,0.55909,1.5906,2.5913,0.6138,0.53935,0.99553,N1,UC_vs_CD
D2HGDH,0.035259,0.57985,4.1749,0.13889,0.88954,0.99553,N1,UC_vs_CD
NEU4,0.11463,0.076876,4.1956,0.018323,0.98538,0.99553,N1,UC_vs_CD
TRNT1,0.26579,0.22466,3.6635,0.061323,0.9511,0.99553,N1,UC_vs_CD
CRBN,1.4591,0.82137,1.4401,0.57035,0.56844,0.99553,N1,UC_vs_CD
AC024060.1,0.035259,0.57985,4.1749,0.13889,0.88954,0.99553,N1,UC_vs_CD
SUMF1,0.035259,0.57985,4.1749,0.13889,0.88954,0.99553,N1,UC_vs_CD
ITPR1,0.80285,-0.50101,1.5906,-0.31497,0.75278,0.99553,N1,UC_vs_CD
EGOT,0.035259,0.57985,4.1749,0.13889,0.88954,0.99553,N1,UC_vs_CD
BHLHE40,8.9261,-0.93551,1.001,-0.93456,0.35001,0.99553,N1,UC_vs_CD
ARL8B,5.1878,0.79694,1.0504,0.7587,0.44803,0.99553,N1,UC_vs_CD
EDEM1,3.5655,-0.66584,0.91123,-0.7307,0.46496,0.99553,N1,UC_vs_CD
LMCD1,0.16001,1.7355,4.296,0.40399,0.68622,0.99553,N1,UC_vs_CD
RAD18,0.27464,0.50675,3.2634,0.15528,0.8766,0.99553,N1,UC_vs_CD
SRGAP3,0.16001,1.7355,4.296,0.40399,0.68622,0.99553,N1,UC_vs_CD
THUMPD3-AS1,3.9646,0.53335,1.1853,0.44997,0.65273,0.99553,N1,UC_vs_CD
THUMPD3,0.49669,-0.029479,1.8111,-0.016277,0.98701,0.99556,N1,UC_vs_CD
SETD5,2.3245,0.38138,1.0465,0.36444,0.71553,0.99553,N1,UC_vs_CD
LHFPL4,0.035259,0.57985,4.1749,0.13889,0.88954,0.99553,N1,UC_vs_CD
MTMR14,0.69477,-0.725,1.5456,-0.46906,0.63902,0.99553,N1,UC_vs_CD
BRPF1,0.27581,0.39133,3.2674,0.11977,0.90467,0.99553,N1,UC_vs_CD
TADA3,1.4498,1.3102,1.3017,1.0065,0.31417,0.99553,N1,UC_vs_CD
ARPC4,6.3929,-0.17726,0.61472,-0.28836,0.77307,0.99553,N1,UC_vs_CD
TTLL3,0.070518,0.17302,4.0786,0.042422,0.96616,0.99553,N1,UC_vs_CD
RPUSD3,0.38193,1.2016,3.5543,0.33806,0.73532,0.99553,N1,UC_vs_CD
JAGN1,0.42995,0.63152,1.9638,0.32159,0.74776,0.99553,N1,UC_vs_CD
IL17RE,0.0738,0.29634,4.1055,0.072182,0.94246,0.99553,N1,UC_vs_CD
CRELD1,0.30813,2.1491,4.3393,0.49527,0.62041,0.99553,N1,UC_vs_CD
PRRT3,0.15185,1.7355,4.296,0.40399,0.68622,0.99553,N1,UC_vs_CD
EMC3,1.0541,-0.68969,1.5153,-0.45514,0.64901,0.99553,N1,UC_vs_CD
BRK1,6.0217,1.0627,1.1117,0.95589,0.33913,0.99553,N1,UC_vs_CD
VHL,1.0685,0.12336,1.373,0.089844,0.92841,0.99553,N1,UC_vs_CD
IRAK2,6.5885,-0.55413,0.95799,-0.57843,0.56297,0.99553,N1,UC_vs_CD
TATDN2,0.44008,2.8884,2.5493,1.133,0.25722,0.99553,N1,UC_vs_CD
GHRL,0.035259,0.57985,4.1749,0.13889,0.88954,0.99553,N1,UC_vs_CD
GHRLOS,0.47288,0.37117,2.6325,0.141,0.88787,0.99553,N1,UC_vs_CD
SEC13,1.1379,-0.82098,1.3041,-0.62953,0.529,0.99553,N1,UC_vs_CD
HRH1,0.31515,-0.14493,2.2684,-0.063888,0.94906,0.99553,N1,UC_vs_CD
ATG7,3.3919,0.29318,0.83383,0.3516,0.72514,0.99553,N1,UC_vs_CD
VGLL4,0.16001,1.7355,4.296,0.40399,0.68622,0.99553,N1,UC_vs_CD
SYN2,0.070518,0.17302,4.0786,0.042422,0.96616,0.99553,N1,UC_vs_CD
TSEN2,0.16001,1.7355,4.296,0.40399,0.68622,0.99553,N1,UC_vs_CD
MKRN2,0.31187,2.1139,3.0197,0.70005,0.48389,0.99553,N1,UC_vs_CD
RAF1,4.1919,2.5883,0.89386,2.8957,0.0037834,0.99553,N1,UC_vs_CD
AC034198.2,0.035259,0.57985,4.1749,0.13889,0.88954,0.99553,N1,UC_vs_CD
RPL32,66.398,0.99985,0.8645,1.1566,0.24745,0.99553,N1,UC_vs_CD
IQSEC1,4.2424,-0.16501,0.93973,-0.1756,0.86061,0.99553,N1,UC_vs_CD
NUP210,0.49604,-1.3114,2.5978,-0.50483,0.61368,0.99553,N1,UC_vs_CD
TMEM43,0.89917,0.16608,2.0938,0.079321,0.93678,0.99553,N1,UC_vs_CD
AC090004.1,0.0738,0.29634,4.1055,0.072182,0.94246,0.99553,N1,UC_vs_CD
AC093495.1,0.60348,-0.63415,2.3199,-0.27336,0.78458,0.99553,N1,UC_vs_CD
XPC,1.0811,1.6421,2.2525,0.729,0.466,0.99553,N1,UC_vs_CD
LSM3,4.2387,-0.11604,1.1624,-0.099831,0.92048,0.99553,N1,UC_vs_CD
SLC6A6,6.6402,0.48786,0.73042,0.66792,0.50419,0.99553,N1,UC_vs_CD
CCDC174,0.84185,-0.7757,1.3915,-0.55744,0.57722,0.99553,N1,UC_vs_CD
FGD5-AS1,1.2226,0.95433,1.2281,0.77709,0.43711,0.99553,N1,UC_vs_CD
NR2C2,0.15185,1.7355,4.296,0.40399,0.68622,0.99553,N1,UC_vs_CD
MRPS25,0.38193,1.2016,3.5543,0.33806,0.73532,0.99553,N1,UC_vs_CD
RBSN,0.0738,0.29634,4.1055,0.072182,0.94246,0.99553,N1,UC_vs_CD
CAPN7,0.22368,-1.1647,2.1972,-0.53008,0.59605,0.99553,N1,UC_vs_CD
SH3BP5-AS1,0.30174,-0.14619,2.2488,-0.065009,0.94817,0.99553,N1,UC_vs_CD
SH3BP5,17.155,0.33645,0.60562,0.55555,0.57852,0.99553,N1,UC_vs_CD
METTL6,0.16001,1.7355,4.296,0.40399,0.68622,0.99553,N1,UC_vs_CD
EAF1,2.0375,-0.030342,1.4775,-0.020537,0.98362,0.99553,N1,UC_vs_CD
EAF1-AS1,0.53424,1.0769,2.4358,0.44212,0.65841,0.99553,N1,UC_vs_CD
HACL1,0.18286,-0.58992,2.6976,-0.21868,0.8269,0.99553,N1,UC_vs_CD
BTD,0.16001,1.7355,4.296,0.40399,0.68622,0.99553,N1,UC_vs_CD
ANKRD28,6.5782,0.79057,1.784,0.44315,0.65766,0.99553,N1,UC_vs_CD
DPH3,2.3368,-1.2725,0.98265,-1.295,0.19533,0.99553,N1,UC_vs_CD
OXNAD1,0.64006,2.5648,4.1315,0.62078,0.53474,0.99553,N1,UC_vs_CD
RFTN1,0.44515,0.98635,3.5221,0.28005,0.77944,0.99553,N1,UC_vs_CD
PLCL2,0.42224,-0.94934,2.4952,-0.38046,0.70361,0.99553,N1,UC_vs_CD
TBC1D5,0.69822,0.55502,2.2145,0.25063,0.8021,0.99553,N1,UC_vs_CD
SATB1,1.8357,1.107,1.1418,0.96957,0.33226,0.99553,N1,UC_vs_CD
RAB5A,4.449,-0.19721,0.72853,-0.2707,0.78662,0.99553,N1,UC_vs_CD
KAT2B,0.80193,1.0999,1.7342,0.63422,0.52594,0.99553,N1,UC_vs_CD
SGO1,0.77628,3.5839,4.1642,0.86066,0.38943,0.99553,N1,UC_vs_CD
ZNF385D,0.12821,2.147,4.3394,0.49477,0.62076,0.99553,N1,UC_vs_CD
UBE2E1,2.2175,0.75269,1.3126,0.57344,0.56635,0.99553,N1,UC_vs_CD
NKIRAS1,1.0653,-0.24263,1.2842,-0.18893,0.85015,0.99553,N1,UC_vs_CD
RPL15,43.262,1.5381,0.92435,1.664,0.096107,0.99553,N1,UC_vs_CD
NR1D2,0.2942,-1.6071,2.0534,-0.78264,0.43384,0.99553,N1,UC_vs_CD
TOP2B,0.69397,-0.9695,1.965,-0.4934,0.62173,0.99553,N1,UC_vs_CD
NGLY1,1.3165,-0.4312,1.2546,-0.3437,0.73107,0.99553,N1,UC_vs_CD
OXSM,0.79958,0.97944,1.6016,0.61153,0.54085,0.99553,N1,UC_vs_CD
SLC4A7,0.23906,0.79839,3.5646,0.22398,0.82277,0.99553,N1,UC_vs_CD
CMC1,0.84517,-0.71076,1.5593,-0.45582,0.64852,0.99553,N1,UC_vs_CD
AZI2,1.8774,4.7209,2.2078,2.1383,0.032496,0.99553,N1,UC_vs_CD
TGFBR2,0.57198,0.065543,1.7006,0.03854,0.96926,0.99553,N1,UC_vs_CD
STT3B,2.2756,2.1617,1.5161,1.4259,0.15391,0.99553,N1,UC_vs_CD
OSBPL10,0.035259,0.57985,4.1749,0.13889,0.88954,0.99553,N1,UC_vs_CD
GPD1L,0.11463,0.076876,4.1956,0.018323,0.98538,0.99553,N1,UC_vs_CD
CMTM8,0.15185,1.7355,4.296,0.40399,0.68622,0.99553,N1,UC_vs_CD
CMTM7,0.37813,-0.43794,2.1094,-0.20761,0.83553,0.99553,N1,UC_vs_CD
CMTM6,36.86,-1.0625,0.53081,-2.0017,0.045321,0.99553,N1,UC_vs_CD
DYNC1LI1,2.7902,-0.15015,0.93049,-0.16137,0.87181,0.99553,N1,UC_vs_CD
CNOT10,0.91506,0.20578,1.751,0.11752,0.90645,0.99553,N1,UC_vs_CD
GLB1,0.94431,2.6481,1.8308,1.4465,0.14805,0.99553,N1,UC_vs_CD
CRTAP,0.32003,2.1244,4.2058,0.50511,0.61349,0.99553,N1,UC_vs_CD
UBP1,0.10578,-0.14974,4.0165,-0.037281,0.97026,0.99553,N1,UC_vs_CD
CLASP2,0.65703,0.12035,1.829,0.065804,0.94753,0.99553,N1,UC_vs_CD
PDCD6IP,1.0655,-1.3811,1.2712,-1.0865,0.27728,0.99553,N1,UC_vs_CD
TRANK1,2.507,-0.85977,1.2593,-0.68272,0.49478,0.99553,N1,UC_vs_CD
EPM2AIP1,2.5155,2.0724,1.4625,1.417,0.15648,0.99553,N1,UC_vs_CD
MLH1,0.23381,0.79896,3.5449,0.22538,0.82168,0.99553,N1,UC_vs_CD
LRRFIP2,0.62522,0.55506,1.6227,0.34206,0.73231,0.99553,N1,UC_vs_CD
GOLGA4,5.6957,1.8557,1.088,1.7056,0.088087,0.99553,N1,UC_vs_CD
CTDSPL,0.87463,-0.12156,1.9824,-0.061322,0.9511,0.99553,N1,UC_vs_CD
VILL,0.15185,1.7355,4.296,0.40399,0.68622,0.99553,N1,UC_vs_CD
PLCD1,0.11463,0.076876,4.1956,0.018323,0.98538,0.99553,N1,UC_vs_CD
ACAA1,1.3217,-0.82306,1.4999,-0.54874,0.58319,0.99553,N1,UC_vs_CD
MYD88,4.3311,0.53865,0.74991,0.71828,0.47258,0.99553,N1,UC_vs_CD
OXSR1,3.2712,0.32238,0.91526,0.35222,0.72467,0.99553,N1,UC_vs_CD
EXOG,0.26907,0.25928,2.2471,0.11538,0.90814,0.99553,N1,UC_vs_CD
WDR48,0.18514,-0.97652,2.8755,-0.3396,0.73416,0.99553,N1,UC_vs_CD
GORASP1,0.10906,-0.1236,2.6028,-0.047487,0.96213,0.99553,N1,UC_vs_CD
TTC21A,0.11463,0.076876,4.1956,0.018323,0.98538,0.99553,N1,UC_vs_CD
CSRNP1,18.977,-0.23874,0.72877,-0.32759,0.74322,0.99553,N1,UC_vs_CD
AC092053.3,0.26925,0.35724,3.0461,0.11728,0.90664,0.99553,N1,UC_vs_CD
AC092053.2,0.34305,-0.030616,1.8583,-0.016475,0.98686,0.99556,N1,UC_vs_CD
SLC25A38,0.16001,1.7355,4.296,0.40399,0.68622,0.99553,N1,UC_vs_CD
RPSA,17.567,1.5703,1.0156,1.5462,0.12206,0.99553,N1,UC_vs_CD
EIF1B,8.6019,0.13544,0.91502,0.14802,0.88233,0.99553,N1,UC_vs_CD
RPL14,34.115,1.1748,0.85172,1.3794,0.16778,0.99553,N1,UC_vs_CD
CTNNB1,3.6059,-0.51329,1.0906,-0.47064,0.6379,0.99553,N1,UC_vs_CD
TRAK1,0.63634,0.9125,1.6447,0.55481,0.57902,0.99553,N1,UC_vs_CD
SEC22C,0.42649,0.90349,2.2685,0.39828,0.69042,0.99553,N1,UC_vs_CD
SS18L2,2.368,-0.037585,1.0977,-0.03424,0.97269,0.99553,N1,UC_vs_CD
NKTR,2.2973,1.4311,1.3612,1.0514,0.29307,0.99553,N1,UC_vs_CD
CCDC13,0.0738,0.29634,4.1055,0.072182,0.94246,0.99553,N1,UC_vs_CD
LINC02158,0.32873,1.7502,2.311,0.75734,0.44885,0.99553,N1,UC_vs_CD
HIGD1A,0.54717,-0.1838,1.6123,-0.114,0.90924,0.99553,N1,UC_vs_CD
SNRK,1.9789,0.48169,1.0018,0.48081,0.63065,0.99553,N1,UC_vs_CD
ANO10,0.14988,-0.59457,2.8782,-0.20658,0.83634,0.99553,N1,UC_vs_CD
ABHD5,7.1995,-0.24533,0.67432,-0.36381,0.716,0.99553,N1,UC_vs_CD
TCAIM,0.3837,-0.71864,1.929,-0.37255,0.70949,0.99553,N1,UC_vs_CD
ZNF445,0.86182,-0.72454,1.6809,-0.43104,0.66644,0.99553,N1,UC_vs_CD
ZKSCAN7,0.16001,1.7355,4.296,0.40399,0.68622,0.99553,N1,UC_vs_CD
ZNF197,0.11463,0.076876,4.1956,0.018323,0.98538,0.99553,N1,UC_vs_CD
KIAA1143,0.80856,0.39803,1.5416,0.25819,0.79626,0.99553,N1,UC_vs_CD
TMEM42,0.0738,0.29634,4.1055,0.072182,0.94246,0.99553,N1,UC_vs_CD
ZDHHC3,1.0096,-0.75888,1.4239,-0.53297,0.59405,0.99553,N1,UC_vs_CD
EXOSC7,1.0666,1.7152,2.519,0.68092,0.49592,0.99553,N1,UC_vs_CD
CDCP1,0.31712,2.1207,3.0327,0.69927,0.48438,0.99553,N1,UC_vs_CD
TMEM158,0.50423,1.5807,2.3589,0.67011,0.50279,0.99553,N1,UC_vs_CD
LIMD1,0.68816,2.2409,2.128,1.0531,0.29231,0.99553,N1,UC_vs_CD
LZTFL1,0.27809,0.2111,2.2882,0.092255,0.9265,0.99553,N1,UC_vs_CD
FYCO1,0.19527,0.95987,3.1507,0.30465,0.76063,0.99553,N1,UC_vs_CD
CCR3,0.62993,0.56353,2.5519,0.22083,0.82522,0.99553,N1,UC_vs_CD
CCR1,27.614,-0.61967,0.55444,-1.1176,0.26372,0.99553,N1,UC_vs_CD
CCR2,0.26648,0.49292,3.2388,0.15219,0.87904,0.99553,N1,UC_vs_CD
AC098613.1,0.32061,-1.1548,2.8196,-0.40957,0.68212,0.99553,N1,UC_vs_CD
CCR5,0.30371,2.096,4.2116,0.49768,0.61871,0.99553,N1,UC_vs_CD
CCRL2,21.54,-0.54415,0.63774,-0.85325,0.39352,0.99553,N1,UC_vs_CD
LINC02009,0.0738,0.29634,4.1055,0.072182,0.94246,0.99553,N1,UC_vs_CD
LTF,0.2214,-0.75066,3.927,-0.19116,0.8484,0.99553,N1,UC_vs_CD
CCDC12,1.6681,2.3604,1.9405,1.2164,0.22384,0.99553,N1,UC_vs_CD
NBEAL2,1.5512,-0.54255,1.5534,-0.34927,0.72689,0.99553,N1,UC_vs_CD
SETD2,1.6024,0.82206,1.0823,0.75956,0.44752,0.99553,N1,UC_vs_CD
KLHL18,1.3531,2.5454,1.473,1.7281,0.083973,0.99553,N1,UC_vs_CD
AC099778.1,0.23381,0.79896,3.5449,0.22538,0.82168,0.99553,N1,UC_vs_CD
PTPN23,0.10906,-0.1236,2.6028,-0.047487,0.96213,0.99553,N1,UC_vs_CD
SCAP,0.62477,0.65418,2.0646,0.31686,0.75135,0.99553,N1,UC_vs_CD
ELP6,1.3473,3.0373,2.4462,1.2416,0.21437,0.99553,N1,UC_vs_CD
SMARCC1,1.6944,-0.91205,1.1543,-0.79016,0.42944,0.99553,N1,UC_vs_CD
DHX30,0.23578,0.5275,3.4637,0.15229,0.87896,0.99553,N1,UC_vs_CD
MAP4,0.035259,0.57985,4.1749,0.13889,0.88954,0.99553,N1,UC_vs_CD
CAMP,1.395,-0.28067,1.6566,-0.16943,0.86546,0.99553,N1,UC_vs_CD
ZNF589,0.12821,2.147,4.3394,0.49477,0.62076,0.99553,N1,UC_vs_CD
SPINK8,0.035259,0.57985,4.1749,0.13889,0.88954,0.99553,N1,UC_vs_CD
PLXNB1,0.46815,2.6288,3.7763,0.69614,0.48634,0.99553,N1,UC_vs_CD
CCDC51,0.12821,2.147,4.3394,0.49477,0.62076,0.99553,N1,UC_vs_CD
TMA7,29.697,-0.097537,0.47812,-0.204,0.83835,0.99553,N1,UC_vs_CD
ATRIP,0.16001,1.7355,4.296,0.40399,0.68622,0.99553,N1,UC_vs_CD
SHISA5,3.4053,-1.4928,1.0831,-1.3783,0.16812,0.99553,N1,UC_vs_CD
PFKFB4,0.43126,-0.95521,2.5352,-0.37678,0.70633,0.99553,N1,UC_vs_CD
UQCRC1,1.5374,1.5732,1.298,1.212,0.22549,0.99553,N1,UC_vs_CD
SLC26A6,0.50865,1.9132,2.5254,0.75757,0.44871,0.99553,N1,UC_vs_CD
NCKIPSD,0.36202,1.5516,2.4306,0.63838,0.52322,0.99553,N1,UC_vs_CD
IP6K2,1.1047,-0.41154,1.412,-0.29146,0.7707,0.99553,N1,UC_vs_CD
PRKAR2A,1.8892,1.6118,1.4555,1.1074,0.26813,0.99553,N1,UC_vs_CD
ARIH2,1.7367,2.1903,1.4196,1.543,0.12284,0.99553,N1,UC_vs_CD
P4HTM,0.16001,1.7355,4.296,0.40399,0.68622,0.99553,N1,UC_vs_CD
WDR6,1.8744,3.0407,1.9257,1.579,0.11434,0.99553,N1,UC_vs_CD
DALRD3,0.36202,1.5516,2.4306,0.63838,0.52322,0.99553,N1,UC_vs_CD
NDUFAF3,1.2521,-1.3755,2.0028,-0.6868,0.49221,0.99553,N1,UC_vs_CD
IMPDH2,0.60825,3.1188,3.8065,0.81933,0.4126,0.99553,N1,UC_vs_CD
QRICH1,0.035259,0.57985,4.1749,0.13889,0.88954,0.99553,N1,UC_vs_CD
QARS,0.87406,0.31581,2.2227,0.14209,0.88701,0.99553,N1,UC_vs_CD
USP19,0.16526,1.7355,4.296,0.40399,0.68622,0.99553,N1,UC_vs_CD
CCDC71,0.19527,0.95987,3.1507,0.30465,0.76063,0.99553,N1,UC_vs_CD
KLHDC8B,0.0738,0.29634,4.1055,0.072182,0.94246,0.99553,N1,UC_vs_CD
CCDC36,0.035259,0.57985,4.1749,0.13889,0.88954,0.99553,N1,UC_vs_CD
C3orf62,1.1595,0.62842,1.5699,0.40029,0.68894,0.99553,N1,UC_vs_CD
USP4,1.3782,-1.708,1.326,-1.2881,0.19771,0.99553,N1,UC_vs_CD
RHOA,24.924,0.166,0.67225,0.24693,0.80496,0.99553,N1,UC_vs_CD
TCTA,0.11463,0.076876,4.1956,0.018323,0.98538,0.99553,N1,UC_vs_CD
DAG1,0.11463,0.076876,4.1956,0.018323,0.98538,0.99553,N1,UC_vs_CD
APEH,0.23906,0.79839,3.5646,0.22398,0.82277,0.99553,N1,UC_vs_CD
GMPPB,0.90973,3.7955,2.7054,1.403,0.16063,0.99553,N1,UC_vs_CD
IP6K1,0.44277,-1.2115,2.3781,-0.50943,0.61045,0.99553,N1,UC_vs_CD
UBA7,0.63358,-0.47309,2.5264,-0.18726,0.85146,0.99553,N1,UC_vs_CD
MON1A,0.30813,2.1491,4.3393,0.49527,0.62041,0.99553,N1,UC_vs_CD
RBM6,2.8931,1.1197,1.2617,0.88747,0.37482,0.99553,N1,UC_vs_CD
RBM5,4.8815,1.3328,0.7914,1.6841,0.092154,0.99553,N1,UC_vs_CD
RBM5-AS1,0.035259,0.57985,4.1749,0.13889,0.88954,0.99553,N1,UC_vs_CD
GNAI2,17.832,0.097081,0.66896,0.14512,0.88461,0.99553,N1,UC_vs_CD
IFRD2,0.16001,1.7355,4.296,0.40399,0.68622,0.99553,N1,UC_vs_CD
TUSC2,0.38042,-0.82675,2.2722,-0.36385,0.71597,0.99553,N1,UC_vs_CD
RASSF1,0.30761,-0.0017928,3.8441,-0.00046637,0.99963,0.99979,N1,UC_vs_CD
ZMYND10,0.11463,0.076876,4.1956,0.018323,0.98538,0.99553,N1,UC_vs_CD
NPRL2,0.38193,1.2016,3.5543,0.33806,0.73532,0.99553,N1,UC_vs_CD
CYB561D2,0.35386,1.5544,2.4165,0.64324,0.52007,0.99553,N1,UC_vs_CD
TMEM115,0.1476,-0.38372,3.978,-0.09646,0.92315,0.99553,N1,UC_vs_CD
HEMK1,0.22237,0.52589,3.4052,0.15444,0.87726,0.99553,N1,UC_vs_CD
CISH,2.7981,-1.1853,1.224,-0.96841,0.33284,0.99553,N1,UC_vs_CD
MAPKAPK3,0.65802,-0.8644,1.5703,-0.55047,0.582,0.99553,N1,UC_vs_CD
LINC02019,0.16001,1.7355,4.296,0.40399,0.68622,0.99553,N1,UC_vs_CD
MANF,4.0457,0.68051,1.3062,0.52098,0.60238,0.99553,N1,UC_vs_CD
RBM15B,0.39383,1.2613,3.9508,0.31926,0.74953,0.99553,N1,UC_vs_CD
DCAF1,0.15185,1.7355,4.296,0.40399,0.68622,0.99553,N1,UC_vs_CD
RAD54L2,0.16526,1.7355,4.296,0.40399,0.68622,0.99553,N1,UC_vs_CD
TEX264,0.88257,1.8155,1.7501,1.0374,0.29957,0.99553,N1,UC_vs_CD
ABHD14B,0.16001,1.7355,4.296,0.40399,0.68622,0.99553,N1,UC_vs_CD
RPL29,42.665,1.255,0.79358,1.5815,0.11377,0.99553,N1,UC_vs_CD
ALAS1,0.59366,-1.6421,1.7314,-0.9484,0.34293,0.99553,N1,UC_vs_CD
TWF2,1.1595,1.0655,1.3577,0.7848,0.43257,0.99553,N1,UC_vs_CD
PPM1M,1.0198,2.1055,1.7283,1.2182,0.22314,0.99553,N1,UC_vs_CD
WDR82,2.1813,1.522,1.1697,1.3012,0.19318,0.99553,N1,UC_vs_CD
BAP1,0.99377,2.7659,2.9878,0.92573,0.35459,0.99553,N1,UC_vs_CD
TNNC1,0.0738,0.29634,4.1055,0.072182,0.94246,0.99553,N1,UC_vs_CD
NISCH,0.54229,-0.16094,2.0146,-0.079885,0.93633,0.99553,N1,UC_vs_CD
STAB1,0.33052,2.1419,4.2023,0.5097,0.61026,0.99553,N1,UC_vs_CD
NT5DC2,0.65657,0.35533,2.1529,0.16505,0.86891,0.99553,N1,UC_vs_CD
SMIM4,0.18711,0.95949,3.1139,0.30814,0.75798,0.99553,N1,UC_vs_CD
PBRM1,0.91185,0.35902,1.4491,0.24775,0.80433,0.99553,N1,UC_vs_CD
GNL3,1.8195,1.4914,1.3177,1.1318,0.25773,0.99553,N1,UC_vs_CD
GLT8D1,0.16001,1.7355,4.296,0.40399,0.68622,0.99553,N1,UC_vs_CD
SPCS1,13.334,0.98579,1.0978,0.89795,0.36921,0.99553,N1,UC_vs_CD
RFT1,0.27104,0.22533,3.684,0.061164,0.95123,0.99553,N1,UC_vs_CD
PRKCD,3.1381,-1.1808,0.85039,-1.3885,0.16499,0.99553,N1,UC_vs_CD
TKT,8.6461,0.17444,0.82725,0.21086,0.83299,0.99553,N1,UC_vs_CD
DCP1A,3.1664,0.017949,0.80706,0.02224,0.98226,0.99553,N1,UC_vs_CD
CACNA1D,0.20052,0.9601,3.1736,0.30253,0.76225,0.99553,N1,UC_vs_CD
AC012467.2,0.035259,0.57985,4.1749,0.13889,0.88954,0.99553,N1,UC_vs_CD
ACTR8,0.47516,0.25492,1.9057,0.13377,0.89359,0.99553,N1,UC_vs_CD
SELENOK,24.485,0.86266,0.45907,1.8791,0.060228,0.99553,N1,UC_vs_CD
CACNA2D3,0.16526,1.7355,4.296,0.40399,0.68622,0.99553,N1,UC_vs_CD
WNT5A,0.30371,2.096,4.2116,0.49768,0.61871,0.99553,N1,UC_vs_CD
CCDC66,0.79128,1.0924,1.7689,0.61756,0.53687,0.99553,N1,UC_vs_CD
FAM208A,0.36202,1.5516,2.4306,0.63838,0.52322,0.99553,N1,UC_vs_CD
ARHGEF3,0.18514,-0.97652,2.8755,-0.3396,0.73416,0.99553,N1,UC_vs_CD
APPL1,1.5359,-0.85015,2.1262,-0.39984,0.68928,0.99553,N1,UC_vs_CD
PDE12,0.95575,0.9853,1.423,0.6924,0.48869,0.99553,N1,UC_vs_CD
ARF4,10.004,0.61048,0.74584,0.81852,0.41306,0.99553,N1,UC_vs_CD
ARF4-AS1,0.035259,0.57985,4.1749,0.13889,0.88954,0.99553,N1,UC_vs_CD
DENND6A,0.070518,0.17302,4.0786,0.042422,0.96616,0.99553,N1,UC_vs_CD
DENND6A-DT,0.035259,0.57985,4.1749,0.13889,0.88954,0.99553,N1,UC_vs_CD
SLMAP,1.7296,0.49483,1.2122,0.40821,0.68312,0.99553,N1,UC_vs_CD
DNASE1L3,0.0738,0.29634,4.1055,0.072182,0.94246,0.99553,N1,UC_vs_CD
RPP14,0.15185,1.7355,4.296,0.40399,0.68622,0.99553,N1,UC_vs_CD
PXK,1.9848,-1.883,1.0879,-1.7309,0.083473,0.99553,N1,UC_vs_CD
PDHB,1.2439,2.4101,3.1724,0.75971,0.44743,0.99553,N1,UC_vs_CD
FAM3D,0.19527,0.95987,3.1507,0.30465,0.76063,0.99553,N1,UC_vs_CD
FHIT,0.22565,0.79989,3.5133,0.22768,0.8199,0.99553,N1,UC_vs_CD
C3orf14,0.16001,1.7355,4.296,0.40399,0.68622,0.99553,N1,UC_vs_CD
THOC7,1.1272,1.2282,1.3711,0.89583,0.37034,0.99553,N1,UC_vs_CD
ATXN7,0.50029,0.12896,1.9648,0.065636,0.94767,0.99553,N1,UC_vs_CD
PSMD6-AS2,0.20201,1.0374,3.076,0.33725,0.73593,0.99553,N1,UC_vs_CD
PSMD6,1.2661,0.69913,1.4243,0.49085,0.62353,0.99553,N1,UC_vs_CD
PSMD6-AS1,0.23381,0.79896,3.5449,0.22538,0.82168,0.99553,N1,UC_vs_CD
LRIG1,0.16001,1.7355,4.296,0.40399,0.68622,0.99553,N1,UC_vs_CD
KBTBD8,0.31187,2.1139,3.0197,0.70005,0.48389,0.99553,N1,UC_vs_CD
SUCLG2,0.65543,-0.81361,1.6188,-0.50261,0.61524,0.99553,N1,UC_vs_CD
EOGT,0.18711,0.95949,3.1139,0.30814,0.75798,0.99553,N1,UC_vs_CD
TMF1,4.5212,0.31473,0.69206,0.45477,0.64927,0.99553,N1,UC_vs_CD
UBA3,1.0351,0.71641,1.433,0.49994,0.61712,0.99553,N1,UC_vs_CD
ARL6IP5,5.2354,-0.063404,0.69296,-0.091497,0.9271,0.99553,N1,UC_vs_CD
LMOD3,0.0738,0.29634,4.1055,0.072182,0.94246,0.99553,N1,UC_vs_CD
FRMD4B,6.8173,0.21147,0.97284,0.21737,0.82792,0.99553,N1,UC_vs_CD
FOXP1,2.6055,0.031797,0.99811,0.031857,0.97459,0.99553,N1,UC_vs_CD
EIF4E3,1.3007,-0.61364,1.1261,-0.54492,0.58581,0.99553,N1,UC_vs_CD
GPR27,0.40195,-0.64639,2.2103,-0.29245,0.76994,0.99553,N1,UC_vs_CD
PROK2,52.068,-1.1186,1.099,-1.0179,0.30875,0.99553,N1,UC_vs_CD
LINC00877,4.4054,0.21835,1.0487,0.20821,0.83507,0.99553,N1,UC_vs_CD
RYBP,9.2211,0.33065,0.4807,0.68786,0.49154,0.99553,N1,UC_vs_CD
GXYLT2,0.12821,2.147,4.3394,0.49477,0.62076,0.99553,N1,UC_vs_CD
PPP4R2,5.1516,-0.27716,0.62077,-0.44648,0.65525,0.99553,N1,UC_vs_CD
EBLN2,1.569,0.70128,1.3416,0.52273,0.60116,0.99553,N1,UC_vs_CD
PDZRN3,0.16526,1.7355,4.296,0.40399,0.68622,0.99553,N1,UC_vs_CD
GBE1,0.83609,0.052206,2.8993,0.018006,0.98563,0.99556,N1,UC_vs_CD
CHMP2B,7.4826,-1.1527,0.75847,-1.5197,0.12858,0.99553,N1,UC_vs_CD
CGGBP1,1.4841,-0.33679,1.1344,-0.2969,0.76654,0.99553,N1,UC_vs_CD
ZNF654,1.1388,1.2537,1.2373,1.0133,0.31093,0.99553,N1,UC_vs_CD
C3orf38,0.76535,3.3187,2.3066,1.4387,0.15022,0.99553,N1,UC_vs_CD
DHFR2,0.16001,1.7355,4.296,0.40399,0.68622,0.99553,N1,UC_vs_CD
NSUN3,0.45999,2.6284,3.7508,0.70074,0.48347,0.99553,N1,UC_vs_CD
MTRNR2L12,76.61,-1.1825,0.66747,-1.7717,0.076452,0.99553,N1,UC_vs_CD
AC110491.3,0.30813,2.1491,4.3393,0.49527,0.62041,0.99553,N1,UC_vs_CD
CRYBG3,0.75328,1.7304,2.8916,0.59841,0.54957,0.99553,N1,UC_vs_CD
CLDND1,1.4527,-0.71328,1.1358,-0.62803,0.52999,0.99553,N1,UC_vs_CD
CPOX,0.30813,2.1491,4.3393,0.49527,0.62041,0.99553,N1,UC_vs_CD
ST3GAL6,0.39441,-1.3584,2.5457,-0.53358,0.59363,0.99553,N1,UC_vs_CD
CMSS1,0.19527,0.95987,3.1507,0.30465,0.76063,0.99553,N1,UC_vs_CD
TBC1D23,0.69725,1.7836,1.6851,1.0584,0.28986,0.99553,N1,UC_vs_CD
NIT2,0.43465,0.96667,3.5014,0.27608,0.78249,0.99553,N1,UC_vs_CD
TOMM70,0.23381,0.79896,3.5449,0.22538,0.82168,0.99553,N1,UC_vs_CD
TFG,2.0971,-2.7539,1.2657,-2.1757,0.029575,0.99553,N1,UC_vs_CD
SENP7,1.3321,1.2546,1.3124,0.95594,0.3391,0.99553,N1,UC_vs_CD
TRMT10C,0.74998,1.2265,1.697,0.72274,0.46984,0.99553,N1,UC_vs_CD
PCNP,1.4994,-0.78925,1.247,-0.63294,0.52677,0.99553,N1,UC_vs_CD
ZBTB11,0.65625,0.81352,1.9435,0.41858,0.67552,0.99553,N1,UC_vs_CD
RPL24,36.9,0.67068,0.75348,0.89012,0.3734,0.99553,N1,UC_vs_CD
CEP97,0.23381,0.79896,3.5449,0.22538,0.82168,0.99553,N1,UC_vs_CD
NXPE3,1.7977,0.35353,1.1651,0.30343,0.76156,0.99553,N1,UC_vs_CD
NFKBIZ,39.753,-0.37412,0.54506,-0.68638,0.49248,0.99553,N1,UC_vs_CD
ALCAM,0.94057,2.9733,1.8649,1.5943,0.11087,0.99553,N1,UC_vs_CD
CBLB,0.15185,1.7355,4.296,0.40399,0.68622,0.99553,N1,UC_vs_CD
BBX,2.1678,0.71471,1.1641,0.61395,0.53925,0.99553,N1,UC_vs_CD
CD47,2.2321,-1.4866,1.1887,-1.2506,0.21107,0.99553,N1,UC_vs_CD
LINC01215,0.78868,0.42375,2.8306,0.1497,0.881,0.99553,N1,UC_vs_CD
IFT57,0.72954,-0.85465,1.9043,-0.44881,0.65357,0.99553,N1,UC_vs_CD
MYH15,0.16526,1.7355,4.296,0.40399,0.68622,0.99553,N1,UC_vs_CD
DZIP3,0.19527,0.95987,3.1507,0.30465,0.76063,0.99553,N1,UC_vs_CD
RETNLB,0.14988,-0.59457,2.8782,-0.20658,0.83634,0.99553,N1,UC_vs_CD
TRAT1,0.6319,2.5623,3.3651,0.76143,0.4464,0.99553,N1,UC_vs_CD
CD96,0.48004,2.3809,4.1592,0.57243,0.56703,0.99553,N1,UC_vs_CD
ZBED2,0.12821,2.147,4.3394,0.49477,0.62076,0.99553,N1,UC_vs_CD
ABHD10,0.10906,-0.1236,2.6028,-0.047487,0.96213,0.99553,N1,UC_vs_CD
AC112487.1,0.035259,0.57985,4.1749,0.13889,0.88954,0.99553,N1,UC_vs_CD
BTLA,0.15185,1.7355,4.296,0.40399,0.68622,0.99553,N1,UC_vs_CD
ATG3,11.24,-0.61184,0.91634,-0.6677,0.50433,0.99553,N1,UC_vs_CD
SLC35A5,0.59853,-1.6793,1.7015,-0.98696,0.32366,0.99553,N1,UC_vs_CD
CCDC80,0.12821,2.147,4.3394,0.49477,0.62076,0.99553,N1,UC_vs_CD
GTPBP8,0.81704,0.32545,1.9125,0.17017,0.86488,0.99553,N1,UC_vs_CD
NEPRO,0.16001,1.7355,4.296,0.40399,0.68622,0.99553,N1,UC_vs_CD
CFAP44,0.0738,0.29634,4.1055,0.072182,0.94246,0.99553,N1,UC_vs_CD
SPICE1,0.54568,1.5769,2.5723,0.61302,0.53986,0.99553,N1,UC_vs_CD
SIDT1,0.18843,-0.92039,3.1557,-0.29166,0.77055,0.99553,N1,UC_vs_CD
USF3,2.971,0.18199,1.2408,0.14667,0.88339,0.99553,N1,UC_vs_CD
NAA50,2.4363,1.302,0.95576,1.3623,0.1731,0.99553,N1,UC_vs_CD
AC108693.2,0.12821,2.147,4.3394,0.49477,0.62076,0.99553,N1,UC_vs_CD
ATP6V1A,1.8431,-1.2036,0.98938,-1.2165,0.22379,0.99553,N1,UC_vs_CD
GRAMD1C,0.035259,0.57985,4.1749,0.13889,0.88954,0.99553,N1,UC_vs_CD
ZDHHC23,0.27464,0.50675,3.2634,0.15528,0.8766,0.99553,N1,UC_vs_CD
CCDC191,0.0738,0.29634,4.1055,0.072182,0.94246,0.99553,N1,UC_vs_CD
QTRT2,0.16526,1.7355,4.296,0.40399,0.68622,0.99553,N1,UC_vs_CD
TIGIT,0.16001,1.7355,4.296,0.40399,0.68622,0.99553,N1,UC_vs_CD
ZBTB20,3.2006,2.5501,1.596,1.5977,0.1101,0.99553,N1,UC_vs_CD
ZBTB20-AS2,0.16347,1.3862,2.7687,0.50066,0.61661,0.99553,N1,UC_vs_CD
ZBTB20-AS4,0.16001,1.7355,4.296,0.40399,0.68622,0.99553,N1,UC_vs_CD
B4GALT4,0.38895,-0.71889,1.9319,-0.37212,0.7098,0.99553,N1,UC_vs_CD
ARHGAP31,0.12821,2.147,4.3394,0.49477,0.62076,0.99553,N1,UC_vs_CD
TMEM39A,0.50554,0.13341,1.9684,0.067775,0.94596,0.99553,N1,UC_vs_CD
POGLUT1,0.35529,1.3328,3.6732,0.36284,0.71673,0.99553,N1,UC_vs_CD
AC073352.1,0.0738,0.29634,4.1055,0.072182,0.94246,0.99553,N1,UC_vs_CD
TIMMDC1,0.65657,0.35533,2.1529,0.16505,0.86891,0.99553,N1,UC_vs_CD
CD80,0.16001,1.7355,4.296,0.40399,0.68622,0.99553,N1,UC_vs_CD
AC073352.2,0.16526,1.7355,4.296,0.40399,0.68622,0.99553,N1,UC_vs_CD
ADPRH,0.16526,1.7355,4.296,0.40399,0.68622,0.99553,N1,UC_vs_CD
PLA1A,0.15185,1.7355,4.296,0.40399,0.68622,0.99553,N1,UC_vs_CD
POPDC2,0.035259,0.57985,4.1749,0.13889,0.88954,0.99553,N1,UC_vs_CD
COX17,7.0714,-0.14377,1.2711,-0.11311,0.90994,0.99553,N1,UC_vs_CD
GSK3B,1.1502,-0.7323,1.3821,-0.52985,0.59621,0.99553,N1,UC_vs_CD
LRRC58,0.39579,0.83656,2.333,0.35858,0.71991,0.99553,N1,UC_vs_CD
NDUFB4,7.3518,1.8019,1.2304,1.4645,0.14306,0.99553,N1,UC_vs_CD
GTF2E1,0.035259,0.57985,4.1749,0.13889,0.88954,0.99553,N1,UC_vs_CD
POLQ,0.16001,1.7355,4.296,0.40399,0.68622,0.99553,N1,UC_vs_CD
HCLS1,16.405,0.527,0.50865,1.0361,0.30017,0.99553,N1,UC_vs_CD
GOLGB1,3.3927,1.3843,0.95767,1.4455,0.14832,0.99553,N1,UC_vs_CD
IQCB1,0.31515,-0.14493,2.2684,-0.063888,0.94906,0.99553,N1,UC_vs_CD
EAF2,4.6146,1.4872,1.7776,0.83664,0.40279,0.99553,N1,UC_vs_CD
SLC15A2,0.16001,1.7355,4.296,0.40399,0.68622,0.99553,N1,UC_vs_CD
CD86,0.16001,1.7355,4.296,0.40399,0.68622,0.99553,N1,UC_vs_CD
CSTA,2.3224,-0.64506,1.0529,-0.61266,0.5401,0.99553,N1,UC_vs_CD
CCDC58,0.32003,2.1244,4.2058,0.50511,0.61349,0.99553,N1,UC_vs_CD
FAM162A,2.6011,1.7884,1.6366,1.0927,0.27452,0.99553,N1,UC_vs_CD
KPNA1,0.28863,-1.0732,2.376,-0.45167,0.65151,0.99553,N1,UC_vs_CD
PARP9,4.6115,-1.0634,1.1871,-0.8958,0.37036,0.99553,N1,UC_vs_CD
DTX3L,4.1562,-0.81191,0.91643,-0.88595,0.37564,0.99553,N1,UC_vs_CD
PARP15,0.12821,2.147,4.3394,0.49477,0.62076,0.99553,N1,UC_vs_CD
PARP14,15.315,-1.8515,0.89593,-2.0665,0.038777,0.99553,N1,UC_vs_CD
HSPBAP1,1.0121,-1.4742,1.3904,-1.0603,0.28901,0.99553,N1,UC_vs_CD
DIRC2,0.18514,-0.97652,2.8755,-0.3396,0.73416,0.99553,N1,UC_vs_CD
LINC02035,0.26925,0.35724,3.0461,0.11728,0.90664,0.99553,N1,UC_vs_CD
PDIA5,0.53866,1.5248,2.4837,0.61392,0.53927,0.99553,N1,UC_vs_CD
HACD2,0.0738,0.29634,4.1055,0.072182,0.94246,0.99553,N1,UC_vs_CD
CCDC14,0.53866,1.5248,2.4837,0.61392,0.53927,0.99553,N1,UC_vs_CD
UMPS,0.34339,1.5137,3.3061,0.45785,0.64706,0.99553,N1,UC_vs_CD
ITGB5,0.16526,1.7355,4.296,0.40399,0.68622,0.99553,N1,UC_vs_CD
MUC13,0.070518,0.17302,4.0786,0.042422,0.96616,0.99553,N1,UC_vs_CD
HEG1,0.16526,1.7355,4.296,0.40399,0.68622,0.99553,N1,UC_vs_CD
ZNF148,1.096,1.733,1.6826,1.0299,0.30303,0.99553,N1,UC_vs_CD
OSBPL11,0.53182,-0.35848,1.9714,-0.18184,0.85571,0.99553,N1,UC_vs_CD
SLC41A3,0.035259,0.57985,4.1749,0.13889,0.88954,0.99553,N1,UC_vs_CD
ZXDC,0.16347,1.3862,2.7687,0.50066,0.61661,0.99553,N1,UC_vs_CD
PLXNA1,0.11463,0.076876,4.1956,0.018323,0.98538,0.99553,N1,UC_vs_CD
TPRA1,0.45422,-1.1948,1.8045,-0.66216,0.50787,0.99553,N1,UC_vs_CD
MCM2,0.16001,1.7355,4.296,0.40399,0.68622,0.99553,N1,UC_vs_CD
ABTB1,5.1482,0.053064,0.97257,0.054561,0.95649,0.99553,N1,UC_vs_CD
MGLL,1.2068,1.1745,1.6672,0.7045,0.48112,0.99553,N1,UC_vs_CD
KBTBD12,0.035259,0.57985,4.1749,0.13889,0.88954,0.99553,N1,UC_vs_CD
SEC61A1,2.5789,0.090223,1.0279,0.087771,0.93006,0.99553,N1,UC_vs_CD
RUVBL1,0.16001,1.7355,4.296,0.40399,0.68622,0.99553,N1,UC_vs_CD
GATA2,1.2959,3.026,3.5443,0.85376,0.39324,0.99553,N1,UC_vs_CD
RPN1,1.2918,-0.29382,1.1764,-0.24975,0.80278,0.99553,N1,UC_vs_CD
RAB7A,10.759,-0.051695,0.87662,-0.058971,0.95298,0.99553,N1,UC_vs_CD
ACAD9,0.26222,-1.4233,3.2885,-0.43281,0.66515,0.99553,N1,UC_vs_CD
KIAA1257,0.070518,0.17302,4.0786,0.042422,0.96616,0.99553,N1,UC_vs_CD
ISY1,0.5303,-1.5113,2.2805,-0.6627,0.50752,0.99553,N1,UC_vs_CD
AC108673.3,0.38111,-0.12676,3.4154,-0.037115,0.97039,0.99553,N1,UC_vs_CD
CNBP,9.1618,-0.22139,0.72909,-0.30365,0.7614,0.99553,N1,UC_vs_CD
COPG1,1.0751,0.022319,2.2048,0.010123,0.99192,0.99889,N1,UC_vs_CD
HMCES,0.37325,-0.37825,3.8257,-0.09887,0.92124,0.99553,N1,UC_vs_CD
H1FX,0.86047,-3.1526,3.5971,-0.87643,0.3808,0.99553,N1,UC_vs_CD
MBD4,1.4297,0.77761,1.7737,0.43842,0.66108,0.99553,N1,UC_vs_CD
IFT122,0.11463,0.076876,4.1956,0.018323,0.98538,0.99553,N1,UC_vs_CD
TMCC1,0.50576,-2.2634,2.1162,-1.0696,0.28482,0.99553,N1,UC_vs_CD
TMCC1-AS1,0.16526,1.7355,4.296,0.40399,0.68622,0.99553,N1,UC_vs_CD
PIK3R4,0.60516,1.2098,2.2882,0.52872,0.597,0.99553,N1,UC_vs_CD
ATP2C1,0.29347,2.529,3.3068,0.76479,0.4444,0.99553,N1,UC_vs_CD
NEK11,0.15185,1.7355,4.296,0.40399,0.68622,0.99553,N1,UC_vs_CD
NUDT16,0.42276,0.78781,4.0144,0.19624,0.84442,0.99553,N1,UC_vs_CD
MRPL3,0.58277,1.3226,2.804,0.47168,0.63716,0.99553,N1,UC_vs_CD
ACPP,0.47862,0.21442,1.8659,0.11492,0.90851,0.99553,N1,UC_vs_CD
DNAJC13,0.80765,2.7429,2.4161,1.1352,0.25627,0.99553,N1,UC_vs_CD
UBA5,0.61751,-0.73278,1.929,-0.37988,0.70404,0.99553,N1,UC_vs_CD
NPHP3,0.43254,0.72328,1.7657,0.40962,0.68208,0.99553,N1,UC_vs_CD
CDV3,3.3743,-0.081837,0.97935,-0.083563,0.9334,0.99553,N1,UC_vs_CD
TOPBP1,0.95488,0.70253,1.9657,0.35739,0.7208,0.99553,N1,UC_vs_CD
SRPRB,2.5086,0.86201,1.4452,0.59645,0.55088,0.99553,N1,UC_vs_CD
RYK,0.37554,-0.71823,1.9243,-0.37323,0.70897,0.99553,N1,UC_vs_CD
ANAPC13,0.61423,-0.79445,1.8158,-0.43751,0.66174,0.99553,N1,UC_vs_CD
CEP63,2.6894,2.8225,1.2741,2.2152,0.026744,0.99553,N1,UC_vs_CD
EPHB1,0.30813,2.1491,4.3393,0.49527,0.62041,0.99553,N1,UC_vs_CD
PPP2R3A,0.15185,1.7355,4.296,0.40399,0.68622,0.99553,N1,UC_vs_CD
MSL2,1.2338,0.6451,1.2852,0.50193,0.61572,0.99553,N1,UC_vs_CD
PCCB,0.19527,0.95987,3.1507,0.30465,0.76063,0.99553,N1,UC_vs_CD
STAG1,1.6418,-0.10308,1.1347,-0.09084,0.92762,0.99553,N1,UC_vs_CD
SLC35G2,0.070518,0.17302,4.0786,0.042422,0.96616,0.99553,N1,UC_vs_CD
NCK1-DT,0.46991,0.28543,2.384,0.11973,0.9047,0.99553,N1,UC_vs_CD
NCK1,0.70196,2.1978,2.8649,0.76715,0.44299,0.99553,N1,UC_vs_CD
DBR1,0.16001,1.7355,4.296,0.40399,0.68622,0.99553,N1,UC_vs_CD
ARMC8,0.93135,-0.2365,1.3567,-0.17431,0.86162,0.99553,N1,UC_vs_CD
PIK3CB,0.91716,0.62966,1.5951,0.39474,0.69303,0.99553,N1,UC_vs_CD
MRPS22,0.47188,2.3759,3.1692,0.74969,0.45344,0.99553,N1,UC_vs_CD
COPB2,4.2754,1.8753,1.1906,1.5751,0.11524,0.99553,N1,UC_vs_CD
SLC25A36,0.62,2.9958,2.6995,1.1098,0.2671,0.99553,N1,UC_vs_CD
PXYLP1,0.12821,2.147,4.3394,0.49477,0.62076,0.99553,N1,UC_vs_CD
ZBTB38,2.1833,1.4748,1.9827,0.74381,0.45699,0.99553,N1,UC_vs_CD
RASA2,3.8428,-0.89579,0.74455,-1.2031,0.22893,0.99553,N1,UC_vs_CD
RNF7,4.9889,2.6578,0.95907,2.7712,0.0055847,0.99553,N1,UC_vs_CD
ATP1B3,2.0047,1.9478,1.4066,1.3847,0.16614,0.99553,N1,UC_vs_CD
TFDP2,0.0738,0.29634,4.1055,0.072182,0.94246,0.99553,N1,UC_vs_CD
GK5,1.7285,4.107,2.8176,1.4576,0.14495,0.99553,N1,UC_vs_CD
XRN1,4.1402,-0.92433,1.0613,-0.87091,0.3838,0.99553,N1,UC_vs_CD
ATR,0.27464,0.50675,3.2634,0.15528,0.8766,0.99553,N1,UC_vs_CD
U2SURP,1.7638,0.17784,1.6911,0.10516,0.91625,0.99553,N1,UC_vs_CD
CHST2,0.94804,-0.19593,1.6014,-0.12235,0.90262,0.99553,N1,UC_vs_CD
C3orf58,0.65703,0.12035,1.829,0.065804,0.94753,0.99553,N1,UC_vs_CD
PLSCR4,0.11463,0.076876,4.1956,0.018323,0.98538,0.99553,N1,UC_vs_CD
PLSCR1,16.737,-0.61043,0.4043,-1.5098,0.13108,0.99553,N1,UC_vs_CD
CPA3,0.16001,1.7355,4.296,0.40399,0.68622,0.99553,N1,UC_vs_CD
GYG1,4.1784,-1.1366,0.81155,-1.4005,0.16135,0.99553,N1,UC_vs_CD
HPS3,0.26091,0.25946,2.237,0.11598,0.90767,0.99553,N1,UC_vs_CD
COMMD2,1.2614,0.57684,1.7793,0.3242,0.74579,0.99553,N1,UC_vs_CD
RNF13,16.423,-0.3421,0.52906,-0.64662,0.51788,0.99553,N1,UC_vs_CD
AC117395.1,0.035259,0.57985,4.1749,0.13889,0.88954,0.99553,N1,UC_vs_CD
TSC22D2,1.353,1.0093,1.152,0.8761,0.38097,0.99553,N1,UC_vs_CD
SERP1,20.472,-1.7567,0.81873,-2.1456,0.031902,0.99553,N1,UC_vs_CD
EIF2A,1.7651,1.2277,1.4997,0.81861,0.41301,0.99553,N1,UC_vs_CD
SELENOT,3.2736,0.14668,1.1501,0.12753,0.89852,0.99553,N1,UC_vs_CD
SIAH2,1.1944,2.0534,1.5683,1.3093,0.19043,0.99553,N1,UC_vs_CD
MED12L,0.11463,0.076876,4.1956,0.018323,0.98538,0.99553,N1,UC_vs_CD
GPR171,0.16001,1.7355,4.296,0.40399,0.68622,0.99553,N1,UC_vs_CD
P2RY14,1.2461,-1.9749,2.372,-0.83259,0.40508,0.99553,N1,UC_vs_CD
P2RY13,8.5552,-0.82538,0.69382,-1.1896,0.2342,0.99553,N1,UC_vs_CD
IGSF10,0.0738,0.29634,4.1055,0.072182,0.94246,0.99553,N1,UC_vs_CD
SUCNR1,0.72951,0.7716,2.6214,0.29435,0.76849,0.99553,N1,UC_vs_CD
AC108718.1,0.16001,1.7355,4.296,0.40399,0.68622,0.99553,N1,UC_vs_CD
MBNL1,6.2358,0.58449,0.62146,0.9405,0.34696,0.99553,N1,UC_vs_CD
RAP2B,0.84824,0.81469,1.5967,0.51024,0.60988,0.99553,N1,UC_vs_CD
DHX36,4.116,0.06482,0.88613,0.07315,0.94169,0.99553,N1,UC_vs_CD
MME,7.1419,0.43311,0.92429,0.46859,0.63936,0.99553,N1,UC_vs_CD
SLC33A1,1.1024,3.5555,2.3021,1.5444,0.12248,0.99553,N1,UC_vs_CD
SSR3,16.474,1.0738,1.1829,0.90776,0.364,0.99553,N1,UC_vs_CD
TIPARP,3.1138,1.4381,0.95931,1.4991,0.13385,0.99553,N1,UC_vs_CD
CCNL1,37.492,-0.87554,0.65705,-1.3325,0.18268,0.99553,N1,UC_vs_CD
PTX3,2.0799,-1.5808,1.894,-0.8346,0.40394,0.99553,N1,UC_vs_CD
SHOX2,0.16347,1.3862,2.7687,0.50066,0.61661,0.99553,N1,UC_vs_CD
RSRC1,1.2617,0.6888,1.7143,0.40179,0.68784,0.99553,N1,UC_vs_CD
AC106707.1,0.16001,1.7355,4.296,0.40399,0.68622,0.99553,N1,UC_vs_CD
GFM1,0.30761,-0.0017928,3.8441,-0.00046637,0.99963,0.99979,N1,UC_vs_CD
LXN,0.11463,0.076876,4.1956,0.018323,0.98538,0.99553,N1,UC_vs_CD
MFSD1,1.6357,-0.010108,1.2339,-0.0081923,0.99346,0.99979,N1,UC_vs_CD
IFT80,0.19527,0.95987,3.1507,0.30465,0.76063,0.99553,N1,UC_vs_CD
SMC4,1.8241,1.5429,1.301,1.186,0.23564,0.99553,N1,UC_vs_CD
TRIM59,0.46372,2.3673,3.1517,0.7511,0.45259,0.99553,N1,UC_vs_CD
KPNA4,3.9423,0.46408,0.73747,0.62928,0.52916,0.99553,N1,UC_vs_CD
B3GALNT1,0.0738,0.29634,4.1055,0.072182,0.94246,0.99553,N1,UC_vs_CD
NMD3,0.84679,2.3259,2.7041,0.86011,0.38973,0.99553,N1,UC_vs_CD
LINC02067,0.035259,0.57985,4.1749,0.13889,0.88954,0.99553,N1,UC_vs_CD
WDR49,0.16526,1.7355,4.296,0.40399,0.68622,0.99553,N1,UC_vs_CD
PDCD10,2.1706,1.4925,1.0375,1.4386,0.15025,0.99553,N1,UC_vs_CD
SERPINI1,0.48529,2.3901,3.1978,0.74742,0.45481,0.99553,N1,UC_vs_CD
GOLIM4,0.29977,-1.5725,2.9869,-0.52646,0.59857,0.99553,N1,UC_vs_CD
MYNN,0.16001,1.7355,4.296,0.40399,0.68622,0.99553,N1,UC_vs_CD
AC008040.1,0.12821,2.147,4.3394,0.49477,0.62076,0.99553,N1,UC_vs_CD
SEC62,10.825,-0.28259,0.84808,-0.33322,0.73897,0.99553,N1,UC_vs_CD
GPR160,1.0976,-0.35212,1.4554,-0.24194,0.80883,0.99553,N1,UC_vs_CD
PHC3,0.3837,-0.71864,1.929,-0.37255,0.70949,0.99553,N1,UC_vs_CD
PRKCI,0.14432,-0.42113,2.4698,-0.17051,0.86461,0.99553,N1,UC_vs_CD
SKIL,11.028,-0.52264,0.56487,-0.92524,0.35484,0.99553,N1,UC_vs_CD
RPL22L1,12.46,0.10282,1.0269,0.10013,0.92024,0.99553,N1,UC_vs_CD
TNIK,0.32003,2.1244,4.2058,0.50511,0.61349,0.99553,N1,UC_vs_CD
FNDC3B,22.335,-0.71586,0.67788,-1.056,0.29096,0.99553,N1,UC_vs_CD
TNFSF10,6.8641,0.2487,0.76091,0.32685,0.74378,0.99553,N1,UC_vs_CD
LINC02068,0.035259,0.57985,4.1749,0.13889,0.88954,0.99553,N1,UC_vs_CD
NCEH1,0.16001,1.7355,4.296,0.40399,0.68622,0.99553,N1,UC_vs_CD
ECT2,0.035259,0.57985,4.1749,0.13889,0.88954,0.99553,N1,UC_vs_CD
NAALADL2,0.30813,2.1491,4.3393,0.49527,0.62041,0.99553,N1,UC_vs_CD
TBL1XR1,2.3324,-0.27314,1.0239,-0.26675,0.78966,0.99553,N1,UC_vs_CD
ZMAT3,0.48567,-43.281,0.18818,-229.99,0,0,N1,UC_vs_CD
PIK3CA,0.59929,1.0829,1.7859,0.60637,0.54427,0.99553,N1,UC_vs_CD
ZNF639,0.32528,2.1316,3.0535,0.69809,0.48512,0.99553,N1,UC_vs_CD
MFN1,1.2462,2.2206,2.3928,0.92804,0.35339,0.99553,N1,UC_vs_CD
GNB4,1.4699,-0.071089,1.0947,-0.064939,0.94822,0.99553,N1,UC_vs_CD
ACTL6A,0.51239,1.6012,2.0101,0.79658,0.42569,0.99553,N1,UC_vs_CD
MRPL47,0.69462,1.7606,2.7018,0.65164,0.51463,0.99553,N1,UC_vs_CD
NDUFB5,2.445,3.3571,1.3594,2.4697,0.013524,0.99553,N1,UC_vs_CD
TTC14,0.85952,1.3192,1.7811,0.74068,0.45889,0.99553,N1,UC_vs_CD
FXR1,1.5233,0.80642,1.1575,0.69668,0.486,0.99553,N1,UC_vs_CD
DNAJC19,1.3455,2.6317,1.9925,1.3208,0.18657,0.99553,N1,UC_vs_CD
ATP11B,3.6853,-0.34162,1.0809,-0.31605,0.75196,0.99553,N1,UC_vs_CD
DCUN1D1,1.5141,-0.43884,1.3319,-0.32949,0.74178,0.99553,N1,UC_vs_CD
MCCC1,0.32528,2.1316,3.0535,0.69809,0.48512,0.99553,N1,UC_vs_CD
LAMP3,0.49524,1.9097,2.5001,0.76385,0.44496,0.99553,N1,UC_vs_CD
MCF2L2,0.10578,-0.14974,4.0165,-0.037281,0.97026,0.99553,N1,UC_vs_CD
B3GNT5,13.237,-0.16978,0.57815,-0.29366,0.76902,0.99553,N1,UC_vs_CD
KLHL6,3.0231,-1.0109,0.84802,-1.192,0.23324,0.99553,N1,UC_vs_CD
KLHL24,1.5306,-1.7309,1.1827,-1.4635,0.14333,0.99553,N1,UC_vs_CD
PARL,0.42276,0.78781,4.0144,0.19624,0.84442,0.99553,N1,UC_vs_CD
ABCC5,0.18843,-0.92039,3.1557,-0.29166,0.77055,0.99553,N1,UC_vs_CD
EIF2B5,0.16526,1.7355,4.296,0.40399,0.68622,0.99553,N1,UC_vs_CD
DVL3,0.49473,0.089606,1.912,0.046864,0.96262,0.99553,N1,UC_vs_CD
AP2M1,1.3654,1.1478,1.3019,0.88159,0.378,0.99553,N1,UC_vs_CD
ALG3,0.11463,0.076876,4.1956,0.018323,0.98538,0.99553,N1,UC_vs_CD
EEF1AKMT4,0.10578,-0.14974,4.0165,-0.037281,0.97026,0.99553,N1,UC_vs_CD
PSMD2,1.1594,-0.091988,1.6803,-0.054745,0.95634,0.99553,N1,UC_vs_CD
EIF4G1,2.519,-0.58631,0.90054,-0.65107,0.515,0.99553,N1,UC_vs_CD
FAM131A,0.23399,0.60098,2.9277,0.20527,0.83736,0.99553,N1,UC_vs_CD
POLR2H,1.6638,0.51331,2.4652,0.20823,0.83505,0.99553,N1,UC_vs_CD
MAGEF1,0.26579,0.22466,3.6635,0.061323,0.9511,0.99553,N1,UC_vs_CD
VPS8,1.7071,-0.74772,1.2613,-0.59284,0.55329,0.99553,N1,UC_vs_CD
MAP3K13,3.1977,-0.92053,0.82723,-1.1128,0.2658,0.99553,N1,UC_vs_CD
TMEM41A,0.16526,1.7355,4.296,0.40399,0.68622,0.99553,N1,UC_vs_CD
LIPH,0.035259,0.57985,4.1749,0.13889,0.88954,0.99553,N1,UC_vs_CD
SENP2,0.91247,0.25908,2.1585,0.12003,0.90446,0.99553,N1,UC_vs_CD
IGF2BP2,0.035259,0.57985,4.1749,0.13889,0.88954,0.99553,N1,UC_vs_CD
TRA2B,4.0932,0.36781,0.80898,0.45465,0.64936,0.99553,N1,UC_vs_CD
DNAJB11,2.5073,2.4943,1.1391,2.1897,0.028543,0.99553,N1,UC_vs_CD
EIF4A2,4.5038,-0.25563,0.70234,-0.36396,0.71589,0.99553,N1,UC_vs_CD
RFC4,0.48004,2.3809,4.1592,0.57243,0.56703,0.99553,N1,UC_vs_CD
ST6GAL1,0.76052,-0.30864,1.8272,-0.16891,0.86587,0.99553,N1,UC_vs_CD
RPL39L,0.38193,1.2016,3.5543,0.33806,0.73532,0.99553,N1,UC_vs_CD
AC072022.1,0.11463,0.076876,4.1956,0.018323,0.98538,0.99553,N1,UC_vs_CD
BCL6,12.9,-0.49295,0.90456,-0.54496,0.58578,0.99553,N1,UC_vs_CD
AC092941.2,0.070518,0.17302,4.0786,0.042422,0.96616,0.99553,N1,UC_vs_CD
AC022498.1,0.035259,0.57985,4.1749,0.13889,0.88954,0.99553,N1,UC_vs_CD
LPP-AS2,0.070518,0.17302,4.0786,0.042422,0.96616,0.99553,N1,UC_vs_CD
LPP,1.8182,-0.31662,1.0544,-0.30029,0.76396,0.99553,N1,UC_vs_CD
TPRG1,0.0738,0.29634,4.1055,0.072182,0.94246,0.99553,N1,UC_vs_CD
CLDN16,0.16526,1.7355,4.296,0.40399,0.68622,0.99553,N1,UC_vs_CD
IL1RAP,13.58,-0.42794,0.63266,-0.67642,0.49878,0.99553,N1,UC_vs_CD
CCDC50,1.5032,0.75175,1.6687,0.45049,0.65236,0.99553,N1,UC_vs_CD
MB21D2,0.20201,1.0374,3.076,0.33725,0.73593,0.99553,N1,UC_vs_CD
OPA1,0.41719,0.83692,2.2009,0.38025,0.70376,0.99553,N1,UC_vs_CD
HES1,8.4049,0.36483,0.87832,0.41537,0.67787,0.99553,N1,UC_vs_CD
ATP13A3,14.082,0.58783,0.77891,0.75467,0.45044,0.99553,N1,UC_vs_CD
LINC00884,0.18514,-0.97652,2.8755,-0.3396,0.73416,0.99553,N1,UC_vs_CD
TMEM44-AS1,0.15185,1.7355,4.296,0.40399,0.68622,0.99553,N1,UC_vs_CD
LSG1,0.1476,-0.38372,3.978,-0.09646,0.92315,0.99553,N1,UC_vs_CD
FAM43A,0.3099,-0.14541,2.2609,-0.064314,0.94872,0.99553,N1,UC_vs_CD
ACAP2,4.2894,-0.60409,0.83983,-0.7193,0.47195,0.99553,N1,UC_vs_CD
PPP1R2,2.9731,-1.7662,1.0899,-1.6205,0.10512,0.99553,N1,UC_vs_CD
MUC20-OT1,0.96501,-0.39701,1.7395,-0.22823,0.81947,0.99553,N1,UC_vs_CD
MUC4,0.94901,0.050941,1.855,0.027461,0.97809,0.99553,N1,UC_vs_CD
TNK2,0.18286,-0.58992,2.6976,-0.21868,0.8269,0.99553,N1,UC_vs_CD
TFRC,2.7222,0.41757,1.1055,0.37772,0.70564,0.99553,N1,UC_vs_CD
ZDHHC19,0.2214,-0.75066,3.927,-0.19116,0.8484,0.99553,N1,UC_vs_CD
PCYT1A,1.5517,0.80338,1.1134,0.72158,0.47055,0.99553,N1,UC_vs_CD
TCTEX1D2,0.11463,0.076876,4.1956,0.018323,0.98538,0.99553,N1,UC_vs_CD
TM4SF19,0.31712,2.1207,3.0327,0.69927,0.48438,0.99553,N1,UC_vs_CD
UBXN7,1.181,0.53444,1.5991,0.33422,0.73821,0.99553,N1,UC_vs_CD
RNF168,1.2198,2.1489,2.1094,1.0187,0.30832,0.99553,N1,UC_vs_CD
NRROS,0.42617,0.63384,1.9421,0.32637,0.74414,0.99553,N1,UC_vs_CD
PIGX,1.2543,0.94698,1.7633,0.53705,0.59123,0.99553,N1,UC_vs_CD
CEP19,0.52017,-2.4417,3.1656,-0.7713,0.44053,0.99553,N1,UC_vs_CD
PAK2,8.2145,-0.52997,0.64874,-0.81693,0.41397,0.99553,N1,UC_vs_CD
SENP5,0.88344,1.766,1.5562,1.1348,0.25648,0.99553,N1,UC_vs_CD
NCBP2,0.81102,1.247,2.0807,0.59934,0.54894,0.99553,N1,UC_vs_CD
NCBP2-AS2,0.0738,0.29634,4.1055,0.072182,0.94246,0.99553,N1,UC_vs_CD
MELTF,0.45999,2.6284,3.7508,0.70074,0.48347,0.99553,N1,UC_vs_CD
DLG1,0.78395,0.37383,2.0436,0.18292,0.85486,0.99553,N1,UC_vs_CD
RUBCN,0.73037,-0.12172,2.1624,-0.056291,0.95511,0.99553,N1,UC_vs_CD
FYTTD1,1.5052,0.58049,1.3093,0.44335,0.65752,0.99553,N1,UC_vs_CD
LRCH3,0.66327,-0.89861,1.8075,-0.49714,0.61909,0.99553,N1,UC_vs_CD
IQCG,0.46372,2.3673,3.1517,0.7511,0.45259,0.99553,N1,UC_vs_CD
RPL35A,48.891,0.97154,0.91001,1.0676,0.2857,0.99553,N1,UC_vs_CD
ZNF718,0.15185,1.7355,4.296,0.40399,0.68622,0.99553,N1,UC_vs_CD
ZNF141,0.16001,1.7355,4.296,0.40399,0.68622,0.99553,N1,UC_vs_CD
ZNF721,0.4835,2.0946,2.4814,0.84409,0.39862,0.99553,N1,UC_vs_CD
PIGG,0.035259,0.57985,4.1749,0.13889,0.88954,0.99553,N1,UC_vs_CD
ATP5ME,7.0817,-0.4721,0.7684,-0.6144,0.53895,0.99553,N1,UC_vs_CD
SLC49A3,0.035259,0.57985,4.1749,0.13889,0.88954,0.99553,N1,UC_vs_CD
PCGF3,0.77129,1.14,2.6875,0.42418,0.67143,0.99553,N1,UC_vs_CD
AC139887.2,0.070518,0.17302,4.0786,0.042422,0.96616,0.99553,N1,UC_vs_CD
CPLX1,0.76386,1.4059,3.9206,0.35859,0.7199,0.99553,N1,UC_vs_CD
GAK,1.4672,-1.7411,1.6154,-1.0778,0.28112,0.99553,N1,UC_vs_CD
TMEM175,0.12821,2.147,4.3394,0.49477,0.62076,0.99553,N1,UC_vs_CD
DGKQ,0.035259,0.57985,4.1749,0.13889,0.88954,0.99553,N1,UC_vs_CD
IDUA,0.0738,0.29634,4.1055,0.072182,0.94246,0.99553,N1,UC_vs_CD
FGFRL1,0.0738,0.29634,4.1055,0.072182,0.94246,0.99553,N1,UC_vs_CD
SPON2,0.16526,1.7355,4.296,0.40399,0.68622,0.99553,N1,UC_vs_CD
CTBP1,0.28863,-1.0732,2.376,-0.45167,0.65151,0.99553,N1,UC_vs_CD
MAEA,1.9188,-0.057944,1.1932,-0.048564,0.96127,0.99553,N1,UC_vs_CD
UVSSA,0.38715,-0.57459,1.7984,-0.31949,0.74935,0.99553,N1,UC_vs_CD
AC147067.1,0.3837,-0.71864,1.929,-0.37255,0.70949,0.99553,N1,UC_vs_CD
SLBP,0.75115,1.4071,1.5829,0.8889,0.37406,0.99553,N1,UC_vs_CD
TACC3,1.1727,1.1353,1.4063,0.80733,0.41948,0.99553,N1,UC_vs_CD
LETM1,0.32528,2.1316,3.0535,0.69809,0.48512,0.99553,N1,UC_vs_CD
NSD2,0.48004,2.3809,4.1592,0.57243,0.56703,0.99553,N1,UC_vs_CD
NELFA,0.32003,2.1244,4.2058,0.50511,0.61349,0.99553,N1,UC_vs_CD
C4orf48,0.81384,-1.1446,2.6497,-0.43197,0.66576,0.99553,N1,UC_vs_CD
MXD4,0.15185,1.7355,4.296,0.40399,0.68622,0.99553,N1,UC_vs_CD
RNF4,0.39383,1.2613,3.9508,0.31926,0.74953,0.99553,N1,UC_vs_CD
FAM193A,0.74689,-0.02836,1.7967,-0.015784,0.98741,0.99587,N1,UC_vs_CD
TNIP2,0.70721,2.1674,2.1901,0.98964,0.32235,0.99553,N1,UC_vs_CD
SH3BP2,3.812,0.0062033,0.89367,0.0069413,0.99446,0.99979,N1,UC_vs_CD
ADD1,1.8785,0.64452,1.1865,0.54322,0.58698,0.99553,N1,UC_vs_CD
MFSD10,0.74855,1.1704,2.0859,0.56109,0.57474,0.99553,N1,UC_vs_CD
NOP14,0.42276,0.78781,4.0144,0.19624,0.84442,0.99553,N1,UC_vs_CD
GRK4,0.16526,1.7355,4.296,0.40399,0.68622,0.99553,N1,UC_vs_CD
LRPAP1,5.4464,1.3112,1.3315,0.98476,0.32474,0.99553,N1,UC_vs_CD
LYAR,0.35529,1.3328,3.6732,0.36284,0.71673,0.99553,N1,UC_vs_CD
ZBTB49,0.15185,1.7355,4.296,0.40399,0.68622,0.99553,N1,UC_vs_CD
STX18,0.1476,-0.38372,3.978,-0.09646,0.92315,0.99553,N1,UC_vs_CD
STX18-AS1,0.30813,2.1491,4.3393,0.49527,0.62041,0.99553,N1,UC_vs_CD
MSX1,0.0738,0.29634,4.1055,0.072182,0.94246,0.99553,N1,UC_vs_CD
WFS1,0.0738,0.29634,4.1055,0.072182,0.94246,0.99553,N1,UC_vs_CD
MAN2B2,0.29347,2.529,3.3068,0.76479,0.4444,0.99553,N1,UC_vs_CD
MRFAP1,1.6179,1.4296,1.2482,1.1453,0.25209,0.99553,N1,UC_vs_CD
AC093323.1,0.30813,2.1491,4.3393,0.49527,0.62041,0.99553,N1,UC_vs_CD
LINC002481,0.070518,0.17302,4.0786,0.042422,0.96616,0.99553,N1,UC_vs_CD
S100P,27.885,0.85767,0.54386,1.577,0.11479,0.99553,N1,UC_vs_CD
MRFAP1L1,0.46991,0.28543,2.384,0.11973,0.9047,0.99553,N1,UC_vs_CD
BLOC1S4,0.16001,1.7355,4.296,0.40399,0.68622,0.99553,N1,UC_vs_CD
KIAA0232,1.7879,-1.1755,1.1347,-1.036,0.30021,0.99553,N1,UC_vs_CD
TBC1D14,1.7622,-0.38579,1.3113,-0.29422,0.76859,0.99553,N1,UC_vs_CD
TADA2B,0.53253,1.9466,2.6617,0.73136,0.46456,0.99553,N1,UC_vs_CD
GRPEL1,1.123,-0.21649,1.6383,-0.13214,0.89487,0.99553,N1,UC_vs_CD
SORCS2,0.16526,1.7355,4.296,0.40399,0.68622,0.99553,N1,UC_vs_CD
AFAP1,0.0738,0.29634,4.1055,0.072182,0.94246,0.99553,N1,UC_vs_CD
SH3TC1,0.2214,-0.75066,3.927,-0.19116,0.8484,0.99553,N1,UC_vs_CD
HTRA3,0.0738,0.29634,4.1055,0.072182,0.94246,0.99553,N1,UC_vs_CD
ACOX3,0.11463,0.076876,4.1956,0.018323,0.98538,0.99553,N1,UC_vs_CD
SLC2A9,0.33052,2.1419,4.2023,0.5097,0.61026,0.99553,N1,UC_vs_CD
WDR1,5.5014,-0.61412,0.81559,-0.75298,0.45146,0.99553,N1,UC_vs_CD
ZNF518B,0.51388,2.0018,2.0763,0.96413,0.33498,0.99553,N1,UC_vs_CD
RAB28,0.33052,2.1419,4.2023,0.5097,0.61026,0.99553,N1,UC_vs_CD
BOD1L1,6.655,0.93375,0.70507,1.3243,0.18539,0.99553,N1,UC_vs_CD
CPEB2,0.70897,0.0065216,1.6471,0.0039594,0.99684,0.99979,N1,UC_vs_CD
AC098829.1,0.18711,0.95949,3.1139,0.30814,0.75798,0.99553,N1,UC_vs_CD
C1QTNF7,0.035259,0.57985,4.1749,0.13889,0.88954,0.99553,N1,UC_vs_CD
CC2D2A,0.070518,0.17302,4.0786,0.042422,0.96616,0.99553,N1,UC_vs_CD
AC116651.1,0.50178,-1.2533,1.8023,-0.69537,0.48682,0.99553,N1,UC_vs_CD
FBXL5,9.1454,-0.94724,0.61807,-1.5326,0.12538,0.99553,N1,UC_vs_CD
FAM200B,3.9998,-0.72978,0.74447,-0.98026,0.32696,0.99553,N1,UC_vs_CD
BST1,3.3084,-0.74021,1.2395,-0.59719,0.55038,0.99553,N1,UC_vs_CD
CD38,2.3658,0.74374,2.0836,0.35695,0.72113,0.99553,N1,UC_vs_CD
PROM1,0.30813,2.1491,4.3393,0.49527,0.62041,0.99553,N1,UC_vs_CD
TAPT1,0.035259,0.57985,4.1749,0.13889,0.88954,0.99553,N1,UC_vs_CD
LAP3,6.8652,-2.0934,1.615,-1.2963,0.19489,0.99553,N1,UC_vs_CD
MED28,4.0878,-0.7435,1.0931,-0.68015,0.49641,0.99553,N1,UC_vs_CD
FAM184B,0.31532,1.7502,2.2928,0.76334,0.44526,0.99553,N1,UC_vs_CD
DCAF16,0.52204,1.9329,2.6466,0.73034,0.46518,0.99553,N1,UC_vs_CD
NCAPG,0.16001,1.7355,4.296,0.40399,0.68622,0.99553,N1,UC_vs_CD
LCORL,0.42649,0.90349,2.2685,0.39828,0.69042,0.99553,N1,UC_vs_CD
PACRGL,0.12821,2.147,4.3394,0.49477,0.62076,0.99553,N1,UC_vs_CD
DHX15,1.8053,-0.063332,1.6266,-0.038935,0.96894,0.99553,N1,UC_vs_CD
CCDC149,0.33052,2.1419,4.2023,0.5097,0.61026,0.99553,N1,UC_vs_CD
SEPSECS,0.32528,2.1316,3.0535,0.69809,0.48512,0.99553,N1,UC_vs_CD
SEPSECS-AS1,0.5836,1.1864,2.2621,0.52447,0.59995,0.99553,N1,UC_vs_CD
ZCCHC4,0.035259,0.57985,4.1749,0.13889,0.88954,0.99553,N1,UC_vs_CD
ANAPC4,0.32528,2.1316,3.0535,0.69809,0.48512,0.99553,N1,UC_vs_CD
SEL1L3,3.7852,0.22703,2.2312,0.10175,0.91895,0.99553,N1,UC_vs_CD
SMIM20,0.87573,0.51943,1.7137,0.3031,0.76182,0.99553,N1,UC_vs_CD
RBPJ,6.5367,0.10058,0.63625,0.15808,0.87439,0.99553,N1,UC_vs_CD
STIM2,1.8991,2.5771,1.5624,1.6494,0.099061,0.99553,N1,UC_vs_CD
ARAP2,2.5835,-2.2375,1.6955,-1.3196,0.18696,0.99553,N1,UC_vs_CD
DTHD1,0.32003,2.1244,4.2058,0.50511,0.61349,0.99553,N1,UC_vs_CD
RELL1,0.0738,0.29634,4.1055,0.072182,0.94246,0.99553,N1,UC_vs_CD
PGM2,0.32528,2.1316,3.0535,0.69809,0.48512,0.99553,N1,UC_vs_CD
TBC1D1,1.1908,1.0385,1.3,0.79879,0.42441,0.99553,N1,UC_vs_CD
KLF3,1.6939,3.3888,1.4132,2.3979,0.016488,0.99553,N1,UC_vs_CD
TLR10,0.035259,0.57985,4.1749,0.13889,0.88954,0.99553,N1,UC_vs_CD
TLR1,5.0125,0.15914,0.83642,0.19027,0.8491,0.99553,N1,UC_vs_CD
TLR6,1.3072,-0.21505,1.2698,-0.16935,0.86552,0.99553,N1,UC_vs_CD
FAM114A1,0.18843,-0.92039,3.1557,-0.29166,0.77055,0.99553,N1,UC_vs_CD
TMEM156,1.3567,1.4062,1.9092,0.73653,0.46141,0.99553,N1,UC_vs_CD
KLHL5,1.4375,0.94686,2.4441,0.38741,0.69845,0.99553,N1,UC_vs_CD
WDR19,0.15185,1.7355,4.296,0.40399,0.68622,0.99553,N1,UC_vs_CD
RFC1,0.90457,0.27524,2.6245,0.10487,0.91648,0.99553,N1,UC_vs_CD
KLB,0.16001,1.7355,4.296,0.40399,0.68622,0.99553,N1,UC_vs_CD
RPL9,34.744,0.88354,0.57898,1.526,0.12701,0.99553,N1,UC_vs_CD
UGDH,0.27253,0.40043,1.9238,0.20815,0.83511,0.99553,N1,UC_vs_CD
SMIM14,0.49293,-1.0669,1.7141,-0.62241,0.53367,0.99553,N1,UC_vs_CD
AC108471.2,0.035259,0.57985,4.1749,0.13889,0.88954,0.99553,N1,UC_vs_CD
UBE2K,1.0703,-1.0583,1.2987,-0.81488,0.41514,0.99553,N1,UC_vs_CD
PDS5A,1.2936,1.4692,1.2435,1.1815,0.23742,0.99553,N1,UC_vs_CD
N4BP2,10.434,-1.6525,1.8552,-0.89075,0.37307,0.99553,N1,UC_vs_CD
RHOH,61.303,-1.1244,0.79629,-1.4121,0.15793,0.99553,N1,UC_vs_CD
LINC02265,0.33143,-0.30608,2.1232,-0.14416,0.88537,0.99553,N1,UC_vs_CD
RBM47,14.23,-0.88273,0.5208,-1.6949,0.090089,0.99553,N1,UC_vs_CD
NSUN7,0.21812,-0.78126,2.4483,-0.3191,0.74965,0.99553,N1,UC_vs_CD
APBB2,0.42276,0.78781,4.0144,0.19624,0.84442,0.99553,N1,UC_vs_CD
TMEM33,0.53147,-1.1355,1.6379,-0.69328,0.48813,0.99553,N1,UC_vs_CD
SLC30A9,0.35238,1.3243,2.3132,0.57248,0.567,0.99553,N1,UC_vs_CD
ATP8A1,0.69557,-0.0003902,1.6407,-0.00023783,0.99981,0.99981,N1,UC_vs_CD
GNPDA2,0.23381,0.79896,3.5449,0.22538,0.82168,0.99553,N1,UC_vs_CD
COMMD8,0.33274,-1.7082,2.0359,-0.83906,0.40144,0.99553,N1,UC_vs_CD
ATP10D,1.2697,0.7239,2.2585,0.32053,0.74857,0.99553,N1,UC_vs_CD
CORIN,0.0738,0.29634,4.1055,0.072182,0.94246,0.99553,N1,UC_vs_CD
NFXL1,1.933,-1.9459,1.7732,-1.0974,0.27247,0.99553,N1,UC_vs_CD
TXK,0.0738,0.29634,4.1055,0.072182,0.94246,0.99553,N1,UC_vs_CD
TEC,0.0738,0.29634,4.1055,0.072182,0.94246,0.99553,N1,UC_vs_CD
SLAIN2,0.26907,0.25928,2.2471,0.11538,0.90814,0.99553,N1,UC_vs_CD
FRYL,2.6672,0.65396,0.83925,0.77922,0.43585,0.99553,N1,UC_vs_CD
OCIAD1,3.1039,1.1848,1.1606,1.0208,0.30735,0.99553,N1,UC_vs_CD
OCIAD2,1.0629,0.96606,2.0455,0.47227,0.63673,0.99553,N1,UC_vs_CD
SGCB,0.070518,0.17302,4.0786,0.042422,0.96616,0.99553,N1,UC_vs_CD
FIP1L1,0.31335,-0.20346,2.1757,-0.093512,0.9255,0.99553,N1,UC_vs_CD
CHIC2,2.0111,-1.5715,1.096,-1.4338,0.15164,0.99553,N1,UC_vs_CD
AC110792.2,0.16001,1.7355,4.296,0.40399,0.68622,0.99553,N1,UC_vs_CD
TMEM165,4.1964,-0.52823,0.77117,-0.68497,0.49336,0.99553,N1,UC_vs_CD
CLOCK,0.20052,0.9601,3.1736,0.30253,0.76225,0.99553,N1,UC_vs_CD
EXOC1,1.2011,0.62077,1.4186,0.43758,0.66169,0.99553,N1,UC_vs_CD
CEP135,0.86898,-1.6376,2.6677,-0.61386,0.53931,0.99553,N1,UC_vs_CD
KIAA1211,0.035259,0.57985,4.1749,0.13889,0.88954,0.99553,N1,UC_vs_CD
AASDH,0.23906,0.79839,3.5646,0.22398,0.82277,0.99553,N1,UC_vs_CD
PPAT,0.16001,1.7355,4.296,0.40399,0.68622,0.99553,N1,UC_vs_CD
PAICS,0.78001,3.2818,2.7295,1.2023,0.22924,0.99553,N1,UC_vs_CD
SRP72,1.2527,-0.63777,1.5799,-0.40368,0.68645,0.99553,N1,UC_vs_CD
HOPX,0.28822,2.5291,3.2881,0.76917,0.44179,0.99553,N1,UC_vs_CD
SPINK2,0.48004,2.3809,4.1592,0.57243,0.56703,0.99553,N1,UC_vs_CD
REST,1.9117,3.1238,1.3728,2.2754,0.022883,0.99553,N1,UC_vs_CD
NOA1,0.16001,1.7355,4.296,0.40399,0.68622,0.99553,N1,UC_vs_CD
POLR2B,1.5835,2.3574,1.5971,1.476,0.13994,0.99553,N1,UC_vs_CD
IGFBP7,0.14988,-0.59457,2.8782,-0.20658,0.83634,0.99553,N1,UC_vs_CD
CENPC,0.65657,0.35533,2.1529,0.16505,0.86891,0.99553,N1,UC_vs_CD
STAP1,0.35529,1.3328,3.6732,0.36284,0.71673,0.99553,N1,UC_vs_CD
UBA6,1.9276,-0.41106,1.0879,-0.37785,0.70554,0.99553,N1,UC_vs_CD
YTHDC1,5.4075,-1.1153,0.7861,-1.4188,0.15596,0.99553,N1,UC_vs_CD
UGT2B17,0.1476,-0.38372,3.978,-0.09646,0.92315,0.99553,N1,UC_vs_CD
AC111000.4,0.16001,1.7355,4.296,0.40399,0.68622,0.99553,N1,UC_vs_CD
SULT1B1,1.3657,-0.717,2.1132,-0.33929,0.73439,0.99553,N1,UC_vs_CD
ENAM,0.35529,1.3328,3.6732,0.36284,0.71673,0.99553,N1,UC_vs_CD
JCHAIN,433.69,1.0486,1.6513,0.63503,0.52541,0.99553,N1,UC_vs_CD
UTP3,0.57036,-0.68137,2.6516,-0.25696,0.79721,0.99553,N1,UC_vs_CD
RUFY3,0.66342,2.3686,2.7185,0.87127,0.38361,0.99553,N1,UC_vs_CD
GRSF1,0.45802,0.19031,2.513,0.07573,0.93963,0.99553,N1,UC_vs_CD
MOB1B,0.15185,1.7355,4.296,0.40399,0.68622,0.99553,N1,UC_vs_CD
DCK,0.26907,0.25928,2.2471,0.11538,0.90814,0.99553,N1,UC_vs_CD
SLC4A4,0.035259,0.57985,4.1749,0.13889,0.88954,0.99553,N1,UC_vs_CD
COX18,0.0738,0.29634,4.1055,0.072182,0.94246,0.99553,N1,UC_vs_CD
ANKRD17,0.68643,-1.957,1.7635,-1.1097,0.26711,0.99553,N1,UC_vs_CD
RASSF6,0.369,-1.2164,3.8758,-0.31385,0.75363,0.99553,N1,UC_vs_CD
AC112518.1,0.035259,0.57985,4.1749,0.13889,0.88954,0.99553,N1,UC_vs_CD
CXCL8,1552.7,-0.31984,0.91728,-0.34868,0.72733,0.99553,N1,UC_vs_CD
CXCL6,0.035259,0.57985,4.1749,0.13889,0.88954,0.99553,N1,UC_vs_CD
CXCL1,57.751,-1.342,1.3287,-1.01,0.3125,0.99553,N1,UC_vs_CD
PPBP,0.035259,0.57985,4.1749,0.13889,0.88954,0.99553,N1,UC_vs_CD
CXCL3,1.5887,0.24648,2.4605,0.10017,0.92021,0.99553,N1,UC_vs_CD
CXCL2,19.742,-0.47486,1.4678,-0.32352,0.7463,0.99553,N1,UC_vs_CD
MTHFD2L,0.65608,1.7676,2.4851,0.71127,0.47692,0.99553,N1,UC_vs_CD
EREG,6.7189,6.4797,2.2113,2.9303,0.0033868,0.99553,N1,UC_vs_CD
AREG,5.268,-0.87045,0.88626,-0.98215,0.32602,0.99553,N1,UC_vs_CD
PARM1,1.0006,2.0096,2.7231,0.73798,0.46053,0.99553,N1,UC_vs_CD
RCHY1,0.69524,-1.0953,1.8583,-0.58941,0.55558,0.99553,N1,UC_vs_CD
THAP6,0.26579,0.22466,3.6635,0.061323,0.9511,0.99553,N1,UC_vs_CD
ODAPH,0.16001,1.7355,4.296,0.40399,0.68622,0.99553,N1,UC_vs_CD
G3BP2,4.4003,1.1609,0.88918,1.3055,0.19171,0.99553,N1,UC_vs_CD
USO1,2.8966,1.3618,1.6372,0.83177,0.40554,0.99553,N1,UC_vs_CD
NAAA,0.27464,0.50675,3.2634,0.15528,0.8766,0.99553,N1,UC_vs_CD
SDAD1,0.73722,1.6718,2.0924,0.79895,0.42432,0.99553,N1,UC_vs_CD
CXCL9,1.1112,-2.3169,3.7136,-0.62389,0.5327,0.99553,N1,UC_vs_CD
CXCL10,5.7547,-2.8367,3.596,-0.78884,0.43021,0.99553,N1,UC_vs_CD
NUP54,0.59467,1.2554,3.6886,0.34036,0.73359,0.99553,N1,UC_vs_CD
SCARB2,0.81367,0.83902,1.8215,0.46061,0.64507,0.99553,N1,UC_vs_CD
FAM47E,0.0738,0.29634,4.1055,0.072182,0.94246,0.99553,N1,UC_vs_CD
SEPT11,0.035259,0.57985,4.1749,0.13889,0.88954,0.99553,N1,UC_vs_CD
CCNI,10.576,-0.32888,0.55037,-0.59756,0.55013,0.99553,N1,UC_vs_CD
CCNG2,1.3268,-0.3429,1.255,-0.27323,0.78468,0.99553,N1,UC_vs_CD
CNOT6L,1.2194,-0.58965,1.7085,-0.34514,0.72999,0.99553,N1,UC_vs_CD
MRPL1,0.82868,2.5401,2.1436,1.185,0.23602,0.99553,N1,UC_vs_CD
ANXA3,6.5461,0.2311,0.65181,0.35455,0.72292,0.99553,N1,UC_vs_CD
LINC01094,0.16001,1.7355,4.296,0.40399,0.68622,0.99553,N1,UC_vs_CD
AC098818.2,0.035259,0.57985,4.1749,0.13889,0.88954,0.99553,N1,UC_vs_CD
BMP2K,1.3139,0.92262,1.6223,0.5687,0.56956,0.99553,N1,UC_vs_CD
ANTXR2,3.8139,-0.71471,0.81203,-0.88016,0.37877,0.99553,N1,UC_vs_CD
PRDM8,2.9643,0.37463,1.4071,0.26623,0.79006,0.99553,N1,UC_vs_CD
RASGEF1B,5.3652,-0.79869,1.2636,-0.6321,0.52732,0.99553,N1,UC_vs_CD
HNRNPD,2.6135,0.51703,0.97227,0.53178,0.59488,0.99553,N1,UC_vs_CD
HNRNPDL,5.7723,0.7236,0.74199,0.97522,0.32945,0.99553,N1,UC_vs_CD
ENOPH1,0.43634,2.8476,3.2624,0.87286,0.38274,0.99553,N1,UC_vs_CD
SEC31A,1.5063,0.733,1.4149,0.51805,0.60442,0.99553,N1,UC_vs_CD
THAP9-AS1,2.1069,-0.69231,0.97625,-0.70915,0.47823,0.99553,N1,UC_vs_CD
THAP9,0.17958,-0.63764,2.4879,-0.25629,0.79772,0.99553,N1,UC_vs_CD
LIN54,0.58927,1.0499,2.6524,0.39584,0.69222,0.99553,N1,UC_vs_CD
COPS4,0.84058,1.9327,2.6319,0.73433,0.46275,0.99553,N1,UC_vs_CD
PLAC8,2.4668,0.13501,2.1978,0.061431,0.95102,0.99553,N1,UC_vs_CD
COQ2,0.43465,0.96667,3.5014,0.27608,0.78249,0.99553,N1,UC_vs_CD
HPSE,2.6277,2.115,1.0068,2.1007,0.035666,0.99553,N1,UC_vs_CD
HELQ,0.3837,-0.71864,1.929,-0.37255,0.70949,0.99553,N1,UC_vs_CD
MRPS18C,2.951,1.2989,1.2918,1.0054,0.31469,0.99553,N1,UC_vs_CD
ABRAXAS1,0.30813,2.1491,4.3393,0.49527,0.62041,0.99553,N1,UC_vs_CD
GPAT3,1.3487,1.3312,1.2221,1.0893,0.27603,0.99553,N1,UC_vs_CD
WDFY3,2.7871,-0.65091,1.5354,-0.42394,0.67161,0.99553,N1,UC_vs_CD
ARHGAP24,0.70445,1.5214,1.786,0.85184,0.3943,0.99553,N1,UC_vs_CD
AFF1,1.9831,-2.7026,1.3281,-2.0349,0.041859,0.99553,N1,UC_vs_CD
KLHL8,0.22368,-1.1647,2.1972,-0.53008,0.59605,0.99553,N1,UC_vs_CD
HSD17B11,5.0434,0.23121,0.68666,0.33671,0.73633,0.99553,N1,UC_vs_CD
NUDT9,0.36727,1.5499,2.4393,0.6354,0.52516,0.99553,N1,UC_vs_CD
SPP1,26.553,-1.7451,2.5014,-0.69765,0.48539,0.99553,N1,UC_vs_CD
PPM1K,1.5483,2.1981,1.3054,1.6839,0.092208,0.99553,N1,UC_vs_CD
HERC6,0.11463,0.076876,4.1956,0.018323,0.98538,0.99553,N1,UC_vs_CD
HERC5,2.0774,-2.9879,1.8719,-1.5962,0.11044,0.99553,N1,UC_vs_CD
PYURF,0.6808,1.6197,1.6962,0.95492,0.33962,0.99553,N1,UC_vs_CD
HERC3,1.532,0.80878,1.1022,0.73382,0.46306,0.99553,N1,UC_vs_CD
NAP1L5,0.035259,0.57985,4.1749,0.13889,0.88954,0.99553,N1,UC_vs_CD
FAM13A-AS1,0.42569,-0.71487,1.8467,-0.38711,0.69868,0.99553,N1,UC_vs_CD
GPRIN3,1.3228,2.9102,1.8566,1.5675,0.11699,0.99553,N1,UC_vs_CD
CCSER1,0.30813,2.1491,4.3393,0.49527,0.62041,0.99553,N1,UC_vs_CD
SMARCAD1,0.46815,2.6288,3.7763,0.69614,0.48634,0.99553,N1,UC_vs_CD
PDLIM5,1.7515,0.13955,1.0415,0.13399,0.89341,0.99553,N1,UC_vs_CD
RAP1GDS1,0.50554,0.13341,1.9684,0.067775,0.94596,0.99553,N1,UC_vs_CD
EIF4E,3.5066,0.055961,1.266,0.044202,0.96474,0.99553,N1,UC_vs_CD
METAP1,0.28822,2.5291,3.2881,0.76917,0.44179,0.99553,N1,UC_vs_CD
ADH5,0.78178,0.74742,1.9295,0.38737,0.69848,0.99553,N1,UC_vs_CD
TRMT10A,0.33959,-0.30429,2.1354,-0.14249,0.88669,0.99553,N1,UC_vs_CD
DAPP1,11.409,-1.1175,0.70238,-1.591,0.11162,0.99553,N1,UC_vs_CD
LAMTOR3,6.7955,-1.1732,1.4188,-0.82689,0.4083,0.99553,N1,UC_vs_CD
DNAJB14,2.15,1.6159,1.0527,1.5351,0.12477,0.99553,N1,UC_vs_CD
H2AFZ,20.999,0.84539,0.84059,1.0057,0.31455,0.99553,N1,UC_vs_CD
PPP3CA,3.9721,-0.11911,0.8137,-0.14638,0.88362,0.99553,N1,UC_vs_CD
AP001816.1,0.035259,0.57985,4.1749,0.13889,0.88954,0.99553,N1,UC_vs_CD
BANK1,0.75195,3.299,2.5189,1.3097,0.19029,0.99553,N1,UC_vs_CD
SLC39A8,1.3146,2.9393,1.9557,1.5029,0.13285,0.99553,N1,UC_vs_CD
AC098487.1,0.070518,0.17302,4.0786,0.042422,0.96616,0.99553,N1,UC_vs_CD
AF213884.3,0.29168,1.8596,3.0345,0.61283,0.53999,0.99553,N1,UC_vs_CD
NFKB1,12.814,0.2905,0.72951,0.39821,0.69048,0.99553,N1,UC_vs_CD
MANBA,1.3096,0.87917,1.2972,0.67774,0.49794,0.99553,N1,UC_vs_CD
UBE2D3,26.059,-0.74649,0.35841,-2.0827,0.037274,0.99553,N1,UC_vs_CD
CISD2,2.1871,1.7799,1.3131,1.3556,0.17524,0.99553,N1,UC_vs_CD
SLC9B2,0.32528,2.1316,3.0535,0.69809,0.48512,0.99553,N1,UC_vs_CD
BDH2,0.035259,0.57985,4.1749,0.13889,0.88954,0.99553,N1,UC_vs_CD
CENPE,0.16001,1.7355,4.296,0.40399,0.68622,0.99553,N1,UC_vs_CD
TET2,9.8703,-0.36354,0.63861,-0.56927,0.56918,0.99553,N1,UC_vs_CD
PPA2,0.25566,-1.4436,3.0421,-0.47453,0.63512,0.99553,N1,UC_vs_CD
TBCK,0.16526,1.7355,4.296,0.40399,0.68622,0.99553,N1,UC_vs_CD
AIMP1,0.82004,0.8346,1.555,0.53672,0.59146,0.99553,N1,UC_vs_CD
PAPSS1,1.3113,0.36177,1.5323,0.2361,0.81336,0.99553,N1,UC_vs_CD
SGMS2,1.4247,3.919,2.7838,1.4078,0.1592,0.99553,N1,UC_vs_CD
HADH,0.53378,1.7051,2.6369,0.64663,0.51787,0.99553,N1,UC_vs_CD
RPL34,71.413,0.73448,0.73287,1.0022,0.31625,0.99553,N1,UC_vs_CD
OSTC,6.6019,2.4726,1.5866,1.5584,0.11913,0.99553,N1,UC_vs_CD
SEC24B,0.19527,0.95987,3.1507,0.30465,0.76063,0.99553,N1,UC_vs_CD
MCUB,0.31712,2.1207,3.0327,0.69927,0.48438,0.99553,N1,UC_vs_CD
CASP6,0.23381,0.79896,3.5449,0.22538,0.82168,0.99553,N1,UC_vs_CD
GAR1,0.0738,0.29634,4.1055,0.072182,0.94246,0.99553,N1,UC_vs_CD
FAM241A,0.58916,-0.25904,1.6442,-0.15755,0.87481,0.99553,N1,UC_vs_CD
AC109347.1,0.15185,1.7355,4.296,0.40399,0.68622,0.99553,N1,UC_vs_CD
AP1AR,0.48391,-0.9233,2.067,-0.44668,0.65511,0.99553,N1,UC_vs_CD
AC109347.2,0.22237,0.52589,3.4052,0.15444,0.87726,0.99553,N1,UC_vs_CD
TIFA,4.9957,-2.7791,1.351,-2.057,0.039682,0.99553,N1,UC_vs_CD
ALPK1,3.7729,-1.0875,0.95799,-1.1352,0.2563,0.99553,N1,UC_vs_CD
LARP7,2.8647,1.4759,0.94568,1.5606,0.11861,0.99553,N1,UC_vs_CD
CAMK2D,0.31187,2.1139,3.0197,0.70005,0.48389,0.99553,N1,UC_vs_CD
UGT8,0.16526,1.7355,4.296,0.40399,0.68622,0.99553,N1,UC_vs_CD
SNHG8,2.2877,-0.0074251,1.8141,-0.0040929,0.99673,0.99979,N1,UC_vs_CD
METTL14,0.34028,-0.37373,2.3837,-0.15679,0.87541,0.99553,N1,UC_vs_CD
SEC24D,2.1851,-1.3769,1.0598,-1.2992,0.19387,0.99553,N1,UC_vs_CD
USP53,0.5529,1.0888,2.4633,0.44201,0.65848,0.99553,N1,UC_vs_CD
C4orf3,22.351,0.17458,0.52006,0.3357,0.7371,0.99553,N1,UC_vs_CD
PDE5A,0.0738,0.29634,4.1055,0.072182,0.94246,0.99553,N1,UC_vs_CD
MAD2L1,0.46815,2.6288,3.7763,0.69614,0.48634,0.99553,N1,UC_vs_CD
TNIP3,2.1021,2.2331,2.8165,0.79286,0.42786,0.99553,N1,UC_vs_CD
ANXA5,12.43,-0.082433,0.99395,-0.082935,0.9339,0.99553,N1,UC_vs_CD
EXOSC9,0.0738,0.29634,4.1055,0.072182,0.94246,0.99553,N1,UC_vs_CD
BBS7,0.16001,1.7355,4.296,0.40399,0.68622,0.99553,N1,UC_vs_CD
KIAA1109,2.6372,0.3142,0.9999,0.31423,0.75335,0.99553,N1,UC_vs_CD
IL2,0.16001,1.7355,4.296,0.40399,0.68622,0.99553,N1,UC_vs_CD
SPATA5,0.0738,0.29634,4.1055,0.072182,0.94246,0.99553,N1,UC_vs_CD
MFSD8,0.97911,2.8874,1.8875,1.5298,0.12607,0.99553,N1,UC_vs_CD
ABHD18,0.0738,0.29634,4.1055,0.072182,0.94246,0.99553,N1,UC_vs_CD
LARP1B,1.5891,1.1627,1.8499,0.62854,0.52965,0.99553,N1,UC_vs_CD
PGRMC2,0.1476,-0.38372,3.978,-0.09646,0.92315,0.99553,N1,UC_vs_CD
JADE1,0.96353,-0.90221,1.3452,-0.67069,0.50242,0.99553,N1,UC_vs_CD
SCLT1,3.2053,-0.89999,1.1784,-0.76372,0.44503,0.99553,N1,UC_vs_CD
C4orf33,0.95685,0.47092,2.8524,0.1651,0.86887,0.99553,N1,UC_vs_CD
PCDH18,0.11463,0.076876,4.1956,0.018323,0.98538,0.99553,N1,UC_vs_CD
SLC7A11,1.5184,1.0091,1.4153,0.71297,0.47587,0.99553,N1,UC_vs_CD
NOCT,0.16526,1.7355,4.296,0.40399,0.68622,0.99553,N1,UC_vs_CD
ELF2,3.4207,-1.0383,1.2026,-0.86344,0.3879,0.99553,N1,UC_vs_CD
NDUFC1,2.773,0.92242,0.92026,1.0024,0.31617,0.99553,N1,UC_vs_CD
NAA15,0.53327,-0.18509,2.7664,-0.066907,0.94666,0.99553,N1,UC_vs_CD
AC097376.2,1.4464,0.85428,1.1224,0.76109,0.4466,0.99553,N1,UC_vs_CD
RAB33B,0.88568,0.42267,1.4915,0.28338,0.77688,0.99553,N1,UC_vs_CD
SETD7,0.15185,1.7355,4.296,0.40399,0.68622,0.99553,N1,UC_vs_CD
MGST2,0.18286,-0.58992,2.6976,-0.21868,0.8269,0.99553,N1,UC_vs_CD
MAML3,0.9592,1.0085,1.5433,0.65351,0.51343,0.99553,N1,UC_vs_CD
SCOC,0.070518,0.17302,4.0786,0.042422,0.96616,0.99553,N1,UC_vs_CD
ELMOD2,0.90594,1.6925,1.4633,1.1566,0.24742,0.99553,N1,UC_vs_CD
TBC1D9,1.0611,1.3835,2.0822,0.66445,0.5064,0.99553,N1,UC_vs_CD
ZNF330,1.6283,-0.72273,1.2328,-0.58626,0.5577,0.99553,N1,UC_vs_CD
IL15,0.44008,2.8884,2.5493,1.133,0.25722,0.99553,N1,UC_vs_CD
USP38,0.57306,0.54607,2.7219,0.20062,0.84099,0.99553,N1,UC_vs_CD
GAB1,0.70001,-0.72543,1.5474,-0.46881,0.63921,0.99553,N1,UC_vs_CD
SMARCA5,1.5512,0.34885,1.1688,0.29847,0.76535,0.99553,N1,UC_vs_CD
GYPB,0.16526,1.7355,4.296,0.40399,0.68622,0.99553,N1,UC_vs_CD
ANAPC10,0.32003,2.1244,4.2058,0.50511,0.61349,0.99553,N1,UC_vs_CD
ABCE1,1.1209,-0.57305,1.4903,-0.38452,0.70059,0.99553,N1,UC_vs_CD
OTUD4,0.28006,2.5294,3.2581,0.77633,0.43755,0.99553,N1,UC_vs_CD
SMAD1,0.035259,0.57985,4.1749,0.13889,0.88954,0.99553,N1,UC_vs_CD
ZNF827,0.16001,1.7355,4.296,0.40399,0.68622,0.99553,N1,UC_vs_CD
LSM6,2.788,1.3389,1.1878,1.1272,0.25966,0.99553,N1,UC_vs_CD
SLC10A7,0.6938,2.1509,2.178,0.98755,0.32337,0.99553,N1,UC_vs_CD
PRMT9,0.61626,3.1638,4.327,0.73117,0.46468,0.99553,N1,UC_vs_CD
DCLK2,0.0738,0.29634,4.1055,0.072182,0.94246,0.99553,N1,UC_vs_CD
LRBA,0.0738,0.29634,4.1055,0.072182,0.94246,0.99553,N1,UC_vs_CD
RPS3A,55.195,0.87633,0.8176,1.0718,0.2838,0.99553,N1,UC_vs_CD
FBXW7,3.1132,0.38544,0.93615,0.41173,0.68054,0.99553,N1,UC_vs_CD
TMEM154,16.104,-0.78987,0.45467,-1.7372,0.082345,0.99553,N1,UC_vs_CD
AC106882.1,0.27464,0.50675,3.2634,0.15528,0.8766,0.99553,N1,UC_vs_CD
ARFIP1,2.5761,-0.23408,0.94282,-0.24828,0.80392,0.99553,N1,UC_vs_CD
MND1,0.16001,1.7355,4.296,0.40399,0.68622,0.99553,N1,UC_vs_CD
TMEM131L,0.6938,2.1509,2.178,0.98755,0.32337,0.99553,N1,UC_vs_CD
TLR2,14.158,-0.66729,0.67167,-0.99348,0.32047,0.99553,N1,UC_vs_CD
RNF175,0.070518,0.17302,4.0786,0.042422,0.96616,0.99553,N1,UC_vs_CD
PLRG1,0.65854,0.22429,1.9927,0.11256,0.91038,0.99553,N1,UC_vs_CD
MAP9,0.0738,0.29634,4.1055,0.072182,0.94246,0.99553,N1,UC_vs_CD
CTSO,0.16001,1.7355,4.296,0.40399,0.68622,0.99553,N1,UC_vs_CD
C4orf46,0.19527,0.95987,3.1507,0.30465,0.76063,0.99553,N1,UC_vs_CD
ETFDH,1.11,-0.14173,1.556,-0.091086,0.92742,0.99553,N1,UC_vs_CD
PPID,1.0319,-0.61355,1.9189,-0.31973,0.74917,0.99553,N1,UC_vs_CD
FNIP2,2.4838,-0.92038,2.4341,-0.37812,0.70534,0.99553,N1,UC_vs_CD
RAPGEF2,1.1237,1.566,1.6303,0.96057,0.33677,0.99553,N1,UC_vs_CD
NAF1,0.16526,1.7355,4.296,0.40399,0.68622,0.99553,N1,UC_vs_CD
TMA16,0.3099,-0.14541,2.2609,-0.064314,0.94872,0.99553,N1,UC_vs_CD
MARCH1,0.31712,2.1207,3.0327,0.69927,0.48438,0.99553,N1,UC_vs_CD
TRIM61,0.0738,0.29634,4.1055,0.072182,0.94246,0.99553,N1,UC_vs_CD
TMEM192,0.62374,2.5575,3.1669,0.80756,0.41934,0.99553,N1,UC_vs_CD
KLHL2,1.8637,-0.23703,1.3079,-0.18123,0.85619,0.99553,N1,UC_vs_CD
MSMO1,0.18514,-0.97652,2.8755,-0.3396,0.73416,0.99553,N1,UC_vs_CD
DDX60,0.78847,-1.2678,1.8012,-0.70389,0.4815,0.99553,N1,UC_vs_CD
DDX60L,19.313,-1.6798,0.62206,-2.7003,0.0069272,0.99553,N1,UC_vs_CD
PALLD,0.37685,-1.9628,3.3381,-0.588,0.55653,0.99553,N1,UC_vs_CD
SH3RF1,0.035259,0.57985,4.1749,0.13889,0.88954,0.99553,N1,UC_vs_CD
NEK1,0.16526,1.7355,4.296,0.40399,0.68622,0.99553,N1,UC_vs_CD
CLCN3,0.54765,1.0279,1.8783,0.54724,0.58422,0.99553,N1,UC_vs_CD
HPF1,0.87998,2.0465,1.824,1.122,0.26187,0.99553,N1,UC_vs_CD
GALNT7,1.0745,2.1369,1.8002,1.187,0.23523,0.99553,N1,UC_vs_CD
HMGB2,8.5847,1.4297,1.5562,0.91871,0.35825,0.99553,N1,UC_vs_CD
SAP30,0.15185,1.7355,4.296,0.40399,0.68622,0.99553,N1,UC_vs_CD
HAND2-AS1,0.035259,0.57985,4.1749,0.13889,0.88954,0.99553,N1,UC_vs_CD
FBXO8,0.59992,1.2042,2.282,0.52769,0.59771,0.99553,N1,UC_vs_CD
CEP44,0.32003,2.1244,4.2058,0.50511,0.61349,0.99553,N1,UC_vs_CD
HPGD,1.6149,3.3159,2.3584,1.406,0.15973,0.99553,N1,UC_vs_CD
SPCS3,13.457,0.44003,0.97846,0.44971,0.65292,0.99553,N1,UC_vs_CD
NEIL3,0.29977,-1.5725,2.9869,-0.52646,0.59857,0.99553,N1,UC_vs_CD
AGA,0.55909,1.5906,2.5913,0.6138,0.53935,0.99553,N1,UC_vs_CD
DCTD,0.44008,2.8884,2.5493,1.133,0.25722,0.99553,N1,UC_vs_CD
WWC2,0.16526,1.7355,4.296,0.40399,0.68622,0.99553,N1,UC_vs_CD
CDKN2AIP,0.59435,0.88125,1.9572,0.45027,0.65252,0.99553,N1,UC_vs_CD
ING2,0.37751,1.2275,3.9546,0.3104,0.75626,0.99553,N1,UC_vs_CD
RWDD4,0.61028,2.2167,2.5508,0.86901,0.38484,0.99553,N1,UC_vs_CD
TRAPPC11,0.16001,1.7355,4.296,0.40399,0.68622,0.99553,N1,UC_vs_CD
LINC02363,0.65657,0.35533,2.1529,0.16505,0.86891,0.99553,N1,UC_vs_CD
LINC02362,0.34844,-0.37546,2.3977,-0.15659,0.87556,0.99553,N1,UC_vs_CD
IRF2,4.9965,0.044528,1.1005,0.04046,0.96773,0.99553,N1,UC_vs_CD
CASP3,1.3301,-0.45642,1.783,-0.25598,0.79796,0.99553,N1,UC_vs_CD
PRIMPOL,0.23381,0.79896,3.5449,0.22538,0.82168,0.99553,N1,UC_vs_CD
CENPU,0.5258,1.5991,2.3876,0.66974,0.50302,0.99553,N1,UC_vs_CD
ACSL1,48.539,0.080554,0.72924,0.11046,0.91204,0.99553,N1,UC_vs_CD
AC084871.2,0.58031,0.12191,1.6225,0.075135,0.94011,0.99553,N1,UC_vs_CD
MIR3945HG,29.778,-0.70553,0.71619,-0.98512,0.32457,0.99553,N1,UC_vs_CD
LINC01093,0.55788,-0.72158,1.7364,-0.41557,0.67772,0.99553,N1,UC_vs_CD
SLC25A4,1.2393,0.90843,2.4138,0.37636,0.70665,0.99553,N1,UC_vs_CD
CFAP97,0.0738,0.29634,4.1055,0.072182,0.94246,0.99553,N1,UC_vs_CD
SNX25,0.32003,2.1244,4.2058,0.50511,0.61349,0.99553,N1,UC_vs_CD
ANKRD37,1.464,0.0861,1.277,0.067421,0.94625,0.99553,N1,UC_vs_CD
UFSP2,0.57865,-0.34861,1.7494,-0.19928,0.84204,0.99553,N1,UC_vs_CD
SORBS2,0.11463,0.076876,4.1956,0.018323,0.98538,0.99553,N1,UC_vs_CD
CYP4V2,0.0738,0.29634,4.1055,0.072182,0.94246,0.99553,N1,UC_vs_CD
FAT1,0.34339,1.5137,3.3061,0.45785,0.64706,0.99553,N1,UC_vs_CD
LINC01262,0.11463,0.076876,4.1956,0.018323,0.98538,0.99553,N1,UC_vs_CD
FRG1,1.354,-0.86688,1.3895,-0.62387,0.53271,0.99553,N1,UC_vs_CD
SDHA,0.75702,1.3747,1.8829,0.73011,0.46532,0.99553,N1,UC_vs_CD
PDCD6,1.7052,-0.52847,1.0599,-0.49861,0.61806,0.99553,N1,UC_vs_CD
EXOC3-AS1,0.22925,-0.75796,4.1396,-0.1831,0.85472,0.99553,N1,UC_vs_CD
EXOC3,0.82283,2.442,2.1617,1.1296,0.25863,0.99553,N1,UC_vs_CD
SLC9A3,0.11463,0.076876,4.1956,0.018323,0.98538,0.99553,N1,UC_vs_CD
ZDHHC11B,0.035259,0.57985,4.1749,0.13889,0.88954,0.99553,N1,UC_vs_CD
BRD9,0.22565,0.79989,3.5133,0.22768,0.8199,0.99553,N1,UC_vs_CD
TRIP13,0.32003,2.1244,4.2058,0.50511,0.61349,0.99553,N1,UC_vs_CD
SLC12A7,0.035259,0.57985,4.1749,0.13889,0.88954,0.99553,N1,UC_vs_CD
CLPTM1L,2.159,-0.55659,1.2652,-0.43994,0.65998,0.99553,N1,UC_vs_CD
LPCAT1,11.363,0.72227,0.87026,0.82996,0.40656,0.99553,N1,UC_vs_CD
MRPL36,1.9404,0.17352,2.2571,0.076878,0.93872,0.99553,N1,UC_vs_CD
NDUFS6,4.3469,0.48612,0.97,0.50115,0.61627,0.99553,N1,UC_vs_CD
ICE1,0.48041,0.2999,2.3984,0.12504,0.90049,0.99553,N1,UC_vs_CD
MED10,0.99889,2.43,1.5111,1.6081,0.10781,0.99553,N1,UC_vs_CD
NSUN2,0.34339,1.5137,3.3061,0.45785,0.64706,0.99553,N1,UC_vs_CD
SRD5A1,0.23906,0.79839,3.5646,0.22398,0.82277,0.99553,N1,UC_vs_CD
TENT4A,0.88695,-0.89686,1.8386,-0.48778,0.6257,0.99553,N1,UC_vs_CD
MTRR,0.26907,0.25928,2.2471,0.11538,0.90814,0.99553,N1,UC_vs_CD
FASTKD3,0.0738,0.29634,4.1055,0.072182,0.94246,0.99553,N1,UC_vs_CD
AC034229.1,0.15185,1.7355,4.296,0.40399,0.68622,0.99553,N1,UC_vs_CD
CCT5,2.5628,1.8451,1.3784,1.3386,0.18069,0.99553,N1,UC_vs_CD
MARCH6,1.8882,-0.30325,1.4191,-0.21369,0.83079,0.99553,N1,UC_vs_CD
ROPN1L,0.49016,-1.2607,1.8676,-0.67504,0.49965,0.99553,N1,UC_vs_CD
LINC01513,0.035259,0.57985,4.1749,0.13889,0.88954,0.99553,N1,UC_vs_CD
ANKRD33B,0.6285,0.82981,1.7551,0.47281,0.63635,0.99553,N1,UC_vs_CD
DAP,1.1046,0.21464,1.3823,0.15528,0.8766,0.99553,N1,UC_vs_CD
TRIO,0.22565,0.79989,3.5133,0.22768,0.8199,0.99553,N1,UC_vs_CD
OTULINL,0.58996,0.97796,1.7357,0.56345,0.57313,0.99553,N1,UC_vs_CD
OTULIN,0.75523,1.2144,1.5903,0.76358,0.44512,0.99553,N1,UC_vs_CD
ZNF622,1.1185,1.4839,1.7758,0.83561,0.40337,0.99553,N1,UC_vs_CD
RETREG1,0.18711,0.95949,3.1139,0.30814,0.75798,0.99553,N1,UC_vs_CD
MYO10,0.27989,0.51131,3.2798,0.1559,0.87612,0.99553,N1,UC_vs_CD
BASP1,48.499,-0.73353,0.77603,-0.94523,0.34454,0.99553,N1,UC_vs_CD
AC026785.2,0.25763,0.22355,3.6305,0.061575,0.9509,0.99553,N1,UC_vs_CD
LINC02217,0.10578,-0.14974,4.0165,-0.037281,0.97026,0.99553,N1,UC_vs_CD
PDZD2,0.16001,1.7355,4.296,0.40399,0.68622,0.99553,N1,UC_vs_CD
GOLPH3,1.0702,-0.12741,1.7309,-0.073607,0.94132,0.99553,N1,UC_vs_CD
AC025181.2,0.15185,1.7355,4.296,0.40399,0.68622,0.99553,N1,UC_vs_CD
MTMR12,0.0738,0.29634,4.1055,0.072182,0.94246,0.99553,N1,UC_vs_CD
ZFR,1.3087,-0.61441,1.2354,-0.49734,0.61895,0.99553,N1,UC_vs_CD
SUB1,41.466,-0.2334,0.93517,-0.24958,0.80291,0.99553,N1,UC_vs_CD
TARS,0.789,2.7395,2.313,1.1844,0.23627,0.99553,N1,UC_vs_CD
RAD1,0.16001,1.7355,4.296,0.40399,0.68622,0.99553,N1,UC_vs_CD
BRIX1,0.79537,2.5014,2.0853,1.1996,0.23031,0.99553,N1,UC_vs_CD
DNAJC21,0.59256,1.0525,1.8425,0.57122,0.56785,0.99553,N1,UC_vs_CD
IL7R,2.9071,1.7271,2.116,0.81619,0.41439,0.99553,N1,UC_vs_CD
LMBRD2,0.11463,0.076876,4.1956,0.018323,0.98538,0.99553,N1,UC_vs_CD
NADK2,0.14988,-0.59457,2.8782,-0.20658,0.83634,0.99553,N1,UC_vs_CD
SLC1A3,0.77005,-1.1646,1.5915,-0.73178,0.4643,0.99553,N1,UC_vs_CD
NIPBL,4.3592,1.1695,1.0546,1.1089,0.26746,0.99553,N1,UC_vs_CD
CPLANE1,0.035259,0.57985,4.1749,0.13889,0.88954,0.99553,N1,UC_vs_CD
NUP155,0.23381,0.79896,3.5449,0.22538,0.82168,0.99553,N1,UC_vs_CD
WDR70,0.22925,-0.75796,4.1396,-0.1831,0.85472,0.99553,N1,UC_vs_CD
OSMR,0.47339,2.6291,3.7922,0.6933,0.48812,0.99553,N1,UC_vs_CD
RICTOR,3.7357,0.38284,1.1188,0.34218,0.73221,0.99553,N1,UC_vs_CD
FYB1,28.771,-1.1996,0.96906,-1.2379,0.21575,0.99553,N1,UC_vs_CD
C9,0.15185,1.7355,4.296,0.40399,0.68622,0.99553,N1,UC_vs_CD
DAB2,0.88533,0.194,1.8391,0.10548,0.91599,0.99553,N1,UC_vs_CD
LINC00604,0.035259,0.57985,4.1749,0.13889,0.88954,0.99553,N1,UC_vs_CD
TTC33,0.31187,2.1139,3.0197,0.70005,0.48389,0.99553,N1,UC_vs_CD
PTGER4,4.642,-0.95788,1.0735,-0.89233,0.37221,0.99553,N1,UC_vs_CD
PRKAA1,0.71066,1.7835,1.6906,1.0549,0.29146,0.99553,N1,UC_vs_CD
RPL37,53.642,0.8108,0.69495,1.1667,0.24333,0.99553,N1,UC_vs_CD
CARD6,0.30305,-1.5435,3.2854,-0.4698,0.6385,0.99553,N1,UC_vs_CD
OXCT1,0.68529,0.4802,1.7152,0.27997,0.7795,0.99553,N1,UC_vs_CD
C5orf51,0.24681,-0.88405,3.9109,-0.22605,0.82116,0.99553,N1,UC_vs_CD
SELENOP,0.47337,0.21433,1.8614,0.11514,0.90833,0.99553,N1,UC_vs_CD
ANXA2R,1.0215,-2.7212,1.5989,-1.7019,0.088766,0.99553,N1,UC_vs_CD
ZNF131,1.4939,-1.0801,1.2008,-0.89948,0.3684,0.99553,N1,UC_vs_CD
HMGCS1,1.9315,0.014117,0.96857,0.014575,0.98837,0.9964,N1,UC_vs_CD
TMEM267,0.15185,1.7355,4.296,0.40399,0.68622,0.99553,N1,UC_vs_CD
PAIP1,0.7712,-0.32054,2.1744,-0.14741,0.88281,0.99553,N1,UC_vs_CD
NNT,0.38567,1.2777,2.4678,0.51772,0.60465,0.99553,N1,UC_vs_CD
MRPS30-DT,0.035259,0.57985,4.1749,0.13889,0.88954,0.99553,N1,UC_vs_CD
MRPS30,0.16001,1.7355,4.296,0.40399,0.68622,0.99553,N1,UC_vs_CD
EMB,2.6217,0.16706,0.83579,0.19988,0.84157,0.99553,N1,UC_vs_CD
PARP8,2.0187,-0.059608,0.91573,-0.065093,0.9481,0.99553,N1,UC_vs_CD
PELO,0.63714,2.5873,2.3973,1.0793,0.28047,0.99553,N1,UC_vs_CD
ITGA2,0.070518,0.17302,4.0786,0.042422,0.96616,0.99553,N1,UC_vs_CD
AC008966.1,0.16001,1.7355,4.296,0.40399,0.68622,0.99553,N1,UC_vs_CD
NDUFS4,1.0257,1.9982,2.9223,0.68378,0.49411,0.99553,N1,UC_vs_CD
ARL15,0.23053,0.5269,3.4413,0.15311,0.87831,0.99553,N1,UC_vs_CD
SNX18,1.1805,1.9273,1.398,1.3786,0.16802,0.99553,N1,UC_vs_CD
GZMK,0.16001,1.7355,4.296,0.40399,0.68622,0.99553,N1,UC_vs_CD
GZMA,0.16001,1.7355,4.296,0.40399,0.68622,0.99553,N1,UC_vs_CD
CDC20B,0.31712,2.1207,3.0327,0.69927,0.48438,0.99553,N1,UC_vs_CD
GPX8,0.0738,0.29634,4.1055,0.072182,0.94246,0.99553,N1,UC_vs_CD
DHX29,1.2834,1.6134,1.2606,1.2799,0.20057,0.99553,N1,UC_vs_CD
MTREX,0.47339,2.6291,3.7922,0.6933,0.48812,0.99553,N1,UC_vs_CD
PLPP1,0.32528,2.1316,3.0535,0.69809,0.48512,0.99553,N1,UC_vs_CD
SLC38A9,0.0738,0.29634,4.1055,0.072182,0.94246,0.99553,N1,UC_vs_CD
IL31RA,0.035259,0.57985,4.1749,0.13889,0.88954,0.99553,N1,UC_vs_CD
IL6ST,1.326,0.11509,1.1398,0.10097,0.91958,0.99553,N1,UC_vs_CD
MAP3K1,1.857,2.3413,1.1522,2.032,0.042156,0.99553,N1,UC_vs_CD
SETD9,0.10578,-0.14974,4.0165,-0.037281,0.97026,0.99553,N1,UC_vs_CD
GPBP1,10.123,-0.34442,0.55312,-0.62268,0.5335,0.99553,N1,UC_vs_CD
PLK2,0.7171,-0.14281,1.8116,-0.078828,0.93717,0.99553,N1,UC_vs_CD
GAPT,1.6206,-1.0069,1.5363,-0.65539,0.51222,0.99553,N1,UC_vs_CD
PDE4D,1.109,2.9674,2.3275,1.2749,0.20233,0.99553,N1,UC_vs_CD
DEPDC1B,0.16001,1.7355,4.296,0.40399,0.68622,0.99553,N1,UC_vs_CD
ERCC8,0.11463,0.076876,4.1956,0.018323,0.98538,0.99553,N1,UC_vs_CD
NDUFAF2,0.65657,0.35533,2.1529,0.16505,0.86891,0.99553,N1,UC_vs_CD
SMIM15,0.71243,0.17331,1.4509,0.11944,0.90492,0.99553,N1,UC_vs_CD
ZSWIM6,1.7654,-0.63812,1.0606,-0.60165,0.54741,0.99553,N1,UC_vs_CD
KIF2A,0.49604,-1.3114,2.5978,-0.50483,0.61368,0.99553,N1,UC_vs_CD
IPO11,0.89281,1.1304,1.9837,0.56987,0.56877,0.99553,N1,UC_vs_CD
LRRC70,0.035259,0.57985,4.1749,0.13889,0.88954,0.99553,N1,UC_vs_CD
SREK1IP1,0.93847,2.8118,2.8889,0.97333,0.33039,0.99553,N1,UC_vs_CD
CWC27,0.30813,2.1491,4.3393,0.49527,0.62041,0.99553,N1,UC_vs_CD
CENPK,0.23381,0.79896,3.5449,0.22538,0.82168,0.99553,N1,UC_vs_CD
PPWD1,0.9738,-0.4948,2.537,-0.19504,0.84537,0.99553,N1,UC_vs_CD
TRIM23,0.16001,1.7355,4.296,0.40399,0.68622,0.99553,N1,UC_vs_CD
TRAPPC13,0.16001,1.7355,4.296,0.40399,0.68622,0.99553,N1,UC_vs_CD
SGTB,2.3569,-1.7387,1.2922,-1.3455,0.17845,0.99553,N1,UC_vs_CD
NLN,0.40195,-0.64639,2.2103,-0.29245,0.76994,0.99553,N1,UC_vs_CD
AC010359.1,0.035259,0.57985,4.1749,0.13889,0.88954,0.99553,N1,UC_vs_CD
ERBIN,9.1475,-0.53756,1.0867,-0.49468,0.62083,0.99553,N1,UC_vs_CD
SREK1,1.6536,1.0283,1.8506,0.55568,0.57843,0.99553,N1,UC_vs_CD
MAST4,0.93705,-0.8782,1.4742,-0.59571,0.55137,0.99553,N1,UC_vs_CD
CD180,0.49656,-0.18288,2.6416,-0.069232,0.9448,0.99553,N1,UC_vs_CD
PIK3R1,0.035259,0.57985,4.1749,0.13889,0.88954,0.99553,N1,UC_vs_CD
SLC30A5,0.5996,0.8836,1.9615,0.45047,0.65237,0.99553,N1,UC_vs_CD
CCNB1,0.27464,0.50675,3.2634,0.15528,0.8766,0.99553,N1,UC_vs_CD
MRPS36,1.3935,1.9766,1.3079,1.5113,0.13071,0.99553,N1,UC_vs_CD
CDK7,0.39925,0.9242,2.284,0.40464,0.68574,0.99553,N1,UC_vs_CD
CCDC125,0.62097,-0.48015,1.5539,-0.309,0.75732,0.99553,N1,UC_vs_CD
AK6,1.1487,0.09558,1.3738,0.069576,0.94453,0.99553,N1,UC_vs_CD
TAF9,3.3683,-0.7103,1.421,-0.49985,0.61718,0.99553,N1,UC_vs_CD
RAD17,0.8909,2.357,3.1597,0.74595,0.4557,0.99553,N1,UC_vs_CD
GTF2H2C,0.38763,0.82644,2.3196,0.35628,0.72163,0.99553,N1,UC_vs_CD
NAIP,4.3147,-0.52324,0.74743,-0.70006,0.48389,0.99553,N1,UC_vs_CD
GTF2H2,0.38566,-0.82594,2.2814,-0.36203,0.71733,0.99553,N1,UC_vs_CD
BDP1,2.1034,2.0803,1.4867,1.3992,0.16175,0.99553,N1,UC_vs_CD
MCCC2,0.035259,0.57985,4.1749,0.13889,0.88954,0.99553,N1,UC_vs_CD
MRPS27,1.0547,2.094,2.1997,0.95195,0.34112,0.99553,N1,UC_vs_CD
TNPO1,0.66704,-0.76055,1.5786,-0.4818,0.62995,0.99553,N1,UC_vs_CD
AC008972.2,0.16526,1.7355,4.296,0.40399,0.68622,0.99553,N1,UC_vs_CD
FCHO2,1.1746,0.035894,1.3464,0.026659,0.97873,0.99553,N1,UC_vs_CD
BTF3,9.9955,1.2466,0.68997,1.8067,0.070811,0.99553,N1,UC_vs_CD
ANKRA2,0.38193,1.2016,3.5543,0.33806,0.73532,0.99553,N1,UC_vs_CD
UTP15,0.035259,0.57985,4.1749,0.13889,0.88954,0.99553,N1,UC_vs_CD
ENC1,0.15185,1.7355,4.296,0.40399,0.68622,0.99553,N1,UC_vs_CD
HEXB,1.0188,-1.392,1.5087,-0.92269,0.35617,0.99553,N1,UC_vs_CD
GFM2,0.035259,0.57985,4.1749,0.13889,0.88954,0.99553,N1,UC_vs_CD
NSA2,1.7947,3.2197,1.864,1.7273,0.084105,0.99553,N1,UC_vs_CD
AC008897.2,0.035259,0.57985,4.1749,0.13889,0.88954,0.99553,N1,UC_vs_CD
HMGCR,1.874,-0.11937,1.0795,-0.11058,0.91195,0.99553,N1,UC_vs_CD
COL4A3BP,3.1372,-0.69073,0.93204,-0.7411,0.45863,0.99553,N1,UC_vs_CD
POLK,0.78802,-0.39772,1.6348,-0.24328,0.80779,0.99553,N1,UC_vs_CD
AC113404.1,0.16001,1.7355,4.296,0.40399,0.68622,0.99553,N1,UC_vs_CD
IQGAP2,3.3759,0.28209,0.94159,0.29959,0.76449,0.99553,N1,UC_vs_CD
F2RL2,0.035259,0.57985,4.1749,0.13889,0.88954,0.99553,N1,UC_vs_CD
F2R,0.62328,0.64322,2.0822,0.30891,0.75739,0.99553,N1,UC_vs_CD
F2RL1,0.34844,-0.37546,2.3977,-0.15659,0.87556,0.99553,N1,UC_vs_CD
S100Z,0.16526,1.7355,4.296,0.40399,0.68622,0.99553,N1,UC_vs_CD
AGGF1,0.48529,2.3901,3.1978,0.74742,0.45481,0.99553,N1,UC_vs_CD
WDR41,0.32003,2.1244,4.2058,0.50511,0.61349,0.99553,N1,UC_vs_CD
TBCA,5.0552,-0.56096,1.2405,-0.45222,0.65111,0.99553,N1,UC_vs_CD
AP3B1,1.7216,1.1816,1.0377,1.1386,0.25485,0.99553,N1,UC_vs_CD
SCAMP1-AS1,0.15185,1.7355,4.296,0.40399,0.68622,0.99553,N1,UC_vs_CD
SCAMP1,0.66704,-0.76055,1.5786,-0.4818,0.62995,0.99553,N1,UC_vs_CD
LHFPL2,0.5408,-0.29249,1.6909,-0.17298,0.86267,0.99553,N1,UC_vs_CD
ARSB,0.30813,2.1491,4.3393,0.49527,0.62041,0.99553,N1,UC_vs_CD
DMGDH,0.19527,0.95987,3.1507,0.30465,0.76063,0.99553,N1,UC_vs_CD
JMY,0.81447,1.0646,1.4992,0.71011,0.47764,0.99553,N1,UC_vs_CD
HOMER1,0.5836,1.1864,2.2621,0.52447,0.59995,0.99553,N1,UC_vs_CD
TENT2,1.7114,1.352,1.2112,1.1162,0.26432,0.99553,N1,UC_vs_CD
SERINC5,0.44606,-1.195,1.8005,-0.66372,0.50687,0.99553,N1,UC_vs_CD
ZFYVE16,15.484,0.52773,0.76129,0.6932,0.48818,0.99553,N1,UC_vs_CD
AC008771.1,0.41391,0.8813,3.4071,0.25866,0.79589,0.99553,N1,UC_vs_CD
FAM151B,0.14988,-0.59457,2.8782,-0.20658,0.83634,0.99553,N1,UC_vs_CD
ANKRD34B,0.15185,1.7355,4.296,0.40399,0.68622,0.99553,N1,UC_vs_CD
DHFR,0.64006,2.5648,4.1315,0.62078,0.53474,0.99553,N1,UC_vs_CD
MSH3,0.14988,-0.59457,2.8782,-0.20658,0.83634,0.99553,N1,UC_vs_CD
ZCCHC9,0.54568,1.5769,2.5723,0.61302,0.53986,0.99553,N1,UC_vs_CD
SSBP2,0.51239,1.6012,2.0101,0.79658,0.42569,0.99553,N1,UC_vs_CD
RPS23,65.864,1.3723,0.83293,1.6476,0.099444,0.99553,N1,UC_vs_CD
TMEM167A,4.7461,-0.059463,1.0383,-0.05727,0.95433,0.99553,N1,UC_vs_CD
XRCC4,0.41011,-0.64413,2.2249,-0.28951,0.77219,0.99553,N1,UC_vs_CD
VCAN,8.723,3.5944,3.964,0.90677,0.36453,0.99553,N1,UC_vs_CD
COX7C,9.8764,0.86532,1.0668,0.81111,0.4173,0.99553,N1,UC_vs_CD
RASA1,0.36202,1.5516,2.4306,0.63838,0.52322,0.99553,N1,UC_vs_CD
CCNH,4.7096,0.262,0.86078,0.30438,0.76084,0.99553,N1,UC_vs_CD
TMEM161B,0.55093,1.5985,2.0649,0.77415,0.43884,0.99553,N1,UC_vs_CD
TMEM161B-AS1,0.16001,1.7355,4.296,0.40399,0.68622,0.99553,N1,UC_vs_CD
MEF2C,4.6433,-0.1219,0.81228,-0.15007,0.88071,0.99553,N1,UC_vs_CD
MEF2C-AS1,0.27432,0.25917,2.2534,0.11501,0.90844,0.99553,N1,UC_vs_CD
CETN3,0.48529,2.3901,3.1978,0.74742,0.45481,0.99553,N1,UC_vs_CD
LYSMD3,1.0894,-0.12265,1.7434,-0.070354,0.94391,0.99553,N1,UC_vs_CD
AC123595.1,0.10578,-0.14974,4.0165,-0.037281,0.97026,0.99553,N1,UC_vs_CD
LUCAT1,17.251,0.85747,1.0828,0.79188,0.42843,0.99553,N1,UC_vs_CD
ARRDC3,5.2821,-0.43233,1.1278,-0.38335,0.70146,0.99553,N1,UC_vs_CD
ARRDC3-AS1,0.035259,0.57985,4.1749,0.13889,0.88954,0.99553,N1,UC_vs_CD
FAM172A,0.95451,-1.8656,1.5,-1.2438,0.21358,0.99553,N1,UC_vs_CD
POU5F2,0.58439,-0.45033,1.8864,-0.23873,0.81131,0.99553,N1,UC_vs_CD
KIAA0825,0.38912,1.0711,1.8878,0.56736,0.57047,0.99553,N1,UC_vs_CD
SLF1,0.40827,2.9811,3.5459,0.84071,0.40051,0.99553,N1,UC_vs_CD
MCTP1,3.5617,-0.92703,1.0456,-0.88659,0.3753,0.99553,N1,UC_vs_CD
TTC37,0.85906,2.4174,1.9313,1.2517,0.21067,0.99553,N1,UC_vs_CD
ARSK,0.035259,0.57985,4.1749,0.13889,0.88954,0.99553,N1,UC_vs_CD
GLRX,8.1003,-0.017557,0.94971,-0.018487,0.98525,0.99553,N1,UC_vs_CD
AC008592.4,0.16526,1.7355,4.296,0.40399,0.68622,0.99553,N1,UC_vs_CD
LINC01554,0.15185,1.7355,4.296,0.40399,0.68622,0.99553,N1,UC_vs_CD
ELL2,11.664,0.59135,0.66774,0.88559,0.37584,0.99553,N1,UC_vs_CD
CAST,9.2963,-0.95319,0.77542,-1.2293,0.21898,0.99553,N1,UC_vs_CD
ERAP1,0.76162,3.5741,2.3415,1.5264,0.12691,0.99553,N1,UC_vs_CD
AC008906.1,0.10578,-0.14974,4.0165,-0.037281,0.97026,0.99553,N1,UC_vs_CD
ERAP2,0.95519,-0.8458,1.8441,-0.45865,0.64648,0.99553,N1,UC_vs_CD
LNPEP,1.0472,1.1214,1.7692,0.63381,0.5262,0.99553,N1,UC_vs_CD
RIOK2,0.57461,1.3038,2.7916,0.46703,0.64048,0.99553,N1,UC_vs_CD
RGMB,0.32003,2.1244,4.2058,0.50511,0.61349,0.99553,N1,UC_vs_CD
AC008522.1,0.035259,0.57985,4.1749,0.13889,0.88954,0.99553,N1,UC_vs_CD
CHD1,16.389,-0.68325,0.90329,-0.7564,0.44941,0.99553,N1,UC_vs_CD
LINC02062,0.42977,-0.72572,2.2597,-0.32116,0.74809,0.99553,N1,UC_vs_CD
FAM174A,0.64513,0.22389,1.9765,0.11328,0.90981,0.99553,N1,UC_vs_CD
ST8SIA4,3.1174,0.37262,0.89442,0.4166,0.67697,0.99553,N1,UC_vs_CD
SLCO4C1,0.38715,-0.57459,1.7984,-0.31949,0.74935,0.99553,N1,UC_vs_CD
PAM,0.2214,-0.75066,3.927,-0.19116,0.8484,0.99553,N1,UC_vs_CD
GIN1,0.16526,1.7355,4.296,0.40399,0.68622,0.99553,N1,UC_vs_CD
PPIP5K2,1.5435,-1.0029,1.2842,-0.78094,0.43484,0.99553,N1,UC_vs_CD
LINC01023,0.035259,0.57985,4.1749,0.13889,0.88954,0.99553,N1,UC_vs_CD
FER,0.33052,2.1419,4.2023,0.5097,0.61026,0.99553,N1,UC_vs_CD
AC008467.1,0.39908,1.2938,2.4876,0.52012,0.60298,0.99553,N1,UC_vs_CD
PJA2,7.3755,-0.24822,0.62146,-0.39941,0.68959,0.99553,N1,UC_vs_CD
MAN2A1,2.4485,1.4251,1.4692,0.97001,0.33204,0.99553,N1,UC_vs_CD
SLC25A46,0.54568,1.5769,2.5723,0.61302,0.53986,0.99553,N1,UC_vs_CD
STARD4,0.79537,2.5014,2.0853,1.1996,0.23031,0.99553,N1,UC_vs_CD
EPB41L4A-AS1,0.38763,0.82644,2.3196,0.35628,0.72163,0.99553,N1,UC_vs_CD
APC,1.8073,2.1607,1.5231,1.4186,0.15601,0.99553,N1,UC_vs_CD
SRP19,4.6323,2.1425,1.4079,1.5218,0.12806,0.99553,N1,UC_vs_CD
REEP5,6.4275,0.94278,0.95101,0.99135,0.32152,0.99553,N1,UC_vs_CD
DCP2,1.8986,0.06219,1.2867,0.048334,0.96145,0.99553,N1,UC_vs_CD
MCC,0.035259,0.57985,4.1749,0.13889,0.88954,0.99553,N1,UC_vs_CD
YTHDC2,0.10906,-0.1236,2.6028,-0.047487,0.96213,0.99553,N1,UC_vs_CD
PGGT1B,0.12821,2.147,4.3394,0.49477,0.62076,0.99553,N1,UC_vs_CD
CCDC112,0.53182,-0.35848,1.9714,-0.18184,0.85571,0.99553,N1,UC_vs_CD
FEM1C,1.119,-1.1034,1.5815,-0.69769,0.48537,0.99553,N1,UC_vs_CD
AC010226.1,0.14988,-0.59457,2.8782,-0.20658,0.83634,0.99553,N1,UC_vs_CD
TMED7,0.62099,1.1396,2.7367,0.41639,0.67712,0.99553,N1,UC_vs_CD
ATG12,3.5247,-0.088258,1.1603,-0.076064,0.93937,0.99553,N1,UC_vs_CD
AP3S1,2.0438,0.40401,0.98365,0.41073,0.68127,0.99553,N1,UC_vs_CD
COMMD10,0.63866,3.1132,4.0135,0.77566,0.43795,0.99553,N1,UC_vs_CD
SEMA6A,0.11463,0.076876,4.1956,0.018323,0.98538,0.99553,N1,UC_vs_CD
DMXL1,0.60738,-1.7462,1.7439,-1.0013,0.31668,0.99553,N1,UC_vs_CD
TNFAIP8,5.8665,1.229,1.018,1.2073,0.22732,0.99553,N1,UC_vs_CD
HSD17B4,0.43105,0.52597,2.4602,0.21379,0.83071,0.99553,N1,UC_vs_CD
SNX2,2.4682,1.2171,0.9126,1.3336,0.18233,0.99553,N1,UC_vs_CD
PPIC,0.035259,0.57985,4.1749,0.13889,0.88954,0.99553,N1,UC_vs_CD
CEP120,0.16526,1.7355,4.296,0.40399,0.68622,0.99553,N1,UC_vs_CD
CSNK1G3,0.14988,-0.59457,2.8782,-0.20658,0.83634,0.99553,N1,UC_vs_CD
ZNF608,0.32528,2.1316,3.0535,0.69809,0.48512,0.99553,N1,UC_vs_CD
GRAMD2B,0.0738,0.29634,4.1055,0.072182,0.94246,0.99553,N1,UC_vs_CD
ALDH7A1,0.37682,-0.37984,3.8255,-0.099291,0.92091,0.99553,N1,UC_vs_CD
PHAX,1.0339,1.9817,3.8636,0.51292,0.60801,0.99553,N1,UC_vs_CD
LMNB1,10.249,-0.74944,0.49827,-1.5041,0.13256,0.99553,N1,UC_vs_CD
MARCH3,0.42617,0.63384,1.9421,0.32637,0.74414,0.99553,N1,UC_vs_CD
C5orf63,0.035259,0.57985,4.1749,0.13889,0.88954,0.99553,N1,UC_vs_CD
PRRC1,0.26907,0.25928,2.2471,0.11538,0.90814,0.99553,N1,UC_vs_CD
LINC01184,0.1476,-0.38372,3.978,-0.09646,0.92315,0.99553,N1,UC_vs_CD
SLC12A2,0.41768,-1.9285,3.3977,-0.5676,0.57031,0.99553,N1,UC_vs_CD
ISOC1,0.34844,-0.37546,2.3977,-0.15659,0.87556,0.99553,N1,UC_vs_CD
HINT1,12.599,0.37143,0.87427,0.42485,0.67095,0.99553,N1,UC_vs_CD
LYRM7,0.32528,2.1316,3.0535,0.69809,0.48512,0.99553,N1,UC_vs_CD
CDC42SE2,5.5602,-1.2999,1.0446,-1.2444,0.21336,0.99553,N1,UC_vs_CD
RAPGEF6,0.67098,2.2603,2.0916,1.0806,0.27986,0.99553,N1,UC_vs_CD
FNIP1,9.2542,-0.24963,0.7175,-0.34792,0.7279,0.99553,N1,UC_vs_CD
SLC22A4,0.44336,0.64305,1.9711,0.32625,0.74424,0.99553,N1,UC_vs_CD
AC116366.3,0.21155,-0.74834,3.9272,-0.19055,0.84888,0.99553,N1,UC_vs_CD
AC116366.1,0.18843,-0.92039,3.1557,-0.29166,0.77055,0.99553,N1,UC_vs_CD
IRF1,57.595,-1.9458,0.67652,-2.8762,0.0040246,0.99553,N1,UC_vs_CD
RAD50,0.30813,2.1491,4.3393,0.49527,0.62041,0.99553,N1,UC_vs_CD
IL13,4.1709,3.5053,4.0051,0.8752,0.38146,0.99553,N1,UC_vs_CD
IL4,3.8403,3.4928,4.0113,0.87075,0.38389,0.99553,N1,UC_vs_CD
KIF3A,0.41989,2.1477,3.2788,0.65503,0.51245,0.99553,N1,UC_vs_CD
SHROOM1,0.25763,0.22355,3.6305,0.061575,0.9509,0.99553,N1,UC_vs_CD
UQCRQ,8.6043,1.6898,0.98004,1.7242,0.084664,0.99553,N1,UC_vs_CD
LEAP2,0.11463,0.076876,4.1956,0.018323,0.98538,0.99553,N1,UC_vs_CD
AFF4,5.2007,-1.0498,0.68336,-1.5362,0.12448,0.99553,N1,UC_vs_CD
ZCCHC10,1.2651,-0.226,1.5685,-0.14408,0.88543,0.99553,N1,UC_vs_CD
HSPA4,0.94504,-0.49506,1.5869,-0.31197,0.75506,0.99553,N1,UC_vs_CD
C5orf15,0.50813,0.088331,1.9249,0.04589,0.9634,0.99553,N1,UC_vs_CD
VDAC1,1.3255,-0.23447,1.6644,-0.14087,0.88797,0.99553,N1,UC_vs_CD
TCF7,0.46372,2.3673,3.1517,0.7511,0.45259,0.99553,N1,UC_vs_CD
SKP1,9.2552,-0.27197,0.78664,-0.34574,0.72954,0.99553,N1,UC_vs_CD
PPP2CA,2.879,1.0368,1.0251,1.0115,0.31179,0.99553,N1,UC_vs_CD
UBE2B,37.525,-1.4874,0.63833,-2.3302,0.019798,0.99553,N1,UC_vs_CD
AC109454.2,0.26925,0.35724,3.0461,0.11728,0.90664,0.99553,N1,UC_vs_CD
LINC01843,0.16001,1.7355,4.296,0.40399,0.68622,0.99553,N1,UC_vs_CD
JADE2,0.80791,-0.67919,2.1368,-0.31786,0.75059,0.99553,N1,UC_vs_CD
SAR1B,2.9667,0.15182,0.90418,0.16791,0.86666,0.99553,N1,UC_vs_CD
SEC24A,2.2462,-1.7803,0.9947,-1.7898,0.07348,0.99553,N1,UC_vs_CD
CAMLG,2.045,0.70889,0.97039,0.73052,0.46507,0.99553,N1,UC_vs_CD
DDX46,1.778,1.5274,1.2196,1.2524,0.21041,0.99553,N1,UC_vs_CD
C5orf24,0.27432,0.25917,2.2534,0.11501,0.90844,0.99553,N1,UC_vs_CD
TXNDC15,1.7571,-0.80594,1.1837,-0.68087,0.49595,0.99553,N1,UC_vs_CD
PCBD2,0.18843,-0.92039,3.1557,-0.29166,0.77055,0.99553,N1,UC_vs_CD
H2AFY,3.9145,0.41822,0.82479,0.50706,0.61211,0.99553,N1,UC_vs_CD
CXCL14,0.12821,2.147,4.3394,0.49477,0.62076,0.99553,N1,UC_vs_CD
TGFBI,0.35369,-0.37652,2.4064,-0.15647,0.87567,0.99553,N1,UC_vs_CD
SMAD5,0.62816,3.0923,3.9964,0.77377,0.43907,0.99553,N1,UC_vs_CD
HNRNPA0,1.258,1.7109,1.2195,1.4029,0.16066,0.99553,N1,UC_vs_CD
PKD2L2,0.16001,1.7355,4.296,0.40399,0.68622,0.99553,N1,UC_vs_CD
FAM13B,1.0404,-0.39826,1.3624,-0.29231,0.77005,0.99553,N1,UC_vs_CD
BRD8,0.16001,1.7355,4.296,0.40399,0.68622,0.99553,N1,UC_vs_CD
KIF20A,0.16001,1.7355,4.296,0.40399,0.68622,0.99553,N1,UC_vs_CD
CDC23,0.23381,0.79896,3.5449,0.22538,0.82168,0.99553,N1,UC_vs_CD
FAM53C,6.4997,0.82276,0.69584,1.1824,0.23705,0.99553,N1,UC_vs_CD
KDM3B,1.4244,1.5624,1.2195,1.2812,0.20011,0.99553,N1,UC_vs_CD
EGR1,19.719,-0.98545,1.0427,-0.9451,0.34461,0.99553,N1,UC_vs_CD
ETF1,15.415,-0.46008,0.73291,-0.62774,0.53017,0.99553,N1,UC_vs_CD
HSPA9,2.6848,-0.33767,1.1034,-0.30603,0.75958,0.99553,N1,UC_vs_CD
CTNNA1,1.1029,-0.50638,1.3716,-0.36919,0.71199,0.99553,N1,UC_vs_CD
LRRTM2,0.16526,1.7355,4.296,0.40399,0.68622,0.99553,N1,UC_vs_CD
SIL1,1.5974,0.0049112,1.7628,0.002786,0.99778,0.99979,N1,UC_vs_CD
AC011405.1,0.16001,1.7355,4.296,0.40399,0.68622,0.99553,N1,UC_vs_CD
MATR3-1,0.22368,-1.1647,2.1972,-0.53008,0.59605,0.99553,N1,UC_vs_CD
PAIP2,5.6762,-0.43136,0.88176,-0.4892,0.6247,0.99553,N1,UC_vs_CD
MZB1,60.634,1.145,1.6031,0.71425,0.47507,0.99553,N1,UC_vs_CD
TMEM173,0.49579,2.3994,4.1562,0.57731,0.56373,0.99553,N1,UC_vs_CD
UBE2D2,5.5072,0.031914,0.72203,0.044201,0.96474,0.99553,N1,UC_vs_CD
CXXC5,0.22925,-0.75796,4.1396,-0.1831,0.85472,0.99553,N1,UC_vs_CD
PURA,0.18843,-0.92039,3.1557,-0.29166,0.77055,0.99553,N1,UC_vs_CD
CYSTM1,34.806,-0.39696,0.53822,-0.73756,0.46078,0.99553,N1,UC_vs_CD
PFDN1,0.59922,-1.746,1.7397,-1.0036,0.31556,0.99553,N1,UC_vs_CD
HBEGF,4.8647,-0.87965,1.2395,-0.7097,0.47789,0.99553,N1,UC_vs_CD
SLC4A9,0.035259,0.57985,4.1749,0.13889,0.88954,0.99553,N1,UC_vs_CD
ANKHD1,1.7028,-0.77818,1.5787,-0.49294,0.62206,0.99553,N1,UC_vs_CD
ANKHD1-EIF4EBP3,0.16526,1.7355,4.296,0.40399,0.68622,0.99553,N1,UC_vs_CD
SRA1,4.1583,0.57706,0.90653,0.63656,0.52441,0.99553,N1,UC_vs_CD
EIF4EBP3,0.035259,0.57985,4.1749,0.13889,0.88954,0.99553,N1,UC_vs_CD
APBB3,0.69151,0.58319,1.7915,0.32553,0.74478,0.99553,N1,UC_vs_CD
SLC35A4,0.95592,2.4065,1.5964,1.5075,0.13168,0.99553,N1,UC_vs_CD
CD14,21.499,0.61943,0.90057,0.68782,0.49157,0.99553,N1,UC_vs_CD
NDUFA2,4.6975,1.6073,0.73588,2.1842,0.028945,0.99553,N1,UC_vs_CD
TMCO6,0.16347,1.3862,2.7687,0.50066,0.61661,0.99553,N1,UC_vs_CD
IK,2.6059,-0.07162,0.90305,-0.07931,0.93679,0.99553,N1,UC_vs_CD
WDR55,0.41896,-0.99016,1.8388,-0.53847,0.59025,0.99553,N1,UC_vs_CD
DND1,0.035259,0.57985,4.1749,0.13889,0.88954,0.99553,N1,UC_vs_CD
HARS,0.18711,0.95949,3.1139,0.30814,0.75798,0.99553,N1,UC_vs_CD
ZMAT2,2.9718,1.9949,0.92741,2.1511,0.03147,0.99553,N1,UC_vs_CD
PCDHB9,0.035259,0.57985,4.1749,0.13889,0.88954,0.99553,N1,UC_vs_CD
TAF7,7.9839,0.30499,0.56726,0.53765,0.59082,0.99553,N1,UC_vs_CD
SLC25A2,0.035259,0.57985,4.1749,0.13889,0.88954,0.99553,N1,UC_vs_CD
PCDHGA3,0.16001,1.7355,4.296,0.40399,0.68622,0.99553,N1,UC_vs_CD
PCDHGA10,0.035259,0.57985,4.1749,0.13889,0.88954,0.99553,N1,UC_vs_CD
PCDHGA12,0.12821,2.147,4.3394,0.49477,0.62076,0.99553,N1,UC_vs_CD
DIAPH1,2.3146,1.811,1.621,1.1172,0.26389,0.99553,N1,UC_vs_CD
HDAC3,0.15185,1.7355,4.296,0.40399,0.68622,0.99553,N1,UC_vs_CD
RELL2,0.30813,2.1491,4.3393,0.49527,0.62041,0.99553,N1,UC_vs_CD
FCHSD1,0.16001,1.7355,4.296,0.40399,0.68622,0.99553,N1,UC_vs_CD
ARAP3,0.19873,0.93233,2.7996,0.33302,0.73912,0.99553,N1,UC_vs_CD
DELE1,0.16526,1.7355,4.296,0.40399,0.68622,0.99553,N1,UC_vs_CD
RNF14,0.70475,1.1844,2.4768,0.47819,0.63251,0.99553,N1,UC_vs_CD
GNPDA1,4.4545,-0.63547,1.0999,-0.57776,0.56342,0.99553,N1,UC_vs_CD
NDFIP1,1.7587,0.34878,1.4181,0.24595,0.80572,0.99553,N1,UC_vs_CD
ARHGAP26,4.9025,-0.62046,0.69419,-0.89379,0.37143,0.99553,N1,UC_vs_CD
NR3C1,7.3856,0.13938,0.56698,0.24583,0.80581,0.99553,N1,UC_vs_CD
YIPF5,1.1967,1.2829,1.8377,0.69809,0.48512,0.99553,N1,UC_vs_CD
SH3RF2,0.11463,0.076876,4.1956,0.018323,0.98538,0.99553,N1,UC_vs_CD
LARS,0.72398,-1.1397,1.6036,-0.71074,0.47725,0.99553,N1,UC_vs_CD
RBM27,0.93161,1.5778,2.181,0.72346,0.4694,0.99553,N1,UC_vs_CD
TCERG1,0.5258,1.5991,2.3876,0.66974,0.50302,0.99553,N1,UC_vs_CD
PPP2R2B,0.15185,1.7355,4.296,0.40399,0.68622,0.99553,N1,UC_vs_CD
DPYSL3,0.035259,0.57985,4.1749,0.13889,0.88954,0.99553,N1,UC_vs_CD
JAKMIP2,0.51526,-0.23683,3.7443,-0.063251,0.94957,0.99553,N1,UC_vs_CD
SPINK1,0.70734,-0.18685,3.7032,-0.050457,0.95976,0.99553,N1,UC_vs_CD
SCGB3A2,0.16001,1.7355,4.296,0.40399,0.68622,0.99553,N1,UC_vs_CD
AC091948.1,0.070518,0.17302,4.0786,0.042422,0.96616,0.99553,N1,UC_vs_CD
FBXO38,1.2933,1.5224,1.1817,1.2884,0.19762,0.99553,N1,UC_vs_CD
ADRB2,0.33831,-1.7629,2.1805,-0.8085,0.4188,0.99553,N1,UC_vs_CD
SH3TC2,0.76842,0.5177,2.8655,0.18067,0.85663,0.99553,N1,UC_vs_CD
PCYOX1L,0.0738,0.29634,4.1055,0.072182,0.94246,0.99553,N1,UC_vs_CD
CARMN,0.16526,1.7355,4.296,0.40399,0.68622,0.99553,N1,UC_vs_CD
CSNK1A1,8.6336,0.23777,0.66515,0.35746,0.72075,0.99553,N1,UC_vs_CD
ARHGEF37,0.26091,0.25946,2.237,0.11598,0.90767,0.99553,N1,UC_vs_CD
PDE6A,0.16526,1.7355,4.296,0.40399,0.68622,0.99553,N1,UC_vs_CD
SLC26A2,0.66196,0.20181,1.8794,0.10738,0.91449,0.99553,N1,UC_vs_CD
HMGXB3,0.32003,2.1244,4.2058,0.50511,0.61349,0.99553,N1,UC_vs_CD
CSF1R,0.15185,1.7355,4.296,0.40399,0.68622,0.99553,N1,UC_vs_CD
TCOF1,0.31712,2.1207,3.0327,0.69927,0.48438,0.99553,N1,UC_vs_CD
CD74,14.824,0.63768,0.82711,0.77097,0.44072,0.99553,N1,UC_vs_CD
RPS14,67.575,1.1973,0.88049,1.3598,0.1739,0.99553,N1,UC_vs_CD
NDST1,0.42766,0.79337,2.488,0.31887,0.74982,0.99553,N1,UC_vs_CD
SYNPO,0.15185,1.7355,4.296,0.40399,0.68622,0.99553,N1,UC_vs_CD
RBM22,1.2241,-0.35255,1.3302,-0.26504,0.79098,0.99553,N1,UC_vs_CD
DCTN4,1.9385,-1.2437,1.3073,-0.95135,0.34143,0.99553,N1,UC_vs_CD
SMIM3,0.15185,1.7355,4.296,0.40399,0.68622,0.99553,N1,UC_vs_CD
GPX3,0.20052,0.9601,3.1736,0.30253,0.76225,0.99553,N1,UC_vs_CD
TNIP1,6.0411,0.4838,0.66893,0.72324,0.46953,0.99553,N1,UC_vs_CD
ANXA6,1.4787,3.1449,2.3204,1.3553,0.17532,0.99553,N1,UC_vs_CD
CCDC69,1.4259,1.981,1.7423,1.137,0.25554,0.99553,N1,UC_vs_CD
GM2A,1.0149,2.6111,2.2645,1.1531,0.24889,0.99553,N1,UC_vs_CD
SLC36A1,0.23381,0.79896,3.5449,0.22538,0.82168,0.99553,N1,UC_vs_CD
ATOX1,6.2013,1.1702,1.001,1.169,0.24239,0.99553,N1,UC_vs_CD
G3BP1,1.028,-1.1262,1.325,-0.84992,0.39537,0.99553,N1,UC_vs_CD
FAM114A2,0.10906,-0.1236,2.6028,-0.047487,0.96213,0.99553,N1,UC_vs_CD
MFAP3,0.16526,1.7355,4.296,0.40399,0.68622,0.99553,N1,UC_vs_CD
GALNT10,0.75931,1.362,1.9046,0.71509,0.47455,0.99553,N1,UC_vs_CD
SAP30L,0.15185,1.7355,4.296,0.40399,0.68622,0.99553,N1,UC_vs_CD
LARP1,2.4782,1.5172,1.1975,1.267,0.20517,0.99553,N1,UC_vs_CD
CNOT8,0.84956,1.2068,3.0362,0.39747,0.69102,0.99553,N1,UC_vs_CD
GEMIN5,0.16001,1.7355,4.296,0.40399,0.68622,0.99553,N1,UC_vs_CD
MRPL22,1.3018,0.28395,1.7464,0.16259,0.87084,0.99553,N1,UC_vs_CD
HAVCR2,0.46897,2.3727,3.163,0.75016,0.45316,0.99553,N1,UC_vs_CD
MED7,0.57766,0.68572,2.5897,0.26479,0.79117,0.99553,N1,UC_vs_CD
CYFIP2,2.3018,0.9957,1.1925,0.83496,0.40374,0.99553,N1,UC_vs_CD
ADAM19,1.5621,1.0499,1.2356,0.84972,0.39548,0.99553,N1,UC_vs_CD
THG1L,0.32528,2.1316,3.0535,0.69809,0.48512,0.99553,N1,UC_vs_CD
CLINT1,1.504,0.26204,1.3986,0.18736,0.85138,0.99553,N1,UC_vs_CD
LINC02227,0.035259,0.57985,4.1749,0.13889,0.88954,0.99553,N1,UC_vs_CD
RNF145,2.9215,-1.4025,0.94696,-1.4811,0.13859,0.99553,N1,UC_vs_CD
AC134043.1,0.035259,0.57985,4.1749,0.13889,0.88954,0.99553,N1,UC_vs_CD
LINC01932,0.27104,0.22533,3.684,0.061164,0.95123,0.99553,N1,UC_vs_CD
UBLCP1,0.95319,-1.2336,1.6133,-0.76465,0.44448,0.99553,N1,UC_vs_CD
AC008691.1,0.14988,-0.59457,2.8782,-0.20658,0.83634,0.99553,N1,UC_vs_CD
TTC1,2.1328,0.13681,1.2513,0.10934,0.91294,0.99553,N1,UC_vs_CD
PWWP2A,0.83915,2.4895,1.8577,1.3401,0.18021,0.99553,N1,UC_vs_CD
SLU7,2.7064,1.5268,1.2311,1.2403,0.21488,0.99553,N1,UC_vs_CD
PTTG1,1.182,2.9234,3.2298,0.90513,0.3654,0.99553,N1,UC_vs_CD
CCNG1,0.3837,-0.71864,1.929,-0.37255,0.70949,0.99553,N1,UC_vs_CD
NUDCD2,0.52739,-0.32766,1.9124,-0.17133,0.86396,0.99553,N1,UC_vs_CD
HMMR,1.2661,3.0747,2.1432,1.4346,0.1514,0.99553,N1,UC_vs_CD
MAT2B,1.9584,-0.80758,1.3058,-0.61844,0.53628,0.99553,N1,UC_vs_CD
RARS,0.88091,1.8428,1.7629,1.0454,0.29585,0.99553,N1,UC_vs_CD
PANK3,0.41833,0.93522,3.469,0.26959,0.78747,0.99553,N1,UC_vs_CD
SPDL1,0.16001,1.7355,4.296,0.40399,0.68622,0.99553,N1,UC_vs_CD
DOCK2,1.8542,0.27742,1.0101,0.27464,0.78359,0.99553,N1,UC_vs_CD
C5orf58,0.15185,1.7355,4.296,0.40399,0.68622,0.99553,N1,UC_vs_CD
LCP2,63.279,-1.0186,0.67344,-1.5126,0.13039,0.99553,N1,UC_vs_CD
AC034199.1,1.741,-2.2701,2.1458,-1.0579,0.2901,0.99553,N1,UC_vs_CD
LINC01366,0.32061,-1.1548,2.8196,-0.40957,0.68212,0.99553,N1,UC_vs_CD
KCNMB1,0.337,-0.54757,2.2116,-0.24759,0.80445,0.99553,N1,UC_vs_CD
NPM1,12.239,0.025208,1.1317,0.022275,0.98223,0.99553,N1,UC_vs_CD
FBXW11,0.85578,1.953,1.7363,1.1248,0.26066,0.99553,N1,UC_vs_CD
STK10,5.9456,-0.73578,0.66409,-1.108,0.26788,0.99553,N1,UC_vs_CD
UBTD2,1.1253,-0.50569,1.6939,-0.29853,0.7653,0.99553,N1,UC_vs_CD
AC022217.3,0.16526,1.7355,4.296,0.40399,0.68622,0.99553,N1,UC_vs_CD
DUSP1,60.314,0.40188,0.61432,0.65419,0.51299,0.99553,N1,UC_vs_CD
ERGIC1,5.4626,1.2163,0.66604,1.8262,0.067819,0.99553,N1,UC_vs_CD
AC008429.3,0.035259,0.57985,4.1749,0.13889,0.88954,0.99553,N1,UC_vs_CD
RPL26L1,1.0028,1.3726,2.0267,0.67727,0.49823,0.99553,N1,UC_vs_CD
ATP6V0E1,19.717,0.10265,0.64252,0.15976,0.87307,0.99553,N1,UC_vs_CD
CREBRF,11.234,-1.4134,0.85411,-1.6549,0.097954,0.99553,N1,UC_vs_CD
AC008378.1,0.0738,0.29634,4.1055,0.072182,0.94246,0.99553,N1,UC_vs_CD
LINC01484,0.16001,1.7355,4.296,0.40399,0.68622,0.99553,N1,UC_vs_CD
CPEB4,8.3025,-0.88935,0.54143,-1.6426,0.10047,0.99553,N1,UC_vs_CD
SFXN1,0.38567,1.2777,2.4678,0.51772,0.60465,0.99553,N1,UC_vs_CD
HRH2,3.1116,-0.053137,1.3822,-0.038443,0.96933,0.99553,N1,UC_vs_CD
THOC3,0.18843,-0.92039,3.1557,-0.29166,0.77055,0.99553,N1,UC_vs_CD
SIMC1,0.16001,1.7355,4.296,0.40399,0.68622,0.99553,N1,UC_vs_CD
KIAA1191,0.035259,0.57985,4.1749,0.13889,0.88954,0.99553,N1,UC_vs_CD
NOP16,0.16001,1.7355,4.296,0.40399,0.68622,0.99553,N1,UC_vs_CD
HIGD2A,3.8387,1.1305,1.0329,1.0944,0.27377,0.99553,N1,UC_vs_CD
CLTB,1.2573,0.061102,1.2399,0.04928,0.9607,0.99553,N1,UC_vs_CD
FAF2,0.46849,0.38766,2.0131,0.19257,0.8473,0.99553,N1,UC_vs_CD
RNF44,1.054,0.62111,1.2684,0.48969,0.62435,0.99553,N1,UC_vs_CD
TSPAN17,0.34339,1.5137,3.3061,0.45785,0.64706,0.99553,N1,UC_vs_CD
HK3,0.52739,-0.32766,1.9124,-0.17133,0.86396,0.99553,N1,UC_vs_CD
UIMC1,0.88264,0.47228,1.4735,0.32051,0.74858,0.99553,N1,UC_vs_CD
NSD1,1.9087,2.5784,1.6009,1.6106,0.10726,0.99553,N1,UC_vs_CD
RAB24,0.42276,0.78781,4.0144,0.19624,0.84442,0.99553,N1,UC_vs_CD
MXD3,0.24284,0.79513,3.6848,0.21578,0.82916,0.99553,N1,UC_vs_CD
PRELID1,8.3205,-1.1686,1.0614,-1.101,0.2709,0.99553,N1,UC_vs_CD
LMAN2,4.873,0.7114,1.1404,0.6238,0.53276,0.99553,N1,UC_vs_CD
RGS14,0.73683,1.526,2.038,0.74875,0.45401,0.99553,N1,UC_vs_CD
F12,0.0738,0.29634,4.1055,0.072182,0.94246,0.99553,N1,UC_vs_CD
GRK6,2.4106,3.675,1.4927,2.462,0.013816,0.99553,N1,UC_vs_CD
PRR7-AS1,0.15185,1.7355,4.296,0.40399,0.68622,0.99553,N1,UC_vs_CD
PRR7,1.4627,-1.5694,1.7004,-0.92297,0.35602,0.99553,N1,UC_vs_CD
PDLIM7,2.8888,-0.11839,0.95765,-0.12363,0.90161,0.99553,N1,UC_vs_CD
DOK3,1.713,-0.85508,1.1952,-0.71541,0.47435,0.99553,N1,UC_vs_CD
DDX41,0.62816,3.0923,3.9964,0.77377,0.43907,0.99553,N1,UC_vs_CD
FAM193B,0.45359,0.26251,2.3603,0.11122,0.91144,0.99553,N1,UC_vs_CD
AC139795.3,0.035259,0.57985,4.1749,0.13889,0.88954,0.99553,N1,UC_vs_CD
TMED9,4.0947,3.1033,1.3937,2.2267,0.025967,0.99553,N1,UC_vs_CD
B4GALT7,0.4549,-0.96531,2.3929,-0.40341,0.68665,0.99553,N1,UC_vs_CD
N4BP3,0.22925,-0.75796,4.1396,-0.1831,0.85472,0.99553,N1,UC_vs_CD
NHP2,1.3301,0.19142,2.2751,0.084137,0.93295,0.99553,N1,UC_vs_CD
HNRNPAB,0.69,0.053857,1.85,0.029111,0.97678,0.99553,N1,UC_vs_CD
PHYKPL,2.4444,1.6967,1.7568,0.96582,0.33413,0.99553,N1,UC_vs_CD
CLK4,1.0158,2.1457,1.7108,1.2542,0.20977,0.99553,N1,UC_vs_CD
ZNF454,0.035259,0.57985,4.1749,0.13889,0.88954,0.99553,N1,UC_vs_CD
RUFY1,0.65277,-0.90599,1.7995,-0.50346,0.61464,0.99553,N1,UC_vs_CD
HNRNPH1,7.8665,1.1305,1.2722,0.88867,0.37418,0.99553,N1,UC_vs_CD
CANX,4.2682,1.0225,1.0162,1.0062,0.31433,0.99553,N1,UC_vs_CD
MAML1,0.26091,0.25946,2.237,0.11598,0.90767,0.99553,N1,UC_vs_CD
MGAT4B,0.18286,-0.58992,2.6976,-0.21868,0.8269,0.99553,N1,UC_vs_CD
SQSTM1,36.686,-1.8524,0.57226,-3.2369,0.0012084,0.99553,N1,UC_vs_CD
MRNIP,1.3527,-0.95743,1.4675,-0.65244,0.51412,0.99553,N1,UC_vs_CD
TBC1D9B,0.41277,0.61727,2.4566,0.25127,0.8016,0.99553,N1,UC_vs_CD
RNF130,4.193,0.31599,1.1353,0.27834,0.78075,0.99553,N1,UC_vs_CD
MAPK9,0.0738,0.29634,4.1055,0.072182,0.94246,0.99553,N1,UC_vs_CD
GFPT2,0.11463,0.076876,4.1956,0.018323,0.98538,0.99553,N1,UC_vs_CD
CNOT6,0.43433,0.64014,1.946,0.32895,0.74219,0.99553,N1,UC_vs_CD
MGAT1,6.2566,0.36338,1.0763,0.33763,0.73565,0.99553,N1,UC_vs_CD
LINC00847,0.17629,-0.58892,3.9481,-0.14916,0.88142,0.99553,N1,UC_vs_CD
BTNL8,1.179,0.75524,1.5723,0.48034,0.63098,0.99553,N1,UC_vs_CD
BTNL3,0.0738,0.29634,4.1055,0.072182,0.94246,0.99553,N1,UC_vs_CD
TRIM41,0.51388,2.0018,2.0763,0.96413,0.33498,0.99553,N1,UC_vs_CD
RACK1,18.902,1.4702,0.78043,1.8838,0.059587,0.99553,N1,UC_vs_CD
TRIM52,0.39383,1.2613,3.9508,0.31926,0.74953,0.99553,N1,UC_vs_CD
AC138035.1,0.30813,2.1491,4.3393,0.49527,0.62041,0.99553,N1,UC_vs_CD
DUSP22,2.3792,0.029119,1.3501,0.021568,0.98279,0.99553,N1,UC_vs_CD
IRF4,3.6466,0.4799,1.7272,0.27784,0.78113,0.99553,N1,UC_vs_CD
EXOC2,0.16001,1.7355,4.296,0.40399,0.68622,0.99553,N1,UC_vs_CD
GMDS,0.10906,-0.1236,2.6028,-0.047487,0.96213,0.99553,N1,UC_vs_CD
GMDS-DT,0.30813,2.1491,4.3393,0.49527,0.62041,0.99553,N1,UC_vs_CD
SERPINB1,32.543,-0.3693,0.4168,-0.88605,0.37559,0.99553,N1,UC_vs_CD
SERPINB9P1,0.69328,-0.10271,2.9014,-0.035398,0.97176,0.99553,N1,UC_vs_CD
SERPINB9,10.381,0.5946,0.82722,0.71879,0.47227,0.99553,N1,UC_vs_CD
SERPINB6,0.71816,1.1893,2.6089,0.45588,0.64848,0.99553,N1,UC_vs_CD
NQO2,1.6246,0.59507,1.2964,0.45903,0.64621,0.99553,N1,UC_vs_CD
RIPK1,0.55947,-1.363,3.1778,-0.42892,0.66798,0.99553,N1,UC_vs_CD
BPHL,0.42276,0.78781,4.0144,0.19624,0.84442,0.99553,N1,UC_vs_CD
TUBB2A,0.0738,0.29634,4.1055,0.072182,0.94246,0.99553,N1,UC_vs_CD
PSMG4,0.18843,-0.92039,3.1557,-0.29166,0.77055,0.99553,N1,UC_vs_CD
PRPF4B,3.3773,3.1359,1.4715,2.1311,0.033077,0.99553,N1,UC_vs_CD
CDYL,0.1476,-0.38372,3.978,-0.09646,0.92315,0.99553,N1,UC_vs_CD
FARS2,0.43465,0.96667,3.5014,0.27608,0.78249,0.99553,N1,UC_vs_CD
AL136307.1,0.035259,0.57985,4.1749,0.13889,0.88954,0.99553,N1,UC_vs_CD
F13A1,0.33052,2.1419,4.2023,0.5097,0.61026,0.99553,N1,UC_vs_CD
LY86,0.45873,2.9003,3.6188,0.80146,0.42287,0.99553,N1,UC_vs_CD
RREB1,1.8053,0.72763,1.5146,0.48041,0.63094,0.99553,N1,UC_vs_CD
SSR1,2.1171,1.3139,1.1524,1.1401,0.25424,0.99553,N1,UC_vs_CD
CAGE1,0.035259,0.57985,4.1749,0.13889,0.88954,0.99553,N1,UC_vs_CD
RIOK1,0.43465,0.96667,3.5014,0.27608,0.78249,0.99553,N1,UC_vs_CD
SNRNP48,0.46991,0.28543,2.384,0.11973,0.9047,0.99553,N1,UC_vs_CD
BMP6,0.16001,1.7355,4.296,0.40399,0.68622,0.99553,N1,UC_vs_CD
TXNDC5,0.16001,1.7355,4.296,0.40399,0.68622,0.99553,N1,UC_vs_CD
BLOC1S5,0.12821,2.147,4.3394,0.49477,0.62076,0.99553,N1,UC_vs_CD
EEF1E1,0.6453,2.5739,3.3871,0.75993,0.4473,0.99553,N1,UC_vs_CD
SLC35B3,0.11463,0.076876,4.1956,0.018323,0.98538,0.99553,N1,UC_vs_CD
GCNT2,0.16526,1.7355,4.296,0.40399,0.68622,0.99553,N1,UC_vs_CD
PAK1IP1,0.36054,1.3321,2.322,0.5737,0.56617,0.99553,N1,UC_vs_CD
TMEM14C,0.86899,0.20545,1.6814,0.12219,0.90275,0.99553,N1,UC_vs_CD
TMEM14B,1.8677,1.5287,1.3147,1.1628,0.24492,0.99553,N1,UC_vs_CD
MAK,0.0738,0.29634,4.1055,0.072182,0.94246,0.99553,N1,UC_vs_CD
SMIM13,0.16001,1.7355,4.296,0.40399,0.68622,0.99553,N1,UC_vs_CD
NEDD9,7.0098,-0.2229,0.70884,-0.31445,0.75318,0.99553,N1,UC_vs_CD
TMEM170B,0.26091,0.25946,2.237,0.11598,0.90767,0.99553,N1,UC_vs_CD
HIVEP1,3.7913,-0.15556,0.94903,-0.16392,0.8698,0.99553,N1,UC_vs_CD
EDN1,15.606,0.60558,1.269,0.4772,0.63322,0.99553,N1,UC_vs_CD
PHACTR1,61.671,-0.75964,0.72375,-1.0496,0.29391,0.99553,N1,UC_vs_CD
AL008729.1,0.95747,0.44828,1.5131,0.29626,0.76703,0.99553,N1,UC_vs_CD
TBC1D7,4.9684,-1.2144,1.2009,-1.0112,0.31192,0.99553,N1,UC_vs_CD
AL008729.2,0.72543,-0.92346,1.9872,-0.46469,0.64215,0.99553,N1,UC_vs_CD
GFOD1,0.11463,0.076876,4.1956,0.018323,0.98538,0.99553,N1,UC_vs_CD
SIRT5,0.33897,1.3072,3.6352,0.3596,0.71915,0.99553,N1,UC_vs_CD
NOL7,0.81136,-1.2447,1.4448,-0.86155,0.38894,0.99553,N1,UC_vs_CD
RANBP9,0.5573,1.3951,1.9573,0.71276,0.47599,0.99553,N1,UC_vs_CD
MCUR1,0.11463,0.076876,4.1956,0.018323,0.98538,0.99553,N1,UC_vs_CD
CD83,24.114,0.054412,1.0512,0.05176,0.95872,0.99553,N1,UC_vs_CD
AL136162.1,0.035259,0.57985,4.1749,0.13889,0.88954,0.99553,N1,UC_vs_CD
JARID2,2.9776,0.10208,0.9293,0.10984,0.91253,0.99553,N1,UC_vs_CD
DTNBP1,1.4457,-2.0458,1.2609,-1.6225,0.1047,0.99553,N1,UC_vs_CD
MYLIP,5.1711,-0.65191,0.72391,-0.90054,0.36783,0.99553,N1,UC_vs_CD
ATXN1,6.9794,-0.56526,0.72531,-0.77933,0.43579,0.99553,N1,UC_vs_CD
AL137003.2,0.40074,0.93276,1.8586,0.50186,0.61576,0.99553,N1,UC_vs_CD
FAM8A1,1.8781,-1.7138,1.2649,-1.3549,0.17546,0.99553,N1,UC_vs_CD
NUP153,1.6872,0.59942,1.3408,0.44707,0.65482,0.99553,N1,UC_vs_CD
AL138724.1,0.16526,1.7355,4.296,0.40399,0.68622,0.99553,N1,UC_vs_CD
KIF13A,0.96099,1.0195,1.6405,0.62148,0.53429,0.99553,N1,UC_vs_CD
NHLRC1,0.0738,0.29634,4.1055,0.072182,0.94246,0.99553,N1,UC_vs_CD
TPMT,0.50226,-0.16918,1.8359,-0.092153,0.92658,0.99553,N1,UC_vs_CD
KDM1B,0.23399,0.60098,2.9277,0.20527,0.83736,0.99553,N1,UC_vs_CD
DEK,2.5416,-2.5128,1.3772,-1.8246,0.068061,0.99553,N1,UC_vs_CD
RNF144B,6.9349,1.0768,0.61201,1.7594,0.078503,0.99553,N1,UC_vs_CD
E2F3,2.7944,0.084187,1.0532,0.079932,0.93629,0.99553,N1,UC_vs_CD
CDKAL1,0.18711,0.95949,3.1139,0.30814,0.75798,0.99553,N1,UC_vs_CD
SOX4,0.87903,-2.257,2.9727,-0.75926,0.4477,0.99553,N1,UC_vs_CD
MRS2,0.30813,2.1491,4.3393,0.49527,0.62041,0.99553,N1,UC_vs_CD
ALDH5A1,0.0738,0.29634,4.1055,0.072182,0.94246,0.99553,N1,UC_vs_CD
KIAA0319,0.035259,0.57985,4.1749,0.13889,0.88954,0.99553,N1,UC_vs_CD
TDP2,7.563,0.084813,0.87117,0.097355,0.92244,0.99553,N1,UC_vs_CD
ACOT13,0.33274,-1.7082,2.0359,-0.83906,0.40144,0.99553,N1,UC_vs_CD
AL031775.1,0.16526,1.7355,4.296,0.40399,0.68622,0.99553,N1,UC_vs_CD
C6orf62,5.4335,-1.7689,0.99028,-1.7862,0.074063,0.99553,N1,UC_vs_CD
GMNN,0.64006,2.5648,4.1315,0.62078,0.53474,0.99553,N1,UC_vs_CD
RIPOR2,15.136,-0.39311,0.60344,-0.65145,0.51476,0.99553,N1,UC_vs_CD
TRIM38,5.4766,-0.17967,0.66436,-0.27044,0.78683,0.99553,N1,UC_vs_CD
HIST1H4A,0.15185,1.7355,4.296,0.40399,0.68622,0.99553,N1,UC_vs_CD
HIST1H3B,0.61626,3.1638,4.327,0.73117,0.46468,0.99553,N1,UC_vs_CD
HIST1H3C,0.32003,2.1244,4.2058,0.50511,0.61349,0.99553,N1,UC_vs_CD
HIST1H1C,6.3819,0.7571,1.714,0.44172,0.65869,0.99553,N1,UC_vs_CD
HFE,0.30813,2.1491,4.3393,0.49527,0.62041,0.99553,N1,UC_vs_CD
HIST1H4C,28.91,3.2677,1.7485,1.8688,,,N1,UC_vs_CD
HIST1H2BC,3.7992,-0.15502,0.85366,-0.1816,0.8559,0.99553,N1,UC_vs_CD
HIST1H2AC,3.9791,-0.22604,1.3566,-0.16663,0.86766,0.99553,N1,UC_vs_CD
HIST1H1E,1.9702,3.7686,3.4326,1.0979,0.27225,0.99553,N1,UC_vs_CD
HIST1H2BD,0.27464,0.50675,3.2634,0.15528,0.8766,0.99553,N1,UC_vs_CD
AL353759.1,0.035259,0.57985,4.1749,0.13889,0.88954,0.99553,N1,UC_vs_CD
HIST1H2BE,0.28822,2.5291,3.2881,0.76917,0.44179,0.99553,N1,UC_vs_CD
AL031777.3,0.15185,1.7355,4.296,0.40399,0.68622,0.99553,N1,UC_vs_CD
HIST1H2BF,0.60825,3.1188,3.8065,0.81933,0.4126,0.99553,N1,UC_vs_CD
HIST1H4E,0.0738,0.29634,4.1055,0.072182,0.94246,0.99553,N1,UC_vs_CD
HIST1H2BG,0.42581,0.60692,3.827,0.15859,0.87399,0.99553,N1,UC_vs_CD
HIST1H2AE,0.75468,1.4593,3.8205,0.38197,0.70248,0.99553,N1,UC_vs_CD
HIST1H1D,5.6578,3.3181,3.4995,0.94818,0.34304,0.99553,N1,UC_vs_CD
HIST1H4F,0.16001,1.7355,4.296,0.40399,0.68622,0.99553,N1,UC_vs_CD
HIST1H2BH,0.64006,2.5648,4.1315,0.62078,0.53474,0.99553,N1,UC_vs_CD
HIST1H3G,0.16001,1.7355,4.296,0.40399,0.68622,0.99553,N1,UC_vs_CD
HIST1H2BI,0.16526,1.7355,4.296,0.40399,0.68622,0.99553,N1,UC_vs_CD
HIST1H4H,0.30958,-0.070584,2.1467,-0.03288,0.97377,0.99553,N1,UC_vs_CD
BTN3A2,1.4268,1.7683,1.5434,1.1457,0.25193,0.99553,N1,UC_vs_CD
BTN2A2,1.1246,-0.62979,1.7087,-0.36858,0.71244,0.99553,N1,UC_vs_CD
BTN3A1,0.99094,-0.74814,1.2894,-0.58022,0.56177,0.99553,N1,UC_vs_CD
BTN2A1,1.2319,0.79097,1.2696,0.62303,0.53327,0.99553,N1,UC_vs_CD
HMGN4,0.34339,1.5137,3.3061,0.45785,0.64706,0.99553,N1,UC_vs_CD
ABT1,1.1786,1.1239,1.8691,0.6013,0.54764,0.99553,N1,UC_vs_CD
ZNF322,0.79636,1.1383,1.644,0.69241,0.48868,0.99553,N1,UC_vs_CD
AL513548.1,0.16001,1.7355,4.296,0.40399,0.68622,0.99553,N1,UC_vs_CD
AL021807.1,0.16001,1.7355,4.296,0.40399,0.68622,0.99553,N1,UC_vs_CD
HIST1H2BJ,0.97155,3.1323,2.9114,1.0759,0.28199,0.99553,N1,UC_vs_CD
HIST1H2AG,0.92439,3.5,4.3284,0.80861,0.41874,0.99553,N1,UC_vs_CD
HIST1H2AH,0.4399,0.91987,2.2834,0.40285,0.68706,0.99553,N1,UC_vs_CD
ZNF184,0.16526,1.7355,4.296,0.40399,0.68622,0.99553,N1,UC_vs_CD
HIST1H2BL,0.16001,1.7355,4.296,0.40399,0.68622,0.99553,N1,UC_vs_CD
HIST1H3H,0.32003,2.1244,4.2058,0.50511,0.61349,0.99553,N1,UC_vs_CD
HIST1H2BN,0.31712,2.1207,3.0327,0.69927,0.48438,0.99553,N1,UC_vs_CD
HIST1H2AK,0.46815,2.6288,3.7763,0.69614,0.48634,0.99553,N1,UC_vs_CD
HIST1H1B,2.0802,3.3279,4.0603,0.81961,0.41244,0.99553,N1,UC_vs_CD
AL121944.1,1.4996,-2.0414,1.4212,-1.4364,0.1509,0.99553,N1,UC_vs_CD
ZNF165,0.42995,0.63152,1.9638,0.32159,0.74776,0.99553,N1,UC_vs_CD
ZSCAN16-AS1,0.39055,0.89302,3.8757,0.23042,0.81777,0.99553,N1,UC_vs_CD
ZSCAN16,0.0738,0.29634,4.1055,0.072182,0.94246,0.99553,N1,UC_vs_CD
ZSCAN9,0.16001,1.7355,4.296,0.40399,0.68622,0.99553,N1,UC_vs_CD
ZKSCAN3,0.035259,0.57985,4.1749,0.13889,0.88954,0.99553,N1,UC_vs_CD
TRIM27,0.76172,-1.9247,1.9158,-1.0046,0.31508,0.99553,N1,UC_vs_CD
ZNF311,0.035259,0.57985,4.1749,0.13889,0.88954,0.99553,N1,UC_vs_CD
GABBR1,0.23578,0.5275,3.4637,0.15229,0.87896,0.99553,N1,UC_vs_CD
HLA-F,6.8589,-0.26845,0.62487,-0.4296,0.66748,0.99553,N1,UC_vs_CD
HLA-G,0.035259,0.57985,4.1749,0.13889,0.88954,0.99553,N1,UC_vs_CD
HLA-A,86.876,-0.57201,0.38175,-1.4984,0.13403,0.99553,N1,UC_vs_CD
ZNRD1,2.5336,1.5421,1.348,1.144,0.25261,0.99553,N1,UC_vs_CD
PPP1R11,2.399,-0.61133,0.92845,-0.65845,0.51025,0.99553,N1,UC_vs_CD
TRIM26,1.7773,2.0945,1.4668,1.4279,0.15331,0.99553,N1,UC_vs_CD
HCG18,1.8567,2.4332,1.7595,1.3829,0.1667,0.99553,N1,UC_vs_CD
TRIM39,0.45718,-0.74619,2.191,-0.34056,0.73343,0.99553,N1,UC_vs_CD
RPP21,0.32003,2.1244,4.2058,0.50511,0.61349,0.99553,N1,UC_vs_CD
HLA-E,87.072,-0.84291,0.52215,-1.6143,0.10646,0.99553,N1,UC_vs_CD
GNL1,0.99541,0.86544,1.6127,0.53664,0.59152,0.99553,N1,UC_vs_CD
PRR3,0.15185,1.7355,4.296,0.40399,0.68622,0.99553,N1,UC_vs_CD
ABCF1,3.0817,-0.35271,1.0208,-0.34551,0.72971,0.99553,N1,UC_vs_CD
PPP1R10,10.535,-0.32386,0.59783,-0.54172,0.58801,0.99553,N1,UC_vs_CD
MRPS18B,0.45573,0.7041,3.6704,0.19183,0.84787,0.99553,N1,UC_vs_CD
ATAT1,0.27464,0.50675,3.2634,0.15528,0.8766,0.99553,N1,UC_vs_CD
DHX16,0.0738,0.29634,4.1055,0.072182,0.94246,0.99553,N1,UC_vs_CD
PPP1R18,7.8259,-0.62176,0.67007,-0.92792,0.35345,0.99553,N1,UC_vs_CD
NRM,0.16001,1.7355,4.296,0.40399,0.68622,0.99553,N1,UC_vs_CD
TUBB,4.233,3.2314,1.6541,1.9536,0.050748,0.99553,N1,UC_vs_CD
FLOT1,10.158,-1.731,0.65428,-2.6456,0.0081536,0.99553,N1,UC_vs_CD
IER3-AS1,0.17958,-0.63764,2.4879,-0.25629,0.79772,0.99553,N1,UC_vs_CD
IER3,61.67,-0.3624,0.42009,-0.86267,0.38832,0.99553,N1,UC_vs_CD
LINC00243,1.353,1.0811,1.5506,0.69725,0.48565,0.99553,N1,UC_vs_CD
DDR1,0.16001,1.7355,4.296,0.40399,0.68622,0.99553,N1,UC_vs_CD
VARS2,0.78152,3.5969,4.173,0.86195,0.38872,0.99553,N1,UC_vs_CD
TCF19,0.16001,1.7355,4.296,0.40399,0.68622,0.99553,N1,UC_vs_CD
AL662844.4,0.71454,0.57875,2.2373,0.25868,0.79588,0.99553,N1,UC_vs_CD
HCG27,0.67866,0.27862,2.0463,0.13616,0.8917,0.99553,N1,UC_vs_CD
HLA-C,110.83,-0.15394,0.6046,-0.25461,0.79902,0.99553,N1,UC_vs_CD
HLA-B,157.58,-0.4194,0.32616,-1.2859,0.19849,0.99553,N1,UC_vs_CD
AL645933.2,0.12821,2.147,4.3394,0.49477,0.62076,0.99553,N1,UC_vs_CD
MICB,0.39092,1.2838,2.4754,0.51861,0.60403,0.99553,N1,UC_vs_CD
DDX39B,0.6249,0.75168,1.5415,0.48763,0.62581,0.99553,N1,UC_vs_CD
NFKBIL1,0.37751,1.2275,3.9546,0.3104,0.75626,0.99553,N1,UC_vs_CD
TNF,5.9323,0.2664,1.4764,0.18044,0.85681,0.99553,N1,UC_vs_CD
LTB,10.219,-1.0183,0.99186,-1.0267,0.30457,0.99553,N1,UC_vs_CD
LST1,42.116,-0.3581,0.67139,-0.53336,0.59378,0.99553,N1,UC_vs_CD
AIF1,43.173,0.034424,0.43036,0.079989,0.93625,0.99553,N1,UC_vs_CD
PRRC2A,1.1401,-0.37821,2.1549,-0.17551,0.86068,0.99553,N1,UC_vs_CD
BAG6,1.4959,1.323,1.1239,1.1772,0.23913,0.99553,N1,UC_vs_CD
C6orf47,0.16526,1.7355,4.296,0.40399,0.68622,0.99553,N1,UC_vs_CD
GPANK1,1.1663,1.5636,2.2715,0.68835,0.49123,0.99553,N1,UC_vs_CD
CSNK2B,2.2657,0.31708,1.0013,0.31667,0.75149,0.99553,N1,UC_vs_CD
LY6G5C,0.15185,1.7355,4.296,0.40399,0.68622,0.99553,N1,UC_vs_CD
MPIG6B,0.16001,1.7355,4.296,0.40399,0.68622,0.99553,N1,UC_vs_CD
DDAH2,1.8595,-1.0016,1.3916,-0.7197,0.47171,0.99553,N1,UC_vs_CD
CLIC1,29.016,0.42413,0.42274,1.0033,0.31572,0.99553,N1,UC_vs_CD
VARS,0.37685,-1.9628,3.3381,-0.588,0.55653,0.99553,N1,UC_vs_CD
LSM2,0.83062,1.9811,2.0005,0.99028,0.32204,0.99553,N1,UC_vs_CD
HSPA1L,0.12821,2.147,4.3394,0.49477,0.62076,0.99553,N1,UC_vs_CD
HSPA1A,82.798,1.3101,1.4015,0.93479,,,N1,UC_vs_CD
HSPA1B,21.465,0.73862,1.5434,0.47856,0.63225,0.99553,N1,UC_vs_CD
C6orf48,0.46143,0.24373,1.8375,0.13264,0.89448,0.99553,N1,UC_vs_CD
NEU1,3.3697,0.033227,0.83678,0.039708,0.96833,0.99553,N1,UC_vs_CD
SLC44A4,0.19527,0.95987,3.1507,0.30465,0.76063,0.99553,N1,UC_vs_CD
EHMT2,0.42276,0.78781,4.0144,0.19624,0.84442,0.99553,N1,UC_vs_CD
NELFE,1.2903,-0.095874,1.63,-0.05882,0.9531,0.99553,N1,UC_vs_CD
SKIV2L,0.67391,2.3866,2.7337,0.87302,0.38265,0.99553,N1,UC_vs_CD
DXO,0.15185,1.7355,4.296,0.40399,0.68622,0.99553,N1,UC_vs_CD
STK19,0.65411,0.1177,1.8261,0.064458,0.94861,0.99553,N1,UC_vs_CD
ATF6B,1.029,2.3538,2.2012,1.0694,0.28491,0.99553,N1,UC_vs_CD
AGPAT1,0.5875,-0.49571,2.0185,-0.24558,0.80601,0.99553,N1,UC_vs_CD
RNF5,0.83542,2.6584,1.8808,1.4134,0.15753,0.99553,N1,UC_vs_CD
AGER,0.22565,0.79989,3.5133,0.22768,0.8199,0.99553,N1,UC_vs_CD
PBX2,3.2207,-0.17617,1.2572,-0.14012,0.88856,0.99553,N1,UC_vs_CD
GPSM3,13.89,0.092644,0.82367,0.11248,0.91044,0.99553,N1,UC_vs_CD
NOTCH4,0.035259,0.57985,4.1749,0.13889,0.88954,0.99553,N1,UC_vs_CD
HLA-DRA,18.262,0.86296,1.4339,0.60182,0.54729,0.99553,N1,UC_vs_CD
HLA-DRB5,1.659,0.77022,1.9315,0.39876,0.69007,0.99553,N1,UC_vs_CD
HLA-DRB1,7.5903,0.46283,1.4714,0.31454,0.75311,0.99553,N1,UC_vs_CD
HLA-DQA1,2.1862,1.2493,1.6306,0.76614,0.44359,0.99553,N1,UC_vs_CD
HLA-DQB1,3.9805,-0.043182,1.7521,-0.024645,0.98034,0.99553,N1,UC_vs_CD
HLA-DOB,0.11463,0.076876,4.1956,0.018323,0.98538,0.99553,N1,UC_vs_CD
TAP2,2.1155,-1.4268,1.4418,-0.98959,0.32238,0.99553,N1,UC_vs_CD
PSMB8,11.121,-0.28634,0.731,-0.39171,0.69527,0.99553,N1,UC_vs_CD
PSMB8-AS1,2.257,-0.27513,0.95115,-0.28926,0.77238,0.99553,N1,UC_vs_CD
PSMB9,18.039,-0.34675,0.656,-0.52859,0.59709,0.99553,N1,UC_vs_CD
TAP1,13.28,-1.3633,0.80098,-1.702,0.088748,0.99553,N1,UC_vs_CD
HLA-DMB,0.62034,0.75648,2.0469,0.36957,0.7117,0.99553,N1,UC_vs_CD
HLA-DMA,1.4835,0.32437,1.2367,0.26228,0.79311,0.99553,N1,UC_vs_CD
BRD2,6.2839,-1.5314,1.214,-1.2614,0.20715,0.99553,N1,UC_vs_CD
HLA-DOA,0.1476,-0.38372,3.978,-0.09646,0.92315,0.99553,N1,UC_vs_CD
HLA-DPA1,5.3949,0.86003,1.4089,0.61044,0.54157,0.99553,N1,UC_vs_CD
HLA-DPB1,5.3063,-0.4217,1.7921,-0.23531,0.81397,0.99553,N1,UC_vs_CD
RXRB,0.60109,1.1857,2.0388,0.58153,0.56088,0.99553,N1,UC_vs_CD
SLC39A7,1.7802,2.5092,1.8887,1.3285,0.18401,0.99553,N1,UC_vs_CD
HSD17B8,0.8909,2.357,3.1597,0.74595,0.4557,0.99553,N1,UC_vs_CD
RING1,0.28822,2.5291,3.2881,0.76917,0.44179,0.99553,N1,UC_vs_CD
RPS18,90.046,1.2031,0.99843,1.2049,0.22823,0.99553,N1,UC_vs_CD
B3GALT4,0.26091,0.25946,2.237,0.11598,0.90767,0.99553,N1,UC_vs_CD
WDR46,0.39092,1.2838,2.4754,0.51861,0.60403,0.99553,N1,UC_vs_CD
PFDN6,1.1458,2.7878,1.8322,1.5216,0.12811,0.99553,N1,UC_vs_CD
RGL2,1.0061,-1.1293,1.5307,-0.73779,0.46064,0.99553,N1,UC_vs_CD
TAPBP,15.511,-0.38014,0.56558,-0.67212,0.50151,0.99553,N1,UC_vs_CD
ZBTB22,0.32528,2.1316,3.0535,0.69809,0.48512,0.99553,N1,UC_vs_CD
DAXX,0.16526,1.7355,4.296,0.40399,0.68622,0.99553,N1,UC_vs_CD
PHF1,1.207,1.1117,1.3735,0.80936,0.41831,0.99553,N1,UC_vs_CD
CUTA,6.2668,1.4128,1.0403,1.358,0.17446,0.99553,N1,UC_vs_CD
SYNGAP1,0.0738,0.29634,4.1055,0.072182,0.94246,0.99553,N1,UC_vs_CD
BAK1,1.6799,0.078286,1.6272,0.04811,0.96163,0.99553,N1,UC_vs_CD
ITPR3,0.39451,-0.076743,3.4454,-0.022274,0.98223,0.99553,N1,UC_vs_CD
UQCC2,2.1996,3.0877,2.1176,1.4581,0.14481,0.99553,N1,UC_vs_CD
LEMD2,0.23906,0.79839,3.5646,0.22398,0.82277,0.99553,N1,UC_vs_CD
HMGA1,1.8512,0.17589,1.0143,0.1734,0.86233,0.99553,N1,UC_vs_CD
SMIM29,0.36997,-0.43889,2.0975,-0.20925,0.83426,0.99553,N1,UC_vs_CD
NUDT3,1.2719,0.50328,1.5218,0.33071,0.74087,0.99553,N1,UC_vs_CD
RPS10,12.773,1.4809,0.74161,1.9968,0.045842,0.99553,N1,UC_vs_CD
SPDEF,0.035259,0.57985,4.1749,0.13889,0.88954,0.99553,N1,UC_vs_CD
C6orf106,1.376,-0.13455,1.2857,-0.10465,0.91665,0.99553,N1,UC_vs_CD
AL451165.2,1.5887,0.8259,2.0257,0.40771,0.68348,0.99553,N1,UC_vs_CD
SNRPC,1.2008,1.1684,2.3466,0.4979,0.61855,0.99553,N1,UC_vs_CD
UHRF1BP1,0.15185,1.7355,4.296,0.40399,0.68622,0.99553,N1,UC_vs_CD
TAF11,0.66179,-0.76446,1.5774,-0.48462,0.62795,0.99553,N1,UC_vs_CD
ANKS1A,0.77362,0.74278,1.8171,0.40877,0.68271,0.99553,N1,UC_vs_CD
ZNF76,0.16001,1.7355,4.296,0.40399,0.68622,0.99553,N1,UC_vs_CD
DEF6,1.1614,1.7667,2.3327,0.75737,0.44883,0.99553,N1,UC_vs_CD
PPARD,0.86822,1.6259,1.9195,0.84701,0.39699,0.99553,N1,UC_vs_CD
RPL10A,18.631,1.8499,0.83303,2.2207,0.026372,0.99553,N1,UC_vs_CD
TEAD3,0.15185,1.7355,4.296,0.40399,0.68622,0.99553,N1,UC_vs_CD
FKBP5,0.78969,1.1805,2.0854,0.56608,0.57134,0.99553,N1,UC_vs_CD
SRPK1,4.8613,-0.1617,0.99542,-0.16244,0.87096,0.99553,N1,UC_vs_CD
SLC26A8,0.43192,2.861,3.565,0.80253,0.42225,0.99553,N1,UC_vs_CD
MAPK14,3.8008,-0.095917,0.8875,-0.10808,0.91394,0.99553,N1,UC_vs_CD
MAPK13,1.6,0.89176,1.4164,0.6296,0.52896,0.99553,N1,UC_vs_CD
Z84485.1,0.0738,0.29634,4.1055,0.072182,0.94246,0.99553,N1,UC_vs_CD
BRPF3,0.10906,-0.1236,2.6028,-0.047487,0.96213,0.99553,N1,UC_vs_CD
PNPLA1,0.22368,-1.1647,2.1972,-0.53008,0.59605,0.99553,N1,UC_vs_CD
C6orf222,0.11463,0.076876,4.1956,0.018323,0.98538,0.99553,N1,UC_vs_CD
ETV7,1.9123,-2.2781,1.743,-1.307,0.19121,0.99553,N1,UC_vs_CD
KCTD20,2.401,1.4603,0.98414,1.4838,0.13786,0.99553,N1,UC_vs_CD
STK38,2.656,1.6866,1.0877,1.5506,0.12099,0.99553,N1,UC_vs_CD
SRSF3,12.943,0.023821,0.45163,0.052745,0.95794,0.99553,N1,UC_vs_CD
CDKN1A,9.9145,-0.43633,0.96357,-0.45282,0.65068,0.99553,N1,UC_vs_CD
CPNE5,0.93752,-1.4369,2.2371,-0.64232,0.52066,0.99553,N1,UC_vs_CD
PPIL1,0.035259,0.57985,4.1749,0.13889,0.88954,0.99553,N1,UC_vs_CD
C6orf89,1.2611,-0.14969,1.2873,-0.11628,0.90743,0.99553,N1,UC_vs_CD
MTCH1,4.2648,0.85364,0.79659,1.0716,0.28389,0.99553,N1,UC_vs_CD
PIM1,5.9162,0.73602,0.90947,0.80928,0.41836,0.99553,N1,UC_vs_CD
TBC1D22B,0.15185,1.7355,4.296,0.40399,0.68622,0.99553,N1,UC_vs_CD
CMTR1,0.37554,-0.71823,1.9243,-0.37323,0.70897,0.99553,N1,UC_vs_CD
CCDC167,2.8176,1.9957,1.733,1.1516,0.24948,0.99553,N1,UC_vs_CD
MDGA1,0.20201,1.0374,3.076,0.33725,0.73593,0.99553,N1,UC_vs_CD
ZFAND3,2.8475,0.46162,0.78321,0.58939,0.5556,0.99553,N1,UC_vs_CD
GLO1,0.23906,0.79839,3.5646,0.22398,0.82277,0.99553,N1,UC_vs_CD
DNAH8,0.15185,1.7355,4.296,0.40399,0.68622,0.99553,N1,UC_vs_CD
OARD1,0.27464,0.50675,3.2634,0.15528,0.8766,0.99553,N1,UC_vs_CD
NFYA,1.0841,-1.8816,1.5708,-1.1979,0.23097,0.99553,N1,UC_vs_CD
TREML2,1.4479,1.1477,1.2472,0.92027,0.35743,0.99553,N1,UC_vs_CD
TREML4,0.035259,0.57985,4.1749,0.13889,0.88954,0.99553,N1,UC_vs_CD
TREM1,37.973,-0.24046,0.59718,-0.40265,0.68721,0.99553,N1,UC_vs_CD
TFEB,0.34339,1.5137,3.3061,0.45785,0.64706,0.99553,N1,UC_vs_CD
USP49,0.36243,-1.2741,2.4062,-0.52949,0.59646,0.99553,N1,UC_vs_CD
MED20,0.29977,-1.5725,2.9869,-0.52646,0.59857,0.99553,N1,UC_vs_CD
BYSL,0.32003,2.1244,4.2058,0.50511,0.61349,0.99553,N1,UC_vs_CD
CCND3,1.8519,3.6999,2.3706,1.5608,0.11857,0.99553,N1,UC_vs_CD
TAF8,0.16526,1.7355,4.296,0.40399,0.68622,0.99553,N1,UC_vs_CD
MRPS10,1.0205,0.43454,1.4942,0.29082,0.77119,0.99553,N1,UC_vs_CD
TRERF1,0.50634,0.35388,1.695,0.20878,0.83462,0.99553,N1,UC_vs_CD
UBR2,1.7842,-0.42203,1.1613,-0.36341,0.7163,0.99553,N1,UC_vs_CD
TBCC,0.2214,-0.75066,3.927,-0.19116,0.8484,0.99553,N1,UC_vs_CD
BICRAL,0.38193,1.2016,3.5543,0.33806,0.73532,0.99553,N1,UC_vs_CD
RPL7L1,1.1935,2.458,2.2266,1.1039,0.26962,0.99553,N1,UC_vs_CD
C6orf226,0.14432,-0.42113,2.4698,-0.17051,0.86461,0.99553,N1,UC_vs_CD
PTCRA,0.1476,-0.38372,3.978,-0.09646,0.92315,0.99553,N1,UC_vs_CD
CNPY3,2.9543,-0.18395,0.8223,-0.2237,0.82299,0.99553,N1,UC_vs_CD
AL035587.1,0.035259,0.57985,4.1749,0.13889,0.88954,0.99553,N1,UC_vs_CD
PEX6,0.16001,1.7355,4.296,0.40399,0.68622,0.99553,N1,UC_vs_CD
PPP2R5D,0.73089,1.655,3.912,0.42305,0.67226,0.99553,N1,UC_vs_CD
MEA1,0.22368,-1.1647,2.1972,-0.53008,0.59605,0.99553,N1,UC_vs_CD
KLHDC3,0.6016,3.2453,2.5995,1.2484,0.21187,0.99553,N1,UC_vs_CD
RRP36,0.30174,-0.14619,2.2488,-0.065009,0.94817,0.99553,N1,UC_vs_CD
CUL7,0.14988,-0.59457,2.8782,-0.20658,0.83634,0.99553,N1,UC_vs_CD
KLC4,0.18514,-0.97652,2.8755,-0.3396,0.73416,0.99553,N1,UC_vs_CD
MRPL2,0.70393,1.8192,2.0168,0.90203,0.36704,0.99553,N1,UC_vs_CD
SRF,0.73071,-1.0248,2.0691,-0.49528,0.6204,0.99553,N1,UC_vs_CD
CUL9,0.31187,2.1139,3.0197,0.70005,0.48389,0.99553,N1,UC_vs_CD
DNPH1,0.14432,-0.42113,2.4698,-0.17051,0.86461,0.99553,N1,UC_vs_CD
ZNF318,0.035259,0.57985,4.1749,0.13889,0.88954,0.99553,N1,UC_vs_CD
TJAP1,0.14432,-0.42113,2.4698,-0.17051,0.86461,0.99553,N1,UC_vs_CD
POLR1C,0.34713,1.3196,2.3079,0.57175,0.56749,0.99553,N1,UC_vs_CD
YIPF3,1.9395,-0.045582,0.96225,-0.04737,0.96222,0.99553,N1,UC_vs_CD
XPO5,0.1476,-0.38372,3.978,-0.09646,0.92315,0.99553,N1,UC_vs_CD
POLH,0.19527,0.95987,3.1507,0.30465,0.76063,0.99553,N1,UC_vs_CD
GTPBP2,0.18514,-0.97652,2.8755,-0.3396,0.73416,0.99553,N1,UC_vs_CD
MAD2L1BP,0.21812,-0.78126,2.4483,-0.3191,0.74965,0.99553,N1,UC_vs_CD
MRPS18A,1.029,0.34453,1.7424,0.19773,0.84326,0.99553,N1,UC_vs_CD
VEGFA,14.129,-1.0878,0.98867,-1.1003,0.27122,0.99553,N1,UC_vs_CD
AL136131.3,0.14104,-0.3956,3.9761,-0.099493,0.92075,0.99553,N1,UC_vs_CD
AL157371.2,0.070518,0.17302,4.0786,0.042422,0.96616,0.99553,N1,UC_vs_CD
MRPL14,1.3087,0.26757,1.7113,0.15636,0.87575,0.99553,N1,UC_vs_CD
TMEM63B,0.14988,-0.59457,2.8782,-0.20658,0.83634,0.99553,N1,UC_vs_CD
HSP90AB1,25.135,0.30644,0.84663,0.36196,0.71738,0.99553,N1,UC_vs_CD
SLC35B2,0.77265,1.1835,1.8904,0.62608,0.53126,0.99553,N1,UC_vs_CD
NFKBIE,1.8754,0.32156,1.0929,0.29422,0.76859,0.99553,N1,UC_vs_CD
TCTE1,0.16526,1.7355,4.296,0.40399,0.68622,0.99553,N1,UC_vs_CD
CDC5L,1.6908,0.42923,1.4471,0.29662,0.76676,0.99553,N1,UC_vs_CD
SUPT3H,0.15185,1.7355,4.296,0.40399,0.68622,0.99553,N1,UC_vs_CD
RUNX2,1.0356,1.9394,1.5038,1.2896,0.19718,0.99553,N1,UC_vs_CD
RCAN2,0.12821,2.147,4.3394,0.49477,0.62076,0.99553,N1,UC_vs_CD
PLA2G7,0.15185,1.7355,4.296,0.40399,0.68622,0.99553,N1,UC_vs_CD
CD2AP,0.7986,0.32193,2.0296,0.15862,0.87397,0.99553,N1,UC_vs_CD
MUT,0.26451,-1.246,3.0658,-0.40642,0.68443,0.99553,N1,UC_vs_CD
CRISP3,0.16001,1.7355,4.296,0.40399,0.68622,0.99553,N1,UC_vs_CD
MCM3,0.035259,0.57985,4.1749,0.13889,0.88954,0.99553,N1,UC_vs_CD
EFHC1,1.0153,2.8296,2.2951,1.2329,0.21761,0.99553,N1,UC_vs_CD
TRAM2,0.37865,1.149,3.3299,0.34506,0.73005,0.99553,N1,UC_vs_CD
TMEM14A,0.23053,0.5269,3.4413,0.15311,0.87831,0.99553,N1,UC_vs_CD
ICK,0.77628,3.5839,4.1642,0.86066,0.38943,0.99553,N1,UC_vs_CD
FBXO9,0.79912,1.2342,2.3612,0.5227,0.60118,0.99553,N1,UC_vs_CD
ELOVL5,5.5285,-0.49759,0.91824,-0.54189,0.58789,0.99553,N1,UC_vs_CD
GCLC,0.56721,-0.40239,1.8519,-0.21728,0.82799,0.99553,N1,UC_vs_CD
DST,0.23906,0.79839,3.5646,0.22398,0.82277,0.99553,N1,UC_vs_CD
KIAA1586,0.34339,1.5137,3.3061,0.45785,0.64706,0.99553,N1,UC_vs_CD
ZNF451,0.90088,0.35889,2.2472,0.1597,0.87311,0.99553,N1,UC_vs_CD
PRIM2,0.34844,-0.37546,2.3977,-0.15659,0.87556,0.99553,N1,UC_vs_CD
AL021368.2,0.23727,0.71493,2.0629,0.34656,0.72892,0.99553,N1,UC_vs_CD
PTP4A1,3.757,-0.038539,0.91134,-0.042289,0.96627,0.99553,N1,UC_vs_CD
PHF3,1.2224,-0.034796,1.6697,-0.02084,0.98337,0.99553,N1,UC_vs_CD
EYS,0.035259,0.57985,4.1749,0.13889,0.88954,0.99553,N1,UC_vs_CD
LMBRD1,1.5847,1.5051,1.3818,1.0892,0.27605,0.99553,N1,UC_vs_CD
FAM135A,0.11463,0.076876,4.1956,0.018323,0.98538,0.99553,N1,UC_vs_CD
SMAP1,0.61868,-0.033295,1.9204,-0.017338,0.98617,0.99556,N1,UC_vs_CD
B3GAT2,0.16001,1.7355,4.296,0.40399,0.68622,0.99553,N1,UC_vs_CD
OGFRL1,3.7744,-0.013195,1.1117,-0.011869,0.99053,0.99794,N1,UC_vs_CD
KHDC1,0.16001,1.7355,4.296,0.40399,0.68622,0.99553,N1,UC_vs_CD
OOEP,0.035259,0.57985,4.1749,0.13889,0.88954,0.99553,N1,UC_vs_CD
DDX43,0.035259,0.57985,4.1749,0.13889,0.88954,0.99553,N1,UC_vs_CD
CGAS,0.88257,-0.63358,2.1105,-0.3002,0.76402,0.99553,N1,UC_vs_CD
MTO1,0.58291,0.63776,1.8905,0.33736,0.73585,0.99553,N1,UC_vs_CD
EEF1A1,64.485,0.34621,0.61845,0.5598,0.57562,0.99553,N1,UC_vs_CD
SLC17A5,0.46143,0.24373,1.8375,0.13264,0.89448,0.99553,N1,UC_vs_CD
COL12A1,0.035259,0.57985,4.1749,0.13889,0.88954,0.99553,N1,UC_vs_CD
COX7A2,18.052,0.23648,0.94793,0.24947,0.80299,0.99553,N1,UC_vs_CD
TMEM30A,2.3249,0.52554,0.9508,0.55274,0.58044,0.99553,N1,UC_vs_CD
SENP6,1.7497,0.080551,1.8334,0.043934,0.96496,0.99553,N1,UC_vs_CD
MYO6,0.16001,1.7355,4.296,0.40399,0.68622,0.99553,N1,UC_vs_CD
PHIP,3.842,1.2782,0.87968,1.4531,0.14621,0.99553,N1,UC_vs_CD
HMGN3,2.2882,-0.40256,2.5552,-0.15755,0.87481,0.99553,N1,UC_vs_CD
SH3BGRL2,0.20052,0.9601,3.1736,0.30253,0.76225,0.99553,N1,UC_vs_CD
TTK,0.16001,1.7355,4.296,0.40399,0.68622,0.99553,N1,UC_vs_CD
BCKDHB,0.035259,0.57985,4.1749,0.13889,0.88954,0.99553,N1,UC_vs_CD
TENT5A,0.89937,0.065655,1.6542,0.03969,0.96834,0.99553,N1,UC_vs_CD
IBTK,0.81475,0.37215,2.0752,0.17934,0.85767,0.99553,N1,UC_vs_CD
DOPEY1,0.16526,1.7355,4.296,0.40399,0.68622,0.99553,N1,UC_vs_CD
PGM3,0.72951,0.7716,2.6214,0.29435,0.76849,0.99553,N1,UC_vs_CD
RWDD2A,0.0738,0.29634,4.1055,0.072182,0.94246,0.99553,N1,UC_vs_CD
CYB5R4,4.7367,-0.28573,0.88356,-0.32339,0.7464,0.99553,N1,UC_vs_CD
SNX14,0.52055,1.5946,2.3808,0.66978,0.503,0.99553,N1,UC_vs_CD
SYNCRIP,2.4967,1.1413,1.1815,0.96598,0.33405,0.99553,N1,UC_vs_CD
AL139274.2,0.32946,-1.7623,2.0429,-0.86262,0.38834,0.99553,N1,UC_vs_CD
ZNF292,7.5363,-0.034434,0.68456,-0.050301,0.95988,0.99553,N1,UC_vs_CD
SMIM8,0.23053,0.5269,3.4413,0.15311,0.87831,0.99553,N1,UC_vs_CD
SLC35A1,0.22368,-1.1647,2.1972,-0.53008,0.59605,0.99553,N1,UC_vs_CD
RARS2,0.51388,2.0018,2.0763,0.96413,0.33498,0.99553,N1,UC_vs_CD
ORC3,0.81527,2.5253,2.1321,1.1844,0.23626,0.99553,N1,UC_vs_CD
AKIRIN2,4.4791,-0.38786,0.97463,-0.39795,0.69066,0.99553,N1,UC_vs_CD
RNGTT,0.67568,0.13611,1.8462,0.073727,0.94123,0.99553,N1,UC_vs_CD
AL353135.1,0.11463,0.076876,4.1956,0.018323,0.98538,0.99553,N1,UC_vs_CD
PNRC1,72.225,-0.76974,0.421,-1.8283,0.067499,0.99553,N1,UC_vs_CD
PM20D2,0.69674,0.54424,1.6524,0.32936,0.74188,0.99553,N1,UC_vs_CD
GABRR2,0.11463,0.076876,4.1956,0.018323,0.98538,0.99553,N1,UC_vs_CD
UBE2J1,9.9897,1.2375,1.2541,0.98681,0.32374,0.99553,N1,UC_vs_CD
RRAGD,1.5114,-0.50608,1.6161,-0.31316,0.75416,0.99553,N1,UC_vs_CD
LYRM2,0.42092,-1.0377,2.3437,-0.44276,0.65794,0.99553,N1,UC_vs_CD
MDN1,0.49656,-0.18288,2.6416,-0.069232,0.9448,0.99553,N1,UC_vs_CD
CASP8AP2,0.86197,2.5325,3.0294,0.83598,0.40316,0.99553,N1,UC_vs_CD
MAP3K7,0.22237,0.52589,3.4052,0.15444,0.87726,0.99553,N1,UC_vs_CD
MANEA-DT,0.11463,0.076876,4.1956,0.018323,0.98538,0.99553,N1,UC_vs_CD
MANEA,0.50813,0.088331,1.9249,0.04589,0.9634,0.99553,N1,UC_vs_CD
UFL1,0.81575,-0.48158,2.1412,-0.22491,0.82205,0.99553,N1,UC_vs_CD
NDUFAF4,0.27464,0.50675,3.2634,0.15528,0.8766,0.99553,N1,UC_vs_CD
MMS22L,0.28006,2.5294,3.2581,0.77633,0.43755,0.99553,N1,UC_vs_CD
FBXL4,0.35369,-0.37652,2.4064,-0.15647,0.87567,0.99553,N1,UC_vs_CD
COQ3,0.30813,2.1491,4.3393,0.49527,0.62041,0.99553,N1,UC_vs_CD
PNISR,7.9447,0.43142,0.5575,0.77385,0.43902,0.99553,N1,UC_vs_CD
USP45,0.30813,2.1491,4.3393,0.49527,0.62041,0.99553,N1,UC_vs_CD
CCNC,0.89609,-0.024231,1.3897,-0.017436,0.98609,0.99556,N1,UC_vs_CD
ASCC3,0.14988,-0.59457,2.8782,-0.20658,0.83634,0.99553,N1,UC_vs_CD
AL133338.1,0.16526,1.7355,4.296,0.40399,0.68622,0.99553,N1,UC_vs_CD
ATG5,1.84,-0.26474,1.7863,-0.14821,0.88218,0.99553,N1,UC_vs_CD
PRDM1,9.8095,0.19454,0.84872,0.22921,0.8187,0.99553,N1,UC_vs_CD
CRYBG1,1.5795,0.063664,1.573,0.040473,0.96772,0.99553,N1,UC_vs_CD
QRSL1,0.16001,1.7355,4.296,0.40399,0.68622,0.99553,N1,UC_vs_CD
CD24,0.14988,-0.59457,2.8782,-0.20658,0.83634,0.99553,N1,UC_vs_CD
SCML4,0.19527,0.95987,3.1507,0.30465,0.76063,0.99553,N1,UC_vs_CD
SEC63,1.5519,0.49181,1.6624,0.29585,0.76735,0.99553,N1,UC_vs_CD
Z98200.1,0.035259,0.57985,4.1749,0.13889,0.88954,0.99553,N1,UC_vs_CD
OSTM1,3.4227,0.33217,0.75571,0.43955,0.66026,0.99553,N1,UC_vs_CD
SNX3,3.5549,-0.041796,0.72183,-0.057903,0.95383,0.99553,N1,UC_vs_CD
FOXO3,2.8127,0.55174,0.98864,0.55807,0.57679,0.99553,N1,UC_vs_CD
SESN1,0.26907,0.25928,2.2471,0.11538,0.90814,0.99553,N1,UC_vs_CD
AL390208.1,0.035259,0.57985,4.1749,0.13889,0.88954,0.99553,N1,UC_vs_CD
CEP57L1,0.27464,0.50675,3.2634,0.15528,0.8766,0.99553,N1,UC_vs_CD
CD164,6.8918,0.0036266,0.77473,0.0046811,0.99627,0.99979,N1,UC_vs_CD
PPIL6,0.035259,0.57985,4.1749,0.13889,0.88954,0.99553,N1,UC_vs_CD
SMPD2,0.16526,1.7355,4.296,0.40399,0.68622,0.99553,N1,UC_vs_CD
MICAL1,0.37357,-1.9668,2.0655,-0.9522,0.341,0.99553,N1,UC_vs_CD
AK9,0.28822,2.5291,3.2881,0.76917,0.44179,0.99553,N1,UC_vs_CD
FIG4,0.0738,0.29634,4.1055,0.072182,0.94246,0.99553,N1,UC_vs_CD
CDC40,1.1735,2.7488,1.7816,1.5429,0.12287,0.99553,N1,UC_vs_CD
CDK19,0.69884,-1.0427,1.5483,-0.67346,0.50065,0.99553,N1,UC_vs_CD
AMD1,4.3385,-0.54379,0.78865,-0.68951,0.4905,0.99553,N1,UC_vs_CD
GTF3C6,2.3594,1.3885,1.1938,1.1631,0.24479,0.99553,N1,UC_vs_CD
RPF2,0.8095,-0.72477,1.9774,-0.36653,0.71397,0.99553,N1,UC_vs_CD
SLC16A10,0.15185,1.7355,4.296,0.40399,0.68622,0.99553,N1,UC_vs_CD
REV3L,0.59977,1.0642,2.6689,0.39876,0.69007,0.99553,N1,UC_vs_CD
TRAF3IP2-AS1,0.16526,1.7355,4.296,0.40399,0.68622,0.99553,N1,UC_vs_CD
TRAF3IP2,0.53378,1.7051,2.6369,0.64663,0.51787,0.99553,N1,UC_vs_CD
FYN,1.0466,0.98723,1.8778,0.52575,0.59906,0.99553,N1,UC_vs_CD
TUBE1,0.16001,1.7355,4.296,0.40399,0.68622,0.99553,N1,UC_vs_CD
FAM229B,0.16001,1.7355,4.296,0.40399,0.68622,0.99553,N1,UC_vs_CD
LAMA4,0.16526,1.7355,4.296,0.40399,0.68622,0.99553,N1,UC_vs_CD
LINC02541,0.14432,-0.42113,2.4698,-0.17051,0.86461,0.99553,N1,UC_vs_CD
MARCKS,68.975,-0.36325,0.51199,-0.70948,0.47803,0.99553,N1,UC_vs_CD
LINC01268,0.0738,0.29634,4.1055,0.072182,0.94246,0.99553,N1,UC_vs_CD
HDAC2,1.0326,0.60249,2.3245,0.25919,0.79549,0.99553,N1,UC_vs_CD
HDAC2-AS2,0.15185,1.7355,4.296,0.40399,0.68622,0.99553,N1,UC_vs_CD
NT5DC1,0.35189,-0.3314,1.9042,-0.17404,0.86183,0.99553,N1,UC_vs_CD
TSPYL4,0.16001,1.7355,4.296,0.40399,0.68622,0.99553,N1,UC_vs_CD
DSE,12.813,-0.19309,0.58032,-0.33272,0.73934,0.99553,N1,UC_vs_CD
TSPYL1,1.0326,-0.68284,1.4152,-0.48249,0.62946,0.99553,N1,UC_vs_CD
CALHM6,0.18843,-0.92039,3.1557,-0.29166,0.77055,0.99553,N1,UC_vs_CD
RWDD1,2.5889,0.029243,1.0316,0.028347,0.97739,0.99553,N1,UC_vs_CD
RSPH4A,0.035259,0.57985,4.1749,0.13889,0.88954,0.99553,N1,UC_vs_CD
ZUP1,0.37423,0.86918,3.8808,0.22397,0.82278,0.99553,N1,UC_vs_CD
KPNA5,0.16001,1.7355,4.296,0.40399,0.68622,0.99553,N1,UC_vs_CD
DCBLD1,0.035259,0.57985,4.1749,0.13889,0.88954,0.99553,N1,UC_vs_CD
GOPC,0.44008,2.8884,2.5493,1.133,0.25722,0.99553,N1,UC_vs_CD
NUS1,0.52204,1.9329,2.6466,0.73034,0.46518,0.99553,N1,UC_vs_CD
CEP85L,0.14988,-0.59457,2.8782,-0.20658,0.83634,0.99553,N1,UC_vs_CD
MCM9,0.0738,0.29634,4.1055,0.072182,0.94246,0.99553,N1,UC_vs_CD
MAN1A1,2.0383,-0.19638,1.3486,-0.14561,0.88423,0.99553,N1,UC_vs_CD
HSF2,0.0738,0.29634,4.1055,0.072182,0.94246,0.99553,N1,UC_vs_CD
SERINC1,8.0993,0.10695,0.53841,0.19864,0.84254,0.99553,N1,UC_vs_CD
PKIB,0.14988,-0.59457,2.8782,-0.20658,0.83634,0.99553,N1,UC_vs_CD
SMPDL3A,0.0738,0.29634,4.1055,0.072182,0.94246,0.99553,N1,UC_vs_CD
RNF217,0.33052,2.1419,4.2023,0.5097,0.61026,0.99553,N1,UC_vs_CD
HDDC2,0.78817,3.3923,4.1117,0.82504,0.40935,0.99553,N1,UC_vs_CD
NCOA7,0.89736,-1.0901,1.9175,-0.56853,0.56968,0.99553,N1,UC_vs_CD
HINT3,0.67579,-1.4913,1.5599,-0.95604,0.33905,0.99553,N1,UC_vs_CD
TRMT11,0.32003,2.1244,4.2058,0.50511,0.61349,0.99553,N1,UC_vs_CD
CENPW,2.0282,4.9749,3.1076,1.6009,0.1094,0.99553,N1,UC_vs_CD
RNF146,0.67536,0.12208,2.7429,0.044509,0.9645,0.99553,N1,UC_vs_CD
ECHDC1,2.7277,-2.6319,1.2507,-2.1044,0.035346,0.99553,N1,UC_vs_CD
ARHGAP18,1.2575,-1.923,2.093,-0.91876,0.35822,0.99553,N1,UC_vs_CD
L3MBTL3,0.3099,-0.14541,2.2609,-0.064314,0.94872,0.99553,N1,UC_vs_CD
EPB41L2,0.27464,0.50675,3.2634,0.15528,0.8766,0.99553,N1,UC_vs_CD
AKAP7,0.15185,1.7355,4.296,0.40399,0.68622,0.99553,N1,UC_vs_CD
ARG1,0.0738,0.29634,4.1055,0.072182,0.94246,0.99553,N1,UC_vs_CD
MED23,0.16347,1.3862,2.7687,0.50066,0.61661,0.99553,N1,UC_vs_CD
STX7,2.1349,0.95358,1.4194,0.67182,0.5017,0.99553,N1,UC_vs_CD
VNN1,0.94735,-1.3792,2.3712,-0.58168,0.56079,0.99553,N1,UC_vs_CD
VNN3,3.515,-0.6523,1.053,-0.61944,0.53562,0.99553,N1,UC_vs_CD
VNN2,11.254,-0.8139,0.75754,-1.0744,0.28264,0.99553,N1,UC_vs_CD
RPS12,95.029,1.4199,0.92734,1.5312,0.12573,0.99553,N1,UC_vs_CD
TBPL1,0.22237,0.52589,3.4052,0.15444,0.87726,0.99553,N1,UC_vs_CD
SGK1,52.902,-0.075967,1.1778,-0.064497,0.94857,0.99553,N1,UC_vs_CD
LINC01010,0.16526,1.7355,4.296,0.40399,0.68622,0.99553,N1,UC_vs_CD
AL078590.3,0.16001,1.7355,4.296,0.40399,0.68622,0.99553,N1,UC_vs_CD
HBS1L,1.491,3.0458,1.8878,1.6134,0.10666,0.99553,N1,UC_vs_CD
MYB,0.035259,0.57985,4.1749,0.13889,0.88954,0.99553,N1,UC_vs_CD
AHI1,1.0948,1.587,1.4672,1.0816,0.27941,0.99553,N1,UC_vs_CD
BCLAF1,6.0829,0.24848,0.7116,0.34919,0.72695,0.99553,N1,UC_vs_CD
MAP7,0.30371,2.096,4.2116,0.49768,0.61871,0.99553,N1,UC_vs_CD
AL024508.2,0.035259,0.57985,4.1749,0.13889,0.88954,0.99553,N1,UC_vs_CD
MAP3K5,1.3135,0.35461,1.1434,0.31013,0.75646,0.99553,N1,UC_vs_CD
IFNGR1,10.463,0.10537,0.70132,0.15025,0.88057,0.99553,N1,UC_vs_CD
AL357060.1,0.98468,1.1597,1.4578,0.79551,0.42632,0.99553,N1,UC_vs_CD
TNFAIP3,80.828,-0.24499,0.5549,-0.44151,0.65885,0.99553,N1,UC_vs_CD
PERP,0.0738,0.29634,4.1055,0.072182,0.94246,0.99553,N1,UC_vs_CD
ARFGEF3,0.27464,0.50675,3.2634,0.15528,0.8766,0.99553,N1,UC_vs_CD
HEBP2,2.7241,-0.80133,1.1532,-0.69488,0.48713,0.99553,N1,UC_vs_CD
CCDC28A,0.62097,-0.48015,1.5539,-0.309,0.75732,0.99553,N1,UC_vs_CD
ABRACL,2.1139,0.35111,1.0214,0.34375,0.73103,0.99553,N1,UC_vs_CD
HECA,4.6125,0.16024,0.64768,0.24741,0.80459,0.99553,N1,UC_vs_CD
TXLNB,0.20201,1.0374,3.076,0.33725,0.73593,0.99553,N1,UC_vs_CD
CITED2,0.97285,-0.23984,1.7533,-0.1368,0.89119,0.99553,N1,UC_vs_CD
VTA1,0.99543,2.8968,1.8976,1.5266,0.12687,0.99553,N1,UC_vs_CD
HIVEP2,4.2201,-1.6073,0.87564,-1.8355,0.066427,0.99553,N1,UC_vs_CD
AIG1,2.2288,0.38021,1.1307,0.33625,0.73668,0.99553,N1,UC_vs_CD
PEX3,0.43174,0.90967,2.2741,0.40001,0.68915,0.99553,N1,UC_vs_CD
FUCA2,0.33602,-1.7436,3.4041,-0.5122,0.60851,0.99553,N1,UC_vs_CD
PHACTR2,0.98766,-0.78301,1.2526,-0.62508,0.53192,0.99553,N1,UC_vs_CD
LTV1,0.16001,1.7355,4.296,0.40399,0.68622,0.99553,N1,UC_vs_CD
PLAGL1,1.1887,1.109,1.2834,0.86413,0.38752,0.99553,N1,UC_vs_CD
SF3B5,3.9996,1.6314,0.98731,1.6524,0.098457,0.99553,N1,UC_vs_CD
STX11,6.8164,-0.89419,0.75275,-1.1879,0.23487,0.99553,N1,UC_vs_CD
UTRN,2.2113,-0.040755,1.0234,-0.039823,0.96823,0.99553,N1,UC_vs_CD
FBXO30,0.47713,2.3914,2.4574,0.97316,0.33048,0.99553,N1,UC_vs_CD
SHPRH,0.51748,0.46197,2.6364,0.17523,0.8609,0.99553,N1,UC_vs_CD
RAB32,2.0621,-2.1098,1.7487,-1.2065,0.22763,0.99553,N1,UC_vs_CD
ADGB,0.035259,0.57985,4.1749,0.13889,0.88954,0.99553,N1,UC_vs_CD
STXBP5-AS1,0.31712,2.1207,3.0327,0.69927,0.48438,0.99553,N1,UC_vs_CD
STXBP5,0.93155,-1.5375,1.5435,-0.99611,0.3192,0.99553,N1,UC_vs_CD
TAB2,3.6942,0.82291,0.77952,1.0557,0.29112,0.99553,N1,UC_vs_CD
SUMO4,0.48695,1.7426,2.2523,0.7737,0.43911,0.99553,N1,UC_vs_CD
ZC3H12D,0.15185,1.7355,4.296,0.40399,0.68622,0.99553,N1,UC_vs_CD
PPIL4,0.66636,0.67505,1.7916,0.37679,0.70633,0.99553,N1,UC_vs_CD
GINM1,0.61965,0.74912,1.5398,0.48651,0.62661,0.99553,N1,UC_vs_CD
KATNA1,0.16001,1.7355,4.296,0.40399,0.68622,0.99553,N1,UC_vs_CD
LATS1,0.15185,1.7355,4.296,0.40399,0.68622,0.99553,N1,UC_vs_CD
NUP43,0.11463,0.076876,4.1956,0.018323,0.98538,0.99553,N1,UC_vs_CD
PCMT1,2.5729,0.44151,1.0398,0.42459,0.67113,0.99553,N1,UC_vs_CD
PLEKHG1,0.27464,0.50675,3.2634,0.15528,0.8766,0.99553,N1,UC_vs_CD
AKAP12,0.16001,1.7355,4.296,0.40399,0.68622,0.99553,N1,UC_vs_CD
ZBTB2,0.15185,1.7355,4.296,0.40399,0.68622,0.99553,N1,UC_vs_CD
RMND1,0.14988,-0.59457,2.8782,-0.20658,0.83634,0.99553,N1,UC_vs_CD
ARMT1,0.30105,-0.021578,3.81,-0.0056634,0.99548,0.99979,N1,UC_vs_CD
CCDC170,0.035259,0.57985,4.1749,0.13889,0.88954,0.99553,N1,UC_vs_CD
ESR1,0.11463,0.076876,4.1956,0.018323,0.98538,0.99553,N1,UC_vs_CD
SYNE1,1.8091,0.89317,1.07,0.83472,0.40388,0.99553,N1,UC_vs_CD
FBXO5,0.46815,2.6288,3.7763,0.69614,0.48634,0.99553,N1,UC_vs_CD
MTRF1L,0.65401,2.3405,2.0395,1.1476,0.25113,0.99553,N1,UC_vs_CD
RGS17,0.16526,1.7355,4.296,0.40399,0.68622,0.99553,N1,UC_vs_CD
IPCEF1,0.71278,1.2735,2.4496,0.51988,0.60315,0.99553,N1,UC_vs_CD
SCAF8,0.37485,-0.47931,2.1734,-0.22053,0.82546,0.99553,N1,UC_vs_CD
TIAM2,0.23381,0.79896,3.5449,0.22538,0.82168,0.99553,N1,UC_vs_CD
AL596202.1,0.16001,1.7355,4.296,0.40399,0.68622,0.99553,N1,UC_vs_CD
ARID1B,2.7264,1.2671,1.2398,1.0221,0.30675,0.99553,N1,UC_vs_CD
TMEM242,0.14988,-0.59457,2.8782,-0.20658,0.83634,0.99553,N1,UC_vs_CD
SNX9,0.91112,2.7939,4.1031,0.68093,0.49591,0.99553,N1,UC_vs_CD
SYNJ2,0.48238,2.3869,3.1913,0.74793,0.4545,0.99553,N1,UC_vs_CD
SERAC1,0.035259,0.57985,4.1749,0.13889,0.88954,0.99553,N1,UC_vs_CD
GTF2H5,0.59107,0.69304,2.6084,0.2657,0.79047,0.99553,N1,UC_vs_CD
TULP4,1.0187,2.4827,3.0224,0.82145,0.41139,0.99553,N1,UC_vs_CD
TMEM181,0.79532,0.19579,1.7197,0.11385,0.90936,0.99553,N1,UC_vs_CD
DYNLT1,6.7465,-0.30855,1.0733,-0.28747,0.77375,0.99553,N1,UC_vs_CD
SYTL3,1.3897,1.6997,1.4996,1.1334,0.25703,0.99553,N1,UC_vs_CD
EZR,8.5687,0.78263,0.9973,0.78474,0.4326,0.99553,N1,UC_vs_CD
RSPH3,0.16347,1.3862,2.7687,0.50066,0.61661,0.99553,N1,UC_vs_CD
AL035530.2,0.58284,-2.3913,1.8707,-1.2783,0.20115,0.99553,N1,UC_vs_CD
TAGAP,76.639,-1.3936,0.91634,-1.5208,0.1283,0.99553,N1,UC_vs_CD
AL356417.3,3.215,-3.3809,2.1272,-1.5894,0.11198,0.99553,N1,UC_vs_CD
AL078604.2,0.035259,0.57985,4.1749,0.13889,0.88954,0.99553,N1,UC_vs_CD
SOD2,548.32,-0.70291,0.63745,-1.1027,0.27016,0.99553,N1,UC_vs_CD
WTAP,13.977,-0.6753,0.65121,-1.037,0.29974,0.99553,N1,UC_vs_CD
ACAT2,0.89069,0.39814,1.362,0.29233,0.77004,0.99553,N1,UC_vs_CD
TCP1,3.0251,0.17539,1.0819,0.16211,0.87122,0.99553,N1,UC_vs_CD
MRPL18,3.0435,-0.41674,1.4644,-0.28459,0.77596,0.99553,N1,UC_vs_CD
IGF2R,5.9833,-0.85438,0.67003,-1.2751,0.20226,0.99553,N1,UC_vs_CD
AIRN,0.17958,-0.63764,2.4879,-0.25629,0.79772,0.99553,N1,UC_vs_CD
MAP3K4,0.34713,1.3196,2.3079,0.57175,0.56749,0.99553,N1,UC_vs_CD
AGPAT4,0.53738,-0.33614,3.8975,-0.086246,0.93127,0.99553,N1,UC_vs_CD
QKI,6.6873,-0.70962,0.64925,-1.093,0.2744,0.99553,N1,UC_vs_CD
SFT2D1,5.8497,-0.15665,0.76173,-0.20565,0.83707,0.99553,N1,UC_vs_CD
MPC1,2.2236,0.82626,1.3519,0.61117,0.54109,0.99553,N1,UC_vs_CD
RPS6KA2,0.035259,0.57985,4.1749,0.13889,0.88954,0.99553,N1,UC_vs_CD
RNASET2,13.163,0.22049,1.2247,0.18004,0.85712,0.99553,N1,UC_vs_CD
FGFR1OP,0.26648,0.49292,3.2388,0.15219,0.87904,0.99553,N1,UC_vs_CD
CCR6,0.60742,2.5339,4.1358,0.61266,0.5401,0.99553,N1,UC_vs_CD
AFDN,0.035259,0.57985,4.1749,0.13889,0.88954,0.99553,N1,UC_vs_CD
WDR27,0.31187,2.1139,3.0197,0.70005,0.48389,0.99553,N1,UC_vs_CD
C6orf120,0.16526,1.7355,4.296,0.40399,0.68622,0.99553,N1,UC_vs_CD
PHF10,0.42649,0.90349,2.2685,0.39828,0.69042,0.99553,N1,UC_vs_CD
TCTE3,0.16526,1.7355,4.296,0.40399,0.68622,0.99553,N1,UC_vs_CD
LINC00574,0.15185,1.7355,4.296,0.40399,0.68622,0.99553,N1,UC_vs_CD
DLL1,0.11463,0.076876,4.1956,0.018323,0.98538,0.99553,N1,UC_vs_CD
FAM120B,0.0738,0.29634,4.1055,0.072182,0.94246,0.99553,N1,UC_vs_CD
PSMB1,8.5128,1.0013,0.74784,1.3389,0.1806,0.99553,N1,UC_vs_CD
TBP,0.30813,2.1491,4.3393,0.49527,0.62041,0.99553,N1,UC_vs_CD
PDCD2,0.38927,-0.096021,3.4339,-0.027963,0.97769,0.99553,N1,UC_vs_CD
PRKAR1B,0.15185,1.7355,4.296,0.40399,0.68622,0.99553,N1,UC_vs_CD
SUN1,0.81901,1.9252,2.4426,0.78819,0.43059,0.99553,N1,UC_vs_CD
ADAP1,0.76574,0.91592,3.0157,0.30372,0.76134,0.99553,N1,UC_vs_CD
COX19,1.1271,2.8951,2.143,1.351,0.17671,0.99553,N1,UC_vs_CD
C7orf50,0.56707,-0.59032,1.8572,-0.31786,0.75059,0.99553,N1,UC_vs_CD
ZFAND2A,0.95534,0.90493,2.1619,0.41858,0.67553,0.99553,N1,UC_vs_CD
MICALL2,0.16526,1.7355,4.296,0.40399,0.68622,0.99553,N1,UC_vs_CD
MAFK,1.0894,-1.5663,1.5557,-1.0068,0.31405,0.99553,N1,UC_vs_CD
TMEM184A,0.16001,1.7355,4.296,0.40399,0.68622,0.99553,N1,UC_vs_CD
PSMG3,0.94656,0.14221,1.6899,0.08415,0.93294,0.99553,N1,UC_vs_CD
NUDT1,0.74278,1.7152,2.8794,0.59568,0.55139,0.99553,N1,UC_vs_CD
SNX8,0.76536,-1.1916,2.7483,-0.43357,0.6646,0.99553,N1,UC_vs_CD
EIF3B,0.98034,0.81072,2.107,0.38478,0.7004,0.99553,N1,UC_vs_CD
CHST12,0.26648,0.49292,3.2388,0.15219,0.87904,0.99553,N1,UC_vs_CD
LFNG,1.4306,3.8109,2.3168,1.6449,0.099994,0.99553,N1,UC_vs_CD
BRAT1,0.12821,2.147,4.3394,0.49477,0.62076,0.99553,N1,UC_vs_CD
IQCE,0.18843,-0.92039,3.1557,-0.29166,0.77055,0.99553,N1,UC_vs_CD
GNA12,0.22565,0.79989,3.5133,0.22768,0.8199,0.99553,N1,UC_vs_CD
AP5Z1,2.2802,-1.1175,0.98924,-1.1296,0.25864,0.99553,N1,UC_vs_CD
RBAK-RBAKDN,0.11463,0.076876,4.1956,0.018323,0.98538,0.99553,N1,UC_vs_CD
RBAK,0.0738,0.29634,4.1055,0.072182,0.94246,0.99553,N1,UC_vs_CD
WIPI2,0.62099,1.1396,2.7367,0.41639,0.67712,0.99553,N1,UC_vs_CD
TNRC18,0.62041,2.0781,2.3657,0.8784,0.37973,0.99553,N1,UC_vs_CD
FBXL18,0.20052,0.9601,3.1736,0.30253,0.76225,0.99553,N1,UC_vs_CD
ACTB,298.54,-0.38231,0.4991,-0.76601,0.44367,0.99553,N1,UC_vs_CD
RNF216,0.79815,0.53973,2.7971,0.19296,0.84699,0.99553,N1,UC_vs_CD
CCZ1,0.34028,-0.37373,2.3837,-0.15679,0.87541,0.99553,N1,UC_vs_CD
PMS2,0.28822,2.5291,3.2881,0.76917,0.44179,0.99553,N1,UC_vs_CD
AIMP2,0.54719,1.7045,2.6626,0.64015,0.52207,0.99553,N1,UC_vs_CD
EIF2AK1,1.1383,3.0407,2.2123,1.3745,0.16929,0.99553,N1,UC_vs_CD
USP42,1.0087,-0.49391,2.0335,-0.24289,0.80809,0.99553,N1,UC_vs_CD
RAC1,6.6372,0.70222,0.72693,0.966,0.33404,0.99553,N1,UC_vs_CD
DAGLB,0.31712,2.1207,3.0327,0.69927,0.48438,0.99553,N1,UC_vs_CD
KDELR2,3.3657,0.12823,1.0655,0.12035,0.90421,0.99553,N1,UC_vs_CD
ZDHHC4,0.35529,1.3328,3.6732,0.36284,0.71673,0.99553,N1,UC_vs_CD
C7orf26,0.30813,2.1491,4.3393,0.49527,0.62041,0.99553,N1,UC_vs_CD
ZNF316,3.4199,0.62158,0.73072,0.85064,0.39497,0.99553,N1,UC_vs_CD
ZNF12,0.70278,1.7989,2.0156,0.89249,0.37213,0.99553,N1,UC_vs_CD
CCZ1B,0.26451,-1.246,3.0658,-0.40642,0.68443,0.99553,N1,UC_vs_CD
C1GALT1,1.1966,0.56697,1.4871,0.38125,0.70302,0.99553,N1,UC_vs_CD
RPA3,2.0211,0.19875,2.4324,0.081709,0.93488,0.99553,N1,UC_vs_CD
UMAD1,0.74292,0.79539,1.8902,0.4208,0.6739,0.99553,N1,UC_vs_CD
GLCCI1,1.8024,0.74535,2.5359,0.29392,0.76882,0.99553,N1,UC_vs_CD
NDUFA4,12.153,1.0717,0.98681,1.086,0.27747,0.99553,N1,UC_vs_CD
PHF14,0.20052,0.9601,3.1736,0.30253,0.76225,0.99553,N1,UC_vs_CD
TMEM106B,0.52055,1.5946,2.3808,0.66978,0.503,0.99553,N1,UC_vs_CD
ARL4A,1.3166,-0.10466,1.1924,-0.087767,0.93006,0.99553,N1,UC_vs_CD
ANKMY2,0.11463,0.076876,4.1956,0.018323,0.98538,0.99553,N1,UC_vs_CD
BZW2,0.32003,2.1244,4.2058,0.50511,0.61349,0.99553,N1,UC_vs_CD
TSPAN13,0.50865,1.9132,2.5254,0.75757,0.44871,0.99553,N1,UC_vs_CD
AGR2,1.8489,-0.36849,2.0134,-0.18301,0.85479,0.99553,N1,UC_vs_CD
AHR,2.0252,1.3629,2.2425,0.60776,0.54334,0.99553,N1,UC_vs_CD
AC073332.1,0.035259,0.57985,4.1749,0.13889,0.88954,0.99553,N1,UC_vs_CD
SNX13,1.4973,1.6049,1.5685,1.0232,0.30621,0.99553,N1,UC_vs_CD
HDAC9,0.46991,0.28543,2.384,0.11973,0.9047,0.99553,N1,UC_vs_CD
TWISTNB,2.7603,1.2748,1.4634,0.87115,0.38367,0.99553,N1,UC_vs_CD
MACC1,0.035259,0.57985,4.1749,0.13889,0.88954,0.99553,N1,UC_vs_CD
AC004130.1,0.28822,2.5291,3.2881,0.76917,0.44179,0.99553,N1,UC_vs_CD
SP4,1.0992,1.8409,1.784,1.0319,0.30213,0.99553,N1,UC_vs_CD
CDCA7L,0.16001,1.7355,4.296,0.40399,0.68622,0.99553,N1,UC_vs_CD
IL6,1.0764,2.9049,3.718,0.78133,0.43461,0.99553,N1,UC_vs_CD
TOMM7,10.402,0.93808,0.69518,1.3494,0.17721,0.99553,N1,UC_vs_CD
FAM126A,0.49898,1.5767,2.3522,0.67031,0.50266,0.99553,N1,UC_vs_CD
KLHL7,0.035259,0.57985,4.1749,0.13889,0.88954,0.99553,N1,UC_vs_CD
NUPL2,0.16001,1.7355,4.296,0.40399,0.68622,0.99553,N1,UC_vs_CD
GPNMB,0.37751,1.2275,3.9546,0.3104,0.75626,0.99553,N1,UC_vs_CD
MALSU1,0.58802,1.3344,2.8117,0.4746,0.63507,0.99553,N1,UC_vs_CD
IGF2BP3,0.12821,2.147,4.3394,0.49477,0.62076,0.99553,N1,UC_vs_CD
TRA2A,5.1488,-0.13006,0.67385,-0.19301,0.84695,0.99553,N1,UC_vs_CD
CCDC126,0.74769,-0.039798,1.4042,-0.028343,0.97739,0.99553,N1,UC_vs_CD
GSDME,0.15185,1.7355,4.296,0.40399,0.68622,0.99553,N1,UC_vs_CD
OSBPL3,0.34961,0.013401,3.4172,0.0039216,0.99687,0.99979,N1,UC_vs_CD
CYCS,4.8885,0.90362,1.2033,0.75097,0.45267,0.99553,N1,UC_vs_CD
C7orf31,0.32528,2.1316,3.0535,0.69809,0.48512,0.99553,N1,UC_vs_CD
AC010719.1,0.0738,0.29634,4.1055,0.072182,0.94246,0.99553,N1,UC_vs_CD
NFE2L3,0.8133,0.68013,2.0652,0.32933,0.74191,0.99553,N1,UC_vs_CD
AC004520.1,0.14988,-0.59457,2.8782,-0.20658,0.83634,0.99553,N1,UC_vs_CD
HNRNPA2B1,27.411,0.039334,0.45092,0.087231,0.93049,0.99553,N1,UC_vs_CD
CBX3,4.4481,0.46658,1.0882,0.42875,0.66811,0.99553,N1,UC_vs_CD
SNX10,9.8333,-0.54163,0.73078,-0.74116,0.4586,0.99553,N1,UC_vs_CD
SKAP2,9.6364,-0.14563,0.68372,-0.213,0.83133,0.99553,N1,UC_vs_CD
HOTAIRM1,1.8634,-1.4569,1.5908,-0.91584,0.35975,0.99553,N1,UC_vs_CD
TAX1BP1,7.9307,0.20576,0.70998,0.28981,0.77196,0.99553,N1,UC_vs_CD
JAZF1,0.070518,0.17302,4.0786,0.042422,0.96616,0.99553,N1,UC_vs_CD
CREB5,6.8168,-0.098067,0.5935,-0.16524,0.86876,0.99553,N1,UC_vs_CD
CPVL,0.55618,1.5876,2.587,0.61367,0.53944,0.99553,N1,UC_vs_CD
CHN2,0.16526,1.7355,4.296,0.40399,0.68622,0.99553,N1,UC_vs_CD
FKBP14,0.19527,0.95987,3.1507,0.30465,0.76063,0.99553,N1,UC_vs_CD
PLEKHA8,0.70721,2.1674,2.1901,0.98964,0.32235,0.99553,N1,UC_vs_CD
ZNRF2,0.16001,1.7355,4.296,0.40399,0.68622,0.99553,N1,UC_vs_CD
LINC01176,0.16347,1.3862,2.7687,0.50066,0.61661,0.99553,N1,UC_vs_CD
AC006027.1,0.0738,0.29634,4.1055,0.072182,0.94246,0.99553,N1,UC_vs_CD
GGCT,0.16001,1.7355,4.296,0.40399,0.68622,0.99553,N1,UC_vs_CD
GARS,1.6024,-2.1098,1.8795,-1.1225,0.26163,0.99553,N1,UC_vs_CD
PPP1R17,0.16526,1.7355,4.296,0.40399,0.68622,0.99553,N1,UC_vs_CD
LSM5,2.2447,-0.5023,1.9409,-0.2588,0.79579,0.99553,N1,UC_vs_CD
AVL9,1.0214,-1.195,1.3287,-0.89935,0.36847,0.99553,N1,UC_vs_CD
KBTBD2,1.5937,-1.468,1.0831,-1.3553,0.17532,0.99553,N1,UC_vs_CD
NT5C3A,1.1983,-1.3471,1.2916,-1.043,0.29696,0.99553,N1,UC_vs_CD
RP9,0.18514,-0.97652,2.8755,-0.3396,0.73416,0.99553,N1,UC_vs_CD
DPY19L1,0.035259,0.57985,4.1749,0.13889,0.88954,0.99553,N1,UC_vs_CD
HERPUD2,0.94504,-0.49506,1.5869,-0.31197,0.75506,0.99553,N1,UC_vs_CD
SEPT7,8.2321,0.34086,0.80317,0.42439,0.67128,0.99553,N1,UC_vs_CD
EEPD1,0.90155,1.4101,1.6048,0.87868,0.37957,0.99553,N1,UC_vs_CD
ANLN,0.0738,0.29634,4.1055,0.072182,0.94246,0.99553,N1,UC_vs_CD
AOAH,1.9973,1.4747,1.8767,0.78581,0.43198,0.99553,N1,UC_vs_CD
ELMO1,0.436,0.6932,1.8039,0.38427,0.70078,0.99553,N1,UC_vs_CD
ELMO1-AS1,0.035259,0.57985,4.1749,0.13889,0.88954,0.99553,N1,UC_vs_CD
GPR141,0.53016,0.10665,1.6974,0.06283,0.9499,0.99553,N1,UC_vs_CD
NME8,0.20201,1.0374,3.076,0.33725,0.73593,0.99553,N1,UC_vs_CD
STARD3NL,0.64807,-0.63483,1.498,-0.42379,0.67172,0.99553,N1,UC_vs_CD
TRGC2,0.17629,-0.58892,3.9481,-0.14916,0.88142,0.99553,N1,UC_vs_CD
TRGC1,1.9501,-2.1495,1.7564,-1.2238,0.22103,0.99553,N1,UC_vs_CD
TRGV8,0.16001,1.7355,4.296,0.40399,0.68622,0.99553,N1,UC_vs_CD
VPS41,0.35041,-0.54514,2.2339,-0.24404,0.8072,0.99553,N1,UC_vs_CD
RALA,0.43958,0.64557,2.5,0.25823,0.79623,0.99553,N1,UC_vs_CD
LINC00265,0.035259,0.57985,4.1749,0.13889,0.88954,0.99553,N1,UC_vs_CD
CDK13,1.1373,1.0002,1.2992,0.76989,0.44137,0.99553,N1,UC_vs_CD
MPLKIP,0.46292,0.5824,1.8314,0.31802,0.75047,0.99553,N1,UC_vs_CD
INHBA,6.0993,0.6152,1.8085,0.34016,0.73373,0.99553,N1,UC_vs_CD
PSMA2,2.527,-0.20469,1.1444,-0.17887,0.85804,0.99553,N1,UC_vs_CD
MRPL32,0.99243,2.0599,2.0206,1.0194,0.308,0.99553,N1,UC_vs_CD
STK17A,1.1579,-1.1468,1.9502,-0.58802,0.55652,0.99553,N1,UC_vs_CD
COA1,1.3117,1.1722,1.758,0.66681,0.5049,0.99553,N1,UC_vs_CD
BLVRA,0.85781,2.4645,2.1897,1.1255,0.26037,0.99553,N1,UC_vs_CD
URGCP,0.19527,0.95987,3.1507,0.30465,0.76063,0.99553,N1,UC_vs_CD
AC004951.1,0.68138,0.80156,2.8031,0.28596,0.77491,0.99553,N1,UC_vs_CD
DBNL,1.8751,-0.36894,0.97483,-0.37846,0.70509,0.99553,N1,UC_vs_CD
POLM,0.26907,0.25928,2.2471,0.11538,0.90814,0.99553,N1,UC_vs_CD
POLD2,0.83898,0.67629,1.9343,0.34962,0.72662,0.99553,N1,UC_vs_CD
YKT6,0.54357,0.10849,1.7062,0.063586,0.9493,0.99553,N1,UC_vs_CD
NUDCD3,0.19527,0.95987,3.1507,0.30465,0.76063,0.99553,N1,UC_vs_CD
DDX56,0.23381,0.79896,3.5449,0.22538,0.82168,0.99553,N1,UC_vs_CD
TMED4,2.3987,0.78204,1.2278,0.63693,0.52417,0.99553,N1,UC_vs_CD
OGDH,0.66227,0.10842,1.5984,0.06783,0.94592,0.99553,N1,UC_vs_CD
ZMIZ2,1.0225,2.2675,1.4895,1.5224,0.12791,0.99553,N1,UC_vs_CD
PPIA,7.438,2.6363,0.96498,2.732,0.0062955,0.99553,N1,UC_vs_CD
H2AFV,2.1524,-0.27332,1.2594,-0.21703,0.82818,0.99553,N1,UC_vs_CD
LINC01952,0.0738,0.29634,4.1055,0.072182,0.94246,0.99553,N1,UC_vs_CD
PURB,4.6203,0.20334,0.66953,0.30371,0.76135,0.99553,N1,UC_vs_CD
AC004854.2,0.84185,-0.7757,1.3915,-0.55744,0.57722,0.99553,N1,UC_vs_CD
MYO1G,1.6978,3.732,1.6795,2.2221,0.026277,0.99553,N1,UC_vs_CD
SNHG15,0.83795,1.236,2.6892,0.4596,0.6458,0.99553,N1,UC_vs_CD
CCM2,0.20052,0.9601,3.1736,0.30253,0.76225,0.99553,N1,UC_vs_CD
TBRG4,0.53105,1.592,3.9179,0.40634,0.68449,0.99553,N1,UC_vs_CD
TNS3,0.45999,2.6284,3.7508,0.70074,0.48347,0.99553,N1,UC_vs_CD
HUS1,0.15185,1.7355,4.296,0.40399,0.68622,0.99553,N1,UC_vs_CD
UPP1,9.0935,0.26828,1.1158,0.24043,0.80999,0.99553,N1,UC_vs_CD
IKZF1,2.9319,-2.1514,1.079,-1.9939,0.046163,0.99553,N1,UC_vs_CD
FIGNL1,0.32003,2.1244,4.2058,0.50511,0.61349,0.99553,N1,UC_vs_CD
SEC61G,14.037,1.4159,1.1901,1.1897,0.23417,0.99553,N1,UC_vs_CD
LANCL2,0.16526,1.7355,4.296,0.40399,0.68622,0.99553,N1,UC_vs_CD
VOPP1,2.5954,-0.26831,1.2785,-0.20987,0.83377,0.99553,N1,UC_vs_CD
ZNF713,0.16526,1.7355,4.296,0.40399,0.68622,0.99553,N1,UC_vs_CD
NIPSNAP2,1.0201,1.4158,2.3209,0.61003,0.54184,0.99553,N1,UC_vs_CD
MRPS17,0.0738,0.29634,4.1055,0.072182,0.94246,0.99553,N1,UC_vs_CD
PSPH,0.5034,1.9119,2.5157,0.75997,0.44727,0.99553,N1,UC_vs_CD
CCT6A,0.82868,2.5401,2.1436,1.185,0.23602,0.99553,N1,UC_vs_CD
SUMF2,0.30761,-0.0017928,3.8441,-0.00046637,0.99963,0.99979,N1,UC_vs_CD
PHKG1,0.62816,3.0923,3.9964,0.77377,0.43907,0.99553,N1,UC_vs_CD
CHCHD2,11.379,0.53771,0.93133,0.57736,0.5637,0.99553,N1,UC_vs_CD
ZNF736,0.30433,-0.071221,2.1401,-0.033279,0.97345,0.99553,N1,UC_vs_CD
ZNF680,0.16001,1.7355,4.296,0.40399,0.68622,0.99553,N1,UC_vs_CD
ZNF107,0.64772,0.69673,1.8118,0.38455,0.70057,0.99553,N1,UC_vs_CD
ZNF138,0.14988,-0.59457,2.8782,-0.20658,0.83634,0.99553,N1,UC_vs_CD
AC073349.1,0.12821,2.147,4.3394,0.49477,0.62076,0.99553,N1,UC_vs_CD
ZNF117,2.6656,1.1372,1.1248,1.011,0.31202,0.99553,N1,UC_vs_CD
ERV3-1,3.3211,0.40498,0.86771,0.46673,0.64069,0.99553,N1,UC_vs_CD
ZNF92,0.39383,1.2613,3.9508,0.31926,0.74953,0.99553,N1,UC_vs_CD
VKORC1L1,0.23727,0.71493,2.0629,0.34656,0.72892,0.99553,N1,UC_vs_CD
GUSB,0.61011,0.88527,2.0603,0.42967,0.66743,0.99553,N1,UC_vs_CD
ASL,0.67391,2.3866,2.7337,0.87302,0.38265,0.99553,N1,UC_vs_CD
CRCP,0.35529,1.3328,3.6732,0.36284,0.71673,0.99553,N1,UC_vs_CD
TPST1,0.31187,2.1139,3.0197,0.70005,0.48389,0.99553,N1,UC_vs_CD
AC008267.5,0.16526,1.7355,4.296,0.40399,0.68622,0.99553,N1,UC_vs_CD
KCTD7,0.337,-0.54757,2.2116,-0.24759,0.80445,0.99553,N1,UC_vs_CD
RABGEF1,2.4112,-0.75253,1.0625,-0.70828,0.47877,0.99553,N1,UC_vs_CD
AC027644.3,0.42569,-0.71487,1.8467,-0.38711,0.69868,0.99553,N1,UC_vs_CD
AC073335.2,0.15185,1.7355,4.296,0.40399,0.68622,0.99553,N1,UC_vs_CD
TMEM248,1.0928,-0.51663,1.288,-0.40112,0.68833,0.99553,N1,UC_vs_CD
SBDS,1.5521,-1.0622,1.6342,-0.65,0.51569,0.99553,N1,UC_vs_CD
TYW1,0.22565,0.79989,3.5133,0.22768,0.8199,0.99553,N1,UC_vs_CD
AC006480.2,0.43174,0.90967,2.2741,0.40001,0.68915,0.99553,N1,UC_vs_CD
POM121,0.50554,0.13341,1.9684,0.067775,0.94596,0.99553,N1,UC_vs_CD
NSUN5,0.5882,3.2402,2.5789,1.2564,0.20896,0.99553,N1,UC_vs_CD
FKBP6,0.17958,-0.63764,2.4879,-0.25629,0.79772,0.99553,N1,UC_vs_CD
BAZ1B,0.54143,-0.22968,3.7427,-0.061368,0.95107,0.99553,N1,UC_vs_CD
BCL7B,0.39092,1.2838,2.4754,0.51861,0.60403,0.99553,N1,UC_vs_CD
TBL2,0.35238,1.3243,2.3132,0.57248,0.567,0.99553,N1,UC_vs_CD
DNAJC30,0.20201,1.0374,3.076,0.33725,0.73593,0.99553,N1,UC_vs_CD
BUD23,1.1234,3.2761,2.2584,1.4506,0.14688,0.99553,N1,UC_vs_CD
STX1A,0.15185,1.7355,4.296,0.40399,0.68622,0.99553,N1,UC_vs_CD
ABHD11,0.16001,1.7355,4.296,0.40399,0.68622,0.99553,N1,UC_vs_CD
CLDN3,0.22925,-0.75796,4.1396,-0.1831,0.85472,0.99553,N1,UC_vs_CD
CLDN4,0.035259,0.57985,4.1749,0.13889,0.88954,0.99553,N1,UC_vs_CD
LIMK1,0.0738,0.29634,4.1055,0.072182,0.94246,0.99553,N1,UC_vs_CD
EIF4H,2.4813,1.0136,1.086,0.93335,0.35064,0.99553,N1,UC_vs_CD
LAT2,3.9081,1.289,0.94151,1.3691,0.17097,0.99553,N1,UC_vs_CD
RFC2,0.32003,2.1244,4.2058,0.50511,0.61349,0.99553,N1,UC_vs_CD
GTF2I,2.3134,0.54893,1.3528,0.40576,0.68492,0.99553,N1,UC_vs_CD
NCF1,9.8421,-1.4854,1.053,-1.4106,0.15837,0.99553,N1,UC_vs_CD
GTF2IRD2,0.16001,1.7355,4.296,0.40399,0.68622,0.99553,N1,UC_vs_CD
RCC1L,0.16001,1.7355,4.296,0.40399,0.68622,0.99553,N1,UC_vs_CD
TRIM73,0.27432,0.25917,2.2534,0.11501,0.90844,0.99553,N1,UC_vs_CD
POM121C,0.21812,-0.78126,2.4483,-0.3191,0.74965,0.99553,N1,UC_vs_CD
HIP1,2.8947,-0.017482,0.90023,-0.01942,0.98451,0.99553,N1,UC_vs_CD
RHBDD2,1.6626,1.1642,1.4861,0.78338,0.4334,0.99553,N1,UC_vs_CD
POR,2.3456,-0.29209,0.91934,-0.31772,0.7507,0.99553,N1,UC_vs_CD
TMEM120A,1.4111,-0.65514,1.2647,-0.51801,0.60445,0.99553,N1,UC_vs_CD
STYXL1,0.32003,2.1244,4.2058,0.50511,0.61349,0.99553,N1,UC_vs_CD
MDH2,1.5156,1.5186,1.5777,0.9625,0.3358,0.99553,N1,UC_vs_CD
SRRM3,0.035259,0.57985,4.1749,0.13889,0.88954,0.99553,N1,UC_vs_CD
HSPB1,1.0061,1.2997,2.605,0.49892,0.61783,0.99553,N1,UC_vs_CD
YWHAG,1.9997,-0.21674,1.1432,-0.1896,0.84962,0.99553,N1,UC_vs_CD
DTX2,0.27432,0.25917,2.2534,0.11501,0.90844,0.99553,N1,UC_vs_CD
POMZP3,0.10578,-0.14974,4.0165,-0.037281,0.97026,0.99553,N1,UC_vs_CD
CCDC146,0.5818,0.99027,1.9717,0.50224,0.6155,0.99553,N1,UC_vs_CD
FGL2,7.7652,0.83375,1.1752,0.70946,0.47804,0.99553,N1,UC_vs_CD
GSAP,1.0551,-1.2737,1.4453,-0.88125,0.37818,0.99553,N1,UC_vs_CD
AC004921.1,0.0738,0.29634,4.1055,0.072182,0.94246,0.99553,N1,UC_vs_CD
PTPN12,6.0831,-0.78212,0.64161,-1.219,0.22285,0.99553,N1,UC_vs_CD
APTR,0.52853,-0.51118,2.4105,-0.21207,0.83206,0.99553,N1,UC_vs_CD
RSBN1L,1.8469,0.1396,1.5041,0.09281,0.92605,0.99553,N1,UC_vs_CD
TMEM60,0.77444,1.334,2.06,0.64759,0.51725,0.99553,N1,UC_vs_CD
PHTF2,0.10578,-0.14974,4.0165,-0.037281,0.97026,0.99553,N1,UC_vs_CD
CD36,0.56959,1.592,3.9179,0.40634,0.68449,0.99553,N1,UC_vs_CD
SEMA3C,0.11463,0.076876,4.1956,0.018323,0.98538,0.99553,N1,UC_vs_CD
HGF,0.22237,0.52589,3.4052,0.15444,0.87726,0.99553,N1,UC_vs_CD
DMTF1,0.82052,2.4509,1.907,1.2852,0.19872,0.99553,N1,UC_vs_CD
TMEM243,2.22,2.5951,1.5442,1.6806,0.092849,0.99553,N1,UC_vs_CD
TP53TG1,0.18711,0.95949,3.1139,0.30814,0.75798,0.99553,N1,UC_vs_CD
CROT,0.18843,-0.92039,3.1557,-0.29166,0.77055,0.99553,N1,UC_vs_CD
ABCB4,0.15185,1.7355,4.296,0.40399,0.68622,0.99553,N1,UC_vs_CD
ABCB1,0.16001,1.7355,4.296,0.40399,0.68622,0.99553,N1,UC_vs_CD
SLC25A40,0.35874,1.2646,2.2293,0.56728,0.57052,0.99553,N1,UC_vs_CD
DBF4,0.61817,0.34929,1.9492,0.1792,0.85778,0.99553,N1,UC_vs_CD
SRI,4.0304,-0.22806,1.1964,-0.19063,0.84882,0.99553,N1,UC_vs_CD
AC003991.2,0.16526,1.7355,4.296,0.40399,0.68622,0.99553,N1,UC_vs_CD
AC003991.1,0.19527,0.95987,3.1507,0.30465,0.76063,0.99553,N1,UC_vs_CD
STEAP4,19.147,-0.82743,0.42434,-1.9499,0.051187,0.99553,N1,UC_vs_CD
STEAP1,0.16526,1.7355,4.296,0.40399,0.68622,0.99553,N1,UC_vs_CD
GTPBP10,0.46372,2.3673,3.1517,0.7511,0.45259,0.99553,N1,UC_vs_CD
CLDN12,0.31187,2.1139,3.0197,0.70005,0.48389,0.99553,N1,UC_vs_CD
CDK14,0.87262,1.7417,1.5295,1.1387,0.25482,0.99553,N1,UC_vs_CD
AC002456.1,0.23578,0.5275,3.4637,0.15229,0.87896,0.99553,N1,UC_vs_CD
AKAP9,3.2265,-0.79713,1.2795,-0.623,0.53329,0.99553,N1,UC_vs_CD
KRIT1,0.992,1.0863,1.7615,0.61669,0.53744,0.99553,N1,UC_vs_CD
ANKIB1,0.80842,0.8347,1.8188,0.45894,0.64628,0.99553,N1,UC_vs_CD
GATAD1,0.98709,1.1372,1.8114,0.62779,0.53014,0.99553,N1,UC_vs_CD
RBM48,0.31187,2.1139,3.0197,0.70005,0.48389,0.99553,N1,UC_vs_CD
FAM133B,7.6896,0.01664,0.83044,0.020037,0.98401,0.99553,N1,UC_vs_CD
CDK6,0.38141,-0.37825,3.8257,-0.09887,0.92124,0.99553,N1,UC_vs_CD
SAMD9,5.1408,-0.59972,0.99072,-0.60534,0.54495,0.99553,N1,UC_vs_CD
SAMD9L,5.5283,-2.153,1.1515,-1.8698,0.061512,0.99553,N1,UC_vs_CD
HEPACAM2,0.0738,0.29634,4.1055,0.072182,0.94246,0.99553,N1,UC_vs_CD
BET1,0.90097,1.0949,2.1293,0.51421,0.60711,0.99553,N1,UC_vs_CD
COL1A2,0.11463,0.076876,4.1956,0.018323,0.98538,0.99553,N1,UC_vs_CD
CASD1,0.28006,2.5294,3.2581,0.77633,0.43755,0.99553,N1,UC_vs_CD
SGCE,0.16001,1.7355,4.296,0.40399,0.68622,0.99553,N1,UC_vs_CD
PPP1R9A,0.31187,2.1139,3.0197,0.70005,0.48389,0.99553,N1,UC_vs_CD
PDK4,0.035259,0.57985,4.1749,0.13889,0.88954,0.99553,N1,UC_vs_CD
SLC25A13,2.389,-1.4514,1.3828,-1.0496,0.29388,0.99553,N1,UC_vs_CD
SEM1,5.4507,0.89819,1.142,0.78654,0.43155,0.99553,N1,UC_vs_CD
SDHAF3,1.8274,-0.43155,1.37,-0.31499,0.75277,0.99553,N1,UC_vs_CD
ASNS,0.4575,-1.1122,1.9053,-0.58376,0.55938,0.99553,N1,UC_vs_CD
LMTK2,0.6277,-0.49004,1.8052,-0.27147,0.78603,0.99553,N1,UC_vs_CD
TECPR1,0.0738,0.29634,4.1055,0.072182,0.94246,0.99553,N1,UC_vs_CD
BRI3,10.715,-0.84934,0.92032,-0.92288,0.35607,0.99553,N1,UC_vs_CD
TRRAP,0.78999,0.75288,2.0227,0.37222,0.70973,0.99553,N1,UC_vs_CD
SMURF1,0.27464,0.50675,3.2634,0.15528,0.8766,0.99553,N1,UC_vs_CD
AC004922.1,0.0738,0.29634,4.1055,0.072182,0.94246,0.99553,N1,UC_vs_CD
ARPC1A,1.2814,1.1135,1.9689,0.56553,0.57171,0.99553,N1,UC_vs_CD
ARPC1B,8.8109,0.32038,0.65094,0.49218,0.62259,0.99553,N1,UC_vs_CD
PDAP1,3.5394,1.3495,0.87915,1.535,0.12478,0.99553,N1,UC_vs_CD
BUD31,3.1555,0.85278,0.87935,0.96978,0.33216,0.99553,N1,UC_vs_CD
PTCD1,0.21484,-0.8033,2.5625,-0.31348,0.75392,0.99553,N1,UC_vs_CD
ATP5MF,6.6022,1.4953,0.73444,2.0359,0.041757,0.99553,N1,UC_vs_CD
ZNF789,0.46815,2.6288,3.7763,0.69614,0.48634,0.99553,N1,UC_vs_CD
ZNF394,1.9068,0.19323,1.1192,0.17265,0.86293,0.99553,N1,UC_vs_CD
ZKSCAN5,0.40827,2.9811,3.5459,0.84071,0.40051,0.99553,N1,UC_vs_CD
ZNF655,0.97811,0.044443,1.7827,0.02493,0.98011,0.99553,N1,UC_vs_CD
TMEM225B,0.035259,0.57985,4.1749,0.13889,0.88954,0.99553,N1,UC_vs_CD
CYP3A5,0.15185,1.7355,4.296,0.40399,0.68622,0.99553,N1,UC_vs_CD
TRIM4,0.54371,-0.3133,1.9249,-0.16276,0.87071,0.99553,N1,UC_vs_CD
ZKSCAN1,0.78847,-1.2678,1.8012,-0.70389,0.4815,0.99553,N1,UC_vs_CD
ZNF3,0.5836,1.1864,2.2621,0.52447,0.59995,0.99553,N1,UC_vs_CD
COPS6,1.2735,1.717,1.354,1.2681,0.20477,0.99553,N1,UC_vs_CD
MCM7,0.52055,1.5946,2.3808,0.66978,0.503,0.99553,N1,UC_vs_CD
TAF6,0.27464,0.50675,3.2634,0.15528,0.8766,0.99553,N1,UC_vs_CD
LAMTOR4,14.007,0.24796,0.7354,0.33718,0.73598,0.99553,N1,UC_vs_CD
C7orf43,0.23906,0.79839,3.5646,0.22398,0.82277,0.99553,N1,UC_vs_CD
GAL3ST4,0.0738,0.29634,4.1055,0.072182,0.94246,0.99553,N1,UC_vs_CD
PILRB,1.343,0.40581,1.4272,0.28434,0.77615,0.99553,N1,UC_vs_CD
PILRA,6.2205,-0.80961,0.62756,-1.2901,0.19702,0.99553,N1,UC_vs_CD
ZCWPW1,0.070518,0.17302,4.0786,0.042422,0.96616,0.99553,N1,UC_vs_CD
MEPCE,1.5863,-1.0191,1.0717,-0.95092,0.34164,0.99553,N1,UC_vs_CD
PPP1R35,0.25338,-0.94162,2.3743,-0.3966,0.69167,0.99553,N1,UC_vs_CD
TSC22D4,2.7007,-0.21084,1.1061,-0.19062,0.84882,0.99553,N1,UC_vs_CD
SAP25,0.35058,1.2631,2.2148,0.57031,0.56847,0.99553,N1,UC_vs_CD
LRCH4,1.2077,-0.062709,2.0415,-0.030716,0.9755,0.99553,N1,UC_vs_CD
GNB2,6.2122,-0.090547,0.73661,-0.12293,0.90217,0.99553,N1,UC_vs_CD
GIGYF1,0.58636,0.9504,1.8961,0.50124,0.6162,0.99553,N1,UC_vs_CD
POP7,0.30813,2.1491,4.3393,0.49527,0.62041,0.99553,N1,UC_vs_CD
EPHB4,0.12821,2.147,4.3394,0.49477,0.62076,0.99553,N1,UC_vs_CD
SLC12A9,1.4207,1.714,1.2364,1.3863,0.16567,0.99553,N1,UC_vs_CD
TRIP6,0.16001,1.7355,4.296,0.40399,0.68622,0.99553,N1,UC_vs_CD
SRRT,1.0281,2.0835,1.856,1.1226,0.26163,0.99553,N1,UC_vs_CD
MUC3A,0.19527,0.95987,3.1507,0.30465,0.76063,0.99553,N1,UC_vs_CD
MUC12,0.22368,-1.1647,2.1972,-0.53008,0.59605,0.99553,N1,UC_vs_CD
TRIM56,3.0189,-1.4923,1.1926,-1.2513,0.21081,0.99553,N1,UC_vs_CD
SERPINE1,0.15185,1.7355,4.296,0.40399,0.68622,0.99553,N1,UC_vs_CD
AP1S1,0.16001,1.7355,4.296,0.40399,0.68622,0.99553,N1,UC_vs_CD
PLOD3,0.0738,0.29634,4.1055,0.072182,0.94246,0.99553,N1,UC_vs_CD
ZNHIT1,3.3822,0.96004,0.79285,1.2109,0.22594,0.99553,N1,UC_vs_CD
CLDN15,0.45573,0.7041,3.6704,0.19183,0.84787,0.99553,N1,UC_vs_CD
FIS1,4.3347,1.2615,1.0842,1.1636,0.2446,0.99553,N1,UC_vs_CD
IFT22,0.5153,1.5743,3.9208,0.40152,0.68804,0.99553,N1,UC_vs_CD
CUX1,1.5497,0.4139,1.4066,0.29425,0.76857,0.99553,N1,UC_vs_CD
SH2B2,0.20201,1.0374,3.076,0.33725,0.73593,0.99553,N1,UC_vs_CD
PRKRIP1,1.0914,1.9356,1.8859,1.0264,0.30472,0.99553,N1,UC_vs_CD
ORAI2,2.6048,0.1553,1.1969,0.12976,0.89676,0.99553,N1,UC_vs_CD
LRWD1,0.0738,0.29634,4.1055,0.072182,0.94246,0.99553,N1,UC_vs_CD
POLR2J,4.8443,0.080502,0.92168,0.087342,0.9304,0.99553,N1,UC_vs_CD
POLR2J3-1,4.4956,1.0881,1.0559,1.0305,0.3028,0.99553,N1,UC_vs_CD
RASA4,0.30813,2.1491,4.3393,0.49527,0.62041,0.99553,N1,UC_vs_CD
FBXL13,0.23727,0.71493,2.0629,0.34656,0.72892,0.99553,N1,UC_vs_CD
NFE4,0.84915,-1.4454,1.8297,-0.78997,0.42954,0.99553,N1,UC_vs_CD
ARMC10,0.16526,1.7355,4.296,0.40399,0.68622,0.99553,N1,UC_vs_CD
NAPEPLD,0.12821,2.147,4.3394,0.49477,0.62076,0.99553,N1,UC_vs_CD
PMPCB,1.0205,0.43454,1.4942,0.29082,0.77119,0.99553,N1,UC_vs_CD
PSMC2,0.36202,1.5516,2.4306,0.63838,0.52322,0.99553,N1,UC_vs_CD
AC007384.1,0.71422,0.0092101,1.6496,0.0055832,0.99555,0.99979,N1,UC_vs_CD
LINC01004,0.18514,-0.97652,2.8755,-0.3396,0.73416,0.99553,N1,UC_vs_CD
KMT2E-AS1,1.5551,-1.5938,1.2696,-1.2554,0.20935,0.99553,N1,UC_vs_CD
KMT2E,9.3637,0.60842,0.63893,0.95224,0.34097,0.99553,N1,UC_vs_CD
SRPK2,2.3294,-1.5237,1.1422,-1.3339,0.18223,0.99553,N1,UC_vs_CD
PUS7,0.15185,1.7355,4.296,0.40399,0.68622,0.99553,N1,UC_vs_CD
RINT1,0.0738,0.29634,4.1055,0.072182,0.94246,0.99553,N1,UC_vs_CD
ATXN7L1,0.16001,1.7355,4.296,0.40399,0.68622,0.99553,N1,UC_vs_CD
SYPL1,0.75108,0.77624,2.7394,0.28337,0.7769,0.99553,N1,UC_vs_CD
NAMPT,487.95,-0.59107,0.52712,-1.1213,0.26216,0.99553,N1,UC_vs_CD
AC007032.1,6.0814,-0.69152,0.66911,-1.0335,0.30137,0.99553,N1,UC_vs_CD
CCDC71L,2.242,-0.51819,0.96051,-0.5395,0.58954,0.99553,N1,UC_vs_CD
PIK3CG,1.8335,0.90856,1.1172,0.81325,0.41607,0.99553,N1,UC_vs_CD
PRKAR2B,0.30813,2.1491,4.3393,0.49527,0.62041,0.99553,N1,UC_vs_CD
HBP1,4.4196,0.48579,0.65893,0.73723,0.46098,0.99553,N1,UC_vs_CD
COG5,0.651,0.81232,1.9388,0.41898,0.67523,0.99553,N1,UC_vs_CD
DUS4L,0.035259,0.57985,4.1749,0.13889,0.88954,0.99553,N1,UC_vs_CD
BCAP29,0.80482,0.98457,1.6041,0.61378,0.53936,0.99553,N1,UC_vs_CD
CBLL1,0.63881,2.0519,1.8408,1.1147,0.26499,0.99553,N1,UC_vs_CD
SLC26A3,0.14432,-0.42113,2.4698,-0.17051,0.86461,0.99553,N1,UC_vs_CD
DLD,0.56632,1.2282,1.9849,0.6188,0.53605,0.99553,N1,UC_vs_CD
LAMB1,0.30761,-0.0017928,3.8441,-0.00046637,0.99963,0.99979,N1,UC_vs_CD
PNPLA8,22.464,-0.19489,0.56492,-0.34498,0.73011,0.99553,N1,UC_vs_CD
THAP5,2.6336,-0.43291,0.90164,-0.48013,0.63113,0.99553,N1,UC_vs_CD
DNAJB9,5.7544,-1.1937,0.76626,-1.5578,0.11929,0.99553,N1,UC_vs_CD
IMMP2L,0.16001,1.7355,4.296,0.40399,0.68622,0.99553,N1,UC_vs_CD
LRRN3,0.16526,1.7355,4.296,0.40399,0.68622,0.99553,N1,UC_vs_CD
DOCK4,3.6171,-0.82118,0.82194,-0.99908,0.31776,0.99553,N1,UC_vs_CD
ZNF277,2.0842,-1.0812,1.1152,-0.96956,0.33227,0.99553,N1,UC_vs_CD
IFRD1,12.26,0.20144,0.5385,0.37408,0.70835,0.99553,N1,UC_vs_CD
LSMEM1,0.8911,-1.2845,1.8038,-0.7121,0.47641,0.99553,N1,UC_vs_CD
TMEM168,0.55093,1.5985,2.0649,0.77415,0.43884,0.99553,N1,UC_vs_CD
BMT2,0.14432,-0.42113,2.4698,-0.17051,0.86461,0.99553,N1,UC_vs_CD
MDFIC,1.0191,2.625,1.9061,1.3772,0.16846,0.99553,N1,UC_vs_CD
TFEC,1.4403,-1.7362,1.1666,-1.4883,0.13668,0.99553,N1,UC_vs_CD
TES,2.8686,1.1478,1.2968,0.88512,0.37609,0.99553,N1,UC_vs_CD
CAV1,0.34516,-0.54607,2.2253,-0.24539,0.80616,0.99553,N1,UC_vs_CD
MET,0.11463,0.076876,4.1956,0.018323,0.98538,0.99553,N1,UC_vs_CD
CAPZA2,8.4209,-0.23778,0.68594,-0.34665,0.72886,0.99553,N1,UC_vs_CD
LSM8,2.754,0.59531,1.732,0.34371,0.73106,0.99553,N1,UC_vs_CD
ING3,1.4275,-2.3076,1.3004,-1.7745,0.075975,0.99553,N1,UC_vs_CD
FAM3C,0.61948,0.46812,2.7396,0.17087,0.86433,0.99553,N1,UC_vs_CD
AASS,0.16001,1.7355,4.296,0.40399,0.68622,0.99553,N1,UC_vs_CD
CADPS2,0.16526,1.7355,4.296,0.40399,0.68622,0.99553,N1,UC_vs_CD
IQUB,0.0738,0.29634,4.1055,0.072182,0.94246,0.99553,N1,UC_vs_CD
NDUFA5,0.99342,0.45954,2.0644,0.2226,0.82384,0.99553,N1,UC_vs_CD
WASL,0.10906,-0.1236,2.6028,-0.047487,0.96213,0.99553,N1,UC_vs_CD
AC006333.2,0.18711,0.95949,3.1139,0.30814,0.75798,0.99553,N1,UC_vs_CD
POT1,0.035259,0.57985,4.1749,0.13889,0.88954,0.99553,N1,UC_vs_CD
ZNF800,1.3813,2.0127,1.2234,1.6451,0.099949,0.99553,N1,UC_vs_CD
GCC1,0.30958,-0.070584,2.1467,-0.03288,0.97377,0.99553,N1,UC_vs_CD
ARF5,0.80031,0.53731,1.9255,0.27905,0.78021,0.99553,N1,UC_vs_CD
SND1,0.95602,0.019041,1.845,0.01032,0.99177,0.99889,N1,UC_vs_CD
SND1-IT1,0.94299,1.524,1.674,0.91042,0.3626,0.99553,N1,UC_vs_CD
LRRC4,0.43634,2.8476,3.2624,0.87286,0.38274,0.99553,N1,UC_vs_CD
RBM28,0.32348,1.7502,2.304,0.75963,0.44748,0.99553,N1,UC_vs_CD
IMPDH1,2.0783,0.81306,1.5388,0.52839,0.59723,0.99553,N1,UC_vs_CD
HILPDA,2.1897,-1.1991,1.3351,-0.89815,0.36911,0.99553,N1,UC_vs_CD
METTL2B,0.74803,1.678,2.1874,0.76713,0.443,0.99553,N1,UC_vs_CD
AC090114.2,0.10906,-0.1236,2.6028,-0.047487,0.96213,0.99553,N1,UC_vs_CD
AC018638.7,0.070518,0.17302,4.0786,0.042422,0.96616,0.99553,N1,UC_vs_CD
CALU,1.0999,0.070305,1.3737,0.051179,0.95918,0.99553,N1,UC_vs_CD
KCP,0.46815,2.6288,3.7763,0.69614,0.48634,0.99553,N1,UC_vs_CD
ATP6V1F,6.0227,0.59849,0.82434,0.72602,0.46782,0.99553,N1,UC_vs_CD
TNPO3,1.7237,1.1307,1.1747,0.96257,0.33577,0.99553,N1,UC_vs_CD
AHCYL2,0.26907,0.25928,2.2471,0.11538,0.90814,0.99553,N1,UC_vs_CD
NRF1,0.035259,0.57985,4.1749,0.13889,0.88954,0.99553,N1,UC_vs_CD
UBE2H,4.6437,1.0699,0.7502,1.4261,0.15384,0.99553,N1,UC_vs_CD
AC073320.1,0.33631,-0.21731,3.8449,-0.056519,0.95493,0.99553,N1,UC_vs_CD
ZC3HC1,0.32528,2.1316,3.0535,0.69809,0.48512,0.99553,N1,UC_vs_CD
KLHDC10,0.32528,2.1316,3.0535,0.69809,0.48512,0.99553,N1,UC_vs_CD
TMEM209,0.12821,2.147,4.3394,0.49477,0.62076,0.99553,N1,UC_vs_CD
COPG2,0.035259,0.57985,4.1749,0.13889,0.88954,0.99553,N1,UC_vs_CD
AC016831.7,3.6508,-0.97179,0.93991,-1.0339,0.30118,0.99553,N1,UC_vs_CD
LINC00513,3.1439,-0.61395,1.0594,-0.57955,0.56222,0.99553,N1,UC_vs_CD
AC016831.1,18.779,-0.98991,0.70836,-1.3975,0.16227,0.99553,N1,UC_vs_CD
AC016831.5,11.82,0.47007,0.61092,0.76945,0.44162,0.99553,N1,UC_vs_CD
AC058791.1,3.9399,1.0348,1.7378,0.59543,0.55155,0.99553,N1,UC_vs_CD
MKLN1,1.8206,-0.62353,1.1159,-0.55877,0.57632,0.99553,N1,UC_vs_CD
CHCHD3,0.63666,0.77357,2.0617,0.3752,0.70751,0.99553,N1,UC_vs_CD
EXOC4,1.0651,2.0557,1.8613,1.1044,0.2694,0.99553,N1,UC_vs_CD
SLC35B4,0.11463,0.076876,4.1956,0.018323,0.98538,0.99553,N1,UC_vs_CD
AKR1B1,1.0764,4.0047,2.9766,1.3454,0.1785,0.99553,N1,UC_vs_CD
BPGM,0.0738,0.29634,4.1055,0.072182,0.94246,0.99553,N1,UC_vs_CD
CYREN,0.22237,0.52589,3.4052,0.15444,0.87726,0.99553,N1,UC_vs_CD
TMEM140,4.1876,-2.2615,1.0535,-2.1466,0.031829,0.99553,N1,UC_vs_CD
AC083862.2,0.99142,-1.1682,1.4839,-0.78726,0.43113,0.99553,N1,UC_vs_CD
WDR91,0.22368,-1.1647,2.1972,-0.53008,0.59605,0.99553,N1,UC_vs_CD
CNOT4,1.145,1.524,1.3858,1.0997,0.27145,0.99553,N1,UC_vs_CD
NUP205,0.30813,2.1491,4.3393,0.49527,0.62041,0.99553,N1,UC_vs_CD
STMP1,2.6727,-0.42692,0.89459,-0.47723,0.6332,0.99553,N1,UC_vs_CD
MTPN,6.1037,-0.26666,0.69796,-0.38205,0.70242,0.99553,N1,UC_vs_CD
CREB3L2,1.884,2.9416,3.4431,0.85435,0.39291,0.99553,N1,UC_vs_CD
TRIM24,0.31664,-0.12544,2.3932,-0.052413,0.9582,0.99553,N1,UC_vs_CD
ZC3HAV1,4.2355,-2.5581,1.3824,-1.8505,0.064239,0.99553,N1,UC_vs_CD
UBN2,1.4342,0.66193,1.234,0.53641,0.59168,0.99553,N1,UC_vs_CD
FMC1,0.30813,2.1491,4.3393,0.49527,0.62041,0.99553,N1,UC_vs_CD
LUC7L2,0.54457,-0.11296,1.9471,-0.058016,0.95374,0.99553,N1,UC_vs_CD
HIPK2,2.2968,1.4034,1.067,1.3152,0.18844,0.99553,N1,UC_vs_CD
TBXAS1,3.7151,-0.60256,1.0637,-0.56645,0.57109,0.99553,N1,UC_vs_CD
PARP12,0.42749,-0.94998,2.5041,-0.37937,0.70441,0.99553,N1,UC_vs_CD
KDM7A,0.8396,-0.36245,1.4355,-0.25249,0.80066,0.99553,N1,UC_vs_CD
SLC37A3,0.20201,1.0374,3.076,0.33725,0.73593,0.99553,N1,UC_vs_CD
MKRN1,1.6392,-0.22412,1.8212,-0.12306,0.90206,0.99553,N1,UC_vs_CD
DENND2A,0.035259,0.57985,4.1749,0.13889,0.88954,0.99553,N1,UC_vs_CD
ADCK2,0.42909,0.63412,2.4833,0.25535,0.79845,0.99553,N1,UC_vs_CD
NDUFB2,4.5052,1.1714,1.0822,1.0824,0.27905,0.99553,N1,UC_vs_CD
NDUFB2-AS1,0.16001,1.7355,4.296,0.40399,0.68622,0.99553,N1,UC_vs_CD
BRAF,4.9521,0.5012,0.65866,0.76095,0.44669,0.99553,N1,UC_vs_CD
MRPS33,1.3051,0.2589,1.2062,0.21465,0.83004,0.99553,N1,UC_vs_CD
AGK,0.26648,0.49292,3.2388,0.15219,0.87904,0.99553,N1,UC_vs_CD
KIAA1147,0.95344,3.5161,2.8208,1.2465,0.21259,0.99553,N1,UC_vs_CD
WEE2-AS1,0.035259,0.57985,4.1749,0.13889,0.88954,0.99553,N1,UC_vs_CD
SSBP1,4.9243,1.6081,0.89833,1.7901,0.073432,0.99553,N1,UC_vs_CD
TAS2R4,0.16526,1.7355,4.296,0.40399,0.68622,0.99553,N1,UC_vs_CD
MGAM,4.2953,0.43644,1.2312,0.35449,0.72297,0.99553,N1,UC_vs_CD
CLEC5A,1.3521,2.0984,1.5586,1.3463,0.1782,0.99553,N1,UC_vs_CD
MGAM2,0.11463,0.076876,4.1956,0.018323,0.98538,0.99553,N1,UC_vs_CD
TRBV20-1,0.16001,1.7355,4.296,0.40399,0.68622,0.99553,N1,UC_vs_CD
MTRNR2L6,0.11463,0.076876,4.1956,0.018323,0.98538,0.99553,N1,UC_vs_CD
TRBC1,1.0828,2.7267,2.1972,1.241,0.21461,0.99553,N1,UC_vs_CD
TRBC2,2.0402,3.9744,3.013,1.3191,0.18715,0.99553,N1,UC_vs_CD
GSTK1,1.9168,-0.21859,1.1402,-0.19171,0.84797,0.99553,N1,UC_vs_CD
CASP2,0.38193,1.2016,3.5543,0.33806,0.73532,0.99553,N1,UC_vs_CD
AC093673.1,0.035259,0.57985,4.1749,0.13889,0.88954,0.99553,N1,UC_vs_CD
ZYX,4.2426,-0.22489,0.67473,-0.33331,0.7389,0.99553,N1,UC_vs_CD
EPHA1-AS1,0.31187,2.1139,3.0197,0.70005,0.48389,0.99553,N1,UC_vs_CD
TCAF2,0.39579,0.83656,2.333,0.35858,0.71991,0.99553,N1,UC_vs_CD
TCAF1,0.0738,0.29634,4.1055,0.072182,0.94246,0.99553,N1,UC_vs_CD
TPK1,0.81247,-0.42962,1.8773,-0.22885,0.81899,0.99553,N1,UC_vs_CD
CUL1,0.71094,1.8031,2.0215,0.89198,0.3724,0.99553,N1,UC_vs_CD
EZH2,1.0185,-1.8497,1.8425,-1.0039,0.31544,0.99553,N1,UC_vs_CD
PDIA4,3.0168,0.82595,1.263,0.65398,0.51312,0.99553,N1,UC_vs_CD
ZNF398,0.20201,1.0374,3.076,0.33725,0.73593,0.99553,N1,UC_vs_CD
ZNF783,0.1476,-0.38372,3.978,-0.09646,0.92315,0.99553,N1,UC_vs_CD
ZNF746,0.16526,1.7355,4.296,0.40399,0.68622,0.99553,N1,UC_vs_CD
ZNF467,1.6475,-1.3345,1.7086,-0.78103,0.43479,0.99553,N1,UC_vs_CD
ATP6V0E2,0.32003,2.1244,4.2058,0.50511,0.61349,0.99553,N1,UC_vs_CD
RARRES2,0.16001,1.7355,4.296,0.40399,0.68622,0.99553,N1,UC_vs_CD
REPIN1,0.9609,-0.034448,1.5885,-0.021685,0.9827,0.99553,N1,UC_vs_CD
AC073111.5,0.31515,-0.14493,2.2684,-0.063888,0.94906,0.99553,N1,UC_vs_CD
LINC00996,0.2952,-1.0126,3.8965,-0.25987,0.79497,0.99553,N1,UC_vs_CD
GIMAP8,0.0738,0.29634,4.1055,0.072182,0.94246,0.99553,N1,UC_vs_CD
GIMAP7,0.34516,-0.54607,2.2253,-0.24539,0.80616,0.99553,N1,UC_vs_CD
GIMAP4,1.9453,3.0271,1.4292,2.118,0.034178,0.99553,N1,UC_vs_CD
GIMAP2,0.53106,1.8794,2.7288,0.68871,0.49101,0.99553,N1,UC_vs_CD
GIMAP1,0.16001,1.7355,4.296,0.40399,0.68622,0.99553,N1,UC_vs_CD
TMEM176B,1.3551,2.3348,1.8272,1.2778,0.20132,0.99553,N1,UC_vs_CD
TMEM176A,0.49997,0.089121,1.9169,0.046493,0.96292,0.99553,N1,UC_vs_CD
AOC1,0.10906,-0.1236,2.6028,-0.047487,0.96213,0.99553,N1,UC_vs_CD
ATG9B,0.035259,0.57985,4.1749,0.13889,0.88954,0.99553,N1,UC_vs_CD
ABCB8,0.16001,1.7355,4.296,0.40399,0.68622,0.99553,N1,UC_vs_CD
SLC4A2,0.66342,2.3686,2.7185,0.87127,0.38361,0.99553,N1,UC_vs_CD
FASTK,0.50686,1.6418,2.0651,0.79503,0.4266,0.99553,N1,UC_vs_CD
TMUB1,0.55643,-2.5167,1.9449,-1.294,0.19566,0.99553,N1,UC_vs_CD
AGAP3,1.0446,-1.1411,1.8126,-0.62953,0.529,0.99553,N1,UC_vs_CD
CHPF2,1.2454,1.2102,1.8293,0.66155,0.50826,0.99553,N1,UC_vs_CD
SMARCD3,0.0738,0.29634,4.1055,0.072182,0.94246,0.99553,N1,UC_vs_CD
NUB1,2.5295,0.16749,1.0245,0.16348,0.87014,0.99553,N1,UC_vs_CD
RHEB,2.7974,-2.3783,1.7269,-1.3772,0.16844,0.99553,N1,UC_vs_CD
PRKAG2,0.97337,-1.5901,2.1482,-0.74019,0.45919,0.99553,N1,UC_vs_CD
GALNT11,0.17958,-0.63764,2.4879,-0.25629,0.79772,0.99553,N1,UC_vs_CD
KMT2C,6.024,0.24331,0.76929,0.31628,0.75179,0.99553,N1,UC_vs_CD
LINC01003,0.56479,0.16551,2.2271,0.074318,0.94076,0.99553,N1,UC_vs_CD
XRCC2,0.16001,1.7355,4.296,0.40399,0.68622,0.99553,N1,UC_vs_CD
ACTR3B,0.16001,1.7355,4.296,0.40399,0.68622,0.99553,N1,UC_vs_CD
PAXIP1,0.035259,0.57985,4.1749,0.13889,0.88954,0.99553,N1,UC_vs_CD
INSIG1,4.3411,-0.69753,0.97928,-0.71229,0.47629,0.99553,N1,UC_vs_CD
AC009403.1,0.035259,0.57985,4.1749,0.13889,0.88954,0.99553,N1,UC_vs_CD
RBM33,4.1459,2.2232,1.388,1.6018,0.1092,0.99553,N1,UC_vs_CD
RNF32,0.035259,0.57985,4.1749,0.13889,0.88954,0.99553,N1,UC_vs_CD
AC005534.1,0.16001,1.7355,4.296,0.40399,0.68622,0.99553,N1,UC_vs_CD
LMBR1,0.27432,0.25917,2.2534,0.11501,0.90844,0.99553,N1,UC_vs_CD
NOM1,0.16001,1.7355,4.296,0.40399,0.68622,0.99553,N1,UC_vs_CD
MNX1,0.035259,0.57985,4.1749,0.13889,0.88954,0.99553,N1,UC_vs_CD
UBE3C,1.2276,0.098597,2.2698,0.043439,0.96535,0.99553,N1,UC_vs_CD
DNAJB6,7.5987,-0.42662,0.73265,-0.5823,0.56037,0.99553,N1,UC_vs_CD
PTPRN2,0.79653,1.0554,1.4532,0.72624,0.46769,0.99553,N1,UC_vs_CD
AC011899.2,0.035259,0.57985,4.1749,0.13889,0.88954,0.99553,N1,UC_vs_CD
ESYT2,0.27104,0.22533,3.684,0.061164,0.95123,0.99553,N1,UC_vs_CD
WDR60,0.0738,0.29634,4.1055,0.072182,0.94246,0.99553,N1,UC_vs_CD
PLCXD1,0.25763,0.22355,3.6305,0.061575,0.9509,0.99553,N1,UC_vs_CD
GTPBP6,0.38193,1.2016,3.5543,0.33806,0.73532,0.99553,N1,UC_vs_CD
LINC00685,0.57606,-0.57646,1.6112,-0.35778,0.72051,0.99553,N1,UC_vs_CD
PPP2R3B,0.57036,-0.68137,2.6516,-0.25696,0.79721,0.99553,N1,UC_vs_CD
CRLF2,0.15185,1.7355,4.296,0.40399,0.68622,0.99553,N1,UC_vs_CD
CSF2RA,2.2238,1.1348,2.0636,0.5499,0.58239,0.99553,N1,UC_vs_CD
IL3RA,4.4325,-0.74105,0.95761,-0.77385,0.43902,0.99553,N1,UC_vs_CD
SLC25A6,5.9374,1.6899,1.0347,1.6333,0.10242,0.99553,N1,UC_vs_CD
ASMTL-AS1,0.20052,0.9601,3.1736,0.30253,0.76225,0.99553,N1,UC_vs_CD
ASMTL,0.61592,0.89679,1.6097,0.55713,0.57744,0.99553,N1,UC_vs_CD
P2RY8,1.1453,1.3274,1.3979,0.94957,0.34233,0.99553,N1,UC_vs_CD
AKAP17A,1.6373,1.7784,1.4813,1.2006,0.22991,0.99553,N1,UC_vs_CD
DHRSX,0.32946,-1.7623,2.0429,-0.86262,0.38834,0.99553,N1,UC_vs_CD
ZBED1,0.6192,1.0051,1.7345,0.57949,0.56226,0.99553,N1,UC_vs_CD
CD99,1.317,-0.12172,1.2524,-0.097188,0.92258,0.99553,N1,UC_vs_CD
ARSD,0.23906,0.79839,3.5646,0.22398,0.82277,0.99553,N1,UC_vs_CD
PRKX,0.85989,1.9179,2.6721,0.71775,0.47291,0.99553,N1,UC_vs_CD
FAM239A,0.16001,1.7355,4.296,0.40399,0.68622,0.99553,N1,UC_vs_CD
PUDP,0.46815,2.6288,3.7763,0.69614,0.48634,0.99553,N1,UC_vs_CD
TBL1X,2.6327,0.39807,0.96992,0.41041,0.6815,0.99553,N1,UC_vs_CD
WWC3,0.79674,-0.65194,1.9416,-0.33577,0.73704,0.99553,N1,UC_vs_CD
HCCS,0.4835,2.0946,2.4814,0.84409,0.39862,0.99553,N1,UC_vs_CD
MSL3,2.5447,-1.2773,0.92132,-1.3864,0.16564,0.99553,N1,UC_vs_CD
PRPS2,0.58094,0.87519,1.946,0.44974,0.65289,0.99553,N1,UC_vs_CD
TLR8,1.9432,-1.1979,1.2753,-0.93931,0.34757,0.99553,N1,UC_vs_CD
TMSB4X,207.32,0.22094,0.4769,0.46328,0.64317,0.99553,N1,UC_vs_CD
LINC02154,0.38785,-1.2862,3.8693,-0.3324,0.73958,0.99553,N1,UC_vs_CD
TCEANC,0.22368,-1.1647,2.1972,-0.53008,0.59605,0.99553,N1,UC_vs_CD
RAB9A,0.52245,-1.0211,2.0574,-0.49631,0.61968,0.99553,N1,UC_vs_CD
TRAPPC2,0.40104,0.90858,3.8724,0.23463,0.8145,0.99553,N1,UC_vs_CD
OFD1,0.69477,-0.725,1.5456,-0.46906,0.63902,0.99553,N1,UC_vs_CD
GPM6B,0.16526,1.7355,4.296,0.40399,0.68622,0.99553,N1,UC_vs_CD
FANCB,0.0738,0.29634,4.1055,0.072182,0.94246,0.99553,N1,UC_vs_CD
MOSPD2,0.98966,-1.6918,1.5373,-1.1004,0.27114,0.99553,N1,UC_vs_CD
ASB9,0.0738,0.29634,4.1055,0.072182,0.94246,0.99553,N1,UC_vs_CD
PIGA,0.25763,0.22355,3.6305,0.061575,0.9509,0.99553,N1,UC_vs_CD
CA5B,0.51338,0.04869,2.5845,0.018839,0.98497,0.99553,N1,UC_vs_CD
ZRSR2,0.15185,1.7355,4.296,0.40399,0.68622,0.99553,N1,UC_vs_CD
AP1S2,1.8156,0.3249,1.0136,0.32053,0.74857,0.99553,N1,UC_vs_CD
SYAP1,7.0362,0.24937,0.65506,0.38068,0.70344,0.99553,N1,UC_vs_CD
TXLNG,0.23906,0.79839,3.5646,0.22398,0.82277,0.99553,N1,UC_vs_CD
RBBP7,0.57934,-0.50286,2.012,-0.24993,0.80264,0.99553,N1,UC_vs_CD
REPS2,0.84807,0.086655,1.7537,0.049413,0.96059,0.99553,N1,UC_vs_CD
NHS,0.10578,-0.14974,4.0165,-0.037281,0.97026,0.99553,N1,UC_vs_CD
SCML1,0.10578,-0.14974,4.0165,-0.037281,0.97026,0.99553,N1,UC_vs_CD
CDKL5,0.035259,0.57985,4.1749,0.13889,0.88954,0.99553,N1,UC_vs_CD
PHKA2,0.23727,0.71493,2.0629,0.34656,0.72892,0.99553,N1,UC_vs_CD
PDHA1,0.41896,-0.99016,1.8388,-0.53847,0.59025,0.99553,N1,UC_vs_CD
MAP3K15,0.0738,0.29634,4.1055,0.072182,0.94246,0.99553,N1,UC_vs_CD
SH3KBP1,3.7461,-0.40766,0.78635,-0.51842,0.60416,0.99553,N1,UC_vs_CD
BCLAF3,0.55971,-2.5144,2.2381,-1.1235,0.26123,0.99553,N1,UC_vs_CD
EIF1AX,2.4904,0.97551,1.2761,0.76444,0.44461,0.99553,N1,UC_vs_CD
RPS6KA3,3.3071,0.20153,0.84686,0.23798,0.8119,0.99553,N1,UC_vs_CD
MBTPS2,0.035259,0.57985,4.1749,0.13889,0.88954,0.99553,N1,UC_vs_CD
YY2,0.16526,1.7355,4.296,0.40399,0.68622,0.99553,N1,UC_vs_CD
SMS,1.1275,0.0056861,1.2996,0.0043754,0.99651,0.99979,N1,UC_vs_CD
PRDX4,11.368,0.43103,1.0716,0.40224,0.68751,0.99553,N1,UC_vs_CD
ACOT9,2.0712,0.28434,1.1069,0.25687,0.79728,0.99553,N1,UC_vs_CD
SAT1,622.72,-0.68091,0.56027,-1.2153,0.22424,0.99553,N1,UC_vs_CD
APOO,0.16001,1.7355,4.296,0.40399,0.68622,0.99553,N1,UC_vs_CD
KLHL15,0.60454,1.0818,1.7901,0.60431,0.54564,0.99553,N1,UC_vs_CD
EIF2S3,3.6023,0.31728,1.0676,0.2972,0.76632,0.99553,N1,UC_vs_CD
ZFX,0.97947,-1.2125,2.0722,-0.58512,0.55846,0.99553,N1,UC_vs_CD
PDK3,0.25894,-1.4133,2.0923,-0.67547,0.49937,0.99553,N1,UC_vs_CD
POLA1,0.32003,2.1244,4.2058,0.50511,0.61349,0.99553,N1,UC_vs_CD
CXorf21,1.5337,-0.27114,1.1501,-0.23575,0.81362,0.99553,N1,UC_vs_CD
GK,67.643,-0.95788,0.58931,-1.6254,0.10407,0.99553,N1,UC_vs_CD
GK-AS1,0.17958,-0.63764,2.4879,-0.25629,0.79772,0.99553,N1,UC_vs_CD
TAB3,1.061,-0.28142,1.2753,-0.22067,0.82535,0.99553,N1,UC_vs_CD
TAB3-AS2,0.035259,0.57985,4.1749,0.13889,0.88954,0.99553,N1,UC_vs_CD
CYBB,5.2474,1.0959,1.1769,0.93125,0.35173,0.99553,N1,UC_vs_CD
DYNLT3,1.3084,0.54483,1.1792,0.46205,0.64405,0.99553,N1,UC_vs_CD
RPGR,1.6466,0.20758,1.2149,0.17087,0.86433,0.99553,N1,UC_vs_CD
MID1IP1,2.1394,1.7395,1.5611,1.1143,0.26516,0.99553,N1,UC_vs_CD
BCOR,0.93286,1.7121,1.8128,0.94449,0.34492,0.99553,N1,UC_vs_CD
ATP6AP2,4.5697,-0.060228,0.72765,-0.08277,0.93403,0.99553,N1,UC_vs_CD
CXorf38,0.80858,-1.2171,2.9195,-0.41687,0.67677,0.99553,N1,UC_vs_CD
MED14,0.22237,0.52589,3.4052,0.15444,0.87726,0.99553,N1,UC_vs_CD
MED14OS,0.30813,2.1491,4.3393,0.49527,0.62041,0.99553,N1,UC_vs_CD
USP9X,4.5091,0.60291,0.66464,0.90712,0.36434,0.99553,N1,UC_vs_CD
DDX3X,25.686,-0.33543,0.45191,-0.74225,0.45794,0.99553,N1,UC_vs_CD
NYX,0.11463,0.076876,4.1956,0.018323,0.98538,0.99553,N1,UC_vs_CD
CASK,0.23906,0.79839,3.5646,0.22398,0.82277,0.99553,N1,UC_vs_CD
GPR34,0.0738,0.29634,4.1055,0.072182,0.94246,0.99553,N1,UC_vs_CD
PPP1R2C,3.1321,-11.676,12.258,-0.95248,,,N1,UC_vs_CD
NDP,0.30371,2.096,4.2116,0.49768,0.61871,0.99553,N1,UC_vs_CD
FUNDC1,0.16001,1.7355,4.296,0.40399,0.68622,0.99553,N1,UC_vs_CD
KDM6A,0.65746,2.0765,2.519,0.82435,0.40974,0.99553,N1,UC_vs_CD
MIR222HG,2.0361,2.5094,1.8058,1.3897,0.16463,0.99553,N1,UC_vs_CD
AC234772.3,0.035259,0.57985,4.1749,0.13889,0.88954,0.99553,N1,UC_vs_CD
ZNF674,0.36472,-1.891,2.0477,-0.92348,0.35576,0.99553,N1,UC_vs_CD
ZNF674-AS1,0.18711,0.95949,3.1139,0.30814,0.75798,0.99553,N1,UC_vs_CD
CHST7,0.035259,0.57985,4.1749,0.13889,0.88954,0.99553,N1,UC_vs_CD
RP2,2.2763,-0.11509,0.87791,-0.1311,0.8957,0.99553,N1,UC_vs_CD
NDUFB11,7.2817,0.82876,1.1617,0.7134,0.4756,0.99553,N1,UC_vs_CD
RBM10,0.49054,2.3956,3.2087,0.74659,0.45531,0.99553,N1,UC_vs_CD
UBA1,2.3875,3.343,1.3632,2.4523,0.014195,0.99553,N1,UC_vs_CD
CDK16,0.65429,1.8375,2.6554,0.69201,0.48893,0.99553,N1,UC_vs_CD
USP11,1.0974,4.0213,2.9915,1.3442,0.17887,0.99553,N1,UC_vs_CD
ARAF,0.64239,2.5901,2.4004,1.079,0.28058,0.99553,N1,UC_vs_CD
SYN1,0.15185,1.7355,4.296,0.40399,0.68622,0.99553,N1,UC_vs_CD
TIMP1,44.095,2.4842,1.0776,2.3053,0.021152,0.99553,N1,UC_vs_CD
CFP,2.0333,1.4621,1.02,1.4333,0.15176,0.99553,N1,UC_vs_CD
ELK1,0.47484,0.2877,2.4582,0.11704,0.90683,0.99553,N1,UC_vs_CD
UXT,3.7027,-0.36019,0.98188,-0.36683,0.71374,0.99553,N1,UC_vs_CD
ZNF182,0.30813,2.1491,4.3393,0.49527,0.62041,0.99553,N1,UC_vs_CD
SLC38A5,0.70669,-0.10011,2.9155,-0.034338,0.97261,0.99553,N1,UC_vs_CD
FTSJ1,0.16526,1.7355,4.296,0.40399,0.68622,0.99553,N1,UC_vs_CD
PORCN,0.11463,0.076876,4.1956,0.018323,0.98538,0.99553,N1,UC_vs_CD
EBP,0.84058,1.9327,2.6319,0.73433,0.46275,0.99553,N1,UC_vs_CD
TBC1D25,0.16001,1.7355,4.296,0.40399,0.68622,0.99553,N1,UC_vs_CD
RBM3,5.4611,0.49268,0.71146,0.69249,0.48863,0.99553,N1,UC_vs_CD
WDR13,0.57835,1.1809,2.2558,0.52349,0.60063,0.99553,N1,UC_vs_CD
WAS,5.0723,-0.14271,0.82318,-0.17336,0.86237,0.99553,N1,UC_vs_CD
HDAC6,0.61948,0.46812,2.7396,0.17087,0.86433,0.99553,N1,UC_vs_CD
TIMM17B,2.6889,1.4038,1.6179,0.86767,0.38557,0.99553,N1,UC_vs_CD
PQBP1,1.5498,4.5812,2.5085,1.8262,0.067813,0.99553,N1,UC_vs_CD
SLC35A2,0.27432,0.25917,2.2534,0.11501,0.90844,0.99553,N1,UC_vs_CD
PIM2,5.4271,0.098347,0.95447,0.10304,0.91793,0.99553,N1,UC_vs_CD
OTUD5,1.4235,-2.1253,1.8704,-1.1362,0.25585,0.99553,N1,UC_vs_CD
GRIPAP1,1.6608,-0.19777,1.2335,-0.16033,0.87262,0.99553,N1,UC_vs_CD
TFE3,2.3885,-1.8063,1.1507,-1.5698,0.11646,0.99553,N1,UC_vs_CD
CCDC120,0.11463,0.076876,4.1956,0.018323,0.98538,0.99553,N1,UC_vs_CD
PRAF2,0.76908,-0.074943,1.5307,-0.048961,0.96095,0.99553,N1,UC_vs_CD
WDR45,1.8522,-0.57825,1.4419,-0.40104,0.68839,0.99553,N1,UC_vs_CD
MAGIX,0.035259,0.57985,4.1749,0.13889,0.88954,0.99553,N1,UC_vs_CD
PLP2,2.7132,-0.24735,0.93243,-0.26527,0.7908,0.99553,N1,UC_vs_CD
SYP,0.035259,0.57985,4.1749,0.13889,0.88954,0.99553,N1,UC_vs_CD
CCDC22,0.16001,1.7355,4.296,0.40399,0.68622,0.99553,N1,UC_vs_CD
GSPT2,0.42276,0.78781,4.0144,0.19624,0.84442,0.99553,N1,UC_vs_CD
MAGED1,1.48,1.7171,1.9819,0.86635,0.3863,0.99553,N1,UC_vs_CD
TSPYL2,0.26579,0.22466,3.6635,0.061323,0.9511,0.99553,N1,UC_vs_CD
KDM5C,0.70974,-0.44284,1.5927,-0.27805,0.78098,0.99553,N1,UC_vs_CD
SMC1A,1.342,1.0815,1.5111,0.71571,0.47417,0.99553,N1,UC_vs_CD
HSD17B10,1.9345,1.3821,1.6271,0.84943,0.39564,0.99553,N1,UC_vs_CD
HUWE1,1.0769,1.3452,1.5641,0.86003,0.38977,0.99553,N1,UC_vs_CD
PHF8,0.5424,1.0822,2.4481,0.44208,0.65843,0.99553,N1,UC_vs_CD
TSR2,0.51239,1.6012,2.0101,0.79658,0.42569,0.99553,N1,UC_vs_CD
MAGED2,0.45573,0.7041,3.6704,0.19183,0.84787,0.99553,N1,UC_vs_CD
APEX2,0.16001,1.7355,4.296,0.40399,0.68622,0.99553,N1,UC_vs_CD
MTRNR2L10,0.92253,-1.7192,1.4444,-1.1902,0.23395,0.99553,N1,UC_vs_CD
MAGEH1,0.38927,-0.096021,3.4339,-0.027963,0.97769,0.99553,N1,UC_vs_CD
RRAGB,0.42452,-0.73004,2.2514,-0.32427,0.74574,0.99553,N1,UC_vs_CD
AL445472.1,0.1476,-0.38372,3.978,-0.09646,0.92315,0.99553,N1,UC_vs_CD
KLF8,0.0738,0.29634,4.1055,0.072182,0.94246,0.99553,N1,UC_vs_CD
UBQLN2,1.5332,-1.2032,1.1068,-1.0871,0.27698,0.99553,N1,UC_vs_CD
NBDY,1.1738,2.8846,2.3735,1.2154,0.22423,0.99553,N1,UC_vs_CD
SPIN3,0.19527,0.95987,3.1507,0.30465,0.76063,0.99553,N1,UC_vs_CD
ARHGEF9,0.22925,-0.75796,4.1396,-0.1831,0.85472,0.99553,N1,UC_vs_CD
LAS1L,0.6319,2.5623,3.3651,0.76143,0.4464,0.99553,N1,UC_vs_CD
MSN,8.6719,0.69822,0.65071,1.073,0.28326,0.99553,N1,UC_vs_CD
AL034397.3,5.9277,0.19302,0.84622,0.2281,0.81957,0.99553,N1,UC_vs_CD
YIPF6,1.9859,-0.8253,1.2615,-0.65423,0.51296,0.99553,N1,UC_vs_CD
STARD8,0.56462,0.81093,2.6904,0.30142,0.76309,0.99553,N1,UC_vs_CD
IGBP1,1.0268,0.016263,1.4504,0.011212,0.99105,0.99838,N1,UC_vs_CD
PDZD11,1.077,1.6893,1.7965,0.94033,0.34705,0.99553,N1,UC_vs_CD
DLG3,0.16001,1.7355,4.296,0.40399,0.68622,0.99553,N1,UC_vs_CD
FOXO4,0.22925,-0.75796,4.1396,-0.1831,0.85472,0.99553,N1,UC_vs_CD
IL2RG,12.408,-0.84313,0.45996,-1.833,0.066797,0.99553,N1,UC_vs_CD
MED12,0.42766,0.79337,2.488,0.31887,0.74982,0.99553,N1,UC_vs_CD
ZMYM3,0.0738,0.29634,4.1055,0.072182,0.94246,0.99553,N1,UC_vs_CD
NONO,1.7974,-0.28355,1.0851,-0.2613,0.79386,0.99553,N1,UC_vs_CD
TAF1,0.6285,0.82981,1.7551,0.47281,0.63635,0.99553,N1,UC_vs_CD
OGT,3.9691,0.69692,1.1791,0.59106,0.55448,0.99553,N1,UC_vs_CD
NHSL2,0.5146,-2.4689,2.0347,-1.2134,0.22498,0.99553,N1,UC_vs_CD
RTL5,0.16526,1.7355,4.296,0.40399,0.68622,0.99553,N1,UC_vs_CD
PIN4,1.5159,1.3498,3.0143,0.44779,0.6543,0.99553,N1,UC_vs_CD
RPS4X,79.415,0.99308,1.0123,0.98101,0.32659,0.99553,N1,UC_vs_CD
HDAC8,0.46815,2.6288,3.7763,0.69614,0.48634,0.99553,N1,UC_vs_CD
CHIC1,0.035259,0.57985,4.1749,0.13889,0.88954,0.99553,N1,UC_vs_CD
TSIX,0.16001,1.7355,4.296,0.40399,0.68622,0.99553,N1,UC_vs_CD
XIST,11.008,2.4217,1.3125,1.8451,0.065028,0.99553,N1,UC_vs_CD
JPX,0.68056,1.7862,2.5137,0.71058,0.47734,0.99553,N1,UC_vs_CD
FTX,1.8187,0.069268,1.1787,0.058764,0.95314,0.99553,N1,UC_vs_CD
RLIM,3.9343,-0.31823,0.86464,-0.36805,0.71284,0.99553,N1,UC_vs_CD
ABCB7,0.16001,1.7355,4.296,0.40399,0.68622,0.99553,N1,UC_vs_CD
PBDC1,0.55093,1.5985,2.0649,0.77415,0.43884,0.99553,N1,UC_vs_CD
ATRX,5.8148,0.619,0.80949,0.76468,0.44446,0.99553,N1,UC_vs_CD
MAGT1,2.2473,-0.81273,1.1724,-0.6932,0.48818,0.99553,N1,UC_vs_CD
COX7B,8.6861,0.041115,0.52613,0.078147,0.93771,0.99553,N1,UC_vs_CD
ATP7A,1.1849,-0.86809,1.4567,-0.59593,0.55122,0.99553,N1,UC_vs_CD
PGK1,13.004,-0.71071,0.61093,-1.1633,0.2447,0.99553,N1,UC_vs_CD
TAF9B,0.0738,0.29634,4.1055,0.072182,0.94246,0.99553,N1,UC_vs_CD
CYSLTR1,1.7813,-0.24102,1.2612,-0.1911,0.84845,0.99553,N1,UC_vs_CD
P2RY10,0.34713,1.3196,2.3079,0.57175,0.56749,0.99553,N1,UC_vs_CD
GPR174,0.32003,2.1244,4.2058,0.50511,0.61349,0.99553,N1,UC_vs_CD
ITM2A,1.2452,1.5889,1.4282,1.1125,0.26591,0.99553,N1,UC_vs_CD
BRWD3,1.3658,-2.3097,1.4063,-1.6424,0.1005,0.99553,N1,UC_vs_CD
HMGN5,0.16526,1.7355,4.296,0.40399,0.68622,0.99553,N1,UC_vs_CD
SH3BGRL,6.4711,-0.27446,0.5825,-0.47119,0.63751,0.99553,N1,UC_vs_CD
CHM,1.1466,-0.27747,1.679,-0.16525,0.86874,0.99553,N1,UC_vs_CD
DIAPH2,1.2223,2.2612,2.1238,1.0647,0.28702,0.99553,N1,UC_vs_CD
RPA4,0.0738,0.29634,4.1055,0.072182,0.94246,0.99553,N1,UC_vs_CD
SYTL4,0.070518,0.17302,4.0786,0.042422,0.96616,0.99553,N1,UC_vs_CD
TRMT2B,0.16001,1.7355,4.296,0.40399,0.68622,0.99553,N1,UC_vs_CD
TIMM8A,0.42276,0.78781,4.0144,0.19624,0.84442,0.99553,N1,UC_vs_CD
BTK,1.1106,0.34157,1.3141,0.25993,0.79492,0.99553,N1,UC_vs_CD
RPL36A,3.601,2.1845,1.0576,2.0656,0.038867,0.99553,N1,UC_vs_CD
GLA,6.7871,-0.28585,0.69623,-0.41057,0.68139,0.99553,N1,UC_vs_CD
HNRNPH2,6.2838,-0.34597,0.90434,-0.38256,0.70204,0.99553,N1,UC_vs_CD
ARMCX4,0.24284,0.79513,3.6848,0.21578,0.82916,0.99553,N1,UC_vs_CD
ARMCX1,0.0738,0.29634,4.1055,0.072182,0.94246,0.99553,N1,UC_vs_CD
ARMCX6,0.14432,-0.42113,2.4698,-0.17051,0.86461,0.99553,N1,UC_vs_CD
ARMCX3,4.0004,1.4144,1.5039,0.94045,0.34699,0.99553,N1,UC_vs_CD
BEX5,0.32003,2.1244,4.2058,0.50511,0.61349,0.99553,N1,UC_vs_CD
ARMCX5,0.32003,2.1244,4.2058,0.50511,0.61349,0.99553,N1,UC_vs_CD
BEX1,0.20052,0.9601,3.1736,0.30253,0.76225,0.99553,N1,UC_vs_CD
BEX4,0.34844,-0.37546,2.3977,-0.15659,0.87556,0.99553,N1,UC_vs_CD
TCEAL8,0.93121,0.15283,2.2245,0.068701,0.94523,0.99553,N1,UC_vs_CD
BEX2,0.36578,1.3487,3.6973,0.36478,0.71527,0.99553,N1,UC_vs_CD
TCEAL9,0.53866,1.5248,2.4837,0.61392,0.53927,0.99553,N1,UC_vs_CD
TCEAL4,0.25763,0.22355,3.6305,0.061575,0.9509,0.99553,N1,UC_vs_CD
TCEAL3,0.31532,1.7502,2.2928,0.76334,0.44526,0.99553,N1,UC_vs_CD
MORF4L2,5.8245,1.1887,0.90327,1.316,0.18817,0.99553,N1,UC_vs_CD
SLC25A53,0.60862,1.0193,1.9951,0.51092,0.60941,0.99553,N1,UC_vs_CD
FAM199X,0.27989,0.51131,3.2798,0.1559,0.87612,0.99553,N1,UC_vs_CD
MORC4,0.0738,0.29634,4.1055,0.072182,0.94246,0.99553,N1,UC_vs_CD
PRPS1,0.68056,1.7862,2.5137,0.71058,0.47734,0.99553,N1,UC_vs_CD
TSC22D3,18.625,0.20023,1.0001,0.20021,0.84132,0.99553,N1,UC_vs_CD
PSMD10,0.16001,1.7355,4.296,0.40399,0.68622,0.99553,N1,UC_vs_CD
ATG4A,0.23053,0.5269,3.4413,0.15311,0.87831,0.99553,N1,UC_vs_CD
COL4A6,0.36578,1.3487,3.6973,0.36478,0.71527,0.99553,N1,UC_vs_CD
NXT2,0.15185,1.7355,4.296,0.40399,0.68622,0.99553,N1,UC_vs_CD
KCNE5,0.0738,0.29634,4.1055,0.072182,0.94246,0.99553,N1,UC_vs_CD
ACSL4,3.2112,0.10906,1.0647,0.10243,0.91841,0.99553,N1,UC_vs_CD
TMEM164,1.2332,-0.47634,1.6858,-0.28255,0.77752,0.99553,N1,UC_vs_CD
ALG13,1.6766,0.93063,1.3879,0.67053,0.50252,0.99553,N1,UC_vs_CD
WDR44,0.50914,-0.43982,3.5587,-0.12359,0.90164,0.99553,N1,UC_vs_CD
DOCK11,1.4769,-0.098509,1.2558,-0.07844,0.93748,0.99553,N1,UC_vs_CD
IL13RA1,2.6519,-0.13874,0.91182,-0.15216,0.87906,0.99553,N1,UC_vs_CD
LINC01285,1.7657,-2.1029,1.7284,-1.2166,0.22374,0.99553,N1,UC_vs_CD
LONRF3,0.33143,-0.30608,2.1232,-0.14416,0.88537,0.99553,N1,UC_vs_CD
PGRMC1,0.37685,-1.9628,3.3381,-0.588,0.55653,0.99553,N1,UC_vs_CD
SLC25A43,0.30813,2.1491,4.3393,0.49527,0.62041,0.99553,N1,UC_vs_CD
SLC25A5,4.381,-0.026785,1.0911,-0.024549,0.98041,0.99553,N1,UC_vs_CD
CXorf56,0.11463,0.076876,4.1956,0.018323,0.98538,0.99553,N1,UC_vs_CD
UBE2A,2.8907,-0.81529,0.85297,-0.95582,0.33917,0.99553,N1,UC_vs_CD
NKRF,0.1476,-0.38372,3.978,-0.09646,0.92315,0.99553,N1,UC_vs_CD
SEPT6,2.1711,0.41395,1.1731,0.35287,0.72419,0.99553,N1,UC_vs_CD
RPL39,94.967,0.17131,0.79854,0.21453,0.83014,0.99553,N1,UC_vs_CD
UPF3B,0.47713,2.3914,2.4574,0.97316,0.33048,0.99553,N1,UC_vs_CD
RNF113A,0.55384,1.5712,3.9201,0.40081,0.68856,0.99553,N1,UC_vs_CD
NDUFA1,10.485,-0.75195,0.66299,-1.1342,0.25672,0.99553,N1,UC_vs_CD
NKAP,1.0014,-0.20464,1.3726,-0.14909,0.88148,0.99553,N1,UC_vs_CD
ZBTB33,0.26091,0.25946,2.237,0.11598,0.90767,0.99553,N1,UC_vs_CD
LAMP2,9.4031,0.18643,0.4783,0.38978,0.6967,0.99553,N1,UC_vs_CD
CUL4B,0.30779,0.15961,1.8711,0.085304,0.93202,0.99553,N1,UC_vs_CD
MCTS1,0.95396,2.8532,2.0463,1.3943,0.16322,0.99553,N1,UC_vs_CD
C1GALT1C1,0.64191,0.83791,1.7607,0.47589,0.63415,0.99553,N1,UC_vs_CD
THOC2,1.8789,2.3745,1.3463,1.7637,0.077786,0.99553,N1,UC_vs_CD
XIAP,5.8506,-0.38893,0.75772,-0.5133,0.60774,0.99553,N1,UC_vs_CD
AL121601.1,0.16526,1.7355,4.296,0.40399,0.68622,0.99553,N1,UC_vs_CD
STAG2,6.2861,0.17206,0.7672,0.22428,0.82254,0.99553,N1,UC_vs_CD
SH2D1A,0.16001,1.7355,4.296,0.40399,0.68622,0.99553,N1,UC_vs_CD
TENM1,0.035259,0.57985,4.1749,0.13889,0.88954,0.99553,N1,UC_vs_CD
SASH3,1.2315,2.0369,1.6138,1.2622,0.20689,0.99553,N1,UC_vs_CD
UTP14A,0.23381,0.79896,3.5449,0.22538,0.82168,0.99553,N1,UC_vs_CD
BCORL1,0.16001,1.7355,4.296,0.40399,0.68622,0.99553,N1,UC_vs_CD
ELF4,0.65861,-1.3917,2.0646,-0.67409,0.50025,0.99553,N1,UC_vs_CD
AIFM1,0.30813,2.1491,4.3393,0.49527,0.62041,0.99553,N1,UC_vs_CD
RAB33A,0.035259,0.57985,4.1749,0.13889,0.88954,0.99553,N1,UC_vs_CD
RBMX2,0.16001,1.7355,4.296,0.40399,0.68622,0.99553,N1,UC_vs_CD
ENOX2,0.035259,0.57985,4.1749,0.13889,0.88954,0.99553,N1,UC_vs_CD
STK26,0.37226,-0.82809,2.2575,-0.36682,0.71375,0.99553,N1,UC_vs_CD
RAP2C,2.434,-1.2006,0.88936,-1.35,0.17702,0.99553,N1,UC_vs_CD
RAP2C-AS1,0.12821,2.147,4.3394,0.49477,0.62076,0.99553,N1,UC_vs_CD
GPC4,0.035259,0.57985,4.1749,0.13889,0.88954,0.99553,N1,UC_vs_CD
PHF6,1.0689,1.6801,1.7213,0.97604,0.32904,0.99553,N1,UC_vs_CD
HPRT1,0.73804,1.0954,1.6695,0.65613,0.51174,0.99553,N1,UC_vs_CD
FAM122B,0.10578,-0.14974,4.0165,-0.037281,0.97026,0.99553,N1,UC_vs_CD
FAM122C,0.28006,2.5294,3.2581,0.77633,0.43755,0.99553,N1,UC_vs_CD
MOSPD1,0.59256,1.0525,1.8425,0.57122,0.56785,0.99553,N1,UC_vs_CD
RTL8C,0.72532,1.6782,2.3997,0.69935,0.48434,0.99553,N1,UC_vs_CD
MMGT1,0.78872,2.7576,1.8606,1.4821,0.13831,0.99553,N1,UC_vs_CD
SLC9A6,0.32528,2.1316,3.0535,0.69809,0.48512,0.99553,N1,UC_vs_CD
MAP7D3,0.15185,1.7355,4.296,0.40399,0.68622,0.99553,N1,UC_vs_CD
HTATSF1,0.27464,0.50675,3.2634,0.15528,0.8766,0.99553,N1,UC_vs_CD
CD40LG,0.32003,2.1244,4.2058,0.50511,0.61349,0.99553,N1,UC_vs_CD
ARHGEF6,1.2102,2.1178,1.5231,1.3904,0.1644,0.99553,N1,UC_vs_CD
AL683813.1,0.035259,0.57985,4.1749,0.13889,0.88954,0.99553,N1,UC_vs_CD
RBMX,2.7547,1.8605,1.2514,1.4867,0.13709,0.99553,N1,UC_vs_CD
FGF13,0.18514,-0.97652,2.8755,-0.3396,0.73416,0.99553,N1,UC_vs_CD
ATP11C,0.26907,0.25928,2.2471,0.11538,0.90814,0.99553,N1,UC_vs_CD
FMR1,1.0514,0.40324,1.2355,0.32637,0.74414,0.99553,N1,UC_vs_CD
IDS,5.2246,1.0751,0.85324,1.26,0.20768,0.99553,N1,UC_vs_CD
CXorf40A,0.20052,0.9601,3.1736,0.30253,0.76225,0.99553,N1,UC_vs_CD
TMEM185A,0.035259,0.57985,4.1749,0.13889,0.88954,0.99553,N1,UC_vs_CD
CXorf40B,0.5034,1.9119,2.5157,0.75997,0.44727,0.99553,N1,UC_vs_CD
MTM1,0.15185,1.7355,4.296,0.40399,0.68622,0.99553,N1,UC_vs_CD
MTMR1,0.34339,1.5137,3.3061,0.45785,0.64706,0.99553,N1,UC_vs_CD
HMGB3,0.62816,3.0923,3.9964,0.77377,0.43907,0.99553,N1,UC_vs_CD
VMA21,0.26091,0.25946,2.237,0.11598,0.90767,0.99553,N1,UC_vs_CD
PRRG3,0.10578,-0.14974,4.0165,-0.037281,0.97026,0.99553,N1,UC_vs_CD
GABRE,0.30813,2.1491,4.3393,0.49527,0.62041,0.99553,N1,UC_vs_CD
CETN2,0.14432,-0.42113,2.4698,-0.17051,0.86461,0.99553,N1,UC_vs_CD
ZNF185,0.40285,1.3214,2.5368,0.52089,0.60244,0.99553,N1,UC_vs_CD
CCNQ,0.11463,0.076876,4.1956,0.018323,0.98538,0.99553,N1,UC_vs_CD
BCAP31,2.5375,-0.79919,0.915,-0.87342,0.38243,0.99553,N1,UC_vs_CD
ABCD1,0.20201,1.0374,3.076,0.33725,0.73593,0.99553,N1,UC_vs_CD
IDH3G,1.6747,1.534,1.4634,1.0482,0.29453,0.99553,N1,UC_vs_CD
SSR4,88.163,0.96167,1.2915,0.74464,0.45649,0.99553,N1,UC_vs_CD
ARHGAP4,0.89401,0.3536,1.4238,0.24835,0.80386,0.99553,N1,UC_vs_CD
NAA10,1.1265,-0.86787,1.5621,-0.55558,0.5785,0.99553,N1,UC_vs_CD
RENBP,0.90407,-1.0589,1.5578,-0.67972,0.49668,0.99553,N1,UC_vs_CD
HCFC1,0.72221,-0.121,2.1524,-0.056216,0.95517,0.99553,N1,UC_vs_CD
TMEM187,0.0738,0.29634,4.1055,0.072182,0.94246,0.99553,N1,UC_vs_CD
IRAK1,2.261,-1.5513,1.3299,-1.1665,0.24342,0.99553,N1,UC_vs_CD
MECP2,2.8553,0.88958,1.1159,0.79721,0.42533,0.99553,N1,UC_vs_CD
FLNA,1.8042,1.2553,1.2389,1.0133,0.31094,0.99553,N1,UC_vs_CD
EMD,3.6933,0.2843,0.7919,0.35901,0.71959,0.99553,N1,UC_vs_CD
RPL10,122.44,0.92952,0.93259,0.99671,0.3189,0.99553,N1,UC_vs_CD
AC245140.2,0.19527,0.95987,3.1507,0.30465,0.76063,0.99553,N1,UC_vs_CD
DNASE1L1,0.22565,0.79989,3.5133,0.22768,0.8199,0.99553,N1,UC_vs_CD
TAZ,0.10906,-0.1236,2.6028,-0.047487,0.96213,0.99553,N1,UC_vs_CD
AC244090.1,0.17958,-0.63764,2.4879,-0.25629,0.79772,0.99553,N1,UC_vs_CD
ATP6AP1,3.1037,0.35797,0.90499,0.39555,0.69244,0.99553,N1,UC_vs_CD
GDI1,0.53849,0.1567,3.3789,0.046375,0.96301,0.99553,N1,UC_vs_CD
FAM50A,0.67119,-0.32349,1.7891,-0.18081,0.85651,0.99553,N1,UC_vs_CD
PLXNA3,0.22368,-1.1647,2.1972,-0.53008,0.59605,0.99553,N1,UC_vs_CD
LAGE3,0.25894,-1.4133,2.0923,-0.67547,0.49937,0.99553,N1,UC_vs_CD
UBL4A,0.11463,0.076876,4.1956,0.018323,0.98538,0.99553,N1,UC_vs_CD
SLC10A3,0.16001,1.7355,4.296,0.40399,0.68622,0.99553,N1,UC_vs_CD
G6PD,0.85972,-0.44117,1.5722,-0.28061,0.77901,0.99553,N1,UC_vs_CD
IKBKG,0.2942,-1.6071,2.0534,-0.78264,0.43384,0.99553,N1,UC_vs_CD
GAB3,1.4866,-0.82234,1.0963,-0.75013,0.45318,0.99553,N1,UC_vs_CD
DKC1,1.2895,0.545,1.9054,0.28603,0.77485,0.99553,N1,UC_vs_CD
MPP1,4.0052,-0.55423,0.83942,-0.66025,0.50909,0.99553,N1,UC_vs_CD
F8,0.12821,2.147,4.3394,0.49477,0.62076,0.99553,N1,UC_vs_CD
F8A1,0.23906,0.79839,3.5646,0.22398,0.82277,0.99553,N1,UC_vs_CD
FUNDC2,1.311,-1.3749,1.5158,-0.9071,0.36435,0.99553,N1,UC_vs_CD
VBP1,1.9286,0.49303,1.1848,0.41613,0.67732,0.99553,N1,UC_vs_CD
RAB39B,0.38193,1.2016,3.5543,0.33806,0.73532,0.99553,N1,UC_vs_CD
TMLHE-AS1,0.035259,0.57985,4.1749,0.13889,0.88954,0.99553,N1,UC_vs_CD
VAMP7,0.42093,0.63221,1.939,0.32605,0.74438,0.99553,N1,UC_vs_CD
ERICH1,1.9682,-0.41006,1.2,-0.34172,0.73256,0.99553,N1,UC_vs_CD
CLN8,0.98106,2.2552,1.6976,1.3285,0.18402,0.99553,N1,UC_vs_CD
KBTBD11,0.23727,0.71493,2.0629,0.34656,0.72892,0.99553,N1,UC_vs_CD
AC016065.1,0.74803,1.678,2.1874,0.76713,0.443,0.99553,N1,UC_vs_CD
MCPH1,0.32003,2.1244,4.2058,0.50511,0.61349,0.99553,N1,UC_vs_CD
ANGPT2,0.10906,-0.1236,2.6028,-0.047487,0.96213,0.99553,N1,UC_vs_CD
AGPAT5,0.16001,1.7355,4.296,0.40399,0.68622,0.99553,N1,UC_vs_CD
DEFA6,0.11463,0.076876,4.1956,0.018323,0.98538,0.99553,N1,UC_vs_CD
DEFA5,0.34388,-1.1731,4.1334,-0.2838,0.77657,0.99553,N1,UC_vs_CD
CLDN23,0.11463,0.076876,4.1956,0.018323,0.98538,0.99553,N1,UC_vs_CD
MFHAS1,0.16526,1.7355,4.296,0.40399,0.68622,0.99553,N1,UC_vs_CD
ERI1,1.4509,-2.4874,1.6317,-1.5244,0.1274,0.99553,N1,UC_vs_CD
PPP1R3B,2.7921,-0.84804,1.0087,-0.84076,0.40048,0.99553,N1,UC_vs_CD
TNKS,0.35529,1.3328,3.6732,0.36284,0.71673,0.99553,N1,UC_vs_CD
MSRA,0.39092,1.2838,2.4754,0.51861,0.60403,0.99553,N1,UC_vs_CD
PINX1-1,0.11463,0.076876,4.1956,0.018323,0.98538,0.99553,N1,UC_vs_CD
MTMR9,0.71619,1.8058,2.0251,0.89167,0.37257,0.99553,N1,UC_vs_CD
FDFT1,1.1312,2.9197,2.2207,1.3148,0.18859,0.99553,N1,UC_vs_CD
CTSB,4.9086,0.16221,1.2419,0.13062,0.89608,0.99553,N1,UC_vs_CD
LONRF1,0.66636,0.67505,1.7916,0.37679,0.70633,0.99553,N1,UC_vs_CD
ZDHHC2,0.18843,-0.92039,3.1557,-0.29166,0.77055,0.99553,N1,UC_vs_CD
CNOT7,0.6716,0.65523,1.5286,0.42864,0.66819,0.99553,N1,UC_vs_CD
VPS37A,0.25894,-1.4133,2.0923,-0.67547,0.49937,0.99553,N1,UC_vs_CD
MTUS1,0.30813,2.1491,4.3393,0.49527,0.62041,0.99553,N1,UC_vs_CD
PCM1,1.9685,-0.098609,1.2278,-0.080316,0.93599,0.99553,N1,UC_vs_CD
ASAH1,25.631,-0.66617,0.57404,-1.1605,0.24585,0.99553,N1,UC_vs_CD
AC124242.1,0.035259,0.57985,4.1749,0.13889,0.88954,0.99553,N1,UC_vs_CD
PSD3,0.15185,1.7355,4.296,0.40399,0.68622,0.99553,N1,UC_vs_CD
CSGALNACT1,0.64381,-1.3929,1.6573,-0.84046,0.40065,0.99553,N1,UC_vs_CD
INTS10,1.1852,1.1083,1.5544,0.71297,0.47586,0.99553,N1,UC_vs_CD
LPL,0.15185,1.7355,4.296,0.40399,0.68622,0.99553,N1,UC_vs_CD
ATP6V1B2,15.488,-0.53071,0.73791,-0.71921,0.47201,0.99553,N1,UC_vs_CD
DOK2,0.26648,0.49292,3.2388,0.15219,0.87904,0.99553,N1,UC_vs_CD
XPO7,0.35238,1.3243,2.3132,0.57248,0.567,0.99553,N1,UC_vs_CD
FAM160B2,0.45999,2.6284,3.7508,0.70074,0.48347,0.99553,N1,UC_vs_CD
NUDT18,0.16526,1.7355,4.296,0.40399,0.68622,0.99553,N1,UC_vs_CD
REEP4,0.12821,2.147,4.3394,0.49477,0.62076,0.99553,N1,UC_vs_CD
BMP1,0.33052,2.1419,4.2023,0.5097,0.61026,0.99553,N1,UC_vs_CD
POLR3D,0.20052,0.9601,3.1736,0.30253,0.76225,0.99553,N1,UC_vs_CD
PIWIL2,0.035259,0.57985,4.1749,0.13889,0.88954,0.99553,N1,UC_vs_CD
PDLIM2,0.25666,-0.90316,2.8674,-0.31497,0.75278,0.99553,N1,UC_vs_CD
CCAR2,0.31515,-0.14493,2.2684,-0.063888,0.94906,0.99553,N1,UC_vs_CD
AC037459.3,0.035259,0.57985,4.1749,0.13889,0.88954,0.99553,N1,UC_vs_CD
BIN3,0.57081,-0.57922,1.6101,-0.35974,0.71904,0.99553,N1,UC_vs_CD
EGR3,14.579,-0.49716,0.94527,-0.52595,0.59892,0.99553,N1,UC_vs_CD
TNFRSF10B,1.0019,0.90939,2.1545,0.4221,0.67295,0.99553,N1,UC_vs_CD
AC107959.4,0.23727,0.71493,2.0629,0.34656,0.72892,0.99553,N1,UC_vs_CD
TNFRSF10C,2.369,-0.68562,0.96641,-0.70945,0.47805,0.99553,N1,UC_vs_CD
TNFRSF10D,0.92647,-0.1223,1.4233,-0.08593,0.93152,0.99553,N1,UC_vs_CD
TNFRSF10A,0.33471,-0.22527,2.2616,-0.099608,0.92066,0.99553,N1,UC_vs_CD
CHMP7,0.40253,1.0701,1.8954,0.5646,0.57235,0.99553,N1,UC_vs_CD
R3HCC1,0.18843,-0.92039,3.1557,-0.29166,0.77055,0.99553,N1,UC_vs_CD
ENTPD4,1.3838,0.025617,1.1681,0.02193,0.9825,0.99553,N1,UC_vs_CD
SLC25A37,57.397,-0.16888,0.42079,-0.40133,0.68818,0.99553,N1,UC_vs_CD
NKX3-1,0.33052,2.1419,4.2023,0.5097,0.61026,0.99553,N1,UC_vs_CD
STC1,0.035259,0.57985,4.1749,0.13889,0.88954,0.99553,N1,UC_vs_CD
ADAM28,0.23381,0.79896,3.5449,0.22538,0.82168,0.99553,N1,UC_vs_CD
DOCK5,4.7958,0.31522,0.72438,0.43516,0.66345,0.99553,N1,UC_vs_CD
KCTD9,0.18711,0.95949,3.1139,0.30814,0.75798,0.99553,N1,UC_vs_CD
PPP2R2A,4.178,0.11493,0.73221,0.15697,0.87527,0.99553,N1,UC_vs_CD
BNIP3L,6.1756,-1.1088,0.8227,-1.3477,0.17775,0.99553,N1,UC_vs_CD
DPYSL2,0.65084,1.7637,2.4787,0.71153,0.47676,0.99553,N1,UC_vs_CD
PTK2B,3.0606,-0.022239,1.0092,-0.022036,0.98242,0.99553,N1,UC_vs_CD
CLU,0.035259,0.57985,4.1749,0.13889,0.88954,0.99553,N1,UC_vs_CD
CCDC25,0.62816,3.0923,3.9964,0.77377,0.43907,0.99553,N1,UC_vs_CD
ESCO2,0.64006,2.5648,4.1315,0.62078,0.53474,0.99553,N1,UC_vs_CD
NUGGC,0.51239,1.6012,2.0101,0.79658,0.42569,0.99553,N1,UC_vs_CD
ELP3,0.46815,2.6288,3.7763,0.69614,0.48634,0.99553,N1,UC_vs_CD
PNOC,0.61751,-0.73278,1.929,-0.37988,0.70404,0.99553,N1,UC_vs_CD
ZNF395,0.31664,-0.12544,2.3932,-0.052413,0.9582,0.99553,N1,UC_vs_CD
EXTL3,0.30371,2.096,4.2116,0.49768,0.61871,0.99553,N1,UC_vs_CD
HMBOX1,1.1896,2.8099,1.934,1.4529,0.14625,0.99553,N1,UC_vs_CD
KIF13B,0.0738,0.29634,4.1055,0.072182,0.94246,0.99553,N1,UC_vs_CD
DUSP4,0.9453,1.269,1.614,0.78625,0.43172,0.99553,N1,UC_vs_CD
SARAF,5.6951,0.88409,0.88147,1.003,0.31587,0.99553,N1,UC_vs_CD
AC044849.1,0.26648,0.49292,3.2388,0.15219,0.87904,0.99553,N1,UC_vs_CD
LEPROTL1,1.8733,0.72087,1.429,0.50446,0.61394,0.99553,N1,UC_vs_CD
AC026979.2,0.85578,1.953,1.7363,1.1248,0.26066,0.99553,N1,UC_vs_CD
DCTN6,0.43174,0.90967,2.2741,0.40001,0.68915,0.99553,N1,UC_vs_CD
GTF2E2,0.36202,1.5516,2.4306,0.63838,0.52322,0.99553,N1,UC_vs_CD
GSR,0.73005,0.54207,1.9834,0.2733,0.78462,0.99553,N1,UC_vs_CD
PPP2CB,1.2657,1.6153,1.5702,1.0287,0.3036,0.99553,N1,UC_vs_CD
WRN,0.31515,-0.14493,2.2684,-0.063888,0.94906,0.99553,N1,UC_vs_CD
AC090204.1,0.11463,0.076876,4.1956,0.018323,0.98538,0.99553,N1,UC_vs_CD
FUT10,0.16001,1.7355,4.296,0.40399,0.68622,0.99553,N1,UC_vs_CD
MAK16,0.12821,2.147,4.3394,0.49477,0.62076,0.99553,N1,UC_vs_CD
RNF122,0.16526,1.7355,4.296,0.40399,0.68622,0.99553,N1,UC_vs_CD
ZNF703,0.15185,1.7355,4.296,0.40399,0.68622,0.99553,N1,UC_vs_CD
ERLIN2,0.16347,1.3862,2.7687,0.50066,0.61661,0.99553,N1,UC_vs_CD
PLPBP,0.34484,-0.30319,2.143,-0.14148,0.88749,0.99553,N1,UC_vs_CD
RAB11FIP1,4.3426,-0.47551,1.0497,-0.45298,0.65057,0.99553,N1,UC_vs_CD
EIF4EBP1,0.45999,2.6284,3.7508,0.70074,0.48347,0.99553,N1,UC_vs_CD
ASH2L,0.35529,1.3328,3.6732,0.36284,0.71673,0.99553,N1,UC_vs_CD
LSM1,0.91587,1.5307,3.0693,0.49872,0.61798,0.99553,N1,UC_vs_CD
PLPP5,2.1508,0.89239,1.4935,0.5975,0.55017,0.99553,N1,UC_vs_CD
NSD3,3.2471,-0.069276,1.5104,-0.045867,0.96342,0.99553,N1,UC_vs_CD
AC087623.3,0.16001,1.7355,4.296,0.40399,0.68622,0.99553,N1,UC_vs_CD
TACC1,2.6054,1.7335,1.0699,1.6201,0.1052,0.99553,N1,UC_vs_CD
PLEKHA2,1.4826,2.3302,1.5637,1.4902,0.13617,0.99553,N1,UC_vs_CD
AC108863.1,0.035259,0.57985,4.1749,0.13889,0.88954,0.99553,N1,UC_vs_CD
TM2D2,0.30174,-0.14619,2.2488,-0.065009,0.94817,0.99553,N1,UC_vs_CD
ADAM9,1.3891,-1.6262,1.4156,-1.1488,0.25064,0.99553,N1,UC_vs_CD
IDO1,2.5827,-3.2793,3.2991,-0.994,0.32022,0.99553,N1,UC_vs_CD
TCIM,0.34339,1.5137,3.3061,0.45785,0.64706,0.99553,N1,UC_vs_CD
GOLGA7,3.0739,-0.192,0.76533,-0.25088,0.80191,0.99553,N1,UC_vs_CD
GINS4,0.47188,2.3759,3.1692,0.74969,0.45344,0.99553,N1,UC_vs_CD
AC009630.2,0.16526,1.7355,4.296,0.40399,0.68622,0.99553,N1,UC_vs_CD
GPAT4,0.6829,1.7878,2.5157,0.71065,0.4773,0.99553,N1,UC_vs_CD
ANK1,0.15185,1.7355,4.296,0.40399,0.68622,0.99553,N1,UC_vs_CD
KAT6A,2.9919,-0.29676,0.80338,-0.36938,0.71184,0.99553,N1,UC_vs_CD
AP3M2,0.035259,0.57985,4.1749,0.13889,0.88954,0.99553,N1,UC_vs_CD
PLAT,0.16526,1.7355,4.296,0.40399,0.68622,0.99553,N1,UC_vs_CD
AC083973.1,0.44606,-1.195,1.8005,-0.66372,0.50687,0.99553,N1,UC_vs_CD
IKBKB,1.7969,-0.94386,1.1023,-0.85624,0.39186,0.99553,N1,UC_vs_CD
POLB,0.37128,-1.8318,2.2055,-0.83058,0.40621,0.99553,N1,UC_vs_CD
VDAC3,2.0329,1.3293,1.3069,1.0171,0.30909,0.99553,N1,UC_vs_CD
SLC20A2,0.27464,0.50675,3.2634,0.15528,0.8766,0.99553,N1,UC_vs_CD
SMIM19,0.22237,0.52589,3.4052,0.15444,0.87726,0.99553,N1,UC_vs_CD
THAP1,0.27464,0.50675,3.2634,0.15528,0.8766,0.99553,N1,UC_vs_CD
RNF170,0.035259,0.57985,4.1749,0.13889,0.88954,0.99553,N1,UC_vs_CD
HOOK3,1.9432,2.7913,1.1942,2.3375,0.019414,0.99553,N1,UC_vs_CD
FNTA,0.93442,-0.85207,1.5527,-0.54878,0.58316,0.99553,N1,UC_vs_CD
POMK,0.0738,0.29634,4.1055,0.072182,0.94246,0.99553,N1,UC_vs_CD
HGSNAT,0.30761,-0.0017928,3.8441,-0.00046637,0.99963,0.99979,N1,UC_vs_CD
SPIDR,0.47713,2.3914,2.4574,0.97316,0.33048,0.99553,N1,UC_vs_CD
CEBPD,2.8931,-0.36381,1.5489,-0.23488,0.8143,0.99553,N1,UC_vs_CD
PRKDC,3.9432,0.38395,1.1063,0.34705,0.72856,0.99553,N1,UC_vs_CD
MCM4,0.77628,3.5839,4.1642,0.86066,0.38943,0.99553,N1,UC_vs_CD
UBE2V2,2.4219,0.66418,1.3434,0.49442,0.62101,0.99553,N1,UC_vs_CD
AC026904.2,0.15185,1.7355,4.296,0.40399,0.68622,0.99553,N1,UC_vs_CD
PCMTD1,3.8063,-0.77785,0.88406,-0.87987,0.37893,0.99553,N1,UC_vs_CD
RB1CC1,4.2208,-0.39176,0.73684,-0.53168,0.59495,0.99553,N1,UC_vs_CD
ATP6V1H,2.5606,-0.24564,0.85825,-0.28622,0.77471,0.99553,N1,UC_vs_CD
TCEA1,3.3776,0.70758,0.98375,0.71928,0.47197,0.99553,N1,UC_vs_CD
LYPLA1,1.4675,0.56553,1.3589,0.41617,0.67728,0.99553,N1,UC_vs_CD
MRPL15,0.61751,-0.73278,1.929,-0.37988,0.70404,0.99553,N1,UC_vs_CD
TMEM68,0.35369,-0.37652,2.4064,-0.15647,0.87567,0.99553,N1,UC_vs_CD
TGS1,0.49082,1.5466,3.9242,0.39411,0.6935,0.99553,N1,UC_vs_CD
LYN,24.666,-0.74957,0.33886,-2.212,0.026966,0.99553,N1,UC_vs_CD
RPS20,10.358,0.94183,0.76138,1.237,0.21609,0.99553,N1,UC_vs_CD
PLAG1,0.11463,0.076876,4.1956,0.018323,0.98538,0.99553,N1,UC_vs_CD
CHCHD7,2.0167,1.8897,1.6642,1.1355,0.25616,0.99553,N1,UC_vs_CD
IMPAD1,0.22565,0.79989,3.5133,0.22768,0.8199,0.99553,N1,UC_vs_CD
UBXN2B,3.7908,-0.085072,1.3232,-0.064291,0.94874,0.99553,N1,UC_vs_CD
SDCBP,60.867,-0.58375,0.42212,-1.3829,0.16669,0.99553,N1,UC_vs_CD
NSMAF,15.976,-0.9831,0.98703,-0.99602,0.31924,0.99553,N1,UC_vs_CD
TOX,0.16001,1.7355,4.296,0.40399,0.68622,0.99553,N1,UC_vs_CD
RAB2A,4.1001,-0.59513,0.81285,-0.73214,0.46408,0.99553,N1,UC_vs_CD
CHD7,1.0831,-0.42319,1.4033,-0.30157,0.76298,0.99553,N1,UC_vs_CD
AC022182.1,0.16001,1.7355,4.296,0.40399,0.68622,0.99553,N1,UC_vs_CD
AC022182.2,0.44008,2.8884,2.5493,1.133,0.25722,0.99553,N1,UC_vs_CD
ASPH,4.7584,-0.96023,1.1193,-0.85785,0.39098,0.99553,N1,UC_vs_CD
GGH,0.49327,-0.22723,2.4117,-0.094218,0.92494,0.99553,N1,UC_vs_CD
YTHDF3-AS1,0.30371,2.096,4.2116,0.49768,0.61871,0.99553,N1,UC_vs_CD
YTHDF3,2.704,0.39702,0.98917,0.40136,0.68815,0.99553,N1,UC_vs_CD
AC011978.2,0.18514,-0.97652,2.8755,-0.3396,0.73416,0.99553,N1,UC_vs_CD
AC100814.1,0.16001,1.7355,4.296,0.40399,0.68622,0.99553,N1,UC_vs_CD
ARMC1,0.32003,2.1244,4.2058,0.50511,0.61349,0.99553,N1,UC_vs_CD
AC055822.1,0.11463,0.076876,4.1956,0.018323,0.98538,0.99553,N1,UC_vs_CD
PDE7A,1.7484,1.786,1.1291,1.5818,0.11369,0.99553,N1,UC_vs_CD
DNAJC5B,0.035259,0.57985,4.1749,0.13889,0.88954,0.99553,N1,UC_vs_CD
RRS1,0.22925,-0.75796,4.1396,-0.1831,0.85472,0.99553,N1,UC_vs_CD
VCPIP1,1.8898,-1.5281,1.5022,-1.0172,0.30905,0.99553,N1,UC_vs_CD
SGK3,0.72398,-1.1397,1.6036,-0.71074,0.47725,0.99553,N1,UC_vs_CD
C8orf44,0.15185,1.7355,4.296,0.40399,0.68622,0.99553,N1,UC_vs_CD
MCMDC2,0.035259,0.57985,4.1749,0.13889,0.88954,0.99553,N1,UC_vs_CD
COPS5,1.7819,0.6935,1.2883,0.53832,0.59036,0.99553,N1,UC_vs_CD
CSPP1,0.34287,-0.22519,2.2744,-0.09901,0.92113,0.99553,N1,UC_vs_CD
ARFGEF1,2.5339,0.75273,1.1248,0.6692,0.50337,0.99553,N1,UC_vs_CD
SLCO5A1,0.0738,0.29634,4.1055,0.072182,0.94246,0.99553,N1,UC_vs_CD
NCOA2,1.6808,-1.0672,1.162,-0.91836,0.35843,0.99553,N1,UC_vs_CD
TRAM1,8.4146,2.8821,1.3716,2.1013,0.035616,0.99553,N1,UC_vs_CD
LACTB2-AS1,0.035259,0.57985,4.1749,0.13889,0.88954,0.99553,N1,UC_vs_CD
LACTB2,0.20201,1.0374,3.076,0.33725,0.73593,0.99553,N1,UC_vs_CD
XKR9,0.035259,0.57985,4.1749,0.13889,0.88954,0.99553,N1,UC_vs_CD
MSC-AS1,0.38567,1.2777,2.4678,0.51772,0.60465,0.99553,N1,UC_vs_CD
TERF1,0.88907,1.8505,1.768,1.0467,0.29525,0.99553,N1,UC_vs_CD
AC022893.1,0.15185,1.7355,4.296,0.40399,0.68622,0.99553,N1,UC_vs_CD
RPL7,17.403,1.1038,0.89555,1.2326,0.21773,0.99553,N1,UC_vs_CD
RDH10,0.14432,-0.42113,2.4698,-0.17051,0.86461,0.99553,N1,UC_vs_CD
STAU2,0.76954,-0.21605,1.3771,-0.15689,0.87533,0.99553,N1,UC_vs_CD
UBE2W,7.3144,-0.83505,1.0693,-0.78091,0.43486,0.99553,N1,UC_vs_CD
ELOC,10.021,-0.53222,0.82967,-0.64148,0.52121,0.99553,N1,UC_vs_CD
TMEM70,1.0964,1.3847,1.5951,0.86807,0.38535,0.99553,N1,UC_vs_CD
LY96,20.371,-0.93439,0.99095,-0.94293,0.34572,0.99553,N1,UC_vs_CD
PEX2,0.37128,-1.8318,2.2055,-0.83058,0.40621,0.99553,N1,UC_vs_CD
PKIA,0.33897,1.3072,3.6352,0.3596,0.71915,0.99553,N1,UC_vs_CD
ZC2HC1A,0.1476,-0.38372,3.978,-0.09646,0.92315,0.99553,N1,UC_vs_CD
MRPS28,0.20052,0.9601,3.1736,0.30253,0.76225,0.99553,N1,UC_vs_CD
TPD52,2.6346,0.53615,1.5377,0.34867,0.72733,0.99553,N1,UC_vs_CD
ZBTB10,0.80614,-0.43873,1.5954,-0.275,0.78331,0.99553,N1,UC_vs_CD
PAG1,10.001,-0.66237,0.83172,-0.79639,0.42581,0.99553,N1,UC_vs_CD
AC079209.1,2.0075,-2.139,1.8234,-1.1731,0.24077,0.99553,N1,UC_vs_CD
FABP5,5.6384,-0.20186,1.9874,-0.10157,0.9191,0.99553,N1,UC_vs_CD
IMPA1,0.57606,-0.57646,1.6112,-0.35778,0.72051,0.99553,N1,UC_vs_CD
ZFAND1,0.72464,1.0059,2.0221,0.49744,0.61888,0.99553,N1,UC_vs_CD
SNX16,0.035259,0.57985,4.1749,0.13889,0.88954,0.99553,N1,UC_vs_CD
E2F5,0.11463,0.076876,4.1956,0.018323,0.98538,0.99553,N1,UC_vs_CD
C8orf59,4.8747,-0.20567,1.8626,-0.11042,0.91208,0.99553,N1,UC_vs_CD
CA13,0.18711,0.95949,3.1139,0.30814,0.75798,0.99553,N1,UC_vs_CD
CA2,0.11463,0.076876,4.1956,0.018323,0.98538,0.99553,N1,UC_vs_CD
WWP1,0.35529,1.3328,3.6732,0.36284,0.71673,0.99553,N1,UC_vs_CD
RMDN1,0.53378,1.7051,2.6369,0.64663,0.51787,0.99553,N1,UC_vs_CD
CPNE3,1.2604,-0.16185,1.4115,-0.11467,0.90871,0.99553,N1,UC_vs_CD
AF117829.1,1.2019,-0.71019,1.4629,-0.48547,0.62734,0.99553,N1,UC_vs_CD
RIPK2,10.744,-0.30059,0.58282,-0.51576,0.60602,0.99553,N1,UC_vs_CD
OSGIN2,2.0074,-2.0073,1.1845,-1.6946,0.090143,0.99553,N1,UC_vs_CD
NBN,24.139,-0.13231,0.55137,-0.23997,0.81035,0.99553,N1,UC_vs_CD
DECR1,2.5963,1.3347,0.95875,1.3922,0.16388,0.99553,N1,UC_vs_CD
NECAB1,0.0738,0.29634,4.1055,0.072182,0.94246,0.99553,N1,UC_vs_CD
PIP4P2,2.2672,1.998,1.2111,1.6497,0.098996,0.99553,N1,UC_vs_CD
OTUD6B-AS1,0.97963,-1.4038,1.8151,-0.77338,0.4393,0.99553,N1,UC_vs_CD
OTUD6B,0.16526,1.7355,4.296,0.40399,0.68622,0.99553,N1,UC_vs_CD
TRIQK,0.36727,1.5499,2.4393,0.6354,0.52516,0.99553,N1,UC_vs_CD
RBM12B,0.70915,1.642,1.6987,0.9666,0.33375,0.99553,N1,UC_vs_CD
PDP1,0.31712,2.1207,3.0327,0.69927,0.48438,0.99553,N1,UC_vs_CD
CDH17,0.16526,1.7355,4.296,0.40399,0.68622,0.99553,N1,UC_vs_CD
GEM,0.63423,2.5662,3.1861,0.80546,0.42056,0.99553,N1,UC_vs_CD
VIRMA,0.39383,1.2613,3.9508,0.31926,0.74953,0.99553,N1,UC_vs_CD
DPY19L4,0.11463,0.076876,4.1956,0.018323,0.98538,0.99553,N1,UC_vs_CD
INTS8,1.137,0.14895,1.477,0.10085,0.91967,0.99553,N1,UC_vs_CD
CCNE2,0.62082,2.5526,3.3473,0.76257,0.44572,0.99553,N1,UC_vs_CD
NDUFAF6,0.61626,3.1638,4.327,0.73117,0.46468,0.99553,N1,UC_vs_CD
TP53INP1,5.5229,0.68913,1.473,0.46783,0.63991,0.99553,N1,UC_vs_CD
PLEKHF2,1.3868,-1.1516,1.7365,-0.66315,0.50724,0.99553,N1,UC_vs_CD
UQCRB,11.845,0.61589,0.64619,0.9531,0.34054,0.99553,N1,UC_vs_CD
MTERF3,0.035259,0.57985,4.1749,0.13889,0.88954,0.99553,N1,UC_vs_CD
PTDSS1,0.64876,2.3375,2.0359,1.1481,0.25091,0.99553,N1,UC_vs_CD
SDC2,0.51239,1.6012,2.0101,0.79658,0.42569,0.99553,N1,UC_vs_CD
CPQ,3.9819,-0.59878,0.96305,-0.62175,0.53411,0.99553,N1,UC_vs_CD
MTDH,2.3725,-1.6848,1.1352,-1.4841,0.13779,0.99553,N1,UC_vs_CD
MATN2,0.16526,1.7355,4.296,0.40399,0.68622,0.99553,N1,UC_vs_CD
RPL30,78.851,0.85611,0.64992,1.3173,0.18775,0.99553,N1,UC_vs_CD
AP003352.1,0.27432,0.25917,2.2534,0.11501,0.90844,0.99553,N1,UC_vs_CD
STK3,1.4171,-1.7423,1.4012,-1.2434,0.21371,0.99553,N1,UC_vs_CD
VPS13B,0.23727,0.71493,2.0629,0.34656,0.72892,0.99553,N1,UC_vs_CD
COX6C,9.3506,0.83983,1.4499,0.57925,0.56242,0.99553,N1,UC_vs_CD
POLR2K,2.0996,1.1182,1.4631,0.76427,0.44471,0.99553,N1,UC_vs_CD
SPAG1,0.35529,1.3328,3.6732,0.36284,0.71673,0.99553,N1,UC_vs_CD
RNF19A,3.6895,1.2724,1.199,1.0612,0.28858,0.99553,N1,UC_vs_CD
ANKRD46,0.035259,0.57985,4.1749,0.13889,0.88954,0.99553,N1,UC_vs_CD
PABPC1,21.529,0.35654,0.47856,0.74503,0.45625,0.99553,N1,UC_vs_CD
YWHAZ,23.088,0.32149,0.5724,0.56166,0.57435,0.99553,N1,UC_vs_CD
ZNF706,4.1304,-0.071483,1.0207,-0.070034,0.94417,0.99553,N1,UC_vs_CD
RRM2B,0.67866,0.27862,2.0463,0.13616,0.8917,0.99553,N1,UC_vs_CD
UBR5-AS1,0.0738,0.29634,4.1055,0.072182,0.94246,0.99553,N1,UC_vs_CD
UBR5,2.9297,1.2204,1.4568,0.83776,0.40217,0.99553,N1,UC_vs_CD
AP002852.1,0.32003,2.1244,4.2058,0.50511,0.61349,0.99553,N1,UC_vs_CD
KLF10,13.057,-1.0261,0.61075,-1.68,0.092962,0.99553,N1,UC_vs_CD
GASAL1,0.29748,-1.5477,2.1698,-0.7133,0.47566,0.99553,N1,UC_vs_CD
AZIN1,7.1893,-0.68407,0.79287,-0.86278,0.38826,0.99553,N1,UC_vs_CD
AP003696.1,0.12821,2.147,4.3394,0.49477,0.62076,0.99553,N1,UC_vs_CD
AP003354.2,8.5054,-1.3935,0.64753,-2.1521,0.031389,0.99553,N1,UC_vs_CD
ATP6V1C1,7.495,-1.232,0.71276,-1.7284,0.08391,0.99553,N1,UC_vs_CD
SLC25A32,0.57392,1.2547,2.5326,0.49544,0.62029,0.99553,N1,UC_vs_CD
DCAF13,0.75108,0.77624,2.7394,0.28337,0.7769,0.99553,N1,UC_vs_CD
LRP12,0.16001,1.7355,4.296,0.40399,0.68622,0.99553,N1,UC_vs_CD
OXR1,1.2671,3.439,2.3134,1.4866,0.13712,0.99553,N1,UC_vs_CD
EIF3E,3.377,1.1968,0.9024,1.3263,0.18475,0.99553,N1,UC_vs_CD
EMC2,1.2811,-0.77781,1.3297,-0.58496,0.55858,0.99553,N1,UC_vs_CD
NUDCD1,0.18843,-0.92039,3.1557,-0.29166,0.77055,0.99553,N1,UC_vs_CD
ENY2,3.8012,0.035354,0.81118,0.043583,0.96524,0.99553,N1,UC_vs_CD
PKHD1L1,0.17958,-0.63764,2.4879,-0.25629,0.79772,0.99553,N1,UC_vs_CD
EBAG9,0.16001,1.7355,4.296,0.40399,0.68622,0.99553,N1,UC_vs_CD
TRPS1,2.021,-1.5273,1.1627,-1.3135,0.18901,0.99553,N1,UC_vs_CD
EIF3H,3.2265,-0.15382,0.92164,-0.1669,0.86745,0.99553,N1,UC_vs_CD
UTP23,0.48529,2.3901,3.1978,0.74742,0.45481,0.99553,N1,UC_vs_CD
RAD21,5.1381,0.81201,0.89994,0.9023,0.3669,0.99553,N1,UC_vs_CD
MED30,0.67479,-1.8166,2.335,-0.77798,0.43658,0.99553,N1,UC_vs_CD
EXT1,0.94544,0.10823,1.566,0.069111,0.9449,0.99553,N1,UC_vs_CD
AC023590.1,0.15185,1.7355,4.296,0.40399,0.68622,0.99553,N1,UC_vs_CD
TNFRSF11B,0.035259,0.57985,4.1749,0.13889,0.88954,0.99553,N1,UC_vs_CD
MAL2,0.18843,-0.92039,3.1557,-0.29166,0.77055,0.99553,N1,UC_vs_CD
NOV,0.19873,0.93233,2.7996,0.33302,0.73912,0.99553,N1,UC_vs_CD
TAF2,0.66182,0.35392,2.1591,0.16392,0.86979,0.99553,N1,UC_vs_CD
COL14A1,0.11463,0.076876,4.1956,0.018323,0.98538,0.99553,N1,UC_vs_CD
MRPL13,0.74652,1.408,2.3508,0.59894,0.54921,0.99553,N1,UC_vs_CD
ZHX2,0.59266,-1.7917,2.3589,-0.75954,0.44753,0.99553,N1,UC_vs_CD
DERL1,4.2425,0.85426,0.84268,1.0137,0.31071,0.99553,N1,UC_vs_CD
TBC1D31,0.15185,1.7355,4.296,0.40399,0.68622,0.99553,N1,UC_vs_CD
C8orf76,0.26648,0.49292,3.2388,0.15219,0.87904,0.99553,N1,UC_vs_CD
ZHX1-C8orf76,0.16001,1.7355,4.296,0.40399,0.68622,0.99553,N1,UC_vs_CD
ZHX1,0.25666,-0.90316,2.8674,-0.31497,0.75278,0.99553,N1,UC_vs_CD
ATAD2,0.18711,0.95949,3.1139,0.30814,0.75798,0.99553,N1,UC_vs_CD
WDYHV1,0.0738,0.29634,4.1055,0.072182,0.94246,0.99553,N1,UC_vs_CD
FBXO32,0.53655,-1.4107,1.9439,-0.7257,0.46802,0.99553,N1,UC_vs_CD
FAM91A1,2.1405,-0.68945,1.0606,-0.65003,0.51567,0.99553,N1,UC_vs_CD
TMEM65,0.3837,-0.71864,1.929,-0.37255,0.70949,0.99553,N1,UC_vs_CD
RNF139-AS1,0.035259,0.57985,4.1749,0.13889,0.88954,0.99553,N1,UC_vs_CD
RNF139,1.3466,-0.3431,1.187,-0.28905,0.77254,0.99553,N1,UC_vs_CD
TATDN1,0.6453,2.5739,3.3871,0.75993,0.4473,0.99553,N1,UC_vs_CD
NDUFB9,2.5994,0.83092,0.95001,0.87465,0.38177,0.99553,N1,UC_vs_CD
MTSS1,0.16526,1.7355,4.296,0.40399,0.68622,0.99553,N1,UC_vs_CD
SQLE,0.651,0.81232,1.9388,0.41898,0.67523,0.99553,N1,UC_vs_CD
WASHC5,0.5687,-0.0023923,1.5859,-0.0015085,0.9988,0.99979,N1,UC_vs_CD
NSMCE2,1.7792,-0.28929,1.3108,-0.2207,0.82533,0.99553,N1,UC_vs_CD
TRIB1,26.639,-0.44515,0.66204,-0.67239,0.50134,0.99553,N1,UC_vs_CD
LINC00861,0.10578,-0.14974,4.0165,-0.037281,0.97026,0.99553,N1,UC_vs_CD
PCAT1,0.16001,1.7355,4.296,0.40399,0.68622,0.99553,N1,UC_vs_CD
PRNCR1,0.070518,0.17302,4.0786,0.042422,0.96616,0.99553,N1,UC_vs_CD
MYC,0.48529,2.3901,3.1978,0.74742,0.45481,0.99553,N1,UC_vs_CD
PVT1,0.26222,-1.4233,3.2885,-0.43281,0.66515,0.99553,N1,UC_vs_CD
FAM49B,19.511,-0.45163,0.55808,-0.80926,0.41837,0.99553,N1,UC_vs_CD
ASAP1,5.1848,0.39254,0.82653,0.47492,0.63484,0.99553,N1,UC_vs_CD
EFR3A,1.12,1.4973,1.4952,1.0014,0.31663,0.99553,N1,UC_vs_CD
TMEM71,2.1,-1.6415,1.0928,-1.5022,0.13305,0.99553,N1,UC_vs_CD
PHF20L1,13.124,-0.45111,0.68859,-0.65512,0.51239,0.99553,N1,UC_vs_CD
TG,0.14988,-0.59457,2.8782,-0.20658,0.83634,0.99553,N1,UC_vs_CD
SLA,11.466,0.16988,0.78564,0.21623,0.82881,0.99553,N1,UC_vs_CD
NDRG1,5.2051,0.25828,0.87457,0.29533,0.76774,0.99553,N1,UC_vs_CD
ST3GAL1,1.1461,2.48,2.2163,1.119,0.26315,0.99553,N1,UC_vs_CD
AC105180.1,0.16001,1.7355,4.296,0.40399,0.68622,0.99553,N1,UC_vs_CD
ZFAT,0.19527,0.95987,3.1507,0.30465,0.76063,0.99553,N1,UC_vs_CD
AC083843.3,0.38895,-0.71889,1.9319,-0.37212,0.7098,0.99553,N1,UC_vs_CD
AC083843.2,0.18286,-0.58992,2.6976,-0.21868,0.8269,0.99553,N1,UC_vs_CD
KHDRBS3,0.035259,0.57985,4.1749,0.13889,0.88954,0.99553,N1,UC_vs_CD
TRAPPC9,0.38193,1.2016,3.5543,0.33806,0.73532,0.99553,N1,UC_vs_CD
CHRAC1,0.30958,-0.070584,2.1467,-0.03288,0.97377,0.99553,N1,UC_vs_CD
AGO2,4.0738,-0.078476,0.86199,-0.091041,0.92746,0.99553,N1,UC_vs_CD
DENND3,6.4259,-0.15807,0.59417,-0.26604,0.79021,0.99553,N1,UC_vs_CD
AC040970.1,0.7451,-0.050957,1.5721,-0.032413,0.97414,0.99553,N1,UC_vs_CD
SLC45A4,1.2417,0.68727,1.3213,0.52016,0.60295,0.99553,N1,UC_vs_CD
PTP4A3,0.41989,2.1477,3.2788,0.65503,0.51245,0.99553,N1,UC_vs_CD
TSNARE1,0.15185,1.7355,4.296,0.40399,0.68622,0.99553,N1,UC_vs_CD
JRK,0.30813,2.1491,4.3393,0.49527,0.62041,0.99553,N1,UC_vs_CD
LY6E,0.77804,1.0351,2.1329,0.48532,0.62745,0.99553,N1,UC_vs_CD
ZNF696,0.0738,0.29634,4.1055,0.072182,0.94246,0.99553,N1,UC_vs_CD
TOP1MT,0.42276,0.78781,4.0144,0.19624,0.84442,0.99553,N1,UC_vs_CD
ZC3H3,0.26091,0.25946,2.237,0.11598,0.90767,0.99553,N1,UC_vs_CD
AC067930.4,0.1476,-0.38372,3.978,-0.09646,0.92315,0.99553,N1,UC_vs_CD
AC067930.1,0.035259,0.57985,4.1749,0.13889,0.88954,0.99553,N1,UC_vs_CD
GSDMD,2.1303,0.048011,1.226,0.03916,0.96876,0.99553,N1,UC_vs_CD
MROH6,0.16526,1.7355,4.296,0.40399,0.68622,0.99553,N1,UC_vs_CD
NAPRT,0.51405,1.385,2.271,0.60987,0.54195,0.99553,N1,UC_vs_CD
EEF1D,26.682,0.59846,0.53962,1.109,0.26742,0.99553,N1,UC_vs_CD
TSTA3,0.64644,-1.0939,1.9839,-0.55141,0.58135,0.99553,N1,UC_vs_CD
MAPK15,0.035259,0.57985,4.1749,0.13889,0.88954,0.99553,N1,UC_vs_CD
SCRIB,0.0738,0.29634,4.1055,0.072182,0.94246,0.99553,N1,UC_vs_CD
PUF60,0.69068,-1.0481,1.546,-0.67794,0.49781,0.99553,N1,UC_vs_CD
NRBP2,0.34339,1.5137,3.3061,0.45785,0.64706,0.99553,N1,UC_vs_CD
PLEC,0.81512,-0.57754,1.5306,-0.37732,0.70593,0.99553,N1,UC_vs_CD
PARP10,0.33831,-1.7629,2.1805,-0.8085,0.4188,0.99553,N1,UC_vs_CD
GRINA,11.629,-0.38743,0.89077,-0.43494,0.6636,0.99553,N1,UC_vs_CD
EXOSC4,1.1893,-1.7594,1.9783,-0.88936,0.37381,0.99553,N1,UC_vs_CD
GPAA1,0.47516,0.25492,1.9057,0.13377,0.89359,0.99553,N1,UC_vs_CD
CYC1,1.1339,3.065,1.8686,1.6403,0.10094,0.99553,N1,UC_vs_CD
SHARPIN,0.70897,0.0065216,1.6471,0.0039594,0.99684,0.99979,N1,UC_vs_CD
MAF1,0.5137,0.14084,1.9743,0.071335,0.94313,0.99553,N1,UC_vs_CD
MROH1,0.65084,1.7637,2.4787,0.71153,0.47676,0.99553,N1,UC_vs_CD
SCX,0.0738,0.29634,4.1055,0.072182,0.94246,0.99553,N1,UC_vs_CD
HSF1,0.53105,1.592,3.9179,0.40634,0.68449,0.99553,N1,UC_vs_CD
DGAT1,0.72526,-1.2093,1.5833,-0.76379,0.44499,0.99553,N1,UC_vs_CD
SLC52A2,0.47812,0.33023,3.7906,0.087118,0.93058,0.99553,N1,UC_vs_CD
CPSF1,0.16526,1.7355,4.296,0.40399,0.68622,0.99553,N1,UC_vs_CD
SLC39A4,0.68678,1.9607,3.6887,0.53156,0.59503,0.99553,N1,UC_vs_CD
VPS28,3.8396,0.079327,0.83837,0.09462,0.92462,0.99553,N1,UC_vs_CD
CYHR1,1.4508,-2.7216,1.5403,-1.7669,0.077239,0.99553,N1,UC_vs_CD
KIFC2,0.31712,2.1207,3.0327,0.69927,0.48438,0.99553,N1,UC_vs_CD
GPT,0.12821,2.147,4.3394,0.49477,0.62076,0.99553,N1,UC_vs_CD
MFSD3,0.0738,0.29634,4.1055,0.072182,0.94246,0.99553,N1,UC_vs_CD
RECQL4,0.11463,0.076876,4.1956,0.018323,0.98538,0.99553,N1,UC_vs_CD
LRRC14,0.10906,-0.1236,2.6028,-0.047487,0.96213,0.99553,N1,UC_vs_CD
C8orf82,0.16001,1.7355,4.296,0.40399,0.68622,0.99553,N1,UC_vs_CD
ZNF251,0.16001,1.7355,4.296,0.40399,0.68622,0.99553,N1,UC_vs_CD
ZNF34,0.28822,2.5291,3.2881,0.76917,0.44179,0.99553,N1,UC_vs_CD
RPL8,40.183,0.56499,0.77403,0.72994,0.46543,0.99553,N1,UC_vs_CD
ZNF7,0.59525,-1.7072,1.8331,-0.93135,0.35167,0.99553,N1,UC_vs_CD
COMMD5,3.743,-0.91576,1.0886,-0.84121,0.40023,0.99553,N1,UC_vs_CD
ZNF250,1.1203,0.16987,2.0672,0.082174,0.93451,0.99553,N1,UC_vs_CD
ZNF16,0.30813,2.1491,4.3393,0.49527,0.62041,0.99553,N1,UC_vs_CD
C8orf33,0.59144,0.8798,1.9545,0.45014,0.65261,0.99553,N1,UC_vs_CD
WASHC1,0.93124,1.3207,1.3939,0.94754,0.34337,0.99553,N1,UC_vs_CD
CBWD1,0.69902,0.16768,1.4487,0.11574,0.90786,0.99553,N1,UC_vs_CD
C9orf66,0.40555,-2.1152,3.1099,-0.68015,0.49641,0.99553,N1,UC_vs_CD
DOCK8,7.9905,-0.6365,0.6982,-0.91164,0.36196,0.99553,N1,UC_vs_CD
AL158832.1,0.12821,2.147,4.3394,0.49477,0.62076,0.99553,N1,UC_vs_CD
KANK1,0.49579,2.3994,4.1562,0.57731,0.56373,0.99553,N1,UC_vs_CD
SMARCA2,1.3788,1.1658,1.8064,0.64538,0.51868,0.99553,N1,UC_vs_CD
PUM3,0.70721,2.1674,2.1901,0.98964,0.32235,0.99553,N1,UC_vs_CD
RFX3,0.11463,0.076876,4.1956,0.018323,0.98538,0.99553,N1,UC_vs_CD
CDC37L1-DT,0.42276,0.78781,4.0144,0.19624,0.84442,0.99553,N1,UC_vs_CD
CDC37L1,0.32003,2.1244,4.2058,0.50511,0.61349,0.99553,N1,UC_vs_CD
AK3,0.52739,-0.32766,1.9124,-0.17133,0.86396,0.99553,N1,UC_vs_CD
JAK2,1.6905,-0.21877,1.4082,-0.15535,0.87655,0.99553,N1,UC_vs_CD
PLGRKT,1.1073,1.2401,1.5707,0.78954,0.4298,0.99553,N1,UC_vs_CD
CD274,7.4854,-2.1779,0.91573,-2.3783,0.017394,0.99553,N1,UC_vs_CD
PDCD1LG2,0.60758,1.1374,2.7108,0.41958,0.67479,0.99553,N1,UC_vs_CD
RIC1,0.31107,0.24196,2.0215,0.11969,0.90473,0.99553,N1,UC_vs_CD
KIAA2026,0.39043,-0.65224,2.403,-0.27143,0.78606,0.99553,N1,UC_vs_CD
RANBP6,0.23381,0.79896,3.5449,0.22538,0.82168,0.99553,N1,UC_vs_CD
UHRF2,0.035259,0.57985,4.1749,0.13889,0.88954,0.99553,N1,UC_vs_CD
GLDC,0.32003,2.1244,4.2058,0.50511,0.61349,0.99553,N1,UC_vs_CD
AL162411.1,0.16001,1.7355,4.296,0.40399,0.68622,0.99553,N1,UC_vs_CD
AL354707.1,0.62816,3.0923,3.9964,0.77377,0.43907,0.99553,N1,UC_vs_CD
KDM4C,0.19527,0.95987,3.1507,0.30465,0.76063,0.99553,N1,UC_vs_CD
DMAC1,1.1366,1.3528,2.3925,0.56543,0.57178,0.99553,N1,UC_vs_CD
ZDHHC21,0.31664,-0.12544,2.3932,-0.052413,0.9582,0.99553,N1,UC_vs_CD
PSIP1,0.62177,0.53415,1.8711,0.28548,0.77528,0.99553,N1,UC_vs_CD
RRAGA,0.32348,1.7502,2.304,0.75963,0.44748,0.99553,N1,UC_vs_CD
HAUS6,0.65526,2.2371,2.113,1.0587,0.28973,0.99553,N1,UC_vs_CD
PLIN2,4.2386,0.50096,1.4975,0.33454,0.73797,0.99553,N1,UC_vs_CD
DENND4C,0.31712,2.1207,3.0327,0.69927,0.48438,0.99553,N1,UC_vs_CD
RPS6,34.07,1.681,0.68445,2.4559,0.014052,0.99553,N1,UC_vs_CD
MLLT3,0.42649,0.90349,2.2685,0.39828,0.69042,0.99553,N1,UC_vs_CD
HACD4,1.0642,0.91104,1.313,0.69386,0.48777,0.99553,N1,UC_vs_CD
CDKN2A,0.27464,0.50675,3.2634,0.15528,0.8766,0.99553,N1,UC_vs_CD
CDKN2B-AS1,0.035259,0.57985,4.1749,0.13889,0.88954,0.99553,N1,UC_vs_CD
CAAP1,0.42909,0.63412,2.4833,0.25535,0.79845,0.99553,N1,UC_vs_CD
PLAA,0.19527,0.95987,3.1507,0.30465,0.76063,0.99553,N1,UC_vs_CD
IFT74,0.42276,0.78781,4.0144,0.19624,0.84442,0.99553,N1,UC_vs_CD
MOB3B,0.48238,2.3869,3.1913,0.74793,0.4545,0.99553,N1,UC_vs_CD
C9orf72,10.043,-0.40848,0.59961,-0.68125,0.49572,0.99553,N1,UC_vs_CD
ACO1,0.72677,0.40372,1.7225,0.23437,0.81469,0.99553,N1,UC_vs_CD
DDX58,3.3208,-1.1933,1.3383,-0.89161,0.3726,0.99553,N1,UC_vs_CD
TOPORS,2.3898,0.13611,1.5182,0.089654,0.92856,0.99553,N1,UC_vs_CD
SMIM27,2.5741,-1.2023,0.913,-1.3169,0.18789,0.99553,N1,UC_vs_CD
NDUFB6,2.4786,1.0686,1.0572,1.0109,0.31209,0.99553,N1,UC_vs_CD
APTX,0.57461,1.3038,2.7916,0.46703,0.64048,0.99553,N1,UC_vs_CD
DNAJA1,20.485,-0.2271,0.43055,-0.52747,0.59787,0.99553,N1,UC_vs_CD
SMU1,1.3845,0.85715,1.251,0.68516,0.49324,0.99553,N1,UC_vs_CD
B4GALT1,1.8327,0.77168,1.227,0.62892,0.5294,0.99553,N1,UC_vs_CD
B4GALT1-AS1,0.24284,0.79513,3.6848,0.21578,0.82916,0.99553,N1,UC_vs_CD
SPINK4,2.1939,-0.36098,1.3362,-0.27015,0.78705,0.99553,N1,UC_vs_CD
BAG1,1.1296,0.37035,1.2352,0.29983,0.7643,0.99553,N1,UC_vs_CD
CHMP5,5.2322,-0.88963,0.85221,-1.0439,0.29652,0.99553,N1,UC_vs_CD
NFX1,0.48719,-0.89745,2.0953,-0.42831,0.66843,0.99553,N1,UC_vs_CD
AQP3,0.7191,1.7806,2.7289,0.65251,0.51407,0.99553,N1,UC_vs_CD
PRSS3,0.11463,0.076876,4.1956,0.018323,0.98538,0.99553,N1,UC_vs_CD
UBE2R2,4.365,0.040685,0.77567,0.052451,0.95817,0.99553,N1,UC_vs_CD
UBAP2,0.91295,0.21506,1.3614,0.15797,0.87448,0.99553,N1,UC_vs_CD
DCAF12,0.14988,-0.59457,2.8782,-0.20658,0.83634,0.99553,N1,UC_vs_CD
UBAP1,4.444,-0.69385,0.94036,-0.73785,0.4606,0.99553,N1,UC_vs_CD
NUDT2,0.94528,3.4128,2.354,1.4498,0.14712,0.99553,N1,UC_vs_CD
FAM219A,0.16001,1.7355,4.296,0.40399,0.68622,0.99553,N1,UC_vs_CD
RPP25L,0.6974,0.48356,2.9178,0.16572,0.86837,0.99553,N1,UC_vs_CD
DCTN3,3.1536,1.0858,1.4381,0.75504,0.45023,0.99553,N1,UC_vs_CD
SIGMAR1,0.16001,1.7355,4.296,0.40399,0.68622,0.99553,N1,UC_vs_CD
GALT,0.16001,1.7355,4.296,0.40399,0.68622,0.99553,N1,UC_vs_CD
IL11RA,0.1476,-0.38372,3.978,-0.09646,0.92315,0.99553,N1,UC_vs_CD
AL162231.2,0.0738,0.29634,4.1055,0.072182,0.94246,0.99553,N1,UC_vs_CD
VCP,1.746,0.78178,1.7509,0.4465,0.65524,0.99553,N1,UC_vs_CD
FANCG,0.16001,1.7355,4.296,0.40399,0.68622,0.99553,N1,UC_vs_CD
PIGO,0.16001,1.7355,4.296,0.40399,0.68622,0.99553,N1,UC_vs_CD
STOML2,1.5596,2.6161,2.0132,1.2994,0.19379,0.99553,N1,UC_vs_CD
FAM214B,0.76514,0.59499,1.9718,0.30175,0.76284,0.99553,N1,UC_vs_CD
TESK1,0.16526,1.7355,4.296,0.40399,0.68622,0.99553,N1,UC_vs_CD
RMRP,0.0738,0.29634,4.1055,0.072182,0.94246,0.99553,N1,UC_vs_CD
CCDC107,0.26091,0.25946,2.237,0.11598,0.90767,0.99553,N1,UC_vs_CD
ARHGEF39,0.16001,1.7355,4.296,0.40399,0.68622,0.99553,N1,UC_vs_CD
TPM2,0.26907,0.25928,2.2471,0.11538,0.90814,0.99553,N1,UC_vs_CD
TLN1,6.1011,-0.96005,1.0418,-0.92158,0.35675,0.99553,N1,UC_vs_CD
CREB3,0.30813,2.1491,4.3393,0.49527,0.62041,0.99553,N1,UC_vs_CD
GBA2,0.18711,0.95949,3.1139,0.30814,0.75798,0.99553,N1,UC_vs_CD
RGP1,0.47339,2.6291,3.7922,0.6933,0.48812,0.99553,N1,UC_vs_CD
MSMP,0.0738,0.29634,4.1055,0.072182,0.94246,0.99553,N1,UC_vs_CD
HINT2,0.42452,-0.73004,2.2514,-0.32427,0.74574,0.99553,N1,UC_vs_CD
GLIPR2,12.02,0.07559,0.74381,0.10162,0.91905,0.99553,N1,UC_vs_CD
CLTA,2.772,-1.5284,0.93892,-1.6279,0.10356,0.99553,N1,UC_vs_CD
RNF38,0.62425,-0.52144,2.0771,-0.25104,0.80178,0.99553,N1,UC_vs_CD
MELK,0.46815,2.6288,3.7763,0.69614,0.48634,0.99553,N1,UC_vs_CD
PAX5,0.25642,2.6071,4.3292,0.60222,0.54703,0.99553,N1,UC_vs_CD
EBLN3P,0.54896,-0.28755,1.693,-0.16984,0.86513,0.99553,N1,UC_vs_CD
ZCCHC7,0.86756,-0.52019,1.4967,-0.34755,0.72818,0.99553,N1,UC_vs_CD
GRHPR,0.91603,-0.46649,2.9575,-0.15773,0.87467,0.99553,N1,UC_vs_CD
FBXO10,0.0738,0.29634,4.1055,0.072182,0.94246,0.99553,N1,UC_vs_CD
TOMM5,1.174,-0.22184,1.6095,-0.13784,0.89037,0.99553,N1,UC_vs_CD
TRMT10B,0.035259,0.57985,4.1749,0.13889,0.88954,0.99553,N1,UC_vs_CD
EXOSC3,0.54586,1.1967,1.8595,0.64359,0.51984,0.99553,N1,UC_vs_CD
DCAF10,0.77593,-1.3014,2.0569,-0.63269,0.52694,0.99553,N1,UC_vs_CD
ANKRD18A,0.11463,0.076876,4.1956,0.018323,0.98538,0.99553,N1,UC_vs_CD
CNTNAP3,0.14988,-0.59457,2.8782,-0.20658,0.83634,0.99553,N1,UC_vs_CD
GLIDR,0.035259,0.57985,4.1749,0.13889,0.88954,0.99553,N1,UC_vs_CD
CBWD6,0.18711,0.95949,3.1139,0.30814,0.75798,0.99553,N1,UC_vs_CD
CNTNAP3B,0.23399,0.60098,2.9277,0.20527,0.83736,0.99553,N1,UC_vs_CD
BX005040.1,0.11463,0.076876,4.1956,0.018323,0.98538,0.99553,N1,UC_vs_CD
FAM27C,0.16001,1.7355,4.296,0.40399,0.68622,0.99553,N1,UC_vs_CD
LINC01410,0.23727,0.71493,2.0629,0.34656,0.72892,0.99553,N1,UC_vs_CD
ANKRD20A4,0.035259,0.57985,4.1749,0.13889,0.88954,0.99553,N1,UC_vs_CD
CBWD5,1.3357,-0.12182,1.2611,-0.096595,0.92305,0.99553,N1,UC_vs_CD
ZNF658,0.12821,2.147,4.3394,0.49477,0.62076,0.99553,N1,UC_vs_CD
CBWD3,0.1476,-0.38372,3.978,-0.09646,0.92315,0.99553,N1,UC_vs_CD
LINC01506,5.5059,0.57869,1.3389,0.43221,0.66559,0.99553,N1,UC_vs_CD
PIP5K1B,0.55978,0.43874,3.5917,0.12215,0.90278,0.99553,N1,UC_vs_CD
FAM122A,0.10906,-0.1236,2.6028,-0.047487,0.96213,0.99553,N1,UC_vs_CD
FXN,0.14988,-0.59457,2.8782,-0.20658,0.83634,0.99553,N1,UC_vs_CD
AL358113.1,0.33052,2.1419,4.2023,0.5097,0.61026,0.99553,N1,UC_vs_CD
PTAR1,0.92646,-1.0527,1.4678,-0.7172,0.47325,0.99553,N1,UC_vs_CD
SMC5,1.0064,1.1386,2.0942,0.54368,0.58666,0.99553,N1,UC_vs_CD
KLF9,0.36054,1.3321,2.322,0.5737,0.56617,0.99553,N1,UC_vs_CD
TRPM3,0.16526,1.7355,4.296,0.40399,0.68622,0.99553,N1,UC_vs_CD
CEMIP2,1.2082,-0.77294,1.2404,-0.62313,0.5332,0.99553,N1,UC_vs_CD
ABHD17B,0.31712,2.1207,3.0327,0.69927,0.48438,0.99553,N1,UC_vs_CD
C9orf85,0.66342,2.3686,2.7185,0.87127,0.38361,0.99553,N1,UC_vs_CD
ZFAND5,7.278,0.13675,0.93124,0.14684,0.88326,0.99553,N1,UC_vs_CD
ALDH1A1,0.31712,2.1207,3.0327,0.69927,0.48438,0.99553,N1,UC_vs_CD
ANXA1,14.457,-0.60316,1.2066,-0.49989,0.61715,0.99553,N1,UC_vs_CD
TRPM6,0.27253,0.40043,1.9238,0.20815,0.83511,0.99553,N1,UC_vs_CD
C9orf40,0.035259,0.57985,4.1749,0.13889,0.88954,0.99553,N1,UC_vs_CD
CARNMT1,0.29347,2.529,3.3068,0.76479,0.4444,0.99553,N1,UC_vs_CD
NMRK1,0.55587,1.2154,2.5165,0.48296,0.62912,0.99553,N1,UC_vs_CD
OSTF1,6.5555,0.9866,0.69804,1.4134,0.15754,0.99553,N1,UC_vs_CD
PCSK5,0.15185,1.7355,4.296,0.40399,0.68622,0.99553,N1,UC_vs_CD
RFK,0.42168,2.9797,3.5886,0.83031,0.40636,0.99553,N1,UC_vs_CD
PRUNE2,0.10906,-0.1236,2.6028,-0.047487,0.96213,0.99553,N1,UC_vs_CD
VPS13A,0.070518,0.17302,4.0786,0.042422,0.96616,0.99553,N1,UC_vs_CD
GNAQ,4.8775,-0.57467,1.1182,-0.51392,0.60731,0.99553,N1,UC_vs_CD
CEP78,0.42276,0.78781,4.0144,0.19624,0.84442,0.99553,N1,UC_vs_CD
PSAT1,0.20052,0.9601,3.1736,0.30253,0.76225,0.99553,N1,UC_vs_CD
TLE4,3.2732,2.1878,1.0015,2.1845,0.028929,0.99553,N1,UC_vs_CD
TLE1,0.16001,1.7355,4.296,0.40399,0.68622,0.99553,N1,UC_vs_CD
FRMD3,0.035259,0.57985,4.1749,0.13889,0.88954,0.99553,N1,UC_vs_CD
IDNK,0.11463,0.076876,4.1956,0.018323,0.98538,0.99553,N1,UC_vs_CD
UBQLN1,1.2586,-0.062701,1.4929,-0.042,0.9665,0.99553,N1,UC_vs_CD
GKAP1,0.0738,0.29634,4.1055,0.072182,0.94246,0.99553,N1,UC_vs_CD
KIF27,0.035259,0.57985,4.1749,0.13889,0.88954,0.99553,N1,UC_vs_CD
HNRNPK,13.671,0.10418,0.60742,0.17152,0.86382,0.99553,N1,UC_vs_CD
AL354733.3,0.70721,2.1674,2.1901,0.98964,0.32235,0.99553,N1,UC_vs_CD
RMI1,0.11463,0.076876,4.1956,0.018323,0.98538,0.99553,N1,UC_vs_CD
AGTPBP1,2.6288,-0.97866,1.0752,-0.91018,0.36273,0.99553,N1,UC_vs_CD
NAA35,0.28822,2.5291,3.2881,0.76917,0.44179,0.99553,N1,UC_vs_CD
GOLM1,0.22368,-1.1647,2.1972,-0.53008,0.59605,0.99553,N1,UC_vs_CD
ISCA1,1.2372,0.94182,1.4024,0.67158,0.50185,0.99553,N1,UC_vs_CD
TUT7,6.44,0.52191,0.78595,0.66404,0.50666,0.99553,N1,UC_vs_CD
GAS1,0.035259,0.57985,4.1749,0.13889,0.88954,0.99553,N1,UC_vs_CD
DAPK1,0.035259,0.57985,4.1749,0.13889,0.88954,0.99553,N1,UC_vs_CD
CTSL,3.0773,3.4564,4.0297,0.85774,0.39103,0.99553,N1,UC_vs_CD
SPIN1,0.16526,1.7355,4.296,0.40399,0.68622,0.99553,N1,UC_vs_CD
S1PR3,0.31712,2.1207,3.0327,0.69927,0.48438,0.99553,N1,UC_vs_CD
CKS2,2.1617,2.3937,1.9738,1.2127,0.22523,0.99553,N1,UC_vs_CD
SECISBP2,1.339,1.5974,1.8211,0.87718,0.38039,0.99553,N1,UC_vs_CD
SEMA4D,3.6889,0.47385,0.71304,0.66455,0.50634,0.99553,N1,UC_vs_CD
GADD45G,0.035259,0.57985,4.1749,0.13889,0.88954,0.99553,N1,UC_vs_CD
SYK,3.59,-0.81766,1.0362,-0.78911,0.43005,0.99553,N1,UC_vs_CD
LINC00484,0.32003,2.1244,4.2058,0.50511,0.61349,0.99553,N1,UC_vs_CD
NFIL3,7.7597,-0.10299,0.73294,-0.14051,0.88825,0.99553,N1,UC_vs_CD
SPTLC1,0.88713,-0.47996,1.3272,-0.36163,0.71763,0.99553,N1,UC_vs_CD
IARS,2.8755,4.6105,2.0917,2.2042,0.027507,0.99553,N1,UC_vs_CD
NOL8,0.84824,0.81469,1.5967,0.51024,0.60988,0.99553,N1,UC_vs_CD
IPPK,0.0738,0.29634,4.1055,0.072182,0.94246,0.99553,N1,UC_vs_CD
BICD2,0.91116,0.32196,1.3141,0.24501,0.80645,0.99553,N1,UC_vs_CD
ZNF484,0.16001,1.7355,4.296,0.40399,0.68622,0.99553,N1,UC_vs_CD
FGD3,1.8671,-0.36157,1.2188,-0.29667,0.76672,0.99553,N1,UC_vs_CD
SUSD3,0.59435,0.88125,1.9572,0.45027,0.65252,0.99553,N1,UC_vs_CD
CARD19,2.5501,0.93134,0.97222,0.95794,0.33809,0.99553,N1,UC_vs_CD
NINJ1,16.416,-0.42917,0.76217,-0.56308,0.57338,0.99553,N1,UC_vs_CD
FAM120AOS,0.035259,0.57985,4.1749,0.13889,0.88954,0.99553,N1,UC_vs_CD
FAM120A,2.8116,-0.48745,0.83058,-0.58688,0.55728,0.99553,N1,UC_vs_CD
PHF2,0.1476,-0.38372,3.978,-0.09646,0.92315,0.99553,N1,UC_vs_CD
AL158152.1,0.035259,0.57985,4.1749,0.13889,0.88954,0.99553,N1,UC_vs_CD
MIRLET7DHG,0.15185,1.7355,4.296,0.40399,0.68622,0.99553,N1,UC_vs_CD
MFSD14B,1.8435,1.1509,1.2892,0.89273,0.372,0.99553,N1,UC_vs_CD
FBP1,0.15185,1.7355,4.296,0.40399,0.68622,0.99553,N1,UC_vs_CD
C9orf3,0.19527,0.95987,3.1507,0.30465,0.76063,0.99553,N1,UC_vs_CD
FANCC,0.0738,0.29634,4.1055,0.072182,0.94246,0.99553,N1,UC_vs_CD
PTCH1,0.16526,1.7355,4.296,0.40399,0.68622,0.99553,N1,UC_vs_CD
ERCC6L2,0.16001,1.7355,4.296,0.40399,0.68622,0.99553,N1,UC_vs_CD
AAED1,0.19527,0.95987,3.1507,0.30465,0.76063,0.99553,N1,UC_vs_CD
ZNF510,0.23381,0.79896,3.5449,0.22538,0.82168,0.99553,N1,UC_vs_CD
MFSD14C,1.3034,0.64903,1.5397,0.42153,0.67337,0.99553,N1,UC_vs_CD
TDRD7,0.56953,-1.3387,2.4386,-0.54895,0.58304,0.99553,N1,UC_vs_CD
TSTD2,0.11463,0.076876,4.1956,0.018323,0.98538,0.99553,N1,UC_vs_CD
NCBP1,0.16001,1.7355,4.296,0.40399,0.68622,0.99553,N1,UC_vs_CD
XPA,0.83127,-0.53637,1.7122,-0.31327,0.75408,0.99553,N1,UC_vs_CD
TRMO,0.18843,-0.92039,3.1557,-0.29166,0.77055,0.99553,N1,UC_vs_CD
ANP32B,1.561,1.0375,1.2893,0.80473,0.42098,0.99553,N1,UC_vs_CD
NANS,2.7138,0.28684,1.0243,0.28005,0.77944,0.99553,N1,UC_vs_CD
CORO2A,0.035259,0.57985,4.1749,0.13889,0.88954,0.99553,N1,UC_vs_CD
TBC1D2,1.7331,1.1278,1.2221,0.9228,0.35611,0.99553,N1,UC_vs_CD
TGFBR1,0.7187,-0.34555,2.895,-0.11936,0.90499,0.99553,N1,UC_vs_CD
ALG2,0.23381,0.79896,3.5449,0.22538,0.82168,0.99553,N1,UC_vs_CD
SEC61B,26.44,1.1297,0.96634,1.169,0.2424,0.99553,N1,UC_vs_CD
NR4A3,7.4443,0.4047,0.88872,0.45537,0.64884,0.99553,N1,UC_vs_CD
STX17,0.61965,0.74912,1.5398,0.48651,0.62661,0.99553,N1,UC_vs_CD
ERP44,2.9409,0.33265,0.93856,0.35443,0.72302,0.99553,N1,UC_vs_CD
INVS,0.43634,2.8476,3.2624,0.87286,0.38274,0.99553,N1,UC_vs_CD
TEX10,0.66712,-0.19394,3.7089,-0.052289,0.9583,0.99553,N1,UC_vs_CD
MSANTD3,0.30813,2.1491,4.3393,0.49527,0.62041,0.99553,N1,UC_vs_CD
MRPL50,0.42617,0.63384,1.9421,0.32637,0.74414,0.99553,N1,UC_vs_CD
ZNF189,0.0738,0.29634,4.1055,0.072182,0.94246,0.99553,N1,UC_vs_CD
RNF20,0.90106,1.911,1.7761,1.0759,0.28197,0.99553,N1,UC_vs_CD
SMC2,0.39383,1.2613,3.9508,0.31926,0.74953,0.99553,N1,UC_vs_CD
NIPSNAP3A,0.62148,0.57973,1.8811,0.30818,0.75794,0.99553,N1,UC_vs_CD
ABCA1,6.6343,-0.47982,0.67023,-0.7159,0.47406,0.99553,N1,UC_vs_CD
SLC44A1,1.5892,1.8129,1.2967,1.398,0.1621,0.99553,N1,UC_vs_CD
FSD1L,0.15185,1.7355,4.296,0.40399,0.68622,0.99553,N1,UC_vs_CD
FKTN,0.0738,0.29634,4.1055,0.072182,0.94246,0.99553,N1,UC_vs_CD
TMEM38B,0.22368,-1.1647,2.1972,-0.53008,0.59605,0.99553,N1,UC_vs_CD
ZNF462,0.11463,0.076876,4.1956,0.018323,0.98538,0.99553,N1,UC_vs_CD
RAD23B,2.3634,0.35888,0.90456,0.39675,0.69155,0.99553,N1,UC_vs_CD
KLF4,1.8273,-0.62826,1.3297,-0.47248,0.63658,0.99553,N1,UC_vs_CD
ELP1,0.31187,2.1139,3.0197,0.70005,0.48389,0.99553,N1,UC_vs_CD
FAM206A,0.45802,0.19031,2.513,0.07573,0.93963,0.99553,N1,UC_vs_CD
CTNNAL1,0.19527,0.95987,3.1507,0.30465,0.76063,0.99553,N1,UC_vs_CD
TMEM245,0.31187,2.1139,3.0197,0.70005,0.48389,0.99553,N1,UC_vs_CD
TXN,36.424,-0.85544,0.71689,-1.1933,0.23276,0.99553,N1,UC_vs_CD
LPAR1,0.0738,0.29634,4.1055,0.072182,0.94246,0.99553,N1,UC_vs_CD
DNAJC25,0.26907,0.25928,2.2471,0.11538,0.90814,0.99553,N1,UC_vs_CD
DNAJC25-GNG10,0.52673,-2.4255,2.1783,-1.1135,0.2655,0.99553,N1,UC_vs_CD
GNG10,1.9066,-0.84674,0.98443,-0.86013,0.38972,0.99553,N1,UC_vs_CD
UGCG,2.0596,-1.017,1.2448,-0.81699,0.41393,0.99553,N1,UC_vs_CD
SUSD1,0.16001,1.7355,4.296,0.40399,0.68622,0.99553,N1,UC_vs_CD
PTBP3,4.4766,-0.44119,0.71904,-0.61359,0.53949,0.99553,N1,UC_vs_CD
HSDL2,1.5336,1.4298,1.6462,0.86856,0.38509,0.99553,N1,UC_vs_CD
INIP,0.66342,2.3686,2.7185,0.87127,0.38361,0.99553,N1,UC_vs_CD
SNX30,0.44515,0.98635,3.5221,0.28005,0.77944,0.99553,N1,UC_vs_CD
ZNF883,0.16001,1.7355,4.296,0.40399,0.68622,0.99553,N1,UC_vs_CD
ZFP37,0.16001,1.7355,4.296,0.40399,0.68622,0.99553,N1,UC_vs_CD
SLC31A2,1.4645,0.12364,1.0611,0.11652,0.90724,0.99553,N1,UC_vs_CD
FKBP15,2.1187,-0.95183,1.4652,-0.64962,0.51594,0.99553,N1,UC_vs_CD
SLC31A1,0.35238,1.3243,2.3132,0.57248,0.567,0.99553,N1,UC_vs_CD
CDC26,2.7202,0.82773,1.1917,0.69457,0.48733,0.99553,N1,UC_vs_CD
PRPF4,0.95164,3.0326,2.2328,1.3582,0.1744,0.99553,N1,UC_vs_CD
HDHD3,0.11463,0.076876,4.1956,0.018323,0.98538,0.99553,N1,UC_vs_CD
POLE3,0.30813,2.1491,4.3393,0.49527,0.62041,0.99553,N1,UC_vs_CD
RGS3,0.22925,-0.75796,4.1396,-0.1831,0.85472,0.99553,N1,UC_vs_CD
ORM1,0.64357,0.41365,1.7455,0.23698,0.81267,0.99553,N1,UC_vs_CD
AKNA,2.6664,0.38261,1.0739,0.35628,0.72163,0.99553,N1,UC_vs_CD
WHRN,0.23906,0.79839,3.5646,0.22398,0.82277,0.99553,N1,UC_vs_CD
ATP6V1G1,21.623,-0.16512,0.70092,-0.23558,0.81376,0.99553,N1,UC_vs_CD
TMEM268,0.0738,0.29634,4.1055,0.072182,0.94246,0.99553,N1,UC_vs_CD
TNFSF15,7.2277,1.7603,2.3623,0.74517,0.45617,0.99553,N1,UC_vs_CD
TNFSF8,1.3286,0.676,2.1596,0.31302,0.75427,0.99553,N1,UC_vs_CD
TNC,0.070518,0.17302,4.0786,0.042422,0.96616,0.99553,N1,UC_vs_CD
ASTN2,0.16001,1.7355,4.296,0.40399,0.68622,0.99553,N1,UC_vs_CD
TLR4,12.395,-0.12249,0.63878,-0.19175,0.84794,0.99553,N1,UC_vs_CD
AL160272.1,0.83224,0.41408,2.0569,0.20131,0.84045,0.99553,N1,UC_vs_CD
CDK5RAP2,3.1845,-1.0178,0.86146,-1.1815,0.23742,0.99553,N1,UC_vs_CD
MEGF9,1.5313,1.8978,1.2571,1.5096,0.13114,0.99553,N1,UC_vs_CD
FBXW2,0.69574,0.055188,1.5845,0.03483,0.97222,0.99553,N1,UC_vs_CD
PSMD5,0.33897,1.3072,3.6352,0.3596,0.71915,0.99553,N1,UC_vs_CD
PHF19,0.32003,2.1244,4.2058,0.50511,0.61349,0.99553,N1,UC_vs_CD
TRAF1,2.1819,-0.043571,1.9128,-0.022778,0.98183,0.99553,N1,UC_vs_CD
C5,0.035259,0.57985,4.1749,0.13889,0.88954,0.99553,N1,UC_vs_CD
CNTRL,0.84911,2.0783,1.7233,1.206,0.2278,0.99553,N1,UC_vs_CD
RAB14,2.479,-0.044837,1.3713,-0.032697,0.97392,0.99553,N1,UC_vs_CD
GSN,3.5384,0.42283,1.2485,0.33868,0.73485,0.99553,N1,UC_vs_CD
GSN-AS1,0.16526,1.7355,4.296,0.40399,0.68622,0.99553,N1,UC_vs_CD
STOM,1.7948,-1.8126,1.4832,-1.2221,0.22167,0.99553,N1,UC_vs_CD
NDUFA8,1.8384,0.02863,1.514,0.01891,0.98491,0.99553,N1,UC_vs_CD
RBM18,0.16347,1.3862,2.7687,0.50066,0.61661,0.99553,N1,UC_vs_CD
MRRF,0.68056,1.7862,2.5137,0.71058,0.47734,0.99553,N1,UC_vs_CD
PTGS1,0.16526,1.7355,4.296,0.40399,0.68622,0.99553,N1,UC_vs_CD
PDCL,0.19527,0.95987,3.1507,0.30465,0.76063,0.99553,N1,UC_vs_CD
RC3H2,0.4539,-0.78892,2.0548,-0.38393,0.70103,0.99553,N1,UC_vs_CD
ZBTB6,0.15185,1.7355,4.296,0.40399,0.68622,0.99553,N1,UC_vs_CD
RABGAP1,0.56524,-0.3486,1.737,-0.20069,0.84094,0.99553,N1,UC_vs_CD
STRBP,0.68803,-1.0558,1.7474,-0.60419,0.54571,0.99553,N1,UC_vs_CD
CRB2,0.0738,0.29634,4.1055,0.072182,0.94246,0.99553,N1,UC_vs_CD
DENND1A,0.87918,0.59421,1.4285,0.41596,0.67744,0.99553,N1,UC_vs_CD
NEK6,0.035259,0.57985,4.1749,0.13889,0.88954,0.99553,N1,UC_vs_CD
PSMB7,3.5715,2.458,1.2423,1.9785,0.047867,0.99553,N1,UC_vs_CD
NR6A1,0.035259,0.57985,4.1749,0.13889,0.88954,0.99553,N1,UC_vs_CD
RPL35,29.412,1.0857,0.89809,1.2089,0.2267,0.99553,N1,UC_vs_CD
ARPC5L,0.70341,0.057772,1.864,0.030993,0.97528,0.99553,N1,UC_vs_CD
GOLGA1,0.38912,1.0711,1.8878,0.56736,0.57047,0.99553,N1,UC_vs_CD
PPP6C,0.37357,-1.9668,2.0655,-0.9522,0.341,0.99553,N1,UC_vs_CD
RABEPK,0.66687,1.9565,1.8699,1.0463,0.29543,0.99553,N1,UC_vs_CD
HSPA5,40.406,1.3693,0.61185,2.238,0.02522,0.99553,N1,UC_vs_CD
GAPVD1,0.58014,0.065625,1.7057,0.038473,0.96931,0.99553,N1,UC_vs_CD
MAPKAP1,1.2339,2.0381,1.6147,1.2622,0.20686,0.99553,N1,UC_vs_CD
PBX3,0.42438,0.72316,1.7614,0.41056,0.6814,0.99553,N1,UC_vs_CD
ZBTB43,4.006,1.9567,1.2552,1.5588,0.11904,0.99553,N1,UC_vs_CD
RALGPS1,0.22565,0.79989,3.5133,0.22768,0.8199,0.99553,N1,UC_vs_CD
SLC2A8,0.11463,0.076876,4.1956,0.018323,0.98538,0.99553,N1,UC_vs_CD
RPL12,61.085,1.2488,0.73836,1.6914,0.090768,0.99553,N1,UC_vs_CD
LRSAM1,0.20052,0.9601,3.1736,0.30253,0.76225,0.99553,N1,UC_vs_CD
FAM129B,0.33052,2.1419,4.2023,0.5097,0.61026,0.99553,N1,UC_vs_CD
TOR2A,0.18843,-0.92039,3.1557,-0.29166,0.77055,0.99553,N1,UC_vs_CD
SH2D3C,0.79837,2.5926,1.9637,1.3203,0.18674,0.99553,N1,UC_vs_CD
CDK9,0.31187,2.1139,3.0197,0.70005,0.48389,0.99553,N1,UC_vs_CD
FPGS,0.33052,2.1419,4.2023,0.5097,0.61026,0.99553,N1,UC_vs_CD
ENG,0.77585,3.3101,2.6461,1.2509,0.21095,0.99553,N1,UC_vs_CD
ST6GALNAC4,1.2748,1.6234,2.3565,0.68889,0.49089,0.99553,N1,UC_vs_CD
DPM2,0.75276,-0.23973,2.0425,-0.11738,0.90656,0.99553,N1,UC_vs_CD
FAM102A,0.19527,0.95987,3.1507,0.30465,0.76063,0.99553,N1,UC_vs_CD
NAIF1,0.035259,0.57985,4.1749,0.13889,0.88954,0.99553,N1,UC_vs_CD
SLC25A25,0.46815,2.6288,3.7763,0.69614,0.48634,0.99553,N1,UC_vs_CD
SLC25A25-AS1,0.34713,1.3196,2.3079,0.57175,0.56749,0.99553,N1,UC_vs_CD
PTGES2,0.89615,2.3739,3.1652,0.75,0.45325,0.99553,N1,UC_vs_CD
LCN2,2.8786,-1.2045,2.1871,-0.55074,0.58181,0.99553,N1,UC_vs_CD
C9orf16,2.6066,-0.37803,1.0069,-0.37545,0.70732,0.99553,N1,UC_vs_CD
CIZ1,0.1476,-0.38372,3.978,-0.09646,0.92315,0.99553,N1,UC_vs_CD
GOLGA2,1.4158,0.76487,1.5543,0.49209,0.62266,0.99553,N1,UC_vs_CD
SWI5,0.55909,1.5906,2.5913,0.6138,0.53935,0.99553,N1,UC_vs_CD
COQ4,0.45065,-2.2389,3.4168,-0.65527,0.5123,0.99553,N1,UC_vs_CD
CERCAM,0.30813,2.1491,4.3393,0.49527,0.62041,0.99553,N1,UC_vs_CD
ODF2,0.0738,0.29634,4.1055,0.072182,0.94246,0.99553,N1,UC_vs_CD
GLE1,0.30813,2.1491,4.3393,0.49527,0.62041,0.99553,N1,UC_vs_CD
SPTAN1,0.8742,-0.066355,1.9615,-0.033828,0.97301,0.99553,N1,UC_vs_CD
WDR34,0.46815,2.6288,3.7763,0.69614,0.48634,0.99553,N1,UC_vs_CD
SET,2.6294,-0.41545,1.0075,-0.41238,0.68006,0.99553,N1,UC_vs_CD
ZDHHC12,0.48004,2.3809,4.1592,0.57243,0.56703,0.99553,N1,UC_vs_CD
AL441992.1,0.26907,0.25928,2.2471,0.11538,0.90814,0.99553,N1,UC_vs_CD
ZER1,0.31107,0.24196,2.0215,0.11969,0.90473,0.99553,N1,UC_vs_CD
ENDOG,0.48238,2.3869,3.1913,0.74793,0.4545,0.99553,N1,UC_vs_CD
SPOUT1,0.27989,0.51131,3.2798,0.1559,0.87612,0.99553,N1,UC_vs_CD
LRRC8A,0.10906,-0.1236,2.6028,-0.047487,0.96213,0.99553,N1,UC_vs_CD
DOLK,0.0738,0.29634,4.1055,0.072182,0.94246,0.99553,N1,UC_vs_CD
NUP188,0.18843,-0.92039,3.1557,-0.29166,0.77055,0.99553,N1,UC_vs_CD
AL592211.1,0.16526,1.7355,4.296,0.40399,0.68622,0.99553,N1,UC_vs_CD
SH3GLB2,0.30305,-1.5435,3.2854,-0.4698,0.6385,0.99553,N1,UC_vs_CD
MIGA2,0.0738,0.29634,4.1055,0.072182,0.94246,0.99553,N1,UC_vs_CD
PTPA,0.5034,1.9119,2.5157,0.75997,0.44727,0.99553,N1,UC_vs_CD
LINC01503,0.33052,2.1419,4.2023,0.5097,0.61026,0.99553,N1,UC_vs_CD
NTMT1,1.0312,0.040093,1.6896,0.023729,0.98107,0.99553,N1,UC_vs_CD
PTGES,0.16526,1.7355,4.296,0.40399,0.68622,0.99553,N1,UC_vs_CD
TOR1B,0.4678,0.46607,1.7133,0.27203,0.7856,0.99553,N1,UC_vs_CD
TOR1A,0.23399,0.60098,2.9277,0.20527,0.83736,0.99553,N1,UC_vs_CD
C9orf78,2.2584,-0.065381,1.0875,-0.06012,0.95206,0.99553,N1,UC_vs_CD
USP20,0.19527,0.95987,3.1507,0.30465,0.76063,0.99553,N1,UC_vs_CD
FNBP1,5.6541,1.0586,0.75742,1.3977,0.16222,0.99553,N1,UC_vs_CD
GPR107,0.6734,0.28958,1.9786,0.14635,0.88364,0.99553,N1,UC_vs_CD
HMCN2,0.30813,2.1491,4.3393,0.49527,0.62041,0.99553,N1,UC_vs_CD
ASS1,0.070518,0.17302,4.0786,0.042422,0.96616,0.99553,N1,UC_vs_CD
FUBP3,0.15185,1.7355,4.296,0.40399,0.68622,0.99553,N1,UC_vs_CD
NUP214,3.9531,0.4648,1.2305,0.37773,0.70563,0.99553,N1,UC_vs_CD
AL157938.3,0.16526,1.7355,4.296,0.40399,0.68622,0.99553,N1,UC_vs_CD
PRRC2B,0.89615,2.3739,3.1652,0.75,0.45325,0.99553,N1,UC_vs_CD
POMT1,0.16001,1.7355,4.296,0.40399,0.68622,0.99553,N1,UC_vs_CD
UCK1,0.54194,1.7047,2.6528,0.64262,0.52047,0.99553,N1,UC_vs_CD
RAPGEF1,2.8734,1.5111,1.2596,1.1997,0.23024,0.99553,N1,UC_vs_CD
MED27,0.16001,1.7355,4.296,0.40399,0.68622,0.99553,N1,UC_vs_CD
NTNG2,0.71768,0.17132,1.5774,0.10861,0.91351,0.99553,N1,UC_vs_CD
SETX,4.9889,-0.061614,0.69838,-0.088224,0.9297,0.99553,N1,UC_vs_CD
TTF1,0.81019,-0.50224,1.5694,-0.32003,0.74895,0.99553,N1,UC_vs_CD
GTF3C4,0.16001,1.7355,4.296,0.40399,0.68622,0.99553,N1,UC_vs_CD
TSC1,0.49144,-0.029994,1.8065,-0.016604,0.98675,0.99556,N1,UC_vs_CD
GTF3C5,0.31712,2.1207,3.0327,0.69927,0.48438,0.99553,N1,UC_vs_CD
RALGDS,8.1256,-0.93202,0.75452,-1.2352,0.21674,0.99553,N1,UC_vs_CD
SURF6,0.23381,0.79896,3.5449,0.22538,0.82168,0.99553,N1,UC_vs_CD
RPL7A,64.878,1.8459,0.94461,1.9542,0.050682,0.99553,N1,UC_vs_CD
SURF1,0.6537,1.9302,1.8478,1.0446,0.29622,0.99553,N1,UC_vs_CD
SURF2,0.29347,2.529,3.3068,0.76479,0.4444,0.99553,N1,UC_vs_CD
SURF4,1.6528,0.61593,1.0847,0.56781,0.57016,0.99553,N1,UC_vs_CD
REXO4,0.0738,0.29634,4.1055,0.072182,0.94246,0.99553,N1,UC_vs_CD
SLC2A6,1.4959,2.8635,1.4542,1.9691,0.048939,0.99553,N1,UC_vs_CD
BRD3,0.15185,1.7355,4.296,0.40399,0.68622,0.99553,N1,UC_vs_CD
RXRA,3.7386,-0.14364,0.75992,-0.18902,0.85008,0.99553,N1,UC_vs_CD
COL5A1,0.16526,1.7355,4.296,0.40399,0.68622,0.99553,N1,UC_vs_CD
FCN1,6.1528,2.5307,1.103,2.2944,0.021766,0.99553,N1,UC_vs_CD
UBAC1,0.0738,0.29634,4.1055,0.072182,0.94246,0.99553,N1,UC_vs_CD
NACC2,0.0738,0.29634,4.1055,0.072182,0.94246,0.99553,N1,UC_vs_CD
TMEM250,0.11463,0.076876,4.1956,0.018323,0.98538,0.99553,N1,UC_vs_CD
ENTR1,0.16001,1.7355,4.296,0.40399,0.68622,0.99553,N1,UC_vs_CD
PMPCA,0.467,0.24753,1.9012,0.1302,0.89641,0.99553,N1,UC_vs_CD
INPP5E,0.27989,0.51131,3.2798,0.1559,0.87612,0.99553,N1,UC_vs_CD
SEC16A,1.3568,-1.7301,1.4482,-1.1947,0.2322,0.99553,N1,UC_vs_CD
NOTCH1,2.1122,0.17624,1.2254,0.14383,0.88564,0.99553,N1,UC_vs_CD
EGFL7,0.035259,0.57985,4.1749,0.13889,0.88954,0.99553,N1,UC_vs_CD
AGPAT2,1.0983,2.9665,1.9425,1.5272,0.12671,0.99553,N1,UC_vs_CD
SNHG7,0.92404,-1.0076,2.2266,-0.45252,0.6509,0.99553,N1,UC_vs_CD
TMEM141,0.85008,2.4258,2.8621,0.84755,0.39669,0.99553,N1,UC_vs_CD
RABL6,0.23381,0.79896,3.5449,0.22538,0.82168,0.99553,N1,UC_vs_CD
AJM1,0.035259,0.57985,4.1749,0.13889,0.88954,0.99553,N1,UC_vs_CD
PHPT1,5.1114,1.1164,1.1294,0.98844,0.32294,0.99553,N1,UC_vs_CD
EDF1,9.0151,1.6015,1.147,1.3963,0.16262,0.99553,N1,UC_vs_CD
TRAF2,0.070518,0.17302,4.0786,0.042422,0.96616,0.99553,N1,UC_vs_CD
FBXW5,0.18843,-0.92039,3.1557,-0.29166,0.77055,0.99553,N1,UC_vs_CD
PTGDS,0.40982,-1.9815,3.4881,-0.56808,0.56998,0.99553,N1,UC_vs_CD
PAXX,0.76058,1.4087,2.2484,0.62651,0.53098,0.99553,N1,UC_vs_CD
CLIC3,0.0738,0.29634,4.1055,0.072182,0.94246,0.99553,N1,UC_vs_CD
ABCA2,0.070518,0.17302,4.0786,0.042422,0.96616,0.99553,N1,UC_vs_CD
FUT7,0.28006,2.5294,3.2581,0.77633,0.43755,0.99553,N1,UC_vs_CD
ENTPD2,0.12821,2.147,4.3394,0.49477,0.62076,0.99553,N1,UC_vs_CD
SAPCD2,0.16001,1.7355,4.296,0.40399,0.68622,0.99553,N1,UC_vs_CD
UAP1L1,0.23381,0.79896,3.5449,0.22538,0.82168,0.99553,N1,UC_vs_CD
MAN1B1-DT,0.16526,1.7355,4.296,0.40399,0.68622,0.99553,N1,UC_vs_CD
MAN1B1,0.0738,0.29634,4.1055,0.072182,0.94246,0.99553,N1,UC_vs_CD
DPP7,1.7294,1.3769,2.0111,0.68465,0.49357,0.99553,N1,UC_vs_CD
TMEM210,0.0738,0.29634,4.1055,0.072182,0.94246,0.99553,N1,UC_vs_CD
SSNA1,0.86898,-1.6376,2.6677,-0.61386,0.53931,0.99553,N1,UC_vs_CD
TPRN,0.0738,0.29634,4.1055,0.072182,0.94246,0.99553,N1,UC_vs_CD
TMEM203,0.0738,0.29634,4.1055,0.072182,0.94246,0.99553,N1,UC_vs_CD
NDOR1,0.30813,2.1491,4.3393,0.49527,0.62041,0.99553,N1,UC_vs_CD
TUBB4B,3.3562,0.75686,0.80436,0.94095,0.34673,0.99553,N1,UC_vs_CD
NELFB,0.11463,0.076876,4.1956,0.018323,0.98538,0.99553,N1,UC_vs_CD
TOR4A,0.15185,1.7355,4.296,0.40399,0.68622,0.99553,N1,UC_vs_CD
NOXA1,0.12821,2.147,4.3394,0.49477,0.62076,0.99553,N1,UC_vs_CD
MRPL41,1.4977,0.73779,1.9261,0.38304,0.70169,0.99553,N1,UC_vs_CD
ARRDC1,0.37226,-0.82809,2.2575,-0.36682,0.71375,0.99553,N1,UC_vs_CD
ARRDC1-AS1,0.16526,1.7355,4.296,0.40399,0.68622,0.99553,N1,UC_vs_CD
EHMT1,4.3222,1.8162,2.1512,0.84423,0.39854,0.99553,N1,UC_vs_CD
LINC01001,6.378,-1.2066,0.9417,-1.2813,0.20007,0.99553,N1,UC_vs_CD
BET1L,0.8672,0.41039,1.6382,0.25052,0.80219,0.99553,N1,UC_vs_CD
RIC8A,0.38567,1.2777,2.4678,0.51772,0.60465,0.99553,N1,UC_vs_CD
PSMD13,3.4383,0.16452,1.0206,0.16119,0.87194,0.99553,N1,UC_vs_CD
NLRP6,0.11463,0.076876,4.1956,0.018323,0.98538,0.99553,N1,UC_vs_CD
AC136475.3,0.035259,0.57985,4.1749,0.13889,0.88954,0.99553,N1,UC_vs_CD
PGGHG,2.3071,-0.21368,1.0336,-0.20674,0.83621,0.99553,N1,UC_vs_CD
IFITM2,247.03,-0.75322,0.60559,-1.2438,0.21359,0.99553,N1,UC_vs_CD
IFITM1,9.3707,-1.7027,1.0328,-1.6487,0.099219,0.99553,N1,UC_vs_CD
IFITM3,29.153,-0.35758,0.99067,-0.36095,0.71814,0.99553,N1,UC_vs_CD
AC136475.7,0.31515,-0.14493,2.2684,-0.063888,0.94906,0.99553,N1,UC_vs_CD
AC136475.5,1.0567,-0.57177,2.0457,-0.2795,0.77986,0.99553,N1,UC_vs_CD
PKP3,0.035259,0.57985,4.1749,0.13889,0.88954,0.99553,N1,UC_vs_CD
SIGIRR,0.54339,-0.15415,1.7989,-0.08569,0.93171,0.99553,N1,UC_vs_CD
AC138230.1,0.16001,1.7355,4.296,0.40399,0.68622,0.99553,N1,UC_vs_CD
RNH1,0.93776,0.39663,1.4697,0.26988,0.78725,0.99553,N1,UC_vs_CD
LRRC56,0.035259,0.57985,4.1749,0.13889,0.88954,0.99553,N1,UC_vs_CD
AP006284.1,0.16001,1.7355,4.296,0.40399,0.68622,0.99553,N1,UC_vs_CD
RASSF7,0.19527,0.95987,3.1507,0.30465,0.76063,0.99553,N1,UC_vs_CD
PHRF1,0.16001,1.7355,4.296,0.40399,0.68622,0.99553,N1,UC_vs_CD
IRF7,5.1355,-2.2466,1.2724,-1.7657,0.077451,0.99553,N1,UC_vs_CD
DEAF1,0.49524,1.9097,2.5001,0.76385,0.44496,0.99553,N1,UC_vs_CD
EPS8L2,0.11463,0.076876,4.1956,0.018323,0.98538,0.99553,N1,UC_vs_CD
TMEM80,0.70085,-0.16961,2.0907,-0.081125,0.93534,0.99553,N1,UC_vs_CD
TALDO1,18.767,0.34876,0.71193,0.48988,0.62422,0.99553,N1,UC_vs_CD
GATD1,0.77628,3.5839,4.1642,0.86066,0.38943,0.99553,N1,UC_vs_CD
AP006621.3,0.16001,1.7355,4.296,0.40399,0.68622,0.99553,N1,UC_vs_CD
SLC25A22,0.0738,0.29634,4.1055,0.072182,0.94246,0.99553,N1,UC_vs_CD
PIDD1,0.12821,2.147,4.3394,0.49477,0.62076,0.99553,N1,UC_vs_CD
RPLP2,34.983,1.2993,0.70597,1.8405,0.065699,0.99553,N1,UC_vs_CD
PNPLA2,0.87462,-0.40943,1.6952,-0.24152,0.80915,0.99553,N1,UC_vs_CD
CD151,0.45802,0.19031,2.513,0.07573,0.93963,0.99553,N1,UC_vs_CD
POLR2L,3.5999,-0.52531,1.3731,-0.38258,0.70203,0.99553,N1,UC_vs_CD
AP006623.1,0.16526,1.7355,4.296,0.40399,0.68622,0.99553,N1,UC_vs_CD
CHID1,1.6378,0.96112,1.529,0.6286,0.52961,0.99553,N1,UC_vs_CD
AP2A2,0.46959,0.246,1.8435,0.13344,0.89384,0.99553,N1,UC_vs_CD
MUC2,1.1257,-0.89723,2.121,-0.42302,0.67228,0.99553,N1,UC_vs_CD
MUC5B,0.035259,0.57985,4.1749,0.13889,0.88954,0.99553,N1,UC_vs_CD
TOLLIP,1.189,0.9929,1.7553,0.56565,0.57163,0.99553,N1,UC_vs_CD
MOB2,0.51764,1.5919,2.3767,0.66981,0.50298,0.99553,N1,UC_vs_CD
DUSP8,0.035259,0.57985,4.1749,0.13889,0.88954,0.99553,N1,UC_vs_CD
AC068580.4,0.26091,0.25946,2.237,0.11598,0.90767,0.99553,N1,UC_vs_CD
CTSD,9.6405,0.88132,1.0215,0.86279,0.38825,0.99553,N1,UC_vs_CD
AC068580.3,0.0738,0.29634,4.1055,0.072182,0.94246,0.99553,N1,UC_vs_CD
TNNI2,0.95944,-1.0354,1.4587,-0.70978,0.47784,0.99553,N1,UC_vs_CD
LSP1,9.3003,-0.40284,0.59364,-0.6786,0.49739,0.99553,N1,UC_vs_CD
MRPL23,0.0738,0.29634,4.1055,0.072182,0.94246,0.99553,N1,UC_vs_CD
ASCL2,0.31664,-0.12544,2.3932,-0.052413,0.9582,0.99553,N1,UC_vs_CD
C11orf21,0.14988,-0.59457,2.8782,-0.20658,0.83634,0.99553,N1,UC_vs_CD
CD81,2.0541,0.27288,1.3564,0.20118,0.84056,0.99553,N1,UC_vs_CD
TSSC4,0.72923,-1.1364,1.6053,-0.70793,0.47899,0.99553,N1,UC_vs_CD
KCNQ1,0.14988,-0.59457,2.8782,-0.20658,0.83634,0.99553,N1,UC_vs_CD
KCNQ1OT1,1.5701,-0.79073,1.8852,-0.41944,0.6749,0.99553,N1,UC_vs_CD
CDKN1C,0.12821,2.147,4.3394,0.49477,0.62076,0.99553,N1,UC_vs_CD
SLC22A18AS,0.14988,-0.59457,2.8782,-0.20658,0.83634,0.99553,N1,UC_vs_CD
SLC22A18,0.27989,0.51131,3.2798,0.1559,0.87612,0.99553,N1,UC_vs_CD
PHLDA2,1.4813,-2.2465,1.5399,-1.4589,0.1446,0.99553,N1,UC_vs_CD
NAP1L4,2.0781,1.0273,1.3858,0.74131,0.4585,0.99553,N1,UC_vs_CD
CARS,0.6781,0.57897,1.7807,0.32514,0.74508,0.99553,N1,UC_vs_CD
OSBPL5,0.12821,2.147,4.3394,0.49477,0.62076,0.99553,N1,UC_vs_CD
ZNF195,0.15185,1.7355,4.296,0.40399,0.68622,0.99553,N1,UC_vs_CD
CHRNA10,0.20052,0.9601,3.1736,0.30253,0.76225,0.99553,N1,UC_vs_CD
NUP98,4.0577,-1.0992,0.77916,-1.4108,0.15832,0.99553,N1,UC_vs_CD
PGAP2,0.42909,0.63412,2.4833,0.25535,0.79845,0.99553,N1,UC_vs_CD
RHOG,7.6284,0.15559,0.59486,0.26155,0.79366,0.99553,N1,UC_vs_CD
STIM1,0.27989,0.51131,3.2798,0.1559,0.87612,0.99553,N1,UC_vs_CD
RRM1,0.28822,2.5291,3.2881,0.76917,0.44179,0.99553,N1,UC_vs_CD
TRIM21,1.5552,-1.062,1.3748,-0.77249,0.43983,0.99553,N1,UC_vs_CD
OR52K2,0.31712,2.1207,3.0327,0.69927,0.48438,0.99553,N1,UC_vs_CD
OR52K1,0.035259,0.57985,4.1749,0.13889,0.88954,0.99553,N1,UC_vs_CD
HBB,53.753,8.7783,3.3809,2.5965,,,N1,UC_vs_CD
TRIM6,0.12821,2.147,4.3394,0.49477,0.62076,0.99553,N1,UC_vs_CD
TRIM5,0.14432,-0.42113,2.4698,-0.17051,0.86461,0.99553,N1,UC_vs_CD
TRIM22,5.3598,-1.8211,0.98388,-1.851,0.064172,0.99553,N1,UC_vs_CD
FAM160A2,0.65674,0.29293,1.8478,0.15853,0.87404,0.99553,N1,UC_vs_CD
SMPD1,0.53223,1.0875,3.552,0.30618,0.75947,0.99553,N1,UC_vs_CD
ARFIP2,0.47108,0.58177,1.8369,0.3167,0.75147,0.99553,N1,UC_vs_CD
TIMM10B,0.30433,-0.071221,2.1401,-0.033279,0.97345,0.99553,N1,UC_vs_CD
DNHD1,0.16526,1.7355,4.296,0.40399,0.68622,0.99553,N1,UC_vs_CD
RRP8,0.035259,0.57985,4.1749,0.13889,0.88954,0.99553,N1,UC_vs_CD
ILK,0.89905,-0.96334,1.9261,-0.50016,0.61696,0.99553,N1,UC_vs_CD
TAF10,0.52542,-1.4885,1.7781,-0.83713,0.40252,0.99553,N1,UC_vs_CD
TPP1,5.0758,-0.65565,0.80296,-0.81654,0.41419,0.99553,N1,UC_vs_CD
MRPL17,0.82561,0.98019,2.2531,0.43505,0.66352,0.99553,N1,UC_vs_CD
ZNF215,0.10906,-0.1236,2.6028,-0.047487,0.96213,0.99553,N1,UC_vs_CD
PPFIBP2,0.18843,-0.92039,3.1557,-0.29166,0.77055,0.99553,N1,UC_vs_CD
EIF3F,0.83075,-1.4499,1.7702,-0.81907,0.41274,0.99553,N1,UC_vs_CD
RIC3,0.38193,1.2016,3.5543,0.33806,0.73532,0.99553,N1,UC_vs_CD
STK33,0.0738,0.29634,4.1055,0.072182,0.94246,0.99553,N1,UC_vs_CD
RPL27A,22.053,0.23494,1.06,0.22165,0.82459,0.99553,N1,UC_vs_CD
ST5,0.16526,1.7355,4.296,0.40399,0.68622,0.99553,N1,UC_vs_CD
TMEM9B,0.73639,-0.039084,1.7873,-0.021867,0.98255,0.99553,N1,UC_vs_CD
TMEM9B-AS1,0.035259,0.57985,4.1749,0.13889,0.88954,0.99553,N1,UC_vs_CD
NRIP3,0.7863,-0.67372,2.9485,-0.2285,0.81926,0.99553,N1,UC_vs_CD
SCUBE2,0.035259,0.57985,4.1749,0.13889,0.88954,0.99553,N1,UC_vs_CD
DENND5A,5.5843,-0.12934,0.90257,-0.14331,0.88605,0.99553,N1,UC_vs_CD
TMEM41B,0.70559,1.4005,1.9906,0.70357,0.4817,0.99553,N1,UC_vs_CD
IPO7,0.37423,0.86918,3.8808,0.22397,0.82278,0.99553,N1,UC_vs_CD
AC132192.2,0.26579,0.22466,3.6635,0.061323,0.9511,0.99553,N1,UC_vs_CD
ZNF143,0.5978,1.0316,1.6,0.64477,0.51908,0.99553,N1,UC_vs_CD
SWAP70,0.62701,0.52824,1.6851,0.31348,0.75392,0.99553,N1,UC_vs_CD
SBF2-AS1,0.15185,1.7355,4.296,0.40399,0.68622,0.99553,N1,UC_vs_CD
SBF2,2.3535,0.037576,1.1688,0.032149,0.97435,0.99553,N1,UC_vs_CD
AC080023.1,0.035259,0.57985,4.1749,0.13889,0.88954,0.99553,N1,UC_vs_CD
ADM,11.363,-0.45392,0.66296,-0.68469,0.49354,0.99553,N1,UC_vs_CD
AMPD3,1.3896,0.18521,1.1838,0.15645,0.87568,0.99553,N1,UC_vs_CD
MTRNR2L8,43.576,-1.5693,0.66962,-2.3435,0.019102,0.99553,N1,UC_vs_CD
RNF141,2.0836,-0.49361,0.91365,-0.54026,0.58902,0.99553,N1,UC_vs_CD
MRVI1-AS1,0.31286,-0.0019167,3.8616,-0.00049634,0.9996,0.99979,N1,UC_vs_CD
MRVI1,0.31107,0.24196,2.0215,0.11969,0.90473,0.99553,N1,UC_vs_CD
CTR9,0.68771,-0.73311,1.7377,-0.42189,0.67311,0.99553,N1,UC_vs_CD
EIF4G2,9.6825,1.5617,0.58239,2.6815,0.0073285,0.99553,N1,UC_vs_CD
ZBED5,0.5258,1.5991,2.3876,0.66974,0.50302,0.99553,N1,UC_vs_CD
GALNT18,0.11463,0.076876,4.1956,0.018323,0.98538,0.99553,N1,UC_vs_CD
USP47,1.625,1.7851,1.1904,1.4996,0.13372,0.99553,N1,UC_vs_CD
MICAL2,0.45515,1.6646,3.2252,0.51613,0.60577,0.99553,N1,UC_vs_CD
LINC00958,0.10906,-0.1236,2.6028,-0.047487,0.96213,0.99553,N1,UC_vs_CD
ARNTL,0.43811,0.63858,1.9683,0.32444,0.74561,0.99553,N1,UC_vs_CD
BTBD10,0.36202,1.5516,2.4306,0.63838,0.52322,0.99553,N1,UC_vs_CD
FAR1,1.2905,0.34497,1.1411,0.30231,0.76242,0.99553,N1,UC_vs_CD
RRAS2,0.16001,1.7355,4.296,0.40399,0.68622,0.99553,N1,UC_vs_CD
COPB1,2.3305,0.89356,1.0107,0.8841,0.37664,0.99553,N1,UC_vs_CD
PSMA1,3.0464,1.2002,1.0162,1.181,0.2376,0.99553,N1,UC_vs_CD
PDE3B,0.44824,2.8852,3.5979,0.8019,0.42261,0.99553,N1,UC_vs_CD
CYP2R1,0.070518,0.17302,4.0786,0.042422,0.96616,0.99553,N1,UC_vs_CD
AC073172.1,0.84583,1.952,1.9674,0.99216,0.32112,0.99553,N1,UC_vs_CD
C11orf58,3.9446,0.38269,1.072,0.35697,0.72112,0.99553,N1,UC_vs_CD
RPS13,52.462,0.93715,0.88254,1.0619,0.28829,0.99553,N1,UC_vs_CD
PIK3C2A,1.2224,1.2565,1.8252,0.68843,0.49118,0.99553,N1,UC_vs_CD
NUCB2,6.0009,1.3289,1.2901,1.0301,0.30296,0.99553,N1,UC_vs_CD
NCR3LG1,0.60396,-0.13916,1.5708,-0.088591,0.92941,0.99553,N1,UC_vs_CD
AC124798.1,0.32694,1.3824,3.0158,0.45839,0.64667,0.99553,N1,UC_vs_CD
KCNC1,0.30813,2.1491,4.3393,0.49527,0.62041,0.99553,N1,UC_vs_CD
SAAL1,0.23381,0.79896,3.5449,0.22538,0.82168,0.99553,N1,UC_vs_CD
HPS5,3.5762,0.84411,0.76404,1.1048,0.26925,0.99553,N1,UC_vs_CD
GTF2H1,2.4051,-1.796,1.1559,-1.5537,0.12026,0.99553,N1,UC_vs_CD
LDHA,11.477,-0.3598,1.0292,-0.34958,0.72665,0.99553,N1,UC_vs_CD
TSG101,2.0845,0.19305,0.93684,0.20606,0.83674,0.99553,N1,UC_vs_CD
UEVLD,0.35369,-0.37652,2.4064,-0.15647,0.87567,0.99553,N1,UC_vs_CD
SPTY2D1OS,0.12821,2.147,4.3394,0.49477,0.62076,0.99553,N1,UC_vs_CD
SPTY2D1,3.5795,-0.94732,0.92047,-1.0292,0.3034,0.99553,N1,UC_vs_CD
IGSF22,0.0738,0.29634,4.1055,0.072182,0.94246,0.99553,N1,UC_vs_CD
ZDHHC13,0.035259,0.57985,4.1749,0.13889,0.88954,0.99553,N1,UC_vs_CD
E2F8,0.16001,1.7355,4.296,0.40399,0.68622,0.99553,N1,UC_vs_CD
HTATIP2,1.0159,-0.85703,1.3959,-0.61398,0.53923,0.99553,N1,UC_vs_CD
PRMT3,0.035259,0.57985,4.1749,0.13889,0.88954,0.99553,N1,UC_vs_CD
SVIP,2.1672,-0.077199,1.5814,-0.048818,0.96106,0.99553,N1,UC_vs_CD
CCDC34,0.32528,2.1316,3.0535,0.69809,0.48512,0.99553,N1,UC_vs_CD
LIN7C,0.32528,2.1316,3.0535,0.69809,0.48512,0.99553,N1,UC_vs_CD
BDNF-AS,0.0738,0.29634,4.1055,0.072182,0.94246,0.99553,N1,UC_vs_CD
KIF18A,0.15185,1.7355,4.296,0.40399,0.68622,0.99553,N1,UC_vs_CD
METTL15,0.29289,-0.022493,3.7788,-0.0059525,0.99525,0.99979,N1,UC_vs_CD
ARL14EP,1.7791,-0.45529,1.4971,-0.30411,0.76105,0.99553,N1,UC_vs_CD
DNAJC24,0.5137,0.14084,1.9743,0.071335,0.94313,0.99553,N1,UC_vs_CD
IMMP1L,0.38666,-0.37825,3.8257,-0.09887,0.92124,0.99553,N1,UC_vs_CD
ELP4,0.47288,0.37117,2.6325,0.141,0.88787,0.99553,N1,UC_vs_CD
AC131571.1,0.16001,1.7355,4.296,0.40399,0.68622,0.99553,N1,UC_vs_CD
RCN1,0.35369,-0.37652,2.4064,-0.15647,0.87567,0.99553,N1,UC_vs_CD
EIF3M,1.8467,1.1531,2.0884,0.55214,0.58085,0.99553,N1,UC_vs_CD
PRRG4,0.54457,-0.11296,1.9471,-0.058016,0.95374,0.99553,N1,UC_vs_CD
QSER1,0.39908,1.2938,2.4876,0.52012,0.60298,0.99553,N1,UC_vs_CD
TCP11L1,0.035259,0.57985,4.1749,0.13889,0.88954,0.99553,N1,UC_vs_CD
LINC00294,0.15185,1.7355,4.296,0.40399,0.68622,0.99553,N1,UC_vs_CD
CSTF3,0.16347,1.3862,2.7687,0.50066,0.61661,0.99553,N1,UC_vs_CD
HIPK3,1.8467,-0.34079,1.0418,-0.32711,0.74359,0.99553,N1,UC_vs_CD
CD59,2.3031,-1.9393,1.5677,-1.237,0.21608,0.99553,N1,UC_vs_CD
FBXO3,0.30433,-0.071221,2.1401,-0.033279,0.97345,0.99553,N1,UC_vs_CD
LMO2,0.82574,0.50198,1.4162,0.35445,0.723,0.99553,N1,UC_vs_CD
CAPRIN1,1.2767,1.4143,1.3724,1.0305,0.30276,0.99553,N1,UC_vs_CD
NAT10,0.16001,1.7355,4.296,0.40399,0.68622,0.99553,N1,UC_vs_CD
ABTB2,0.15185,1.7355,4.296,0.40399,0.68622,0.99553,N1,UC_vs_CD
CAT,1.5362,-0.2704,1.1944,-0.2264,0.82089,0.99553,N1,UC_vs_CD
APIP,0.37357,-1.9668,2.0655,-0.9522,0.341,0.99553,N1,UC_vs_CD
PDHX,0.035259,0.57985,4.1749,0.13889,0.88954,0.99553,N1,UC_vs_CD
CD44,76.261,-0.31313,0.63921,-0.48987,0.62423,0.99553,N1,UC_vs_CD
TRIM44,0.42617,0.63384,1.9421,0.32637,0.74414,0.99553,N1,UC_vs_CD
LDLRAD3,0.16526,1.7355,4.296,0.40399,0.68622,0.99553,N1,UC_vs_CD
COMMD9,0.16001,1.7355,4.296,0.40399,0.68622,0.99553,N1,UC_vs_CD
PRR5L,2.6875,-2.6358,1.6579,-1.5898,0.11188,0.99553,N1,UC_vs_CD
TRAF6,0.48695,1.7426,2.2523,0.7737,0.43911,0.99553,N1,UC_vs_CD
C11orf74,0.16526,1.7355,4.296,0.40399,0.68622,0.99553,N1,UC_vs_CD
API5,0.64268,1.73,3.8999,0.44359,0.65734,0.99553,N1,UC_vs_CD
TTC17,0.4996,0.00091972,2.4759,0.00037147,0.9997,0.99979,N1,UC_vs_CD
HSD17B12,1.5263,0.91983,1.3616,0.67555,0.49933,0.99553,N1,UC_vs_CD
EXT2,0.33052,2.1419,4.2023,0.5097,0.61026,0.99553,N1,UC_vs_CD
CD82,4.602,-0.69812,0.93908,-0.74341,0.45724,0.99553,N1,UC_vs_CD
TP53I11,0.70707,-1.1978,2.6971,-0.44412,0.65696,0.99553,N1,UC_vs_CD
PRDM11,0.16526,1.7355,4.296,0.40399,0.68622,0.99553,N1,UC_vs_CD
SLC35C1,0.1476,-0.38372,3.978,-0.09646,0.92315,0.99553,N1,UC_vs_CD
CRY2,0.31187,2.1139,3.0197,0.70005,0.48389,0.99553,N1,UC_vs_CD
MAPK8IP1,0.035259,0.57985,4.1749,0.13889,0.88954,0.99553,N1,UC_vs_CD
PEX16,0.78375,2.7037,3.2904,0.82168,0.41126,0.99553,N1,UC_vs_CD
PHF21A,1.4288,-1.4301,1.3179,-1.0852,0.27784,0.99553,N1,UC_vs_CD
CREB3L1,0.0738,0.29634,4.1055,0.072182,0.94246,0.99553,N1,UC_vs_CD
DGKZ,1.1955,-0.3554,1.3044,-0.27246,0.78527,0.99553,N1,UC_vs_CD
MDK,0.14988,-0.59457,2.8782,-0.20658,0.83634,0.99553,N1,UC_vs_CD
AMBRA1,0.16526,1.7355,4.296,0.40399,0.68622,0.99553,N1,UC_vs_CD
ATG13,0.65951,-0.60579,1.6604,-0.36485,0.71522,0.99553,N1,UC_vs_CD
ARHGAP1,1.0611,0.62858,1.3871,0.45316,0.65044,0.99553,N1,UC_vs_CD
ZNF408,0.11463,0.076876,4.1956,0.018323,0.98538,0.99553,N1,UC_vs_CD
CKAP5,0.64006,2.5648,4.1315,0.62078,0.53474,0.99553,N1,UC_vs_CD
C11orf49,0.035259,0.57985,4.1749,0.13889,0.88954,0.99553,N1,UC_vs_CD
ARFGAP2,1.0089,0.74696,1.4347,0.52062,0.60263,0.99553,N1,UC_vs_CD
DDB2,0.62816,3.0923,3.9964,0.77377,0.43907,0.99553,N1,UC_vs_CD
ACP2,0.54194,1.7047,2.6528,0.64262,0.52047,0.99553,N1,UC_vs_CD
MADD,0.16001,1.7355,4.296,0.40399,0.68622,0.99553,N1,UC_vs_CD
SPI1,9.4519,-1.3979,1.1768,-1.1879,0.23488,0.99553,N1,UC_vs_CD
SLC39A13,0.43634,2.8476,3.2624,0.87286,0.38274,0.99553,N1,UC_vs_CD
PSMC3,1.5903,1.8809,1.3553,1.3878,0.16521,0.99553,N1,UC_vs_CD
CELF1,4.2452,0.50624,0.95638,0.52933,0.59657,0.99553,N1,UC_vs_CD
NDUFS3,0.70721,2.1674,2.1901,0.98964,0.32235,0.99553,N1,UC_vs_CD
PTPMT1,0.035259,0.57985,4.1749,0.13889,0.88954,0.99553,N1,UC_vs_CD
MTCH2,0.50813,0.088331,1.9249,0.04589,0.9634,0.99553,N1,UC_vs_CD
FNBP4,1.4067,1.7757,1.3663,1.2996,0.19374,0.99553,N1,UC_vs_CD
NUP160,0.82183,0.84624,1.8261,0.46342,0.64306,0.99553,N1,UC_vs_CD
PTPRJ,3.2802,-0.93371,0.87794,-1.0635,0.28754,0.99553,N1,UC_vs_CD
TNKS1BP1,0.15185,1.7355,4.296,0.40399,0.68622,0.99553,N1,UC_vs_CD
SSRP1,0.30813,2.1491,4.3393,0.49527,0.62041,0.99553,N1,UC_vs_CD
SLC43A3,3.668,-1.2643,1.1585,-1.0913,0.27512,0.99553,N1,UC_vs_CD
TIMM10,1.6158,1.0577,2.5772,0.41043,0.68149,0.99553,N1,UC_vs_CD
UBE2L6,4.0808,0.46455,1.0321,0.45009,0.65265,0.99553,N1,UC_vs_CD
SERPING1,1.3524,-0.64369,1.7366,-0.37065,0.7109,0.99553,N1,UC_vs_CD
ZDHHC5,0.69328,-1.0203,1.5244,-0.66929,0.50331,0.99553,N1,UC_vs_CD
MED19,0.45999,2.6284,3.7508,0.70074,0.48347,0.99553,N1,UC_vs_CD
TMX2,0.51913,2.0051,2.0799,0.96403,0.33503,0.99553,N1,UC_vs_CD
SELENOH,2.8791,-0.69947,1.0813,-0.64689,0.5177,0.99553,N1,UC_vs_CD
CTNND1,0.89318,-0.065551,1.5211,-0.043093,0.96563,0.99553,N1,UC_vs_CD
LPXN,0.40432,1.2823,3.9485,0.32476,0.74536,0.99553,N1,UC_vs_CD
ZFP91,0.27464,0.50675,3.2634,0.15528,0.8766,0.99553,N1,UC_vs_CD
FAM111A-DT,0.16001,1.7355,4.296,0.40399,0.68622,0.99553,N1,UC_vs_CD
FAM111A,1.1372,0.68566,2.3833,0.2877,0.77358,0.99553,N1,UC_vs_CD
DTX4,0.035259,0.57985,4.1749,0.13889,0.88954,0.99553,N1,UC_vs_CD
MPEG1,1.6986,0.29736,1.7011,0.1748,0.86123,0.99553,N1,UC_vs_CD
OSBP,0.74817,0.79785,1.8953,0.42096,0.67379,0.99553,N1,UC_vs_CD
AP000442.2,0.035259,0.57985,4.1749,0.13889,0.88954,0.99553,N1,UC_vs_CD
PATL1,2.2982,-0.34187,1.4684,-0.23282,0.8159,0.99553,N1,UC_vs_CD
STX3,8.5703,-0.45169,1.0348,-0.43652,0.66246,0.99553,N1,UC_vs_CD
AP000640.1,0.035259,0.57985,4.1749,0.13889,0.88954,0.99553,N1,UC_vs_CD
MRPL16,0.35529,1.3328,3.6732,0.36284,0.71673,0.99553,N1,UC_vs_CD
MS4A3,1.2801,3.0121,4.0819,0.73791,0.46057,0.99553,N1,UC_vs_CD
MS4A6A,1.9392,1.4801,1.4802,0.99997,0.31733,0.99553,N1,UC_vs_CD
MS4A7,2.3265,2.2036,3.1113,0.70824,0.4788,0.99553,N1,UC_vs_CD
MS4A1,1.0055,4.0299,2.7303,1.476,0.13995,0.99553,N1,UC_vs_CD
TMEM109,0.23906,0.79839,3.5646,0.22398,0.82277,0.99553,N1,UC_vs_CD
SLC15A3,3.9883,-0.17038,0.72425,-0.23525,0.81401,0.99553,N1,UC_vs_CD
CD6,0.16001,1.7355,4.296,0.40399,0.68622,0.99553,N1,UC_vs_CD
VPS37C,0.45169,2.2419,2.3265,0.96364,0.33523,0.99553,N1,UC_vs_CD
DDB1,1.2805,-0.51228,1.4907,-0.34366,0.7311,0.99553,N1,UC_vs_CD
TKFC,0.31712,2.1207,3.0327,0.69927,0.48438,0.99553,N1,UC_vs_CD
CYB561A3,1.4802,1.78,1.3248,1.3436,0.17909,0.99553,N1,UC_vs_CD
TMEM138,0.90331,1.255,1.6137,0.77771,0.43674,0.99553,N1,UC_vs_CD
TMEM216,0.12821,2.147,4.3394,0.49477,0.62076,0.99553,N1,UC_vs_CD
CPSF7,0.38042,-0.82675,2.2722,-0.36385,0.71597,0.99553,N1,UC_vs_CD
AP003108.2,0.070518,0.17302,4.0786,0.042422,0.96616,0.99553,N1,UC_vs_CD
SDHAF2,1.0511,1.8275,1.6786,1.0887,0.27628,0.99553,N1,UC_vs_CD
TMEM258,14.472,0.58088,0.88131,0.6591,0.50983,0.99553,N1,UC_vs_CD
FEN1,0.16001,1.7355,4.296,0.40399,0.68622,0.99553,N1,UC_vs_CD
FADS2,0.1476,-0.38372,3.978,-0.09646,0.92315,0.99553,N1,UC_vs_CD
FADS1,0.27989,0.51131,3.2798,0.1559,0.87612,0.99553,N1,UC_vs_CD
FADS3,0.16526,1.7355,4.296,0.40399,0.68622,0.99553,N1,UC_vs_CD
RAB3IL1,0.16526,1.7355,4.296,0.40399,0.68622,0.99553,N1,UC_vs_CD
BEST1,4.9894,-0.75704,1.1229,-0.67417,0.50021,0.99553,N1,UC_vs_CD
FTH1,2084,-1.1659,0.80849,-1.4421,0.14927,0.99553,N1,UC_vs_CD
INCENP,0.27464,0.50675,3.2634,0.15528,0.8766,0.99553,N1,UC_vs_CD
AHNAK,6.087,-0.97117,1.9179,-0.50637,0.6126,0.99553,N1,UC_vs_CD
EML3,0.33471,-0.22527,2.2616,-0.099608,0.92066,0.99553,N1,UC_vs_CD
ROM1,0.15185,1.7355,4.296,0.40399,0.68622,0.99553,N1,UC_vs_CD
B3GAT3,0.77939,1.0844,1.4807,0.73234,0.46396,0.99553,N1,UC_vs_CD
GANAB,1.5158,1.2006,1.264,0.94984,0.34219,0.99553,N1,UC_vs_CD
INTS5,0.1476,-0.38372,3.978,-0.09646,0.92315,0.99553,N1,UC_vs_CD
LBHD1,0.0738,0.29634,4.1055,0.072182,0.94246,0.99553,N1,UC_vs_CD
CSKMT,0.49579,2.3994,4.1562,0.57731,0.56373,0.99553,N1,UC_vs_CD
UQCC3,0.51239,1.6012,2.0101,0.79658,0.42569,0.99553,N1,UC_vs_CD
UBXN1,2.6433,-0.31832,1.0484,-0.30363,0.76141,0.99553,N1,UC_vs_CD
HNRNPUL2,1.2757,0.91046,1.5484,0.58801,0.55653,0.99553,N1,UC_vs_CD
TTC9C,0.4063,0.74414,2.423,0.30712,0.75875,0.99553,N1,UC_vs_CD
ZBTB3,0.0738,0.29634,4.1055,0.072182,0.94246,0.99553,N1,UC_vs_CD
POLR2G,0.72435,1.7877,2.6096,0.68506,0.49331,0.99553,N1,UC_vs_CD
AP001160.2,0.035259,0.57985,4.1749,0.13889,0.88954,0.99553,N1,UC_vs_CD
TAF6L,0.0738,0.29634,4.1055,0.072182,0.94246,0.99553,N1,UC_vs_CD
TMEM179B,1.1699,-0.92712,1.3704,-0.67653,0.49871,0.99553,N1,UC_vs_CD
NXF1,1.1618,-1.1919,1.7182,-0.69369,0.48788,0.99553,N1,UC_vs_CD
STX5,1.988,1.3007,1.251,1.0397,0.29846,0.99553,N1,UC_vs_CD
AP001160.1,1.1426,0.18789,2.1799,0.086194,0.93131,0.99553,N1,UC_vs_CD
WDR74,1.6977,-0.26195,1.2315,-0.21271,0.83155,0.99553,N1,UC_vs_CD
SLC3A2,7.5651,-0.1225,0.85367,-0.1435,0.8859,0.99553,N1,UC_vs_CD
RARRES3,3.6108,-0.31834,1.5756,-0.20204,0.83989,0.99553,N1,UC_vs_CD
HRASLS2,0.16001,1.7355,4.296,0.40399,0.68622,0.99553,N1,UC_vs_CD
PLA2G16,0.27464,0.50675,3.2634,0.15528,0.8766,0.99553,N1,UC_vs_CD
ATL3,0.7567,1.0165,2.0489,0.49613,0.61981,0.99553,N1,UC_vs_CD
RTN3,9.4399,0.40322,0.71311,0.56544,0.57177,0.99553,N1,UC_vs_CD
SPINDOC,0.23381,0.79896,3.5449,0.22538,0.82168,0.99553,N1,UC_vs_CD
MARK2,0.78394,0.25655,1.698,0.15109,0.87991,0.99553,N1,UC_vs_CD
COX8A,7.3094,0.88563,0.58663,1.5097,0.13112,0.99553,N1,UC_vs_CD
OTUB1,1.1347,-0.52434,1.3053,-0.40171,0.6879,0.99553,N1,UC_vs_CD
STIP1,1.0615,0.14649,1.4977,0.097812,0.92208,0.99553,N1,UC_vs_CD
FERMT3,6.6492,0.69293,0.7263,0.95405,0.34006,0.99553,N1,UC_vs_CD
TRPT1,0.8909,2.357,3.1597,0.74595,0.4557,0.99553,N1,UC_vs_CD
NUDT22,1.5029,1.3232,1.2085,1.095,0.27354,0.99553,N1,UC_vs_CD
DNAJC4,1.0405,0.73724,1.6927,0.43553,0.66318,0.99553,N1,UC_vs_CD
VEGFB,0.035259,0.57985,4.1749,0.13889,0.88954,0.99553,N1,UC_vs_CD
FKBP2,14.935,0.81446,1.5518,0.52485,0.59969,0.99553,N1,UC_vs_CD
PPP1R14B,0.67561,-1.8187,1.7571,-1.0351,0.30063,0.99553,N1,UC_vs_CD
BAD,0.34028,-0.37373,2.3837,-0.15679,0.87541,0.99553,N1,UC_vs_CD
GPR137,0.8591,1.9528,2.9992,0.6511,0.51498,0.99553,N1,UC_vs_CD
ESRRA,0.23906,0.79839,3.5646,0.22398,0.82277,0.99553,N1,UC_vs_CD
TRMT112,6.825,-0.68995,0.97472,-0.70784,0.47905,0.99553,N1,UC_vs_CD
PRDX5,8.7742,1.1307,0.67087,1.6854,0.091915,0.99553,N1,UC_vs_CD
AP003774.4,0.49524,1.9097,2.5001,0.76385,0.44496,0.99553,N1,UC_vs_CD
CCDC88B,3.3914,0.2073,1.1389,0.18202,0.85557,0.99553,N1,UC_vs_CD
RPS6KA4,0.0738,0.29634,4.1055,0.072182,0.94246,0.99553,N1,UC_vs_CD
RASGRP2,0.82643,-0.23657,1.5487,-0.15276,0.87859,0.99553,N1,UC_vs_CD
SF1,2.9846,-0.41893,0.88066,-0.4757,0.63429,0.99553,N1,UC_vs_CD
AP001462.1,0.035259,0.57985,4.1749,0.13889,0.88954,0.99553,N1,UC_vs_CD
MAP4K2,0.035259,0.57985,4.1749,0.13889,0.88954,0.99553,N1,UC_vs_CD
MEN1,0.15185,1.7355,4.296,0.40399,0.68622,0.99553,N1,UC_vs_CD
CDC42BPG,0.15185,1.7355,4.296,0.40399,0.68622,0.99553,N1,UC_vs_CD
EHD1,22.873,0.24149,0.6354,0.38005,0.70391,0.99553,N1,UC_vs_CD
MIR194-2HG,0.69349,-1.9368,2.6336,-0.73544,0.46207,0.99553,N1,UC_vs_CD
ATG2A,5.3432,-0.65167,1.1894,-0.5479,0.58376,0.99553,N1,UC_vs_CD
PPP2R5B,0.30813,2.1491,4.3393,0.49527,0.62041,0.99553,N1,UC_vs_CD
BATF2,2.874,-2.6388,1.6115,-1.6375,0.10153,0.99553,N1,UC_vs_CD
ARL2,0.37865,1.149,3.3299,0.34506,0.73005,0.99553,N1,UC_vs_CD
SAC3D1,0.16526,1.7355,4.296,0.40399,0.68622,0.99553,N1,UC_vs_CD
NAALADL1,0.15185,1.7355,4.296,0.40399,0.68622,0.99553,N1,UC_vs_CD
CDCA5,0.61626,3.1638,4.327,0.73117,0.46468,0.99553,N1,UC_vs_CD
ZFPL1,0.23053,0.5269,3.4413,0.15311,0.87831,0.99553,N1,UC_vs_CD
VPS51,0.58619,0.90537,1.7242,0.52508,0.59953,0.99553,N1,UC_vs_CD
FAU,96.925,0.74815,0.62737,1.1925,0.23306,0.99553,N1,UC_vs_CD
SYVN1,1.3371,1.1482,1.5972,0.71891,0.4722,0.99553,N1,UC_vs_CD
MRPL49,0.16526,1.7355,4.296,0.40399,0.68622,0.99553,N1,UC_vs_CD
AP003068.2,0.0738,0.29634,4.1055,0.072182,0.94246,0.99553,N1,UC_vs_CD
CAPN1,0.92564,0.13722,1.7112,0.080187,0.93609,0.99553,N1,UC_vs_CD
CDC42EP2,3.4341,-0.062423,0.7722,-0.080837,0.93557,0.99553,N1,UC_vs_CD
DPF2,1.7301,2.4963,1.4708,1.6972,0.089655,0.99553,N1,UC_vs_CD
SLC25A45,0.20052,0.9601,3.1736,0.30253,0.76225,0.99553,N1,UC_vs_CD
FRMD8,0.50686,1.6418,2.0651,0.79503,0.4266,0.99553,N1,UC_vs_CD
NEAT1,741.21,-0.70086,0.34314,-2.0425,0.041105,0.99553,N1,UC_vs_CD
AP000769.3,0.16001,1.7355,4.296,0.40399,0.68622,0.99553,N1,UC_vs_CD
MALAT1,3517.1,0.13022,0.42639,0.30539,0.76007,0.99553,N1,UC_vs_CD
AP000769.2,0.16526,1.7355,4.296,0.40399,0.68622,0.99553,N1,UC_vs_CD
SCYL1,0.57336,1.7168,2.6203,0.65521,0.51233,0.99553,N1,UC_vs_CD
LTBP3,0.27989,0.51131,3.2798,0.1559,0.87612,0.99553,N1,UC_vs_CD
SSSCA1,2.4373,1.5101,1.2401,1.2177,0.22334,0.99553,N1,UC_vs_CD
FAM89B,1.2186,3.5496,1.7766,1.998,0.045721,0.99553,N1,UC_vs_CD
EHBP1L1,0.60126,0.99606,1.6449,0.60553,0.54483,0.99553,N1,UC_vs_CD
MAP3K11,3.1494,0.34603,0.82519,0.41933,0.67498,0.99553,N1,UC_vs_CD
PCNX3,0.47337,0.21433,1.8614,0.11514,0.90833,0.99553,N1,UC_vs_CD
SIPA1,2.1047,2.1944,1.3796,1.5906,0.1117,0.99553,N1,UC_vs_CD
RELA,4.1941,-1.0487,1.2046,-0.87056,0.38399,0.99553,N1,UC_vs_CD
KAT5,0.93808,0.14931,1.2762,0.117,0.90686,0.99553,N1,UC_vs_CD
RNASEH2C,0.25666,-0.90316,2.8674,-0.31497,0.75278,0.99553,N1,UC_vs_CD
AP5B1,3.0596,-2.1452,1.2258,-1.75,0.080123,0.99553,N1,UC_vs_CD
OVOL1,0.0738,0.29634,4.1055,0.072182,0.94246,0.99553,N1,UC_vs_CD
CFL1,33.223,-0.078356,0.38408,-0.20401,0.83835,0.99553,N1,UC_vs_CD
MUS81,0.30761,-0.0017928,3.8441,-0.00046637,0.99963,0.99979,N1,UC_vs_CD
FIBP,0.32348,1.7502,2.304,0.75963,0.44748,0.99553,N1,UC_vs_CD
CCDC85B,0.54986,-2.554,2.05,-1.2459,0.21281,0.99553,N1,UC_vs_CD
FOSL1,0.85219,-0.45397,1.4379,-0.31572,0.75222,0.99553,N1,UC_vs_CD
C11orf68,0.42168,2.9797,3.5886,0.83031,0.40636,0.99553,N1,UC_vs_CD
DRAP1,5.2258,-0.11639,0.80492,-0.1446,0.88502,0.99553,N1,UC_vs_CD
SART1,0.82561,0.98019,2.2531,0.43505,0.66352,0.99553,N1,UC_vs_CD
EIF1AD,0.51239,1.6012,2.0101,0.79658,0.42569,0.99553,N1,UC_vs_CD
BANF1,1.9141,3.6083,1.7708,2.0377,0.04158,0.99553,N1,UC_vs_CD
CATSPER1,0.33052,2.1419,4.2023,0.5097,0.61026,0.99553,N1,UC_vs_CD
SF3B2,1.6855,0.79325,1.1948,0.6639,0.50675,0.99553,N1,UC_vs_CD
PACS1,1.1529,0.31884,1.4977,0.21289,0.83141,0.99553,N1,UC_vs_CD
KLC2,0.11463,0.076876,4.1956,0.018323,0.98538,0.99553,N1,UC_vs_CD
RAB1B,1.7052,0.24813,1.12,0.22154,0.82467,0.99553,N1,UC_vs_CD
AP001107.2,0.035259,0.57985,4.1749,0.13889,0.88954,0.99553,N1,UC_vs_CD
YIF1A,2.0593,1.529,1.4718,1.0389,0.29886,0.99553,N1,UC_vs_CD
BRMS1,1.1508,1.0571,1.5947,0.66287,0.50741,0.99553,N1,UC_vs_CD
MRPL11,0.57461,1.3038,2.7916,0.46703,0.64048,0.99553,N1,UC_vs_CD
DPP3,0.29945,-0.0015891,3.8162,-0.00041641,0.99967,0.99979,N1,UC_vs_CD
CCS,0.46897,2.3727,3.163,0.75016,0.45316,0.99553,N1,UC_vs_CD
RBM14,1.0944,2.1827,3.0586,0.71362,0.47546,0.99553,N1,UC_vs_CD
RBM4,0.96224,-1.5331,1.5652,-0.97952,0.32732,0.99553,N1,UC_vs_CD
RBM4B,0.38193,1.2016,3.5543,0.33806,0.73532,0.99553,N1,UC_vs_CD
AP001157.1,0.16001,1.7355,4.296,0.40399,0.68622,0.99553,N1,UC_vs_CD
C11orf80,0.23381,0.79896,3.5449,0.22538,0.82168,0.99553,N1,UC_vs_CD
RCE1,0.30433,-0.071221,2.1401,-0.033279,0.97345,0.99553,N1,UC_vs_CD
KDM2A,3.8551,-0.18043,0.91847,-0.19644,0.84426,0.99553,N1,UC_vs_CD
GRK2,2.849,-0.78053,1.1881,-0.65698,0.51119,0.99553,N1,UC_vs_CD
ANKRD13D,1.3341,1.1528,1.1738,0.98212,0.32604,0.99553,N1,UC_vs_CD
RAD9A,1.0673,0.89582,1.8232,0.49134,0.62319,0.99553,N1,UC_vs_CD
POLD4,0.30958,-0.070584,2.1467,-0.03288,0.97377,0.99553,N1,UC_vs_CD
AP003419.2,0.15185,1.7355,4.296,0.40399,0.68622,0.99553,N1,UC_vs_CD
PPP1CA,3.6879,1.0091,0.81604,1.2366,0.21622,0.99553,N1,UC_vs_CD
TBC1D10C,0.51191,0.082628,1.7065,0.04842,0.96138,0.99553,N1,UC_vs_CD
RPS6KB2,1.0749,0.43015,1.7458,0.24639,0.80538,0.99553,N1,UC_vs_CD
CORO1B,0.27989,0.51131,3.2798,0.1559,0.87612,0.99553,N1,UC_vs_CD
TMEM134,0.73037,-0.12172,2.1624,-0.056291,0.95511,0.99553,N1,UC_vs_CD
AIP,0.91147,1.2565,1.6178,0.77666,0.43736,0.99553,N1,UC_vs_CD
PITPNM1,0.42168,2.9797,3.5886,0.83031,0.40636,0.99553,N1,UC_vs_CD
CDK2AP2,1.2916,3.5263,3.1124,1.133,0.25721,0.99553,N1,UC_vs_CD
GSTP1,11.412,1.7691,1.0301,1.7173,0.085919,0.99553,N1,UC_vs_CD
NDUFV1,1.8866,2.4569,2.0006,1.2281,0.21942,0.99553,N1,UC_vs_CD
UNC93B1,0.53247,-0.55935,2.1853,-0.25596,0.79798,0.99553,N1,UC_vs_CD
ALDH3B1,0.41989,2.1477,3.2788,0.65503,0.51245,0.99553,N1,UC_vs_CD
NDUFS8,1.8301,2.0811,1.6237,1.2817,0.19994,0.99553,N1,UC_vs_CD
TCIRG1,4.8792,0.88246,1.0651,0.82852,0.40738,0.99553,N1,UC_vs_CD
AP002807.1,0.0738,0.29634,4.1055,0.072182,0.94246,0.99553,N1,UC_vs_CD
CHKA,0.33052,2.1419,4.2023,0.5097,0.61026,0.99553,N1,UC_vs_CD
KMT5B,0.64841,0.35315,2.1437,0.16473,0.86915,0.99553,N1,UC_vs_CD
C11orf24,0.39908,1.2938,2.4876,0.52012,0.60298,0.99553,N1,UC_vs_CD
LRP5,0.18711,0.95949,3.1139,0.30814,0.75798,0.99553,N1,UC_vs_CD
PPP6R3,2.4014,0.39414,0.92135,0.42779,0.66881,0.99553,N1,UC_vs_CD
TESMIN,0.22925,-0.75796,4.1396,-0.1831,0.85472,0.99553,N1,UC_vs_CD
CPT1A,0.38042,-0.82675,2.2722,-0.36385,0.71597,0.99553,N1,UC_vs_CD
MRPL21,1.1456,1.0293,1.7077,0.60275,0.54668,0.99553,N1,UC_vs_CD
IGHMBP2,0.77562,-0.39558,2.3355,-0.16938,0.8655,0.99553,N1,UC_vs_CD
TPCN2,0.0738,0.29634,4.1055,0.072182,0.94246,0.99553,N1,UC_vs_CD
CCND1,0.035259,0.57985,4.1749,0.13889,0.88954,0.99553,N1,UC_vs_CD
ORAOV1,0.15185,1.7355,4.296,0.40399,0.68622,0.99553,N1,UC_vs_CD
PPFIA1,0.88622,0.45691,2.2092,0.20682,0.83615,0.99553,N1,UC_vs_CD
AP002387.2,0.38193,1.2016,3.5543,0.33806,0.73532,0.99553,N1,UC_vs_CD
NADSYN1,0.27432,0.25917,2.2534,0.11501,0.90844,0.99553,N1,UC_vs_CD
RNF121,0.0738,0.29634,4.1055,0.072182,0.94246,0.99553,N1,UC_vs_CD
IL18BP,0.36669,-0.48149,2.1597,-0.22294,0.82358,0.99553,N1,UC_vs_CD
NUMA1,0.70278,1.7989,2.0156,0.89249,0.37213,0.99553,N1,UC_vs_CD
AP002490.1,0.16001,1.7355,4.296,0.40399,0.68622,0.99553,N1,UC_vs_CD
LRTOMT,0.11463,0.076876,4.1956,0.018323,0.98538,0.99553,N1,UC_vs_CD
LAMTOR1,2.7217,0.65787,0.92289,0.71284,0.47595,0.99553,N1,UC_vs_CD
ANAPC15,1.0119,0.7837,1.8244,0.42955,0.66752,0.99553,N1,UC_vs_CD
INPPL1,0.53182,-0.35848,1.9714,-0.18184,0.85571,0.99553,N1,UC_vs_CD
LINC01537,0.11463,0.076876,4.1956,0.018323,0.98538,0.99553,N1,UC_vs_CD
PDE2A,0.035259,0.57985,4.1749,0.13889,0.88954,0.99553,N1,UC_vs_CD
ARAP1,2.1303,0.59127,1.1943,0.49509,0.62053,0.99553,N1,UC_vs_CD
STARD10,0.33274,-1.7082,2.0359,-0.83906,0.40144,0.99553,N1,UC_vs_CD
ATG16L2,2.1042,-0.36903,1.4748,-0.25022,0.80242,0.99553,N1,UC_vs_CD
FCHSD2,1.8672,-1.865,1.3371,-1.3948,0.16306,0.99553,N1,UC_vs_CD
P2RY2,0.23906,0.79839,3.5646,0.22398,0.82277,0.99553,N1,UC_vs_CD
P2RY6,0.1476,-0.38372,3.978,-0.09646,0.92315,0.99553,N1,UC_vs_CD
RELT,3.4697,-0.72474,0.82377,-0.87979,0.37897,0.99553,N1,UC_vs_CD
FAM168A,0.14988,-0.59457,2.8782,-0.20658,0.83634,0.99553,N1,UC_vs_CD
PLEKHB1,0.16526,1.7355,4.296,0.40399,0.68622,0.99553,N1,UC_vs_CD
RAB6A,0.44515,0.98635,3.5221,0.28005,0.77944,0.99553,N1,UC_vs_CD
MRPL48,0.16001,1.7355,4.296,0.40399,0.68622,0.99553,N1,UC_vs_CD
COA4,0.78101,1.5063,2.1762,0.69216,0.48884,0.99553,N1,UC_vs_CD
PAAF1,0.5153,1.5743,3.9208,0.40152,0.68804,0.99553,N1,UC_vs_CD
UCP2,1.5609,0.31542,1.3692,0.23037,0.81781,0.99553,N1,UC_vs_CD
C2CD3,0.34484,-0.30319,2.143,-0.14148,0.88749,0.99553,N1,UC_vs_CD
PPME1,0.15185,1.7355,4.296,0.40399,0.68622,0.99553,N1,UC_vs_CD
PGM2L1,0.035259,0.57985,4.1749,0.13889,0.88954,0.99553,N1,UC_vs_CD
KCNE3,1.4874,-0.84257,1.2242,-0.68825,0.49129,0.99553,N1,UC_vs_CD
POLD3,0.26907,0.25928,2.2471,0.11538,0.90814,0.99553,N1,UC_vs_CD
RNF169,0.51338,0.04869,2.5845,0.018839,0.98497,0.99553,N1,UC_vs_CD
XRRA1,0.34287,-0.22519,2.2744,-0.09901,0.92113,0.99553,N1,UC_vs_CD
SPCS2,23.401,0.72024,1.1664,0.61751,0.5369,0.99553,N1,UC_vs_CD
NEU3,0.95965,2.7911,3.9882,0.69984,0.48402,0.99553,N1,UC_vs_CD
OR2AT4,0.30813,2.1491,4.3393,0.49527,0.62041,0.99553,N1,UC_vs_CD
ARRB1,0.67765,1.81,1.9638,0.92167,0.3567,0.99553,N1,UC_vs_CD
RPS3,50.447,1.419,0.88093,1.6108,0.10723,0.99553,N1,UC_vs_CD
SERPINH1,0.45556,2.3509,4.1642,0.56455,0.57238,0.99553,N1,UC_vs_CD
DGAT2,5.3999,-0.67241,0.83855,-0.80187,0.42263,0.99553,N1,UC_vs_CD
UVRAG,0.6874,-1.1196,1.8119,-0.61794,0.53661,0.99553,N1,UC_vs_CD
THAP12,1.1389,0.11083,1.2281,0.090245,0.92809,0.99553,N1,UC_vs_CD
AP002360.1,0.16001,1.7355,4.296,0.40399,0.68622,0.99553,N1,UC_vs_CD
EMSY,0.73037,-0.12172,2.1624,-0.056291,0.95511,0.99553,N1,UC_vs_CD
LRRC32,0.12821,2.147,4.3394,0.49477,0.62076,0.99553,N1,UC_vs_CD
ACER3,0.82018,0.7175,1.369,0.52412,0.6002,0.99553,N1,UC_vs_CD
PAK1,4.2907,-0.31498,0.68622,-0.459,0.64623,0.99553,N1,UC_vs_CD
AP003680.1,0.32061,-1.1548,2.8196,-0.40957,0.68212,0.99553,N1,UC_vs_CD
CLNS1A,0.78524,0.80871,1.5917,0.50807,0.61141,0.99553,N1,UC_vs_CD
RSF1,2.5827,-0.58026,0.9356,-0.6202,0.53513,0.99553,N1,UC_vs_CD
AAMDC,0.15185,1.7355,4.296,0.40399,0.68622,0.99553,N1,UC_vs_CD
AP002812.5,0.32003,2.1244,4.2058,0.50511,0.61349,0.99553,N1,UC_vs_CD
INTS4,0.63714,2.5873,2.3973,1.0793,0.28047,0.99553,N1,UC_vs_CD
NDUFC2,6.1979,1.5008,1.074,1.3975,0.16228,0.99553,N1,UC_vs_CD
ALG8,0.90088,0.35889,2.2472,0.1597,0.87311,0.99553,N1,UC_vs_CD
KCTD21,0.23906,0.79839,3.5646,0.22398,0.82277,0.99553,N1,UC_vs_CD
GAB2,2.4535,-0.40294,0.91839,-0.43875,0.66084,0.99553,N1,UC_vs_CD
AP003086.1,0.75961,1.0392,1.9468,0.53379,0.59348,0.99553,N1,UC_vs_CD
NARS2,0.16001,1.7355,4.296,0.40399,0.68622,0.99553,N1,UC_vs_CD
PRCP,1.7783,0.40811,1.0527,0.38767,0.69826,0.99553,N1,UC_vs_CD
DDIAS,0.035259,0.57985,4.1749,0.13889,0.88954,0.99553,N1,UC_vs_CD
RAB30,2.6458,0.78321,2.0712,0.37814,0.70533,0.99553,N1,UC_vs_CD
RAB30-AS1,0.54371,-0.3133,1.9249,-0.16276,0.87071,0.99553,N1,UC_vs_CD
PCF11,4.2261,-0.11565,0.81569,-0.14178,0.88726,0.99553,N1,UC_vs_CD
ANKRD42,0.33052,2.1419,4.2023,0.5097,0.61026,0.99553,N1,UC_vs_CD
CCDC90B,0.64351,2.3258,2.6626,0.87352,0.38238,0.99553,N1,UC_vs_CD
TMEM126B,0.48263,-2.3425,1.9504,-1.201,0.22975,0.99553,N1,UC_vs_CD
TMEM126A,0.68205,2.2051,2.8389,0.77675,0.43731,0.99553,N1,UC_vs_CD
CREBZF,1.0477,0.61526,1.2912,0.4765,0.63372,0.99553,N1,UC_vs_CD
SYTL2,0.64239,2.5901,2.4004,1.079,0.28058,0.99553,N1,UC_vs_CD
PICALM,8.3478,-0.11452,0.64106,-0.17864,0.85822,0.99553,N1,UC_vs_CD
EED,0.58225,-0.57576,2.673,-0.2154,0.82946,0.99553,N1,UC_vs_CD
HIKESHI,1.3473,3.0373,2.4462,1.2416,0.21437,0.99553,N1,UC_vs_CD
CTSC,9.5072,-0.29783,0.79494,-0.37466,0.70792,0.99553,N1,UC_vs_CD
CHORDC1,1.9103,-0.26919,0.96954,-0.27765,0.78128,0.99553,N1,UC_vs_CD
SLC36A4,1.1743,-2.2342,1.609,-1.3885,0.16497,0.99553,N1,UC_vs_CD
SMCO4,2.944,0.42274,1.837,0.23013,0.81799,0.99553,N1,UC_vs_CD
CEP295,0.46815,2.6288,3.7763,0.69614,0.48634,0.99553,N1,UC_vs_CD
TAF1D,4.1139,0.2891,1.0187,0.2838,0.77657,0.99553,N1,UC_vs_CD
C11orf54,0.6311,0.89849,1.936,0.4641,0.64258,0.99553,N1,UC_vs_CD
MED17,0.37751,1.2275,3.9546,0.3104,0.75626,0.99553,N1,UC_vs_CD
MRE11,0.26648,0.49292,3.2388,0.15219,0.87904,0.99553,N1,UC_vs_CD
ANKRD49,0.82834,0.76546,1.5345,0.49882,0.61791,0.99553,N1,UC_vs_CD
FUT4,0.6043,0.91315,1.8475,0.49426,0.62112,0.99553,N1,UC_vs_CD
PIWIL4,0.51014,1.8408,2.2845,0.80577,0.42038,0.99553,N1,UC_vs_CD
CWC15,1.3135,1.4228,1.2958,1.098,0.27222,0.99553,N1,UC_vs_CD
SRSF8,0.035259,0.57985,4.1749,0.13889,0.88954,0.99553,N1,UC_vs_CD
SESN3,0.18711,0.95949,3.1139,0.30814,0.75798,0.99553,N1,UC_vs_CD
FAM76B,0.64159,0.90694,1.9456,0.46614,0.64111,0.99553,N1,UC_vs_CD
CEP57,0.96393,3.5269,2.83,1.2463,0.21267,0.99553,N1,UC_vs_CD
MAML2,4.6991,-1.1582,0.99262,-1.1668,0.24328,0.99553,N1,UC_vs_CD
CCDC82,1.782,-0.21075,1.6947,-0.12436,0.90103,0.99553,N1,UC_vs_CD
JRKL,0.2214,-0.75066,3.927,-0.19116,0.8484,0.99553,N1,UC_vs_CD
CEP126,0.30371,2.096,4.2116,0.49768,0.61871,0.99553,N1,UC_vs_CD
YAP1,0.035259,0.57985,4.1749,0.13889,0.88954,0.99553,N1,UC_vs_CD
BIRC3,13.484,2.2095,1.1983,1.8439,0.065198,0.99553,N1,UC_vs_CD
BIRC2,3.0441,-0.9578,0.86366,-1.109,0.26743,0.99553,N1,UC_vs_CD
TMEM123,3.4889,0.38189,0.93289,0.40936,0.68228,0.99553,N1,UC_vs_CD
MMP10,0.18711,0.95949,3.1139,0.30814,0.75798,0.99553,N1,UC_vs_CD
MMP1,0.070518,0.17302,4.0786,0.042422,0.96616,0.99553,N1,UC_vs_CD
MMP3,0.18514,-0.97652,2.8755,-0.3396,0.73416,0.99553,N1,UC_vs_CD
MMP12,0.035259,0.57985,4.1749,0.13889,0.88954,0.99553,N1,UC_vs_CD
DCUN1D5,0.22565,0.79989,3.5133,0.22768,0.8199,0.99553,N1,UC_vs_CD
CASP4,21.774,-1.0212,0.70773,-1.4429,0.14905,0.99553,N1,UC_vs_CD
CASP5,2.0094,-1.1086,1.2157,-0.91192,0.36181,0.99553,N1,UC_vs_CD
CASP1,9.522,-1.189,0.87321,-1.3616,0.17333,0.99553,N1,UC_vs_CD
CARD16,24.913,-0.5279,0.56168,-0.93985,0.34729,0.99553,N1,UC_vs_CD
CARD17,0.51854,-0.22319,2.4976,-0.08936,0.9288,0.99553,N1,UC_vs_CD
MSANTD4,0.11463,0.076876,4.1956,0.018323,0.98538,0.99553,N1,UC_vs_CD
AASDHPPT,0.65152,2.4501,3.7577,0.65204,0.51438,0.99553,N1,UC_vs_CD
AP000766.1,0.31712,2.1207,3.0327,0.69927,0.48438,0.99553,N1,UC_vs_CD
CWF19L2,0.3837,-0.71864,1.929,-0.37255,0.70949,0.99553,N1,UC_vs_CD
SLC35F2,0.14988,-0.59457,2.8782,-0.20658,0.83634,0.99553,N1,UC_vs_CD
CUL5,0.58311,-0.32206,2.0337,-0.15836,0.87417,0.99553,N1,UC_vs_CD
ACAT1,0.25894,-1.4133,2.0923,-0.67547,0.49937,0.99553,N1,UC_vs_CD
NPAT,1.1336,1.4073,1.3725,1.0254,0.30519,0.99553,N1,UC_vs_CD
ATM,3.0475,0.84393,0.98491,0.85687,0.39152,0.99553,N1,UC_vs_CD
DDX10,0.0738,0.29634,4.1055,0.072182,0.94246,0.99553,N1,UC_vs_CD
RDX,0.9647,1.262,2.3357,0.54034,0.58897,0.99553,N1,UC_vs_CD
ZC3H12C,0.3063,-0.02102,3.8295,-0.005489,0.99562,0.99979,N1,UC_vs_CD
FDX1,0.89563,0.3467,1.8084,0.19172,0.84796,0.99553,N1,UC_vs_CD
POU2AF1,2.8718,1.3357,1.898,0.70375,0.48159,0.99553,N1,UC_vs_CD
PPP2R1B,0.16526,1.7355,4.296,0.40399,0.68622,0.99553,N1,UC_vs_CD
ALG9,0.18843,-0.92039,3.1557,-0.29166,0.77055,0.99553,N1,UC_vs_CD
FDXACB1,0.035259,0.57985,4.1749,0.13889,0.88954,0.99553,N1,UC_vs_CD
C11orf1,0.61751,-0.73278,1.929,-0.37988,0.70404,0.99553,N1,UC_vs_CD
NKAPD1,0.18286,-0.58992,2.6976,-0.21868,0.8269,0.99553,N1,UC_vs_CD
TIMM8B,3.8028,1.8197,0.87516,2.0793,0.037589,0.99553,N1,UC_vs_CD
SDHD,0.88873,0.47686,1.4375,0.33172,0.7401,0.99553,N1,UC_vs_CD
IL18,0.28006,2.5294,3.2581,0.77633,0.43755,0.99553,N1,UC_vs_CD
PTS,0.69833,0.4683,1.8508,0.25303,0.80024,0.99553,N1,UC_vs_CD
AP002884.1,0.34861,-0.49185,2.1646,-0.22723,0.82025,0.99553,N1,UC_vs_CD
USP28,0.56434,1.5956,2.5985,0.61404,0.53919,0.99553,N1,UC_vs_CD
NNMT,0.30813,2.1491,4.3393,0.49527,0.62041,0.99553,N1,UC_vs_CD
C11orf71,0.19873,0.93233,2.7996,0.33302,0.73912,0.99553,N1,UC_vs_CD
RBM7,1.641,-0.80542,1.0474,-0.76899,0.4419,0.99553,N1,UC_vs_CD
REXO2,0.49997,0.089121,1.9169,0.046493,0.96292,0.99553,N1,UC_vs_CD
CADM1,1.323,2.0132,2.3832,0.84475,0.39825,0.99553,N1,UC_vs_CD
BUD13,0.18711,0.95949,3.1139,0.30814,0.75798,0.99553,N1,UC_vs_CD
ZPR1,0.36054,1.3321,2.322,0.5737,0.56617,0.99553,N1,UC_vs_CD
SIK3,1.9686,0.40867,0.98885,0.41328,0.6794,0.99553,N1,UC_vs_CD
AP000936.1,0.035259,0.57985,4.1749,0.13889,0.88954,0.99553,N1,UC_vs_CD
PAFAH1B2,1.5478,0.16635,1.3077,0.12721,0.89878,0.99553,N1,UC_vs_CD
TAGLN,0.33897,1.3072,3.6352,0.3596,0.71915,0.99553,N1,UC_vs_CD
PCSK7,1.9254,-0.52858,1.5262,-0.34634,0.72909,0.99553,N1,UC_vs_CD
RNF214,0.58623,0.97053,2.0008,0.48507,0.62762,0.99553,N1,UC_vs_CD
CEP164,1.1791,2.8022,1.9284,1.4531,0.14619,0.99553,N1,UC_vs_CD
IL10RA,3.8768,1.2328,0.75815,1.6261,0.10394,0.99553,N1,UC_vs_CD
JAML,10.483,0.3412,0.92666,0.36821,0.71272,0.99553,N1,UC_vs_CD
MPZL3,0.52221,1.3851,2.2893,0.60504,0.54515,0.99553,N1,UC_vs_CD
MPZL2,0.16001,1.7355,4.296,0.40399,0.68622,0.99553,N1,UC_vs_CD
CD3E,0.44008,2.8884,2.5493,1.133,0.25722,0.99553,N1,UC_vs_CD
CD3D,1.5436,0.8292,2.1238,0.39043,0.69622,0.99553,N1,UC_vs_CD
CD3G,0.80007,2.7082,4.113,0.65846,0.51025,0.99553,N1,UC_vs_CD
UBE4A,1.6035,1.799,1.2222,1.4719,0.14104,0.99553,N1,UC_vs_CD
ATP5MG,17.401,0.16542,0.78776,0.20998,0.83368,0.99553,N1,UC_vs_CD
KMT2A,1.1105,3.5608,2.3058,1.5442,0.12253,0.99553,N1,UC_vs_CD
AP001267.3,0.0738,0.29634,4.1055,0.072182,0.94246,0.99553,N1,UC_vs_CD
IFT46,0.12821,2.147,4.3394,0.49477,0.62076,0.99553,N1,UC_vs_CD
ARCN1,1.6673,0.66432,1.0027,0.66256,0.50761,0.99553,N1,UC_vs_CD
DDX6,4.3302,0.33644,1.1037,0.30482,0.7605,0.99553,N1,UC_vs_CD
AP004609.3,0.18843,-0.92039,3.1557,-0.29166,0.77055,0.99553,N1,UC_vs_CD
CXCR5,0.16526,1.7355,4.296,0.40399,0.68622,0.99553,N1,UC_vs_CD
BCL9L,0.15185,1.7355,4.296,0.40399,0.68622,0.99553,N1,UC_vs_CD
CCDC84,0.23906,0.79839,3.5646,0.22398,0.82277,0.99553,N1,UC_vs_CD
RPS25,27.212,0.77092,0.69259,1.1131,0.26566,0.99553,N1,UC_vs_CD
TRAPPC4,1.3025,0.78921,1.6454,0.47965,0.63147,0.99553,N1,UC_vs_CD
SLC37A4,0.32003,2.1244,4.2058,0.50511,0.61349,0.99553,N1,UC_vs_CD
HYOU1,1.5259,-0.38948,1.3553,-0.28739,0.77382,0.99553,N1,UC_vs_CD
VPS11,0.15185,1.7355,4.296,0.40399,0.68622,0.99553,N1,UC_vs_CD
H2AFX,0.5137,0.14084,1.9743,0.071335,0.94313,0.99553,N1,UC_vs_CD
DPAGT1,0.61626,3.1638,4.327,0.73117,0.46468,0.99553,N1,UC_vs_CD
HINFP,0.16001,1.7355,4.296,0.40399,0.68622,0.99553,N1,UC_vs_CD
CCDC153,0.29347,2.529,3.3068,0.76479,0.4444,0.99553,N1,UC_vs_CD
CBL,2.0673,0.72417,1.107,0.65415,0.51302,0.99553,N1,UC_vs_CD
RNF26,0.30813,2.1491,4.3393,0.49527,0.62041,0.99553,N1,UC_vs_CD
THY1,0.12821,2.147,4.3394,0.49477,0.62076,0.99553,N1,UC_vs_CD
OAF,0.58802,1.3344,2.8117,0.4746,0.63507,0.99553,N1,UC_vs_CD
ARHGEF12,0.23381,0.79896,3.5449,0.22538,0.82168,0.99553,N1,UC_vs_CD
SC5D,0.64887,0.11347,1.8214,0.062297,0.95033,0.99553,N1,UC_vs_CD
SORL1,15.046,-0.75576,0.9062,-0.83399,0.40429,0.99553,N1,UC_vs_CD
UBASH3B,1.0298,-0.89933,1.4167,-0.63482,0.52555,0.99553,N1,UC_vs_CD
CRTAM,0.19527,0.95987,3.1507,0.30465,0.76063,0.99553,N1,UC_vs_CD
HSPA8,8.8377,-0.13145,0.58684,-0.22399,0.82277,0.99553,N1,UC_vs_CD
TBRG1,0.79629,1.1501,2.0904,0.5502,0.58219,0.99553,N1,UC_vs_CD
NRGN,0.035259,0.57985,4.1749,0.13889,0.88954,0.99553,N1,UC_vs_CD
MSANTD2,0.20201,1.0374,3.076,0.33725,0.73593,0.99553,N1,UC_vs_CD
ROBO3,0.0738,0.29634,4.1055,0.072182,0.94246,0.99553,N1,UC_vs_CD
ROBO4,0.11463,0.076876,4.1956,0.018323,0.98538,0.99553,N1,UC_vs_CD
CCDC15,0.46815,2.6288,3.7763,0.69614,0.48634,0.99553,N1,UC_vs_CD
SLC37A2,0.070518,0.17302,4.0786,0.042422,0.96616,0.99553,N1,UC_vs_CD
TMEM218,0.16001,1.7355,4.296,0.40399,0.68622,0.99553,N1,UC_vs_CD
FEZ1,0.035259,0.57985,4.1749,0.13889,0.88954,0.99553,N1,UC_vs_CD
EI24,0.20052,0.9601,3.1736,0.30253,0.76225,0.99553,N1,UC_vs_CD
STT3A,0.66196,0.20181,1.8794,0.10738,0.91449,0.99553,N1,UC_vs_CD
HYLS1,0.38193,1.2016,3.5543,0.33806,0.73532,0.99553,N1,UC_vs_CD
PUS3,0.0738,0.29634,4.1055,0.072182,0.94246,0.99553,N1,UC_vs_CD
FAM118B,0.19527,0.95987,3.1507,0.30465,0.76063,0.99553,N1,UC_vs_CD
SRPRA,2.9901,0.57574,1.0532,0.54666,0.58461,0.99553,N1,UC_vs_CD
FOXRED1,0.10906,-0.1236,2.6028,-0.047487,0.96213,0.99553,N1,UC_vs_CD
DCPS,0.89723,1.9757,2.2443,0.88032,0.37869,0.99553,N1,UC_vs_CD
GSEC,0.78191,-1.3061,1.654,-0.78965,0.42973,0.99553,N1,UC_vs_CD
ST3GAL4,2.5278,-1.1259,1.207,-0.93281,0.35092,0.99553,N1,UC_vs_CD
ETS1,1.4347,1.3432,1.4829,0.90576,0.36506,0.99553,N1,UC_vs_CD
FLI1,1.3824,0.13422,1.7417,0.077062,0.93857,0.99553,N1,UC_vs_CD
SENCR,0.11463,0.076876,4.1956,0.018323,0.98538,0.99553,N1,UC_vs_CD
TMEM45B,0.035259,0.57985,4.1749,0.13889,0.88954,0.99553,N1,UC_vs_CD
NFRKB,0.39908,1.2938,2.4876,0.52012,0.60298,0.99553,N1,UC_vs_CD
PRDM10,0.12821,2.147,4.3394,0.49477,0.62076,0.99553,N1,UC_vs_CD
APLP2,7.3705,0.55811,0.67131,0.83137,0.40577,0.99553,N1,UC_vs_CD
ST14,0.0738,0.29634,4.1055,0.072182,0.94246,0.99553,N1,UC_vs_CD
ZBTB44,1.0021,-0.26408,1.7785,-0.14848,0.88196,0.99553,N1,UC_vs_CD
AP002986.1,0.0738,0.29634,4.1055,0.072182,0.94246,0.99553,N1,UC_vs_CD
SNX19,0.18514,-0.97652,2.8755,-0.3396,0.73416,0.99553,N1,UC_vs_CD
JAM3,0.16526,1.7355,4.296,0.40399,0.68622,0.99553,N1,UC_vs_CD
THYN1,0.62701,0.52824,1.6851,0.31348,0.75392,0.99553,N1,UC_vs_CD
ZMYND11,0.31286,-0.0019167,3.8616,-0.00049634,0.9996,0.99979,N1,UC_vs_CD
LARP4B,0.88154,0.86394,1.8983,0.45511,0.64903,0.99553,N1,UC_vs_CD
GTPBP4,1.2343,3.6793,2.1788,1.6887,0.091274,0.99553,N1,UC_vs_CD
IDI1,13.107,-0.90709,0.45208,-2.0065,0.044805,0.99553,N1,UC_vs_CD
WDR37,0.47156,0.29628,3.7873,0.07823,0.93765,0.99553,N1,UC_vs_CD
PFKP,0.16001,1.7355,4.296,0.40399,0.68622,0.99553,N1,UC_vs_CD
PITRM1,0.63805,-1.0112,1.9716,-0.51286,0.60805,0.99553,N1,UC_vs_CD
KLF6,75.57,-0.09899,0.63986,-0.15471,0.87705,0.99553,N1,UC_vs_CD
AKR1C1,0.16001,1.7355,4.296,0.40399,0.68622,0.99553,N1,UC_vs_CD
AKR1C3,0.11463,0.076876,4.1956,0.018323,0.98538,0.99553,N1,UC_vs_CD
NET1,0.17958,-0.63764,2.4879,-0.25629,0.79772,0.99553,N1,UC_vs_CD
FAM208B,0.35189,-0.3314,1.9042,-0.17404,0.86183,0.99553,N1,UC_vs_CD
GDI2,3.4036,-0.10568,1.0367,-0.10195,0.9188,0.99553,N1,UC_vs_CD
AL596094.1,0.070518,0.17302,4.0786,0.042422,0.96616,0.99553,N1,UC_vs_CD
FBH1,1.3111,1.8172,3.0427,0.59721,0.55037,0.99553,N1,UC_vs_CD
IL15RA,0.73987,1.6694,2.1808,0.76549,0.44398,0.99553,N1,UC_vs_CD
IL2RA,0.52936,1.5356,3.9232,0.39143,0.69548,0.99553,N1,UC_vs_CD
RBM17,1.1846,0.47806,1.2163,0.39305,0.69428,0.99553,N1,UC_vs_CD
PFKFB3,21.48,0.12714,0.79551,0.15982,0.87302,0.99553,N1,UC_vs_CD
AL137145.2,0.23399,0.60098,2.9277,0.20527,0.83736,0.99553,N1,UC_vs_CD
AL137145.1,0.38159,-0.13727,1.7692,-0.077588,0.93816,0.99553,N1,UC_vs_CD
SFMBT2,1.0865,-0.79061,1.2862,-0.61471,0.53874,0.99553,N1,UC_vs_CD
ITIH5,0.035259,0.57985,4.1749,0.13889,0.88954,0.99553,N1,UC_vs_CD
KIN,0.54719,1.7045,2.6626,0.64015,0.52207,0.99553,N1,UC_vs_CD
ATP5F1C,2.1107,-0.62214,1.3447,-0.46267,0.6436,0.99553,N1,UC_vs_CD
TAF3,0.81927,2.5147,2.1022,1.1962,0.23161,0.99553,N1,UC_vs_CD
GATA3,0.31187,2.1139,3.0197,0.70005,0.48389,0.99553,N1,UC_vs_CD
CELF2,6.5528,0.14031,0.65603,0.21387,0.83065,0.99553,N1,UC_vs_CD
USP6NL,0.30813,2.1491,4.3393,0.49527,0.62041,0.99553,N1,UC_vs_CD
AL512631.1,0.15185,1.7355,4.296,0.40399,0.68622,0.99553,N1,UC_vs_CD
UPF2,2.9942,-0.81888,1.1701,-0.69985,0.48402,0.99553,N1,UC_vs_CD
DHTKD1,1.0135,0.79929,1.5442,0.5176,0.60474,0.99553,N1,UC_vs_CD
SEC61A2,0.035259,0.57985,4.1749,0.13889,0.88954,0.99553,N1,UC_vs_CD
NUDT5,0.97069,0.26976,1.9449,0.1387,0.88969,0.99553,N1,UC_vs_CD
CDC123,1.3669,0.43352,1.1174,0.38795,0.69805,0.99553,N1,UC_vs_CD
AL512770.1,0.96841,-0.83465,1.937,-0.4309,0.66654,0.99553,N1,UC_vs_CD
CAMK1D,1.4188,-0.27394,1.2438,-0.22025,0.82567,0.99553,N1,UC_vs_CD
OPTN,0.78049,-0.50781,3.0219,-0.16805,0.86655,0.99553,N1,UC_vs_CD
MCM10,0.16001,1.7355,4.296,0.40399,0.68622,0.99553,N1,UC_vs_CD
PHYH,0.14988,-0.59457,2.8782,-0.20658,0.83634,0.99553,N1,UC_vs_CD
SEPHS1,0.38567,1.2777,2.4678,0.51772,0.60465,0.99553,N1,UC_vs_CD
BEND7,0.20052,0.9601,3.1736,0.30253,0.76225,0.99553,N1,UC_vs_CD
PRPF18,0.18286,-0.58992,2.6976,-0.21868,0.8269,0.99553,N1,UC_vs_CD
AL157392.5,0.0738,0.29634,4.1055,0.072182,0.94246,0.99553,N1,UC_vs_CD
FAM107B,7.8134,1.4165,0.66221,2.1391,0.032431,0.99553,N1,UC_vs_CD
HSPA14,0.19527,0.95987,3.1507,0.30465,0.76063,0.99553,N1,UC_vs_CD
HSPA14-1,0.47339,2.6291,3.7922,0.6933,0.48812,0.99553,N1,UC_vs_CD
SUV39H2,0.28822,2.5291,3.2881,0.76917,0.44179,0.99553,N1,UC_vs_CD
DCLRE1C,0.46472,0.36702,2.6208,0.14004,0.88863,0.99553,N1,UC_vs_CD
RPP38,0.22237,0.52589,3.4052,0.15444,0.87726,0.99553,N1,UC_vs_CD
NMT2,0.16001,1.7355,4.296,0.40399,0.68622,0.99553,N1,UC_vs_CD
ITGA8,0.61626,3.1638,4.327,0.73117,0.46468,0.99553,N1,UC_vs_CD
MINDY3,0.46959,0.246,1.8435,0.13344,0.89384,0.99553,N1,UC_vs_CD
RSU1,0.26907,0.25928,2.2471,0.11538,0.90814,0.99553,N1,UC_vs_CD
TRDMT1,0.16526,1.7355,4.296,0.40399,0.68622,0.99553,N1,UC_vs_CD
VIM-AS1,1.9134,0.82891,1.7469,0.47451,0.63514,0.99553,N1,UC_vs_CD
VIM,41.362,0.80131,0.47424,1.6897,0.091092,0.99553,N1,UC_vs_CD
AL133415.1,0.32528,2.1316,3.0535,0.69809,0.48512,0.99553,N1,UC_vs_CD
STAM-AS1,0.26648,0.49292,3.2388,0.15219,0.87904,0.99553,N1,UC_vs_CD
STAM,0.62898,2.5829,2.3924,1.0796,0.2803,0.99553,N1,UC_vs_CD
TMEM236,0.11463,0.076876,4.1956,0.018323,0.98538,0.99553,N1,UC_vs_CD
MRC1,0.16001,1.7355,4.296,0.40399,0.68622,0.99553,N1,UC_vs_CD
AL450384.2,0.15185,1.7355,4.296,0.40399,0.68622,0.99553,N1,UC_vs_CD
NSUN6,3.6159,-0.71502,0.91533,-0.78116,0.43471,0.99553,N1,UC_vs_CD
ARL5B,21.089,-0.66398,0.83612,-0.79412,0.42713,0.99553,N1,UC_vs_CD
PLXDC2,1.7722,-0.87225,1.6248,-0.53684,0.59138,0.99553,N1,UC_vs_CD
NEBL,0.39451,-0.076743,3.4454,-0.022274,0.98223,0.99553,N1,UC_vs_CD
MLLT10,0.38567,1.2777,2.4678,0.51772,0.60465,0.99553,N1,UC_vs_CD
DNAJC1,1.047,-0.40516,1.8152,-0.2232,0.82338,0.99553,N1,UC_vs_CD
COMMD3,1.9973,1.7972,1.9609,0.91652,0.3594,0.99553,N1,UC_vs_CD
BMI1,0.48004,2.3809,4.1592,0.57243,0.56703,0.99553,N1,UC_vs_CD
PIP4K2A,0.706,-1.9044,1.8713,-1.0177,0.30883,0.99553,N1,UC_vs_CD
MSRB2,0.55643,-2.5167,1.9449,-1.294,0.19566,0.99553,N1,UC_vs_CD
OTUD1,1.0117,1.9999,2.7518,0.72675,0.46738,0.99553,N1,UC_vs_CD
KIAA1217,0.16526,1.7355,4.296,0.40399,0.68622,0.99553,N1,UC_vs_CD
ARHGAP21,0.15185,1.7355,4.296,0.40399,0.68622,0.99553,N1,UC_vs_CD
APBB1IP,4.0895,-1.9549,1.3556,-1.442,0.14929,0.99553,N1,UC_vs_CD
PDSS1,0.18711,0.95949,3.1139,0.30814,0.75798,0.99553,N1,UC_vs_CD
ABI1,2.1402,0.077876,0.91959,0.084685,0.93251,0.99553,N1,UC_vs_CD
ANKRD26,0.34028,-0.37373,2.3837,-0.15679,0.87541,0.99553,N1,UC_vs_CD
YME1L1,4.8605,0.12744,0.79833,0.15963,0.87317,0.99553,N1,UC_vs_CD
MASTL,0.9329,1.1442,2.1694,0.52745,0.59788,0.99553,N1,UC_vs_CD
ACBD5,0.69397,-0.9695,1.965,-0.4934,0.62173,0.99553,N1,UC_vs_CD
RAB18,2.7485,-0.41887,0.95486,-0.43867,0.6609,0.99553,N1,UC_vs_CD
MPP7,0.26579,0.22466,3.6635,0.061323,0.9511,0.99553,N1,UC_vs_CD
AC022021.1,0.035259,0.57985,4.1749,0.13889,0.88954,0.99553,N1,UC_vs_CD
WAC-AS1,1.0434,-0.53797,1.4171,-0.37962,0.70423,0.99553,N1,UC_vs_CD
WAC,7.362,0.94884,0.63062,1.5046,0.13242,0.99553,N1,UC_vs_CD
SVIL,1.4896,-1.8095,1.2757,-1.4184,0.15607,0.99553,N1,UC_vs_CD
MTPAP,0.10906,-0.1236,2.6028,-0.047487,0.96213,0.99553,N1,UC_vs_CD
MAP3K8,7.2047,0.4874,0.8083,0.603,0.54651,0.99553,N1,UC_vs_CD
ZNF438,2.1934,-1.7578,1.0908,-1.6115,0.10708,0.99553,N1,UC_vs_CD
ZEB1-AS1,0.53523,-0.15387,1.7914,-0.085895,0.93155,0.99553,N1,UC_vs_CD
ZEB1,1.3822,0.23233,1.1861,0.19587,0.84471,0.99553,N1,UC_vs_CD
ARHGAP12,0.20052,0.9601,3.1736,0.30253,0.76225,0.99553,N1,UC_vs_CD
KIF5B,2.6809,0.47897,1.0528,0.45494,0.64915,0.99553,N1,UC_vs_CD
EPC1,3.6654,1.0457,0.90647,1.1536,0.24865,0.99553,N1,UC_vs_CD
AL391839.2,0.16526,1.7355,4.296,0.40399,0.68622,0.99553,N1,UC_vs_CD
CCDC7,0.32003,2.1244,4.2058,0.50511,0.61349,0.99553,N1,UC_vs_CD
ITGB1,2.2567,2.3063,1.9691,1.1712,0.24151,0.99553,N1,UC_vs_CD
CUL2,0.19527,0.95987,3.1507,0.30465,0.76063,0.99553,N1,UC_vs_CD
CREM,24.952,-0.26534,0.50054,-0.5301,0.59604,0.99553,N1,UC_vs_CD
CCNY,2.3018,0.20457,1.2907,0.1585,0.87406,0.99553,N1,UC_vs_CD
AL117336.3,0.16001,1.7355,4.296,0.40399,0.68622,0.99553,N1,UC_vs_CD
ZNF33A,1.9175,2.4406,1.7546,1.391,0.16424,0.99553,N1,UC_vs_CD
ZNF37A,0.53752,1.5682,2.5603,0.6125,0.54021,0.99553,N1,UC_vs_CD
AL117339.5,0.45999,2.6284,3.7508,0.70074,0.48347,0.99553,N1,UC_vs_CD
BMS1,0.71291,1.1933,1.8527,0.64411,0.5195,0.99553,N1,UC_vs_CD
CSGALNACT2,3.2122,0.33919,1.0748,0.31558,0.75232,0.99553,N1,UC_vs_CD
HNRNPF,13.243,-0.16326,0.59967,-0.27224,0.78543,0.99553,N1,UC_vs_CD
AL450326.1,0.16526,1.7355,4.296,0.40399,0.68622,0.99553,N1,UC_vs_CD
ZNF487,0.20201,1.0374,3.076,0.33725,0.73593,0.99553,N1,UC_vs_CD
ZNF32,0.30813,2.1491,4.3393,0.49527,0.62041,0.99553,N1,UC_vs_CD
RASSF4,1.9613,0.021504,2.0029,0.010737,0.99143,0.99867,N1,UC_vs_CD
DEPP1,0.035259,0.57985,4.1749,0.13889,0.88954,0.99553,N1,UC_vs_CD
ZNF22,0.32003,2.1244,4.2058,0.50511,0.61349,0.99553,N1,UC_vs_CD
ALOX5,4.0608,-0.77624,0.7282,-1.066,0.28643,0.99553,N1,UC_vs_CD
MARCH8,0.90919,0.35983,1.472,0.24444,0.80689,0.99553,N1,UC_vs_CD
ZFAND4,0.32528,2.1316,3.0535,0.69809,0.48512,0.99553,N1,UC_vs_CD
WASHC2C,0.47903,-0.89789,2.0817,-0.43133,0.66623,0.99553,N1,UC_vs_CD
AGAP4,0.0738,0.29634,4.1055,0.072182,0.94246,0.99553,N1,UC_vs_CD
TIMM23,0.50865,1.9132,2.5254,0.75757,0.44871,0.99553,N1,UC_vs_CD
NCOA4,3.8977,-0.35687,0.81582,-0.43744,0.66179,0.99553,N1,UC_vs_CD
MAPK8,0.54229,-0.16094,2.0146,-0.079885,0.93633,0.99553,N1,UC_vs_CD
ARHGAP22,0.15185,1.7355,4.296,0.40399,0.68622,0.99553,N1,UC_vs_CD
WDFY4,1.0741,-0.71099,1.4929,-0.47625,0.6339,0.99553,N1,UC_vs_CD
TMEM273,0.46631,0.22405,2.5691,0.087211,0.9305,0.99553,N1,UC_vs_CD
ERCC6,0.16526,1.7355,4.296,0.40399,0.68622,0.99553,N1,UC_vs_CD
TIMM23B,0.16001,1.7355,4.296,0.40399,0.68622,0.99553,N1,UC_vs_CD
WASHC2A,1.0565,-0.68878,1.5167,-0.45414,0.64973,0.99553,N1,UC_vs_CD
SGMS1,0.070518,0.17302,4.0786,0.042422,0.96616,0.99553,N1,UC_vs_CD
PRKG1,0.12821,2.147,4.3394,0.49477,0.62076,0.99553,N1,UC_vs_CD
CSTF2T,0.29945,-0.0015891,3.8162,-0.00041641,0.99967,0.99979,N1,UC_vs_CD
ZWINT,0.77628,3.5839,4.1642,0.86066,0.38943,0.99553,N1,UC_vs_CD
IPMK,4.1054,0.83122,0.73539,1.1303,0.25834,0.99553,N1,UC_vs_CD
CISD1,2.1613,2.5591,1.8277,1.4001,0.16147,0.99553,N1,UC_vs_CD
UBE2D1,6.6657,-0.89266,0.71074,-1.256,0.20913,0.99553,N1,UC_vs_CD
TFAM,1.2424,0.60585,1.7999,0.3366,0.73642,0.99553,N1,UC_vs_CD
BICC1,0.16526,1.7355,4.296,0.40399,0.68622,0.99553,N1,UC_vs_CD
CCDC6,0.11463,0.076876,4.1956,0.018323,0.98538,0.99553,N1,UC_vs_CD
ANK3,0.035259,0.57985,4.1749,0.13889,0.88954,0.99553,N1,UC_vs_CD
CDK1,0.62816,3.0923,3.9964,0.77377,0.43907,0.99553,N1,UC_vs_CD
ARID5B,2.2215,1.2958,1.6011,0.80929,0.41835,0.99553,N1,UC_vs_CD
EGR2,2.1131,-2.0724,2.1931,-0.94499,0.34466,0.99553,N1,UC_vs_CD
NRBF2,5.2494,-0.7101,0.77824,-0.91245,0.36153,0.99553,N1,UC_vs_CD
JMJD1C,25.537,0.70958,0.51297,1.3833,0.16658,0.99553,N1,UC_vs_CD
JMJD1C-AS1,0.035259,0.57985,4.1749,0.13889,0.88954,0.99553,N1,UC_vs_CD
REEP3,0.31187,2.1139,3.0197,0.70005,0.48389,0.99553,N1,UC_vs_CD
DNAJC12,0.11463,0.076876,4.1956,0.018323,0.98538,0.99553,N1,UC_vs_CD
SIRT1,0.28535,-1.0535,2.7403,-0.38446,0.70064,0.99553,N1,UC_vs_CD
HERC4,1.909,0.48453,1.0327,0.4692,0.63893,0.99553,N1,UC_vs_CD
HNRNPH3,3.8151,0.2654,0.90848,0.29213,0.77018,0.99553,N1,UC_vs_CD
RUFY2,0.43465,0.96667,3.5014,0.27608,0.78249,0.99553,N1,UC_vs_CD
DNA2,0.035259,0.57985,4.1749,0.13889,0.88954,0.99553,N1,UC_vs_CD
TET1,0.23381,0.79896,3.5449,0.22538,0.82168,0.99553,N1,UC_vs_CD
CCAR1,0.53655,-1.4107,1.9439,-0.7257,0.46802,0.99553,N1,UC_vs_CD
DDX50,1.4775,-0.72741,1.3037,-0.55794,0.57688,0.99553,N1,UC_vs_CD
DDX21,19.437,-1.5349,0.53456,-2.8713,0.0040875,0.99553,N1,UC_vs_CD
KIF1BP,0.14432,-0.42113,2.4698,-0.17051,0.86461,0.99553,N1,UC_vs_CD
SRGN,476.98,-0.43404,0.43061,-1.008,0.31347,0.99553,N1,UC_vs_CD
VPS26A,3.3297,-1.2816,1.0676,-1.2004,0.22997,0.99553,N1,UC_vs_CD
SUPV3L1,0.16526,1.7355,4.296,0.40399,0.68622,0.99553,N1,UC_vs_CD
HK1,1.8151,-0.90929,1.9752,-0.46036,0.64526,0.99553,N1,UC_vs_CD
AIFM2,0.38193,1.2016,3.5543,0.33806,0.73532,0.99553,N1,UC_vs_CD
SAR1A,3.4636,0.53682,0.86603,0.61986,0.53535,0.99553,N1,UC_vs_CD
PPA1,2.7588,0.14847,1.04,0.14276,0.88648,0.99553,N1,UC_vs_CD
LRRC20,0.16001,1.7355,4.296,0.40399,0.68622,0.99553,N1,UC_vs_CD
EIF4EBP2,1.092,-0.19829,1.4122,-0.14042,0.88833,0.99553,N1,UC_vs_CD
SGPL1,0.52953,0.41262,3.7673,0.10953,0.91278,0.99553,N1,UC_vs_CD
PCBD1,0.76518,1.4154,2.2325,0.634,0.52608,0.99553,N1,UC_vs_CD
VSIR,8.109,-0.036003,0.77418,-0.046504,0.96291,0.99553,N1,UC_vs_CD
PSAP,15.653,0.32534,0.74887,0.43444,0.66397,0.99553,N1,UC_vs_CD
SPOCK2,0.30371,2.096,4.2116,0.49768,0.61871,0.99553,N1,UC_vs_CD
ASCC1,0.6406,2.3367,1.8715,1.2486,0.21181,0.99553,N1,UC_vs_CD
ANAPC16,5.0084,1.0413,0.93185,1.1174,0.26381,0.99553,N1,UC_vs_CD
DDIT4,11.056,1.2192,0.70298,1.7343,0.082868,0.99553,N1,UC_vs_CD
DNAJB12,1.1001,1.4125,1.3979,1.0104,0.31229,0.99553,N1,UC_vs_CD
MICU1,1.9352,-0.65917,1.0234,-0.64411,0.5195,0.99553,N1,UC_vs_CD
MCU,0.30813,2.1491,4.3393,0.49527,0.62041,0.99553,N1,UC_vs_CD
P4HA1,1.303,-0.37768,1.4539,-0.25978,0.79503,0.99553,N1,UC_vs_CD
AC016394.2,0.070518,0.17302,4.0786,0.042422,0.96616,0.99553,N1,UC_vs_CD
ECD,0.23906,0.79839,3.5646,0.22398,0.82277,0.99553,N1,UC_vs_CD
MRPS16,2.4724,1.9839,1.4722,1.3476,0.17778,0.99553,N1,UC_vs_CD
AC016394.1,0.035259,0.57985,4.1749,0.13889,0.88954,0.99553,N1,UC_vs_CD
ANXA7,2.8414,0.5919,1.2107,0.48889,0.62492,0.99553,N1,UC_vs_CD
PPP3CB,0.80694,-1.7798,2.5277,-0.70412,0.48136,0.99553,N1,UC_vs_CD
SEC24C,0.70241,1.1837,2.5921,0.45665,0.64792,0.99553,N1,UC_vs_CD
FUT11,0.98002,0.63131,1.663,0.37963,0.70422,0.99553,N1,UC_vs_CD
CHCHD1,1.4726,-0.13414,2.4552,-0.054634,0.95643,0.99553,N1,UC_vs_CD
ZSWIM8,1.1389,-1.9603,1.3598,-1.4416,0.14941,0.99553,N1,UC_vs_CD
CAMK2G,0.6277,-0.49004,1.8052,-0.27147,0.78603,0.99553,N1,UC_vs_CD
PLAU,40.863,-0.75918,0.7025,-1.0807,0.27984,0.99553,N1,UC_vs_CD
C10orf55,0.29192,-1.0431,2.577,-0.40479,0.68563,0.99553,N1,UC_vs_CD
VCL,0.62818,0.90862,1.6414,0.55356,0.57988,0.99553,N1,UC_vs_CD
AP3M1,0.58582,0.73062,3.7803,0.19327,0.84675,0.99553,N1,UC_vs_CD
ADK,0.65084,1.7637,2.4787,0.71153,0.47676,0.99553,N1,UC_vs_CD
KAT6B,0.89615,2.3739,3.1652,0.75,0.45325,0.99553,N1,UC_vs_CD
SAMD8,1.1512,0.55692,1.2391,0.44945,0.65311,0.99553,N1,UC_vs_CD
VDAC2,2.335,0.24152,0.97346,0.2481,0.80406,0.99553,N1,UC_vs_CD
COMTD1,0.34339,1.5137,3.3061,0.45785,0.64706,0.99553,N1,UC_vs_CD
LRMDA,0.0738,0.29634,4.1055,0.072182,0.94246,0.99553,N1,UC_vs_CD
DLG5,0.15185,1.7355,4.296,0.40399,0.68622,0.99553,N1,UC_vs_CD
POLR3A,0.30813,2.1491,4.3393,0.49527,0.62041,0.99553,N1,UC_vs_CD
RPS24,61.1,1.5876,0.83123,1.9099,0.056142,0.99553,N1,UC_vs_CD
LINC00595,0.29617,-0.072261,2.1296,-0.033932,0.97293,0.99553,N1,UC_vs_CD
ZMIZ1-AS1,0.30371,2.096,4.2116,0.49768,0.61871,0.99553,N1,UC_vs_CD
ZMIZ1,6.3743,-0.34451,0.98966,-0.34811,0.72776,0.99553,N1,UC_vs_CD
PPIF,104.13,-0.59856,0.65464,-0.91433,0.36054,0.99553,N1,UC_vs_CD
ZCCHC24,0.16526,1.7355,4.296,0.40399,0.68622,0.99553,N1,UC_vs_CD
NUTM2B-AS1,1.1559,0.018392,1.3981,0.013155,0.9895,0.99708,N1,UC_vs_CD
TMEM254,0.30813,2.1491,4.3393,0.49527,0.62041,0.99553,N1,UC_vs_CD
ANXA11,6.3949,0.22534,0.68855,0.32726,0.74347,0.99553,N1,UC_vs_CD
TSPAN14,1.6237,-0.61087,1.3964,-0.43746,0.66178,0.99553,N1,UC_vs_CD
GHITM,5.5915,0.23389,0.76699,0.30494,0.76041,0.99553,N1,UC_vs_CD
CCSER2,0.3099,-0.14541,2.2609,-0.064314,0.94872,0.99553,N1,UC_vs_CD
WAPL,2.5095,-1.4531,1.2558,-1.1571,0.24724,0.99553,N1,UC_vs_CD
BMPR1A,0.11463,0.076876,4.1956,0.018323,0.98538,0.99553,N1,UC_vs_CD
GLUD1,0.56959,1.592,3.9179,0.40634,0.68449,0.99553,N1,UC_vs_CD
SHLD2,0.19527,0.95987,3.1507,0.30465,0.76063,0.99553,N1,UC_vs_CD
NUTM2A-AS1,0.54229,-0.16094,2.0146,-0.079885,0.93633,0.99553,N1,UC_vs_CD
PAPSS2,0.93614,0.1479,1.7175,0.086117,0.93137,0.99553,N1,UC_vs_CD
ATAD1,0.41568,-1.0384,2.3344,-0.44481,0.65646,0.99553,N1,UC_vs_CD
KLLN,0.14104,-0.3956,3.9761,-0.099493,0.92075,0.99553,N1,UC_vs_CD
PTEN,9.8363,-0.84649,0.80073,-1.0572,0.29044,0.99553,N1,UC_vs_CD
LIPN,0.72526,-1.2093,1.5833,-0.76379,0.44499,0.99553,N1,UC_vs_CD
ANKRD22,1.8015,-1.2584,1.9694,-0.63899,0.52283,0.99553,N1,UC_vs_CD
STAMBPL1,0.25666,-0.90316,2.8674,-0.31497,0.75278,0.99553,N1,UC_vs_CD
ACTA2,0.0738,0.29634,4.1055,0.072182,0.94246,0.99553,N1,UC_vs_CD
FAS,3.1331,-1.3121,1.1543,-1.1366,0.25569,0.99553,N1,UC_vs_CD
LIPA,0.26648,0.49292,3.2388,0.15219,0.87904,0.99553,N1,UC_vs_CD
IFIT2,30.556,-3.7329,0.88691,-4.2088,2.5669e-05,0.14351,N1,UC_vs_CD
IFIT3,21.598,-3.1959,0.86719,-3.6853,0.0002284,0.51079,N1,UC_vs_CD
IFIT1,1.3693,-0.068791,1.631,-0.042177,0.96636,0.99553,N1,UC_vs_CD
IFIT5,1.1282,-2.8331,1.6266,-1.7418,0.081543,0.99553,N1,UC_vs_CD
KIF20B,1.6747,3.307,2.3451,1.4102,0.15848,0.99553,N1,UC_vs_CD
LINC00865,0.15185,1.7355,4.296,0.40399,0.68622,0.99553,N1,UC_vs_CD
HTR7,0.15185,1.7355,4.296,0.40399,0.68622,0.99553,N1,UC_vs_CD
RPP30,0.45359,0.26251,2.3603,0.11122,0.91144,0.99553,N1,UC_vs_CD
PCGF5,0.62621,-0.48052,1.5554,-0.30893,0.75737,0.99553,N1,UC_vs_CD
TNKS2,1.3543,0.28351,1.2072,0.23484,0.81433,0.99553,N1,UC_vs_CD
BTAF1,0.91671,1.2323,1.6905,0.72891,0.46605,0.99553,N1,UC_vs_CD
CPEB3,0.24284,0.79513,3.6848,0.21578,0.82916,0.99553,N1,UC_vs_CD
MARCH5,0.93065,-1.8217,1.5958,-1.1415,0.25366,0.99553,N1,UC_vs_CD
IDE,0.32003,2.1244,4.2058,0.50511,0.61349,0.99553,N1,UC_vs_CD
KIF11,0.42276,0.78781,4.0144,0.19624,0.84442,0.99553,N1,UC_vs_CD
HHEX,0.27989,0.51131,3.2798,0.1559,0.87612,0.99553,N1,UC_vs_CD
EXOC6,2.4411,0.82698,0.96109,0.86046,0.38954,0.99553,N1,UC_vs_CD
MYOF,0.55618,1.5876,2.587,0.61367,0.53944,0.99553,N1,UC_vs_CD
FRA10AC1,0.11463,0.076876,4.1956,0.018323,0.98538,0.99553,N1,UC_vs_CD
PLCE1,0.16001,1.7355,4.296,0.40399,0.68622,0.99553,N1,UC_vs_CD
NOC3L,0.77185,3.2719,2.7205,1.2027,0.2291,0.99553,N1,UC_vs_CD
HELLS,0.30813,2.1491,4.3393,0.49527,0.62041,0.99553,N1,UC_vs_CD
PDLIM1,0.65378,-1.3469,2.3429,-0.5749,0.56536,0.99553,N1,UC_vs_CD
SORBS1,0.035259,0.57985,4.1749,0.13889,0.88954,0.99553,N1,UC_vs_CD
TCTN3,0.62177,0.53415,1.8711,0.28548,0.77528,0.99553,N1,UC_vs_CD
ENTPD1,2.715,0.29415,1.2039,0.24434,0.80697,0.99553,N1,UC_vs_CD
ENTPD1-AS1,0.19527,0.95987,3.1507,0.30465,0.76063,0.99553,N1,UC_vs_CD
ZNF518A,0.46815,2.6288,3.7763,0.69614,0.48634,0.99553,N1,UC_vs_CD
BLNK,0.76006,0.35221,1.8082,0.19479,0.84556,0.99553,N1,UC_vs_CD
TM9SF3,3.4644,-0.55052,0.9214,-0.59748,0.55019,0.99553,N1,UC_vs_CD
PIK3AP1,11.213,-1.3732,0.59956,-2.2904,0.022,0.99553,N1,UC_vs_CD
LCOR,1.2393,-1.4047,1.3741,-1.0223,0.30664,0.99553,N1,UC_vs_CD
ARHGAP19,0.54371,-0.3133,1.9249,-0.16276,0.87071,0.99553,N1,UC_vs_CD
FRAT2,1.0828,0.00094004,1.7656,0.00053242,0.99958,0.99979,N1,UC_vs_CD
RRP12,2.3064,1.4798,2.0371,0.72644,0.46757,0.99553,N1,UC_vs_CD
PGAM1,2.4775,0.2083,1.0006,0.20818,0.83509,0.99553,N1,UC_vs_CD
EXOSC1,0.90248,1.8632,1.7763,1.0489,0.29422,0.99553,N1,UC_vs_CD
MMS19,0.16001,1.7355,4.296,0.40399,0.68622,0.99553,N1,UC_vs_CD
ZFYVE27,0.78405,-1.398,1.8779,-0.74441,0.45663,0.99553,N1,UC_vs_CD
R3HCC1L,0.33052,2.1419,4.2023,0.5097,0.61026,0.99553,N1,UC_vs_CD
PYROXD2,0.035259,0.57985,4.1749,0.13889,0.88954,0.99553,N1,UC_vs_CD
HPS1,2.1093,0.27533,1.2138,0.22683,0.82056,0.99553,N1,UC_vs_CD
GOT1,0.11463,0.076876,4.1956,0.018323,0.98538,0.99553,N1,UC_vs_CD
SLC25A28,0.34388,-1.1731,4.1334,-0.2838,0.77657,0.99553,N1,UC_vs_CD
CUTC,0.57461,1.3038,2.7916,0.46703,0.64048,0.99553,N1,UC_vs_CD
COX15,0.92688,3.8015,2.3678,1.6055,0.10839,0.99553,N1,UC_vs_CD
DNMBP,0.18711,0.95949,3.1139,0.30814,0.75798,0.99553,N1,UC_vs_CD
ERLIN1,0.25894,-1.4133,2.0923,-0.67547,0.49937,0.99553,N1,UC_vs_CD
CHUK,1.211,0.21082,1.7161,0.12285,0.90223,0.99553,N1,UC_vs_CD
AL138921.2,0.16001,1.7355,4.296,0.40399,0.68622,0.99553,N1,UC_vs_CD
BLOC1S2,1.9112,1.548,1.4398,1.0752,0.28229,0.99553,N1,UC_vs_CD
NDUFB8,4.3085,2.0068,1.5793,1.2707,0.20384,0.99553,N1,UC_vs_CD
HIF1AN,0.31515,-0.14493,2.2684,-0.063888,0.94906,0.99553,N1,UC_vs_CD
SLF2,0.68498,-1.3352,2.7722,-0.48163,0.63007,0.99553,N1,UC_vs_CD
MRPL43,0.44824,2.8852,3.5979,0.8019,0.42261,0.99553,N1,UC_vs_CD
SEMA4G,0.0738,0.29634,4.1055,0.072182,0.94246,0.99553,N1,UC_vs_CD
SFXN3,0.18711,0.95949,3.1139,0.30814,0.75798,0.99553,N1,UC_vs_CD
BTRC,0.16001,1.7355,4.296,0.40399,0.68622,0.99553,N1,UC_vs_CD
POLL,0.035259,0.57985,4.1749,0.13889,0.88954,0.99553,N1,UC_vs_CD
FBXW4,0.35369,-0.37652,2.4064,-0.15647,0.87567,0.99553,N1,UC_vs_CD
NPM3,0.5153,1.5743,3.9208,0.40152,0.68804,0.99553,N1,UC_vs_CD
OGA,3.7941,0.37868,0.7672,0.49358,0.6216,0.99553,N1,UC_vs_CD
ARMH3,0.16001,1.7355,4.296,0.40399,0.68622,0.99553,N1,UC_vs_CD
PPRC1,0.53752,1.5682,2.5603,0.6125,0.54021,0.99553,N1,UC_vs_CD
NOLC1,0.95471,-0.13405,1.4108,-0.095016,0.9243,0.99553,N1,UC_vs_CD
GBF1,0.50865,1.9132,2.5254,0.75757,0.44871,0.99553,N1,UC_vs_CD
NFKB2,11.908,-0.60607,0.71495,-0.84771,0.3966,0.99553,N1,UC_vs_CD
PSD,0.035259,0.57985,4.1749,0.13889,0.88954,0.99553,N1,UC_vs_CD
FBXL15,0.18286,-0.58992,2.6976,-0.21868,0.8269,0.99553,N1,UC_vs_CD
CUEDC2,0.651,0.81232,1.9388,0.41898,0.67523,0.99553,N1,UC_vs_CD
MFSD13A,0.0738,0.29634,4.1055,0.072182,0.94246,0.99553,N1,UC_vs_CD
ACTR1A,0.46991,0.28543,2.384,0.11973,0.9047,0.99553,N1,UC_vs_CD
TRIM8,0.91759,1.4523,3.0121,0.48215,0.6297,0.99553,N1,UC_vs_CD
AL391121.1,0.0738,0.29634,4.1055,0.072182,0.94246,0.99553,N1,UC_vs_CD
ARL3,0.5137,0.14084,1.9743,0.071335,0.94313,0.99553,N1,UC_vs_CD
SFXN2,0.18711,0.95949,3.1139,0.30814,0.75798,0.99553,N1,UC_vs_CD
WBP1L,0.51733,1.5811,1.8267,0.86553,0.38675,0.99553,N1,UC_vs_CD
CYP17A1-AS1,0.0738,0.29634,4.1055,0.072182,0.94246,0.99553,N1,UC_vs_CD
BORCS7,0.53949,1.0802,2.4435,0.44209,0.65842,0.99553,N1,UC_vs_CD
CNNM2,0.10578,-0.14974,4.0165,-0.037281,0.97026,0.99553,N1,UC_vs_CD
NT5C2,2.6935,-1.9367,0.99572,-1.9451,0.051765,0.99553,N1,UC_vs_CD
ATP5MD,8.6051,0.86734,0.96584,0.89802,0.36917,0.99553,N1,UC_vs_CD
PDCD11,0.63341,3.0144,2.7156,1.1101,0.26697,0.99553,N1,UC_vs_CD
SH3PXD2A,0.10906,-0.1236,2.6028,-0.047487,0.96213,0.99553,N1,UC_vs_CD
STN1,0.7302,1.3927,2.333,0.59696,0.55053,0.99553,N1,UC_vs_CD
SLK,1.0452,-0.22546,1.4758,-0.15277,0.87858,0.99553,N1,UC_vs_CD
SFR1,0.38239,0.82026,2.3114,0.35487,0.72268,0.99553,N1,UC_vs_CD
GSTO1,8.2709,0.17336,0.91296,0.18989,0.84939,0.99553,N1,UC_vs_CD
GSTO2,0.16526,1.7355,4.296,0.40399,0.68622,0.99553,N1,UC_vs_CD
ITPRIP,3.6174,-0.36495,1.1226,-0.32509,0.74511,0.99553,N1,UC_vs_CD
AL162742.1,0.20052,0.9601,3.1736,0.30253,0.76225,0.99553,N1,UC_vs_CD
CFAP58-DT,0.19873,0.93233,2.7996,0.33302,0.73912,0.99553,N1,UC_vs_CD
CFAP58,0.035259,0.57985,4.1749,0.13889,0.88954,0.99553,N1,UC_vs_CD
XPNPEP1,0.45619,0.24329,1.8335,0.13269,0.89443,0.99553,N1,UC_vs_CD
ADD3,2.0155,1.3414,1.2814,1.0468,0.29518,0.99553,N1,UC_vs_CD
MXI1,0.34516,-0.54607,2.2253,-0.24539,0.80616,0.99553,N1,UC_vs_CD
SMNDC1,2.2433,-0.94258,1.1435,-0.82428,0.40978,0.99553,N1,UC_vs_CD
DUSP5,7.7975,1.353,1.4767,0.91624,0.35954,0.99553,N1,UC_vs_CD
SMC3,0.74572,0.039105,1.6328,0.023949,0.98089,0.99553,N1,UC_vs_CD
PDCD4-AS1,0.68592,-0.33342,1.5362,-0.21704,0.82817,0.99553,N1,UC_vs_CD
PDCD4,6.8821,-0.59728,1.079,-0.55356,0.57988,0.99553,N1,UC_vs_CD
BBIP1,2.9975,0.12665,1.0193,0.12425,0.90112,0.99553,N1,UC_vs_CD
SHOC2,5.8881,-0.55349,0.71927,-0.76952,0.44158,0.99553,N1,UC_vs_CD
GPAM,0.16526,1.7355,4.296,0.40399,0.68622,0.99553,N1,UC_vs_CD
ACSL5,4.0514,-1.0106,1.0599,-0.95347,0.34035,0.99553,N1,UC_vs_CD
AL157786.1,0.035259,0.57985,4.1749,0.13889,0.88954,0.99553,N1,UC_vs_CD
ZDHHC6,0.59722,-0.54742,1.8823,-0.29082,0.77119,0.99553,N1,UC_vs_CD
VTI1A,1.4977,-0.15411,1.3551,-0.11373,0.90945,0.99553,N1,UC_vs_CD
TCF7L2,1.6666,0.11003,1.2407,0.088681,0.92934,0.99553,N1,UC_vs_CD
CASP7,0.58377,3.0918,3.7704,0.82002,0.41221,0.99553,N1,UC_vs_CD
NHLRC2,0.88437,1.9343,2.6962,0.71743,0.47311,0.99553,N1,UC_vs_CD
CCDC186,1.8357,-0.26504,1.1772,-0.22515,0.82187,0.99553,N1,UC_vs_CD
ABLIM1,0.15185,1.7355,4.296,0.40399,0.68622,0.99553,N1,UC_vs_CD
FAM160B1,1.026,-1.2599,1.6407,-0.76794,0.44252,0.99553,N1,UC_vs_CD
SHTN1,0.31712,2.1207,3.0327,0.69927,0.48438,0.99553,N1,UC_vs_CD
SLC18A2,0.0738,0.29634,4.1055,0.072182,0.94246,0.99553,N1,UC_vs_CD
PDZD8,0.55999,-1.6061,1.8153,-0.88477,0.37628,0.99553,N1,UC_vs_CD
RAB11FIP2,0.45999,2.6284,3.7508,0.70074,0.48347,0.99553,N1,UC_vs_CD
FAM204A,0.49832,-1.2607,1.8736,-0.67289,0.50101,0.99553,N1,UC_vs_CD
CACUL1,2.1033,-0.24484,0.92206,-0.26554,0.7906,0.99553,N1,UC_vs_CD
EIF3A,5.6796,0.45889,1.1268,0.40724,0.68383,0.99553,N1,UC_vs_CD
FAM45A,5.0678,-0.095006,1.0649,-0.089214,0.92891,0.99553,N1,UC_vs_CD
SFXN4,0.14988,-0.59457,2.8782,-0.20658,0.83634,0.99553,N1,UC_vs_CD
PRDX3,1.6916,-0.58925,1.2154,-0.48482,0.6278,0.99553,N1,UC_vs_CD
GRK5,0.23906,0.79839,3.5646,0.22398,0.82277,0.99553,N1,UC_vs_CD
RGS10,0.81544,-0.49174,1.4422,-0.34097,0.73313,0.99553,N1,UC_vs_CD
TIAL1,0.86708,-0.61014,2.12,-0.2878,0.7735,0.99553,N1,UC_vs_CD
BAG3,3.1889,3.4626,4.0265,0.85997,0.38981,0.99553,N1,UC_vs_CD
INPP5F,0.12821,2.147,4.3394,0.49477,0.62076,0.99553,N1,UC_vs_CD
MCMBP,0.90282,0.34708,1.3503,0.25705,0.79714,0.99553,N1,UC_vs_CD
SEC23IP,0.71513,-1.1588,1.498,-0.77355,0.4392,0.99553,N1,UC_vs_CD
WDR11,0.62898,2.5829,2.3924,1.0796,0.2803,0.99553,N1,UC_vs_CD
ATE1,0.23381,0.79896,3.5449,0.22538,0.82168,0.99553,N1,UC_vs_CD
NSMCE4A,0.22368,-1.1647,2.1972,-0.53008,0.59605,0.99553,N1,UC_vs_CD
TACC2,0.16526,1.7355,4.296,0.40399,0.68622,0.99553,N1,UC_vs_CD
PLEKHA1,0.16001,1.7355,4.296,0.40399,0.68622,0.99553,N1,UC_vs_CD
DMBT1,0.22925,-0.75796,4.1396,-0.1831,0.85472,0.99553,N1,UC_vs_CD
IKZF5,0.49832,-1.2607,1.8736,-0.67289,0.50101,0.99553,N1,UC_vs_CD
BUB3,1.2941,2.8494,2.1388,1.3322,0.18279,0.99553,N1,UC_vs_CD
CHST15,4.2327,1.2434,0.77463,1.6051,0.10847,0.99553,N1,UC_vs_CD
OAT,0.62017,-0.47702,1.907,-0.25015,0.80247,0.99553,N1,UC_vs_CD
LHPP,0.22925,-0.75796,4.1396,-0.1831,0.85472,0.99553,N1,UC_vs_CD
FAM53B,0.39092,1.2838,2.4754,0.51861,0.60403,0.99553,N1,UC_vs_CD
EEF1AKMT2,0.82183,0.84624,1.8261,0.46342,0.64306,0.99553,N1,UC_vs_CD
ABRAXAS2,0.30761,-0.0017928,3.8441,-0.00046637,0.99963,0.99979,N1,UC_vs_CD
ZRANB1,0.99111,0.3303,1.7196,0.19208,0.84768,0.99553,N1,UC_vs_CD
AL731577.1,0.0738,0.29634,4.1055,0.072182,0.94246,0.99553,N1,UC_vs_CD
CTBP2,1.5643,1.2142,1.0614,1.1439,0.25265,0.99553,N1,UC_vs_CD
EDRF1,0.16001,1.7355,4.296,0.40399,0.68622,0.99553,N1,UC_vs_CD
UROS,0.31107,0.24196,2.0215,0.11969,0.90473,0.99553,N1,UC_vs_CD
BCCIP,0.50289,0.049486,2.5642,0.019299,0.9846,0.99553,N1,UC_vs_CD
DHX32,0.15185,1.7355,4.296,0.40399,0.68622,0.99553,N1,UC_vs_CD
CLRN3,0.035259,0.57985,4.1749,0.13889,0.88954,0.99553,N1,UC_vs_CD
PTPRE,17.465,-0.20686,0.51369,-0.4027,0.68717,0.99553,N1,UC_vs_CD
MKI67,0.78994,0.75346,2.6812,0.28102,0.77869,0.99553,N1,UC_vs_CD
MGMT,1.4482,1.759,1.562,1.1261,0.26011,0.99553,N1,UC_vs_CD
GLRX3,1.0142,0.75718,1.5311,0.49455,0.62092,0.99553,N1,UC_vs_CD
PPP2R2D,0.88603,1.747,1.5378,1.1361,0.25593,0.99553,N1,UC_vs_CD
BNIP3,0.5966,0.3471,3.7483,0.092602,0.92622,0.99553,N1,UC_vs_CD
PWWP2B,0.0738,0.29634,4.1055,0.072182,0.94246,0.99553,N1,UC_vs_CD
INPP5A,1.0518,-1.2894,1.4314,-0.90078,0.36771,0.99553,N1,UC_vs_CD
VENTX,0.15185,1.7355,4.296,0.40399,0.68622,0.99553,N1,UC_vs_CD
AL592071.1,0.035259,0.57985,4.1749,0.13889,0.88954,0.99553,N1,UC_vs_CD
ADAM8,11.916,0.23653,0.77143,0.30661,0.75914,0.99553,N1,UC_vs_CD
TUBGCP2,1.0623,0.5197,1.6359,0.31769,0.75072,0.99553,N1,UC_vs_CD
ZNF511,0.10906,-0.1236,2.6028,-0.047487,0.96213,0.99553,N1,UC_vs_CD
FUOM,0.16526,1.7355,4.296,0.40399,0.68622,0.99553,N1,UC_vs_CD
ECHS1,0.73348,-0.042373,1.7844,-0.023746,0.98106,0.99553,N1,UC_vs_CD
PAOX,0.11463,0.076876,4.1956,0.018323,0.98538,0.99553,N1,UC_vs_CD
MTG1,0.0738,0.29634,4.1055,0.072182,0.94246,0.99553,N1,UC_vs_CD
KDM5A,2.9573,-0.19604,0.99608,-0.19682,0.84397,0.99553,N1,UC_vs_CD
NINJ2,0.52473,-1.4912,1.8016,-0.82772,0.40783,0.99553,N1,UC_vs_CD
AC021054.1,0.18843,-0.92039,3.1557,-0.29166,0.77055,0.99553,N1,UC_vs_CD
WNK1,3.8784,0.53845,0.72807,0.73956,0.45957,0.99553,N1,UC_vs_CD
ERC1,0.44515,0.98635,3.5221,0.28005,0.77944,0.99553,N1,UC_vs_CD
ADIPOR2,1.3648,0.97412,1.2215,0.79747,0.42518,0.99553,N1,UC_vs_CD
CACNA2D4,0.30371,2.096,4.2116,0.49768,0.61871,0.99553,N1,UC_vs_CD
CACNA1C-AS2,0.16001,1.7355,4.296,0.40399,0.68622,0.99553,N1,UC_vs_CD
FKBP4,0.18514,-0.97652,2.8755,-0.3396,0.73416,0.99553,N1,UC_vs_CD
ITFG2-AS1,0.16001,1.7355,4.296,0.40399,0.68622,0.99553,N1,UC_vs_CD
ITFG2,0.16526,1.7355,4.296,0.40399,0.68622,0.99553,N1,UC_vs_CD
NRIP2,0.16001,1.7355,4.296,0.40399,0.68622,0.99553,N1,UC_vs_CD
FOXM1,0.16001,1.7355,4.296,0.40399,0.68622,0.99553,N1,UC_vs_CD
TSPAN9,0.16526,1.7355,4.296,0.40399,0.68622,0.99553,N1,UC_vs_CD
CRACR2A,0.16526,1.7355,4.296,0.40399,0.68622,0.99553,N1,UC_vs_CD
PARP11,0.0738,0.29634,4.1055,0.072182,0.94246,0.99553,N1,UC_vs_CD
CCND2,1.8687,-0.97824,1.0052,-0.97321,0.33045,0.99553,N1,UC_vs_CD
TIGAR,0.070518,0.17302,4.0786,0.042422,0.96616,0.99553,N1,UC_vs_CD
C12orf4,0.26222,-1.4233,3.2885,-0.43281,0.66515,0.99553,N1,UC_vs_CD
RAD51AP1,0.32003,2.1244,4.2058,0.50511,0.61349,0.99553,N1,UC_vs_CD
DYRK4,0.30813,2.1491,4.3393,0.49527,0.62041,0.99553,N1,UC_vs_CD
NDUFA9,0.92958,1.4091,1.4946,0.94281,0.34578,0.99553,N1,UC_vs_CD
GALNT8,0.035259,0.57985,4.1749,0.13889,0.88954,0.99553,N1,UC_vs_CD
CD9,1.2769,-0.14993,1.7068,-0.087844,0.93,0.99553,N1,UC_vs_CD
PLEKHG6,0.035259,0.57985,4.1749,0.13889,0.88954,0.99553,N1,UC_vs_CD
TNFRSF1A,9.5109,-0.71941,0.56474,-1.2739,0.20271,0.99553,N1,UC_vs_CD
SCNN1A,0.070518,0.17302,4.0786,0.042422,0.96616,0.99553,N1,UC_vs_CD
LTBR,1.7478,-0.033511,1.7528,-0.019118,0.98475,0.99553,N1,UC_vs_CD
CD27,3.693,-0.99917,1.6317,-0.61236,0.5403,0.99553,N1,UC_vs_CD
TAPBPL,1.2818,1.8781,1.6534,1.1358,0.25602,0.99553,N1,UC_vs_CD
VAMP1,0.16001,1.7355,4.296,0.40399,0.68622,0.99553,N1,UC_vs_CD
MRPL51,2.9544,0.4849,0.87487,0.55425,0.57941,0.99553,N1,UC_vs_CD
NCAPD2,0.38193,1.2016,3.5543,0.33806,0.73532,0.99553,N1,UC_vs_CD
GAPDH,49.964,0.02811,0.52875,0.053162,0.9576,0.99553,N1,UC_vs_CD
AC006064.4,0.16526,1.7355,4.296,0.40399,0.68622,0.99553,N1,UC_vs_CD
AC006064.1,0.035259,0.57985,4.1749,0.13889,0.88954,0.99553,N1,UC_vs_CD
CHD4,2.0686,1.2076,1.2707,0.95036,0.34193,0.99553,N1,UC_vs_CD
AC006064.2,0.0738,0.29634,4.1055,0.072182,0.94246,0.99553,N1,UC_vs_CD
ING4,0.15185,1.7355,4.296,0.40399,0.68622,0.99553,N1,UC_vs_CD
ZNF384,0.0738,0.29634,4.1055,0.072182,0.94246,0.99553,N1,UC_vs_CD
COPS7A,0.58094,0.87519,1.946,0.44974,0.65289,0.99553,N1,UC_vs_CD
MLF2,1.6825,0.74266,1.9216,0.38648,0.69914,0.99553,N1,UC_vs_CD
PTMS,0.23053,0.5269,3.4413,0.15311,0.87831,0.99553,N1,UC_vs_CD
LAG3,0.16001,1.7355,4.296,0.40399,0.68622,0.99553,N1,UC_vs_CD
CD4,0.35238,1.3243,2.3132,0.57248,0.567,0.99553,N1,UC_vs_CD
CDCA3,0.44824,2.8852,3.5979,0.8019,0.42261,0.99553,N1,UC_vs_CD
USP5,0.26907,0.25928,2.2471,0.11538,0.90814,0.99553,N1,UC_vs_CD
TPI1,18.602,-0.28517,0.63298,-0.45053,0.65233,0.99553,N1,UC_vs_CD
SPSB2,0.24284,0.79513,3.6848,0.21578,0.82916,0.99553,N1,UC_vs_CD
U47924.3,0.0738,0.29634,4.1055,0.072182,0.94246,0.99553,N1,UC_vs_CD
ATN1,0.23381,0.79896,3.5449,0.22538,0.82168,0.99553,N1,UC_vs_CD
C12orf57,3.4564,2.327,1.6878,1.3787,0.16799,0.99553,N1,UC_vs_CD
PTPN6,6.9904,-0.10181,0.57398,-0.17737,0.85922,0.99553,N1,UC_vs_CD
PHB2,2.1396,2.1361,1.3552,1.5762,0.11497,0.99553,N1,UC_vs_CD
EMG1,0.32528,2.1316,3.0535,0.69809,0.48512,0.99553,N1,UC_vs_CD
LPCAT3,0.7207,-1.2295,1.5156,-0.81126,0.41722,0.99553,N1,UC_vs_CD
C1R,0.20201,1.0374,3.076,0.33725,0.73593,0.99553,N1,UC_vs_CD
C1RL,1.1681,0.23389,1.762,0.13274,0.8944,0.99553,N1,UC_vs_CD
C1RL-AS1,0.68799,0.98268,2.6907,0.36521,0.71496,0.99553,N1,UC_vs_CD
PEX5,0.1476,-0.38372,3.978,-0.09646,0.92315,0.99553,N1,UC_vs_CD
CD163L1,0.15185,1.7355,4.296,0.40399,0.68622,0.99553,N1,UC_vs_CD
CD163,0.15185,1.7355,4.296,0.40399,0.68622,0.99553,N1,UC_vs_CD
CLEC4C,0.11463,0.076876,4.1956,0.018323,0.98538,0.99553,N1,UC_vs_CD
NANOGNB,0.035259,0.57985,4.1749,0.13889,0.88954,0.99553,N1,UC_vs_CD
SLC2A14,0.0738,0.29634,4.1055,0.072182,0.94246,0.99553,N1,UC_vs_CD
SLC2A3,46.438,0.55591,0.52227,1.0644,0.28715,0.99553,N1,UC_vs_CD
FOXJ2,0.75311,1.2678,1.473,0.86068,0.38941,0.99553,N1,UC_vs_CD
C3AR1,12.09,-0.87623,0.72877,-1.2024,0.22923,0.99553,N1,UC_vs_CD
NECAP1,6.4703,-0.83028,0.59207,-1.4023,0.16081,0.99553,N1,UC_vs_CD
CLEC4A,19.79,-1.1657,0.86801,-1.343,0.17928,0.99553,N1,UC_vs_CD
FAM66C,0.0738,0.29634,4.1055,0.072182,0.94246,0.99553,N1,UC_vs_CD
LINC00937,0.070518,0.17302,4.0786,0.042422,0.96616,0.99553,N1,UC_vs_CD
CLEC6A,0.0738,0.29634,4.1055,0.072182,0.94246,0.99553,N1,UC_vs_CD
CLEC4D,5.3215,-0.81453,0.89069,-0.91449,0.36046,0.99553,N1,UC_vs_CD
CLEC4E,11.824,-0.58014,0.48323,-1.2005,0.22993,0.99553,N1,UC_vs_CD
AC092746.1,0.16347,1.3862,2.7687,0.50066,0.61661,0.99553,N1,UC_vs_CD
AICDA,0.035259,0.57985,4.1749,0.13889,0.88954,0.99553,N1,UC_vs_CD
RIMKLB,0.035259,0.57985,4.1749,0.13889,0.88954,0.99553,N1,UC_vs_CD
PHC1,0.26091,0.25946,2.237,0.11598,0.90767,0.99553,N1,UC_vs_CD
M6PR,4.9643,1.2362,1.432,0.86323,0.38801,0.99553,N1,UC_vs_CD
KLRG1,0.32003,2.1244,4.2058,0.50511,0.61349,0.99553,N1,UC_vs_CD
KLRB1,3.1111,0.85564,2.375,0.36027,0.71864,0.99553,N1,UC_vs_CD
CLEC2D,1.0528,1.192,2.058,0.5792,0.56246,0.99553,N1,UC_vs_CD
CLECL1,1.4128,1.9317,1.8615,1.0377,0.29939,0.99553,N1,UC_vs_CD
CD69,26.72,-2.0868,1.0283,-2.0294,0.042422,0.99553,N1,UC_vs_CD
CLEC2B,34.627,-1.0538,0.78568,-1.3412,0.17985,0.99553,N1,UC_vs_CD
CLEC12A,3.2697,0.54166,1.8821,0.28779,0.7735,0.99553,N1,UC_vs_CD
CLEC12B,0.035259,0.57985,4.1749,0.13889,0.88954,0.99553,N1,UC_vs_CD
CLEC9A,0.035259,0.57985,4.1749,0.13889,0.88954,0.99553,N1,UC_vs_CD
CLEC1A,1.2807,-1.2455,2.9199,-0.42655,0.66971,0.99553,N1,UC_vs_CD
CLEC7A,37.226,-1.012,0.77607,-1.3041,0.19221,0.99553,N1,UC_vs_CD
OLR1,16.225,0.56292,1.2116,0.4646,0.64222,0.99553,N1,UC_vs_CD
TMEM52B,0.41028,-0.24787,3.3452,-0.074096,0.94093,0.99553,N1,UC_vs_CD
GABARAPL1,4.8142,0.55613,0.64969,0.85599,0.392,0.99553,N1,UC_vs_CD
KLRD1,0.035259,0.57985,4.1749,0.13889,0.88954,0.99553,N1,UC_vs_CD
KLRC1,0.16001,1.7355,4.296,0.40399,0.68622,0.99553,N1,UC_vs_CD
MAGOHB,0.6629,0.14163,2.8124,0.050358,0.95984,0.99553,N1,UC_vs_CD
YBX3,3.1177,0.72588,1.4991,0.48422,0.62823,0.99553,N1,UC_vs_CD
PRH1,0.11463,0.076876,4.1956,0.018323,0.98538,0.99553,N1,UC_vs_CD
TAS2R50,0.035259,0.57985,4.1749,0.13889,0.88954,0.99553,N1,UC_vs_CD
ETV6,3.6728,-0.90138,0.91331,-0.98693,0.32368,0.99553,N1,UC_vs_CD
MANSC1,0.12821,2.147,4.3394,0.49477,0.62076,0.99553,N1,UC_vs_CD
LOH12CR2,0.32003,2.1244,4.2058,0.50511,0.61349,0.99553,N1,UC_vs_CD
BORCS5,1.6011,3.2079,1.7369,1.8469,0.064759,0.99553,N1,UC_vs_CD
DUSP16,0.87441,1.8247,1.5474,1.1792,0.23833,0.99553,N1,UC_vs_CD
CREBL2,0.54719,1.7045,2.6626,0.64015,0.52207,0.99553,N1,UC_vs_CD
GPR19,0.16001,1.7355,4.296,0.40399,0.68622,0.99553,N1,UC_vs_CD
CDKN1B,1.7787,0.60378,1.4717,0.41025,0.68163,0.99553,N1,UC_vs_CD
APOLD1,0.11463,0.076876,4.1956,0.018323,0.98538,0.99553,N1,UC_vs_CD
DDX47,0.0738,0.29634,4.1055,0.072182,0.94246,0.99553,N1,UC_vs_CD
GPRC5D,0.32003,2.1244,4.2058,0.50511,0.61349,0.99553,N1,UC_vs_CD
HEBP1,0.035259,0.57985,4.1749,0.13889,0.88954,0.99553,N1,UC_vs_CD
EMP1,0.69721,-0.018878,1.9139,-0.0098639,0.99213,0.99901,N1,UC_vs_CD
ATF7IP,0.43811,0.63858,1.9683,0.32444,0.74561,0.99553,N1,UC_vs_CD
PLBD1,2.8736,0.25897,1.2598,0.20557,0.83713,0.99553,N1,UC_vs_CD
PLBD1-AS1,0.0738,0.29634,4.1055,0.072182,0.94246,0.99553,N1,UC_vs_CD
HIST4H4,0.16001,1.7355,4.296,0.40399,0.68622,0.99553,N1,UC_vs_CD
H2AFJ,1.9182,1.3837,1.1702,1.1825,0.237,0.99553,N1,UC_vs_CD
WBP11,1.3889,1.9192,1.6979,1.1303,0.25833,0.99553,N1,UC_vs_CD
ERP27,0.11463,0.076876,4.1956,0.018323,0.98538,0.99553,N1,UC_vs_CD
ARHGDIB,11.439,0.43926,0.76566,0.57371,0.56617,0.99553,N1,UC_vs_CD
EPS8,1.0362,2.07,1.9604,1.0559,0.29103,0.99553,N1,UC_vs_CD
STRAP,1.0832,-0.044451,1.3008,-0.034172,0.97274,0.99553,N1,UC_vs_CD
MGST1,0.20052,0.9601,3.1736,0.30253,0.76225,0.99553,N1,UC_vs_CD
AEBP2,0.46991,0.28543,2.384,0.11973,0.9047,0.99553,N1,UC_vs_CD
PYROXD1,0.16001,1.7355,4.296,0.40399,0.68622,0.99553,N1,UC_vs_CD
RECQL,1.6273,2.2953,2.1169,1.0843,0.27824,0.99553,N1,UC_vs_CD
GOLT1B,1.1405,2.8105,1.8891,1.4877,0.13683,0.99553,N1,UC_vs_CD
LDHB,4.1639,1.3492,0.92378,1.4606,0.14414,0.99553,N1,UC_vs_CD
CMAS,0.22565,0.79989,3.5133,0.22768,0.8199,0.99553,N1,UC_vs_CD
ETNK1,1.4681,-0.071084,1.3312,-0.053398,0.95741,0.99553,N1,UC_vs_CD
SOX5,0.61184,3.0588,3.969,0.77066,0.44091,0.99553,N1,UC_vs_CD
BCAT1,0.73068,0.22537,1.5278,0.14751,0.88273,0.99553,N1,UC_vs_CD
AC023796.2,0.035259,0.57985,4.1749,0.13889,0.88954,0.99553,N1,UC_vs_CD
C12orf77,0.035259,0.57985,4.1749,0.13889,0.88954,0.99553,N1,UC_vs_CD
LRMP,1.35,1.985,1.5167,1.3087,0.19062,0.99553,N1,UC_vs_CD
ETFRF1,1.2828,-0.198,1.2378,-0.15996,0.87292,0.99553,N1,UC_vs_CD
KRAS,5.7971,-0.21451,0.76654,-0.27984,0.7796,0.99553,N1,UC_vs_CD
AC087239.1,1.7668,-2.8301,1.4019,-2.0187,0.043518,0.99553,N1,UC_vs_CD
BHLHE41,0.4549,-0.96531,2.3929,-0.40341,0.68665,0.99553,N1,UC_vs_CD
SSPN,1.0912,0.4774,2.3092,0.20674,0.83621,0.99553,N1,UC_vs_CD
ITPR2,1.9815,-0.19804,1.0622,-0.18645,0.85209,0.99553,N1,UC_vs_CD
INTS13,0.47188,2.3759,3.1692,0.74969,0.45344,0.99553,N1,UC_vs_CD
FGFR1OP2,3.6211,-0.019068,1.2293,-0.015512,0.98762,0.996,N1,UC_vs_CD
TM7SF3,0.12821,2.147,4.3394,0.49477,0.62076,0.99553,N1,UC_vs_CD
MED21,0.62177,0.53415,1.8711,0.28548,0.77528,0.99553,N1,UC_vs_CD
AC092747.4,0.035259,0.57985,4.1749,0.13889,0.88954,0.99553,N1,UC_vs_CD
STK38L,1.7372,0.64016,1.0989,0.58253,0.56021,0.99553,N1,UC_vs_CD
ARNTL2,0.93338,3.8785,2.9192,1.3286,0.18398,0.99553,N1,UC_vs_CD
PPFIBP1,0.15185,1.7355,4.296,0.40399,0.68622,0.99553,N1,UC_vs_CD
REP15,0.11463,0.076876,4.1956,0.018323,0.98538,0.99553,N1,UC_vs_CD
MRPS35,0.28822,2.5291,3.2881,0.76917,0.44179,0.99553,N1,UC_vs_CD
KLHL42,0.035259,0.57985,4.1749,0.13889,0.88954,0.99553,N1,UC_vs_CD
CCDC91,1.1159,0.95374,2.0013,0.47655,0.63368,0.99553,N1,UC_vs_CD
FAR2,0.57036,-0.68137,2.6516,-0.25696,0.79721,0.99553,N1,UC_vs_CD
AC009318.4,0.0738,0.29634,4.1055,0.072182,0.94246,0.99553,N1,UC_vs_CD
AC009318.1,0.16526,1.7355,4.296,0.40399,0.68622,0.99553,N1,UC_vs_CD
ERGIC2,2.2567,-0.14783,1.0336,-0.14303,0.88627,0.99553,N1,UC_vs_CD
TMTC1,0.27432,0.25917,2.2534,0.11501,0.90844,0.99553,N1,UC_vs_CD
IPO8,0.30305,-1.5435,3.2854,-0.4698,0.6385,0.99553,N1,UC_vs_CD
CAPRIN2,0.27464,0.50675,3.2634,0.15528,0.8766,0.99553,N1,UC_vs_CD
DDX11,0.30813,2.1491,4.3393,0.49527,0.62041,0.99553,N1,UC_vs_CD
SINHCAF,1.5513,2.3109,2.3276,0.99283,0.32079,0.99553,N1,UC_vs_CD
AC024940.1,0.035259,0.57985,4.1749,0.13889,0.88954,0.99553,N1,UC_vs_CD
DENND5B,1.4678,-0.84167,1.4799,-0.56874,0.56953,0.99553,N1,UC_vs_CD
ETFBKMT,0.32528,2.1316,3.0535,0.69809,0.48512,0.99553,N1,UC_vs_CD
AMN1,1.4387,-0.018585,1.2442,-0.014937,0.98808,0.99637,N1,UC_vs_CD
AC023157.3,28.44,-0.59182,0.86829,-0.68159,0.4955,0.99553,N1,UC_vs_CD
H3F3C,0.035259,0.57985,4.1749,0.13889,0.88954,0.99553,N1,UC_vs_CD
KIAA1551,18.576,-0.89158,0.88397,-1.0086,0.31316,0.99553,N1,UC_vs_CD
AC016957.2,0.26648,0.49292,3.2388,0.15219,0.87904,0.99553,N1,UC_vs_CD
BICD1,0.7676,1.4896,2.1634,0.68856,0.4911,0.99553,N1,UC_vs_CD
FGD4,7.8726,0.069347,0.90055,0.077005,0.93862,0.99553,N1,UC_vs_CD
DNM1L,0.85152,0.88545,1.5893,0.55714,0.57743,0.99553,N1,UC_vs_CD
ALG10B,0.16526,1.7355,4.296,0.40399,0.68622,0.99553,N1,UC_vs_CD
CPNE8,0.15185,1.7355,4.296,0.40399,0.68622,0.99553,N1,UC_vs_CD
AC067735.1,0.0738,0.29634,4.1055,0.072182,0.94246,0.99553,N1,UC_vs_CD
KIF21A,0.8909,2.357,3.1597,0.74595,0.4557,0.99553,N1,UC_vs_CD
LINC02555,0.1476,-0.38372,3.978,-0.09646,0.92315,0.99553,N1,UC_vs_CD
LINC02471,0.0738,0.29634,4.1055,0.072182,0.94246,0.99553,N1,UC_vs_CD
AC079630.1,1.0234,-1.9679,1.4073,-1.3984,0.162,0.99553,N1,UC_vs_CD
LRRK2,10.248,-0.84278,0.86792,-0.97103,0.33153,0.99553,N1,UC_vs_CD
GXYLT1,0.15185,1.7355,4.296,0.40399,0.68622,0.99553,N1,UC_vs_CD
YAF2,0.83431,-1.4615,1.4949,-0.97768,0.32823,0.99553,N1,UC_vs_CD
PPHLN1,1.1431,0.14141,1.4926,0.094742,0.92452,0.99553,N1,UC_vs_CD
ZCRB1,0.74423,-0.27622,1.5685,-0.17611,0.86021,0.99553,N1,UC_vs_CD
PRICKLE1,0.30813,2.1491,4.3393,0.49527,0.62041,0.99553,N1,UC_vs_CD
PUS7L,0.88222,0.33255,1.8003,0.18472,0.85345,0.99553,N1,UC_vs_CD
IRAK4,1.2196,0.80593,1.3977,0.57662,0.5642,0.99553,N1,UC_vs_CD
TWF1,0.84291,1.9665,1.9849,0.99069,0.32184,0.99553,N1,UC_vs_CD
TMEM117,0.11463,0.076876,4.1956,0.018323,0.98538,0.99553,N1,UC_vs_CD
ANO6,0.32528,2.1316,3.0535,0.69809,0.48512,0.99553,N1,UC_vs_CD
AC008124.1,0.31712,2.1207,3.0327,0.69927,0.48438,0.99553,N1,UC_vs_CD
ARID2,0.72625,-0.83223,1.8218,-0.45682,0.6478,0.99553,N1,UC_vs_CD
SCAF11,10.39,-0.23686,0.79658,-0.29735,0.7662,0.99553,N1,UC_vs_CD
SLC38A1,0.65146,0.19723,1.8687,0.10554,0.91594,0.99553,N1,UC_vs_CD
SLC38A2,10.238,-0.73135,0.69601,-1.0508,0.29336,0.99553,N1,UC_vs_CD
AC025031.4,0.27432,0.25917,2.2534,0.11501,0.90844,0.99553,N1,UC_vs_CD
AMIGO2,0.0738,0.29634,4.1055,0.072182,0.94246,0.99553,N1,UC_vs_CD
PCED1B,0.23053,0.5269,3.4413,0.15311,0.87831,0.99553,N1,UC_vs_CD
AC008083.2,0.12821,2.147,4.3394,0.49477,0.62076,0.99553,N1,UC_vs_CD
RPAP3,1.0733,0.47221,1.5781,0.29922,0.76477,0.99553,N1,UC_vs_CD
AC004241.1,0.18286,-0.58992,2.6976,-0.21868,0.8269,0.99553,N1,UC_vs_CD
SLC48A1,0.30779,0.15961,1.8711,0.085304,0.93202,0.99553,N1,UC_vs_CD
HDAC7,0.61592,0.89679,1.6097,0.55713,0.57744,0.99553,N1,UC_vs_CD
VDR,0.86595,0.41161,1.4548,0.28293,0.77723,0.99553,N1,UC_vs_CD
TMEM106C,1.4975,1.8939,3.1649,0.59841,0.54957,0.99553,N1,UC_vs_CD
SENP1,0.035259,0.57985,4.1749,0.13889,0.88954,0.99553,N1,UC_vs_CD
ASB8,1.1619,3.078,2.3192,1.3271,0.18446,0.99553,N1,UC_vs_CD
ZNF641,0.7144,0.10679,1.95,0.054763,0.95633,0.99553,N1,UC_vs_CD
KANSL2,0.16526,1.7355,4.296,0.40399,0.68622,0.99553,N1,UC_vs_CD
CCNT1,2.2452,-0.0015239,1.3274,-0.0011481,0.99908,0.99979,N1,UC_vs_CD
DDX23,0.50813,0.088331,1.9249,0.04589,0.9634,0.99553,N1,UC_vs_CD
FKBP11,11.677,0.94015,1.3946,0.67415,0.50021,0.99553,N1,UC_vs_CD
ARF3,2.1803,-0.65327,1.3568,-0.48149,0.63017,0.99553,N1,UC_vs_CD
DDN-AS1,0.41339,-0.62884,2.0531,-0.30629,0.75939,0.99553,N1,UC_vs_CD
PRKAG1,0.69524,-1.0953,1.8583,-0.58941,0.55558,0.99553,N1,UC_vs_CD
KMT2D,0.34812,-0.22513,2.2824,-0.09864,0.92142,0.99553,N1,UC_vs_CD
RHEBL1,0.16001,1.7355,4.296,0.40399,0.68622,0.99553,N1,UC_vs_CD
LMBR1L,0.31664,-0.12544,2.3932,-0.052413,0.9582,0.99553,N1,UC_vs_CD
TUBA1B,8.7518,1.0632,1.1104,0.95752,0.33831,0.99553,N1,UC_vs_CD
TUBA1A,11.597,0.8484,0.88769,0.95574,0.3392,0.99553,N1,UC_vs_CD
TUBA1C,0.94413,0.93534,1.5647,0.59776,0.55,0.99553,N1,UC_vs_CD
AC010173.1,0.49213,0.041735,2.5253,0.016527,0.98681,0.99556,N1,UC_vs_CD
TROAP,0.39383,1.2613,3.9508,0.31926,0.74953,0.99553,N1,UC_vs_CD
SPATS2,2.4713,0.89793,1.5953,0.56284,0.57354,0.99553,N1,UC_vs_CD
MCRS1,0.29748,-1.5477,2.1698,-0.7133,0.47566,0.99553,N1,UC_vs_CD
FMNL3,0.77413,-1.1051,1.6408,-0.67352,0.50061,0.99553,N1,UC_vs_CD
TMBIM6,25.242,0.62943,0.63525,0.99084,0.32176,0.99553,N1,UC_vs_CD
NCKAP5L,1.0044,2.9113,3.0117,0.96665,0.33372,0.99553,N1,UC_vs_CD
RACGAP1,0.15185,1.7355,4.296,0.40399,0.68622,0.99553,N1,UC_vs_CD
SMARCD1,0.10578,-0.14974,4.0165,-0.037281,0.97026,0.99553,N1,UC_vs_CD
COX14,1.7886,0.013599,1.7128,0.0079397,0.99367,0.99979,N1,UC_vs_CD
CERS5,0.0738,0.29634,4.1055,0.072182,0.94246,0.99553,N1,UC_vs_CD
LIMA1,0.34516,-0.54607,2.2253,-0.24539,0.80616,0.99553,N1,UC_vs_CD
LARP4,0.43433,0.64014,1.946,0.32895,0.74219,0.99553,N1,UC_vs_CD
DIP2B,3.3393,0.74944,1.2343,0.60717,0.54374,0.99553,N1,UC_vs_CD
ATF1,0.070518,0.17302,4.0786,0.042422,0.96616,0.99553,N1,UC_vs_CD
METTL7A,0.91551,-1.0082,1.5685,-0.64277,0.52037,0.99553,N1,UC_vs_CD
SLC11A2,1.6419,-1.0605,2.1991,-0.48225,0.62963,0.99553,N1,UC_vs_CD
LETMD1,1.1288,2.748,2.2228,1.2363,0.21635,0.99553,N1,UC_vs_CD
CSRNP2,0.47188,2.3759,3.1692,0.74969,0.45344,0.99553,N1,UC_vs_CD
TFCP2,0.19527,0.95987,3.1507,0.30465,0.76063,0.99553,N1,UC_vs_CD
DAZAP2,16.163,0.14987,0.46787,0.32033,0.74872,0.99553,N1,UC_vs_CD
SMAGP,0.15185,1.7355,4.296,0.40399,0.68622,0.99553,N1,UC_vs_CD
BIN2,4.2183,0.15356,1.1672,0.13156,0.89533,0.99553,N1,UC_vs_CD
GALNT6,0.70278,1.7989,2.0156,0.89249,0.37213,0.99553,N1,UC_vs_CD
SLC4A8,0.47713,2.3914,2.4574,0.97316,0.33048,0.99553,N1,UC_vs_CD
ACVR1B,0.8143,1.9701,1.9856,0.99219,0.3211,0.99553,N1,UC_vs_CD
GRASP,0.1476,-0.38372,3.978,-0.09646,0.92315,0.99553,N1,UC_vs_CD
NR4A1,3.8508,0.93366,1.2171,0.76713,0.443,0.99553,N1,UC_vs_CD
ATG101,0.31712,2.1207,3.0327,0.69927,0.48438,0.99553,N1,UC_vs_CD
KRT8,0.60839,-2.1864,3.427,-0.63798,0.52348,0.99553,N1,UC_vs_CD
KRT18,0.64136,-2.6766,2.2049,-1.2139,0.22477,0.99553,N1,UC_vs_CD
EIF4B,4.7388,1.7474,1.002,1.7439,0.081177,0.99553,N1,UC_vs_CD
AC068888.1,0.070518,0.17302,4.0786,0.042422,0.96616,0.99553,N1,UC_vs_CD
SPRYD3,0.27464,0.50675,3.2634,0.15528,0.8766,0.99553,N1,UC_vs_CD
CSAD,0.53326,-1.4398,1.7414,-0.82677,0.40837,0.99553,N1,UC_vs_CD
ZNF740,0.035259,0.57985,4.1749,0.13889,0.88954,0.99553,N1,UC_vs_CD
ITGB7,1.2467,0.69742,3.1647,0.22038,0.82558,0.99553,N1,UC_vs_CD
MFSD5,0.070518,0.17302,4.0786,0.042422,0.96616,0.99553,N1,UC_vs_CD
PFDN5,22.971,0.39414,0.54474,0.72354,0.46935,0.99553,N1,UC_vs_CD
AC073611.1,0.29347,2.529,3.3068,0.76479,0.4444,0.99553,N1,UC_vs_CD
C12orf10,0.27464,0.50675,3.2634,0.15528,0.8766,0.99553,N1,UC_vs_CD
AAAS,0.42649,0.90349,2.2685,0.39828,0.69042,0.99553,N1,UC_vs_CD
SP1,2.1337,-1.2671,1.0071,-1.2581,0.20834,0.99553,N1,UC_vs_CD
PRR13,9.0989,0.11738,0.54439,0.21561,0.82929,0.99553,N1,UC_vs_CD
PCBP2,7.2442,-0.43896,0.8136,-0.53952,0.58953,0.99553,N1,UC_vs_CD
MAP3K12,0.35041,-0.54514,2.2339,-0.24404,0.8072,0.99553,N1,UC_vs_CD
ATF7,0.38141,-0.37825,3.8257,-0.09887,0.92124,0.99553,N1,UC_vs_CD
ATP5MC2,11.422,1.3517,1.0461,1.2921,0.19632,0.99553,N1,UC_vs_CD
CALCOCO1,2.1311,1.9311,1.4264,1.3538,0.1758,0.99553,N1,UC_vs_CD
CBX5,1.061,1.1482,2.2097,0.51959,0.60335,0.99553,N1,UC_vs_CD
HNRNPA1,4.0223,1.4107,0.82957,1.7005,0.08903,0.99553,N1,UC_vs_CD
NFE2,0.45294,-2.1345,2.2042,-0.96839,0.33285,0.99553,N1,UC_vs_CD
COPZ1,1.5223,-0.19462,1.1244,-0.17308,0.86259,0.99553,N1,UC_vs_CD
GPR84,6.166,0.55056,1.0227,0.53836,0.59033,0.99553,N1,UC_vs_CD
ZNF385A,0.30371,2.096,4.2116,0.49768,0.61871,0.99553,N1,UC_vs_CD
ITGA5,3.4605,-0.47387,1.5586,-0.30403,0.7611,0.99553,N1,UC_vs_CD
GTSF1,0.48004,2.3809,4.1592,0.57243,0.56703,0.99553,N1,UC_vs_CD
NCKAP1L,2.3985,3.4126,1.2943,2.6366,0.008373,0.99553,N1,UC_vs_CD
TESPA1,0.16001,1.7355,4.296,0.40399,0.68622,0.99553,N1,UC_vs_CD
AC009779.3,0.26648,0.49292,3.2388,0.15219,0.87904,0.99553,N1,UC_vs_CD
BLOC1S1,6.7918,0.040762,0.75191,0.054212,0.95677,0.99553,N1,UC_vs_CD
RDH5,0.0738,0.29634,4.1055,0.072182,0.94246,0.99553,N1,UC_vs_CD
CD63,35.02,0.25488,0.56113,0.45423,0.64966,0.99553,N1,UC_vs_CD
SARNP,0.16526,1.7355,4.296,0.40399,0.68622,0.99553,N1,UC_vs_CD
ORMDL2,1.5915,0.91566,1.0819,0.84633,0.39737,0.99553,N1,UC_vs_CD
MMP19,1.6026,4.5747,2.8051,1.6309,0.10291,0.99553,N1,UC_vs_CD
PYM1,0.38567,1.2777,2.4678,0.51772,0.60465,0.99553,N1,UC_vs_CD
DGKA,0.37325,-0.37825,3.8257,-0.09887,0.92124,0.99553,N1,UC_vs_CD
CDK2,0.23053,0.5269,3.4413,0.15311,0.87831,0.99553,N1,UC_vs_CD
RAB5B,1.4666,-0.13162,1.0686,-0.12317,0.90197,0.99553,N1,UC_vs_CD
IKZF4,0.50506,-1.3144,2.513,-0.52306,0.60093,0.99553,N1,UC_vs_CD
RPS26,39.65,1.1798,0.84888,1.3898,0.16458,0.99553,N1,UC_vs_CD
ERBB3,0.0738,0.29634,4.1055,0.072182,0.94246,0.99553,N1,UC_vs_CD
PA2G4,3.17,3.3409,1.8121,1.8436,0.065238,0.99553,N1,UC_vs_CD
RPL41,162.62,1.1925,0.69875,1.7066,0.087903,0.99553,N1,UC_vs_CD
ZC3H10,0.16001,1.7355,4.296,0.40399,0.68622,0.99553,N1,UC_vs_CD
ESYT1,0.62436,0.40803,2.6911,0.15162,0.87948,0.99553,N1,UC_vs_CD
MYL6B,0.5772,1.2284,1.9793,0.62065,0.53483,0.99553,N1,UC_vs_CD
MYL6,72.855,0.13998,0.52751,0.26537,0.79073,0.99553,N1,UC_vs_CD
SMARCC2,0.36202,1.5516,2.4306,0.63838,0.52322,0.99553,N1,UC_vs_CD
RNF41,1.2132,0.34049,1.2751,0.26704,0.78944,0.99553,N1,UC_vs_CD
ANKRD52,0.16526,1.7355,4.296,0.40399,0.68622,0.99553,N1,UC_vs_CD
CS,0.45964,0.46551,1.7088,0.27242,0.7853,0.99553,N1,UC_vs_CD
AC073896.2,0.16001,1.7355,4.296,0.40399,0.68622,0.99553,N1,UC_vs_CD
CNPY2,1.9724,0.86422,1.2946,0.66754,0.50442,0.99553,N1,UC_vs_CD
PAN2,0.11463,0.076876,4.1956,0.018323,0.98538,0.99553,N1,UC_vs_CD
IL23A,0.15185,1.7355,4.296,0.40399,0.68622,0.99553,N1,UC_vs_CD
STAT2,2.7914,0.74599,0.89889,0.8299,0.40659,0.99553,N1,UC_vs_CD
TIMELESS,0.30813,2.1491,4.3393,0.49527,0.62041,0.99553,N1,UC_vs_CD
SPRYD4,0.30813,2.1491,4.3393,0.49527,0.62041,0.99553,N1,UC_vs_CD
BAZ2A,2.5331,-0.21204,0.92648,-0.22887,0.81897,0.99553,N1,UC_vs_CD
ATP5F1B,3.1622,0.64327,1.2304,0.52282,0.6011,0.99553,N1,UC_vs_CD
PTGES3,6.4829,-0.31088,1.0232,-0.30384,0.76125,0.99553,N1,UC_vs_CD
NACA,39.287,0.37755,0.70905,0.53247,0.5944,0.99553,N1,UC_vs_CD
PRIM1,0.035259,0.57985,4.1749,0.13889,0.88954,0.99553,N1,UC_vs_CD
HSD17B6,0.16001,1.7355,4.296,0.40399,0.68622,0.99553,N1,UC_vs_CD
NEMP1,0.62816,3.0923,3.9964,0.77377,0.43907,0.99553,N1,UC_vs_CD
NAB2,0.22565,0.79989,3.5133,0.22768,0.8199,0.99553,N1,UC_vs_CD
STAT6,2.9239,0.57246,0.94888,0.60331,0.54631,0.99553,N1,UC_vs_CD
LRP1,0.31712,2.1207,3.0327,0.69927,0.48438,0.99553,N1,UC_vs_CD
SHMT2,0.62816,3.0923,3.9964,0.77377,0.43907,0.99553,N1,UC_vs_CD
R3HDM2,1.0893,0.45522,1.2944,0.35169,0.72507,0.99553,N1,UC_vs_CD
AC126614.1,0.42276,0.78781,4.0144,0.19624,0.84442,0.99553,N1,UC_vs_CD
ARHGAP9,3.7822,-0.4921,0.92263,-0.53336,0.59378,0.99553,N1,UC_vs_CD
MARS,1.8881,0.95374,2.5733,0.37063,0.71092,0.99553,N1,UC_vs_CD
DDIT3,13.055,-0.25492,0.81257,-0.31372,0.75373,0.99553,N1,UC_vs_CD
MBD6,3.8974,0.011943,0.69417,0.017205,0.98627,0.99556,N1,UC_vs_CD
DCTN2,0.26907,0.25928,2.2471,0.11538,0.90814,0.99553,N1,UC_vs_CD
PIP4K2C,0.035259,0.57985,4.1749,0.13889,0.88954,0.99553,N1,UC_vs_CD
B4GALNT1,0.15185,1.7355,4.296,0.40399,0.68622,0.99553,N1,UC_vs_CD
OS9,2.7387,-0.91249,0.87364,-1.0445,0.29626,0.99553,N1,UC_vs_CD
TSPAN31,1.0735,3.9349,2.2131,1.778,0.075401,0.99553,N1,UC_vs_CD
CDK4,0.46959,0.246,1.8435,0.13344,0.89384,0.99553,N1,UC_vs_CD
MARCH9,0.15185,1.7355,4.296,0.40399,0.68622,0.99553,N1,UC_vs_CD
METTL1,0.2214,-0.75066,3.927,-0.19116,0.8484,0.99553,N1,UC_vs_CD
TSFM,0.64006,2.5648,4.1315,0.62078,0.53474,0.99553,N1,UC_vs_CD
AVIL,0.070518,0.17302,4.0786,0.042422,0.96616,0.99553,N1,UC_vs_CD
CTDSP2,1.448,2.8343,1.4348,1.9753,0.048234,0.99553,N1,UC_vs_CD
AC084033.3,0.62653,-0.55699,1.6692,-0.33368,0.73862,0.99553,N1,UC_vs_CD
FAM19A2,1.7227,-0.43267,1.3154,-0.32893,0.74221,0.99553,N1,UC_vs_CD
USP15,14.925,-0.36597,0.53345,-0.68604,0.49268,0.99553,N1,UC_vs_CD
MON2,1.2868,0.1771,1.4352,0.1234,0.90179,0.99553,N1,UC_vs_CD
LINC01465,0.20052,0.9601,3.1736,0.30253,0.76225,0.99553,N1,UC_vs_CD
AC048341.1,0.76104,1.3141,2.0453,0.64252,0.52054,0.99553,N1,UC_vs_CD
AC048341.2,0.30305,-1.5435,3.2854,-0.4698,0.6385,0.99553,N1,UC_vs_CD
RXYLT1,0.23381,0.79896,3.5449,0.22538,0.82168,0.99553,N1,UC_vs_CD
XPOT,0.23381,0.79896,3.5449,0.22538,0.82168,0.99553,N1,UC_vs_CD
AC135279.3,0.035259,0.57985,4.1749,0.13889,0.88954,0.99553,N1,UC_vs_CD
TBK1,3.3056,-1.1028,0.93917,-1.1743,0.24029,0.99553,N1,UC_vs_CD
RASSF3,3.6115,-0.79901,1.2454,-0.64158,0.52115,0.99553,N1,UC_vs_CD
GNS,4.7581,-0.013003,0.70249,-0.01851,0.98523,0.99553,N1,UC_vs_CD
TBC1D30,0.2952,-1.0126,3.8965,-0.25987,0.79497,0.99553,N1,UC_vs_CD
LEMD3,0.90479,1.6428,1.6991,0.96686,0.33362,0.99553,N1,UC_vs_CD
LLPH,1.4865,-1.6517,1.2216,-1.3521,0.17635,0.99553,N1,UC_vs_CD
TMBIM4,10.204,-0.38745,0.6596,-0.5874,0.55693,0.99553,N1,UC_vs_CD
IRAK3,7.6985,0.1145,0.62805,0.18232,0.85533,0.99553,N1,UC_vs_CD
HELB,2.6293,-1.8506,1.4454,-1.2804,0.2004,0.99553,N1,UC_vs_CD
GRIP1,0.11463,0.076876,4.1956,0.018323,0.98538,0.99553,N1,UC_vs_CD
CAND1,1.0506,2.3201,1.826,1.2706,0.20386,0.99553,N1,UC_vs_CD
DYRK2,0.035259,0.57985,4.1749,0.13889,0.88954,0.99553,N1,UC_vs_CD
IFNG-AS1,0.0738,0.29634,4.1055,0.072182,0.94246,0.99553,N1,UC_vs_CD
MDM1,0.32003,2.1244,4.2058,0.50511,0.61349,0.99553,N1,UC_vs_CD
LINC02384,0.17958,-0.63764,2.4879,-0.25629,0.79772,0.99553,N1,UC_vs_CD
RAP1B,5.7796,-0.22403,0.9056,-0.24739,0.80461,0.99553,N1,UC_vs_CD
NUP107,0.30813,2.1491,4.3393,0.49527,0.62041,0.99553,N1,UC_vs_CD
SLC35E3,1.088,-0.4567,1.1936,-0.38264,0.70199,0.99553,N1,UC_vs_CD
MDM2,3.2655,-0.37897,1.2669,-0.29913,0.76484,0.99553,N1,UC_vs_CD
AC025423.1,0.47339,2.6291,3.7922,0.6933,0.48812,0.99553,N1,UC_vs_CD
CPM,0.51526,-0.23683,3.7443,-0.063251,0.94957,0.99553,N1,UC_vs_CD
CPSF6,0.47337,0.21433,1.8614,0.11514,0.90833,0.99553,N1,UC_vs_CD
LYZ,35.608,0.62261,1.3826,0.4503,0.65249,0.99553,N1,UC_vs_CD
AC020656.1,3.022,-0.74706,2.7922,-0.26755,0.78905,0.99553,N1,UC_vs_CD
YEATS4,0.38193,1.2016,3.5543,0.33806,0.73532,0.99553,N1,UC_vs_CD
FRS2,0.0738,0.29634,4.1055,0.072182,0.94246,0.99553,N1,UC_vs_CD
CCT2,1.7603,1.9264,1.9049,1.0113,0.31189,0.99553,N1,UC_vs_CD
RAB3IP,0.6555,2.4353,2.0555,1.1847,0.23612,0.99553,N1,UC_vs_CD
AC025159.1,0.55097,1.5002,2.7583,0.54388,0.58653,0.99553,N1,UC_vs_CD
CNOT2,3.0149,1.5309,1.3286,1.1523,0.24921,0.99553,N1,UC_vs_CD
AC025569.1,0.16001,1.7355,4.296,0.40399,0.68622,0.99553,N1,UC_vs_CD
PTPRR,0.035259,0.57985,4.1749,0.13889,0.88954,0.99553,N1,UC_vs_CD
TSPAN8,0.76107,-1.5243,2.0375,-0.74813,0.45438,0.99553,N1,UC_vs_CD
ZFC3H1,3.3901,-0.27203,0.96113,-0.28303,0.77715,0.99553,N1,UC_vs_CD
THAP2,1.608,2.5404,1.6639,1.5267,0.12683,0.99553,N1,UC_vs_CD
TMEM19,0.45802,0.19031,2.513,0.07573,0.93963,0.99553,N1,UC_vs_CD
RAB21,8.9123,-0.60058,0.75262,-0.79798,0.42488,0.99553,N1,UC_vs_CD
TBC1D15,4.4029,-0.82395,0.88503,-0.93099,0.35186,0.99553,N1,UC_vs_CD
ATXN7L3B,0.44008,2.8884,2.5493,1.133,0.25722,0.99553,N1,UC_vs_CD
GLIPR1,4.1304,0.20195,0.83251,0.24259,0.80833,0.99553,N1,UC_vs_CD
KRR1,1.1786,0.19511,2.304,0.084683,0.93251,0.99553,N1,UC_vs_CD
PHLDA1,0.83475,1.9349,2.4594,0.78672,0.43145,0.99553,N1,UC_vs_CD
NAP1L1,4.2327,2.1295,1.1222,1.8976,0.057748,0.99553,N1,UC_vs_CD
BBS10,0.16526,1.7355,4.296,0.40399,0.68622,0.99553,N1,UC_vs_CD
OSBPL8,7.9229,-0.28902,0.56633,-0.51033,0.60982,0.99553,N1,UC_vs_CD
ZDHHC17,0.49524,1.9097,2.5001,0.76385,0.44496,0.99553,N1,UC_vs_CD
E2F7,0.16001,1.7355,4.296,0.40399,0.68622,0.99553,N1,UC_vs_CD
PAWR,0.035259,0.57985,4.1749,0.13889,0.88954,0.99553,N1,UC_vs_CD
PPP1R12A,4.7649,0.73654,0.86124,0.8552,0.39244,0.99553,N1,UC_vs_CD
LIN7A,0.86052,-0.49775,1.4582,-0.34133,0.73285,0.99553,N1,UC_vs_CD
ACSS3,0.19873,0.93233,2.7996,0.33302,0.73912,0.99553,N1,UC_vs_CD
LINC02426,0.29168,1.8596,3.0345,0.61283,0.53999,0.99553,N1,UC_vs_CD
CCDC59,1.9273,1.7241,1.8519,0.93098,0.35187,0.99553,N1,UC_vs_CD
METTL25,0.18286,-0.58992,2.6976,-0.21868,0.8269,0.99553,N1,UC_vs_CD
TMTC2,0.16526,1.7355,4.296,0.40399,0.68622,0.99553,N1,UC_vs_CD
CEP290,0.31712,2.1207,3.0327,0.69927,0.48438,0.99553,N1,UC_vs_CD
DUSP6,14.459,-0.0074198,1.2184,-0.0060896,0.99514,0.99979,N1,UC_vs_CD
AC024909.2,0.22368,-1.1647,2.1972,-0.53008,0.59605,0.99553,N1,UC_vs_CD
POC1B,0.23053,0.5269,3.4413,0.15311,0.87831,0.99553,N1,UC_vs_CD
POC1B-AS1,0.23578,0.5275,3.4637,0.15229,0.87896,0.99553,N1,UC_vs_CD
ATP2B1,22.98,0.71222,0.63828,1.1158,0.26449,0.99553,N1,UC_vs_CD
ATP2B1-AS1,14.526,-0.086813,0.89533,-0.096962,0.92276,0.99553,N1,UC_vs_CD
AC084200.1,0.035259,0.57985,4.1749,0.13889,0.88954,0.99553,N1,UC_vs_CD
LUM,0.070518,0.17302,4.0786,0.042422,0.96616,0.99553,N1,UC_vs_CD
BTG1,23.974,0.33834,0.65062,0.52002,0.60305,0.99553,N1,UC_vs_CD
AC025164.1,0.84462,3.8247,2.4921,1.5347,0.12485,0.99553,N1,UC_vs_CD
LINC02397,0.16001,1.7355,4.296,0.40399,0.68622,0.99553,N1,UC_vs_CD
EEA1,0.48041,0.2999,2.3984,0.12504,0.90049,0.99553,N1,UC_vs_CD
NUDT4,1.4643,2.2831,1.999,1.1421,0.2534,0.99553,N1,UC_vs_CD
UBE2N,1.6379,0.38739,1.1008,0.35191,0.72491,0.99553,N1,UC_vs_CD
MRPL42,0.72709,-0.15871,1.6544,-0.095934,0.92357,0.99553,N1,UC_vs_CD
SOCS2,0.64006,2.5648,4.1315,0.62078,0.53474,0.99553,N1,UC_vs_CD
CRADD,0.33897,1.3072,3.6352,0.3596,0.71915,0.99553,N1,UC_vs_CD
PLXNC1,7.7913,0.10715,0.66854,0.16028,0.87266,0.99553,N1,UC_vs_CD
AC073655.2,0.035259,0.57985,4.1749,0.13889,0.88954,0.99553,N1,UC_vs_CD
CEP83,0.1476,-0.38372,3.978,-0.09646,0.92315,0.99553,N1,UC_vs_CD
CEP83-DT,0.12821,2.147,4.3394,0.49477,0.62076,0.99553,N1,UC_vs_CD
TMCC3,3.1317,0.76764,0.90125,0.85174,0.39436,0.99553,N1,UC_vs_CD
NDUFA12,4.2286,3.0315,1.1994,2.5275,0.011487,0.99553,N1,UC_vs_CD
NR2C1,0.0738,0.29634,4.1055,0.072182,0.94246,0.99553,N1,UC_vs_CD
FGD6,0.15185,1.7355,4.296,0.40399,0.68622,0.99553,N1,UC_vs_CD
VEZT,0.15185,1.7355,4.296,0.40399,0.68622,0.99553,N1,UC_vs_CD
METAP2,0.6708,0.44243,1.9654,0.22511,0.8219,0.99553,N1,UC_vs_CD
NTN4,0.035259,0.57985,4.1749,0.13889,0.88954,0.99553,N1,UC_vs_CD
SNRPF,2.5616,3.4314,2.1811,1.5732,0.11567,0.99553,N1,UC_vs_CD
HAL,1.2019,1.0898,1.4502,0.75143,0.45239,0.99553,N1,UC_vs_CD
AC007298.2,0.035259,0.57985,4.1749,0.13889,0.88954,0.99553,N1,UC_vs_CD
LTA4H,1.872,-1.4126,1.0554,-1.3385,0.18075,0.99553,N1,UC_vs_CD
ELK3,1.0654,1.9875,3.8605,0.51483,0.60667,0.99553,N1,UC_vs_CD
CDK17,0.62436,0.40803,2.6911,0.15162,0.87948,0.99553,N1,UC_vs_CD
CFAP54,0.16526,1.7355,4.296,0.40399,0.68622,0.99553,N1,UC_vs_CD
NEDD1,0.35529,1.3328,3.6732,0.36284,0.71673,0.99553,N1,UC_vs_CD
TMPO-AS1,0.16001,1.7355,4.296,0.40399,0.68622,0.99553,N1,UC_vs_CD
TMPO,0.50845,0.066541,2.5476,0.026119,0.97916,0.99553,N1,UC_vs_CD
SLC25A3,4.1561,0.67988,0.84459,0.80498,0.42083,0.99553,N1,UC_vs_CD
IKBIP,2.3056,-1.426,1.292,-1.1037,0.2697,0.99553,N1,UC_vs_CD
APAF1,1.7341,-1.0794,1.0094,-1.0693,0.28495,0.99553,N1,UC_vs_CD
UHRF1BP1L,0.98852,1.1912,2.0768,0.57358,0.56625,0.99553,N1,UC_vs_CD
ACTR6,0.96418,0.055891,2.288,0.024428,0.98051,0.99553,N1,UC_vs_CD
SCYL2,1.6996,0.77064,1.6402,0.46985,0.63846,0.99553,N1,UC_vs_CD
GAS2L3,0.16526,1.7355,4.296,0.40399,0.68622,0.99553,N1,UC_vs_CD
UTP20,0.34028,-0.37373,2.3837,-0.15679,0.87541,0.99553,N1,UC_vs_CD
ARL1,1.4816,-0.83543,1.8292,-0.45671,0.64788,0.99553,N1,UC_vs_CD
CHPT1,0.3837,-0.71864,1.929,-0.37255,0.70949,0.99553,N1,UC_vs_CD
GNPTAB,0.46763,0.3297,3.791,0.086968,0.9307,0.99553,N1,UC_vs_CD
DRAM1,1.9589,-0.36771,1.165,-0.31563,0.75228,0.99553,N1,UC_vs_CD
WASHC3,1.1628,1.58,2.0813,0.75914,0.44777,0.99553,N1,UC_vs_CD
NUP37,0.15185,1.7355,4.296,0.40399,0.68622,0.99553,N1,UC_vs_CD
PARPBP,0.27464,0.50675,3.2634,0.15528,0.8766,0.99553,N1,UC_vs_CD
IGF1,0.82868,2.5401,2.1436,1.185,0.23602,0.99553,N1,UC_vs_CD
NT5DC3,0.070518,0.17302,4.0786,0.042422,0.96616,0.99553,N1,UC_vs_CD
HSP90B1,36.562,1.1011,1.288,0.85492,0.3926,0.99553,N1,UC_vs_CD
C12orf73,0.035259,0.57985,4.1749,0.13889,0.88954,0.99553,N1,UC_vs_CD
TDG,0.34713,1.3196,2.3079,0.57175,0.56749,0.99553,N1,UC_vs_CD
HCFC2,0.48238,2.3869,3.1913,0.74793,0.4545,0.99553,N1,UC_vs_CD
NFYB,0.78994,0.75346,2.6812,0.28102,0.77869,0.99553,N1,UC_vs_CD
TXNRD1,1.806,-0.43518,1.2339,-0.35268,0.72433,0.99553,N1,UC_vs_CD
EID3,0.070518,0.17302,4.0786,0.042422,0.96616,0.99553,N1,UC_vs_CD
CHST11,3.6576,0.25527,0.88601,0.28811,0.77326,0.99553,N1,UC_vs_CD
C12orf45,2.9918,0.23662,1.4986,0.15789,0.87454,0.99553,N1,UC_vs_CD
ALDH1L2,0.32003,2.1244,4.2058,0.50511,0.61349,0.99553,N1,UC_vs_CD
WASHC4,3.2976,-1.0098,0.78648,-1.284,0.19914,0.99553,N1,UC_vs_CD
APPL2,0.19527,0.95987,3.1507,0.30465,0.76063,0.99553,N1,UC_vs_CD
C12orf75,0.23381,0.79896,3.5449,0.22538,0.82168,0.99553,N1,UC_vs_CD
NUAK1,0.33052,2.1419,4.2023,0.5097,0.61026,0.99553,N1,UC_vs_CD
CKAP4,4.1253,-0.39328,0.85183,-0.46169,0.6443,0.99553,N1,UC_vs_CD
AC079174.2,0.035259,0.57985,4.1749,0.13889,0.88954,0.99553,N1,UC_vs_CD
TCP11L2,0.91969,0.3634,1.4781,0.24586,0.80579,0.99553,N1,UC_vs_CD
TMEM263,0.6321,0.077288,2.7626,0.027977,0.97768,0.99553,N1,UC_vs_CD
CRY1,0.467,0.24753,1.9012,0.1302,0.89641,0.99553,N1,UC_vs_CD
PWP1,0.50845,0.066541,2.5476,0.026119,0.97916,0.99553,N1,UC_vs_CD
FICD,0.61948,-0.78319,1.5794,-0.49587,0.61998,0.99553,N1,UC_vs_CD
SART3,0.9908,0.17285,2.0883,0.082773,0.93403,0.99553,N1,UC_vs_CD
ISCU,4.3583,0.52922,1.3292,0.39815,0.69052,0.99553,N1,UC_vs_CD
SELPLG,2.1829,0.0058548,1.2132,0.0048261,0.99615,0.99979,N1,UC_vs_CD
AC007569.1,0.30813,2.1491,4.3393,0.49527,0.62041,0.99553,N1,UC_vs_CD
CORO1C,1.9431,0.60152,1.9023,0.31621,0.75185,0.99553,N1,UC_vs_CD
SSH1,0.32528,2.1316,3.0535,0.69809,0.48512,0.99553,N1,UC_vs_CD
SVOP,0.12821,2.147,4.3394,0.49477,0.62076,0.99553,N1,UC_vs_CD
USP30-AS1,0.42276,0.78781,4.0144,0.19624,0.84442,0.99553,N1,UC_vs_CD
ACACB,0.20052,0.9601,3.1736,0.30253,0.76225,0.99553,N1,UC_vs_CD
UBE3B,0.32003,2.1244,4.2058,0.50511,0.61349,0.99553,N1,UC_vs_CD
MMAB,0.32528,2.1316,3.0535,0.69809,0.48512,0.99553,N1,UC_vs_CD
GLTP,0.84696,-0.75965,1.6233,-0.46795,0.63982,0.99553,N1,UC_vs_CD
TCHP,0.16001,1.7355,4.296,0.40399,0.68622,0.99553,N1,UC_vs_CD
GIT2,0.81637,-2.9681,2.159,-1.3747,0.16921,0.99553,N1,UC_vs_CD
ANKRD13A,2.3868,-1.113,0.91794,-1.2125,0.22533,0.99553,N1,UC_vs_CD
C12orf76,0.16001,1.7355,4.296,0.40399,0.68622,0.99553,N1,UC_vs_CD
ATP2A2,1.0617,0.35873,1.5225,0.23561,0.81373,0.99553,N1,UC_vs_CD
ANAPC7,0.16001,1.7355,4.296,0.40399,0.68622,0.99553,N1,UC_vs_CD
ARPC3,38.592,0.30007,0.45654,0.65728,0.511,0.99553,N1,UC_vs_CD
GPN3,1.5715,2.4577,1.9554,1.2569,0.2088,0.99553,N1,UC_vs_CD
VPS29,2.7606,0.46617,1.0854,0.42949,0.66757,0.99553,N1,UC_vs_CD
PPTC7,0.40654,-1.9443,2.046,-0.9503,0.34196,0.99553,N1,UC_vs_CD
HVCN1,0.74903,3.2923,2.6239,1.2548,0.20957,0.99553,N1,UC_vs_CD
PPP1CC,1.0207,2.0415,1.3888,1.47,0.14156,0.99553,N1,UC_vs_CD
MYL2,0.035259,0.57985,4.1749,0.13889,0.88954,0.99553,N1,UC_vs_CD
SH2B3,0.83887,2.1561,1.603,1.345,0.17861,0.99553,N1,UC_vs_CD
ATXN2,0.30761,-0.0017928,3.8441,-0.00046637,0.99963,0.99979,N1,UC_vs_CD
BRAP,0.19527,0.95987,3.1507,0.30465,0.76063,0.99553,N1,UC_vs_CD
ACAD10,0.15185,1.7355,4.296,0.40399,0.68622,0.99553,N1,UC_vs_CD
ALDH2,0.80182,2.1304,1.6438,1.296,0.19497,0.99553,N1,UC_vs_CD
MAPKAPK5-AS1,0.19527,0.95987,3.1507,0.30465,0.76063,0.99553,N1,UC_vs_CD
ERP29,4.1213,1.7222,1.3777,1.2501,0.21128,0.99553,N1,UC_vs_CD
NAA25,0.28822,2.5291,3.2881,0.76917,0.44179,0.99553,N1,UC_vs_CD
TRAFD1,0.61066,-1.7524,2.557,-0.68532,0.49314,0.99553,N1,UC_vs_CD
HECTD4,0.48529,2.3901,3.1978,0.74742,0.45481,0.99553,N1,UC_vs_CD
RPL6,39.892,1.6705,0.74276,2.249,0.02451,0.99553,N1,UC_vs_CD
PTPN11,0.71422,0.0092101,1.6496,0.0055832,0.99555,0.99979,N1,UC_vs_CD
RPH3A,0.18843,-0.92039,3.1557,-0.29166,0.77055,0.99553,N1,UC_vs_CD
OAS3,1.9581,-1.8277,1.6171,-1.1302,0.25838,0.99553,N1,UC_vs_CD
OAS2,0.95457,-0.49319,2.1934,-0.22485,0.82209,0.99553,N1,UC_vs_CD
DDX54,0.49656,-0.18288,2.6416,-0.069232,0.9448,0.99553,N1,UC_vs_CD
TPCN1,0.39092,1.2838,2.4754,0.51861,0.60403,0.99553,N1,UC_vs_CD
SLC8B1,0.66105,2.5839,4.1289,0.6258,0.53144,0.99553,N1,UC_vs_CD
PLBD2,0.035259,0.57985,4.1749,0.13889,0.88954,0.99553,N1,UC_vs_CD
SDS,0.16526,1.7355,4.296,0.40399,0.68622,0.99553,N1,UC_vs_CD
RBM19,0.43634,2.8476,3.2624,0.87286,0.38274,0.99553,N1,UC_vs_CD
MED13L,7.0364,0.3521,0.70586,0.49883,0.6179,0.99553,N1,UC_vs_CD
MAP1LC3B2,0.25894,-1.4133,2.0923,-0.67547,0.49937,0.99553,N1,UC_vs_CD
C12orf49,0.18711,0.95949,3.1139,0.30814,0.75798,0.99553,N1,UC_vs_CD
RNFT2,0.16001,1.7355,4.296,0.40399,0.68622,0.99553,N1,UC_vs_CD
TESC,0.36727,1.5499,2.4393,0.6354,0.52516,0.99553,N1,UC_vs_CD
RFC5,0.32003,2.1244,4.2058,0.50511,0.61349,0.99553,N1,UC_vs_CD
WSB2,0.92623,-1.5806,1.5853,-0.99704,0.31875,0.99553,N1,UC_vs_CD
PEBP1,2.1499,0.22092,1.5389,0.14355,0.88585,0.99553,N1,UC_vs_CD
TAOK3,3.4716,0.19263,0.83939,0.22948,0.81849,0.99553,N1,UC_vs_CD
SUDS3,0.88665,-1.3659,1.5948,-0.85648,0.39173,0.99553,N1,UC_vs_CD
PRKAB1,0.15185,1.7355,4.296,0.40399,0.68622,0.99553,N1,UC_vs_CD
BICDL1,0.34713,1.3196,2.3079,0.57175,0.56749,0.99553,N1,UC_vs_CD
RAB35,1.3855,-0.61279,1.3674,-0.44814,0.65405,0.99553,N1,UC_vs_CD
AC004812.2,0.035259,0.57985,4.1749,0.13889,0.88954,0.99553,N1,UC_vs_CD
GCN1,0.58277,1.3226,2.804,0.47168,0.63716,0.99553,N1,UC_vs_CD
RPLP0,22.635,1.5262,1.015,1.5036,0.13269,0.99553,N1,UC_vs_CD
PXN-AS1,0.19527,0.95987,3.1507,0.30465,0.76063,0.99553,N1,UC_vs_CD
PXN,2.2302,-0.40414,1.5835,-0.25522,0.79855,0.99553,N1,UC_vs_CD
COX6A1,10.986,0.63573,0.64803,0.98102,0.32658,0.99553,N1,UC_vs_CD
GATC,0.16001,1.7355,4.296,0.40399,0.68622,0.99553,N1,UC_vs_CD
SRSF9,2.1577,0.084775,1.6106,0.052637,0.95802,0.99553,N1,UC_vs_CD
DYNLL1,11.989,1.126,1.0638,1.0585,0.28985,0.99553,N1,UC_vs_CD
COQ5,0.61558,2.548,3.3385,0.76323,0.44533,0.99553,N1,UC_vs_CD
RNF10,2.8518,1.2022,0.85807,1.4011,0.16118,0.99553,N1,UC_vs_CD
POP5,1.4485,1.6858,1.9497,0.86461,0.38725,0.99553,N1,UC_vs_CD
MLEC,0.98033,-0.40484,1.8766,-0.21573,0.82919,0.99553,N1,UC_vs_CD
ACADS,0.0738,0.29634,4.1055,0.072182,0.94246,0.99553,N1,UC_vs_CD
SPPL3,0.82525,0.53704,1.6288,0.32971,0.74162,0.99553,N1,UC_vs_CD
C12orf43,0.15185,1.7355,4.296,0.40399,0.68622,0.99553,N1,UC_vs_CD
OASL,1.3344,-1.9679,1.6135,-1.2196,0.2226,0.99553,N1,UC_vs_CD
P2RX7,2.5803,0.43797,2.4091,0.18179,0.85574,0.99553,N1,UC_vs_CD
P2RX4,2.1006,0.15206,1.4785,0.10285,0.91808,0.99553,N1,UC_vs_CD
CAMKK2,6.6793,-0.57244,0.85295,-0.67113,0.50214,0.99553,N1,UC_vs_CD
ANAPC5,2.7741,1.5104,1.1369,1.3285,0.184,0.99553,N1,UC_vs_CD
RNF34,0.80877,2.5089,2.0949,1.1976,0.23107,0.99553,N1,UC_vs_CD
ORAI1,0.80499,-0.68113,2.1343,-0.31913,0.74963,0.99553,N1,UC_vs_CD
MORN3,0.16001,1.7355,4.296,0.40399,0.68622,0.99553,N1,UC_vs_CD
TMEM120B,0.46815,2.6288,3.7763,0.69614,0.48634,0.99553,N1,UC_vs_CD
RHOF,0.25666,-0.90316,2.8674,-0.31497,0.75278,0.99553,N1,UC_vs_CD
LINC01089,0.035259,0.57985,4.1749,0.13889,0.88954,0.99553,N1,UC_vs_CD
PSMD9,1.2651,-0.226,1.5685,-0.14408,0.88543,0.99553,N1,UC_vs_CD
BCL7A,0.11463,0.076876,4.1956,0.018323,0.98538,0.99553,N1,UC_vs_CD
MLXIP,1.2824,3.0597,2.3783,1.2865,0.19827,0.99553,N1,UC_vs_CD
DIABLO-1,0.16526,1.7355,4.296,0.40399,0.68622,0.99553,N1,UC_vs_CD
VPS33A,0.33897,1.3072,3.6352,0.3596,0.71915,0.99553,N1,UC_vs_CD
CLIP1,2.0525,0.0018745,1.3362,0.0014029,0.99888,0.99979,N1,UC_vs_CD
ZCCHC8,0.15185,1.7355,4.296,0.40399,0.68622,0.99553,N1,UC_vs_CD
AC127002.1,0.16526,1.7355,4.296,0.40399,0.68622,0.99553,N1,UC_vs_CD
RSRC2,4.5605,0.1393,0.6796,0.20497,0.83759,0.99553,N1,UC_vs_CD
KNTC1,0.54928,0.41725,3.5747,0.11672,0.90708,0.99553,N1,UC_vs_CD
AC026333.3,0.64351,-2.5104,3.4431,-0.72911,0.46593,0.99553,N1,UC_vs_CD
HCAR2,75.14,-0.34437,0.69231,-0.49743,0.61889,0.99553,N1,UC_vs_CD
HCAR3,156.11,-1.362,0.86106,-1.5818,0.11371,0.99553,N1,UC_vs_CD
HCAR1,0.77365,-1.5323,2.3945,-0.63992,0.52223,0.99553,N1,UC_vs_CD
DENR,1.8555,-0.82802,1.0822,-0.76516,0.44418,0.99553,N1,UC_vs_CD
HIP1R,0.30174,-0.14619,2.2488,-0.065009,0.94817,0.99553,N1,UC_vs_CD
VPS37B,7.9269,0.092202,0.66238,0.1392,0.88929,0.99553,N1,UC_vs_CD
AC027290.1,0.035259,0.57985,4.1749,0.13889,0.88954,0.99553,N1,UC_vs_CD
ARL6IP4,1.9051,-0.88548,1.8535,-0.47774,0.63283,0.99553,N1,UC_vs_CD
MPHOSPH9,0.43465,0.96667,3.5014,0.27608,0.78249,0.99553,N1,UC_vs_CD
C12orf65,1.0496,2.0122,2.7382,0.73484,0.46243,0.99553,N1,UC_vs_CD
SBNO1,1.2013,0.52407,1.2451,0.42089,0.67383,0.99553,N1,UC_vs_CD
AC137767.1,0.16001,1.7355,4.296,0.40399,0.68622,0.99553,N1,UC_vs_CD
KMT5A,0.47337,0.21433,1.8614,0.11514,0.90833,0.99553,N1,UC_vs_CD
RILPL2,15.933,0.083456,0.53116,0.15712,0.87515,0.99553,N1,UC_vs_CD
SNRNP35,0.46435,0.28687,2.4373,0.1177,0.9063,0.99553,N1,UC_vs_CD
RILPL1,0.11463,0.076876,4.1956,0.018323,0.98538,0.99553,N1,UC_vs_CD
TMED2,3.5641,1.4413,0.85235,1.691,0.090837,0.99553,N1,UC_vs_CD
DDX55,0.43465,0.96667,3.5014,0.27608,0.78249,0.99553,N1,UC_vs_CD
EIF2B1,0.45947,0.36763,2.6116,0.14077,0.88805,0.99553,N1,UC_vs_CD
GTF2H3,0.54194,1.7047,2.6528,0.64262,0.52047,0.99553,N1,UC_vs_CD
TCTN2,0.16001,1.7355,4.296,0.40399,0.68622,0.99553,N1,UC_vs_CD
ATP6V0A2,0.39092,1.2838,2.4754,0.51861,0.60403,0.99553,N1,UC_vs_CD
ZNF664,0.45573,0.7041,3.6704,0.19183,0.84787,0.99553,N1,UC_vs_CD
NCOR2,0.94884,0.96973,2.1602,0.44891,0.65349,0.99553,N1,UC_vs_CD
UBC,86.071,0.99504,0.48712,2.0427,0.041081,0.99553,N1,UC_vs_CD
BRI3BP,0.55384,1.5712,3.9201,0.40081,0.68856,0.99553,N1,UC_vs_CD
AACS,0.38193,1.2016,3.5543,0.33806,0.73532,0.99553,N1,UC_vs_CD
SLC15A4,3.1498,-0.80924,0.96368,-0.83975,0.40105,0.99553,N1,UC_vs_CD
GLT1D1,1.7506,-1.7134,1.7196,-0.99639,0.31906,0.99553,N1,UC_vs_CD
STX2,0.0738,0.29634,4.1055,0.072182,0.94246,0.99553,N1,UC_vs_CD
RAN,6.0879,0.2071,1.2836,0.16134,0.87183,0.99553,N1,UC_vs_CD
SFSWAP,0.86234,0.49828,1.7531,0.28423,0.77623,0.99553,N1,UC_vs_CD
ULK1,1.1153,1.7134,1.6072,1.066,0.28641,0.99553,N1,UC_vs_CD
PUS1,0.16526,1.7355,4.296,0.40399,0.68622,0.99553,N1,UC_vs_CD
EP400,0.27432,0.25917,2.2534,0.11501,0.90844,0.99553,N1,UC_vs_CD
DDX51,0.35369,-0.37652,2.4064,-0.15647,0.87567,0.99553,N1,UC_vs_CD
NOC4L,0.22565,0.79989,3.5133,0.22768,0.8199,0.99553,N1,UC_vs_CD
FBRSL1,0.18843,-0.92039,3.1557,-0.29166,0.77055,0.99553,N1,UC_vs_CD
POLE,0.035259,0.57985,4.1749,0.13889,0.88954,0.99553,N1,UC_vs_CD
ANKLE2,2.2482,0.39635,1.996,0.19857,0.8426,0.99553,N1,UC_vs_CD
GOLGA3,1.568,0.067628,1.1435,0.059143,0.95284,0.99553,N1,UC_vs_CD
CHFR,0.90863,-0.81839,1.5996,-0.51162,0.60891,0.99553,N1,UC_vs_CD
ZNF605,0.10906,-0.1236,2.6028,-0.047487,0.96213,0.99553,N1,UC_vs_CD
ZNF26,0.16001,1.7355,4.296,0.40399,0.68622,0.99553,N1,UC_vs_CD
AC073911.1,0.035259,0.57985,4.1749,0.13889,0.88954,0.99553,N1,UC_vs_CD
ZNF84,0.29289,-0.022493,3.7788,-0.0059525,0.99525,0.99979,N1,UC_vs_CD
ZNF140,0.27104,0.22533,3.684,0.061164,0.95123,0.99553,N1,UC_vs_CD
ZNF891,0.45999,2.6284,3.7508,0.70074,0.48347,0.99553,N1,UC_vs_CD
MPHOSPH8,4.7374,1.7318,0.92671,1.8688,0.061648,0.99553,N1,UC_vs_CD
PSPC1,0.6311,0.89849,1.936,0.4641,0.64258,0.99553,N1,UC_vs_CD
ZMYM5,0.31187,2.1139,3.0197,0.70005,0.48389,0.99553,N1,UC_vs_CD
AL355001.2,0.19873,0.93233,2.7996,0.33302,0.73912,0.99553,N1,UC_vs_CD
ZMYM2,0.56779,1.4027,1.9661,0.71342,0.47559,0.99553,N1,UC_vs_CD
GJB2,0.25763,0.22355,3.6305,0.061575,0.9509,0.99553,N1,UC_vs_CD
GJB6,0.10578,-0.14974,4.0165,-0.037281,0.97026,0.99553,N1,UC_vs_CD
CRYL1,0.16526,1.7355,4.296,0.40399,0.68622,0.99553,N1,UC_vs_CD
AL590096.1,0.035259,0.57985,4.1749,0.13889,0.88954,0.99553,N1,UC_vs_CD
IFT88,0.35529,1.3328,3.6732,0.36284,0.71673,0.99553,N1,UC_vs_CD
EEF1AKMT1,0.27464,0.50675,3.2634,0.15528,0.8766,0.99553,N1,UC_vs_CD
XPO4,0.34339,1.5137,3.3061,0.45785,0.64706,0.99553,N1,UC_vs_CD
LATS2,0.84662,-0.35927,1.3813,-0.2601,0.79478,0.99553,N1,UC_vs_CD
LATS2-AS1,0.035259,0.57985,4.1749,0.13889,0.88954,0.99553,N1,UC_vs_CD
SAP18,8.0104,0.59241,0.66005,0.89751,0.36945,0.99553,N1,UC_vs_CD
SKA3,0.16001,1.7355,4.296,0.40399,0.68622,0.99553,N1,UC_vs_CD
MRPL57,0.78519,-1.2804,1.6514,-0.77533,0.43815,0.99553,N1,UC_vs_CD
ZDHHC20,1.9506,1.7829,1.1639,1.5318,0.12557,0.99553,N1,UC_vs_CD
MICU2,0.98147,-2.1761,1.8519,-1.1751,0.23995,0.99553,N1,UC_vs_CD
FGF9,0.16526,1.7355,4.296,0.40399,0.68622,0.99553,N1,UC_vs_CD
SACS,0.19527,0.95987,3.1507,0.30465,0.76063,0.99553,N1,UC_vs_CD
SPATA13,3.8693,-1.7805,1.66,-1.0726,0.28345,0.99553,N1,UC_vs_CD
PARP4,0.63486,0.48324,1.8825,0.2567,0.79741,0.99553,N1,UC_vs_CD
CENPJ,0.33052,2.1419,4.2023,0.5097,0.61026,0.99553,N1,UC_vs_CD
MTMR6,1.6081,0.57587,1.2048,0.47796,0.63268,0.99553,N1,UC_vs_CD
NUP58,7.322,0.54983,0.86419,0.63624,0.52462,0.99553,N1,UC_vs_CD
RNF6,0.84731,2.4578,2.1816,1.1266,0.2599,0.99553,N1,UC_vs_CD
CDK8,0.23053,0.5269,3.4413,0.15311,0.87831,0.99553,N1,UC_vs_CD
USP12,1.8489,4.8779,3.1915,1.5284,0.12642,0.99553,N1,UC_vs_CD
RPL21,49.088,1.0372,0.76972,1.3475,0.17781,0.99553,N1,UC_vs_CD
RASL11A,0.27464,0.50675,3.2634,0.15528,0.8766,0.99553,N1,UC_vs_CD
GTF3A,1.7246,-1.1029,1.1212,-0.98362,0.3253,0.99553,N1,UC_vs_CD
MTIF3,1.7441,0.2981,1.7274,0.17257,0.86299,0.99553,N1,UC_vs_CD
LNX2,0.16347,1.3862,2.7687,0.50066,0.61661,0.99553,N1,UC_vs_CD
POLR1D,1.2469,1.6089,1.6815,0.9568,0.33867,0.99553,N1,UC_vs_CD
PAN3,0.53344,0.16001,1.6215,0.098684,0.92139,0.99553,N1,UC_vs_CD
FLT1,2.2121,-0.0017017,1.9278,-0.0008827,0.9993,0.99979,N1,UC_vs_CD
POMP,21.338,-0.050165,0.54812,-0.091523,0.92708,0.99553,N1,UC_vs_CD
SLC46A3,0.35058,1.2631,2.2148,0.57031,0.56847,0.99553,N1,UC_vs_CD
SLC7A1,0.30433,-0.071221,2.1401,-0.033279,0.97345,0.99553,N1,UC_vs_CD
UBL3,1.3435,-1.3468,1.1904,-1.1314,0.25789,0.99553,N1,UC_vs_CD
LINC00426,0.20052,0.9601,3.1736,0.30253,0.76225,0.99553,N1,UC_vs_CD
HMGB1,23.718,1.1427,0.9506,1.2021,0.22932,0.99553,N1,UC_vs_CD
USPL1,0.54719,1.7045,2.6626,0.64015,0.52207,0.99553,N1,UC_vs_CD
ALOX5AP,49.036,-0.33682,0.41746,-0.80683,0.41976,0.99553,N1,UC_vs_CD
HSPH1,12.082,2.0037,2.0428,0.98083,0.32668,0.99553,N1,UC_vs_CD
FRY,0.84876,0.80536,1.6225,0.49636,0.61964,0.99553,N1,UC_vs_CD
BRCA2,0.39908,1.2938,2.4876,0.52012,0.60298,0.99553,N1,UC_vs_CD
N4BP2L1,0.54229,-0.16094,2.0146,-0.079885,0.93633,0.99553,N1,UC_vs_CD
N4BP2L2,8.1641,-0.071329,0.72452,-0.098451,0.92157,0.99553,N1,UC_vs_CD
PDS5B,1.4286,0.63974,1.1746,0.54467,0.58598,0.99553,N1,UC_vs_CD
KL,0.16001,1.7355,4.296,0.40399,0.68622,0.99553,N1,UC_vs_CD
RFC3,0.32003,2.1244,4.2058,0.50511,0.61349,0.99553,N1,UC_vs_CD
SPART,1.3341,-0.89091,1.62,-0.54996,0.58235,0.99553,N1,UC_vs_CD
CCNA1,0.11463,0.076876,4.1956,0.018323,0.98538,0.99553,N1,UC_vs_CD
RFXAP,0.11463,0.076876,4.1956,0.018323,0.98538,0.99553,N1,UC_vs_CD
SMAD9,0.035259,0.57985,4.1749,0.13889,0.88954,0.99553,N1,UC_vs_CD
ALG5,1.9896,0.58637,1.4977,0.39151,0.69542,0.99553,N1,UC_vs_CD
EXOSC8,0.83533,1.9074,3.8798,0.49163,0.62298,0.99553,N1,UC_vs_CD
SUPT20H,0.70393,1.8192,2.0168,0.90203,0.36704,0.99553,N1,UC_vs_CD
LINC02334,0.16001,1.7355,4.296,0.40399,0.68622,0.99553,N1,UC_vs_CD
UFM1,3.9636,1.0919,1.1139,0.98025,0.32696,0.99553,N1,UC_vs_CD
PROSER1,0.34844,-0.37546,2.3977,-0.15659,0.87556,0.99553,N1,UC_vs_CD
NHLRC3,0.30371,2.096,4.2116,0.49768,0.61871,0.99553,N1,UC_vs_CD
COG6,0.63341,3.0144,2.7156,1.1101,0.26697,0.99553,N1,UC_vs_CD
FOXO1,0.71386,1.7612,3.8961,0.45204,0.65124,0.99553,N1,UC_vs_CD
MRPS31,0.96207,0.55122,1.5194,0.36278,0.71677,0.99553,N1,UC_vs_CD
ELF1,13.803,-0.37919,0.70768,-0.53581,0.59209,0.99553,N1,UC_vs_CD
WBP4,0.53358,-1.4882,1.7829,-0.83474,0.40386,0.99553,N1,UC_vs_CD
KBTBD7,0.32348,1.7502,2.304,0.75963,0.44748,0.99553,N1,UC_vs_CD
MTRF1,0.32003,2.1244,4.2058,0.50511,0.61349,0.99553,N1,UC_vs_CD
NAA16,0.33052,2.1419,4.2023,0.5097,0.61026,0.99553,N1,UC_vs_CD
RGCC,0.39383,1.2613,3.9508,0.31926,0.74953,0.99553,N1,UC_vs_CD
VWA8,0.47665,0.39053,2.0199,0.19334,0.84669,0.99553,N1,UC_vs_CD
DGKH,0.035259,0.57985,4.1749,0.13889,0.88954,0.99553,N1,UC_vs_CD
AKAP11,0.28822,2.5291,3.2881,0.76917,0.44179,0.99553,N1,UC_vs_CD
EPSTI1,2.3223,0.66753,1.0517,0.63471,0.52562,0.99553,N1,UC_vs_CD
DNAJC15,2.5703,1.0835,1.2436,0.87133,0.38357,0.99553,N1,UC_vs_CD
CCDC122,0.035259,0.57985,4.1749,0.13889,0.88954,0.99553,N1,UC_vs_CD
LACC1,0.54194,1.7047,2.6528,0.64262,0.52047,0.99553,N1,UC_vs_CD
TSC22D1,0.96311,-0.95028,1.4989,-0.63398,0.52609,0.99553,N1,UC_vs_CD
NUFIP1,0.16526,1.7355,4.296,0.40399,0.68622,0.99553,N1,UC_vs_CD
GPALPP1,0.5408,-0.29249,1.6909,-0.17298,0.86267,0.99553,N1,UC_vs_CD
GTF2F2,1.0457,-0.39545,1.3636,-0.29001,0.77181,0.99553,N1,UC_vs_CD
TPT1,225.16,-0.128,0.50927,-0.25133,0.80156,0.99553,N1,UC_vs_CD
SLC25A30,0.15185,1.7355,4.296,0.40399,0.68622,0.99553,N1,UC_vs_CD
COG3,0.50686,1.6418,2.0651,0.79503,0.4266,0.99553,N1,UC_vs_CD
ZC3H13,1.4046,-0.43869,1.4661,-0.29922,0.76477,0.99553,N1,UC_vs_CD
CPB2,0.16526,1.7355,4.296,0.40399,0.68622,0.99553,N1,UC_vs_CD
LCP1,49.766,-0.4759,0.55369,-0.85951,0.39006,0.99553,N1,UC_vs_CD
RUBCNL,3.7584,0.095532,1.109,0.08614,0.93135,0.99553,N1,UC_vs_CD
LRCH1,0.16347,1.3862,2.7687,0.50066,0.61661,0.99553,N1,UC_vs_CD
ESD,0.79537,2.5014,2.0853,1.1996,0.23031,0.99553,N1,UC_vs_CD
SUCLA2,0.35529,1.3328,3.6732,0.36284,0.71673,0.99553,N1,UC_vs_CD
MED4,1.2042,0.67979,1.3053,0.52081,0.6025,0.99553,N1,UC_vs_CD
ITM2B,61.224,-0.99332,0.79553,-1.2486,0.2118,0.99553,N1,UC_vs_CD
RB1-DT,0.035259,0.57985,4.1749,0.13889,0.88954,0.99553,N1,UC_vs_CD
RB1,1.5493,-1.8519,1.1547,-1.6039,0.10875,0.99553,N1,UC_vs_CD
LPAR6,0.39451,-0.076743,3.4454,-0.022274,0.98223,0.99553,N1,UC_vs_CD
RCBTB2,0.97787,0.51528,2.1426,0.24049,0.80995,0.99553,N1,UC_vs_CD
CYSLTR2,0.12821,2.147,4.3394,0.49477,0.62076,0.99553,N1,UC_vs_CD
AL161421.1,0.035259,0.57985,4.1749,0.13889,0.88954,0.99553,N1,UC_vs_CD
FNDC3A,4.1498,0.64374,1.2734,0.50552,0.61319,0.99553,N1,UC_vs_CD
CDADC1,1.3051,0.5447,1.3268,0.41053,0.68142,0.99553,N1,UC_vs_CD
CAB39L,0.25763,0.22355,3.6305,0.061575,0.9509,0.99553,N1,UC_vs_CD
SETDB2,2.1927,-2.1076,1.7197,-1.2256,0.22035,0.99553,N1,UC_vs_CD
PHF11,2.7855,-0.61557,1.0848,-0.56743,0.57042,0.99553,N1,UC_vs_CD
RCBTB1,0.23381,0.79896,3.5449,0.22538,0.82168,0.99553,N1,UC_vs_CD
ARL11,1.4347,1.9802,1.404,1.4104,0.15842,0.99553,N1,UC_vs_CD
KPNA3,0.74391,-0.1358,1.8418,-0.073733,0.94122,0.99553,N1,UC_vs_CD
SPRYD7,0.26091,0.25946,2.237,0.11598,0.90767,0.99553,N1,UC_vs_CD
DLEU2,1.0207,2.0415,1.3888,1.47,0.14156,0.99553,N1,UC_vs_CD
TRIM13,0.77855,0.62058,1.871,0.33167,0.74013,0.99553,N1,UC_vs_CD
RNASEH2B,0.81447,1.0646,1.4992,0.71011,0.47764,0.99553,N1,UC_vs_CD
INTS6,5.6388,-0.36356,0.64412,-0.56444,0.57246,0.99553,N1,UC_vs_CD
WDFY2,0.39092,1.2838,2.4754,0.51861,0.60403,0.99553,N1,UC_vs_CD
DHRS12,0.37105,1.3182,3.9435,0.33428,0.73816,0.99553,N1,UC_vs_CD
AL162377.1,0.0738,0.29634,4.1055,0.072182,0.94246,0.99553,N1,UC_vs_CD
UTP14C,0.45947,0.36763,2.6116,0.14077,0.88805,0.99553,N1,UC_vs_CD
VPS36,2.5242,1.2163,1.2961,0.93842,0.34803,0.99553,N1,UC_vs_CD
AL359513.1,0.035259,0.57985,4.1749,0.13889,0.88954,0.99553,N1,UC_vs_CD
CKAP2,0.16001,1.7355,4.296,0.40399,0.68622,0.99553,N1,UC_vs_CD
SUGT1,0.69462,1.7606,2.7018,0.65164,0.51463,0.99553,N1,UC_vs_CD
OLFM4,0.65149,-1.7591,2.4956,-0.70487,0.48089,0.99553,N1,UC_vs_CD
DIAPH3,0.16001,1.7355,4.296,0.40399,0.68622,0.99553,N1,UC_vs_CD
TDRD3,0.26648,0.49292,3.2388,0.15219,0.87904,0.99553,N1,UC_vs_CD
MZT1,0.37554,-0.71823,1.9243,-0.37323,0.70897,0.99553,N1,UC_vs_CD
BORA,0.31187,2.1139,3.0197,0.70005,0.48389,0.99553,N1,UC_vs_CD
DIS3,0.70341,0.057772,1.864,0.030993,0.97528,0.99553,N1,UC_vs_CD
KLF5,0.86805,1.9635,1.9515,1.0061,0.31436,0.99553,N1,UC_vs_CD
KLF12,0.28822,2.5291,3.2881,0.76917,0.44179,0.99553,N1,UC_vs_CD
TBC1D4,0.2214,-0.75066,3.927,-0.19116,0.8484,0.99553,N1,UC_vs_CD
COMMD6,6.1753,0.071388,0.84938,0.084048,0.93302,0.99553,N1,UC_vs_CD
UCHL3,0.5258,1.5991,2.3876,0.66974,0.50302,0.99553,N1,UC_vs_CD
KCTD12,1.3854,1.9666,1.3557,1.4506,0.14688,0.99553,N1,UC_vs_CD
ACOD1,2.1394,3.347,4.0594,0.82451,0.40965,0.99553,N1,UC_vs_CD
CLN5,0.32348,1.7502,2.304,0.75963,0.44748,0.99553,N1,UC_vs_CD
FBXL3,1.1289,-1.1278,2.3665,-0.47658,0.63366,0.99553,N1,UC_vs_CD
MYCBP2,3.5939,0.031558,0.93595,0.033718,0.9731,0.99553,N1,UC_vs_CD
SLAIN1,0.0738,0.29634,4.1055,0.072182,0.94246,0.99553,N1,UC_vs_CD
RNF219,0.32003,2.1244,4.2058,0.50511,0.61349,0.99553,N1,UC_vs_CD
RBM26,0.30305,-1.5435,3.2854,-0.4698,0.6385,0.99553,N1,UC_vs_CD
NDFIP2,0.18843,-0.92039,3.1557,-0.29166,0.77055,0.99553,N1,UC_vs_CD
SPRY2,0.035259,0.57985,4.1749,0.13889,0.88954,0.99553,N1,UC_vs_CD
TGDS,0.56255,1.4135,1.7219,0.82088,0.41171,0.99553,N1,UC_vs_CD
DNAJC3-DT,0.49041,1.3325,3.2652,0.40811,0.68319,0.99553,N1,UC_vs_CD
DNAJC3,4.1515,0.60731,0.85176,0.713,0.47585,0.99553,N1,UC_vs_CD
UGGT2,0.20052,0.9601,3.1736,0.30253,0.76225,0.99553,N1,UC_vs_CD
MBNL2,2.1711,2.9494,1.5511,1.9014,0.057246,0.99553,N1,UC_vs_CD
IPO5,0.96339,3.0475,2.226,1.3691,0.17098,0.99553,N1,UC_vs_CD
STK24,1.2094,-0.1957,1.1671,-0.16768,0.86684,0.99553,N1,UC_vs_CD
STK24-AS1,0.16526,1.7355,4.296,0.40399,0.68622,0.99553,N1,UC_vs_CD
UBAC2,0.88976,0.28251,1.7168,0.16456,0.86929,0.99553,N1,UC_vs_CD
GPR18,0.47713,2.3914,2.4574,0.97316,0.33048,0.99553,N1,UC_vs_CD
GPR183,5.0951,0.61542,1.497,0.4111,0.681,0.99553,N1,UC_vs_CD
TM9SF2,1.9268,0.74564,1.4621,0.50999,0.61006,0.99553,N1,UC_vs_CD
CLYBL,0.16526,1.7355,4.296,0.40399,0.68622,0.99553,N1,UC_vs_CD
PCCA,0.0738,0.29634,4.1055,0.072182,0.94246,0.99553,N1,UC_vs_CD
TMTC4,0.16001,1.7355,4.296,0.40399,0.68622,0.99553,N1,UC_vs_CD
TPP2,0.89464,1.8959,2.1521,0.88097,0.37833,0.99553,N1,UC_vs_CD
CCDC168,0.16001,1.7355,4.296,0.40399,0.68622,0.99553,N1,UC_vs_CD
TEX30,0.5891,0.82201,2.723,0.30187,0.76275,0.99553,N1,UC_vs_CD
ERCC5,0.16001,1.7355,4.296,0.40399,0.68622,0.99553,N1,UC_vs_CD
ARGLU1,4.5699,-0.41421,1.025,-0.40409,0.68615,0.99553,N1,UC_vs_CD
LIG4,1.2393,-0.54187,1.4538,-0.37273,0.70935,0.99553,N1,UC_vs_CD
ABHD13,0.74125,-1.9727,1.7844,-1.1055,0.26893,0.99553,N1,UC_vs_CD
TNFSF13B,16.814,-1.0524,0.92434,-1.1385,0.25491,0.99553,N1,UC_vs_CD
IRS2,4.8252,-0.77725,0.84022,-0.92505,0.35494,0.99553,N1,UC_vs_CD
COL4A1,0.035259,0.57985,4.1749,0.13889,0.88954,0.99553,N1,UC_vs_CD
COL4A2,0.16526,1.7355,4.296,0.40399,0.68622,0.99553,N1,UC_vs_CD
RAB20,5.6629,0.55272,0.72909,0.7581,0.44839,0.99553,N1,UC_vs_CD
NAXD,0.15185,1.7355,4.296,0.40399,0.68622,0.99553,N1,UC_vs_CD
CARS2,0.80254,-2.1343,1.9254,-1.1085,0.26766,0.99553,N1,UC_vs_CD
ING1,0.78327,-0.20194,1.8826,-0.10726,0.91458,0.99553,N1,UC_vs_CD
ANKRD10,1.3821,1.7605,1.2686,1.3878,0.16521,0.99553,N1,UC_vs_CD
AL442128.2,0.26451,-1.246,3.0658,-0.40642,0.68443,0.99553,N1,UC_vs_CD
ARHGEF7,0.36054,1.3321,2.322,0.5737,0.56617,0.99553,N1,UC_vs_CD
TUBGCP3,0.4819,0.38901,2.0249,0.19212,0.84765,0.99553,N1,UC_vs_CD
AL139384.1,0.035259,0.57985,4.1749,0.13889,0.88954,0.99553,N1,UC_vs_CD
ATP11A,1.9114,0.73493,1.2187,0.60305,0.54648,0.99553,N1,UC_vs_CD
AL137002.2,0.11463,0.076876,4.1956,0.018323,0.98538,0.99553,N1,UC_vs_CD
PCID2,0.50845,0.066541,2.5476,0.026119,0.97916,0.99553,N1,UC_vs_CD
CUL4A,0.76339,1.2357,1.7035,0.72537,0.46822,0.99553,N1,UC_vs_CD
LAMP1,5.2883,-1.195,0.79438,-1.5044,0.13249,0.99553,N1,UC_vs_CD
GRTP1,0.0738,0.29634,4.1055,0.072182,0.94246,0.99553,N1,UC_vs_CD
DCUN1D2,0.30813,2.1491,4.3393,0.49527,0.62041,0.99553,N1,UC_vs_CD
TMCO3,0.52345,-2.4665,2.0312,-1.2143,0.22463,0.99553,N1,UC_vs_CD
TFDP1,0.47454,0.56715,1.781,0.31845,0.75014,0.99553,N1,UC_vs_CD
TMEM255B,0.035259,0.57985,4.1749,0.13889,0.88954,0.99553,N1,UC_vs_CD
GAS6,0.72532,1.6782,2.3997,0.69935,0.48434,0.99553,N1,UC_vs_CD
RASA3,0.35238,1.3243,2.3132,0.57248,0.567,0.99553,N1,UC_vs_CD
CDC16,0.16001,1.7355,4.296,0.40399,0.68622,0.99553,N1,UC_vs_CD
UPF3A,1.0052,0.99722,1.8073,0.55177,0.5811,0.99553,N1,UC_vs_CD
CHAMP1,0.11463,0.076876,4.1956,0.018323,0.98538,0.99553,N1,UC_vs_CD
CCNB1IP1,0.035259,0.57985,4.1749,0.13889,0.88954,0.99553,N1,UC_vs_CD
AL355075.4,1.5526,1.3517,3.0301,0.44609,0.65553,0.99553,N1,UC_vs_CD
PARP2,0.53738,-0.33614,3.8975,-0.086246,0.93127,0.99553,N1,UC_vs_CD
TEP1,0.38666,-0.37825,3.8257,-0.09887,0.92124,0.99553,N1,UC_vs_CD
KLHL33,0.035259,0.57985,4.1749,0.13889,0.88954,0.99553,N1,UC_vs_CD
OSGEP,0.93806,1.3429,2.2341,0.60109,0.54778,0.99553,N1,UC_vs_CD
APEX1,1.736,1.5358,1.4486,1.0602,0.28906,0.99553,N1,UC_vs_CD
PIP4P1,3.73,-0.20331,0.74463,-0.27303,0.78483,0.99553,N1,UC_vs_CD
PNP,3.2423,1.2269,1.1907,1.0304,0.30281,0.99553,N1,UC_vs_CD
ANG,0.32003,2.1244,4.2058,0.50511,0.61349,0.99553,N1,UC_vs_CD
RNASE6,0.80888,0.32131,1.7888,0.17962,0.85745,0.99553,N1,UC_vs_CD
RNASE1,0.035259,0.57985,4.1749,0.13889,0.88954,0.99553,N1,UC_vs_CD
METTL17,0.30813,2.1491,4.3393,0.49527,0.62041,0.99553,N1,UC_vs_CD
ARHGEF40,2.521,0.9825,1.4194,0.69219,0.48882,0.99553,N1,UC_vs_CD
ZNF219,0.12821,2.147,4.3394,0.49477,0.62076,0.99553,N1,UC_vs_CD
TMEM253,0.15185,1.7355,4.296,0.40399,0.68622,0.99553,N1,UC_vs_CD
HNRNPC,25.397,-0.78346,0.50718,-1.5447,0.12241,0.99553,N1,UC_vs_CD
SUPT16H,0.98718,2.0059,2.7131,0.73932,0.45971,0.99553,N1,UC_vs_CD
CHD8,0.86569,-1.2074,1.9193,-0.62906,0.52931,0.99553,N1,UC_vs_CD
RAB2B,0.42093,0.63221,1.939,0.32605,0.74438,0.99553,N1,UC_vs_CD
TOX4,2.665,-1.1103,1.0756,-1.0323,0.30192,0.99553,N1,UC_vs_CD
METTL3,0.34339,1.5137,3.3061,0.45785,0.64706,0.99553,N1,UC_vs_CD
TRAV29DV5,0.035259,0.57985,4.1749,0.13889,0.88954,0.99553,N1,UC_vs_CD
TRAC,0.9028,1.9513,2.9648,0.65815,0.51044,0.99553,N1,UC_vs_CD
DAD1,10.446,0.9185,0.8277,1.1097,0.26713,0.99553,N1,UC_vs_CD
OXA1L,1.1815,-0.043562,1.4034,-0.031041,0.97524,0.99553,N1,UC_vs_CD
SLC7A7,1.3681,3.2376,2.2446,1.4424,0.14919,0.99553,N1,UC_vs_CD
MRPL52,2.8408,1.6497,1.4086,1.1712,0.24152,0.99553,N1,UC_vs_CD
MMP14,0.16526,1.7355,4.296,0.40399,0.68622,0.99553,N1,UC_vs_CD
LRP10,6.9673,-0.87703,1.6671,-0.52609,0.59883,0.99553,N1,UC_vs_CD
REM2,0.12821,2.147,4.3394,0.49477,0.62076,0.99553,N1,UC_vs_CD
RBM23,4.8244,-0.089439,0.70193,-0.12742,0.89861,0.99553,N1,UC_vs_CD
PRMT5,0.31286,-0.0019167,3.8616,-0.00049634,0.9996,0.99979,N1,UC_vs_CD
HAUS4,0.070518,0.17302,4.0786,0.042422,0.96616,0.99553,N1,UC_vs_CD
PSMB5,1.7105,1.4379,1.9331,0.74384,0.45697,0.99553,N1,UC_vs_CD
ACIN1,0.89128,1.7491,1.541,1.1351,0.25635,0.99553,N1,UC_vs_CD
C14orf119,1.1137,-0.44123,1.4318,-0.30816,0.75796,0.99553,N1,UC_vs_CD
CEBPE,0.035259,0.57985,4.1749,0.13889,0.88954,0.99553,N1,UC_vs_CD
SLC7A8,0.035259,0.57985,4.1749,0.13889,0.88954,0.99553,N1,UC_vs_CD
PPP1R3E,1.6935,-1.5018,1.1466,-1.3097,0.19028,0.99553,N1,UC_vs_CD
BCL2L2,0.30761,-0.0017928,3.8441,-0.00046637,0.99963,0.99979,N1,UC_vs_CD
PABPN1,2.3204,1.5721,1.1934,1.3173,0.18773,0.99553,N1,UC_vs_CD
NGDN,0.55909,1.5906,2.5913,0.6138,0.53935,0.99553,N1,UC_vs_CD
THTPA,0.0738,0.29634,4.1055,0.072182,0.94246,0.99553,N1,UC_vs_CD
AP1G2,0.16526,1.7355,4.296,0.40399,0.68622,0.99553,N1,UC_vs_CD
AL135999.1,0.50865,1.9132,2.5254,0.75757,0.44871,0.99553,N1,UC_vs_CD
DHRS4,0.12821,2.147,4.3394,0.49477,0.62076,0.99553,N1,UC_vs_CD
DHRS4L2,0.46815,2.6288,3.7763,0.69614,0.48634,0.99553,N1,UC_vs_CD
PCK2,0.50845,0.066541,2.5476,0.026119,0.97916,0.99553,N1,UC_vs_CD
DCAF11,2.0287,-0.64187,1.3989,-0.45884,0.64635,0.99553,N1,UC_vs_CD
FITM1,0.61626,3.1638,4.327,0.73117,0.46468,0.99553,N1,UC_vs_CD
PSME1,15.695,0.32173,0.58365,0.55124,0.58147,0.99553,N1,UC_vs_CD
EMC9,0.42224,-0.94934,2.4952,-0.38046,0.70361,0.99553,N1,UC_vs_CD
PSME2,11.705,1.0953,0.95114,1.1516,0.2495,0.99553,N1,UC_vs_CD
AL136295.5,1.7191,-1.1283,1.4879,-0.75828,0.44829,0.99553,N1,UC_vs_CD
IRF9,1.8237,0.44272,1.3275,0.33349,0.73876,0.99553,N1,UC_vs_CD
REC8,0.63379,-1.7767,1.7001,-1.045,0.296,0.99553,N1,UC_vs_CD
IPO4,0.16526,1.7355,4.296,0.40399,0.68622,0.99553,N1,UC_vs_CD
TM9SF1,0.16001,1.7355,4.296,0.40399,0.68622,0.99553,N1,UC_vs_CD
CHMP4A,2.5412,-0.21074,0.92907,-0.22683,0.82055,0.99553,N1,UC_vs_CD
MDP1,0.19527,0.95987,3.1507,0.30465,0.76063,0.99553,N1,UC_vs_CD
NEDD8,6.801,-0.15586,0.68691,-0.22689,0.82051,0.99553,N1,UC_vs_CD
GMPR2,1.1761,-0.64196,1.3193,-0.48659,0.62655,0.99553,N1,UC_vs_CD
TINF2,1.6728,0.34017,1.0408,0.32685,0.74378,0.99553,N1,UC_vs_CD
RABGGTA,0.19873,0.93233,2.7996,0.33302,0.73912,0.99553,N1,UC_vs_CD
DHRS1,0.26091,0.25946,2.237,0.11598,0.90767,0.99553,N1,UC_vs_CD
NOP9,0.30813,2.1491,4.3393,0.49527,0.62041,0.99553,N1,UC_vs_CD
CIDEB,0.30813,2.1491,4.3393,0.49527,0.62041,0.99553,N1,UC_vs_CD
LTB4R,0.55587,1.2154,2.5165,0.48296,0.62912,0.99553,N1,UC_vs_CD
RIPK3,0.26648,0.49292,3.2388,0.15219,0.87904,0.99553,N1,UC_vs_CD
CBLN3,0.035259,0.57985,4.1749,0.13889,0.88954,0.99553,N1,UC_vs_CD
KHNYN,0.60355,2.5835,1.9844,1.3019,0.19295,0.99553,N1,UC_vs_CD
SDR39U1,0.1476,-0.38372,3.978,-0.09646,0.92315,0.99553,N1,UC_vs_CD
GZMB,0.45521,-0.71308,3.7944,-0.18793,0.85093,0.99553,N1,UC_vs_CD
LINC01551,0.16001,1.7355,4.296,0.40399,0.68622,0.99553,N1,UC_vs_CD
G2E3,0.45349,2.8995,2.5614,1.132,0.25763,0.99553,N1,UC_vs_CD
SCFD1,1.3481,0.44828,1.4913,0.3006,0.76372,0.99553,N1,UC_vs_CD
COCH,0.30813,2.1491,4.3393,0.49527,0.62041,0.99553,N1,UC_vs_CD
STRN3,0.65066,-0.2164,1.5663,-0.13816,0.89011,0.99553,N1,UC_vs_CD
AP4S1,0.15185,1.7355,4.296,0.40399,0.68622,0.99553,N1,UC_vs_CD
HECTD1,1.843,1.5794,1.6994,0.92943,0.35267,0.99553,N1,UC_vs_CD
HEATR5A,0.32348,1.7502,2.304,0.75963,0.44748,0.99553,N1,UC_vs_CD
NUBPL,0.035259,0.57985,4.1749,0.13889,0.88954,0.99553,N1,UC_vs_CD
ARHGAP5,0.90805,1.9079,2.163,0.88204,0.37775,0.99553,N1,UC_vs_CD
EGLN3,0.035259,0.57985,4.1749,0.13889,0.88954,0.99553,N1,UC_vs_CD
SPTSSA,1.1001,-0.87973,2.0373,-0.43182,0.66587,0.99553,N1,UC_vs_CD
EAPP,2.212,-0.099668,1.5612,-0.063841,0.9491,0.99553,N1,UC_vs_CD
SNX6,4.2227,-0.40727,1.1752,-0.34655,0.72893,0.99553,N1,UC_vs_CD
CFL2,0.30761,-0.0017928,3.8441,-0.00046637,0.99963,0.99979,N1,UC_vs_CD
BAZ1A,14.173,-0.78554,0.64359,-1.2205,0.22226,0.99553,N1,UC_vs_CD
AL121603.2,1.2996,-2.2721,1.3778,-1.6492,0.099113,0.99553,N1,UC_vs_CD
SRP54,6.4601,-0.60577,0.71733,-0.84448,0.3984,0.99553,N1,UC_vs_CD
FAM177A1,9.2716,-0.91865,0.59622,-1.5408,0.12337,0.99553,N1,UC_vs_CD
PPP2R3C,1.8589,-0.64255,1.0827,-0.59349,0.55285,0.99553,N1,UC_vs_CD
PSMA6,1.158,-0.83133,1.3285,-0.62579,0.53145,0.99553,N1,UC_vs_CD
AL133163.2,0.22237,0.52589,3.4052,0.15444,0.87726,0.99553,N1,UC_vs_CD
NFKBIA,170.07,-0.90019,0.61685,-1.4593,0.14447,0.99553,N1,UC_vs_CD
RALGAPA1,1.6166,-0.58507,1.0511,-0.55664,0.57777,0.99553,N1,UC_vs_CD
BRMS1L,0.035259,0.57985,4.1749,0.13889,0.88954,0.99553,N1,UC_vs_CD
MBIP,0.30813,2.1491,4.3393,0.49527,0.62041,0.99553,N1,UC_vs_CD
MIPOL1,0.20052,0.9601,3.1736,0.30253,0.76225,0.99553,N1,UC_vs_CD
FOXA1,0.11463,0.076876,4.1956,0.018323,0.98538,0.99553,N1,UC_vs_CD
LINC00639,0.21155,-0.74834,3.9272,-0.19055,0.84888,0.99553,N1,UC_vs_CD
SEC23A,0.54765,1.0279,1.8783,0.54724,0.58422,0.99553,N1,UC_vs_CD
GEMIN2,0.31187,2.1139,3.0197,0.70005,0.48389,0.99553,N1,UC_vs_CD
TRAPPC6B,0.4716,2.1161,2.1792,0.97103,0.33153,0.99553,N1,UC_vs_CD
PNN,2.6454,-0.45135,1.1411,-0.39552,0.69246,0.99553,N1,UC_vs_CD
MIA2,1.0403,-0.42735,1.6801,-0.25436,0.79921,0.99553,N1,UC_vs_CD
AL132639.2,0.12821,2.147,4.3394,0.49477,0.62076,0.99553,N1,UC_vs_CD
FBXO33,0.56396,-1.5922,1.8565,-0.85762,0.3911,0.99553,N1,UC_vs_CD
KLHL28,0.46959,0.246,1.8435,0.13344,0.89384,0.99553,N1,UC_vs_CD
TOGARAM1,0.54277,1.5736,2.5678,0.61282,0.54,0.99553,N1,UC_vs_CD
FKBP3,0.82291,0.18122,2.9711,0.060993,0.95136,0.99553,N1,UC_vs_CD
FANCM,0.16526,1.7355,4.296,0.40399,0.68622,0.99553,N1,UC_vs_CD
MIS18BP1,1.2661,0.69913,1.4243,0.49085,0.62353,0.99553,N1,UC_vs_CD
RPS29,31.596,-0.098648,0.6814,-0.14477,0.88489,0.99553,N1,UC_vs_CD
LRR1,0.31187,2.1139,3.0197,0.70005,0.48389,0.99553,N1,UC_vs_CD
RPL36AL,37.048,0.75461,0.79926,0.94414,0.3451,0.99553,N1,UC_vs_CD
MGAT2,1.1762,2.7776,1.8595,1.4937,0.13525,0.99553,N1,UC_vs_CD
DNAAF2,0.035259,0.57985,4.1749,0.13889,0.88954,0.99553,N1,UC_vs_CD
POLE2,0.16526,1.7355,4.296,0.40399,0.68622,0.99553,N1,UC_vs_CD
KLHDC2,0.58802,1.3344,2.8117,0.4746,0.63507,0.99553,N1,UC_vs_CD
NEMF,1.0109,0.60803,1.3523,0.44962,0.65299,0.99553,N1,UC_vs_CD
AL627171.1,1.2525,2.0617,2.3797,0.86639,0.38628,0.99553,N1,UC_vs_CD
ARF6,2.7492,-0.52145,0.98418,-0.52984,0.59622,0.99553,N1,UC_vs_CD
LINC01588,0.63423,2.5662,3.1861,0.80546,0.42056,0.99553,N1,UC_vs_CD
VCPKMT,0.16347,1.3862,2.7687,0.50066,0.61661,0.99553,N1,UC_vs_CD
SOS2,0.96827,0.03757,1.2953,0.029004,0.97686,0.99553,N1,UC_vs_CD
ATP5S,0.16001,1.7355,4.296,0.40399,0.68622,0.99553,N1,UC_vs_CD
SAV1,0.15185,1.7355,4.296,0.40399,0.68622,0.99553,N1,UC_vs_CD
NIN,5.0175,0.19059,0.74924,0.25438,0.7992,0.99553,N1,UC_vs_CD
PYGL,8.2874,0.57323,0.91888,0.62384,0.53273,0.99553,N1,UC_vs_CD
TMX1,0.93173,-0.72446,1.5111,-0.47942,0.63164,0.99553,N1,UC_vs_CD
FRMD6,0.15185,1.7355,4.296,0.40399,0.68622,0.99553,N1,UC_vs_CD
GNG2,13.049,-0.019197,0.8726,-0.022,0.98245,0.99553,N1,UC_vs_CD
AL358333.2,0.035259,0.57985,4.1749,0.13889,0.88954,0.99553,N1,UC_vs_CD
AL358333.3,0.10906,-0.1236,2.6028,-0.047487,0.96213,0.99553,N1,UC_vs_CD
RTRAF,3.6843,2.8393,1.107,2.5648,0.010324,0.99553,N1,UC_vs_CD
PTGER2,0.035259,0.57985,4.1749,0.13889,0.88954,0.99553,N1,UC_vs_CD
TXNDC16,0.035259,0.57985,4.1749,0.13889,0.88954,0.99553,N1,UC_vs_CD
ERO1A,2.1255,-0.56108,1.1616,-0.48303,0.62907,0.99553,N1,UC_vs_CD
AL133453.1,2.4324,-0.48261,1.1699,-0.41253,0.67995,0.99553,N1,UC_vs_CD
PSMC6,1.9838,1.6335,1.1337,1.4409,0.14961,0.99553,N1,UC_vs_CD
STYX,0.26907,0.25928,2.2471,0.11538,0.90814,0.99553,N1,UC_vs_CD
GNPNAT1,0.19527,0.95987,3.1507,0.30465,0.76063,0.99553,N1,UC_vs_CD
DDHD1,0.32528,2.1316,3.0535,0.69809,0.48512,0.99553,N1,UC_vs_CD
CDKN3,0.64006,2.5648,4.1315,0.62078,0.53474,0.99553,N1,UC_vs_CD
CNIH1,0.74592,1.4311,1.5714,0.91069,0.36246,0.99553,N1,UC_vs_CD
GMFB,1.6126,1.2515,1.349,0.92771,0.35356,0.99553,N1,UC_vs_CD
CGRRF1,0.33052,2.1419,4.2023,0.5097,0.61026,0.99553,N1,UC_vs_CD
GCH1,5.4337,-0.48861,1.3154,-0.37144,0.71031,0.99553,N1,UC_vs_CD
SOCS4,0.22237,0.52589,3.4052,0.15444,0.87726,0.99553,N1,UC_vs_CD
MAPK1IP1L,2.8658,0.50974,0.82428,0.61841,0.5363,0.99553,N1,UC_vs_CD
LGALS3,17.986,-2.0598,1.4741,-1.3973,0.16232,0.99553,N1,UC_vs_CD
DLGAP5,0.16001,1.7355,4.296,0.40399,0.68622,0.99553,N1,UC_vs_CD
FBXO34,1.0523,1.0375,2.0725,0.50058,0.61666,0.99553,N1,UC_vs_CD
ATG14,0.070518,0.17302,4.0786,0.042422,0.96616,0.99553,N1,UC_vs_CD
KTN1-AS1,0.16526,1.7355,4.296,0.40399,0.68622,0.99553,N1,UC_vs_CD
KTN1,2.6393,-0.47099,1.3015,-0.36189,0.71743,0.99553,N1,UC_vs_CD
PELI2,0.75114,0.017661,1.4666,0.012042,0.99039,0.99789,N1,UC_vs_CD
TMEM260,0.38487,-0.10142,2.0693,-0.049009,0.96091,0.99553,N1,UC_vs_CD
EXOC5,0.59718,3.1246,2.5601,1.2205,0.22227,0.99553,N1,UC_vs_CD
AP5M1,0.23381,0.79896,3.5449,0.22538,0.82168,0.99553,N1,UC_vs_CD
NAA30,0.39908,1.2938,2.4876,0.52012,0.60298,0.99553,N1,UC_vs_CD
CCDC198,0.16526,1.7355,4.296,0.40399,0.68622,0.99553,N1,UC_vs_CD
ACTR10,0.67856,-0.026228,1.8939,-0.013849,0.98895,0.9968,N1,UC_vs_CD
PSMA3,4.1931,1.6881,1.166,1.4478,0.14768,0.99553,N1,UC_vs_CD
PSMA3-AS1,5.274,0.015977,0.70403,0.022693,0.98189,0.99553,N1,UC_vs_CD
ARID4A,1.7114,3.7658,1.8272,2.061,0.039303,0.99553,N1,UC_vs_CD
TIMM9,0.66847,0.36225,2.7219,0.13308,0.89413,0.99553,N1,UC_vs_CD
KIAA0586,0.53866,1.5248,2.4837,0.61392,0.53927,0.99553,N1,UC_vs_CD
DAAM1,0.22565,0.79989,3.5133,0.22768,0.8199,0.99553,N1,UC_vs_CD
L3HYPDH,0.16001,1.7355,4.296,0.40399,0.68622,0.99553,N1,UC_vs_CD
JKAMP,0.5034,1.9119,2.5157,0.75997,0.44727,0.99553,N1,UC_vs_CD
RTN1,0.48238,2.3869,3.1913,0.74793,0.4545,0.99553,N1,UC_vs_CD
PCNX4,1.3465,-0.13812,1.3511,-0.10223,0.91858,0.99553,N1,UC_vs_CD
DHRS7,4.8042,0.13165,0.66462,0.19808,0.84298,0.99553,N1,UC_vs_CD
PPM1A,1.986,0.56052,1.1848,0.4731,0.63614,0.99553,N1,UC_vs_CD
MNAT1,0.84058,1.9327,2.6319,0.73433,0.46275,0.99553,N1,UC_vs_CD
TRMT5,0.31187,2.1139,3.0197,0.70005,0.48389,0.99553,N1,UC_vs_CD
PRKCH,0.79398,-1.0998,1.5616,-0.70427,0.48126,0.99553,N1,UC_vs_CD
TMEM30B,0.070518,0.17302,4.0786,0.042422,0.96616,0.99553,N1,UC_vs_CD
LINC01303,0.88617,-2.4585,1.869,-1.3155,0.18835,0.99553,N1,UC_vs_CD
AL355916.1,0.0738,0.29634,4.1055,0.072182,0.94246,0.99553,N1,UC_vs_CD
HIF1A-AS1,0.035259,0.57985,4.1749,0.13889,0.88954,0.99553,N1,UC_vs_CD
HIF1A,43.596,-0.42559,0.5373,-0.79208,0.42831,0.99553,N1,UC_vs_CD
HIF1A-AS2,1.6808,-1.6831,1.1996,-1.4031,0.1606,0.99553,N1,UC_vs_CD
SNAPC1,2.1124,-1.5375,1.3615,-1.1293,0.25877,0.99553,N1,UC_vs_CD
PPP2R5E,1.1442,0.11286,1.2292,0.091814,0.92685,0.99553,N1,UC_vs_CD
WDR89,0.12821,2.147,4.3394,0.49477,0.62076,0.99553,N1,UC_vs_CD
AL136038.5,0.035259,0.57985,4.1749,0.13889,0.88954,0.99553,N1,UC_vs_CD
SGPP1,0.20052,0.9601,3.1736,0.30253,0.76225,0.99553,N1,UC_vs_CD
SYNE2,2.5894,-0.69898,1.2185,-0.57366,0.5662,0.99553,N1,UC_vs_CD
ESR2,0.58245,1.2293,1.9835,0.61975,0.53542,0.99553,N1,UC_vs_CD
MTHFD1,1.2444,4.3221,4.1992,1.0293,0.30335,0.99553,N1,UC_vs_CD
ZBTB25,0.57766,0.68572,2.5897,0.26479,0.79117,0.99553,N1,UC_vs_CD
AKAP5,0.42909,0.63412,2.4833,0.25535,0.79845,0.99553,N1,UC_vs_CD
ZBTB1,2.3238,-0.67284,1.5953,-0.42176,0.6732,0.99553,N1,UC_vs_CD
PLEKHG3,0.65401,2.3405,2.0395,1.1476,0.25113,0.99553,N1,UC_vs_CD
CHURC1,4.5338,-0.25932,0.8377,-0.30957,0.75689,0.99553,N1,UC_vs_CD
GPX2,0.14432,-0.42113,2.4698,-0.17051,0.86461,0.99553,N1,UC_vs_CD
FNTB,0.16526,1.7355,4.296,0.40399,0.68622,0.99553,N1,UC_vs_CD
MAX,1.1265,-2.1277,1.5827,-1.3444,0.17883,0.99553,N1,UC_vs_CD
FUT8,0.88451,0.27623,1.7135,0.16121,0.87193,0.99553,N1,UC_vs_CD
GPHN,0.30813,2.1491,4.3393,0.49527,0.62041,0.99553,N1,UC_vs_CD
MPP5,0.17958,-0.63764,2.4879,-0.25629,0.79772,0.99553,N1,UC_vs_CD
ATP6V1D,5.3408,-0.1397,0.71362,-0.19576,0.84479,0.99553,N1,UC_vs_CD
EIF2S1,1.0115,1.1715,1.6184,0.72384,0.46917,0.99553,N1,UC_vs_CD
PLEKHH1,0.0738,0.29634,4.1055,0.072182,0.94246,0.99553,N1,UC_vs_CD
PIGH,0.0738,0.29634,4.1055,0.072182,0.94246,0.99553,N1,UC_vs_CD
VTI1B,0.76235,-0.34942,1.6081,-0.21729,0.82799,0.99553,N1,UC_vs_CD
RDH11,0.55909,1.5906,2.5913,0.6138,0.53935,0.99553,N1,UC_vs_CD
ZFYVE26,0.23399,0.60098,2.9277,0.20527,0.83736,0.99553,N1,UC_vs_CD
RAD51B,0.11463,0.076876,4.1956,0.018323,0.98538,0.99553,N1,UC_vs_CD
ZFP36L1,67.879,0.083089,0.6071,0.13686,0.89114,0.99553,N1,UC_vs_CD
ACTN1,13.604,-0.70772,0.62648,-1.1297,0.25861,0.99553,N1,UC_vs_CD
ACTN1-AS1,0.11463,0.076876,4.1956,0.018323,0.98538,0.99553,N1,UC_vs_CD
DCAF5,0.20201,1.0374,3.076,0.33725,0.73593,0.99553,N1,UC_vs_CD
ERH,2.3122,-0.43807,1.263,-0.34684,0.72871,0.99553,N1,UC_vs_CD
SLC39A9,0.35238,1.3243,2.3132,0.57248,0.567,0.99553,N1,UC_vs_CD
PLEKHD1,0.0738,0.29634,4.1055,0.072182,0.94246,0.99553,N1,UC_vs_CD
SUSD6,5.9108,-0.61726,0.7361,-0.83855,0.40172,0.99553,N1,UC_vs_CD
SRSF5,10.975,0.38177,0.67257,0.56763,0.57029,0.99553,N1,UC_vs_CD
SMOC1,0.10906,-0.1236,2.6028,-0.047487,0.96213,0.99553,N1,UC_vs_CD
COX16,0.47339,2.6291,3.7922,0.6933,0.48812,0.99553,N1,UC_vs_CD
SYNJ2BP,0.16001,1.7355,4.296,0.40399,0.68622,0.99553,N1,UC_vs_CD
MED6,0.56286,1.7026,2.6079,0.65288,0.51383,0.99553,N1,UC_vs_CD
MAP3K9,0.23906,0.79839,3.5646,0.22398,0.82277,0.99553,N1,UC_vs_CD
AC004816.2,0.035259,0.57985,4.1749,0.13889,0.88954,0.99553,N1,UC_vs_CD
PCNX1,3.5795,0.57647,0.94373,0.61084,0.54131,0.99553,N1,UC_vs_CD
AC004817.3,0.16347,1.3862,2.7687,0.50066,0.61661,0.99553,N1,UC_vs_CD
SIPA1L1,3.3273,0.11987,0.84527,0.14181,0.88723,0.99553,N1,UC_vs_CD
DPF3,0.27464,0.50675,3.2634,0.15528,0.8766,0.99553,N1,UC_vs_CD
ZFYVE1,0.76227,1.4224,2.3674,0.60083,0.54796,0.99553,N1,UC_vs_CD
RBM25,5.2806,0.37472,1.0024,0.37382,0.70854,0.99553,N1,UC_vs_CD
PSEN1,4.3251,-1.9465,0.80368,-2.422,0.015434,0.99553,N1,UC_vs_CD
AC004846.1,0.16526,1.7355,4.296,0.40399,0.68622,0.99553,N1,UC_vs_CD
AC004846.2,0.15185,1.7355,4.296,0.40399,0.68622,0.99553,N1,UC_vs_CD
NUMB,8.6407,0.34573,0.61993,0.55769,0.57705,0.99553,N1,UC_vs_CD
AC005280.2,3.9347,-0.21282,0.89955,-0.23658,0.81298,0.99553,N1,UC_vs_CD
RIOX1,0.15185,1.7355,4.296,0.40399,0.68622,0.99553,N1,UC_vs_CD
DNAL1,0.81202,0.1079,3.0373,0.035524,0.97166,0.99553,N1,UC_vs_CD
ELMSAN1,0.89041,-0.46748,1.5005,-0.31155,0.75538,0.99553,N1,UC_vs_CD
ZNF410,0.28822,2.5291,3.2881,0.76917,0.44179,0.99553,N1,UC_vs_CD
AC005480.1,0.16526,1.7355,4.296,0.40399,0.68622,0.99553,N1,UC_vs_CD
COQ6,0.16347,1.3862,2.7687,0.50066,0.61661,0.99553,N1,UC_vs_CD
ENTPD5,0.0738,0.29634,4.1055,0.072182,0.94246,0.99553,N1,UC_vs_CD
ALDH6A1,0.070518,0.17302,4.0786,0.042422,0.96616,0.99553,N1,UC_vs_CD
LIN52,0.34339,1.5137,3.3061,0.45785,0.64706,0.99553,N1,UC_vs_CD
ABCD4,0.4399,0.91987,2.2834,0.40285,0.68706,0.99553,N1,UC_vs_CD
NPC2,5.9011,0.2687,0.84345,0.31857,0.75005,0.99553,N1,UC_vs_CD
ISCA2,0.27464,0.50675,3.2634,0.15528,0.8766,0.99553,N1,UC_vs_CD
AREL1,0.97859,-0.023405,1.3,-0.018004,0.98564,0.99556,N1,UC_vs_CD
FCF1,0.85945,-1.5086,1.4502,-1.0403,0.29821,0.99553,N1,UC_vs_CD
YLPM1,0.15185,1.7355,4.296,0.40399,0.68622,0.99553,N1,UC_vs_CD
DLST,0.52729,2.0107,2.086,0.96391,0.33509,0.99553,N1,UC_vs_CD
RPS6KL1,0.32528,2.1316,3.0535,0.69809,0.48512,0.99553,N1,UC_vs_CD
PGF,0.32528,2.1316,3.0535,0.69809,0.48512,0.99553,N1,UC_vs_CD
EIF2B2,0.15185,1.7355,4.296,0.40399,0.68622,0.99553,N1,UC_vs_CD
ACYP1,0.58454,-0.25208,2.3545,-0.10706,0.91474,0.99553,N1,UC_vs_CD
NEK9,0.23906,0.79839,3.5646,0.22398,0.82277,0.99553,N1,UC_vs_CD
TMED10,4.1363,1.0001,1.5286,0.65427,0.51294,0.99553,N1,UC_vs_CD
AL691403.2,0.12821,2.147,4.3394,0.49477,0.62076,0.99553,N1,UC_vs_CD
FOS,86.392,-0.12032,0.79183,-0.15195,0.87923,0.99553,N1,UC_vs_CD
LINC01220,0.035259,0.57985,4.1749,0.13889,0.88954,0.99553,N1,UC_vs_CD
JDP2,0.65152,2.4501,3.7577,0.65204,0.51438,0.99553,N1,UC_vs_CD
BATF,3.4272,-0.95997,0.97989,-0.97967,0.32725,0.99553,N1,UC_vs_CD
TTLL5,0.22925,-0.75796,4.1396,-0.1831,0.85472,0.99553,N1,UC_vs_CD
IFT43,0.10906,-0.1236,2.6028,-0.047487,0.96213,0.99553,N1,UC_vs_CD
GPATCH2L,2.2178,-0.41772,1.0368,-0.40288,0.68704,0.99553,N1,UC_vs_CD
VASH1,0.36578,1.3487,3.6973,0.36478,0.71527,0.99553,N1,UC_vs_CD
IRF2BPL,0.53852,-0.18569,2.7749,-0.066919,0.94665,0.99553,N1,UC_vs_CD
AC007686.3,0.11463,0.076876,4.1956,0.018323,0.98538,0.99553,N1,UC_vs_CD
LINC02289,0.035259,0.57985,4.1749,0.13889,0.88954,0.99553,N1,UC_vs_CD
CIPC,0.41667,-0.56681,2.3773,-0.23843,0.81155,0.99553,N1,UC_vs_CD
GSTZ1,0.50029,0.12896,1.9648,0.065636,0.94767,0.99553,N1,UC_vs_CD
TMED8,0.34287,-0.22519,2.2744,-0.09901,0.92113,0.99553,N1,UC_vs_CD
NOXRED1,0.11463,0.076876,4.1956,0.018323,0.98538,0.99553,N1,UC_vs_CD
VIPAS39,0.33052,2.1419,4.2023,0.5097,0.61026,0.99553,N1,UC_vs_CD
AHSA1,0.88465,-0.2044,1.5559,-0.13137,0.89548,0.99553,N1,UC_vs_CD
SPTLC2,0.26451,-1.246,3.0658,-0.40642,0.68443,0.99553,N1,UC_vs_CD
SLIRP,1.6049,-0.075189,1.3095,-0.057418,0.95421,0.99553,N1,UC_vs_CD
SNW1,3.1499,1.6432,0.96186,1.7084,0.087563,0.99553,N1,UC_vs_CD
GTF2A1,2.1378,-1.5969,1.6363,-0.97591,0.32911,0.99553,N1,UC_vs_CD
AL136040.1,0.14104,-0.3956,3.9761,-0.099493,0.92075,0.99553,N1,UC_vs_CD
SEL1L,4.6659,0.64726,1.2156,0.53246,0.59441,0.99553,N1,UC_vs_CD
FLRT2,0.12821,2.147,4.3394,0.49477,0.62076,0.99553,N1,UC_vs_CD
GALC,2.0689,-0.88108,0.95082,-0.92665,0.35411,0.99553,N1,UC_vs_CD
GPR65,24.003,-0.729,0.57256,-1.2732,0.20294,0.99553,N1,UC_vs_CD
LINC01146,0.035259,0.57985,4.1749,0.13889,0.88954,0.99553,N1,UC_vs_CD
KCNK10,0.2214,-0.75066,3.927,-0.19116,0.8484,0.99553,N1,UC_vs_CD
SPATA7,0.16001,1.7355,4.296,0.40399,0.68622,0.99553,N1,UC_vs_CD
ZC3H14,0.18514,-0.97652,2.8755,-0.3396,0.73416,0.99553,N1,UC_vs_CD
FOXN3,2.1554,1.0652,1.4121,0.75431,0.45066,0.99553,N1,UC_vs_CD
AL357093.2,0.035259,0.57985,4.1749,0.13889,0.88954,0.99553,N1,UC_vs_CD
FOXN3-AS1,0.16001,1.7355,4.296,0.40399,0.68622,0.99553,N1,UC_vs_CD
EFCAB11,0.035259,0.57985,4.1749,0.13889,0.88954,0.99553,N1,UC_vs_CD
TDP1,0.15185,1.7355,4.296,0.40399,0.68622,0.99553,N1,UC_vs_CD
PSMC1,1.2568,-0.12218,1.4147,-0.086364,0.93118,0.99553,N1,UC_vs_CD
NRDE2,0.29347,2.529,3.3068,0.76479,0.4444,0.99553,N1,UC_vs_CD
CALM1,11.69,-0.48786,0.82157,-0.59381,0.55264,0.99553,N1,UC_vs_CD
RPS6KA5,2.0167,0.16145,1.1497,0.14042,0.88833,0.99553,N1,UC_vs_CD
DGLUCY,1.5315,0.41942,1.0516,0.39883,0.69002,0.99553,N1,UC_vs_CD
CCDC88C,1.2233,1.492,2.3792,0.62709,0.5306,0.99553,N1,UC_vs_CD
PPP4R3A,1.7709,-1.5698,1.1545,-1.3597,0.17391,0.99553,N1,UC_vs_CD
TC2N,0.58277,1.3226,2.804,0.47168,0.63716,0.99553,N1,UC_vs_CD
TRIP11,1.8067,0.71388,1.4398,0.49583,0.62001,0.99553,N1,UC_vs_CD
ATXN3,0.35238,1.3243,2.3132,0.57248,0.567,0.99553,N1,UC_vs_CD
NDUFB1,9.0978,0.1342,0.66619,0.20145,0.84035,0.99553,N1,UC_vs_CD
CPSF2,0.75961,1.0392,1.9468,0.53379,0.59348,0.99553,N1,UC_vs_CD
SLC24A4,0.28006,2.5294,3.2581,0.77633,0.43755,0.99553,N1,UC_vs_CD
RIN3,0.42798,-0.96875,2.2926,-0.42256,0.67262,0.99553,N1,UC_vs_CD
LGMN,0.18286,-0.58992,2.6976,-0.21868,0.8269,0.99553,N1,UC_vs_CD
GOLGA5,0.29748,-1.5477,2.1698,-0.7133,0.47566,0.99553,N1,UC_vs_CD
ITPK1,1.5508,-0.89736,1.2436,-0.72157,0.47056,0.99553,N1,UC_vs_CD
ITPK1-AS1,0.035259,0.57985,4.1749,0.13889,0.88954,0.99553,N1,UC_vs_CD
MOAP1,0.82049,0.52185,1.5653,0.33338,0.73885,0.99553,N1,UC_vs_CD
TMEM251,1.1451,-2.1632,2.2984,-0.9412,0.3466,0.99553,N1,UC_vs_CD
GON7,0.23053,0.5269,3.4413,0.15311,0.87831,0.99553,N1,UC_vs_CD
BTBD7,1.3407,0.053794,1.7354,0.030997,0.97527,0.99553,N1,UC_vs_CD
ASB2,0.11463,0.076876,4.1956,0.018323,0.98538,0.99553,N1,UC_vs_CD
DDX24,4.319,1.7083,0.98788,1.7293,0.083761,0.99553,N1,UC_vs_CD
IFI27L1,1.3543,0.57685,1.7234,0.33472,0.73784,0.99553,N1,UC_vs_CD
IFI27,0.56528,-2.5593,3.4661,-0.73839,0.46028,0.99553,N1,UC_vs_CD
IFI27L2,3.1229,1.7869,1.6157,1.106,0.26872,0.99553,N1,UC_vs_CD
SERPINA1,35.859,-0.31471,0.33417,-0.94176,0.34631,0.99553,N1,UC_vs_CD
SERPINA9,0.16526,1.7355,4.296,0.40399,0.68622,0.99553,N1,UC_vs_CD
DICER1,2.3204,1.6462,1.6589,0.99233,0.32104,0.99553,N1,UC_vs_CD
CLMN,0.11463,0.076876,4.1956,0.018323,0.98538,0.99553,N1,UC_vs_CD
SYNE3,0.7462,1.0978,1.6731,0.65613,0.51174,0.99553,N1,UC_vs_CD
AL133467.1,0.23906,0.79839,3.5646,0.22398,0.82277,0.99553,N1,UC_vs_CD
SNHG10,0.035259,0.57985,4.1749,0.13889,0.88954,0.99553,N1,UC_vs_CD
GLRX5,0.27432,0.25917,2.2534,0.11501,0.90844,0.99553,N1,UC_vs_CD
BDKRB2,0.035259,0.57985,4.1749,0.13889,0.88954,0.99553,N1,UC_vs_CD
ATG2B,0.8797,1.8405,1.7337,1.0616,0.28842,0.99553,N1,UC_vs_CD
GSKIP,0.39579,0.83656,2.333,0.35858,0.71991,0.99553,N1,UC_vs_CD
PAPOLA,5.6137,0.10541,0.63734,0.16539,0.86864,0.99553,N1,UC_vs_CD
AL137786.1,0.16526,1.7355,4.296,0.40399,0.68622,0.99553,N1,UC_vs_CD
VRK1,1.0976,-0.26481,2.2732,-0.11649,0.90726,0.99553,N1,UC_vs_CD
LINC01550,0.16001,1.7355,4.296,0.40399,0.68622,0.99553,N1,UC_vs_CD
BCL11B,0.35529,1.3328,3.6732,0.36284,0.71673,0.99553,N1,UC_vs_CD
SETD3,0.44008,2.8884,2.5493,1.133,0.25722,0.99553,N1,UC_vs_CD
CCNK,2.791,0.86449,1.1584,0.74627,0.45551,0.99553,N1,UC_vs_CD
CCDC85C,0.34339,1.5137,3.3061,0.45785,0.64706,0.99553,N1,UC_vs_CD
AL160313.1,0.16001,1.7355,4.296,0.40399,0.68622,0.99553,N1,UC_vs_CD
CYP46A1,0.035259,0.57985,4.1749,0.13889,0.88954,0.99553,N1,UC_vs_CD
EVL,1.1053,3.5767,2.3663,1.5115,0.13066,0.99553,N1,UC_vs_CD
DEGS2,0.035259,0.57985,4.1749,0.13889,0.88954,0.99553,N1,UC_vs_CD
YY1,2.2627,0.12273,0.93097,0.13183,0.89512,0.99553,N1,UC_vs_CD
WARS,6.5109,-1.6525,1.4042,-1.1769,0.23925,0.99553,N1,UC_vs_CD
WDR25,0.16526,1.7355,4.296,0.40399,0.68622,0.99553,N1,UC_vs_CD
BEGAIN,0.12821,2.147,4.3394,0.49477,0.62076,0.99553,N1,UC_vs_CD
DLK1,0.0738,0.29634,4.1055,0.072182,0.94246,0.99553,N1,UC_vs_CD
MEG3,0.82631,2.7277,4.1106,0.66356,0.50697,0.99553,N1,UC_vs_CD
MEG8,0.16001,1.7355,4.296,0.40399,0.68622,0.99553,N1,UC_vs_CD
LINC00239,0.4081,1.331,2.5438,0.52322,0.60082,0.99553,N1,UC_vs_CD
PPP2R5C,4.2057,0.21844,0.7405,0.29499,0.768,0.99553,N1,UC_vs_CD
AL118558.3,1.2945,-1.8425,1.3161,-1.3999,0.16154,0.99553,N1,UC_vs_CD
DYNC1H1,2.2498,0.23095,1.1333,0.20379,0.83852,0.99553,N1,UC_vs_CD
HSP90AA1,109.96,1.3272,0.93346,1.4218,0.1551,0.99553,N1,UC_vs_CD
WDR20,0.26648,0.49292,3.2388,0.15219,0.87904,0.99553,N1,UC_vs_CD
ZNF839,0.070518,0.17302,4.0786,0.042422,0.96616,0.99553,N1,UC_vs_CD
CINP,0.22565,0.79989,3.5133,0.22768,0.8199,0.99553,N1,UC_vs_CD
TECPR2,2.9788,-1.3781,1.3315,-1.035,0.30067,0.99553,N1,UC_vs_CD
ANKRD9,0.0738,0.29634,4.1055,0.072182,0.94246,0.99553,N1,UC_vs_CD
RCOR1,1.3962,1.2759,1.4417,0.88504,0.37613,0.99553,N1,UC_vs_CD
TRAF3,1.4372,0.19848,1.185,0.16749,0.86699,0.99553,N1,UC_vs_CD
CDC42BPB,0.30371,2.096,4.2116,0.49768,0.61871,0.99553,N1,UC_vs_CD
TNFAIP2,26.772,-1.2008,0.74304,-1.6161,0.10608,0.99553,N1,UC_vs_CD
EIF5,8.1143,0.19003,0.53477,0.35535,0.72232,0.99553,N1,UC_vs_CD
MARK3,1.8143,0.63216,1.0919,0.57893,0.56264,0.99553,N1,UC_vs_CD
CKB,0.0738,0.29634,4.1055,0.072182,0.94246,0.99553,N1,UC_vs_CD
BAG5,1.1487,1.1387,1.3085,0.87023,0.38418,0.99553,N1,UC_vs_CD
KLC1,0.62294,0.90633,1.6395,0.55282,0.58039,0.99553,N1,UC_vs_CD
APOPT1,0.53523,-0.15387,1.7914,-0.085895,0.93155,0.99553,N1,UC_vs_CD
AL049840.1,0.12821,2.147,4.3394,0.49477,0.62076,0.99553,N1,UC_vs_CD
PPP1R13B,0.070518,0.17302,4.0786,0.042422,0.96616,0.99553,N1,UC_vs_CD
ATP5MPL,5.704,-0.1405,0.85111,-0.16507,0.86889,0.99553,N1,UC_vs_CD
TDRD9,0.035259,0.57985,4.1749,0.13889,0.88954,0.99553,N1,UC_vs_CD
INF2,0.070518,0.17302,4.0786,0.042422,0.96616,0.99553,N1,UC_vs_CD
ADSSL1,0.30813,2.1491,4.3393,0.49527,0.62041,0.99553,N1,UC_vs_CD
SIVA1,0.61041,1.2764,3.7103,0.34401,0.73084,0.99553,N1,UC_vs_CD
AKT1,1.4511,0.72069,1.5199,0.47418,0.63537,0.99553,N1,UC_vs_CD
AL583810.1,0.16526,1.7355,4.296,0.40399,0.68622,0.99553,N1,UC_vs_CD
PLD4,0.1476,-0.38372,3.978,-0.09646,0.92315,0.99553,N1,UC_vs_CD
CDCA4,0.16001,1.7355,4.296,0.40399,0.68622,0.99553,N1,UC_vs_CD
GPR132,1.3428,-0.82829,1.1604,-0.71377,0.47537,0.99553,N1,UC_vs_CD
NUDT14,0.035259,0.57985,4.1749,0.13889,0.88954,0.99553,N1,UC_vs_CD
BTBD6,0.30813,2.1491,4.3393,0.49527,0.62041,0.99553,N1,UC_vs_CD
MTA1,0.16001,1.7355,4.296,0.40399,0.68622,0.99553,N1,UC_vs_CD
CRIP2,0.16526,1.7355,4.296,0.40399,0.68622,0.99553,N1,UC_vs_CD
CRIP1,0.78962,0.60183,1.9939,0.30184,0.76278,0.99553,N1,UC_vs_CD
IGHA2,111.73,1.8093,1.7897,1.011,0.31203,0.99553,N1,UC_vs_CD
IGHG4,19.942,-0.80494,1.5342,-0.52466,0.59982,0.99553,N1,UC_vs_CD
IGHG2,141.76,-5.7242,1.8589,-3.0793,0.0020749,0.99553,N1,UC_vs_CD
IGHGP,5.2163,-0.023437,3.0104,-0.0077854,0.99379,0.99979,N1,UC_vs_CD
IGHA1,1125.9,2.5011,1.6897,1.4802,0.13881,0.99553,N1,UC_vs_CD
IGHEP1,0.16001,1.7355,4.296,0.40399,0.68622,0.99553,N1,UC_vs_CD
IGHG1,152.51,-1.7993,1.9155,-0.93935,,,N1,UC_vs_CD
IGHG3,60.241,-1.8825,1.4266,-1.3195,0.18699,0.99553,N1,UC_vs_CD
IGHD,0.33052,2.1419,4.2023,0.5097,0.61026,0.99553,N1,UC_vs_CD
IGHM,54.385,-4.9972,1.2912,-3.8702,0.00010877,0.40541,N1,UC_vs_CD
FAM30A,4.4531,1.8074,2.8717,0.62938,0.5291,0.99553,N1,UC_vs_CD
IGHV1-2,3.4107,-1.0997,2.0922,-0.52559,0.59917,0.99553,N1,UC_vs_CD
IGHV3-7,0.11463,0.076876,4.1956,0.018323,0.98538,0.99553,N1,UC_vs_CD
IGHV3-64D,0.21155,-0.74834,3.9272,-0.19055,0.84888,0.99553,N1,UC_vs_CD
IGHV5-10-1,0.035259,0.57985,4.1749,0.13889,0.88954,0.99553,N1,UC_vs_CD
IGHV3-15,0.52888,-1.6132,3.8435,-0.41972,0.67469,0.99553,N1,UC_vs_CD
IGHV1-18,0.96008,2.8258,4.0997,0.68929,0.49064,0.99553,N1,UC_vs_CD
IGHV3-21,0.11463,0.076876,4.1956,0.018323,0.98538,0.99553,N1,UC_vs_CD
IGHV3-23,2.129,-1.3862,3.6164,-0.38331,0.70149,0.99553,N1,UC_vs_CD
IGHV1-24,4.3876,3.4864,4.1371,0.84272,0.39938,0.99553,N1,UC_vs_CD
IGHV4-28,0.32003,2.1244,4.2058,0.50511,0.61349,0.99553,N1,UC_vs_CD
IGHV3-30,1.2754,-2.2947,2.8235,-0.8127,0.41639,0.99553,N1,UC_vs_CD
IGHV4-31,0.19527,0.95987,3.1507,0.30465,0.76063,0.99553,N1,UC_vs_CD
IGHV4-34,0.99534,1.9817,3.8636,0.51292,0.60801,0.99553,N1,UC_vs_CD
IGHV4-39,0.035259,0.57985,4.1749,0.13889,0.88954,0.99553,N1,UC_vs_CD
IGHV1-46,0.12821,2.147,4.3394,0.49477,0.62076,0.99553,N1,UC_vs_CD
IGHV3-48,0.22925,-0.75796,4.1396,-0.1831,0.85472,0.99553,N1,UC_vs_CD
IGHV5-51,11.073,3.6203,3.9549,0.9154,,,N1,UC_vs_CD
IGHV3-53,0.070518,0.17302,4.0786,0.042422,0.96616,0.99553,N1,UC_vs_CD
IGHV4-59,0.035259,0.57985,4.1749,0.13889,0.88954,0.99553,N1,UC_vs_CD
IGHV4-61,0.32003,2.1244,4.2058,0.50511,0.61349,0.99553,N1,UC_vs_CD
IGHV1-69D,0.20201,1.0374,3.076,0.33725,0.73593,0.99553,N1,UC_vs_CD
IGHV3-74,0.18286,-0.58992,2.6976,-0.21868,0.8269,0.99553,N1,UC_vs_CD
AC068446.2,0.16526,1.7355,4.296,0.40399,0.68622,0.99553,N1,UC_vs_CD
NIPA1,0.30813,2.1491,4.3393,0.49527,0.62041,0.99553,N1,UC_vs_CD
NIPA2,0.27989,0.51131,3.2798,0.1559,0.87612,0.99553,N1,UC_vs_CD
TUBGCP5,0.19527,0.95987,3.1507,0.30465,0.76063,0.99553,N1,UC_vs_CD
SNRPN,1.0369,1.1476,2.2172,0.51756,0.60476,0.99553,N1,UC_vs_CD
UBE3A,0.76448,-1.2954,1.5126,-0.85641,0.39177,0.99553,N1,UC_vs_CD
ATP10A,0.15185,1.7355,4.296,0.40399,0.68622,0.99553,N1,UC_vs_CD
HERC2,0.18711,0.95949,3.1139,0.30814,0.75798,0.99553,N1,UC_vs_CD
APBA2,0.035259,0.57985,4.1749,0.13889,0.88954,0.99553,N1,UC_vs_CD
NSMCE3,0.15185,1.7355,4.296,0.40399,0.68622,0.99553,N1,UC_vs_CD
ARHGAP11B,0.16001,1.7355,4.296,0.40399,0.68622,0.99553,N1,UC_vs_CD
AC091057.4,0.15185,1.7355,4.296,0.40399,0.68622,0.99553,N1,UC_vs_CD
MTMR10,0.18286,-0.58992,2.6976,-0.21868,0.8269,0.99553,N1,UC_vs_CD
LINC02352,0.070518,0.17302,4.0786,0.042422,0.96616,0.99553,N1,UC_vs_CD
AC012236.1,0.82343,2.6802,2.8823,0.92989,0.35243,0.99553,N1,UC_vs_CD
KLF13,1.1877,-2.0456,1.5814,-1.2935,0.19584,0.99553,N1,UC_vs_CD
LINC02256,0.035259,0.57985,4.1749,0.13889,0.88954,0.99553,N1,UC_vs_CD
ARHGAP11A,0.32003,2.1244,4.2058,0.50511,0.61349,0.99553,N1,UC_vs_CD
SCG5,0.11463,0.076876,4.1956,0.018323,0.98538,0.99553,N1,UC_vs_CD
RYR3,0.16001,1.7355,4.296,0.40399,0.68622,0.99553,N1,UC_vs_CD
EMC7,2.5989,0.71746,1.2762,0.5622,0.57398,0.99553,N1,UC_vs_CD
PGBD4,0.16526,1.7355,4.296,0.40399,0.68622,0.99553,N1,UC_vs_CD
KATNBL1,33.002,-1.0477,0.78115,-1.3412,0.17986,0.99553,N1,UC_vs_CD
EMC4,1.7787,1.9432,1.2085,1.6079,0.10785,0.99553,N1,UC_vs_CD
SLC12A6,6.2946,-0.02171,0.65378,-0.033207,0.97351,0.99553,N1,UC_vs_CD
NOP10,33.916,-0.61116,0.63198,-0.96705,0.33352,0.99553,N1,UC_vs_CD
LPCAT4,0.19873,0.93233,2.7996,0.33302,0.73912,0.99553,N1,UC_vs_CD
GOLGA8A,0.61626,3.1638,4.327,0.73117,0.46468,0.99553,N1,UC_vs_CD
GOLGA8B,0.18711,0.95949,3.1139,0.30814,0.75798,0.99553,N1,UC_vs_CD
AQR,0.62374,2.5575,3.1669,0.80756,0.41934,0.99553,N1,UC_vs_CD
ZNF770,0.789,2.7395,2.313,1.1844,0.23627,0.99553,N1,UC_vs_CD
DPH6,0.16001,1.7355,4.296,0.40399,0.68622,0.99553,N1,UC_vs_CD
LINC01852,0.15185,1.7355,4.296,0.40399,0.68622,0.99553,N1,UC_vs_CD
SPRED1,0.15185,1.7355,4.296,0.40399,0.68622,0.99553,N1,UC_vs_CD
FAM98B,0.97837,-0.31139,2.0835,-0.14945,0.8812,0.99553,N1,UC_vs_CD
RASGRP1,0.80532,2.7164,3.5393,0.76751,0.44278,0.99553,N1,UC_vs_CD
C15orf53,0.16526,1.7355,4.296,0.40399,0.68622,0.99553,N1,UC_vs_CD
THBS1,1.2582,3.6547,2.674,1.3668,0.1717,0.99553,N1,UC_vs_CD
AC023908.3,0.30813,2.1491,4.3393,0.49527,0.62041,0.99553,N1,UC_vs_CD
EIF2AK4,0.87797,-0.61627,2.251,-0.27378,0.78425,0.99553,N1,UC_vs_CD
SRP14,17.673,0.80018,0.56977,1.4044,0.1602,0.99553,N1,UC_vs_CD
SRP14-AS1,0.32003,2.1244,4.2058,0.50511,0.61349,0.99553,N1,UC_vs_CD
PLCB2,1.1185,1.0587,1.5398,0.68756,0.49173,0.99553,N1,UC_vs_CD
INAFM2,1.0631,0.12136,1.5248,0.079593,0.93656,0.99553,N1,UC_vs_CD
CCDC9B,0.070518,0.17302,4.0786,0.042422,0.96616,0.99553,N1,UC_vs_CD
PHGR1,2.0532,-2.5162,1.2426,-2.025,0.04287,0.99553,N1,UC_vs_CD
DISP2,0.035259,0.57985,4.1749,0.13889,0.88954,0.99553,N1,UC_vs_CD
KNSTRN,0.27464,0.50675,3.2634,0.15528,0.8766,0.99553,N1,UC_vs_CD
IVD,0.56811,1.6679,2.0917,0.79742,0.42521,0.99553,N1,UC_vs_CD
BAHD1,0.070518,0.17302,4.0786,0.042422,0.96616,0.99553,N1,UC_vs_CD
CCDC32,1.2514,0.046254,1.3967,0.033116,0.97358,0.99553,N1,UC_vs_CD
RPUSD2,0.47188,2.3759,3.1692,0.74969,0.45344,0.99553,N1,UC_vs_CD
RMDN3,0.23381,0.79896,3.5449,0.22538,0.82168,0.99553,N1,UC_vs_CD
GCHFR,0.10906,-0.1236,2.6028,-0.047487,0.96213,0.99553,N1,UC_vs_CD
SPINT1,0.035259,0.57985,4.1749,0.13889,0.88954,0.99553,N1,UC_vs_CD
VPS18,3.5321,0.043785,0.91843,0.047673,0.96198,0.99553,N1,UC_vs_CD
CHAC1,0.0738,0.29634,4.1055,0.072182,0.94246,0.99553,N1,UC_vs_CD
INO80,0.62276,-0.67911,1.6634,-0.40826,0.68308,0.99553,N1,UC_vs_CD
AC020661.3,0.16001,1.7355,4.296,0.40399,0.68622,0.99553,N1,UC_vs_CD
CHP1,3.3247,0.74824,1.2367,0.60505,0.54515,0.99553,N1,UC_vs_CD
OIP5,0.16001,1.7355,4.296,0.40399,0.68622,0.99553,N1,UC_vs_CD
NUSAP1,1.27,1.0919,2.922,0.37369,0.70864,0.99553,N1,UC_vs_CD
NDUFAF1,0.30433,-0.071221,2.1401,-0.033279,0.97345,0.99553,N1,UC_vs_CD
RTF1,2.297,0.13415,1.1758,0.11409,0.90917,0.99553,N1,UC_vs_CD
RPAP1,0.16001,1.7355,4.296,0.40399,0.68622,0.99553,N1,UC_vs_CD
TYRO3,0.035259,0.57985,4.1749,0.13889,0.88954,0.99553,N1,UC_vs_CD
MGA,0.84375,-2.1693,1.6254,-1.3346,0.18199,0.99553,N1,UC_vs_CD
MAPKBP1,0.16001,1.7355,4.296,0.40399,0.68622,0.99553,N1,UC_vs_CD
EHD4,1.4778,1.3455,1.1895,1.1311,0.258,0.99553,N1,UC_vs_CD
VPS39,0.7611,1.4142,2.0834,0.6788,0.49726,0.99553,N1,UC_vs_CD
TMEM87A,1.173,1.0427,1.5468,0.6741,0.50024,0.99553,N1,UC_vs_CD
ZNF106,2.9163,-1.3403,1.2186,-1.0999,0.27137,0.99553,N1,UC_vs_CD
SNAP23,4.2032,-0.007618,1.2494,-0.0060973,0.99514,0.99979,N1,UC_vs_CD
LRRC57,0.14988,-0.59457,2.8782,-0.20658,0.83634,0.99553,N1,UC_vs_CD
HAUS2,0.16001,1.7355,4.296,0.40399,0.68622,0.99553,N1,UC_vs_CD
CDAN1,0.0738,0.29634,4.1055,0.072182,0.94246,0.99553,N1,UC_vs_CD
TTBK2,0.43192,2.861,3.565,0.80253,0.42225,0.99553,N1,UC_vs_CD
UBR1,2.7923,-0.61009,0.94453,-0.64592,0.51833,0.99553,N1,UC_vs_CD
CCNDBP1,3.6242,-1.1125,0.77339,-1.4384,0.15032,0.99553,N1,UC_vs_CD
ADAL,0.39383,1.2613,3.9508,0.31926,0.74953,0.99553,N1,UC_vs_CD
ZSCAN29,0.15185,1.7355,4.296,0.40399,0.68622,0.99553,N1,UC_vs_CD
TUBGCP4,0.16347,1.3862,2.7687,0.50066,0.61661,0.99553,N1,UC_vs_CD
TP53BP1,0.75294,1.4744,1.7322,0.85116,0.39468,0.99553,N1,UC_vs_CD
MAP1A,0.0738,0.29634,4.1055,0.072182,0.94246,0.99553,N1,UC_vs_CD
CKMT1B,0.11463,0.076876,4.1956,0.018323,0.98538,0.99553,N1,UC_vs_CD
CATSPER2,0.31712,2.1207,3.0327,0.69927,0.48438,0.99553,N1,UC_vs_CD
PDIA3,3.4105,-0.64136,0.84874,-0.75566,0.44985,0.99553,N1,UC_vs_CD
SERF2,48.873,0.55284,0.46857,1.1798,0.23806,0.99553,N1,UC_vs_CD
HYPK,0.15185,1.7355,4.296,0.40399,0.68622,0.99553,N1,UC_vs_CD
MFAP1,1.9619,1.0786,1.1455,0.94162,0.34639,0.99553,N1,UC_vs_CD
WDR76,0.16001,1.7355,4.296,0.40399,0.68622,0.99553,N1,UC_vs_CD
CASC4,1.3713,-0.42213,1.1755,-0.35912,0.71951,0.99553,N1,UC_vs_CD
CTDSPL2,0.19527,0.95987,3.1507,0.30465,0.76063,0.99553,N1,UC_vs_CD
EIF3J-DT,0.35369,-0.37652,2.4064,-0.15647,0.87567,0.99553,N1,UC_vs_CD
EIF3J,2.1409,-2.1889,1.6483,-1.328,0.18418,0.99553,N1,UC_vs_CD
SPG11,1.5571,-0.21216,1.1511,-0.18431,0.85377,0.99553,N1,UC_vs_CD
PATL2,0.77151,-0.25375,1.6243,-0.15623,0.87585,0.99553,N1,UC_vs_CD
B2M,787.86,-0.53604,0.34687,-1.5454,0.12226,0.99553,N1,UC_vs_CD
TRIM69,2.1997,0.42882,1.1106,0.38613,0.6994,0.99553,N1,UC_vs_CD
TERB2,0.18843,-0.92039,3.1557,-0.29166,0.77055,0.99553,N1,UC_vs_CD
SORD,0.48529,2.3901,3.1978,0.74742,0.45481,0.99553,N1,UC_vs_CD
SHF,0.035259,0.57985,4.1749,0.13889,0.88954,0.99553,N1,UC_vs_CD
SPATA5L1,0.035259,0.57985,4.1749,0.13889,0.88954,0.99553,N1,UC_vs_CD
C15orf48,85.564,-0.71161,0.80077,-0.88867,0.37418,0.99553,N1,UC_vs_CD
AC025580.1,0.10578,-0.14974,4.0165,-0.037281,0.97026,0.99553,N1,UC_vs_CD
AC025580.2,1.1165,-0.3951,2.2316,-0.17705,0.85947,0.99553,N1,UC_vs_CD
SLC30A4,0.0738,0.29634,4.1055,0.072182,0.94246,0.99553,N1,UC_vs_CD
AC090527.3,0.53099,-1.1102,2.2831,-0.48628,0.62677,0.99553,N1,UC_vs_CD
BLOC1S6,8.4557,-1.1303,0.93824,-1.2047,0.22833,0.99553,N1,UC_vs_CD
SQOR,4.8691,-0.55093,1.2746,-0.43225,0.66556,0.99553,N1,UC_vs_CD
MYEF2,0.15185,1.7355,4.296,0.40399,0.68622,0.99553,N1,UC_vs_CD
AC023355.1,0.16347,1.3862,2.7687,0.50066,0.61661,0.99553,N1,UC_vs_CD
DUT,0.62653,-0.55699,1.6692,-0.33368,0.73862,0.99553,N1,UC_vs_CD
FBN1,0.035259,0.57985,4.1749,0.13889,0.88954,0.99553,N1,UC_vs_CD
CEP152,0.62816,3.0923,3.9964,0.77377,0.43907,0.99553,N1,UC_vs_CD
EID1,1.8066,1.5242,1.1481,1.3275,0.18434,0.99553,N1,UC_vs_CD
SECISBP2L,0.27809,0.2111,2.2882,0.092255,0.9265,0.99553,N1,UC_vs_CD
COPS2,0.42995,0.63152,1.9638,0.32159,0.74776,0.99553,N1,UC_vs_CD
GALK2,0.53738,-0.33614,3.8975,-0.086246,0.93127,0.99553,N1,UC_vs_CD
FAM227B,0.12821,2.147,4.3394,0.49477,0.62076,0.99553,N1,UC_vs_CD
FGF7,0.32348,1.7502,2.304,0.75963,0.44748,0.99553,N1,UC_vs_CD
DTWD1,0.9766,1.1212,2.3153,0.48425,0.62821,0.99553,N1,UC_vs_CD
GABPB1,0.5408,-0.29249,1.6909,-0.17298,0.86267,0.99553,N1,UC_vs_CD
GABPB1-AS1,2.1789,1.1368,1.4998,0.75799,0.44846,0.99553,N1,UC_vs_CD
USP8,3.8619,1.3379,0.78295,1.7088,0.08748,0.99553,N1,UC_vs_CD
TRPM7,0.68402,-1.4968,2.5373,-0.5899,0.55526,0.99553,N1,UC_vs_CD
SPPL2A,2.9867,-0.89216,0.81953,-1.0886,0.27632,0.99553,N1,UC_vs_CD
AC021752.1,0.16526,1.7355,4.296,0.40399,0.68622,0.99553,N1,UC_vs_CD
AP4E1,0.035259,0.57985,4.1749,0.13889,0.88954,0.99553,N1,UC_vs_CD
GLDN,0.11463,0.076876,4.1956,0.018323,0.98538,0.99553,N1,UC_vs_CD
DMXL2,5.9375,0.36365,0.85112,0.42726,0.66919,0.99553,N1,UC_vs_CD
LYSMD2,0.9818,-1.3823,1.6324,-0.84684,0.39708,0.99553,N1,UC_vs_CD
TMOD2,0.23727,0.71493,2.0629,0.34656,0.72892,0.99553,N1,UC_vs_CD
TMOD3,2.6804,-0.93265,0.87433,-1.0667,0.28611,0.99553,N1,UC_vs_CD
LEO1,0.49898,1.5767,2.3522,0.67031,0.50266,0.99553,N1,UC_vs_CD
MAPK6,6.1111,-0.29874,1.0845,-0.27547,0.78296,0.99553,N1,UC_vs_CD
AC090970.2,0.035259,0.57985,4.1749,0.13889,0.88954,0.99553,N1,UC_vs_CD
GNB5,1.0117,1.9999,2.7518,0.72675,0.46738,0.99553,N1,UC_vs_CD
MYO5C,0.035259,0.57985,4.1749,0.13889,0.88954,0.99553,N1,UC_vs_CD
MYO5A,0.77012,1.3202,1.7441,0.75697,0.44907,0.99553,N1,UC_vs_CD
ARPP19,1.4956,-1.1015,1.3825,-0.7967,0.42562,0.99553,N1,UC_vs_CD
FAM214A,2.2543,0.86477,1.2043,0.71808,0.47271,0.99553,N1,UC_vs_CD
LINC02490,0.035259,0.57985,4.1749,0.13889,0.88954,0.99553,N1,UC_vs_CD
RSL24D1,2.4968,1.4048,1.3579,1.0346,0.30088,0.99553,N1,UC_vs_CD
RAB27A,4.7183,-0.61098,0.80645,-0.75762,0.44868,0.99553,N1,UC_vs_CD
PIGBOS1,0.6135,3.1367,2.5756,1.2178,0.22328,0.99553,N1,UC_vs_CD
PIGB,0.31532,1.7502,2.2928,0.76334,0.44526,0.99553,N1,UC_vs_CD
CCPG1,6.0555,0.94988,0.86922,1.0928,0.27448,0.99553,N1,UC_vs_CD
C15orf65,0.32003,2.1244,4.2058,0.50511,0.61349,0.99553,N1,UC_vs_CD
DNAAF4,0.18711,0.95949,3.1139,0.30814,0.75798,0.99553,N1,UC_vs_CD
NEDD4,0.1476,-0.38372,3.978,-0.09646,0.92315,0.99553,N1,UC_vs_CD
RFX7,0.11463,0.076876,4.1956,0.018323,0.98538,0.99553,N1,UC_vs_CD
TEX9,0.16526,1.7355,4.296,0.40399,0.68622,0.99553,N1,UC_vs_CD
ZNF280D,0.070518,0.17302,4.0786,0.042422,0.96616,0.99553,N1,UC_vs_CD
TCF12,0.89058,2.0285,2.0919,0.96969,0.3322,0.99553,N1,UC_vs_CD
LINC00926,0.15185,1.7355,4.296,0.40399,0.68622,0.99553,N1,UC_vs_CD
ALDH1A2,0.7022,-1.0167,1.6664,-0.61011,0.54179,0.99553,N1,UC_vs_CD
AC025431.1,0.16526,1.7355,4.296,0.40399,0.68622,0.99553,N1,UC_vs_CD
AQP9,79.94,-0.21815,0.61843,-0.35275,0.72428,0.99553,N1,UC_vs_CD
LIPC-AS1,0.14104,-0.3956,3.9761,-0.099493,0.92075,0.99553,N1,UC_vs_CD
ADAM10,2.9958,-0.52245,1.0257,-0.50937,0.6105,0.99553,N1,UC_vs_CD
MINDY2,1.3684,1.1458,1.3737,0.83403,0.40426,0.99553,N1,UC_vs_CD
RNF111,0.92882,2.9881,1.7941,1.6654,0.095823,0.99553,N1,UC_vs_CD
SLTM,2.7477,1.6675,0.99307,1.6792,0.093119,0.99553,N1,UC_vs_CD
CCNB2,0.16001,1.7355,4.296,0.40399,0.68622,0.99553,N1,UC_vs_CD
MYO1E,0.15185,1.7355,4.296,0.40399,0.68622,0.99553,N1,UC_vs_CD
GTF2A2,1.9965,-1.191,1.6197,-0.73529,0.46216,0.99553,N1,UC_vs_CD
BNIP2,5.5851,-0.55594,0.61411,-0.90529,0.36531,0.99553,N1,UC_vs_CD
ANXA2,6.212,3.6709,1.5181,2.4181,0.015601,0.99553,N1,UC_vs_CD
ICE2,0.81102,1.247,2.0807,0.59934,0.54894,0.99553,N1,UC_vs_CD
RORA,1.4577,2.9967,1.7569,1.7056,0.088076,0.99553,N1,UC_vs_CD
VPS13C,2.7223,0.026844,1.3113,0.02047,0.98367,0.99553,N1,UC_vs_CD
TLN2,0.30813,2.1491,4.3393,0.49527,0.62041,0.99553,N1,UC_vs_CD
AC103740.1,0.035259,0.57985,4.1749,0.13889,0.88954,0.99553,N1,UC_vs_CD
TPM1,1.3843,-0.67304,1.8239,-0.36902,0.71211,0.99553,N1,UC_vs_CD
LACTB,6.0963,-1.9629,1.1554,-1.6989,0.089335,0.99553,N1,UC_vs_CD
RPS27L,7.3595,0.69175,1.1614,0.59562,0.55143,0.99553,N1,UC_vs_CD
RAB8B,10.097,-0.36214,0.66388,-0.54549,0.58542,0.99553,N1,UC_vs_CD
APH1B,0.78405,-1.398,1.8779,-0.74441,0.45663,0.99553,N1,UC_vs_CD
USP3,3.4993,0.77411,0.88964,0.87013,0.38423,0.99553,N1,UC_vs_CD
USP3-AS1,0.15185,1.7355,4.296,0.40399,0.68622,0.99553,N1,UC_vs_CD
HERC1,1.1391,1.0757,1.312,0.81989,0.41228,0.99553,N1,UC_vs_CD
DAPK2,0.31532,1.7502,2.2928,0.76334,0.44526,0.99553,N1,UC_vs_CD
FAM96A,0.97822,-0.095028,1.3349,-0.071188,0.94325,0.99553,N1,UC_vs_CD
SNX1,0.39728,1.0705,1.8925,0.56565,0.57163,0.99553,N1,UC_vs_CD
SNX22,0.0738,0.29634,4.1055,0.072182,0.94246,0.99553,N1,UC_vs_CD
PPIB,34.739,1.9821,1.3262,1.4946,0.13502,0.99553,N1,UC_vs_CD
CSNK1G1,0.45947,0.36763,2.6116,0.14077,0.88805,0.99553,N1,UC_vs_CD
PCLAF,1.3035,3.1573,3.1456,1.0037,0.31553,0.99553,N1,UC_vs_CD
TRIP4,0.53631,1.8894,2.7362,0.69053,0.48986,0.99553,N1,UC_vs_CD
ZNF609,0.30174,-0.14619,2.2488,-0.065009,0.94817,0.99553,N1,UC_vs_CD
OAZ2,3.4339,0.17532,0.9886,0.17734,0.85924,0.99553,N1,UC_vs_CD
RBPMS2,0.12821,2.147,4.3394,0.49477,0.62076,0.99553,N1,UC_vs_CD
PLEKHO2,5.0414,-0.32241,0.65718,-0.4906,0.62371,0.99553,N1,UC_vs_CD
ANKDD1A,0.27104,0.22533,3.684,0.061164,0.95123,0.99553,N1,UC_vs_CD
AC103691.2,0.035259,0.57985,4.1749,0.13889,0.88954,0.99553,N1,UC_vs_CD
AC103691.1,0.32873,1.7502,2.311,0.75734,0.44885,0.99553,N1,UC_vs_CD
SPG21,1.7455,-0.021678,1.0168,-0.02132,0.98299,0.99553,N1,UC_vs_CD
UBAP1L,0.16526,1.7355,4.296,0.40399,0.68622,0.99553,N1,UC_vs_CD
PDCD7,0.65055,2.58,3.2156,0.80232,0.42237,0.99553,N1,UC_vs_CD
CLPX,0.57461,1.3038,2.7916,0.46703,0.64048,0.99553,N1,UC_vs_CD
DPP8,1.6214,0.17538,1.2492,0.14039,0.88835,0.99553,N1,UC_vs_CD
AC011939.3,0.0738,0.29634,4.1055,0.072182,0.94246,0.99553,N1,UC_vs_CD
DENND4A,2.5914,-0.84159,1.0458,-0.8047,0.42099,0.99553,N1,UC_vs_CD
RAB11A,1.9867,-0.43918,0.94354,-0.46545,0.64161,0.99553,N1,UC_vs_CD
TIPIN,0.035259,0.57985,4.1749,0.13889,0.88954,0.99553,N1,UC_vs_CD
MAP2K1,1.6553,2.6151,1.3908,1.8802,0.060078,0.99553,N1,UC_vs_CD
SNAPC5,0.6453,2.5739,3.3871,0.75993,0.4473,0.99553,N1,UC_vs_CD
RPL4,8.1264,1.3827,0.88677,1.5593,0.11893,0.99553,N1,UC_vs_CD
SMAD3,0.035259,0.57985,4.1749,0.13889,0.88954,0.99553,N1,UC_vs_CD
AAGAB,0.56434,1.5956,2.5985,0.61404,0.53919,0.99553,N1,UC_vs_CD
IQCH-AS1,0.035259,0.57985,4.1749,0.13889,0.88954,0.99553,N1,UC_vs_CD
C15orf61,0.1476,-0.38372,3.978,-0.09646,0.92315,0.99553,N1,UC_vs_CD
AC016355.1,0.11463,0.076876,4.1956,0.018323,0.98538,0.99553,N1,UC_vs_CD
MAP2K5,0.11463,0.076876,4.1956,0.018323,0.98538,0.99553,N1,UC_vs_CD
PIAS1,3.8725,0.12655,0.73303,0.17263,0.86294,0.99553,N1,UC_vs_CD
CLN6,0.19527,0.95987,3.1507,0.30465,0.76063,0.99553,N1,UC_vs_CD
FEM1B,0.63289,0.47129,2.755,0.17107,0.86417,0.99553,N1,UC_vs_CD
ANP32A,34.838,-0.54409,0.5569,-0.97699,0.32857,0.99553,N1,UC_vs_CD
KIF23,0.32003,2.1244,4.2058,0.50511,0.61349,0.99553,N1,UC_vs_CD
RPLP1,184.97,1.5768,0.93307,1.6899,0.091039,0.99553,N1,UC_vs_CD
AC027237.2,0.035259,0.57985,4.1749,0.13889,0.88954,0.99553,N1,UC_vs_CD
TLE3,10.042,0.20944,0.6735,0.31098,0.75582,0.99553,N1,UC_vs_CD
LINC02205,0.14988,-0.59457,2.8782,-0.20658,0.83634,0.99553,N1,UC_vs_CD
MYO9A,0.54568,1.5769,2.5723,0.61302,0.53986,0.99553,N1,UC_vs_CD
PKM,3.0294,-0.35976,1.0852,-0.33151,0.74026,0.99553,N1,UC_vs_CD
PARP6,0.38193,1.2016,3.5543,0.33806,0.73532,0.99553,N1,UC_vs_CD
HEXA,1.8829,-2.2779,1.3778,-1.6533,0.098274,0.99553,N1,UC_vs_CD
HEXA-AS1,0.31712,2.1207,3.0327,0.69927,0.48438,0.99553,N1,UC_vs_CD
TMEM202-AS1,0.0738,0.29634,4.1055,0.072182,0.94246,0.99553,N1,UC_vs_CD
ARIH1,4.6423,-0.27982,1.0276,-0.27229,0.7854,0.99553,N1,UC_vs_CD
BBS4,0.47339,2.6291,3.7922,0.6933,0.48812,0.99553,N1,UC_vs_CD
ADPGK,2.8549,-0.68732,1.0464,-0.65686,0.51127,0.99553,N1,UC_vs_CD
ADPGK-AS1,0.12821,2.147,4.3394,0.49477,0.62076,0.99553,N1,UC_vs_CD
NPTN,1.7281,-0.64062,1.3043,-0.49117,0.62331,0.99553,N1,UC_vs_CD
CD276,0.31712,2.1207,3.0327,0.69927,0.48438,0.99553,N1,UC_vs_CD
STOML1,0.11463,0.076876,4.1956,0.018323,0.98538,0.99553,N1,UC_vs_CD
PML,1.8018,-2.2053,1.5475,-1.4251,0.15414,0.99553,N1,UC_vs_CD
SEMA7A,0.43465,0.96667,3.5014,0.27608,0.78249,0.99553,N1,UC_vs_CD
UBL7,0.68274,0.8225,2.0154,0.4081,0.6832,0.99553,N1,UC_vs_CD
UBL7-AS1,0.15185,1.7355,4.296,0.40399,0.68622,0.99553,N1,UC_vs_CD
ARID3B,0.96305,1.1898,1.3695,0.86874,0.38499,0.99553,N1,UC_vs_CD
CLK3,1.1893,0.96619,1.2886,0.74981,0.45337,0.99553,N1,UC_vs_CD
EDC3,0.15185,1.7355,4.296,0.40399,0.68622,0.99553,N1,UC_vs_CD
CYP1A1,0.035259,0.57985,4.1749,0.13889,0.88954,0.99553,N1,UC_vs_CD
CSK,1.5174,-0.39413,1.2865,-0.30636,0.75933,0.99553,N1,UC_vs_CD
ULK3,0.30813,2.1491,4.3393,0.49527,0.62041,0.99553,N1,UC_vs_CD
SCAMP2,1.274,0.32674,1.5029,0.2174,0.82789,0.99553,N1,UC_vs_CD
MPI,0.16001,1.7355,4.296,0.40399,0.68622,0.99553,N1,UC_vs_CD
FAM219B,0.69006,1.9783,3.8998,0.50728,0.61196,0.99553,N1,UC_vs_CD
COX5A,3.4609,0.0087634,1.9569,0.0044783,0.99643,0.99979,N1,UC_vs_CD
SCAMP5,0.10906,-0.1236,2.6028,-0.047487,0.96213,0.99553,N1,UC_vs_CD
PPCDC,1.7353,-0.24854,1.3235,-0.18779,0.85104,0.99553,N1,UC_vs_CD
C15orf39,6.5834,0.33304,0.64126,0.51936,0.60351,0.99553,N1,UC_vs_CD
COMMD4,0.35238,1.3243,2.3132,0.57248,0.567,0.99553,N1,UC_vs_CD
MAN2C1,0.96864,3.0533,2.2312,1.3685,0.17116,0.99553,N1,UC_vs_CD
SIN3A,1.3001,0.59573,1.3708,0.4346,0.66385,0.99553,N1,UC_vs_CD
SNUPN,0.16001,1.7355,4.296,0.40399,0.68622,0.99553,N1,UC_vs_CD
IMP3,0.34287,-0.22519,2.2744,-0.09901,0.92113,0.99553,N1,UC_vs_CD
UBE2Q2,0.33052,2.1419,4.2023,0.5097,0.61026,0.99553,N1,UC_vs_CD
NRG4,0.070518,0.17302,4.0786,0.042422,0.96616,0.99553,N1,UC_vs_CD
ETFA,1.3541,-0.020468,1.21,-0.016916,0.9865,0.99556,N1,UC_vs_CD
SCAPER,0.34844,-0.37546,2.3977,-0.15659,0.87556,0.99553,N1,UC_vs_CD
RCN2,0.0738,0.29634,4.1055,0.072182,0.94246,0.99553,N1,UC_vs_CD
PSTPIP1,1.4661,1.4952,1.4621,1.0226,0.30649,0.99553,N1,UC_vs_CD
TSPAN3,0.64949,-0.96211,1.8261,-0.52688,0.59828,0.99553,N1,UC_vs_CD
PEAK1,0.57336,1.7168,2.6203,0.65521,0.51233,0.99553,N1,UC_vs_CD
HMG20A,0.41833,0.93522,3.469,0.26959,0.78747,0.99553,N1,UC_vs_CD
TBC1D2B,0.40851,-0.56726,2.3633,-0.24003,0.81031,0.99553,N1,UC_vs_CD
IDH3A,0.31187,2.1139,3.0197,0.70005,0.48389,0.99553,N1,UC_vs_CD
DNAJA4,2.4688,2.9807,1.9029,1.5664,0.11724,0.99553,N1,UC_vs_CD
WDR61,0.9766,1.1212,2.3153,0.48425,0.62821,0.99553,N1,UC_vs_CD
IREB2,1.1034,-1.36,1.4502,-0.93784,0.34833,0.99553,N1,UC_vs_CD
HYKK,0.19527,0.95987,3.1507,0.30465,0.76063,0.99553,N1,UC_vs_CD
PSMA4,4.9532,-0.2198,0.72309,-0.30397,0.76115,0.99553,N1,UC_vs_CD
MORF4L1,6.0251,-0.41744,0.73828,-0.56543,0.57178,0.99553,N1,UC_vs_CD
CTSH,2.6851,1.9291,1.5984,1.2068,0.22749,0.99553,N1,UC_vs_CD
TMED3,0.60825,3.1188,3.8065,0.81933,0.4126,0.99553,N1,UC_vs_CD
MTHFS,1.6,-1.3159,1.1242,-1.1705,0.24179,0.99553,N1,UC_vs_CD
ST20,2.9936,-0.79456,1.0279,-0.773,0.43952,0.99553,N1,UC_vs_CD
ST20-AS1,0.38193,1.2016,3.5543,0.33806,0.73532,0.99553,N1,UC_vs_CD
BCL2A1,213.66,-0.34201,0.73756,-0.4637,0.64286,0.99553,N1,UC_vs_CD
ZFAND6,3.212,-0.10555,0.79912,-0.13208,0.89492,0.99553,N1,UC_vs_CD
MESD,2.1008,0.25719,1.4244,0.18056,0.85672,0.99553,N1,UC_vs_CD
TLNRD1,1.6292,-0.5557,2.329,-0.23859,0.81142,0.99553,N1,UC_vs_CD
IL16,1.3121,1.4987,1.5043,0.99629,0.31911,0.99553,N1,UC_vs_CD
STARD5,0.61391,-0.50845,1.7362,-0.29285,0.76964,0.99553,N1,UC_vs_CD
TMC3-AS1,0.16526,1.7355,4.296,0.40399,0.68622,0.99553,N1,UC_vs_CD
AC109809.1,0.0738,0.29634,4.1055,0.072182,0.94246,0.99553,N1,UC_vs_CD
EFL1,0.16001,1.7355,4.296,0.40399,0.68622,0.99553,N1,UC_vs_CD
RPS17,2.9863,0.70291,1.6094,0.43675,0.66229,0.99553,N1,UC_vs_CD
WHAMM,0.48657,0.047882,2.5346,0.018891,0.98493,0.99553,N1,UC_vs_CD
RAMMET,1.1551,0.49066,1.3834,0.35467,0.72284,0.99553,N1,UC_vs_CD
C15orf40,0.58582,0.73062,3.7803,0.19327,0.84675,0.99553,N1,UC_vs_CD
BTBD1,0.45573,0.7041,3.6704,0.19183,0.84787,0.99553,N1,UC_vs_CD
TM6SF1,0.2204,-1.2419,2.9599,-0.41958,0.67479,0.99553,N1,UC_vs_CD
ZSCAN2,0.11463,0.076876,4.1956,0.018323,0.98538,0.99553,N1,UC_vs_CD
WDR73,0.32003,2.1244,4.2058,0.50511,0.61349,0.99553,N1,UC_vs_CD
NMB,0.0738,0.29634,4.1055,0.072182,0.94246,0.99553,N1,UC_vs_CD
SEC11A,4.3128,1.2569,0.81446,1.5432,0.12278,0.99553,N1,UC_vs_CD
ZNF592,0.14432,-0.42113,2.4698,-0.17051,0.86461,0.99553,N1,UC_vs_CD
AKAP13,12.361,-0.62545,0.84167,-0.74311,0.45742,0.99553,N1,UC_vs_CD
AC087286.1,0.0738,0.29634,4.1055,0.072182,0.94246,0.99553,N1,UC_vs_CD
AC021739.2,0.30305,-1.5435,3.2854,-0.4698,0.6385,0.99553,N1,UC_vs_CD
MRPS11,1.6396,1.7861,1.4487,1.2329,0.21762,0.99553,N1,UC_vs_CD
AEN,0.84237,2.0998,2.0439,1.0273,0.30427,0.99553,N1,UC_vs_CD
ISG20,38.281,0.03037,0.60816,0.049937,0.96017,0.99553,N1,UC_vs_CD
ABHD2,2.3927,0.91632,1.418,0.64619,0.51816,0.99553,N1,UC_vs_CD
FANCI,0.32003,2.1244,4.2058,0.50511,0.61349,0.99553,N1,UC_vs_CD
POLG,0.31107,0.24196,2.0215,0.11969,0.90473,0.99553,N1,UC_vs_CD
TICRR,0.30813,2.1491,4.3393,0.49527,0.62041,0.99553,N1,UC_vs_CD
ANPEP,4.1989,0.1045,1.0095,0.10352,0.91755,0.99553,N1,UC_vs_CD
AP3S2,0.56434,1.5956,2.5985,0.61404,0.53919,0.99553,N1,UC_vs_CD
ARPIN,0.12821,2.147,4.3394,0.49477,0.62076,0.99553,N1,UC_vs_CD
ZNF710,0.23578,0.5275,3.4637,0.15229,0.87896,0.99553,N1,UC_vs_CD
ZNF710-AS1,0.035259,0.57985,4.1749,0.13889,0.88954,0.99553,N1,UC_vs_CD
IDH2,1.5398,0.45524,1.2873,0.35364,0.72361,0.99553,N1,UC_vs_CD
SEMA4B,0.45867,-0.358,2.13,-0.16808,0.86652,0.99553,N1,UC_vs_CD
CIB1,3.526,0.24677,0.74029,0.33334,0.73887,0.99553,N1,UC_vs_CD
NGRN,0.035259,0.57985,4.1749,0.13889,0.88954,0.99553,N1,UC_vs_CD
IQGAP1,14.264,-0.083869,0.48557,-0.17272,0.86287,0.99553,N1,UC_vs_CD
CRTC3,0.89505,1.475,1.6227,0.90894,0.36338,0.99553,N1,UC_vs_CD
AC103739.1,0.0738,0.29634,4.1055,0.072182,0.94246,0.99553,N1,UC_vs_CD
FURIN,3.2822,1.1901,1.2004,0.99144,0.32147,0.99553,N1,UC_vs_CD
FES,1.4472,-0.70988,1.1555,-0.61435,0.53898,0.99553,N1,UC_vs_CD
MAN2A2,1.3133,0.28698,1.3878,0.20679,0.83617,0.99553,N1,UC_vs_CD
HDDC3,0.24284,0.79513,3.6848,0.21578,0.82916,0.99553,N1,UC_vs_CD
UNC45A,0.63161,2.4617,2.0062,1.227,0.21982,0.99553,N1,UC_vs_CD
RCCD1,0.16001,1.7355,4.296,0.40399,0.68622,0.99553,N1,UC_vs_CD
PRC1,0.16001,1.7355,4.296,0.40399,0.68622,0.99553,N1,UC_vs_CD
VPS33B,0.15185,1.7355,4.296,0.40399,0.68622,0.99553,N1,UC_vs_CD
SLCO3A1,1.8115,0.42016,1.17,0.35911,0.71951,0.99553,N1,UC_vs_CD
FAM174B,0.12821,2.147,4.3394,0.49477,0.62076,0.99553,N1,UC_vs_CD
AC106028.4,0.0738,0.29634,4.1055,0.072182,0.94246,0.99553,N1,UC_vs_CD
AC013394.1,1.6343,-0.39941,1.1833,-0.33753,0.73572,0.99553,N1,UC_vs_CD
CHD2,8.5296,0.34998,0.54568,0.64137,0.52128,0.99553,N1,UC_vs_CD
RGMA,0.15185,1.7355,4.296,0.40399,0.68622,0.99553,N1,UC_vs_CD
LINC02207,0.89671,0.41616,2.6713,0.15579,0.8762,0.99553,N1,UC_vs_CD
MCTP2,7.1215,-0.30101,1.0244,-0.29383,0.76889,0.99553,N1,UC_vs_CD
FAM169B,0.15185,1.7355,4.296,0.40399,0.68622,0.99553,N1,UC_vs_CD
IGF1R,2.3701,-1.1351,1.2443,-0.91224,0.36164,0.99553,N1,UC_vs_CD
LRRC28,0.51388,2.0018,2.0763,0.96413,0.33498,0.99553,N1,UC_vs_CD
MEF2A,2.2423,-0.11907,1.0479,-0.11363,0.90953,0.99553,N1,UC_vs_CD
ADAMTS17,0.035259,0.57985,4.1749,0.13889,0.88954,0.99553,N1,UC_vs_CD
AC084855.2,0.15185,1.7355,4.296,0.40399,0.68622,0.99553,N1,UC_vs_CD
AC027020.2,0.0738,0.29634,4.1055,0.072182,0.94246,0.99553,N1,UC_vs_CD
LINS1,0.67372,0.44493,1.9682,0.22606,0.82115,0.99553,N1,UC_vs_CD
LRRK1,0.87212,0.65582,1.4729,0.44526,0.65613,0.99553,N1,UC_vs_CD
CHSY1,3.2246,-0.11925,0.92977,-0.12826,0.89794,0.99553,N1,UC_vs_CD
SELENOS,7.3369,-0.28794,0.78225,-0.36809,0.71281,0.99553,N1,UC_vs_CD
SNRPA1,0.67192,0.43267,1.6724,0.25872,0.79585,0.99553,N1,UC_vs_CD
TM2D3,1.9151,-0.099862,1.1347,-0.088006,0.92987,0.99553,N1,UC_vs_CD
TARSL2,0.23381,0.79896,3.5449,0.22538,0.82168,0.99553,N1,UC_vs_CD
POLR3K,0.67532,1.7612,3.8961,0.45204,0.65124,0.99553,N1,UC_vs_CD
SNRNP25,1.0572,2.1793,2.3537,0.92592,0.35449,0.99553,N1,UC_vs_CD
MPG,1.1128,0.9595,3.1852,0.30124,0.76323,0.99553,N1,UC_vs_CD
NPRL3,0.23381,0.79896,3.5449,0.22538,0.82168,0.99553,N1,UC_vs_CD
HBA2,7.2024,6.5649,3.6253,1.8108,0.070167,0.99553,N1,UC_vs_CD
HBA1,2.9488,4.4538,4.3628,1.0208,0.30733,0.99553,N1,UC_vs_CD
LUC7L,0.94824,1.7036,2.1803,0.78136,0.43459,0.99553,N1,UC_vs_CD
FAM234A,0.11463,0.076876,4.1956,0.018323,0.98538,0.99553,N1,UC_vs_CD
AXIN1,0.22237,0.52589,3.4052,0.15444,0.87726,0.99553,N1,UC_vs_CD
MRPL28,0.40432,1.2823,3.9485,0.32476,0.74536,0.99553,N1,UC_vs_CD
TMEM8A,0.89024,0.68789,1.3992,0.49163,0.62298,0.99553,N1,UC_vs_CD
NME4,0.17958,-0.63764,2.4879,-0.25629,0.79772,0.99553,N1,UC_vs_CD
CAPN15,0.50865,1.9132,2.5254,0.75757,0.44871,0.99553,N1,UC_vs_CD
RAB40C,0.27989,0.51131,3.2798,0.1559,0.87612,0.99553,N1,UC_vs_CD
WFIKKN1,0.11463,0.076876,4.1956,0.018323,0.98538,0.99553,N1,UC_vs_CD
METTL26,0.66359,-0.80758,1.6217,-0.49798,0.6185,0.99553,N1,UC_vs_CD
MCRIP2,0.26091,0.25946,2.237,0.11598,0.90767,0.99553,N1,UC_vs_CD
RHOT2,0.42276,0.78781,4.0144,0.19624,0.84442,0.99553,N1,UC_vs_CD
STUB1,0.7753,-0.9354,1.8675,-0.50088,0.61645,0.99553,N1,UC_vs_CD
NARFL,0.32528,2.1316,3.0535,0.69809,0.48512,0.99553,N1,UC_vs_CD
RPUSD1,0.11463,0.076876,4.1956,0.018323,0.98538,0.99553,N1,UC_vs_CD
CHTF18,0.15185,1.7355,4.296,0.40399,0.68622,0.99553,N1,UC_vs_CD
LMF1,0.27989,0.51131,3.2798,0.1559,0.87612,0.99553,N1,UC_vs_CD
TPSG1,0.035259,0.57985,4.1749,0.13889,0.88954,0.99553,N1,UC_vs_CD
UBE2I,1.8273,0.85876,1.5377,0.55846,0.57653,0.99553,N1,UC_vs_CD
AL031714.1,0.070518,0.17302,4.0786,0.042422,0.96616,0.99553,N1,UC_vs_CD
TSR3,0.39092,1.2838,2.4754,0.51861,0.60403,0.99553,N1,UC_vs_CD
GNPTG,0.40104,0.90858,3.8724,0.23463,0.8145,0.99553,N1,UC_vs_CD
UNKL,0.56904,1.227,1.9724,0.62211,0.53387,0.99553,N1,UC_vs_CD
C16orf91,0.70721,2.1674,2.1901,0.98964,0.32235,0.99553,N1,UC_vs_CD
CLCN7,1.041,-1.8399,1.4723,-1.2497,0.21141,0.99553,N1,UC_vs_CD
AL031600.3,0.035259,0.57985,4.1749,0.13889,0.88954,0.99553,N1,UC_vs_CD
AL031600.1,0.035259,0.57985,4.1749,0.13889,0.88954,0.99553,N1,UC_vs_CD
CRAMP1,0.33052,2.1419,4.2023,0.5097,0.61026,0.99553,N1,UC_vs_CD
JPT2,0.16001,1.7355,4.296,0.40399,0.68622,0.99553,N1,UC_vs_CD
MAPK8IP3,0.4549,-0.96531,2.3929,-0.40341,0.68665,0.99553,N1,UC_vs_CD
NME3,1.2345,-0.2286,1.8976,-0.12047,0.90411,0.99553,N1,UC_vs_CD
MRPS34,0.80137,-2.1495,1.862,-1.1544,0.24834,0.99553,N1,UC_vs_CD
EME2,0.30371,2.096,4.2116,0.49768,0.61871,0.99553,N1,UC_vs_CD
SPSB3,0.6192,1.0051,1.7345,0.57949,0.56226,0.99553,N1,UC_vs_CD
NUBP2,1.0724,1.9684,1.7027,1.156,0.24767,0.99553,N1,UC_vs_CD
HAGH,0.59636,3.2451,2.5915,1.2522,0.21049,0.99553,N1,UC_vs_CD
FAHD1,0.20052,0.9601,3.1736,0.30253,0.76225,0.99553,N1,UC_vs_CD
MSRB1,7.6504,-0.82859,0.78803,-1.0515,0.29304,0.99553,N1,UC_vs_CD
NDUFB10,5.9482,0.47864,1.1262,0.42501,0.67083,0.99553,N1,UC_vs_CD
RPS2,26.476,-0.20492,1.0292,-0.19911,0.84218,0.99553,N1,UC_vs_CD
SNHG9,2.0283,-1.4824,1.1034,-1.3436,0.17909,0.99553,N1,UC_vs_CD
TBL3,0.1476,-0.38372,3.978,-0.09646,0.92315,0.99553,N1,UC_vs_CD
GFER,0.20052,0.9601,3.1736,0.30253,0.76225,0.99553,N1,UC_vs_CD
ZNF598,0.0738,0.29634,4.1055,0.072182,0.94246,0.99553,N1,UC_vs_CD
NTHL1,0.49656,-0.18288,2.6416,-0.069232,0.9448,0.99553,N1,UC_vs_CD
TSC2,0.43465,0.96667,3.5014,0.27608,0.78249,0.99553,N1,UC_vs_CD
PKD1,0.30813,2.1491,4.3393,0.49527,0.62041,0.99553,N1,UC_vs_CD
SNHG19,0.33052,2.1419,4.2023,0.5097,0.61026,0.99553,N1,UC_vs_CD
TRAF7,0.11463,0.076876,4.1956,0.018323,0.98538,0.99553,N1,UC_vs_CD
MLST8,0.14988,-0.59457,2.8782,-0.20658,0.83634,0.99553,N1,UC_vs_CD
BRICD5,0.16526,1.7355,4.296,0.40399,0.68622,0.99553,N1,UC_vs_CD
E4F1,0.15185,1.7355,4.296,0.40399,0.68622,0.99553,N1,UC_vs_CD
ECI1,0.30813,2.1491,4.3393,0.49527,0.62041,0.99553,N1,UC_vs_CD
RNPS1,1.7685,0.65349,1.4297,0.45707,0.64762,0.99553,N1,UC_vs_CD
CCNF,0.16001,1.7355,4.296,0.40399,0.68622,0.99553,N1,UC_vs_CD
ATP6V0C,0.2204,-1.2419,2.9599,-0.41958,0.67479,0.99553,N1,UC_vs_CD
AMDHD2,2.4755,-1.4534,1.3811,-1.0524,0.29262,0.99553,N1,UC_vs_CD
PDPK1,1.067,-1.8754,1.4114,-1.3288,0.18393,0.99553,N1,UC_vs_CD
AC093525.4,0.15185,1.7355,4.296,0.40399,0.68622,0.99553,N1,UC_vs_CD
KCTD5,0.18711,0.95949,3.1139,0.30814,0.75798,0.99553,N1,UC_vs_CD
SRRM2,7.9164,-0.79496,0.81133,-0.97983,0.32717,0.99553,N1,UC_vs_CD
ELOB,19.223,0.37827,0.66163,0.57172,0.56751,0.99553,N1,UC_vs_CD
FLYWCH1,0.11463,0.076876,4.1956,0.018323,0.98538,0.99553,N1,UC_vs_CD
CLDN9,0.12821,2.147,4.3394,0.49477,0.62076,0.99553,N1,UC_vs_CD
HCFC1R1,0.035259,0.57985,4.1749,0.13889,0.88954,0.99553,N1,UC_vs_CD
THOC6,0.16001,1.7355,4.296,0.40399,0.68622,0.99553,N1,UC_vs_CD
MMP25,6.2798,0.039986,1.069,0.037405,0.97016,0.99553,N1,UC_vs_CD
MMP25-AS1,0.27464,0.50675,3.2634,0.15528,0.8766,0.99553,N1,UC_vs_CD
IL32,1.0427,0.079714,1.5421,0.05169,0.95878,0.99553,N1,UC_vs_CD
AC108134.3,0.3099,-0.14541,2.2609,-0.064314,0.94872,0.99553,N1,UC_vs_CD
ZNF213-AS1,0.16001,1.7355,4.296,0.40399,0.68622,0.99553,N1,UC_vs_CD
ZNF213,0.61626,3.1638,4.327,0.73117,0.46468,0.99553,N1,UC_vs_CD
AC108134.2,0.22565,0.79989,3.5133,0.22768,0.8199,0.99553,N1,UC_vs_CD
AJ003147.1,0.11463,0.076876,4.1956,0.018323,0.98538,0.99553,N1,UC_vs_CD
ZNF200,1.4873,-1.8547,1.3021,-1.4244,0.15434,0.99553,N1,UC_vs_CD
MEFV,4.3969,-0.33498,0.83203,-0.40261,0.68724,0.99553,N1,UC_vs_CD
LINC00921,0.92958,-1.4869,1.6543,-0.89882,0.36875,0.99553,N1,UC_vs_CD
ZNF263,0.51387,-0.067757,1.8481,-0.036664,0.97075,0.99553,N1,UC_vs_CD
TIGD7,0.27989,0.51131,3.2798,0.1559,0.87612,0.99553,N1,UC_vs_CD
ZNF75A,0.15185,1.7355,4.296,0.40399,0.68622,0.99553,N1,UC_vs_CD
ZSCAN32,0.0738,0.29634,4.1055,0.072182,0.94246,0.99553,N1,UC_vs_CD
ZNF174,0.20052,0.9601,3.1736,0.30253,0.76225,0.99553,N1,UC_vs_CD
NAA60,0.73102,1.5267,2.0114,0.75904,0.44783,0.99553,N1,UC_vs_CD
CLUAP1,0.39383,1.2613,3.9508,0.31926,0.74953,0.99553,N1,UC_vs_CD
SLX4,0.31187,2.1139,3.0197,0.70005,0.48389,0.99553,N1,UC_vs_CD
DNASE1,0.19527,0.95987,3.1507,0.30465,0.76063,0.99553,N1,UC_vs_CD
TRAP1,0.32528,2.1316,3.0535,0.69809,0.48512,0.99553,N1,UC_vs_CD
CREBBP,4.7546,0.15424,0.69133,0.22311,0.82345,0.99553,N1,UC_vs_CD
CORO7,1.4469,3.1083,1.789,1.7375,0.082305,0.99553,N1,UC_vs_CD
DNAJA3,0.16001,1.7355,4.296,0.40399,0.68622,0.99553,N1,UC_vs_CD
NMRAL1,0.51239,1.6012,2.0101,0.79658,0.42569,0.99553,N1,UC_vs_CD
HMOX2,0.62633,0.35322,2.7172,0.12999,0.89657,0.99553,N1,UC_vs_CD
CDIP1,0.33503,-1.798,3.0175,-0.59585,0.55128,0.99553,N1,UC_vs_CD
AC023830.2,0.14988,-0.59457,2.8782,-0.20658,0.83634,0.99553,N1,UC_vs_CD
UBALD1,0.035259,0.57985,4.1749,0.13889,0.88954,0.99553,N1,UC_vs_CD
MGRN1,1.6569,0.44949,1.1713,0.38374,0.70117,0.99553,N1,UC_vs_CD
NUDT16L1,0.55093,1.5985,2.0649,0.77415,0.43884,0.99553,N1,UC_vs_CD
SMIM22,0.2942,-1.6071,2.0534,-0.78264,0.43384,0.99553,N1,UC_vs_CD
GLYR1,1.2422,-1.1487,1.3546,-0.84795,0.39646,0.99553,N1,UC_vs_CD
UBN1,2.2263,1.5768,0.94588,1.667,0.095516,0.99553,N1,UC_vs_CD
NAGPA,0.1476,-0.38372,3.978,-0.09646,0.92315,0.99553,N1,UC_vs_CD
ALG1,0.18843,-0.92039,3.1557,-0.29166,0.77055,0.99553,N1,UC_vs_CD
EEF2KMT,0.27464,0.50675,3.2634,0.15528,0.8766,0.99553,N1,UC_vs_CD
METTL22,0.83956,-0.45373,1.4843,-0.30568,0.75985,0.99553,N1,UC_vs_CD
ABAT,0.57755,-0.30424,1.6505,-0.18433,0.85375,0.99553,N1,UC_vs_CD
PMM2,1.484,0.52894,2.2054,0.23984,0.81045,0.99553,N1,UC_vs_CD
CARHSP1,0.95458,1.3789,1.9334,0.71319,0.47573,0.99553,N1,UC_vs_CD
USP7,2.221,0.33014,1.0505,0.31427,0.75331,0.99553,N1,UC_vs_CD
AC022167.3,0.38193,1.2016,3.5543,0.33806,0.73532,0.99553,N1,UC_vs_CD
C16orf72,5.1976,-0.17317,0.70577,-0.24536,0.80618,0.99553,N1,UC_vs_CD
AC087190.1,0.53486,-0.22395,2.5322,-0.088443,0.92952,0.99553,N1,UC_vs_CD
ATF7IP2,0.48238,2.3869,3.1913,0.74793,0.4545,0.99553,N1,UC_vs_CD
EMP2,0.11463,0.076876,4.1956,0.018323,0.98538,0.99553,N1,UC_vs_CD
NUBP1,0.16347,1.3862,2.7687,0.50066,0.61661,0.99553,N1,UC_vs_CD
CIITA,0.48788,-1.3108,2.584,-0.50727,0.61197,0.99553,N1,UC_vs_CD
DEXI,0.0738,0.29634,4.1055,0.072182,0.94246,0.99553,N1,UC_vs_CD
SOCS1,1.1723,-2.9288,1.7624,-1.6618,0.096562,0.99553,N1,UC_vs_CD
AC009121.1,0.11463,0.076876,4.1956,0.018323,0.98538,0.99553,N1,UC_vs_CD
AC099489.1,1.0728,0.52413,1.3659,0.38372,0.70119,0.99553,N1,UC_vs_CD
LITAF,160.1,-0.8001,0.46978,-1.7031,0.088546,0.99553,N1,UC_vs_CD
SNN,4.191,-0.50763,0.72183,-0.70326,0.48189,0.99553,N1,UC_vs_CD
TXNDC11,1.9834,-0.80125,1.1989,-0.66834,0.50392,0.99553,N1,UC_vs_CD
AC007613.1,0.46493,-1.5143,2.6706,-0.56701,0.5707,0.99553,N1,UC_vs_CD
ZC3H7A,0.73051,-0.076935,1.5094,-0.050972,0.95935,0.99553,N1,UC_vs_CD
RSL1D1,0.81835,-0.51434,1.9771,-0.26014,0.79475,0.99553,N1,UC_vs_CD
GSPT1,0.89235,0.22375,1.4792,0.15127,0.87977,0.99553,N1,UC_vs_CD
AC007216.2,0.46815,2.6288,3.7763,0.69614,0.48634,0.99553,N1,UC_vs_CD
TNFRSF17,6.9033,1.7219,1.7636,0.97636,0.32889,0.99553,N1,UC_vs_CD
SNX29,0.82183,0.84624,1.8261,0.46342,0.64306,0.99553,N1,UC_vs_CD
CPPED1,7.6911,0.42556,0.68578,0.62054,0.5349,0.99553,N1,UC_vs_CD
ERCC4,0.46372,2.3673,3.1517,0.7511,0.45259,0.99553,N1,UC_vs_CD
MIR193BHG,0.23381,0.79896,3.5449,0.22538,0.82168,0.99553,N1,UC_vs_CD
PARN,0.30813,2.1491,4.3393,0.49527,0.62041,0.99553,N1,UC_vs_CD
BFAR,1.5404,0.56044,1.3561,0.41329,0.6794,0.99553,N1,UC_vs_CD
NOMO1,0.47339,2.6291,3.7922,0.6933,0.48812,0.99553,N1,UC_vs_CD
PDXDC1,0.65625,0.81352,1.9435,0.41858,0.67552,0.99553,N1,UC_vs_CD
NTAN1,0.30813,2.1491,4.3393,0.49527,0.62041,0.99553,N1,UC_vs_CD
RRN3,0.34339,1.5137,3.3061,0.45785,0.64706,0.99553,N1,UC_vs_CD
MPV17L,0.20052,0.9601,3.1736,0.30253,0.76225,0.99553,N1,UC_vs_CD
MARF1,1.74,0.44891,1.2051,0.37249,0.70953,0.99553,N1,UC_vs_CD
NDE1,1.373,-1.3038,1.4892,-0.8755,0.3813,0.99553,N1,UC_vs_CD
AC026401.3,0.32528,2.1316,3.0535,0.69809,0.48512,0.99553,N1,UC_vs_CD
MYH11,0.27989,0.51131,3.2798,0.1559,0.87612,0.99553,N1,UC_vs_CD
FOPNL,0.58947,-0.57821,1.8426,-0.3138,0.75367,0.99553,N1,UC_vs_CD
ABCC1,0.18286,-0.58992,2.6976,-0.21868,0.8269,0.99553,N1,UC_vs_CD
ABCC6,0.16001,1.7355,4.296,0.40399,0.68622,0.99553,N1,UC_vs_CD
NOMO3,0.34844,-0.37546,2.3977,-0.15659,0.87556,0.99553,N1,UC_vs_CD
XYLT1,0.12821,2.147,4.3394,0.49477,0.62076,0.99553,N1,UC_vs_CD
RPS15A,77.936,1.3251,0.94986,1.395,0.16301,0.99553,N1,UC_vs_CD
ARL6IP1,3.346,0.81501,0.95645,0.85213,0.39414,0.99553,N1,UC_vs_CD
SMG1,7.3556,-1.0791,0.78162,-1.3807,0.16739,0.99553,N1,UC_vs_CD
AC092287.1,0.27809,0.2111,2.2882,0.092255,0.9265,0.99553,N1,UC_vs_CD
TMC7,0.0738,0.29634,4.1055,0.072182,0.94246,0.99553,N1,UC_vs_CD
COQ7,1.1324,-0.41988,1.5147,-0.2772,0.78163,0.99553,N1,UC_vs_CD
ITPRIPL2,0.63866,3.1132,4.0135,0.77566,0.43795,0.99553,N1,UC_vs_CD
AC130456.3,0.12821,2.147,4.3394,0.49477,0.62076,0.99553,N1,UC_vs_CD
GDE1,0.32348,1.7502,2.304,0.75963,0.44748,0.99553,N1,UC_vs_CD
CCP110,0.42649,0.90349,2.2685,0.39828,0.69042,0.99553,N1,UC_vs_CD
VPS35L,0.23381,0.79896,3.5449,0.22538,0.82168,0.99553,N1,UC_vs_CD
KNOP1,0.16001,1.7355,4.296,0.40399,0.68622,0.99553,N1,UC_vs_CD
THUMPD1,0.82069,-0.49564,1.5749,-0.31471,0.75298,0.99553,N1,UC_vs_CD
ERI2,0.14988,-0.59457,2.8782,-0.20658,0.83634,0.99553,N1,UC_vs_CD
DCUN1D3,6.0603,-0.21767,0.79776,-0.27285,0.78497,0.99553,N1,UC_vs_CD
LYRM1,3.0872,-0.17139,1.2458,-0.13757,0.89058,0.99553,N1,UC_vs_CD
TMEM159,0.035259,0.57985,4.1749,0.13889,0.88954,0.99553,N1,UC_vs_CD
ANKS4B,0.15185,1.7355,4.296,0.40399,0.68622,0.99553,N1,UC_vs_CD
METTL9,6.999,-0.16081,0.93135,-0.17267,0.86291,0.99553,N1,UC_vs_CD
IGSF6,55.487,-0.50475,0.37583,-1.343,0.17926,0.99553,N1,UC_vs_CD
AC092375.2,0.11463,0.076876,4.1956,0.018323,0.98538,0.99553,N1,UC_vs_CD
NPIPB4,0.23727,0.71493,2.0629,0.34656,0.72892,0.99553,N1,UC_vs_CD
AC092119.2,0.035259,0.57985,4.1749,0.13889,0.88954,0.99553,N1,UC_vs_CD
UQCRC2,2.5586,0.75836,1.2201,0.62154,0.53425,0.99553,N1,UC_vs_CD
MOSMO,0.035259,0.57985,4.1749,0.13889,0.88954,0.99553,N1,UC_vs_CD
SDR42E2,0.070518,0.17302,4.0786,0.042422,0.96616,0.99553,N1,UC_vs_CD
EEF2K,0.8533,-0.070382,3.0298,-0.02323,0.98147,0.99553,N1,UC_vs_CD
POLR3E,0.70721,2.1674,2.1901,0.98964,0.32235,0.99553,N1,UC_vs_CD
CDR2,0.54928,0.41725,3.5747,0.11672,0.90708,0.99553,N1,UC_vs_CD
NPIPB5,1.6204,-2.3303,1.3943,-1.6713,0.094654,0.99553,N1,UC_vs_CD
AC009021.1,0.18711,0.95949,3.1139,0.30814,0.75798,0.99553,N1,UC_vs_CD
USP31,0.035259,0.57985,4.1749,0.13889,0.88954,0.99553,N1,UC_vs_CD
SCNN1B,0.29192,-1.0431,2.577,-0.40479,0.68563,0.99553,N1,UC_vs_CD
GGA2,1.4286,2.1814,1.89,1.1541,0.24844,0.99553,N1,UC_vs_CD
EARS2,0.30813,2.1491,4.3393,0.49527,0.62041,0.99553,N1,UC_vs_CD
NDUFAB1,2.1845,0.50049,1.4319,0.34953,0.72669,0.99553,N1,UC_vs_CD
DCTN5,0.60825,3.1188,3.8065,0.81933,0.4126,0.99553,N1,UC_vs_CD
PRKCB,6.0844,0.59335,0.84331,0.7036,0.48168,0.99553,N1,UC_vs_CD
RBBP6,3.254,0.76535,0.79283,0.96534,0.33438,0.99553,N1,UC_vs_CD
TNRC6A,0.89412,-0.093473,2.1067,-0.044368,0.96461,0.99553,N1,UC_vs_CD
ARHGAP17,0.62525,3.0029,2.7056,1.1099,0.26706,0.99553,N1,UC_vs_CD
LCMT1,0.56286,1.7026,2.6079,0.65288,0.51383,0.99553,N1,UC_vs_CD
AC008741.2,0.16001,1.7355,4.296,0.40399,0.68622,0.99553,N1,UC_vs_CD
NSMCE1,0.42749,-0.94998,2.5041,-0.37937,0.70441,0.99553,N1,UC_vs_CD
AC106739.1,0.97338,-0.26538,1.502,-0.17669,0.85975,0.99553,N1,UC_vs_CD
AC106739.2,0.40555,-2.1152,3.1099,-0.68015,0.49641,0.99553,N1,UC_vs_CD
IL4R,9.6213,-0.48421,0.68381,-0.70811,0.47887,0.99553,N1,UC_vs_CD
IL21R,0.30813,2.1491,4.3393,0.49527,0.62041,0.99553,N1,UC_vs_CD
GTF3C1,0.45999,2.6284,3.7508,0.70074,0.48347,0.99553,N1,UC_vs_CD
KIAA0556,0.070518,0.17302,4.0786,0.042422,0.96616,0.99553,N1,UC_vs_CD
XPO6,11.189,-0.5656,0.67895,-0.83304,0.40482,0.99553,N1,UC_vs_CD
CLN3,0.26091,0.25946,2.237,0.11598,0.90767,0.99553,N1,UC_vs_CD
APOBR,2.7416,-0.3003,1.2736,-0.23579,0.8136,0.99553,N1,UC_vs_CD
IL27,0.1476,-0.38372,3.978,-0.09646,0.92315,0.99553,N1,UC_vs_CD
NUPR1,0.0738,0.29634,4.1055,0.072182,0.94246,0.99553,N1,UC_vs_CD
SGF29,0.31187,2.1139,3.0197,0.70005,0.48389,0.99553,N1,UC_vs_CD
SULT1A1,0.53648,3.2588,3.7733,0.86363,0.38779,0.99553,N1,UC_vs_CD
EIF3C,0.10906,-0.1236,2.6028,-0.047487,0.96213,0.99553,N1,UC_vs_CD
ATXN2L,1.1712,0.29629,1.5318,0.19343,0.84662,0.99553,N1,UC_vs_CD
TUFM,2.3347,1.1112,0.99733,1.1141,0.26522,0.99553,N1,UC_vs_CD
RABEP2,0.11463,0.076876,4.1956,0.018323,0.98538,0.99553,N1,UC_vs_CD
CD19,0.45556,2.3509,4.1642,0.56455,0.57238,0.99553,N1,UC_vs_CD
NFATC2IP,1.8054,1.5577,1.4745,1.0564,0.29079,0.99553,N1,UC_vs_CD
AC109460.1,0.035259,0.57985,4.1749,0.13889,0.88954,0.99553,N1,UC_vs_CD
SPNS1,1.005,1.0509,1.3055,0.80504,0.4208,0.99553,N1,UC_vs_CD
LAT,0.39908,1.2938,2.4876,0.52012,0.60298,0.99553,N1,UC_vs_CD
AC009093.2,0.16001,1.7355,4.296,0.40399,0.68622,0.99553,N1,UC_vs_CD
SPN,0.66031,0.43437,1.9563,0.22204,0.82428,0.99553,N1,UC_vs_CD
QPRT,0.12821,2.147,4.3394,0.49477,0.62076,0.99553,N1,UC_vs_CD
C16orf54,0.78962,0.60183,1.9939,0.30184,0.76278,0.99553,N1,UC_vs_CD
ZG16,1.7581,-2.4686,1.5941,-1.5486,0.12147,0.99553,N1,UC_vs_CD
KIF22,0.6453,2.5739,3.3871,0.75993,0.4473,0.99553,N1,UC_vs_CD
MAZ,0.59812,1.008,1.9861,0.50752,0.61179,0.99553,N1,UC_vs_CD
AC009133.1,0.035259,0.57985,4.1749,0.13889,0.88954,0.99553,N1,UC_vs_CD
PRRT2,0.16526,1.7355,4.296,0.40399,0.68622,0.99553,N1,UC_vs_CD
MVP,3.4554,-0.13589,0.76909,-0.17668,0.85976,0.99553,N1,UC_vs_CD
CDIPT,0.45978,-1.0891,2.1992,-0.49523,0.62044,0.99553,N1,UC_vs_CD
KCTD13,0.37554,-0.71823,1.9243,-0.37323,0.70897,0.99553,N1,UC_vs_CD
TMEM219,1.601,0.25423,1.2572,0.20222,0.83974,0.99553,N1,UC_vs_CD
TAOK2,0.23381,0.79896,3.5449,0.22538,0.82168,0.99553,N1,UC_vs_CD
HIRIP3,0.16001,1.7355,4.296,0.40399,0.68622,0.99553,N1,UC_vs_CD
INO80E,0.61184,3.0588,3.969,0.77066,0.44091,0.99553,N1,UC_vs_CD
ALDOA,0.82647,-1.5992,1.5201,-1.0521,0.29277,0.99553,N1,UC_vs_CD
PPP4C,3.8369,-0.52534,0.79691,-0.65922,0.50975,0.99553,N1,UC_vs_CD
YPEL3,7.8839,-1.4318,1.3218,-1.0832,0.27871,0.99553,N1,UC_vs_CD
AC012645.1,0.37914,-1.6519,3.2195,-0.5131,0.60788,0.99553,N1,UC_vs_CD
GDPD3,0.20201,1.0374,3.076,0.33725,0.73593,0.99553,N1,UC_vs_CD
AC012645.4,0.46815,2.6288,3.7763,0.69614,0.48634,0.99553,N1,UC_vs_CD
MAPK3,0.97383,-0.097807,1.5376,-0.063612,0.94928,0.99553,N1,UC_vs_CD
CORO1A,8.1196,0.13727,1.0382,0.13222,0.89481,0.99553,N1,UC_vs_CD
AC012645.3,0.30813,2.1491,4.3393,0.49527,0.62041,0.99553,N1,UC_vs_CD
SULT1A3,0.0738,0.29634,4.1055,0.072182,0.94246,0.99553,N1,UC_vs_CD
CD2BP2,2.8258,0.058703,1.0314,0.056917,0.95461,0.99553,N1,UC_vs_CD
TBC1D10B,0.38566,-0.82594,2.2814,-0.36203,0.71733,0.99553,N1,UC_vs_CD
MYLPF,0.035259,0.57985,4.1749,0.13889,0.88954,0.99553,N1,UC_vs_CD
SEPT1,0.19527,0.95987,3.1507,0.30465,0.76063,0.99553,N1,UC_vs_CD
DCTPP1,0.80007,2.7082,4.113,0.65846,0.51025,0.99553,N1,UC_vs_CD
SEPHS2,3.5136,-1.5694,0.89941,-1.7449,0.081006,0.99553,N1,UC_vs_CD
ITGAL,1.3429,0.0048442,1.7063,0.002839,0.99773,0.99979,N1,UC_vs_CD
ZNF747,0.035259,0.57985,4.1749,0.13889,0.88954,0.99553,N1,UC_vs_CD
AC002310.1,0.16001,1.7355,4.296,0.40399,0.68622,0.99553,N1,UC_vs_CD
ZNF764,0.0738,0.29634,4.1055,0.072182,0.94246,0.99553,N1,UC_vs_CD
ZNF688,0.11463,0.076876,4.1956,0.018323,0.98538,0.99553,N1,UC_vs_CD
AC002310.2,0.30813,2.1491,4.3393,0.49527,0.62041,0.99553,N1,UC_vs_CD
ZNF785,0.0738,0.29634,4.1055,0.072182,0.94246,0.99553,N1,UC_vs_CD
PRR14,0.60862,1.0193,1.9951,0.51092,0.60941,0.99553,N1,UC_vs_CD
FBRS,1.8362,-1.1504,1.0504,-1.0952,0.27345,0.99553,N1,UC_vs_CD
SRCAP,0.26222,-1.4233,3.2885,-0.43281,0.66515,0.99553,N1,UC_vs_CD
PHKG2,0.23727,0.71493,2.0629,0.34656,0.72892,0.99553,N1,UC_vs_CD
CCDC189,0.27464,0.50675,3.2634,0.15528,0.8766,0.99553,N1,UC_vs_CD
RNF40,0.34812,-0.22513,2.2824,-0.09864,0.92142,0.99553,N1,UC_vs_CD
ORAI3,0.66197,-1.0479,2.4288,-0.43143,0.66615,0.99553,N1,UC_vs_CD
HSD3B7,0.22237,0.52589,3.4052,0.15444,0.87726,0.99553,N1,UC_vs_CD
STX1B,0.035259,0.57985,4.1749,0.13889,0.88954,0.99553,N1,UC_vs_CD
STX4,4.7103,-0.15022,0.6548,-0.22942,0.81855,0.99553,N1,UC_vs_CD
AC135050.3,0.41391,0.8813,3.4071,0.25866,0.79589,0.99553,N1,UC_vs_CD
ZNF668,0.23906,0.79839,3.5646,0.22398,0.82277,0.99553,N1,UC_vs_CD
AC135050.4,0.31712,2.1207,3.0327,0.69927,0.48438,0.99553,N1,UC_vs_CD
ZNF646,0.76774,-1.3438,2.4398,-0.55077,0.58179,0.99553,N1,UC_vs_CD
VKORC1,2.8841,0.37226,2.1284,0.1749,0.86116,0.99553,N1,UC_vs_CD
BCKDK,1.8235,0.17732,1.2948,0.13694,0.89107,0.99553,N1,UC_vs_CD
KAT8,0.5101,0.0014478,2.4975,0.00057972,0.99954,0.99979,N1,UC_vs_CD
PRSS36,0.15185,1.7355,4.296,0.40399,0.68622,0.99553,N1,UC_vs_CD
FUS,9.9114,-0.5386,0.93706,-0.57478,0.56544,0.99553,N1,UC_vs_CD
AC009088.1,0.15185,1.7355,4.296,0.40399,0.68622,0.99553,N1,UC_vs_CD
PYCARD,7.9678,-1.7362,1.8643,-0.93129,0.3517,0.99553,N1,UC_vs_CD
ITGAM,2.7934,-0.67922,0.90877,-0.74741,0.45482,0.99553,N1,UC_vs_CD
ITGAX,22.32,-0.33768,0.64231,-0.52573,0.59908,0.99553,N1,UC_vs_CD
ITGAD,0.15185,1.7355,4.296,0.40399,0.68622,0.99553,N1,UC_vs_CD
AC026471.1,0.30813,2.1491,4.3393,0.49527,0.62041,0.99553,N1,UC_vs_CD
C16orf58,0.50845,0.066541,2.5476,0.026119,0.97916,0.99553,N1,UC_vs_CD
ZNF720,0.41719,0.83692,2.2009,0.38025,0.70376,0.99553,N1,UC_vs_CD
ZNF267,35.253,-1.2416,0.60972,-2.0363,0.041722,0.99553,N1,UC_vs_CD
SHCBP1,0.32003,2.1244,4.2058,0.50511,0.61349,0.99553,N1,UC_vs_CD
VPS35,2.903,-1.6338,1.1076,-1.4752,0.14016,0.99553,N1,UC_vs_CD
ORC6,0.18843,-0.92039,3.1557,-0.29166,0.77055,0.99553,N1,UC_vs_CD
C16orf87,0.28006,2.5294,3.2581,0.77633,0.43755,0.99553,N1,UC_vs_CD
GPT2,0.11463,0.076876,4.1956,0.018323,0.98538,0.99553,N1,UC_vs_CD
DNAJA2,1.4983,-0.14333,1.6887,-0.084878,0.93236,0.99553,N1,UC_vs_CD
ITFG1,0.64133,-0.95841,1.5655,-0.6122,0.5404,0.99553,N1,UC_vs_CD
PHKB,1.2586,1.5702,1.3454,1.1671,0.24316,0.99553,N1,UC_vs_CD
LONP2,1.1455,2.6071,1.5087,1.7281,0.083974,0.99553,N1,UC_vs_CD
SIAH1,0.83,0.85045,1.6602,0.51226,0.60847,0.99553,N1,UC_vs_CD
N4BP1,17.864,-1.0228,0.73898,-1.3841,0.16632,0.99553,N1,UC_vs_CD
AC023813.1,0.80878,-1.1896,2.0792,-0.57215,0.56722,0.99553,N1,UC_vs_CD
AC007614.1,0.035259,0.57985,4.1749,0.13889,0.88954,0.99553,N1,UC_vs_CD
CNEP1R1,0.26907,0.25928,2.2471,0.11538,0.90814,0.99553,N1,UC_vs_CD
TENT4B,1.0115,1.1715,1.6184,0.72384,0.46917,0.99553,N1,UC_vs_CD
ADCY7,0.49369,1.5543,2.0723,0.75004,0.45323,0.99553,N1,UC_vs_CD
BRD7,0.44824,2.8852,3.5979,0.8019,0.42261,0.99553,N1,UC_vs_CD
SNX20,1.2212,-1.341,1.5427,-0.86929,0.38469,0.99553,N1,UC_vs_CD
NOD2,1.2403,-0.51471,1.2953,-0.39735,0.69111,0.99553,N1,UC_vs_CD
AC007728.2,0.41568,-1.0384,2.3344,-0.44481,0.65646,0.99553,N1,UC_vs_CD
CYLD,14.496,0.22198,0.66668,0.33296,0.73916,0.99553,N1,UC_vs_CD
CHD9,2.2792,2.2049,1.1912,1.851,0.064168,0.99553,N1,UC_vs_CD
AC007342.4,0.0738,0.29634,4.1055,0.072182,0.94246,0.99553,N1,UC_vs_CD
AC007342.5,0.16347,1.3862,2.7687,0.50066,0.61661,0.99553,N1,UC_vs_CD
RBL2,1.511,-0.076295,1.2847,-0.059388,0.95264,0.99553,N1,UC_vs_CD
AKTIP,0.3622,1.0391,3.0904,0.33623,0.7367,0.99553,N1,UC_vs_CD
FTO,0.34339,1.5137,3.3061,0.45785,0.64706,0.99553,N1,UC_vs_CD
CRNDE,0.0738,0.29634,4.1055,0.072182,0.94246,0.99553,N1,UC_vs_CD
MMP2,0.035259,0.57985,4.1749,0.13889,0.88954,0.99553,N1,UC_vs_CD
AC007336.2,0.035259,0.57985,4.1749,0.13889,0.88954,0.99553,N1,UC_vs_CD
LPCAT2,5.6343,-2.0201,1.1922,-1.6944,0.090193,0.99553,N1,UC_vs_CD
AC007336.1,0.20052,0.9601,3.1736,0.30253,0.76225,0.99553,N1,UC_vs_CD
CAPNS2,0.0738,0.29634,4.1055,0.072182,0.94246,0.99553,N1,UC_vs_CD
CES1,0.45556,2.3509,4.1642,0.56455,0.57238,0.99553,N1,UC_vs_CD
AMFR,0.38567,1.2777,2.4678,0.51772,0.60465,0.99553,N1,UC_vs_CD
AC092140.1,0.23381,0.79896,3.5449,0.22538,0.82168,0.99553,N1,UC_vs_CD
NUDT21,0.67389,0.27815,1.5921,0.17471,0.86131,0.99553,N1,UC_vs_CD
OGFOD1,0.54568,1.5769,2.5723,0.61302,0.53986,0.99553,N1,UC_vs_CD
MT2A,12.653,0.75397,1.4579,0.51716,0.60505,0.99553,N1,UC_vs_CD
MT1E,0.23578,0.5275,3.4637,0.15229,0.87896,0.99553,N1,UC_vs_CD
MT1M,0.11463,0.076876,4.1956,0.018323,0.98538,0.99553,N1,UC_vs_CD
MT1F,0.15185,1.7355,4.296,0.40399,0.68622,0.99553,N1,UC_vs_CD
MT1G,0.49818,0.35392,1.6906,0.20935,0.83418,0.99553,N1,UC_vs_CD
MT1X,2.0695,1.6683,1.5085,1.1059,0.26875,0.99553,N1,UC_vs_CD
NUP93,0.16001,1.7355,4.296,0.40399,0.68622,0.99553,N1,UC_vs_CD
HERPUD1,24.905,0.5111,0.8123,0.6292,0.52922,0.99553,N1,UC_vs_CD
NLRC5,1.9814,-0.93856,1.2123,-0.77421,0.43881,0.99553,N1,UC_vs_CD
CPNE2,0.20201,1.0374,3.076,0.33725,0.73593,0.99553,N1,UC_vs_CD
FAM192A,0.63379,-1.7767,1.7001,-1.045,0.296,0.99553,N1,UC_vs_CD
RSPRY1,0.98578,2.6464,1.8782,1.409,0.15882,0.99553,N1,UC_vs_CD
ARL2BP,0.85755,0.02987,1.5374,0.019429,0.9845,0.99553,N1,UC_vs_CD
PLLP,0.16001,1.7355,4.296,0.40399,0.68622,0.99553,N1,UC_vs_CD
CCL17,0.035259,0.57985,4.1749,0.13889,0.88954,0.99553,N1,UC_vs_CD
CIAPIN1,0.30813,2.1491,4.3393,0.49527,0.62041,0.99553,N1,UC_vs_CD
COQ9,0.30813,2.1491,4.3393,0.49527,0.62041,0.99553,N1,UC_vs_CD
POLR2C,1.2762,1.9578,1.8154,1.0784,0.28083,0.99553,N1,UC_vs_CD
CCDC102A,0.035259,0.57985,4.1749,0.13889,0.88954,0.99553,N1,UC_vs_CD
ADGRG5,0.18843,-0.92039,3.1557,-0.29166,0.77055,0.99553,N1,UC_vs_CD
ADGRG3,8.7099,-0.10165,0.50902,-0.1997,0.84171,0.99553,N1,UC_vs_CD
KATNB1,0.47339,2.6291,3.7922,0.6933,0.48812,0.99553,N1,UC_vs_CD
KIFC3,0.31532,1.7502,2.2928,0.76334,0.44526,0.99553,N1,UC_vs_CD
AC092118.1,0.0738,0.29634,4.1055,0.072182,0.94246,0.99553,N1,UC_vs_CD
USB1,1.4597,0.79428,1.1414,0.69588,0.4865,0.99553,N1,UC_vs_CD
CFAP20,0.35386,1.5544,2.4165,0.64324,0.52007,0.99553,N1,UC_vs_CD
CSNK2A2,0.49656,-0.18288,2.6416,-0.069232,0.9448,0.99553,N1,UC_vs_CD
SETD6,0.0738,0.29634,4.1055,0.072182,0.94246,0.99553,N1,UC_vs_CD
CNOT1,3.4782,1.0965,0.89602,1.2238,0.22103,0.99553,N1,UC_vs_CD
SLC38A7,0.12821,2.147,4.3394,0.49477,0.62076,0.99553,N1,UC_vs_CD
GOT2,0.16001,1.7355,4.296,0.40399,0.68622,0.99553,N1,UC_vs_CD
CDH11,0.43634,2.8476,3.2624,0.87286,0.38274,0.99553,N1,UC_vs_CD
TK2,0.53253,1.9466,2.6617,0.73136,0.46456,0.99553,N1,UC_vs_CD
AC010542.4,0.035259,0.57985,4.1749,0.13889,0.88954,0.99553,N1,UC_vs_CD
CKLF,16.129,-0.25127,0.6082,-0.41313,0.67951,0.99553,N1,UC_vs_CD
CMTM2,36.18,-0.29021,0.83781,-0.34639,0.72905,0.99553,N1,UC_vs_CD
CMTM3,0.87102,0.59218,1.4258,0.41532,0.67791,0.99553,N1,UC_vs_CD
DYNC1LI2,2.7142,1.9546,1.2807,1.5261,0.12698,0.99553,N1,UC_vs_CD
NAE1,0.67372,0.44493,1.9682,0.22606,0.82115,0.99553,N1,UC_vs_CD
PDP2,0.31712,2.1207,3.0327,0.69927,0.48438,0.99553,N1,UC_vs_CD
RRAD,0.49082,1.5466,3.9242,0.39411,0.6935,0.99553,N1,UC_vs_CD
FAM96B,3.2589,1.7807,1.1066,1.6092,0.10758,0.99553,N1,UC_vs_CD
CES2,0.35369,-0.37652,2.4064,-0.15647,0.87567,0.99553,N1,UC_vs_CD
CBFB,1.8796,3.9786,2.0932,1.9007,0.057339,0.99553,N1,UC_vs_CD
TRADD,0.55947,-1.363,3.1778,-0.42892,0.66798,0.99553,N1,UC_vs_CD
NOL3,0.035259,0.57985,4.1749,0.13889,0.88954,0.99553,N1,UC_vs_CD
KIAA0895L,0.15185,1.7355,4.296,0.40399,0.68622,0.99553,N1,UC_vs_CD
E2F4,0.26925,0.35724,3.0461,0.11728,0.90664,0.99553,N1,UC_vs_CD
LRRC29,0.070518,0.17302,4.0786,0.042422,0.96616,0.99553,N1,UC_vs_CD
TMEM208,5.7016,0.88413,0.73004,1.2111,0.22586,0.99553,N1,UC_vs_CD
FHOD1,0.16526,1.7355,4.296,0.40399,0.68622,0.99553,N1,UC_vs_CD
PLEKHG4,0.30813,2.1491,4.3393,0.49527,0.62041,0.99553,N1,UC_vs_CD
ATP6V0D1,14.488,-0.75004,0.50028,-1.4992,0.13381,0.99553,N1,UC_vs_CD
AC009061.2,0.035259,0.57985,4.1749,0.13889,0.88954,0.99553,N1,UC_vs_CD
RIPOR1,0.467,0.24753,1.9012,0.1302,0.89641,0.99553,N1,UC_vs_CD
CTCF,1.2907,1.4894,1.4247,1.0454,0.29583,0.99553,N1,UC_vs_CD
AC009095.1,0.16001,1.7355,4.296,0.40399,0.68622,0.99553,N1,UC_vs_CD
PARD6A,0.30813,2.1491,4.3393,0.49527,0.62041,0.99553,N1,UC_vs_CD
ENKD1,0.0738,0.29634,4.1055,0.072182,0.94246,0.99553,N1,UC_vs_CD
C16orf86,0.46815,2.6288,3.7763,0.69614,0.48634,0.99553,N1,UC_vs_CD
GFOD2,0.16001,1.7355,4.296,0.40399,0.68622,0.99553,N1,UC_vs_CD
RANBP10,0.30813,2.1491,4.3393,0.49527,0.62041,0.99553,N1,UC_vs_CD
CENPT,0.16526,1.7355,4.296,0.40399,0.68622,0.99553,N1,UC_vs_CD
NUTF2,0.64841,0.35315,2.1437,0.16473,0.86915,0.99553,N1,UC_vs_CD
PSKH1,0.31187,2.1139,3.0197,0.70005,0.48389,0.99553,N1,UC_vs_CD
CTRL,0.035259,0.57985,4.1749,0.13889,0.88954,0.99553,N1,UC_vs_CD
AC040162.1,0.11463,0.076876,4.1956,0.018323,0.98538,0.99553,N1,UC_vs_CD
PSMB10,1.2147,-1.2405,1.6523,-0.75075,0.45281,0.99553,N1,UC_vs_CD
DPEP3,0.30813,2.1491,4.3393,0.49527,0.62041,0.99553,N1,UC_vs_CD
DPEP2,1.1098,0.23616,1.6723,0.14122,0.8877,0.99553,N1,UC_vs_CD
DUS2,0.035259,0.57985,4.1749,0.13889,0.88954,0.99553,N1,UC_vs_CD
DDX28,0.035259,0.57985,4.1749,0.13889,0.88954,0.99553,N1,UC_vs_CD
NFATC3,1.9618,2.326,1.4413,1.6138,0.10656,0.99553,N1,UC_vs_CD
SLC7A6,0.18843,-0.92039,3.1557,-0.29166,0.77055,0.99553,N1,UC_vs_CD
SLC7A6OS,0.16001,1.7355,4.296,0.40399,0.68622,0.99553,N1,UC_vs_CD
PRMT7,0.34339,1.5137,3.3061,0.45785,0.64706,0.99553,N1,UC_vs_CD
SMPD3,0.1476,-0.38372,3.978,-0.09646,0.92315,0.99553,N1,UC_vs_CD
ZFP90,0.12821,2.147,4.3394,0.49477,0.62076,0.99553,N1,UC_vs_CD
TANGO6,0.16526,1.7355,4.296,0.40399,0.68622,0.99553,N1,UC_vs_CD
CHTF8,0.65018,-0.8172,1.617,-0.50538,0.6133,0.99553,N1,UC_vs_CD
SNTB2,0.57461,1.3038,2.7916,0.46703,0.64048,0.99553,N1,UC_vs_CD
VPS4A,0.36054,1.3321,2.322,0.5737,0.56617,0.99553,N1,UC_vs_CD
COG8-1,0.16001,1.7355,4.296,0.40399,0.68622,0.99553,N1,UC_vs_CD
NIP7,0.30371,2.096,4.2116,0.49768,0.61871,0.99553,N1,UC_vs_CD
TERF2,0.15185,1.7355,4.296,0.40399,0.68622,0.99553,N1,UC_vs_CD
CYB5B,0.48004,2.3809,4.1592,0.57243,0.56703,0.99553,N1,UC_vs_CD
NFAT5,7.0281,-0.38848,0.79869,-0.4864,0.62669,0.99553,N1,UC_vs_CD
NQO1,0.0738,0.29634,4.1055,0.072182,0.94246,0.99553,N1,UC_vs_CD
WWP2,1.7107,0.56364,0.99612,0.56583,0.57151,0.99553,N1,UC_vs_CD
PDPR,0.67192,0.43267,1.6724,0.25872,0.79585,0.99553,N1,UC_vs_CD
EXOSC6,0.33471,-0.22527,2.2616,-0.099608,0.92066,0.99553,N1,UC_vs_CD
AARS,1.1828,0.15986,1.6197,0.098693,0.92138,0.99553,N1,UC_vs_CD
DDX19B,0.26907,0.25928,2.2471,0.11538,0.90814,0.99553,N1,UC_vs_CD
DDX19A,0.37813,-0.43794,2.1094,-0.20761,0.83553,0.99553,N1,UC_vs_CD
ST3GAL2,1.2762,0.63662,1.414,0.45022,0.65256,0.99553,N1,UC_vs_CD
AC012184.1,0.035259,0.57985,4.1749,0.13889,0.88954,0.99553,N1,UC_vs_CD
FUK,0.035259,0.57985,4.1749,0.13889,0.88954,0.99553,N1,UC_vs_CD
COG4,0.34516,-0.54607,2.2253,-0.24539,0.80616,0.99553,N1,UC_vs_CD
SF3B3,0.47188,2.3759,3.1692,0.74969,0.45344,0.99553,N1,UC_vs_CD
VAC14,0.34339,1.5137,3.3061,0.45785,0.64706,0.99553,N1,UC_vs_CD
CMTR2,0.29347,2.529,3.3068,0.76479,0.4444,0.99553,N1,UC_vs_CD
AC010547.4,0.0738,0.29634,4.1055,0.072182,0.94246,0.99553,N1,UC_vs_CD
PHLPP2,0.16526,1.7355,4.296,0.40399,0.68622,0.99553,N1,UC_vs_CD
AP1G1,3.4165,-0.39595,0.82189,-0.48176,0.62998,0.99553,N1,UC_vs_CD
IST1,2.8679,-0.0043765,0.87777,-0.0049859,0.99602,0.99979,N1,UC_vs_CD
ZNF821,0.39908,1.2938,2.4876,0.52012,0.60298,0.99553,N1,UC_vs_CD
TXNL4B,0.50146,0.38439,2.6013,0.14777,0.88253,0.99553,N1,UC_vs_CD
HP,0.12821,2.147,4.3394,0.49477,0.62076,0.99553,N1,UC_vs_CD
DHX38,0.55618,1.5876,2.587,0.61367,0.53944,0.99553,N1,UC_vs_CD
ZFHX3,0.45169,2.2419,2.3265,0.96364,0.33523,0.99553,N1,UC_vs_CD
AC009120.5,0.035259,0.57985,4.1749,0.13889,0.88954,0.99553,N1,UC_vs_CD
PSMD7,2.8312,3.0932,1.7794,1.7383,0.08215,0.99553,N1,UC_vs_CD
GLG1,2.5054,0.10233,1.0613,0.096415,0.92319,0.99553,N1,UC_vs_CD
RFWD3,0.32528,2.1316,3.0535,0.69809,0.48512,0.99553,N1,UC_vs_CD
MLKL,2.6742,-0.80462,1.207,-0.66665,0.505,0.99553,N1,UC_vs_CD
WDR59,0.30371,2.096,4.2116,0.49768,0.61871,0.99553,N1,UC_vs_CD
ZNRF1,0.46897,2.3727,3.163,0.75016,0.45316,0.99553,N1,UC_vs_CD
CTRB2,0.035259,0.57985,4.1749,0.13889,0.88954,0.99553,N1,UC_vs_CD
CFDP1,1.8419,-1.6232,1.3779,-1.178,0.2388,0.99553,N1,UC_vs_CD
TMEM170A,1.2898,0.48538,1.2304,0.39448,0.69323,0.99553,N1,UC_vs_CD
AC025287.2,0.035259,0.57985,4.1749,0.13889,0.88954,0.99553,N1,UC_vs_CD
GABARAPL2,24.204,-0.78188,0.70378,-1.111,0.26658,0.99553,N1,UC_vs_CD
ADAT1,1.0783,-0.78027,1.2683,-0.61519,0.53843,0.99553,N1,UC_vs_CD
KARS,1.4884,-0.76967,1.2727,-0.60475,0.54535,0.99553,N1,UC_vs_CD
TERF2IP,2.5247,0.4013,0.88368,0.45412,0.64974,0.99553,N1,UC_vs_CD
MON1B,1.0565,-0.68878,1.5167,-0.45414,0.64973,0.99553,N1,UC_vs_CD
SYCE1L,0.035259,0.57985,4.1749,0.13889,0.88954,0.99553,N1,UC_vs_CD
WWOX,0.34844,-0.37546,2.3977,-0.15659,0.87556,0.99553,N1,UC_vs_CD
MAF,0.49898,1.5767,2.3522,0.67031,0.50266,0.99553,N1,UC_vs_CD
DYNLRB2,0.0738,0.29634,4.1055,0.072182,0.94246,0.99553,N1,UC_vs_CD
CMC2,0.94279,-0.22924,1.6808,-0.13639,0.89151,0.99553,N1,UC_vs_CD
ATMIN,0.16526,1.7355,4.296,0.40399,0.68622,0.99553,N1,UC_vs_CD
C16orf46,0.0738,0.29634,4.1055,0.072182,0.94246,0.99553,N1,UC_vs_CD
GCSH,0.30174,-0.14619,2.2488,-0.065009,0.94817,0.99553,N1,UC_vs_CD
GAN,0.15185,1.7355,4.296,0.40399,0.68622,0.99553,N1,UC_vs_CD
CMIP,2.1007,-0.1651,0.95802,-0.17234,0.86317,0.99553,N1,UC_vs_CD
AC099524.1,0.28822,2.5291,3.2881,0.76917,0.44179,0.99553,N1,UC_vs_CD
PLCG2,13.772,-0.79845,0.82121,-0.97228,0.33091,0.99553,N1,UC_vs_CD
MPHOSPH6,0.38567,1.2777,2.4678,0.51772,0.60465,0.99553,N1,UC_vs_CD
HSBP1,5.9589,0.2291,0.65763,0.34837,0.72756,0.99553,N1,UC_vs_CD
MLYCD,0.12821,2.147,4.3394,0.49477,0.62076,0.99553,N1,UC_vs_CD
OSGIN1,0.63514,0.10946,2.6898,0.040695,0.96754,0.99553,N1,UC_vs_CD
MBTPS1,1.5081,0.69478,1.4227,0.48835,0.62531,0.99553,N1,UC_vs_CD
AC040169.1,0.0738,0.29634,4.1055,0.072182,0.94246,0.99553,N1,UC_vs_CD
HSDL1,0.34339,1.5137,3.3061,0.45785,0.64706,0.99553,N1,UC_vs_CD
DNAAF1,1.4986,-0.22592,2.4144,-0.093573,0.92545,0.99553,N1,UC_vs_CD
TAF1C,0.30813,2.1491,4.3393,0.49527,0.62041,0.99553,N1,UC_vs_CD
ATP2C2,0.30813,2.1491,4.3393,0.49527,0.62041,0.99553,N1,UC_vs_CD
COTL1,14.726,-0.29803,0.76884,-0.38764,0.69828,0.99553,N1,UC_vs_CD
KLHL36,0.55995,1.6604,2.0868,0.79567,0.42622,0.99553,N1,UC_vs_CD
USP10,4.769,-0.74845,1.1631,-0.6435,0.5199,0.99553,N1,UC_vs_CD
CRISPLD2,2.1982,-0.41405,1.1694,-0.35407,0.72329,0.99553,N1,UC_vs_CD
ZDHHC7,0.23906,0.79839,3.5646,0.22398,0.82277,0.99553,N1,UC_vs_CD
KIAA0513,0.47516,0.25492,1.9057,0.13377,0.89359,0.99553,N1,UC_vs_CD
FAM92B,0.28822,2.5291,3.2881,0.76917,0.44179,0.99553,N1,UC_vs_CD
GSE1,0.69868,2.0125,2.7301,0.73713,0.46104,0.99553,N1,UC_vs_CD
C16orf74,0.43465,0.96667,3.5014,0.27608,0.78249,0.99553,N1,UC_vs_CD
EMC8,0.16526,1.7355,4.296,0.40399,0.68622,0.99553,N1,UC_vs_CD
COX4I1,12.273,0.53627,0.55133,0.97269,0.33071,0.99553,N1,UC_vs_CD
IRF8,0.92453,2.8075,3.6193,0.7757,0.43793,0.99553,N1,UC_vs_CD
AC135012.1,0.16526,1.7355,4.296,0.40399,0.68622,0.99553,N1,UC_vs_CD
MTHFSD,0.45573,0.7041,3.6704,0.19183,0.84787,0.99553,N1,UC_vs_CD
FBXO31,0.16001,1.7355,4.296,0.40399,0.68622,0.99553,N1,UC_vs_CD
MAP1LC3B,31.276,-1.4024,0.70269,-1.9958,0.045955,0.99553,N1,UC_vs_CD
ZCCHC14,0.15185,1.7355,4.296,0.40399,0.68622,0.99553,N1,UC_vs_CD
KLHDC4,0.27464,0.50675,3.2634,0.15528,0.8766,0.99553,N1,UC_vs_CD
SLC7A5,6.7226,0.92044,0.72832,1.2638,0.20631,0.99553,N1,UC_vs_CD
BANP,1.3253,0.5051,1.2352,0.40892,0.6826,0.99553,N1,UC_vs_CD
ZC3H18,1.0146,-1.2063,1.4703,-0.82044,0.41197,0.99553,N1,UC_vs_CD
CYBA,33.136,-3.4064,1.6712,-2.0384,0.041511,0.99553,N1,UC_vs_CD
MVD,0.30813,2.1491,4.3393,0.49527,0.62041,0.99553,N1,UC_vs_CD
SNAI3-AS1,0.23381,0.79896,3.5449,0.22538,0.82168,0.99553,N1,UC_vs_CD
SNAI3,0.32528,2.1316,3.0535,0.69809,0.48512,0.99553,N1,UC_vs_CD
RNF166,0.78595,1.0886,2.3274,0.46775,0.63996,0.99553,N1,UC_vs_CD
CTU2,0.0738,0.29634,4.1055,0.072182,0.94246,0.99553,N1,UC_vs_CD
PIEZO1,0.23381,0.79896,3.5449,0.22538,0.82168,0.99553,N1,UC_vs_CD
CDT1,0.16001,1.7355,4.296,0.40399,0.68622,0.99553,N1,UC_vs_CD
APRT,3.6811,-0.10722,0.90317,-0.11871,0.9055,0.99553,N1,UC_vs_CD
GALNS,0.58245,1.2293,1.9835,0.61975,0.53542,0.99553,N1,UC_vs_CD
TRAPPC2L,3.1614,4.7895,2.2823,2.0985,0.035857,0.99553,N1,UC_vs_CD
PABPN1L,0.035259,0.57985,4.1749,0.13889,0.88954,0.99553,N1,UC_vs_CD
CBFA2T3,0.62621,-0.48052,1.5554,-0.30893,0.75737,0.99553,N1,UC_vs_CD
AC135782.1,0.30305,-1.5435,3.2854,-0.4698,0.6385,0.99553,N1,UC_vs_CD
ACSF3,0.51986,-1.4394,1.736,-0.82915,0.40702,0.99553,N1,UC_vs_CD
ANKRD11,5.7568,0.54071,0.79989,0.67598,0.49905,0.99553,N1,UC_vs_CD
SPG7,1.7967,1.161,1.4144,0.82084,0.41174,0.99553,N1,UC_vs_CD
RPL13,34.616,-0.63297,1.2642,-0.50069,0.61659,0.99553,N1,UC_vs_CD
CHMP1A,0.59584,1.1301,2.7413,0.41223,0.68017,0.99553,N1,UC_vs_CD
SPATA33,0.18514,-0.97652,2.8755,-0.3396,0.73416,0.99553,N1,UC_vs_CD
SPATA2L,0.23727,0.71493,2.0629,0.34656,0.72892,0.99553,N1,UC_vs_CD
VPS9D1,3.6557,-0.76005,1.0745,-0.70736,0.47934,0.99553,N1,UC_vs_CD
ZNF276,2.52,-0.83628,1.099,-0.76093,0.4467,0.99553,N1,UC_vs_CD
FANCA,0.6938,2.1509,2.178,0.98755,0.32337,0.99553,N1,UC_vs_CD
TCF25,5.9907,0.16349,0.94281,0.1734,0.86233,0.99553,N1,UC_vs_CD
MC1R,0.16526,1.7355,4.296,0.40399,0.68622,0.99553,N1,UC_vs_CD
DEF8,1.2831,-0.24398,1.4622,-0.16686,0.86748,0.99553,N1,UC_vs_CD
FAM157C,1.0625,0.71266,1.3442,0.53018,0.59599,0.99553,N1,UC_vs_CD
DOC2B,0.12821,2.147,4.3394,0.49477,0.62076,0.99553,N1,UC_vs_CD
RPH3AL,0.035259,0.57985,4.1749,0.13889,0.88954,0.99553,N1,UC_vs_CD
RFLNB,2.0975,1.1296,1.0105,1.1178,0.26364,0.99553,N1,UC_vs_CD
VPS53,1.5393,1.3852,1.7953,0.77156,0.44037,0.99553,N1,UC_vs_CD
FAM57A,0.16001,1.7355,4.296,0.40399,0.68622,0.99553,N1,UC_vs_CD
GLOD4,0.39579,0.83656,2.333,0.35858,0.71991,0.99553,N1,UC_vs_CD
MRM3,0.16001,1.7355,4.296,0.40399,0.68622,0.99553,N1,UC_vs_CD
TIMM22,0.39383,1.2613,3.9508,0.31926,0.74953,0.99553,N1,UC_vs_CD
ABR,0.56327,-1.5683,1.7128,-0.9156,0.35988,0.99553,N1,UC_vs_CD
YWHAE,5.2998,-0.30297,0.96124,-0.31519,0.75262,0.99553,N1,UC_vs_CD
CRK,4.3031,-0.9196,0.74712,-1.2309,0.21837,0.99553,N1,UC_vs_CD
MYO1C,0.1476,-0.38372,3.978,-0.09646,0.92315,0.99553,N1,UC_vs_CD
INPP5K,0.86985,0.49619,1.4812,0.33499,0.73763,0.99553,N1,UC_vs_CD
PITPNA-AS1,0.55384,1.5712,3.9201,0.40081,0.68856,0.99553,N1,UC_vs_CD
PITPNA,5.3112,-0.61581,0.77642,-0.79314,0.42769,0.99553,N1,UC_vs_CD
SLC43A2,9.0628,0.40122,0.70882,0.56603,0.57137,0.99553,N1,UC_vs_CD
SCARF1,10.475,-0.24327,0.53877,-0.45152,0.65161,0.99553,N1,UC_vs_CD
RILP,0.50686,1.6418,2.0651,0.79503,0.4266,0.99553,N1,UC_vs_CD
PRPF8,2.2961,0.2525,1.2935,0.19521,0.84523,0.99553,N1,UC_vs_CD
TLCD2,0.39055,0.89302,3.8757,0.23042,0.81777,0.99553,N1,UC_vs_CD
MIR22HG,5.5081,-0.97707,0.83971,-1.1636,0.24459,0.99553,N1,UC_vs_CD
WDR81,0.035259,0.57985,4.1749,0.13889,0.88954,0.99553,N1,UC_vs_CD
SERPINF2,0.15185,1.7355,4.296,0.40399,0.68622,0.99553,N1,UC_vs_CD
SERPINF1,0.23906,0.79839,3.5646,0.22398,0.82277,0.99553,N1,UC_vs_CD
SMYD4,0.69006,1.9783,3.8998,0.50728,0.61196,0.99553,N1,UC_vs_CD
AC090617.5,0.070518,0.17302,4.0786,0.042422,0.96616,0.99553,N1,UC_vs_CD
HIC1,0.070518,0.17302,4.0786,0.042422,0.96616,0.99553,N1,UC_vs_CD
SMG6,0.54719,1.7045,2.6626,0.64015,0.52207,0.99553,N1,UC_vs_CD
TSR1,0.79688,2.7625,1.8644,1.4817,0.13841,0.99553,N1,UC_vs_CD
SGSM2,0.23381,0.79896,3.5449,0.22538,0.82168,0.99553,N1,UC_vs_CD
MNT,1.455,1.4603,1.3789,1.059,0.28959,0.99553,N1,UC_vs_CD
METTL16,0.26907,0.25928,2.2471,0.11538,0.90814,0.99553,N1,UC_vs_CD
PAFAH1B1,3.7978,-0.038019,1.0187,-0.03732,0.97023,0.99553,N1,UC_vs_CD
CLUH,0.41833,0.93522,3.469,0.26959,0.78747,0.99553,N1,UC_vs_CD
RAP1GAP2,0.23578,0.5275,3.4637,0.15229,0.87896,0.99553,N1,UC_vs_CD
TRPV3,0.81627,1.1475,1.7104,0.67093,0.50227,0.99553,N1,UC_vs_CD
SHPK,0.11463,0.076876,4.1956,0.018323,0.98538,0.99553,N1,UC_vs_CD
CTNS,0.73607,-1.22,2.5345,-0.48134,0.63027,0.99553,N1,UC_vs_CD
TAX1BP3,0.035259,0.57985,4.1749,0.13889,0.88954,0.99553,N1,UC_vs_CD
EMC6,1.5801,0.93769,2.849,0.32913,0.74206,0.99553,N1,UC_vs_CD
P2RX5,0.11463,0.076876,4.1956,0.018323,0.98538,0.99553,N1,UC_vs_CD
ITGAE,1.7249,1.3181,2.2346,0.58984,0.5553,0.99553,N1,UC_vs_CD
NCBP3,1.7594,1.5503,1.3005,1.1921,0.23324,0.99553,N1,UC_vs_CD
CAMKK1,0.20201,1.0374,3.076,0.33725,0.73593,0.99553,N1,UC_vs_CD
P2RX1,0.96363,2.9802,1.8006,1.6552,0.097893,0.99553,N1,UC_vs_CD
ATP2A3,2.668,1.6748,1.4462,1.158,0.24684,0.99553,N1,UC_vs_CD
ZZEF1,1.1737,0.14858,1.3317,0.11157,0.91117,0.99553,N1,UC_vs_CD
CYB5D2,0.0738,0.29634,4.1055,0.072182,0.94246,0.99553,N1,UC_vs_CD
ANKFY1,0.18843,-0.92039,3.1557,-0.29166,0.77055,0.99553,N1,UC_vs_CD
UBE2G1,0.80353,2.4912,2.7959,0.89101,0.37292,0.99553,N1,UC_vs_CD
MYBBP1A,0.035259,0.57985,4.1749,0.13889,0.88954,0.99553,N1,UC_vs_CD
GGT6,0.0738,0.29634,4.1055,0.072182,0.94246,0.99553,N1,UC_vs_CD
PELP1,0.10578,-0.14974,4.0165,-0.037281,0.97026,0.99553,N1,UC_vs_CD
ARRB2,22.538,-0.46332,0.43826,-1.0572,0.29043,0.99553,N1,UC_vs_CD
MED11,1.1588,0.15059,1.4968,0.10061,0.91986,0.99553,N1,UC_vs_CD
CXCL16,11.614,-0.55128,0.54372,-1.0139,0.31063,0.99553,N1,UC_vs_CD
ZMYND15,0.49898,1.5767,2.3522,0.67031,0.50266,0.99553,N1,UC_vs_CD
VMO1,0.16526,1.7355,4.296,0.40399,0.68622,0.99553,N1,UC_vs_CD
GLTPD2,0.0738,0.29634,4.1055,0.072182,0.94246,0.99553,N1,UC_vs_CD
PSMB6,5.5997,0.92284,1.2316,0.74931,0.45367,0.99553,N1,UC_vs_CD
AC233723.1,0.035259,0.57985,4.1749,0.13889,0.88954,0.99553,N1,UC_vs_CD
PLD2,0.035259,0.57985,4.1749,0.13889,0.88954,0.99553,N1,UC_vs_CD
MINK1,0.16526,1.7355,4.296,0.40399,0.68622,0.99553,N1,UC_vs_CD
CHRNE,0.24284,0.79513,3.6848,0.21578,0.82916,0.99553,N1,UC_vs_CD
C17orf107,1.0042,-0.18846,1.4368,-0.13116,0.89565,0.99553,N1,UC_vs_CD
GP1BA,0.035259,0.57985,4.1749,0.13889,0.88954,0.99553,N1,UC_vs_CD
SLC25A11,0.7815,0.95651,1.6692,0.57302,0.56663,0.99553,N1,UC_vs_CD
RNF167,1.6219,-0.53495,1.2176,-0.43937,0.66039,0.99553,N1,UC_vs_CD
PFN1,26.526,-1.0713,0.58692,-1.8252,0.067968,0.99553,N1,UC_vs_CD
ENO3,0.035259,0.57985,4.1749,0.13889,0.88954,0.99553,N1,UC_vs_CD
SPAG7,1.8983,3.8385,1.9972,1.9219,0.054618,0.99553,N1,UC_vs_CD
CAMTA2,0.23578,0.5275,3.4637,0.15229,0.87896,0.99553,N1,UC_vs_CD
AC004771.2,0.11463,0.076876,4.1956,0.018323,0.98538,0.99553,N1,UC_vs_CD
KIF1C,0.42276,0.78781,4.0144,0.19624,0.84442,0.99553,N1,UC_vs_CD
ZNF232,0.16001,1.7355,4.296,0.40399,0.68622,0.99553,N1,UC_vs_CD
USP6,0.69397,1.615,1.8366,0.87939,0.37919,0.99553,N1,UC_vs_CD
SCIMP,0.45556,2.3509,4.1642,0.56455,0.57238,0.99553,N1,UC_vs_CD
RABEP1,0.57049,-0.3486,1.7416,-0.20016,0.84136,0.99553,N1,UC_vs_CD
NUP88,0.16526,1.7355,4.296,0.40399,0.68622,0.99553,N1,UC_vs_CD
RPAIN,1.6224,1.7309,1.2523,1.3822,0.16692,0.99553,N1,UC_vs_CD
C1QBP,0.62993,0.56353,2.5519,0.22083,0.82522,0.99553,N1,UC_vs_CD
DERL2,2.0809,0.71416,1.2622,0.56581,0.57152,0.99553,N1,UC_vs_CD
MIS12,0.54568,1.5769,2.5723,0.61302,0.53986,0.99553,N1,UC_vs_CD
NLRP1,1.5935,-0.11966,1.4089,-0.08493,0.93232,0.99553,N1,UC_vs_CD
PIMREG,0.16001,1.7355,4.296,0.40399,0.68622,0.99553,N1,UC_vs_CD
KIAA0753,0.16001,1.7355,4.296,0.40399,0.68622,0.99553,N1,UC_vs_CD
TXNDC17,5.3269,1.2458,1.0857,1.1474,0.25122,0.99553,N1,UC_vs_CD
MED31,1.3662,0.75673,1.3705,0.55214,0.58085,0.99553,N1,UC_vs_CD
C17orf100,0.15185,1.7355,4.296,0.40399,0.68622,0.99553,N1,UC_vs_CD
XAF1,2.1666,-2.0917,1.188,-1.7607,0.078286,0.99553,N1,UC_vs_CD
ALOX12-AS1,0.64478,-0.70034,1.5303,-0.45765,0.6472,0.99553,N1,UC_vs_CD
AC040977.1,0.5259,-0.61297,1.6665,-0.36782,0.71301,0.99553,N1,UC_vs_CD
RNASEK,4.6783,-1.8471,0.94555,-1.9535,0.050759,0.99553,N1,UC_vs_CD
C17orf49,0.2204,-1.2419,2.9599,-0.41958,0.67479,0.99553,N1,UC_vs_CD
CLEC10A,0.11463,0.076876,4.1956,0.018323,0.98538,0.99553,N1,UC_vs_CD
ASGR2,0.31712,2.1207,3.0327,0.69927,0.48438,0.99553,N1,UC_vs_CD
ASGR1,0.15185,1.7355,4.296,0.40399,0.68622,0.99553,N1,UC_vs_CD
ACADVL,1.7313,-0.86443,1.4353,-0.60228,0.54699,0.99553,N1,UC_vs_CD
DVL2,0.22237,0.52589,3.4052,0.15444,0.87726,0.99553,N1,UC_vs_CD
PHF23,0.45193,-0.74655,2.1826,-0.34204,0.73232,0.99553,N1,UC_vs_CD
GABARAP,3.6178,-1.8211,1.0866,-1.676,0.093743,0.99553,N1,UC_vs_CD
CTDNEP1,1.9265,-0.31347,1.5519,-0.20199,0.83992,0.99553,N1,UC_vs_CD
ELP5,0.56959,1.592,3.9179,0.40634,0.68449,0.99553,N1,UC_vs_CD
CLDN7,0.18514,-0.97652,2.8755,-0.3396,0.73416,0.99553,N1,UC_vs_CD
EIF5A,2.8576,0.31345,0.84939,0.36903,0.71211,0.99553,N1,UC_vs_CD
GPS2,0.25666,-0.90316,2.8674,-0.31497,0.75278,0.99553,N1,UC_vs_CD
ACAP1,2.9167,1.1079,1.5336,0.72241,0.47004,0.99553,N1,UC_vs_CD
KCTD11,0.16526,1.7355,4.296,0.40399,0.68622,0.99553,N1,UC_vs_CD
TMEM256,1.8332,1.9828,2.1165,0.93681,0.34885,0.99553,N1,UC_vs_CD
ZBTB4,0.46763,0.3297,3.791,0.086968,0.9307,0.99553,N1,UC_vs_CD
POLR2A,3.0619,-0.84377,1.4666,-0.5753,0.56509,0.99553,N1,UC_vs_CD
AC016876.3,0.035259,0.57985,4.1749,0.13889,0.88954,0.99553,N1,UC_vs_CD
SENP3,0.0738,0.29634,4.1055,0.072182,0.94246,0.99553,N1,UC_vs_CD
EIF4A1,4.8402,0.29643,0.74545,0.39765,0.69089,0.99553,N1,UC_vs_CD
CD68,3.9744,0.52821,1.0914,0.48396,0.62841,0.99553,N1,UC_vs_CD
AC016876.1,0.20052,0.9601,3.1736,0.30253,0.76225,0.99553,N1,UC_vs_CD
MPDU1,1.2726,3.3567,1.8061,1.8585,0.063098,0.99553,N1,UC_vs_CD
FXR2,0.23906,0.79839,3.5646,0.22398,0.82277,0.99553,N1,UC_vs_CD
SAT2,1.68,2.1597,1.5393,1.4031,0.16058,0.99553,N1,UC_vs_CD
TP53,0.62701,0.52824,1.6851,0.31348,0.75392,0.99553,N1,UC_vs_CD
KDM6B,34.247,-1.401,0.64303,-2.1788,0.02935,0.99553,N1,UC_vs_CD
TMEM88,1.4936,-0.26801,1.3697,-0.19566,0.84487,0.99553,N1,UC_vs_CD
NAA38,3.3496,1.4584,1.3168,1.1075,0.26808,0.99553,N1,UC_vs_CD
CYB5D1,1.5033,-0.15078,1.3256,-0.11374,0.90944,0.99553,N1,UC_vs_CD
CHD3,0.18711,0.95949,3.1139,0.30814,0.75798,0.99553,N1,UC_vs_CD
RNF227,0.035259,0.57985,4.1749,0.13889,0.88954,0.99553,N1,UC_vs_CD
KCNAB3,0.0738,0.29634,4.1055,0.072182,0.94246,0.99553,N1,UC_vs_CD
TRAPPC1,3.7081,0.19788,0.77373,0.25575,0.79814,0.99553,N1,UC_vs_CD
CNTROB,0.0738,0.29634,4.1055,0.072182,0.94246,0.99553,N1,UC_vs_CD
ALOX15B,0.15185,1.7355,4.296,0.40399,0.68622,0.99553,N1,UC_vs_CD
PER1,1.584,-0.36382,1.0612,-0.34285,0.73171,0.99553,N1,UC_vs_CD
VAMP2,5.5326,-1.051,0.6781,-1.5499,0.12116,0.99553,N1,UC_vs_CD
TMEM107,1.3204,1.0626,1.784,0.59563,0.55142,0.99553,N1,UC_vs_CD
BORCS6,0.38193,1.2016,3.5543,0.33806,0.73532,0.99553,N1,UC_vs_CD
AURKB,0.16001,1.7355,4.296,0.40399,0.68622,0.99553,N1,UC_vs_CD
LINC00324,0.26579,0.22466,3.6635,0.061323,0.9511,0.99553,N1,UC_vs_CD
CTC1,0.16526,1.7355,4.296,0.40399,0.68622,0.99553,N1,UC_vs_CD
PFAS,0.035259,0.57985,4.1749,0.13889,0.88954,0.99553,N1,UC_vs_CD
RANGRF,0.38193,1.2016,3.5543,0.33806,0.73532,0.99553,N1,UC_vs_CD
RPL26,40.956,0.79399,0.74488,1.0659,0.28645,0.99553,N1,UC_vs_CD
RNF222,0.11463,0.076876,4.1956,0.018323,0.98538,0.99553,N1,UC_vs_CD
NDEL1,3.2828,0.042461,0.88698,0.047872,0.96182,0.99553,N1,UC_vs_CD
PIK3R6,0.11463,0.076876,4.1956,0.018323,0.98538,0.99553,N1,UC_vs_CD
PIK3R5,4.1334,-0.22782,0.79985,-0.28483,0.77578,0.99553,N1,UC_vs_CD
AC002091.2,0.10578,-0.14974,4.0165,-0.037281,0.97026,0.99553,N1,UC_vs_CD
AC002091.1,0.070518,0.17302,4.0786,0.042422,0.96616,0.99553,N1,UC_vs_CD
STX8,0.90622,1.2302,1.685,0.73011,0.46532,0.99553,N1,UC_vs_CD
GAS7,1.1589,-2.5696,1.8739,-1.3712,0.1703,0.99553,N1,UC_vs_CD
SCO1,0.16001,1.7355,4.296,0.40399,0.68622,0.99553,N1,UC_vs_CD
ZNF18,0.19527,0.95987,3.1507,0.30465,0.76063,0.99553,N1,UC_vs_CD
MAP2K4,0.27253,0.40043,1.9238,0.20815,0.83511,0.99553,N1,UC_vs_CD
ARHGAP44,0.0738,0.29634,4.1055,0.072182,0.94246,0.99553,N1,UC_vs_CD
HS3ST3B1,0.78951,-0.11035,1.7699,-0.062346,0.95029,0.99553,N1,UC_vs_CD
AC005224.3,1.2892,1.4183,1.8479,0.76752,0.44277,0.99553,N1,UC_vs_CD
AC005703.4,0.16001,1.7355,4.296,0.40399,0.68622,0.99553,N1,UC_vs_CD
TVP23C,0.035259,0.57985,4.1749,0.13889,0.88954,0.99553,N1,UC_vs_CD
AC005838.2,0.70196,2.1978,2.8649,0.76715,0.44299,0.99553,N1,UC_vs_CD
ZSWIM7,0.22237,0.52589,3.4052,0.15444,0.87726,0.99553,N1,UC_vs_CD
TTC19,0.69248,-0.23788,1.9681,-0.12086,0.9038,0.99553,N1,UC_vs_CD
NCOR1,1.9115,0.60585,1.0491,0.5775,0.5636,0.99553,N1,UC_vs_CD
AC002553.1,0.15185,1.7355,4.296,0.40399,0.68622,0.99553,N1,UC_vs_CD
PIGL,0.16001,1.7355,4.296,0.40399,0.68622,0.99553,N1,UC_vs_CD
UBB,24.957,1.0544,0.524,2.0121,0.044207,0.99553,N1,UC_vs_CD
AC093484.2,0.12821,2.147,4.3394,0.49477,0.62076,0.99553,N1,UC_vs_CD
TRPV2,0.42093,0.63221,1.939,0.32605,0.74438,0.99553,N1,UC_vs_CD
LRRC75A,0.54339,-0.15415,1.7989,-0.08569,0.93171,0.99553,N1,UC_vs_CD
TNFRSF13B,1.1597,0.63026,2.2291,0.28274,0.77738,0.99553,N1,UC_vs_CD
AC104024.1,0.23381,0.79896,3.5449,0.22538,0.82168,0.99553,N1,UC_vs_CD
MPRIP,0.64006,2.5648,4.1315,0.62078,0.53474,0.99553,N1,UC_vs_CD
MPRIP-AS1,0.18711,0.95949,3.1139,0.30814,0.75798,0.99553,N1,UC_vs_CD
PLD6,0.16347,1.3862,2.7687,0.50066,0.61661,0.99553,N1,UC_vs_CD
FLCN,2.971,-0.088213,1.2306,-0.071683,0.94285,0.99553,N1,UC_vs_CD
AC055811.3,0.37751,1.2275,3.9546,0.3104,0.75626,0.99553,N1,UC_vs_CD
COPS3,0.87096,1.9566,2.0536,0.95276,0.34071,0.99553,N1,UC_vs_CD
MED9,0.23906,0.79839,3.5646,0.22398,0.82277,0.99553,N1,UC_vs_CD
RASD1,0.63842,0.1352,2.7807,0.048622,0.96122,0.99553,N1,UC_vs_CD
SMCR5,0.1476,-0.38372,3.978,-0.09646,0.92315,0.99553,N1,UC_vs_CD
SREBF1,0.65346,-1.8166,1.7697,-1.0265,0.30465,0.99553,N1,UC_vs_CD
TOM1L2,0.16001,1.7355,4.296,0.40399,0.68622,0.99553,N1,UC_vs_CD
ATPAF2,0.15185,1.7355,4.296,0.40399,0.68622,0.99553,N1,UC_vs_CD
DRG2,0.16001,1.7355,4.296,0.40399,0.68622,0.99553,N1,UC_vs_CD
MYO15A,0.035259,0.57985,4.1749,0.13889,0.88954,0.99553,N1,UC_vs_CD
AC087164.1,0.15185,1.7355,4.296,0.40399,0.68622,0.99553,N1,UC_vs_CD
ALKBH5,0.5891,0.82201,2.723,0.30187,0.76275,0.99553,N1,UC_vs_CD
FLII,0.65543,-0.81361,1.6188,-0.50261,0.61524,0.99553,N1,UC_vs_CD
TOP3A,0.57461,1.3038,2.7916,0.46703,0.64048,0.99553,N1,UC_vs_CD
SMCR8,0.82377,-0.42978,1.5512,-0.27707,0.78172,0.99553,N1,UC_vs_CD
TVP23B,0.62177,0.53415,1.8711,0.28548,0.77528,0.99553,N1,UC_vs_CD
AC107982.3,0.035259,0.57985,4.1749,0.13889,0.88954,0.99553,N1,UC_vs_CD
PRPSAP2,0.0738,0.29634,4.1055,0.072182,0.94246,0.99553,N1,UC_vs_CD
GRAP,0.15185,1.7355,4.296,0.40399,0.68622,0.99553,N1,UC_vs_CD
AC007952.4,2.8181,2.8273,1.6488,1.7148,0.086387,0.99553,N1,UC_vs_CD
EPN2,0.51014,1.8408,2.2845,0.80577,0.42038,0.99553,N1,UC_vs_CD
B9D1,0.74278,1.7152,2.8794,0.59568,0.55139,0.99553,N1,UC_vs_CD
MAPK7,0.035259,0.57985,4.1749,0.13889,0.88954,0.99553,N1,UC_vs_CD
RNF112,0.16526,1.7355,4.296,0.40399,0.68622,0.99553,N1,UC_vs_CD
ALDH3A2,0.16526,1.7355,4.296,0.40399,0.68622,0.99553,N1,UC_vs_CD
ULK2,0.16526,1.7355,4.296,0.40399,0.68622,0.99553,N1,UC_vs_CD
AKAP10,0.30174,-0.14619,2.2488,-0.065009,0.94817,0.99553,N1,UC_vs_CD
SPECC1,0.27989,0.51131,3.2798,0.1559,0.87612,0.99553,N1,UC_vs_CD
USP22,0.85686,-0.10069,2.959,-0.034028,0.97285,0.99553,N1,UC_vs_CD
TMEM11,0.47713,2.3914,2.4574,0.97316,0.33048,0.99553,N1,UC_vs_CD
NATD1,0.6135,3.1367,2.5756,1.2178,0.22328,0.99553,N1,UC_vs_CD
MAP2K3,9.9181,-0.029182,0.79017,-0.036931,0.97054,0.99553,N1,UC_vs_CD
MTRNR2L1,6.5048,3.2963,1.7088,1.9291,0.053724,0.99553,N1,UC_vs_CD
WSB1,33.633,-0.7855,0.53482,-1.4687,0.1419,0.99553,N1,UC_vs_CD
KSR1,0.35386,1.5544,2.4165,0.64324,0.52007,0.99553,N1,UC_vs_CD
LGALS9,0.71409,0.061137,1.6545,0.036953,0.97052,0.99553,N1,UC_vs_CD
NOS2,0.30813,2.1491,4.3393,0.49527,0.62041,0.99553,N1,UC_vs_CD
NLK,0.82848,0.57026,2.8477,0.20025,0.84128,0.99553,N1,UC_vs_CD
IFT20,1.9975,-1.3104,1.1242,-1.1656,0.24378,0.99553,N1,UC_vs_CD
TNFAIP1,0.38912,1.0711,1.8878,0.56736,0.57047,0.99553,N1,UC_vs_CD
POLDIP2,0.40285,1.3214,2.5368,0.52089,0.60244,0.99553,N1,UC_vs_CD
TMEM199,0.1476,-0.38372,3.978,-0.09646,0.92315,0.99553,N1,UC_vs_CD
UNC119,0.40851,-0.56726,2.3633,-0.24003,0.81031,0.99553,N1,UC_vs_CD
PIGS,0.0738,0.29634,4.1055,0.072182,0.94246,0.99553,N1,UC_vs_CD
ALDOC,0.12821,2.147,4.3394,0.49477,0.62076,0.99553,N1,UC_vs_CD
SPAG5,0.31187,2.1139,3.0197,0.70005,0.48389,0.99553,N1,UC_vs_CD
AC005726.5,0.43174,0.90967,2.2741,0.40001,0.68915,0.99553,N1,UC_vs_CD
SGK494,0.7144,1.6531,1.5867,1.0419,0.29747,0.99553,N1,UC_vs_CD
KIAA0100,0.4399,0.91987,2.2834,0.40285,0.68706,0.99553,N1,UC_vs_CD
SDF2,3.4518,-0.44305,0.89987,-0.49235,0.62247,0.99553,N1,UC_vs_CD
SUPT6H,4.0661,0.18662,0.71188,0.26216,0.7932,0.99553,N1,UC_vs_CD
RPL23A,30.027,0.66155,1.0679,0.61948,0.5356,0.99553,N1,UC_vs_CD
TLCD1,0.10906,-0.1236,2.6028,-0.047487,0.96213,0.99553,N1,UC_vs_CD
NEK8,0.0738,0.29634,4.1055,0.072182,0.94246,0.99553,N1,UC_vs_CD
TRAF4,0.12821,2.147,4.3394,0.49477,0.62076,0.99553,N1,UC_vs_CD
ERAL1,0.16001,1.7355,4.296,0.40399,0.68622,0.99553,N1,UC_vs_CD
FLOT2,3.9583,0.28586,1.0885,0.26261,0.79285,0.99553,N1,UC_vs_CD
DHRS13,0.30305,-1.5435,3.2854,-0.4698,0.6385,0.99553,N1,UC_vs_CD
PHF12,0.83767,1.971,1.8998,1.0375,0.29951,0.99553,N1,UC_vs_CD
PIPOX,0.035259,0.57985,4.1749,0.13889,0.88954,0.99553,N1,UC_vs_CD
TIAF1,0.16001,1.7355,4.296,0.40399,0.68622,0.99553,N1,UC_vs_CD
NUFIP2,2.5292,-0.20451,0.95206,-0.21481,0.82991,0.99553,N1,UC_vs_CD
TAOK1,2.2405,-0.92729,1.679,-0.5523,0.58074,0.99553,N1,UC_vs_CD
ABHD15,0.22565,0.79989,3.5133,0.22768,0.8199,0.99553,N1,UC_vs_CD
GIT1,0.11463,0.076876,4.1956,0.018323,0.98538,0.99553,N1,UC_vs_CD
SSH2,3.2916,0.2415,0.77617,0.31114,0.7557,0.99553,N1,UC_vs_CD
AC023389.1,0.035259,0.57985,4.1749,0.13889,0.88954,0.99553,N1,UC_vs_CD
EFCAB5,0.16526,1.7355,4.296,0.40399,0.68622,0.99553,N1,UC_vs_CD
NSRP1,1.3936,-0.50812,1.268,-0.40073,0.68862,0.99553,N1,UC_vs_CD
AC104984.3,0.26907,0.25928,2.2471,0.11538,0.90814,0.99553,N1,UC_vs_CD
AC104984.6,0.16001,1.7355,4.296,0.40399,0.68622,0.99553,N1,UC_vs_CD
BLMH,0.47188,2.3759,3.1692,0.74969,0.45344,0.99553,N1,UC_vs_CD
CPD,19.339,-0.53171,0.78653,-0.67602,0.49903,0.99553,N1,UC_vs_CD
GOSR1,1.929,0.75864,1.2586,0.60276,0.54667,0.99553,N1,UC_vs_CD
AC127024.2,0.16526,1.7355,4.296,0.40399,0.68622,0.99553,N1,UC_vs_CD
CRLF3,0.75474,-0.014345,1.6503,-0.0086923,0.99306,0.99968,N1,UC_vs_CD
AC127024.5,0.035259,0.57985,4.1749,0.13889,0.88954,0.99553,N1,UC_vs_CD
ATAD5,0.035259,0.57985,4.1749,0.13889,0.88954,0.99553,N1,UC_vs_CD
TEFM,0.32528,2.1316,3.0535,0.69809,0.48512,0.99553,N1,UC_vs_CD
RNF135,0.19873,0.93233,2.7996,0.33302,0.73912,0.99553,N1,UC_vs_CD
NF1,1.4525,-0.68582,1.3032,-0.52627,0.5987,0.99553,N1,UC_vs_CD
EVI2B,13.884,0.19894,0.72844,0.27311,0.78477,0.99553,N1,UC_vs_CD
EVI2A,3.5919,0.14155,1.1326,0.12498,0.90054,0.99553,N1,UC_vs_CD
RAB11FIP4,0.94119,1.4117,1.4032,1.006,0.31441,0.99553,N1,UC_vs_CD
UTP6,0.31712,2.1207,3.0327,0.69927,0.48438,0.99553,N1,UC_vs_CD
SUZ12,2.3917,0.52409,1.1986,0.43726,0.66192,0.99553,N1,UC_vs_CD
LRRC37B,0.32003,2.1244,4.2058,0.50511,0.61349,0.99553,N1,UC_vs_CD
AC116407.1,0.070518,0.17302,4.0786,0.042422,0.96616,0.99553,N1,UC_vs_CD
RHOT1,1.0567,-0.57177,2.0457,-0.2795,0.77986,0.99553,N1,UC_vs_CD
C17orf75,0.78001,3.2818,2.7295,1.2023,0.22924,0.99553,N1,UC_vs_CD
ZNF207,7.5054,0.33251,0.68382,0.48626,0.62678,0.99553,N1,UC_vs_CD
PSMD11,1.7416,1.0646,1.2121,0.87838,0.37974,0.99553,N1,UC_vs_CD
CDK5R1,0.25642,2.6071,4.3292,0.60222,0.54703,0.99553,N1,UC_vs_CD
MYO1D,0.0738,0.29634,4.1055,0.072182,0.94246,0.99553,N1,UC_vs_CD
CCL2,3.8817,0.094101,2.224,0.042311,0.96625,0.99553,N1,UC_vs_CD
CCL7,0.49579,2.3994,4.1562,0.57731,0.56373,0.99553,N1,UC_vs_CD
CCT6B,0.035259,0.57985,4.1749,0.13889,0.88954,0.99553,N1,UC_vs_CD
ZNF830,0.66655,-0.95376,2.7996,-0.34068,0.73334,0.99553,N1,UC_vs_CD
LIG3,0.26579,0.22466,3.6635,0.061323,0.9511,0.99553,N1,UC_vs_CD
RFFL,1.2689,-0.057174,1.195,-0.047846,0.96184,0.99553,N1,UC_vs_CD
RAD51D,0.45999,2.6284,3.7508,0.70074,0.48347,0.99553,N1,UC_vs_CD
SLFN5,0.57952,1.1092,2.7193,0.40791,0.68334,0.99553,N1,UC_vs_CD
SLFN11,0.51487,0.38395,2.6261,0.1462,0.88376,0.99553,N1,UC_vs_CD
SLFN12,0.33052,2.1419,4.2023,0.5097,0.61026,0.99553,N1,UC_vs_CD
SLFN13,0.32003,2.1244,4.2058,0.50511,0.61349,0.99553,N1,UC_vs_CD
LINC02001,0.18286,-0.58992,2.6976,-0.21868,0.8269,0.99553,N1,UC_vs_CD
AP2B1,0.76546,-0.84117,1.4919,-0.56382,0.57288,0.99553,N1,UC_vs_CD
TAF15,1.191,2.1182,2.163,0.97929,0.32744,0.99553,N1,UC_vs_CD
CCL5,2.0619,1.444,2.341,0.6168,0.53736,0.99553,N1,UC_vs_CD
CCL23,0.15185,1.7355,4.296,0.40399,0.68622,0.99553,N1,UC_vs_CD
CCL18,0.035259,0.57985,4.1749,0.13889,0.88954,0.99553,N1,UC_vs_CD
AC243829.4,0.27104,0.22533,3.684,0.061164,0.95123,0.99553,N1,UC_vs_CD
CCL3,200.45,-1.2948,1.5127,-0.85591,0.39205,0.99553,N1,UC_vs_CD
CCL4,258.85,-1.4508,1.2243,-1.185,0.23601,0.99553,N1,UC_vs_CD
AC243829.1,0.32003,2.1244,4.2058,0.50511,0.61349,0.99553,N1,UC_vs_CD
CCL3L1,232.63,-0.53161,1.1426,-0.46526,0.64174,0.99553,N1,UC_vs_CD
CCL4L2,340.97,-1.4378,1.7918,-0.80243,0.4223,0.99553,N1,UC_vs_CD
ZNHIT3,0.54896,-0.28755,1.693,-0.16984,0.86513,0.99553,N1,UC_vs_CD
MYO19,0.16001,1.7355,4.296,0.40399,0.68622,0.99553,N1,UC_vs_CD
GGNBP2,2.0136,0.17658,1.2689,0.13916,0.88932,0.99553,N1,UC_vs_CD
DHRS11,0.0738,0.29634,4.1055,0.072182,0.94246,0.99553,N1,UC_vs_CD
AATF,1.4118,1.1929,2.333,0.51132,0.60913,0.99553,N1,UC_vs_CD
ACACA,0.16001,1.7355,4.296,0.40399,0.68622,0.99553,N1,UC_vs_CD
TADA2A,0.11463,0.076876,4.1956,0.018323,0.98538,0.99553,N1,UC_vs_CD
SYNRG,1.4346,0.040725,1.1384,0.035775,0.97146,0.99553,N1,UC_vs_CD
DDX52,0.42766,0.79337,2.488,0.31887,0.74982,0.99553,N1,UC_vs_CD
TBC1D3D,0.035259,0.57985,4.1749,0.13889,0.88954,0.99553,N1,UC_vs_CD
MRPL45,0.19527,0.95987,3.1507,0.30465,0.76063,0.99553,N1,UC_vs_CD
SOCS7,0.18711,0.95949,3.1139,0.30814,0.75798,0.99553,N1,UC_vs_CD
AC006449.6,0.92419,-1.5764,1.595,-0.9883,0.323,0.99553,N1,UC_vs_CD
AC006449.2,0.15185,1.7355,4.296,0.40399,0.68622,0.99553,N1,UC_vs_CD
MLLT6,3.2079,-0.69295,0.95309,-0.72706,0.46719,0.99553,N1,UC_vs_CD
CISD3,0.40432,1.2823,3.9485,0.32476,0.74536,0.99553,N1,UC_vs_CD
PCGF2,0.12821,2.147,4.3394,0.49477,0.62076,0.99553,N1,UC_vs_CD
PSMB3,10.377,0.74829,0.64982,1.1515,0.24951,0.99553,N1,UC_vs_CD
PIP4K2B,0.0738,0.29634,4.1055,0.072182,0.94246,0.99553,N1,UC_vs_CD
CWC25,3.4574,-1.3059,0.90929,-1.4362,0.15096,0.99553,N1,UC_vs_CD
RPL23,21.165,1.1623,0.79007,1.4712,0.14125,0.99553,N1,UC_vs_CD
LASP1,3.5539,-0.24383,0.87839,-0.27759,0.78133,0.99553,N1,UC_vs_CD
RPL19,70.689,1.2818,0.93592,1.3696,0.17081,0.99553,N1,UC_vs_CD
FBXL20,0.10906,-0.1236,2.6028,-0.047487,0.96213,0.99553,N1,UC_vs_CD
MED1,0.91572,1.8097,2.8788,0.62864,0.52958,0.99553,N1,UC_vs_CD
CDK12,1.4371,-0.53215,1.4035,-0.37916,0.70457,0.99553,N1,UC_vs_CD
STARD3,0.6088,2.5859,1.9884,1.3005,0.19344,0.99553,N1,UC_vs_CD
MIEN1,2.0515,-0.75748,1.0629,-0.71268,0.47604,0.99553,N1,UC_vs_CD
IKZF3,0.56379,-0.69596,2.4317,-0.28621,0.77472,0.99553,N1,UC_vs_CD
GSDMB,0.0738,0.29634,4.1055,0.072182,0.94246,0.99553,N1,UC_vs_CD
ORMDL3,0.18843,-0.92039,3.1557,-0.29166,0.77055,0.99553,N1,UC_vs_CD
PSMD3,0.61066,-1.7524,2.557,-0.68532,0.49314,0.99553,N1,UC_vs_CD
CSF3,0.11463,0.076876,4.1956,0.018323,0.98538,0.99553,N1,UC_vs_CD
MED24,0.11463,0.076876,4.1956,0.018323,0.98538,0.99553,N1,UC_vs_CD
THRA,0.25009,-0.93829,2.6527,-0.35371,0.72355,0.99553,N1,UC_vs_CD
NR1D1,0.98807,-2.3665,1.6088,-1.471,0.1413,0.99553,N1,UC_vs_CD
MSL1,5.109,0.0038162,0.86247,0.0044247,0.99647,0.99979,N1,UC_vs_CD
CASC3,1.1812,-0.55363,1.2776,-0.43333,0.66478,0.99553,N1,UC_vs_CD
RAPGEFL1,0.32003,2.1244,4.2058,0.50511,0.61349,0.99553,N1,UC_vs_CD
WIPF2,2.186,-0.83717,1.1068,-0.7564,0.44941,0.99553,N1,UC_vs_CD
CDC6,0.45999,2.6284,3.7508,0.70074,0.48347,0.99553,N1,UC_vs_CD
RARA,3.4008,-0.7507,0.91247,-0.82271,0.41067,0.99553,N1,UC_vs_CD
RARA-AS1,0.6192,1.0051,1.7345,0.57949,0.56226,0.99553,N1,UC_vs_CD
TOP2A,0.32528,2.1316,3.0535,0.69809,0.48512,0.99553,N1,UC_vs_CD
CCR7,0.45556,2.3509,4.1642,0.56455,0.57238,0.99553,N1,UC_vs_CD
SMARCE1,0.54194,1.7047,2.6528,0.64262,0.52047,0.99553,N1,UC_vs_CD
KRT10,1.331,-1.5276,1.731,-0.88251,0.3775,0.99553,N1,UC_vs_CD
KRT20,0.25894,-1.4133,2.0923,-0.67547,0.49937,0.99553,N1,UC_vs_CD
KRT23,2.8449,-0.44001,1.1903,-0.36966,0.71163,0.99553,N1,UC_vs_CD
KRT19,0.95831,-0.16047,1.5103,-0.10625,0.91539,0.99553,N1,UC_vs_CD
EIF1,171.96,-0.40574,0.40692,-0.9971,0.31872,0.99553,N1,UC_vs_CD
JUP,0.45999,2.6284,3.7508,0.70074,0.48347,0.99553,N1,UC_vs_CD
NT5C3B,0.11463,0.076876,4.1956,0.018323,0.98538,0.99553,N1,UC_vs_CD
ACLY,0.4549,-0.96531,2.3929,-0.40341,0.68665,0.99553,N1,UC_vs_CD
CNP,0.51191,0.082628,1.7065,0.04842,0.96138,0.99553,N1,UC_vs_CD
DNAJC7,2.839,0.69766,1.4732,0.47357,0.63581,0.99553,N1,UC_vs_CD
NKIRAS2,0.68924,0.45573,2.9067,0.15678,0.87542,0.99553,N1,UC_vs_CD
DHX58,0.46306,-0.96594,2.4073,-0.40126,0.68823,0.99553,N1,UC_vs_CD
KAT2A,0.16001,1.7355,4.296,0.40399,0.68622,0.99553,N1,UC_vs_CD
RAB5C,6.777,0.23465,0.59535,0.39414,0.69348,0.99553,N1,UC_vs_CD
GHDC,0.16001,1.7355,4.296,0.40399,0.68622,0.99553,N1,UC_vs_CD
STAT5B,3.5794,-0.68624,1.2086,-0.5678,0.57017,0.99553,N1,UC_vs_CD
STAT5A,1.7142,0.63189,1.4003,0.45127,0.6518,0.99553,N1,UC_vs_CD
STAT3,17.462,-0.76805,0.54376,-1.4125,0.15781,0.99553,N1,UC_vs_CD
ATP6V0A1,1.1995,0.81388,1.255,0.6485,0.51666,0.99553,N1,UC_vs_CD
NAGLU,0.16526,1.7355,4.296,0.40399,0.68622,0.99553,N1,UC_vs_CD
AC067852.2,0.0738,0.29634,4.1055,0.072182,0.94246,0.99553,N1,UC_vs_CD
COASY,0.26648,0.49292,3.2388,0.15219,0.87904,0.99553,N1,UC_vs_CD
MLX,0.49632,0.0056573,3.7609,0.0015043,0.9988,0.99979,N1,UC_vs_CD
RETREG3,0.31712,2.1207,3.0327,0.69927,0.48438,0.99553,N1,UC_vs_CD
TUBG1,0.035259,0.57985,4.1749,0.13889,0.88954,0.99553,N1,UC_vs_CD
PLEKHH3,0.30813,2.1491,4.3393,0.49527,0.62041,0.99553,N1,UC_vs_CD
CCR10,0.11463,0.076876,4.1956,0.018323,0.98538,0.99553,N1,UC_vs_CD
CNTNAP1,0.16526,1.7355,4.296,0.40399,0.68622,0.99553,N1,UC_vs_CD
EZH1,0.62719,2.3249,2.0207,1.1506,0.24991,0.99553,N1,UC_vs_CD
VPS25,1.0764,4.0047,2.9766,1.3454,0.1785,0.99553,N1,UC_vs_CD
COA3,0.81527,2.5253,2.1321,1.1844,0.23626,0.99553,N1,UC_vs_CD
BECN1,1.2356,-1.4404,1.3148,-1.0956,0.27327,0.99553,N1,UC_vs_CD
PSME3,0.71409,0.061137,1.6545,0.036953,0.97052,0.99553,N1,UC_vs_CD
AOC2,0.12821,2.147,4.3394,0.49477,0.62076,0.99553,N1,UC_vs_CD
LINC00671,0.16526,1.7355,4.296,0.40399,0.68622,0.99553,N1,UC_vs_CD
RUNDC1,0.43433,0.64014,1.946,0.32895,0.74219,0.99553,N1,UC_vs_CD
RPL27,15.828,1.1882,0.91125,1.304,0.19224,0.99553,N1,UC_vs_CD
IFI35,2.2483,-0.89861,1.2254,-0.73331,0.46337,0.99553,N1,UC_vs_CD
VAT1,0.10906,-0.1236,2.6028,-0.047487,0.96213,0.99553,N1,UC_vs_CD
BRCA1,0.3099,-0.14541,2.2609,-0.064314,0.94872,0.99553,N1,UC_vs_CD
AC060780.1,0.0738,0.29634,4.1055,0.072182,0.94246,0.99553,N1,UC_vs_CD
NBR1,1.5236,1.4926,1.2792,1.1668,0.24328,0.99553,N1,UC_vs_CD
TMEM106A,1.233,2.2231,1.7986,1.236,0.21645,0.99553,N1,UC_vs_CD
ARL4D,0.16001,1.7355,4.296,0.40399,0.68622,0.99553,N1,UC_vs_CD
DHX8,1.0374,0.80889,1.5621,0.51781,0.60459,0.99553,N1,UC_vs_CD
DUSP3,1.4571,-0.98528,1.1423,-0.86255,0.38838,0.99553,N1,UC_vs_CD
PYY,0.035259,0.57985,4.1749,0.13889,0.88954,0.99553,N1,UC_vs_CD
TMEM101,0.59636,3.2451,2.5915,1.2522,0.21049,0.99553,N1,UC_vs_CD
LSM12,0.86995,-0.68769,1.9202,-0.35814,0.72024,0.99553,N1,UC_vs_CD
G6PC3,0.22925,-0.75796,4.1396,-0.1831,0.85472,0.99553,N1,UC_vs_CD
HDAC5,0.69528,0.2332,1.5959,0.14612,0.88382,0.99553,N1,UC_vs_CD
ASB16-AS1,0.16001,1.7355,4.296,0.40399,0.68622,0.99553,N1,UC_vs_CD
TMUB2,1.9244,0.69458,0.9869,0.7038,0.48156,0.99553,N1,UC_vs_CD
ATXN7L3,0.78295,-0.21015,1.3796,-0.15233,0.87893,0.99553,N1,UC_vs_CD
UBTF,0.70033,-0.86166,1.6298,-0.5287,0.59702,0.99553,N1,UC_vs_CD
SLC25A39,0.25894,-1.4133,2.0923,-0.67547,0.49937,0.99553,N1,UC_vs_CD
GRN,7.0193,0.26596,0.72001,0.36939,0.71184,0.99553,N1,UC_vs_CD
GPATCH8,1.7026,2.5937,2.0601,1.259,0.20802,0.99553,N1,UC_vs_CD
FZD2,0.30371,2.096,4.2116,0.49768,0.61871,0.99553,N1,UC_vs_CD
GJC1,0.035259,0.57985,4.1749,0.13889,0.88954,0.99553,N1,UC_vs_CD
EFTUD2,0.55093,1.5985,2.0649,0.77415,0.43884,0.99553,N1,UC_vs_CD
KIF18B,0.035259,0.57985,4.1749,0.13889,0.88954,0.99553,N1,UC_vs_CD
DCAKD,0.31187,2.1139,3.0197,0.70005,0.48389,0.99553,N1,UC_vs_CD
NMT1,0.68611,-0.87371,2.9588,-0.29529,0.76777,0.99553,N1,UC_vs_CD
AC142472.1,0.30813,2.1491,4.3393,0.49527,0.62041,0.99553,N1,UC_vs_CD
HEXIM1,0.93677,1.0937,1.3604,0.80393,0.42144,0.99553,N1,UC_vs_CD
AC138150.1,0.12821,2.147,4.3394,0.49477,0.62076,0.99553,N1,UC_vs_CD
HEXIM2,0.035259,0.57985,4.1749,0.13889,0.88954,0.99553,N1,UC_vs_CD
AC008105.3,1.028,-1.1262,1.325,-0.84992,0.39537,0.99553,N1,UC_vs_CD
FMNL1,10.57,-0.1397,0.68626,-0.20357,0.83869,0.99553,N1,UC_vs_CD
MAP3K14,0.31187,2.1139,3.0197,0.70005,0.48389,0.99553,N1,UC_vs_CD
ARHGAP27,0.35041,-0.54514,2.2339,-0.24404,0.8072,0.99553,N1,UC_vs_CD
PLEKHM1,1.503,-0.44609,1.1214,-0.39778,0.69079,0.99553,N1,UC_vs_CD
KANSL1,2.4427,-0.016478,1.1312,-0.014566,0.98838,0.9964,N1,UC_vs_CD
CR936218.1,0.035259,0.57985,4.1749,0.13889,0.88954,0.99553,N1,UC_vs_CD
KANSL1-AS1,0.55086,-2.3007,1.9287,-1.1929,0.23292,0.99553,N1,UC_vs_CD
ARL17B,0.32528,2.1316,3.0535,0.69809,0.48512,0.99553,N1,UC_vs_CD
LRRC37A2,0.11463,0.076876,4.1956,0.018323,0.98538,0.99553,N1,UC_vs_CD
ARL17A,0.30433,-0.071221,2.1401,-0.033279,0.97345,0.99553,N1,UC_vs_CD
FAM215B,0.26907,0.25928,2.2471,0.11538,0.90814,0.99553,N1,UC_vs_CD
NSF,0.30958,-0.070584,2.1467,-0.03288,0.97377,0.99553,N1,UC_vs_CD
GOSR2,1.1367,0.57488,1.6625,0.3458,0.7295,0.99553,N1,UC_vs_CD
CDC27,0.71472,1.8857,2.0471,0.92118,0.35696,0.99553,N1,UC_vs_CD
ITGB3,0.15185,1.7355,4.296,0.40399,0.68622,0.99553,N1,UC_vs_CD
EFCAB13,0.035259,0.57985,4.1749,0.13889,0.88954,0.99553,N1,UC_vs_CD
NPEPPS,2.0932,1.4139,1.0554,1.3397,0.18033,0.99553,N1,UC_vs_CD
KPNB1,7.8626,0.55007,0.63881,0.86109,0.38919,0.99553,N1,UC_vs_CD
TBKBP1,0.20201,1.0374,3.076,0.33725,0.73593,0.99553,N1,UC_vs_CD
OSBPL7,0.28006,2.5294,3.2581,0.77633,0.43755,0.99553,N1,UC_vs_CD
SCRN2,0.42276,0.78781,4.0144,0.19624,0.84442,0.99553,N1,UC_vs_CD
SP2,0.55747,1.1271,2.3491,0.47981,0.63136,0.99553,N1,UC_vs_CD
CDK5RAP3,1.812,1.0347,1.1401,0.90757,0.3641,0.99553,N1,UC_vs_CD
NFE2L1,0.77773,1.2299,1.6553,0.74298,0.45749,0.99553,N1,UC_vs_CD
CBX1,0.44737,-2.2196,2.013,-1.1027,0.27018,0.99553,N1,UC_vs_CD
SNX11,0.71641,3.5854,2.4911,1.4393,0.15006,0.99553,N1,UC_vs_CD
SKAP1,0.0738,0.29634,4.1055,0.072182,0.94246,0.99553,N1,UC_vs_CD
HOXB-AS1,0.1476,-0.38372,3.978,-0.09646,0.92315,0.99553,N1,UC_vs_CD
HOXB4,0.16001,1.7355,4.296,0.40399,0.68622,0.99553,N1,UC_vs_CD
HOXB5,0.11463,0.076876,4.1956,0.018323,0.98538,0.99553,N1,UC_vs_CD
AC103702.2,0.34339,1.5137,3.3061,0.45785,0.64706,0.99553,N1,UC_vs_CD
PRAC1,0.27432,0.25917,2.2534,0.11501,0.90844,0.99553,N1,UC_vs_CD
TTLL6,0.11463,0.076876,4.1956,0.018323,0.98538,0.99553,N1,UC_vs_CD
CALCOCO2,2.5503,-0.94,1.1001,-0.85445,0.39285,0.99553,N1,UC_vs_CD
ATP5MC1,6.9218,3.0066,1.7456,1.7224,0.085002,0.99553,N1,UC_vs_CD
UBE2Z,2.5876,0.14133,0.91891,0.1538,0.87776,0.99553,N1,UC_vs_CD
SNF8,0.73054,0.026671,1.5435,0.01728,0.98621,0.99556,N1,UC_vs_CD
ABI3,0.34028,-0.37373,2.3837,-0.15679,0.87541,0.99553,N1,UC_vs_CD
PHOSPHO1,0.035259,0.57985,4.1749,0.13889,0.88954,0.99553,N1,UC_vs_CD
ZNF652,0.61844,2.2129,2.5669,0.86211,0.38863,0.99553,N1,UC_vs_CD
PHB,2.3634,2.8653,1.7626,1.6256,0.10404,0.99553,N1,UC_vs_CD
SPOP,1.5033,0.35091,1.7095,0.20527,0.83736,0.99553,N1,UC_vs_CD
SLC35B1,2.0772,2.2023,1.58,1.3939,0.16335,0.99553,N1,UC_vs_CD
FAM117A,0.16001,1.7355,4.296,0.40399,0.68622,0.99553,N1,UC_vs_CD
KAT7,1.233,2.2231,1.7986,1.236,0.21645,0.99553,N1,UC_vs_CD
FLJ45513,0.16001,1.7355,4.296,0.40399,0.68622,0.99553,N1,UC_vs_CD
ITGA3,0.19527,0.95987,3.1507,0.30465,0.76063,0.99553,N1,UC_vs_CD
PDK2,0.18843,-0.92039,3.1557,-0.29166,0.77055,0.99553,N1,UC_vs_CD
PPP1R9B,0.20201,1.0374,3.076,0.33725,0.73593,0.99553,N1,UC_vs_CD
COL1A1,0.43105,0.52597,2.4602,0.21379,0.83071,0.99553,N1,UC_vs_CD
TMEM92-AS1,0.18711,0.95949,3.1139,0.30814,0.75798,0.99553,N1,UC_vs_CD
MRPL27,1.8116,1.769,1.966,0.89977,0.36824,0.99553,N1,UC_vs_CD
LRRC59,1.5045,0.41038,1.2071,0.33996,0.73389,0.99553,N1,UC_vs_CD
ACSF2,0.15185,1.7355,4.296,0.40399,0.68622,0.99553,N1,UC_vs_CD
RSAD1,0.0738,0.29634,4.1055,0.072182,0.94246,0.99553,N1,UC_vs_CD
ABCC3,0.035259,0.57985,4.1749,0.13889,0.88954,0.99553,N1,UC_vs_CD
ANKRD40,0.19527,0.95987,3.1507,0.30465,0.76063,0.99553,N1,UC_vs_CD
AC005921.2,0.14432,-0.42113,2.4698,-0.17051,0.86461,0.99553,N1,UC_vs_CD
LUC7L3,4.7138,1.4272,0.85615,1.667,0.09551,0.99553,N1,UC_vs_CD
TOB1,0.5511,1.2014,1.8641,0.64451,0.51924,0.99553,N1,UC_vs_CD
SPAG9,14.936,-0.23283,0.53758,-0.43311,0.66493,0.99553,N1,UC_vs_CD
NME1,2.3226,3.2429,1.8088,1.7928,0.072997,0.99553,N1,UC_vs_CD
NME2,0.035259,0.57985,4.1749,0.13889,0.88954,0.99553,N1,UC_vs_CD
MBTD1,0.10906,-0.1236,2.6028,-0.047487,0.96213,0.99553,N1,UC_vs_CD
UTP18,0.46175,0.24311,1.8984,0.12806,0.8981,0.99553,N1,UC_vs_CD
MMD,0.23906,0.79839,3.5646,0.22398,0.82277,0.99553,N1,UC_vs_CD
PCTP,0.30305,-1.5435,3.2854,-0.4698,0.6385,0.99553,N1,UC_vs_CD
C17orf67,0.11463,0.076876,4.1956,0.018323,0.98538,0.99553,N1,UC_vs_CD
DGKE,0.0738,0.29634,4.1055,0.072182,0.94246,0.99553,N1,UC_vs_CD
TRIM25,14.926,-0.97012,0.64519,-1.5036,0.13268,0.99553,N1,UC_vs_CD
AC015912.1,0.035259,0.57985,4.1749,0.13889,0.88954,0.99553,N1,UC_vs_CD
AC015912.3,16.775,-1.5736,1.277,-1.2323,0.21785,0.99553,N1,UC_vs_CD
COIL,1.0543,1.9747,1.5815,1.2486,0.21181,0.99553,N1,UC_vs_CD
SCPEP1,1.8505,3.9676,1.6653,2.3825,0.017196,0.99553,N1,UC_vs_CD
AKAP1,0.62,2.9958,2.6995,1.1098,0.2671,0.99553,N1,UC_vs_CD
AC007114.2,0.15185,1.7355,4.296,0.40399,0.68622,0.99553,N1,UC_vs_CD
MSI2,0.83533,1.9074,3.8798,0.49163,0.62298,0.99553,N1,UC_vs_CD
MRPS23,0.66342,2.3686,2.7185,0.87127,0.38361,0.99553,N1,UC_vs_CD
CUEDC1,0.0738,0.29634,4.1055,0.072182,0.94246,0.99553,N1,UC_vs_CD
VEZF1,1.0119,0.7837,1.8244,0.42955,0.66752,0.99553,N1,UC_vs_CD
AC015813.1,0.16001,1.7355,4.296,0.40399,0.68622,0.99553,N1,UC_vs_CD
SRSF1,1.8472,1.6106,1.3634,1.1813,0.23749,0.99553,N1,UC_vs_CD
DYNLL2,0.98427,2.0766,1.8857,1.1012,0.2708,0.99553,N1,UC_vs_CD
TSPOAP1,0.77185,3.2719,2.7205,1.2027,0.2291,0.99553,N1,UC_vs_CD
AC004687.1,2.5987,0.012519,0.9334,0.013412,0.9893,0.99701,N1,UC_vs_CD
SUPT4H1,3.3104,0.35317,0.80489,0.43877,0.66082,0.99553,N1,UC_vs_CD
RNF43,0.11463,0.076876,4.1956,0.018323,0.98538,0.99553,N1,UC_vs_CD
MTMR4,0.26907,0.25928,2.2471,0.11538,0.90814,0.99553,N1,UC_vs_CD
TEX14,0.035259,0.57985,4.1749,0.13889,0.88954,0.99553,N1,UC_vs_CD
RAD51C,0.6319,2.5623,3.3651,0.76143,0.4464,0.99553,N1,UC_vs_CD
TRIM37,0.24681,-0.88405,3.9109,-0.22605,0.82116,0.99553,N1,UC_vs_CD
SKA2,0.83878,2.0268,2.8346,0.71502,0.4746,0.99553,N1,UC_vs_CD
PRR11,0.16001,1.7355,4.296,0.40399,0.68622,0.99553,N1,UC_vs_CD
GDPD1,0.16001,1.7355,4.296,0.40399,0.68622,0.99553,N1,UC_vs_CD
YPEL2,0.85954,-1.1428,2.3851,-0.47915,0.63183,0.99553,N1,UC_vs_CD
DHX40,1.5872,-1.7666,1.214,-1.4552,0.14563,0.99553,N1,UC_vs_CD
AC091271.1,6.8575,-1.0405,0.82822,-1.2563,0.20901,0.99553,N1,UC_vs_CD
CLTC,4.2237,-0.7608,0.85046,-0.89458,0.37101,0.99553,N1,UC_vs_CD
PTRH2,0.27432,0.25917,2.2534,0.11501,0.90844,0.99553,N1,UC_vs_CD
VMP1,32.345,-0.58821,0.51915,-1.133,0.25721,0.99553,N1,UC_vs_CD
TUBD1,0.33897,1.3072,3.6352,0.3596,0.71915,0.99553,N1,UC_vs_CD
RPS6KB1,0.52729,2.0107,2.086,0.96391,0.33509,0.99553,N1,UC_vs_CD
RNFT1,0.60005,0.0011155,2.0111,0.00055468,0.99956,0.99979,N1,UC_vs_CD
HEATR6,0.16001,1.7355,4.296,0.40399,0.68622,0.99553,N1,UC_vs_CD
CA4,0.99547,-0.58764,1.7636,-0.33321,0.73898,0.99553,N1,UC_vs_CD
USP32,2.765,-0.73288,0.99859,-0.73392,0.463,0.99553,N1,UC_vs_CD
APPBP2,0.23906,0.79839,3.5646,0.22398,0.82277,0.99553,N1,UC_vs_CD
PPM1D,0.45573,0.7041,3.6704,0.19183,0.84787,0.99553,N1,UC_vs_CD
BCAS3,0.29748,-1.5477,2.1698,-0.7133,0.47566,0.99553,N1,UC_vs_CD
MED13,2.5383,-0.19691,1.0911,-0.18047,0.85678,0.99553,N1,UC_vs_CD
TLK2,0.27809,0.2111,2.2882,0.092255,0.9265,0.99553,N1,UC_vs_CD
AC005972.1,0.15185,1.7355,4.296,0.40399,0.68622,0.99553,N1,UC_vs_CD
TANC2,0.394,0.92318,2.2738,0.406,0.68474,0.99553,N1,UC_vs_CD
CYB561,0.035259,0.57985,4.1749,0.13889,0.88954,0.99553,N1,UC_vs_CD
DCAF7,0.69052,1.7998,2.0035,0.8983,0.36902,0.99553,N1,UC_vs_CD
MAP3K3,0.41989,2.1477,3.2788,0.65503,0.51245,0.99553,N1,UC_vs_CD
STRADA,0.59981,2.4847,2.0698,1.2005,0.22996,0.99553,N1,UC_vs_CD
LIMD2,4.3155,2.121,1.0461,2.0276,0.0426,0.99553,N1,UC_vs_CD
CCDC47,1.8163,-1.1149,1.0996,-1.0139,0.31063,0.99553,N1,UC_vs_CD
DDX42,1.8742,0.7469,1.3602,0.54912,0.58292,0.99553,N1,UC_vs_CD
FTSJ3,0.0738,0.29634,4.1055,0.072182,0.94246,0.99553,N1,UC_vs_CD
PSMC5,1.0375,0.70816,1.4683,0.48231,0.62959,0.99553,N1,UC_vs_CD
SMARCD2,1.2395,2.0959,2.2657,0.92508,0.35493,0.99553,N1,UC_vs_CD
CD79B,1.4003,0.98306,2.0503,0.47946,0.63161,0.99553,N1,UC_vs_CD
PRR29-AS1,0.33052,2.1419,4.2023,0.5097,0.61026,0.99553,N1,UC_vs_CD
ICAM2,3.0122,1.7249,1.025,1.6828,0.092415,0.99553,N1,UC_vs_CD
ERN1,3.5972,-0.54252,0.87096,-0.6229,0.53335,0.99553,N1,UC_vs_CD
SNHG25,0.46143,0.24373,1.8375,0.13264,0.89448,0.99553,N1,UC_vs_CD
TEX2,0.10906,-0.1236,2.6028,-0.047487,0.96213,0.99553,N1,UC_vs_CD
PECAM1,3.7589,-0.33063,0.9613,-0.34395,0.73089,0.99553,N1,UC_vs_CD
MILR1,0.86103,2.1243,2.0631,1.0297,0.30317,0.99553,N1,UC_vs_CD
POLG2,0.19527,0.95987,3.1507,0.30465,0.76063,0.99553,N1,UC_vs_CD
DDX5,48.513,-0.21367,0.31061,-0.68791,0.49151,0.99553,N1,UC_vs_CD
CEP95,0.53815,-0.19039,2.451,-0.077678,0.93808,0.99553,N1,UC_vs_CD
SMURF2,0.57081,-0.57922,1.6101,-0.35974,0.71904,0.99553,N1,UC_vs_CD
GNA13,3.2074,-1.133,1.0848,-1.0445,0.29627,0.99553,N1,UC_vs_CD
PRKCA,0.16526,1.7355,4.296,0.40399,0.68622,0.99553,N1,UC_vs_CD
HELZ,1.9886,1.2731,1.356,0.93886,0.3478,0.99553,N1,UC_vs_CD
PSMD12,2.3913,1.7358,1.6187,1.0723,0.28358,0.99553,N1,UC_vs_CD
PITPNC1,0.16526,1.7355,4.296,0.40399,0.68622,0.99553,N1,UC_vs_CD
NOL11,0.0738,0.29634,4.1055,0.072182,0.94246,0.99553,N1,UC_vs_CD
BPTF,3.4748,0.43265,1.0791,0.40093,0.68847,0.99553,N1,UC_vs_CD
C17orf58,0.16001,1.7355,4.296,0.40399,0.68622,0.99553,N1,UC_vs_CD
KPNA2,1.4092,0.62501,1.3852,0.45119,0.65185,0.99553,N1,UC_vs_CD
AC005332.7,0.035259,0.57985,4.1749,0.13889,0.88954,0.99553,N1,UC_vs_CD
AC005332.4,0.035259,0.57985,4.1749,0.13889,0.88954,0.99553,N1,UC_vs_CD
AC005332.6,0.1476,-0.38372,3.978,-0.09646,0.92315,0.99553,N1,UC_vs_CD
AC005332.8,0.0738,0.29634,4.1055,0.072182,0.94246,0.99553,N1,UC_vs_CD
AC005332.3,0.0738,0.29634,4.1055,0.072182,0.94246,0.99553,N1,UC_vs_CD
AC005332.5,0.0738,0.29634,4.1055,0.072182,0.94246,0.99553,N1,UC_vs_CD
AMZ2,0.6938,2.1509,2.178,0.98755,0.32337,0.99553,N1,UC_vs_CD
ARSG,1.0171,0.75929,1.5323,0.49552,0.62023,0.99553,N1,UC_vs_CD
SLC16A6,0.070518,0.17302,4.0786,0.042422,0.96616,0.99553,N1,UC_vs_CD
WIPI1,0.69479,0.80324,2.8282,0.28402,0.7764,0.99553,N1,UC_vs_CD
PRKAR1A,7.1326,0.54902,0.81504,0.67362,0.50056,0.99553,N1,UC_vs_CD
FAM20A,0.035259,0.57985,4.1749,0.13889,0.88954,0.99553,N1,UC_vs_CD
ABCA6,0.20201,1.0374,3.076,0.33725,0.73593,0.99553,N1,UC_vs_CD
ABCA5,0.11463,0.076876,4.1956,0.018323,0.98538,0.99553,N1,UC_vs_CD
MAP2K6,0.53475,-1.1095,1.7229,-0.64397,0.51959,0.99553,N1,UC_vs_CD
KCNJ2-AS1,2.1103,-0.51848,1.3848,-0.3744,0.7081,0.99553,N1,UC_vs_CD
KCNJ2,7.1824,-2.3875,0.7294,-3.2733,0.0010631,0.99553,N1,UC_vs_CD
AC011990.1,0.22925,-0.75796,4.1396,-0.1831,0.85472,0.99553,N1,UC_vs_CD
SOX9,0.11463,0.076876,4.1956,0.018323,0.98538,0.99553,N1,UC_vs_CD
SLC39A11,0.5137,0.14084,1.9743,0.071335,0.94313,0.99553,N1,UC_vs_CD
SSTR2,0.15185,1.7355,4.296,0.40399,0.68622,0.99553,N1,UC_vs_CD
FAM104A,0.64012,0.66545,1.65,0.40329,0.68673,0.99553,N1,UC_vs_CD
CDC42EP4,0.15185,1.7355,4.296,0.40399,0.68622,0.99553,N1,UC_vs_CD
RPL38,15.986,0.52849,0.73096,0.72301,0.46967,0.99553,N1,UC_vs_CD
KIF19,0.0738,0.29634,4.1055,0.072182,0.94246,0.99553,N1,UC_vs_CD
CD300A,4.7078,-0.74537,0.69947,-1.0656,0.28659,0.99553,N1,UC_vs_CD
CD300LB,0.5966,0.3471,3.7483,0.092602,0.92622,0.99553,N1,UC_vs_CD
CD300E,2.0143,3.3113,3.7992,0.87156,0.38345,0.99553,N1,UC_vs_CD
RAB37,0.0738,0.29634,4.1055,0.072182,0.94246,0.99553,N1,UC_vs_CD
CD300LF,1.1352,0.15975,1.4932,0.10698,0.9148,0.99553,N1,UC_vs_CD
SLC9A3R1,2.139,-0.49671,1.6067,-0.30915,0.75721,0.99553,N1,UC_vs_CD
NAT9,0.19527,0.95987,3.1507,0.30465,0.76063,0.99553,N1,UC_vs_CD
HID1,0.54719,1.7045,2.6626,0.64015,0.52207,0.99553,N1,UC_vs_CD
MRPL58,0.14988,-0.59457,2.8782,-0.20658,0.83634,0.99553,N1,UC_vs_CD
ATP5PD,3.0456,0.9492,0.96886,0.9797,0.32723,0.99553,N1,UC_vs_CD
SLC16A5,0.070518,0.17302,4.0786,0.042422,0.96616,0.99553,N1,UC_vs_CD
NT5C,0.53738,-0.33614,3.8975,-0.086246,0.93127,0.99553,N1,UC_vs_CD
JPT1,12.244,-0.032873,0.63324,-0.051912,0.9586,0.99553,N1,UC_vs_CD
SUMO2,6.6809,-1.1336,0.98685,-1.1488,0.25066,0.99553,N1,UC_vs_CD
NUP85,0.16001,1.7355,4.296,0.40399,0.68622,0.99553,N1,UC_vs_CD
GGA3,0.71768,0.17132,1.5774,0.10861,0.91351,0.99553,N1,UC_vs_CD
MRPS7,0.92236,0.061926,1.6067,0.038541,0.96926,0.99553,N1,UC_vs_CD
MIF4GD,0.50714,1.5832,2.363,0.67,0.50286,0.99553,N1,UC_vs_CD
SLC25A19,0.35529,1.3328,3.6732,0.36284,0.71673,0.99553,N1,UC_vs_CD
GRB2,10.695,0.12409,0.7516,0.16509,0.86887,0.99553,N1,UC_vs_CD
TMEM94,0.16526,1.7355,4.296,0.40399,0.68622,0.99553,N1,UC_vs_CD
TSEN54,0.15185,1.7355,4.296,0.40399,0.68622,0.99553,N1,UC_vs_CD
LLGL2,0.65201,-33.286,35.911,-0.9269,0.35398,0.99553,N1,UC_vs_CD
MYO15B,0.16526,1.7355,4.296,0.40399,0.68622,0.99553,N1,UC_vs_CD
RECQL5,0.070518,0.17302,4.0786,0.042422,0.96616,0.99553,N1,UC_vs_CD
SAP30BP,2.4973,1.2816,0.99516,1.2878,0.1978,0.99553,N1,UC_vs_CD
ITGB4,0.0738,0.29634,4.1055,0.072182,0.94246,0.99553,N1,UC_vs_CD
GALK1,0.72532,1.6782,2.3997,0.69935,0.48434,0.99553,N1,UC_vs_CD
H3F3B,370.28,-0.68181,0.56511,-1.2065,0.22763,0.99553,N1,UC_vs_CD
UNK,0.035259,0.57985,4.1749,0.13889,0.88954,0.99553,N1,UC_vs_CD
UNC13D,1.7928,0.14847,1.7452,0.085073,0.9322,0.99553,N1,UC_vs_CD
WBP2,4.6922,-0.41009,0.66905,-0.61295,0.53991,0.99553,N1,UC_vs_CD
AC087289.5,0.16001,1.7355,4.296,0.40399,0.68622,0.99553,N1,UC_vs_CD
ACOX1,2.3847,1.0089,1.1155,0.90446,0.36575,0.99553,N1,UC_vs_CD
SRP68,0.38567,1.2777,2.4678,0.51772,0.60465,0.99553,N1,UC_vs_CD
EXOC7,0.49393,-0.47076,1.9162,-0.24567,0.80594,0.99553,N1,UC_vs_CD
RNF157,0.070518,0.17302,4.0786,0.042422,0.96616,0.99553,N1,UC_vs_CD
UBALD2,4.4605,0.37473,0.69545,0.53883,0.59,0.99553,N1,UC_vs_CD
PRPSAP1,0.19527,0.95987,3.1507,0.30465,0.76063,0.99553,N1,UC_vs_CD
SPHK1,1.1953,-0.7508,1.6971,-0.4424,0.6582,0.99553,N1,UC_vs_CD
UBE2O,0.4081,1.331,2.5438,0.52322,0.60082,0.99553,N1,UC_vs_CD
AANAT,0.035259,0.57985,4.1749,0.13889,0.88954,0.99553,N1,UC_vs_CD
RHBDF2,2.4133,-1.1391,1.1894,-0.95772,0.3382,0.99553,N1,UC_vs_CD
AC015802.6,0.22565,0.79989,3.5133,0.22768,0.8199,0.99553,N1,UC_vs_CD
ST6GALNAC2,0.070518,0.17302,4.0786,0.042422,0.96616,0.99553,N1,UC_vs_CD
ST6GALNAC1,0.070518,0.17302,4.0786,0.042422,0.96616,0.99553,N1,UC_vs_CD
AC005837.1,0.035259,0.57985,4.1749,0.13889,0.88954,0.99553,N1,UC_vs_CD
JMJD6,4.48,-0.038363,0.79244,-0.048412,0.96139,0.99553,N1,UC_vs_CD
METTL23,1.7273,-1.2094,1.2582,-0.96124,0.33643,0.99553,N1,UC_vs_CD
SRSF2,4.7413,-0.31733,1.0301,-0.30807,0.75803,0.99553,N1,UC_vs_CD
MFSD11,0.78491,-0.21461,2.0174,-0.10638,0.91528,0.99553,N1,UC_vs_CD
SEC14L1,12.381,-0.50419,0.61528,-0.81944,0.41254,0.99553,N1,UC_vs_CD
SEPT9,3.0754,0.52316,0.88499,0.59116,0.55442,0.99553,N1,UC_vs_CD
TNRC6C,0.96136,-0.4896,1.5985,-0.30628,0.75939,0.99553,N1,UC_vs_CD
TMC6,0.88907,1.8505,1.768,1.0467,0.29525,0.99553,N1,UC_vs_CD
SYNGR2,1.2058,-1.1478,1.2099,-0.94866,0.34279,0.99553,N1,UC_vs_CD
TK1,1.2797,3.5351,3.0456,1.1607,0.24576,0.99553,N1,UC_vs_CD
AFMID,0.19527,0.95987,3.1507,0.30465,0.76063,0.99553,N1,UC_vs_CD
BIRC5,1.4401,3.0885,4.0757,0.75779,0.44858,0.99553,N1,UC_vs_CD
LINC01993,0.16001,1.7355,4.296,0.40399,0.68622,0.99553,N1,UC_vs_CD
AC087645.2,0.82291,-2.3449,1.669,-1.405,0.16003,0.99553,N1,UC_vs_CD
SOCS3,62.838,-0.46592,0.92169,-0.5055,0.6132,0.99553,N1,UC_vs_CD
AC061992.1,0.17629,-0.58892,3.9481,-0.14916,0.88142,0.99553,N1,UC_vs_CD
PGS1,10.662,-1.2286,0.58068,-2.1157,0.03437,0.99553,N1,UC_vs_CD
DNAH17,0.34713,1.3196,2.3079,0.57175,0.56749,0.99553,N1,UC_vs_CD
LINC02081,0.16001,1.7355,4.296,0.40399,0.68622,0.99553,N1,UC_vs_CD
CYTH1,3.1854,-0.024677,1.2678,-0.019464,0.98447,0.99553,N1,UC_vs_CD
USP36,2.4601,0.88884,0.87515,1.0156,0.3098,0.99553,N1,UC_vs_CD
TIMP2,1.83,-1.0975,1.1285,-0.97253,0.33079,0.99553,N1,UC_vs_CD
CANT1,1.3041,0.14712,1.34,0.1098,0.91257,0.99553,N1,UC_vs_CD
ENGASE,0.26648,0.49292,3.2388,0.15219,0.87904,0.99553,N1,UC_vs_CD
RBFOX3,0.035259,0.57985,4.1749,0.13889,0.88954,0.99553,N1,UC_vs_CD
CBX2,0.035259,0.57985,4.1749,0.13889,0.88954,0.99553,N1,UC_vs_CD
CBX4,1.063,1.8959,1.4549,1.3031,0.19254,0.99553,N1,UC_vs_CD
GAA,0.60758,1.1374,2.7108,0.41958,0.67479,0.99553,N1,UC_vs_CD
EIF4A3,11.435,-0.33478,0.87779,-0.38139,0.70292,0.99553,N1,UC_vs_CD
AC087741.1,0.41765,0.51192,2.4354,0.2102,0.83351,0.99553,N1,UC_vs_CD
SGSH,0.86103,2.1243,2.0631,1.0297,0.30317,0.99553,N1,UC_vs_CD
SLC26A11,1.2408,0.081075,1.6053,0.050504,0.95972,0.99553,N1,UC_vs_CD
RNF213,23.516,-1.7394,0.82375,-2.1116,0.03472,0.99553,N1,UC_vs_CD
AC124319.2,0.85886,-0.72744,1.4999,-0.485,0.62768,0.99553,N1,UC_vs_CD
CHMP6,0.28006,2.5294,3.2581,0.77633,0.43755,0.99553,N1,UC_vs_CD
BAIAP2-DT,0.0738,0.29634,4.1055,0.072182,0.94246,0.99553,N1,UC_vs_CD
BAIAP2,0.15185,1.7355,4.296,0.40399,0.68622,0.99553,N1,UC_vs_CD
AATK,0.66864,0.31044,1.9107,0.16248,0.87093,0.99553,N1,UC_vs_CD
CEP131,0.15185,1.7355,4.296,0.40399,0.68622,0.99553,N1,UC_vs_CD
TEPSIN,0.26091,0.25946,2.237,0.11598,0.90767,0.99553,N1,UC_vs_CD
NDUFAF8,0.81675,-1.2737,1.9703,-0.64644,0.51799,0.99553,N1,UC_vs_CD
SLC38A10,1.1531,0.045043,2.356,0.019118,0.98475,0.99553,N1,UC_vs_CD
BAHCC1,0.15185,1.7355,4.296,0.40399,0.68622,0.99553,N1,UC_vs_CD
ACTG1,62.266,0.59667,0.5312,1.1232,0.26133,0.99553,N1,UC_vs_CD
FAAP100,0.34339,1.5137,3.3061,0.45785,0.64706,0.99553,N1,UC_vs_CD
NPLOC4,0.93362,-1.1915,3.0796,-0.38691,0.69882,0.99553,N1,UC_vs_CD
TSPAN10,0.035259,0.57985,4.1749,0.13889,0.88954,0.99553,N1,UC_vs_CD
OXLD1,0.34961,0.013401,3.4172,0.0039216,0.99687,0.99979,N1,UC_vs_CD
ARL16,0.60758,1.1374,2.7108,0.41958,0.67479,0.99553,N1,UC_vs_CD
HGS,1.0764,0.52832,1.2882,0.41013,0.68171,0.99553,N1,UC_vs_CD
AC139530.1,0.16001,1.7355,4.296,0.40399,0.68622,0.99553,N1,UC_vs_CD
MRPL12,0.43634,2.8476,3.2624,0.87286,0.38274,0.99553,N1,UC_vs_CD
MCRIP1,0.92595,0.27727,1.3725,0.20203,0.8399,0.99553,N1,UC_vs_CD
PPP1R27,0.035259,0.57985,4.1749,0.13889,0.88954,0.99553,N1,UC_vs_CD
P4HB,4.9286,-0.13952,0.9128,-0.15285,0.87851,0.99553,N1,UC_vs_CD
ARHGDIA,11.682,-0.42209,0.85306,-0.49479,0.62075,0.99553,N1,UC_vs_CD
AC145207.5,0.035259,0.57985,4.1749,0.13889,0.88954,0.99553,N1,UC_vs_CD
ALYREF,0.94964,0.6661,2.0986,0.3174,0.75094,0.99553,N1,UC_vs_CD
ANAPC11,4.3451,3.1779,1.4317,2.2197,0.026442,0.99553,N1,UC_vs_CD
SIRT7,1.5957,0.74749,1.3788,0.54213,0.58773,0.99553,N1,UC_vs_CD
MAFG,4.1395,-0.19755,0.87369,-0.22611,0.82112,0.99553,N1,UC_vs_CD
PYCR1,0.49656,-0.18288,2.6416,-0.069232,0.9448,0.99553,N1,UC_vs_CD
ASPSCR1,0.14432,-0.42113,2.4698,-0.17051,0.86461,0.99553,N1,UC_vs_CD
CENPX,1.23,1.7146,1.817,0.94367,0.34534,0.99553,N1,UC_vs_CD
LRRC45,0.035259,0.57985,4.1749,0.13889,0.88954,0.99553,N1,UC_vs_CD
DCXR,0.76857,-0.93097,1.5612,-0.59632,0.55096,0.99553,N1,UC_vs_CD
RFNG,0.11463,0.076876,4.1956,0.018323,0.98538,0.99553,N1,UC_vs_CD
GPS1,0.46831,-0.96632,2.4162,-0.39993,0.68921,0.99553,N1,UC_vs_CD
DUS1L,0.77233,-0.35071,2.2455,-0.15619,0.87589,0.99553,N1,UC_vs_CD
FASN,0.11463,0.076876,4.1956,0.018323,0.98538,0.99553,N1,UC_vs_CD
CCDC57,0.70278,1.7989,2.0156,0.89249,0.37213,0.99553,N1,UC_vs_CD
AC132872.2,0.27104,0.22533,3.684,0.061164,0.95123,0.99553,N1,UC_vs_CD
SLC16A3,10.316,0.3361,0.53179,0.632,0.52739,0.99553,N1,UC_vs_CD
CSNK1D,5.7679,-0.25545,0.97979,-0.26072,0.79431,0.99553,N1,UC_vs_CD
AC132872.3,0.035259,0.57985,4.1749,0.13889,0.88954,0.99553,N1,UC_vs_CD
AC132872.1,0.7945,-1.4326,1.4673,-0.9763,0.32891,0.99553,N1,UC_vs_CD
CD7,0.5547,1.6559,2.0839,0.79462,0.42683,0.99553,N1,UC_vs_CD
SECTM1,5.1889,-2.5635,1.4515,-1.7661,0.077383,0.99553,N1,UC_vs_CD
OGFOD3,0.11463,0.076876,4.1956,0.018323,0.98538,0.99553,N1,UC_vs_CD
HEXDC,0.63375,0.83283,1.7572,0.47395,0.63553,0.99553,N1,UC_vs_CD
CYBC1,1.9097,-1.4223,1.0711,-1.3279,0.18422,0.99553,N1,UC_vs_CD
NARF,3.8771,0.064829,0.82361,0.078713,0.93726,0.99553,N1,UC_vs_CD
FOXK2,0.37751,1.2275,3.9546,0.3104,0.75626,0.99553,N1,UC_vs_CD
WDR45B,1.0071,-0.31821,1.6305,-0.19516,0.84527,0.99553,N1,UC_vs_CD
RAB40B,0.0738,0.29634,4.1055,0.072182,0.94246,0.99553,N1,UC_vs_CD
FN3KRP,0.23381,0.79896,3.5449,0.22538,0.82168,0.99553,N1,UC_vs_CD
FN3K,0.1476,-0.38372,3.978,-0.09646,0.92315,0.99553,N1,UC_vs_CD
TBCD,0.0738,0.29634,4.1055,0.072182,0.94246,0.99553,N1,UC_vs_CD
B3GNTL1,1.0057,0.57877,1.4565,0.39737,0.69109,0.99553,N1,UC_vs_CD
METRNL,3.5235,-0.31905,0.84012,-0.37977,0.70412,0.99553,N1,UC_vs_CD
AC144831.1,0.11463,0.076876,4.1956,0.018323,0.98538,0.99553,N1,UC_vs_CD
USP14,1.0772,0.77732,1.4178,0.54828,0.5835,0.99553,N1,UC_vs_CD
THOC1,0.30813,2.1491,4.3393,0.49527,0.62041,0.99553,N1,UC_vs_CD
AP000845.1,0.035259,0.57985,4.1749,0.13889,0.88954,0.99553,N1,UC_vs_CD
TYMS,0.78817,3.3923,4.1117,0.82504,0.40935,0.99553,N1,UC_vs_CD
ENOSF1,0.12821,2.147,4.3394,0.49477,0.62076,0.99553,N1,UC_vs_CD
YES1,0.16001,1.7355,4.296,0.40399,0.68622,0.99553,N1,UC_vs_CD
METTL4,0.23381,0.79896,3.5449,0.22538,0.82168,0.99553,N1,UC_vs_CD
SMCHD1,16.893,-0.63537,0.56634,-1.1219,0.26191,0.99553,N1,UC_vs_CD
EMILIN2,0.90708,1.4009,1.5394,0.91002,0.36281,0.99553,N1,UC_vs_CD
LPIN2,1.6317,0.26442,0.99831,0.26487,0.79111,0.99553,N1,UC_vs_CD
AP000919.4,0.20052,0.9601,3.1736,0.30253,0.76225,0.99553,N1,UC_vs_CD
AP005329.3,0.16526,1.7355,4.296,0.40399,0.68622,0.99553,N1,UC_vs_CD
MYL12A,29.608,0.16934,0.72444,0.23375,0.81518,0.99553,N1,UC_vs_CD
AP005329.1,0.035259,0.57985,4.1749,0.13889,0.88954,0.99553,N1,UC_vs_CD
MYL12B,22.189,-0.2124,0.46272,-0.45903,0.64621,0.99553,N1,UC_vs_CD
TGIF1,2.0648,-1.2948,1.9963,-0.64861,0.51659,0.99553,N1,UC_vs_CD
GAPLINC,0.11463,0.076876,4.1956,0.018323,0.98538,0.99553,N1,UC_vs_CD
DLGAP1,0.070518,0.17302,4.0786,0.042422,0.96616,0.99553,N1,UC_vs_CD
DLGAP1-AS1,0.98341,1.2974,2.2093,0.58724,0.55704,0.99553,N1,UC_vs_CD
DLGAP1-AS2,0.89218,-0.48401,1.4774,-0.32762,0.7432,0.99553,N1,UC_vs_CD
LINC00667,0.16526,1.7355,4.296,0.40399,0.68622,0.99553,N1,UC_vs_CD
EPB41L3,0.46897,2.3727,3.163,0.75016,0.45316,0.99553,N1,UC_vs_CD
NDUFV2,10.897,-0.27393,0.57063,-0.48004,0.6312,0.99553,N1,UC_vs_CD
AP005899.1,0.070518,0.17302,4.0786,0.042422,0.96616,0.99553,N1,UC_vs_CD
NDUFV2-AS1,0.44209,-0.70155,3.7953,-0.18485,0.85335,0.99553,N1,UC_vs_CD
ANKRD12,24.837,-0.23263,0.50799,-0.45794,0.647,0.99553,N1,UC_vs_CD
TWSG1,0.64461,-1.9217,1.7535,-1.096,0.2731,0.99553,N1,UC_vs_CD
RALBP1,2.9455,-1.3273,1.7428,-0.7616,0.4463,0.99553,N1,UC_vs_CD
PPP4R1,1.8421,-0.31541,1.4566,-0.21653,0.82857,0.99553,N1,UC_vs_CD
RAB31,5.9065,-0.21771,0.60792,-0.35812,0.72026,0.99553,N1,UC_vs_CD
VAPA,7.309,-0.78811,0.70919,-1.1113,0.26645,0.99553,N1,UC_vs_CD
APCDD1,0.16526,1.7355,4.296,0.40399,0.68622,0.99553,N1,UC_vs_CD
NAPG,0.17958,-0.63764,2.4879,-0.25629,0.79772,0.99553,N1,UC_vs_CD
GNAL,0.035259,0.57985,4.1749,0.13889,0.88954,0.99553,N1,UC_vs_CD
CHMP1B,4.0288,1.3078,0.87006,1.5031,0.13281,0.99553,N1,UC_vs_CD
MPPE1,0.67357,0.62784,1.8358,0.34201,0.73234,0.99553,N1,UC_vs_CD
IMPA2,0.33503,-1.798,3.0175,-0.59585,0.55128,0.99553,N1,UC_vs_CD
TUBB6,0.31712,2.1207,3.0327,0.69927,0.48438,0.99553,N1,UC_vs_CD
AFG3L2,0.16526,1.7355,4.296,0.40399,0.68622,0.99553,N1,UC_vs_CD
PSMG2,0.75436,1.0158,2.0474,0.49614,0.61979,0.99553,N1,UC_vs_CD
PTPN2,3.8678,-2.2715,0.94183,-2.4118,0.015875,0.99553,N1,UC_vs_CD
SEH1L,0.10906,-0.1236,2.6028,-0.047487,0.96213,0.99553,N1,UC_vs_CD
CEP192,0.70541,1.7835,1.6885,1.0562,0.29085,0.99553,N1,UC_vs_CD
LDLRAD4,0.81184,0.53523,1.6209,0.33021,0.74124,0.99553,N1,UC_vs_CD
FAM210A,1.7495,-3.125,2.879,-1.0855,0.27772,0.99553,N1,UC_vs_CD
RNMT,7.2716,-1.0225,0.95776,-1.0676,0.28568,0.99553,N1,UC_vs_CD
ROCK1,4.8437,-0.069759,0.64013,-0.10898,0.91322,0.99553,N1,UC_vs_CD
ESCO1,2.1292,-0.95653,1.1256,-0.84978,0.39545,0.99553,N1,UC_vs_CD
SNRPD1,2.4956,0.85508,2.3066,0.37071,0.71085,0.99553,N1,UC_vs_CD
ABHD3,0.87089,-1.5495,1.7555,-0.88262,0.37744,0.99553,N1,UC_vs_CD
MIB1,0.67877,1.8611,2.6874,0.69254,0.4886,0.99553,N1,UC_vs_CD
RBBP8,0.27432,0.25917,2.2534,0.11501,0.90844,0.99553,N1,UC_vs_CD
TMEM241,0.16001,1.7355,4.296,0.40399,0.68622,0.99553,N1,UC_vs_CD
RIOK3,1.9232,-1.0102,1.0359,-0.97516,0.32948,0.99553,N1,UC_vs_CD
RMC1,0.28822,2.5291,3.2881,0.76917,0.44179,0.99553,N1,UC_vs_CD
NPC1,0.90421,-0.24468,1.9671,-0.12438,0.90101,0.99553,N1,UC_vs_CD
ANKRD29,0.15185,1.7355,4.296,0.40399,0.68622,0.99553,N1,UC_vs_CD
LAMA3,0.30813,2.1491,4.3393,0.49527,0.62041,0.99553,N1,UC_vs_CD
TTC39C-AS1,0.30371,2.096,4.2116,0.49768,0.61871,0.99553,N1,UC_vs_CD
OSBPL1A,0.10906,-0.1236,2.6028,-0.047487,0.96213,0.99553,N1,UC_vs_CD
IMPACT,0.035259,0.57985,4.1749,0.13889,0.88954,0.99553,N1,UC_vs_CD
HRH4,1.6581,-0.24803,2.347,-0.10568,0.91584,0.99553,N1,UC_vs_CD
SS18,0.90331,1.255,1.6137,0.77771,0.43674,0.99553,N1,UC_vs_CD
TAF4B,0.11463,0.076876,4.1956,0.018323,0.98538,0.99553,N1,UC_vs_CD
KCTD1,0.11463,0.076876,4.1956,0.018323,0.98538,0.99553,N1,UC_vs_CD
PCAT18,0.12821,2.147,4.3394,0.49477,0.62076,0.99553,N1,UC_vs_CD
CDH2,0.035259,0.57985,4.1749,0.13889,0.88954,0.99553,N1,UC_vs_CD
DSC2,2.4651,-0.42193,1.1074,-0.38102,0.70319,0.99553,N1,UC_vs_CD
TRAPPC8,0.60454,1.0818,1.7901,0.60431,0.54564,0.99553,N1,UC_vs_CD
RNF125,0.16001,1.7355,4.296,0.40399,0.68622,0.99553,N1,UC_vs_CD
RNF138,1.0204,-0.10839,1.474,-0.073536,0.94138,0.99553,N1,UC_vs_CD
MAPRE2,0.57377,-0.30555,1.9797,-0.15435,0.87734,0.99553,N1,UC_vs_CD
ZNF397,1.3103,-0.45402,1.1004,-0.4126,0.6799,0.99553,N1,UC_vs_CD
ZSCAN30,0.10906,-0.1236,2.6028,-0.047487,0.96213,0.99553,N1,UC_vs_CD
AC011815.1,0.035259,0.57985,4.1749,0.13889,0.88954,0.99553,N1,UC_vs_CD
ZNF24,3.4292,-0.24803,0.89753,-0.27634,0.78229,0.99553,N1,UC_vs_CD
ZNF396,0.035259,0.57985,4.1749,0.13889,0.88954,0.99553,N1,UC_vs_CD
INO80C,0.18514,-0.97652,2.8755,-0.3396,0.73416,0.99553,N1,UC_vs_CD
GALNT1,1.5012,-0.68043,1.4335,-0.47466,0.63503,0.99553,N1,UC_vs_CD
C18orf21,0.27989,0.51131,3.2798,0.1559,0.87612,0.99553,N1,UC_vs_CD
RPRD1A,0.53915,-1.0909,2.295,-0.47534,0.63455,0.99553,N1,UC_vs_CD
SLC39A6,0.80089,-0.43865,1.5932,-0.27533,0.78306,0.99553,N1,UC_vs_CD
ELP2,0.23578,0.5275,3.4637,0.15229,0.87896,0.99553,N1,UC_vs_CD
TPGS2,0.28822,2.5291,3.2881,0.76917,0.44179,0.99553,N1,UC_vs_CD
KIAA1328,0.46815,2.6288,3.7763,0.69614,0.48634,0.99553,N1,UC_vs_CD
PIK3C3,0.99584,0.31464,1.4865,0.21167,0.83236,0.99553,N1,UC_vs_CD
SETBP1,0.85402,-0.95282,2.2786,-0.41815,0.67583,0.99553,N1,UC_vs_CD
EPG5,1.4303,-0.98949,1.4374,-0.68838,0.49121,0.99553,N1,UC_vs_CD
PSTPIP2,4.7855,-0.87938,0.91879,-0.95711,0.33851,0.99553,N1,UC_vs_CD
ATP5F1A,2.4957,0.75311,1.307,0.5762,0.56448,0.99553,N1,UC_vs_CD
HAUS1,0.48004,2.3809,4.1592,0.57243,0.56703,0.99553,N1,UC_vs_CD
C18orf25,1.411,1.2876,1.9636,0.65573,0.512,0.99553,N1,UC_vs_CD
PIAS2,0.30813,2.1491,4.3393,0.49527,0.62041,0.99553,N1,UC_vs_CD
HDHD2,0.11463,0.076876,4.1956,0.018323,0.98538,0.99553,N1,UC_vs_CD
IER3IP1,0.46815,2.6288,3.7763,0.69614,0.48634,0.99553,N1,UC_vs_CD
SMAD2,1.0594,-0.67199,1.4321,-0.46923,0.63891,0.99553,N1,UC_vs_CD
SMAD7,0.48059,2.0935,2.0312,1.0306,0.30271,0.99553,N1,UC_vs_CD
AC016866.1,0.035259,0.57985,4.1749,0.13889,0.88954,0.99553,N1,UC_vs_CD
DYM,0.27464,0.50675,3.2634,0.15528,0.8766,0.99553,N1,UC_vs_CD
C18orf32,0.93356,-2.5959,1.6461,-1.5771,0.11478,0.99553,N1,UC_vs_CD
RPL17,2.2347,1.3954,1.3345,1.0456,0.29573,0.99553,N1,UC_vs_CD
LIPG,0.10906,-0.1236,2.6028,-0.047487,0.96213,0.99553,N1,UC_vs_CD
ACAA2,0.79342,3.2979,2.7437,1.202,0.22936,0.99553,N1,UC_vs_CD
MBD1,0.51764,1.5919,2.3767,0.66981,0.50298,0.99553,N1,UC_vs_CD
CXXC1,0.60987,0.62881,2.0711,0.30361,0.76143,0.99553,N1,UC_vs_CD
MRO,0.16001,1.7355,4.296,0.40399,0.68622,0.99553,N1,UC_vs_CD
ME2,1.7143,0.26598,1.1035,0.24104,0.80953,0.99553,N1,UC_vs_CD
SMAD4,0.87247,2.4855,2.2302,1.1144,0.26509,0.99553,N1,UC_vs_CD
MEX3C,0.32389,-1.1824,2.4182,-0.48895,0.62487,0.99553,N1,UC_vs_CD
MBD2,1.5016,-0.083226,1.1771,-0.070703,0.94363,0.99553,N1,UC_vs_CD
AC093462.1,0.035259,0.57985,4.1749,0.13889,0.88954,0.99553,N1,UC_vs_CD
C18orf54,0.035259,0.57985,4.1749,0.13889,0.88954,0.99553,N1,UC_vs_CD
TCF4,2.7848,0.87001,1.4612,0.59542,0.55156,0.99553,N1,UC_vs_CD
TXNL1,3.6037,0.66127,1.2062,0.54824,0.58353,0.99553,N1,UC_vs_CD
NARS,0.95341,1.0599,2.128,0.49808,0.61843,0.99553,N1,UC_vs_CD
AC027097.1,0.11463,0.076876,4.1956,0.018323,0.98538,0.99553,N1,UC_vs_CD
AC027097.2,0.0738,0.29634,4.1055,0.072182,0.94246,0.99553,N1,UC_vs_CD
ALPK2,0.16526,1.7355,4.296,0.40399,0.68622,0.99553,N1,UC_vs_CD
MALT1,1.5753,2.2148,1.6745,1.3227,0.18594,0.99553,N1,UC_vs_CD
ZNF532,0.23906,0.79839,3.5646,0.22398,0.82277,0.99553,N1,UC_vs_CD
SEC11C,17.353,2.0137,1.3094,1.5379,0.12407,0.99553,N1,UC_vs_CD
LMAN1,5.8835,1.1895,1.6206,0.734,0.46295,0.99553,N1,UC_vs_CD
PMAIP1,5.7168,-0.478,0.85223,-0.56089,0.57487,0.99553,N1,UC_vs_CD
CDH20,0.035259,0.57985,4.1749,0.13889,0.88954,0.99553,N1,UC_vs_CD
PIGN,0.32348,1.7502,2.304,0.75963,0.44748,0.99553,N1,UC_vs_CD
KIAA1468,0.42766,0.79337,2.488,0.31887,0.74982,0.99553,N1,UC_vs_CD
ZCCHC2,0.948,-0.38417,2.0048,-0.19163,0.84803,0.99553,N1,UC_vs_CD
PHLPP1,0.42617,0.63384,1.9421,0.32637,0.74414,0.99553,N1,UC_vs_CD
BCL2,0.78526,3.2204,2.3861,1.3496,0.17713,0.99553,N1,UC_vs_CD
KDSR,0.35058,1.2631,2.2148,0.57031,0.56847,0.99553,N1,UC_vs_CD
VPS4B,3.9922,-0.62376,0.85609,-0.72861,0.46624,0.99553,N1,UC_vs_CD
SERPINB4,0.16001,1.7355,4.296,0.40399,0.68622,0.99553,N1,UC_vs_CD
SERPINB2,0.57354,3.3727,2.567,1.3139,0.18889,0.99553,N1,UC_vs_CD
SERPINB8,0.71382,-0.21239,1.9374,-0.10962,0.91271,0.99553,N1,UC_vs_CD
TMX3,0.83242,1.9627,1.9786,0.99199,0.3212,0.99553,N1,UC_vs_CD
CD226,0.38141,-0.37825,3.8257,-0.09887,0.92124,0.99553,N1,UC_vs_CD
RTTN,0.0738,0.29634,4.1055,0.072182,0.94246,0.99553,N1,UC_vs_CD
TIMM21,0.32528,2.1316,3.0535,0.69809,0.48512,0.99553,N1,UC_vs_CD
CYB5A,0.52936,1.5356,3.9232,0.39143,0.69548,0.99553,N1,UC_vs_CD
CNDP2,3.2605,-0.033307,1.0166,-0.032763,0.97386,0.99553,N1,UC_vs_CD
LINC00909,0.53182,-0.35848,1.9714,-0.18184,0.85571,0.99553,N1,UC_vs_CD
ZNF407,0.31286,-0.0019167,3.8616,-0.00049634,0.9996,0.99979,N1,UC_vs_CD
AC015819.2,0.63684,0.45519,1.8425,0.24704,0.80488,0.99553,N1,UC_vs_CD
AC015819.1,0.15185,1.7355,4.296,0.40399,0.68622,0.99553,N1,UC_vs_CD
ZADH2,0.40949,0.58639,3.8309,0.15307,0.87834,0.99553,N1,UC_vs_CD
ZNF516,0.31515,-0.14493,2.2684,-0.063888,0.94906,0.99553,N1,UC_vs_CD
ZNF236,0.38567,1.2777,2.4678,0.51772,0.60465,0.99553,N1,UC_vs_CD
MBP,8.6748,-0.85674,0.87913,-0.97453,0.32979,0.99553,N1,UC_vs_CD
AC018529.2,0.32946,-1.7623,2.0429,-0.86262,0.38834,0.99553,N1,UC_vs_CD
ATP9B,0.33052,2.1419,4.2023,0.5097,0.61026,0.99553,N1,UC_vs_CD
CTDP1,0.67655,0.62416,1.8433,0.33861,0.73491,0.99553,N1,UC_vs_CD
PQLC1,1.4193,0.91979,1.2871,0.7146,0.47486,0.99553,N1,UC_vs_CD
TXNL4A,0.47633,0.58139,1.8404,0.31591,0.75207,0.99553,N1,UC_vs_CD
RBFA,0.54194,1.7047,2.6528,0.64262,0.52047,0.99553,N1,UC_vs_CD
ADNP2,2.2897,-0.19003,0.92767,-0.20485,0.83769,0.99553,N1,UC_vs_CD
C20orf96,0.16001,1.7355,4.296,0.40399,0.68622,0.99553,N1,UC_vs_CD
ZCCHC3,0.50423,1.5807,2.3589,0.67011,0.50279,0.99553,N1,UC_vs_CD
NRSN2-AS1,0.16001,1.7355,4.296,0.40399,0.68622,0.99553,N1,UC_vs_CD
TRIB3,1.8493,1.1079,1.6703,0.6633,0.50714,0.99553,N1,UC_vs_CD
RBCK1,3.7399,-2.4052,1.173,-2.0505,0.040313,0.99553,N1,UC_vs_CD
TBC1D20,0.81298,0.99267,1.6083,0.6172,0.5371,0.99553,N1,UC_vs_CD
CSNK2A1,1.8577,1.2593,1.5464,0.81435,0.41544,0.99553,N1,UC_vs_CD
FAM110A,0.4835,2.0946,2.4814,0.84409,0.39862,0.99553,N1,UC_vs_CD
PSMF1,1.3372,1.3565,1.8596,0.72942,0.46575,0.99553,N1,UC_vs_CD
SDCBP2-AS1,0.0738,0.29634,4.1055,0.072182,0.94246,0.99553,N1,UC_vs_CD
AL136531.1,0.16001,1.7355,4.296,0.40399,0.68622,0.99553,N1,UC_vs_CD
FKBP1A,9.2965,0.18446,0.56364,0.32727,0.74347,0.99553,N1,UC_vs_CD
NSFL1C,0.96436,0.086426,1.3461,0.064202,0.94881,0.99553,N1,UC_vs_CD
SIRPB2,0.070518,0.17302,4.0786,0.042422,0.96616,0.99553,N1,UC_vs_CD
SIRPD,0.0738,0.29634,4.1055,0.072182,0.94246,0.99553,N1,UC_vs_CD
SIRPB1,2.0638,-0.32671,1.0083,-0.32404,0.74591,0.99553,N1,UC_vs_CD
AL121760.1,0.035259,0.57985,4.1749,0.13889,0.88954,0.99553,N1,UC_vs_CD
AL117335.1,0.92222,0.5479,1.4987,0.36557,0.71468,0.99553,N1,UC_vs_CD
SIRPA,7.2016,-0.38539,0.57435,-0.671,0.50222,0.99553,N1,UC_vs_CD
PDYN-AS1,0.035259,0.57985,4.1749,0.13889,0.88954,0.99553,N1,UC_vs_CD
STK35,0.65329,0.22414,1.9865,0.11283,0.91016,0.99553,N1,UC_vs_CD
AL121899.1,0.10578,-0.14974,4.0165,-0.037281,0.97026,0.99553,N1,UC_vs_CD
TGM3,0.83345,0.70544,1.953,0.36122,0.71794,0.99553,N1,UC_vs_CD
SNRPB,4.465,2.3731,1.4139,1.6784,0.09327,0.99553,N1,UC_vs_CD
ZNF343,0.16001,1.7355,4.296,0.40399,0.68622,0.99553,N1,UC_vs_CD
NOP56,1.2811,1.9766,1.709,1.1566,0.24743,0.99553,N1,UC_vs_CD
IDH3B,1.338,1.2292,1.3621,0.90241,0.36684,0.99553,N1,UC_vs_CD
VPS16,0.46815,2.6288,3.7763,0.69614,0.48634,0.99553,N1,UC_vs_CD
PTPRA,0.39579,0.83656,2.333,0.35858,0.71991,0.99553,N1,UC_vs_CD
MRPS26,0.29748,-1.5477,2.1698,-0.7133,0.47566,0.99553,N1,UC_vs_CD
UBOX5,0.16347,1.3862,2.7687,0.50066,0.61661,0.99553,N1,UC_vs_CD
FASTKD5,0.10906,-0.1236,2.6028,-0.047487,0.96213,0.99553,N1,UC_vs_CD
DDRGK1,0.035259,0.57985,4.1749,0.13889,0.88954,0.99553,N1,UC_vs_CD
ITPA,0.27432,0.25917,2.2534,0.11501,0.90844,0.99553,N1,UC_vs_CD
C20orf194,0.31712,2.1207,3.0327,0.69927,0.48438,0.99553,N1,UC_vs_CD
ATRN,0.0738,0.29634,4.1055,0.072182,0.94246,0.99553,N1,UC_vs_CD
CENPB,0.27464,0.50675,3.2634,0.15528,0.8766,0.99553,N1,UC_vs_CD
CDC25B,0.46815,2.6288,3.7763,0.69614,0.48634,0.99553,N1,UC_vs_CD
MAVS,0.30761,-0.0017928,3.8441,-0.00046637,0.99963,0.99979,N1,UC_vs_CD
AL353194.1,0.035259,0.57985,4.1749,0.13889,0.88954,0.99553,N1,UC_vs_CD
PANK2,0.32946,-1.7623,2.0429,-0.86262,0.38834,0.99553,N1,UC_vs_CD
AL031670.1,0.035259,0.57985,4.1749,0.13889,0.88954,0.99553,N1,UC_vs_CD
RNF24,4.8665,-1.6737,1.3942,-1.2005,0.22994,0.99553,N1,UC_vs_CD
SMOX,0.18711,0.95949,3.1139,0.30814,0.75798,0.99553,N1,UC_vs_CD
PRNP,2.2147,0.71904,1.7664,0.40708,0.68395,0.99553,N1,UC_vs_CD
RASSF2,5.9226,-0.057748,0.7932,-0.072803,0.94196,0.99553,N1,UC_vs_CD
SLC23A2,0.23381,0.79896,3.5449,0.22538,0.82168,0.99553,N1,UC_vs_CD
TMEM230,2.404,2.1037,1.5511,1.3563,0.17502,0.99553,N1,UC_vs_CD
PCNA,1.1435,3.0382,3.0794,0.98664,0.32382,0.99553,N1,UC_vs_CD
CDS2,1.5697,-0.44128,1.4456,-0.30526,0.76017,0.99553,N1,UC_vs_CD
LINC00654,0.070518,0.17302,4.0786,0.042422,0.96616,0.99553,N1,UC_vs_CD
GPCPD1,8.2481,-1.312,0.76314,-1.7192,0.085571,0.99553,N1,UC_vs_CD
SHLD1,0.60337,0.9871,1.7402,0.56724,0.57055,0.99553,N1,UC_vs_CD
TRMT6,0.44533,2.8925,2.5539,1.1326,0.25738,0.99553,N1,UC_vs_CD
TMX4,2.276,0.20472,1.4969,0.13677,0.89122,0.99553,N1,UC_vs_CD
LAMP5,0.1476,-0.38372,3.978,-0.09646,0.92315,0.99553,N1,UC_vs_CD
MKKS,0.035259,0.57985,4.1749,0.13889,0.88954,0.99553,N1,UC_vs_CD
SLX4IP,0.035259,0.57985,4.1749,0.13889,0.88954,0.99553,N1,UC_vs_CD
JAG1,0.10578,-0.14974,4.0165,-0.037281,0.97026,0.99553,N1,UC_vs_CD
SPTLC3,0.16526,1.7355,4.296,0.40399,0.68622,0.99553,N1,UC_vs_CD
ESF1,0.73767,0.77174,2.7223,0.28349,0.7768,0.99553,N1,UC_vs_CD
NDUFAF5,0.32003,2.1244,4.2058,0.50511,0.61349,0.99553,N1,UC_vs_CD
KIF16B,0.035259,0.57985,4.1749,0.13889,0.88954,0.99553,N1,UC_vs_CD
SNRPB2,3.7198,1.1614,0.99111,1.1718,0.24127,0.99553,N1,UC_vs_CD
DSTN,2.4467,0.0030536,0.84699,0.0036052,0.99712,0.99979,N1,UC_vs_CD
RRBP1,4.693,-0.030971,0.97347,-0.031816,0.97462,0.99553,N1,UC_vs_CD
SNX5,1.5982,-0.82322,1.2101,-0.68028,0.49633,0.99553,N1,UC_vs_CD
MGME1,0.27464,0.50675,3.2634,0.15528,0.8766,0.99553,N1,UC_vs_CD
PET117,0.32003,2.1244,4.2058,0.50511,0.61349,0.99553,N1,UC_vs_CD
POLR3F,0.16001,1.7355,4.296,0.40399,0.68622,0.99553,N1,UC_vs_CD
SEC23B,1.5704,0.92618,1.5066,0.61473,0.53873,0.99553,N1,UC_vs_CD
SMIM26,3.5469,0.34209,0.99407,0.34413,0.73075,0.99553,N1,UC_vs_CD
DTD1,0.22565,0.79989,3.5133,0.22768,0.8199,0.99553,N1,UC_vs_CD
RIN2,0.30371,2.096,4.2116,0.49768,0.61871,0.99553,N1,UC_vs_CD
NAA20,0.55242,-0.18403,1.614,-0.11403,0.90922,0.99553,N1,UC_vs_CD
CRNKL1,0.44515,0.98635,3.5221,0.28005,0.77944,0.99553,N1,UC_vs_CD
RALGAPA2,4.3408,-0.4668,0.84493,-0.55247,0.58063,0.99553,N1,UC_vs_CD
KIZ,0.11463,0.076876,4.1956,0.018323,0.98538,0.99553,N1,UC_vs_CD
XRN2,4.102,-0.4693,0.74735,-0.62796,0.53003,0.99553,N1,UC_vs_CD
LINC00261,0.30813,2.1491,4.3393,0.49527,0.62041,0.99553,N1,UC_vs_CD
LINC01384,0.035259,0.57985,4.1749,0.13889,0.88954,0.99553,N1,UC_vs_CD
THBD,7.6778,0.67651,0.77156,0.87681,0.38059,0.99553,N1,UC_vs_CD
CD93,8.7502,1.3503,0.70282,1.9213,0.054694,0.99553,N1,UC_vs_CD
NXT1,3.3065,-1.9003,1.6099,-1.1804,0.23785,0.99553,N1,UC_vs_CD
GZF1,1.6233,-1.3715,1.9142,-0.71648,0.4737,0.99553,N1,UC_vs_CD
NAPB,0.035259,0.57985,4.1749,0.13889,0.88954,0.99553,N1,UC_vs_CD
CST3,4.1555,0.31863,0.87297,0.365,0.71511,0.99553,N1,UC_vs_CD
AL035661.1,0.12821,2.147,4.3394,0.49477,0.62076,0.99553,N1,UC_vs_CD
CST7,11.596,-0.095707,1.5959,-0.059969,0.95218,0.99553,N1,UC_vs_CD
APMAP,1.6749,-0.45587,1.2763,-0.35716,0.72097,0.99553,N1,UC_vs_CD
ACSS1,0.81658,0.8088,2.2175,0.36474,0.71531,0.99553,N1,UC_vs_CD
ENTPD6,0.0738,0.29634,4.1055,0.072182,0.94246,0.99553,N1,UC_vs_CD
AL035252.3,0.16001,1.7355,4.296,0.40399,0.68622,0.99553,N1,UC_vs_CD
PYGB,0.0738,0.29634,4.1055,0.072182,0.94246,0.99553,N1,UC_vs_CD
ABHD12,0.16526,1.7355,4.296,0.40399,0.68622,0.99553,N1,UC_vs_CD
NINL,0.16526,1.7355,4.296,0.40399,0.68622,0.99553,N1,UC_vs_CD
NANP,0.0738,0.29634,4.1055,0.072182,0.94246,0.99553,N1,UC_vs_CD
HM13,10.883,-1.147,0.88172,-1.3008,0.19332,0.99553,N1,UC_vs_CD
AL110115.2,0.0738,0.29634,4.1055,0.072182,0.94246,0.99553,N1,UC_vs_CD
ID1,0.75474,-0.014345,1.6503,-0.0086923,0.99306,0.99968,N1,UC_vs_CD
BCL2L1,0.65363,-0.77079,1.5756,-0.48919,0.6247,0.99553,N1,UC_vs_CD
PDRG1,0.22565,0.79989,3.5133,0.22768,0.8199,0.99553,N1,UC_vs_CD
HCK,11.808,-0.12399,0.74971,-0.16538,0.86864,0.99553,N1,UC_vs_CD
TM9SF4,0.49399,2.1057,2.4961,0.84358,0.39891,0.99553,N1,UC_vs_CD
PLAGL2,1.5945,1.2184,1.1254,1.0826,0.27899,0.99553,N1,UC_vs_CD
POFUT1,0.22368,-1.1647,2.1972,-0.53008,0.59605,0.99553,N1,UC_vs_CD
KIF3B,0.32348,1.7502,2.304,0.75963,0.44748,0.99553,N1,UC_vs_CD
ASXL1,1.2017,1.7522,1.5544,1.1272,0.25966,0.99553,N1,UC_vs_CD
NOL4L,0.87292,1.3234,1.793,0.73805,0.46048,0.99553,N1,UC_vs_CD
COMMD7,0.44008,2.8884,2.5493,1.133,0.25722,0.99553,N1,UC_vs_CD
MAPRE1,4.8385,0.23606,0.8615,0.27401,0.78408,0.99553,N1,UC_vs_CD
AL035071.1,0.63347,-1.3167,2.0934,-0.62901,0.52934,0.99553,N1,UC_vs_CD
CDK5RAP1,0.45947,0.36763,2.6116,0.14077,0.88805,0.99553,N1,UC_vs_CD
SNTA1,0.11463,0.076876,4.1956,0.018323,0.98538,0.99553,N1,UC_vs_CD
CBFA2T2,0.86083,0.26142,1.4636,0.17861,0.85824,0.99553,N1,UC_vs_CD
E2F1,0.11463,0.076876,4.1956,0.018323,0.98538,0.99553,N1,UC_vs_CD
PXMP4,0.16001,1.7355,4.296,0.40399,0.68622,0.99553,N1,UC_vs_CD
ZNF341,0.0738,0.29634,4.1055,0.072182,0.94246,0.99553,N1,UC_vs_CD
CHMP4B,2.4277,0.21354,1.0181,0.20974,0.83387,0.99553,N1,UC_vs_CD
RALY,1.6966,0.25527,1.2238,0.20858,0.83478,0.99553,N1,UC_vs_CD
EIF2S2,4.6748,0.49626,0.9587,0.51764,0.60471,0.99553,N1,UC_vs_CD
AHCY,0.27464,0.50675,3.2634,0.15528,0.8766,0.99553,N1,UC_vs_CD
ITCH,2.1194,0.061074,1.0469,0.058338,0.95348,0.99553,N1,UC_vs_CD
ITCH-AS1,0.16001,1.7355,4.296,0.40399,0.68622,0.99553,N1,UC_vs_CD
DYNLRB1,3.0454,0.31376,0.84203,0.37262,0.70943,0.99553,N1,UC_vs_CD
MAP1LC3A,2.3705,-0.20626,1.2,-0.17187,0.86354,0.99553,N1,UC_vs_CD
NCOA6,0.40949,0.58639,3.8309,0.15307,0.87834,0.99553,N1,UC_vs_CD
TP53INP2,4.0199,-0.2174,1.1069,-0.19641,0.84429,0.99553,N1,UC_vs_CD
GGT7,0.16001,1.7355,4.296,0.40399,0.68622,0.99553,N1,UC_vs_CD
ACSS2,2.4526,-0.70141,0.9101,-0.7707,0.44089,0.99553,N1,UC_vs_CD
GSS,0.035259,0.57985,4.1749,0.13889,0.88954,0.99553,N1,UC_vs_CD
TRPC4AP,0.83552,0.47206,1.736,0.27192,0.78568,0.99553,N1,UC_vs_CD
EDEM2,2.1038,0.25924,1.5858,0.16347,0.87015,0.99553,N1,UC_vs_CD
PROCR,0.16526,1.7355,4.296,0.40399,0.68622,0.99553,N1,UC_vs_CD
MMP24OS,1.2997,-1.1108,1.2884,-0.8622,0.38858,0.99553,N1,UC_vs_CD
EIF6,2.1251,0.041181,1.5314,0.02689,0.97855,0.99553,N1,UC_vs_CD
FO393401.1,0.30761,-0.0017928,3.8441,-0.00046637,0.99963,0.99979,N1,UC_vs_CD
ERGIC3,2.5556,0.71803,1.2583,0.57062,0.56826,0.99553,N1,UC_vs_CD
SPAG4,0.75436,1.0158,2.0474,0.49614,0.61979,0.99553,N1,UC_vs_CD
CPNE1,2.9698,4.5491,1.62,2.8081,0.0049837,0.99553,N1,UC_vs_CD
RBM12,0.82151,1.2609,2.0924,0.60259,0.54678,0.99553,N1,UC_vs_CD
ROMO1,4.007,0.7823,0.74665,1.0478,0.29475,0.99553,N1,UC_vs_CD
RBM39,14.98,0.53079,0.71871,0.73853,0.46019,0.99553,N1,UC_vs_CD
PHF20,3.7964,-0.00064796,1.0889,-0.00059508,0.99953,0.99979,N1,UC_vs_CD
SCAND1,0.69822,-0.62084,1.551,-0.40028,0.68895,0.99553,N1,UC_vs_CD
CNBD2,0.11463,0.076876,4.1956,0.018323,0.98538,0.99553,N1,UC_vs_CD
NORAD,2.1417,0.27587,0.96904,0.28468,0.77589,0.99553,N1,UC_vs_CD
AAR2,0.11463,0.076876,4.1956,0.018323,0.98538,0.99553,N1,UC_vs_CD
DLGAP4,0.22237,0.52589,3.4052,0.15444,0.87726,0.99553,N1,UC_vs_CD
DLGAP4-AS1,0.035259,0.57985,4.1749,0.13889,0.88954,0.99553,N1,UC_vs_CD
TGIF2,0.84088,-1.4056,1.5407,-0.91232,0.3616,0.99553,N1,UC_vs_CD
RAB5IF,4.5995,-1.6443,1.7246,-0.95348,0.34035,0.99553,N1,UC_vs_CD
SLA2,0.16526,1.7355,4.296,0.40399,0.68622,0.99553,N1,UC_vs_CD
DSN1,0.52729,2.0107,2.086,0.96391,0.33509,0.99553,N1,UC_vs_CD
SOGA1,0.23906,0.79839,3.5646,0.22398,0.82277,0.99553,N1,UC_vs_CD
SAMHD1,5.7963,-1.3313,1.0654,-1.2497,0.21142,0.99553,N1,UC_vs_CD
RBL1,0.50289,0.049486,2.5642,0.019299,0.9846,0.99553,N1,UC_vs_CD
RPN2,7.4219,2.0081,1.3101,1.5329,0.12531,0.99553,N1,UC_vs_CD
MANBAL,0.90981,0.21663,1.8614,0.11638,0.90735,0.99553,N1,UC_vs_CD
SRC,0.8432,1.2372,2.6945,0.45915,0.64613,0.99553,N1,UC_vs_CD
BLCAP,0.10906,-0.1236,2.6028,-0.047487,0.96213,0.99553,N1,UC_vs_CD
AL162293.1,0.035259,0.57985,4.1749,0.13889,0.88954,0.99553,N1,UC_vs_CD
CTNNBL1,0.97172,-0.15019,1.5147,-0.099155,0.92102,0.99553,N1,UC_vs_CD
TTI1,0.0738,0.29634,4.1055,0.072182,0.94246,0.99553,N1,UC_vs_CD
RPRD1B,0.25894,-1.4133,2.0923,-0.67547,0.49937,0.99553,N1,UC_vs_CD
TGM2,0.63423,2.5662,3.1861,0.80546,0.42056,0.99553,N1,UC_vs_CD
KIAA1755,0.16526,1.7355,4.296,0.40399,0.68622,0.99553,N1,UC_vs_CD
RALGAPB,0.52729,2.0107,2.086,0.96391,0.33509,0.99553,N1,UC_vs_CD
FAM83D,0.16001,1.7355,4.296,0.40399,0.68622,0.99553,N1,UC_vs_CD
MAFB,3.5016,1.4264,1.1404,1.2508,0.21099,0.99553,N1,UC_vs_CD
TOP1,9.4604,-0.69199,0.78023,-0.88691,0.37513,0.99553,N1,UC_vs_CD
CHD6,0.23381,0.79896,3.5449,0.22538,0.82168,0.99553,N1,UC_vs_CD
SRSF6,1.4893,0.044904,1.5779,0.028458,0.9773,0.99553,N1,UC_vs_CD
IFT52,0.19527,0.95987,3.1507,0.30465,0.76063,0.99553,N1,UC_vs_CD
MYBL2,0.16001,1.7355,4.296,0.40399,0.68622,0.99553,N1,UC_vs_CD
OSER1,4.6495,-0.23062,0.86157,-0.26767,0.78896,0.99553,N1,UC_vs_CD
OSER1-DT,0.035259,0.57985,4.1749,0.13889,0.88954,0.99553,N1,UC_vs_CD
FITM2,0.23381,0.79896,3.5449,0.22538,0.82168,0.99553,N1,UC_vs_CD
TTPAL,1.2862,-0.064162,1.3327,-0.048143,0.9616,0.99553,N1,UC_vs_CD
SERINC3,7.7029,-0.33663,0.70396,-0.4782,0.63251,0.99553,N1,UC_vs_CD
PKIG,0.31712,2.1207,3.0327,0.69927,0.48438,0.99553,N1,UC_vs_CD
ADA,0.16001,1.7355,4.296,0.40399,0.68622,0.99553,N1,UC_vs_CD
YWHAB,13.975,0.16074,0.43472,0.36976,0.71156,0.99553,N1,UC_vs_CD
PABPC1L,0.23381,0.79896,3.5449,0.22538,0.82168,0.99553,N1,UC_vs_CD
STK4,9.7386,0.11434,0.60116,0.1902,0.84915,0.99553,N1,UC_vs_CD
PI3,91.854,-2.1795,0.57798,-3.771,0.00016261,0.45457,N1,UC_vs_CD
SLPI,15.487,-2.5503,0.94245,-2.706,0.0068102,0.99553,N1,UC_vs_CD
SDC4,0.10906,-0.1236,2.6028,-0.047487,0.96213,0.99553,N1,UC_vs_CD
SYS1,1.5057,-0.276,1.318,-0.2094,0.83413,0.99553,N1,UC_vs_CD
PIGT,0.50813,0.088331,1.9249,0.04589,0.9634,0.99553,N1,UC_vs_CD
WFDC2,0.035259,0.57985,4.1749,0.13889,0.88954,0.99553,N1,UC_vs_CD
DNTTIP1,1.2054,0.11386,1.2681,0.089788,0.92846,0.99553,N1,UC_vs_CD
UBE2C,0.47188,2.3759,3.1692,0.74969,0.45344,0.99553,N1,UC_vs_CD
TNNC2,0.035259,0.57985,4.1749,0.13889,0.88954,0.99553,N1,UC_vs_CD
ACOT8,0.22925,-0.75796,4.1396,-0.1831,0.85472,0.99553,N1,UC_vs_CD
ZSWIM1,0.11463,0.076876,4.1956,0.018323,0.98538,0.99553,N1,UC_vs_CD
CTSA,1.1387,-1.0296,1.4282,-0.72095,0.47094,0.99553,N1,UC_vs_CD
PLTP,0.23381,0.79896,3.5449,0.22538,0.82168,0.99553,N1,UC_vs_CD
PCIF1,0.85906,2.4174,1.9313,1.2517,0.21067,0.99553,N1,UC_vs_CD
ZNF335,0.70393,1.8192,2.0168,0.90203,0.36704,0.99553,N1,UC_vs_CD
MMP9,4.363,0.25343,1.3651,0.18564,0.85273,0.99553,N1,UC_vs_CD
NCOA5,0.20052,0.9601,3.1736,0.30253,0.76225,0.99553,N1,UC_vs_CD
CD40,0.4819,0.38901,2.0249,0.19212,0.84765,0.99553,N1,UC_vs_CD
SLC35C2,1.2575,1.6355,1.4817,1.1038,0.26969,0.99553,N1,UC_vs_CD
TP53RK,0.60825,3.1188,3.8065,0.81933,0.4126,0.99553,N1,UC_vs_CD
ZMYND8,1.0667,-0.3962,1.4928,-0.26541,0.7907,0.99553,N1,UC_vs_CD
NCOA3,2.3645,0.62228,0.95803,0.64954,0.51599,0.99553,N1,UC_vs_CD
SULF2,0.96647,-0.13737,1.7135,-0.080169,0.9361,0.99553,N1,UC_vs_CD
PREX1,7.5727,-0.16734,0.68203,-0.24536,0.80618,0.99553,N1,UC_vs_CD
AL133342.1,0.21812,-0.78126,2.4483,-0.3191,0.74965,0.99553,N1,UC_vs_CD
ARFGEF2,0.79537,2.5014,2.0853,1.1996,0.23031,0.99553,N1,UC_vs_CD
CSE1L,0.36054,1.3321,2.322,0.5737,0.56617,0.99553,N1,UC_vs_CD
STAU1,1.4419,-1.7643,1.2023,-1.4675,0.14223,0.99553,N1,UC_vs_CD
DDX27,1.1299,-0.13961,1.3511,-0.10333,0.9177,0.99553,N1,UC_vs_CD
ZNFX1,5.7139,0.02993,0.94294,0.031741,0.97468,0.99553,N1,UC_vs_CD
ZFAS1,5.7875,0.67426,1.0531,0.64026,0.522,0.99553,N1,UC_vs_CD
B4GALT5,5.8794,-0.23115,0.80347,-0.28768,0.77359,0.99553,N1,UC_vs_CD
SLC9A8,1.2145,-0.047614,1.6458,-0.028931,0.97692,0.99553,N1,UC_vs_CD
SPATA2,0.49054,2.3956,3.2087,0.74659,0.45531,0.99553,N1,UC_vs_CD
RNF114,1.5985,0.20705,1.429,0.1449,0.88479,0.99553,N1,UC_vs_CD
SNAI1,0.79051,3.2943,2.7408,1.2019,0.22939,0.99553,N1,UC_vs_CD
UBE2V1,0.39383,1.2613,3.9508,0.31926,0.74953,0.99553,N1,UC_vs_CD
TMEM189,0.30813,2.1491,4.3393,0.49527,0.62041,0.99553,N1,UC_vs_CD
CEBPB,25.714,-0.457,0.41234,-1.1083,0.26772,0.99553,N1,UC_vs_CD
SMIM25,25.598,-0.21094,0.59544,-0.35425,0.72315,0.99553,N1,UC_vs_CD
LINC01270,0.23399,0.60098,2.9277,0.20527,0.83736,0.99553,N1,UC_vs_CD
PTPN1,4.388,0.58939,0.98755,0.59682,0.55063,0.99553,N1,UC_vs_CD
PARD6B,0.62816,3.0923,3.9964,0.77377,0.43907,0.99553,N1,UC_vs_CD
BCAS4,0.035259,0.57985,4.1749,0.13889,0.88954,0.99553,N1,UC_vs_CD
ADNP,0.96501,-0.39701,1.7395,-0.22823,0.81947,0.99553,N1,UC_vs_CD
DPM1,1.3271,0.54811,1.5681,0.34955,0.72668,0.99553,N1,UC_vs_CD
MOCS3,0.16526,1.7355,4.296,0.40399,0.68622,0.99553,N1,UC_vs_CD
NFATC2,0.47188,2.3759,3.1692,0.74969,0.45344,0.99553,N1,UC_vs_CD
ZFP64,0.16001,1.7355,4.296,0.40399,0.68622,0.99553,N1,UC_vs_CD
TSHZ2,0.35386,1.5544,2.4165,0.64324,0.52007,0.99553,N1,UC_vs_CD
ZNF217,1.1707,-1.0392,1.8389,-0.56513,0.57198,0.99553,N1,UC_vs_CD
BCAS1,0.035259,0.57985,4.1749,0.13889,0.88954,0.99553,N1,UC_vs_CD
PFDN4,0.48529,2.3901,3.1978,0.74742,0.45481,0.99553,N1,UC_vs_CD
FAM210B,0.18843,-0.92039,3.1557,-0.29166,0.77055,0.99553,N1,UC_vs_CD
CSTF1,0.92651,0.085891,1.521,0.056468,0.95497,0.99553,N1,UC_vs_CD
CASS4,6.493,-1.0789,1.114,-0.96847,0.33281,0.99553,N1,UC_vs_CD
RTF2,8.644,0.066213,0.5793,0.1143,0.909,0.99553,N1,UC_vs_CD
RAE1,0.72198,-0.20958,1.9464,-0.10768,0.91425,0.99553,N1,UC_vs_CD
AL109955.1,0.0738,0.29634,4.1055,0.072182,0.94246,0.99553,N1,UC_vs_CD
RBM38,0.48238,2.3869,3.1913,0.74793,0.4545,0.99553,N1,UC_vs_CD
AL035541.1,0.12821,2.147,4.3394,0.49477,0.62076,0.99553,N1,UC_vs_CD
ZBP1,4.6469,-0.9754,1.0031,-0.97237,0.33087,0.99553,N1,UC_vs_CD
PMEPA1,0.84285,-0.45334,1.6199,-0.27985,0.77959,0.99553,N1,UC_vs_CD
RAB22A,1.0126,-1.9044,1.4109,-1.3498,0.17707,0.99553,N1,UC_vs_CD
VAPB,0.23053,0.5269,3.4413,0.15311,0.87831,0.99553,N1,UC_vs_CD
STX16,2.9583,2.0715,1.1797,1.756,0.079089,0.99553,N1,UC_vs_CD
NPEPL1,0.11463,0.076876,4.1956,0.018323,0.98538,0.99553,N1,UC_vs_CD
GNAS,7.6252,1.186,0.68282,1.7369,0.08241,0.99553,N1,UC_vs_CD
NELFCD,0.23906,0.79839,3.5646,0.22398,0.82277,0.99553,N1,UC_vs_CD
CTSZ,1.5736,0.23343,1.7182,0.13586,0.89193,0.99553,N1,UC_vs_CD
TUBB1,0.15185,1.7355,4.296,0.40399,0.68622,0.99553,N1,UC_vs_CD
ATP5F1E,68.427,-0.27594,0.51617,-0.53459,0.59294,0.99553,N1,UC_vs_CD
PRELID3B,1.0086,0.76151,2.1907,0.34762,0.72813,0.99553,N1,UC_vs_CD
SYCP2,0.16526,1.7355,4.296,0.40399,0.68622,0.99553,N1,UC_vs_CD
FAM217B,0.38567,1.2777,2.4678,0.51772,0.60465,0.99553,N1,UC_vs_CD
PPP1R3D,0.51014,1.8408,2.2845,0.80577,0.42038,0.99553,N1,UC_vs_CD
MIR646HG,0.11463,0.076876,4.1956,0.018323,0.98538,0.99553,N1,UC_vs_CD
TAF4,0.26091,0.25946,2.237,0.11598,0.90767,0.99553,N1,UC_vs_CD
AL137077.2,0.070518,0.17302,4.0786,0.042422,0.96616,0.99553,N1,UC_vs_CD
LSM14B,0.32528,2.1316,3.0535,0.69809,0.48512,0.99553,N1,UC_vs_CD
PSMA7,9.0715,-0.12126,0.57617,-0.21047,0.8333,0.99553,N1,UC_vs_CD
SS18L1,0.36578,1.3487,3.6973,0.36478,0.71527,0.99553,N1,UC_vs_CD
MTG2,1.0083,0.14636,1.4145,0.10347,0.91759,0.99553,N1,UC_vs_CD
OSBPL2,1.535,-0.8095,1.167,-0.69366,0.4879,0.99553,N1,UC_vs_CD
ADRM1,1.4181,-0.86247,1.3279,-0.64948,0.51603,0.99553,N1,UC_vs_CD
LAMA5,0.0738,0.29634,4.1055,0.072182,0.94246,0.99553,N1,UC_vs_CD
AL121832.2,0.30813,2.1491,4.3393,0.49527,0.62041,0.99553,N1,UC_vs_CD
RPS21,27.427,0.77279,0.87196,0.88627,0.37547,0.99553,N1,UC_vs_CD
CABLES2,0.10906,-0.1236,2.6028,-0.047487,0.96213,0.99553,N1,UC_vs_CD
SLCO4A1,0.59144,0.8798,1.9545,0.45014,0.65261,0.99553,N1,UC_vs_CD
AL357033.4,0.10906,-0.1236,2.6028,-0.047487,0.96213,0.99553,N1,UC_vs_CD
LINC00659,0.0738,0.29634,4.1055,0.072182,0.94246,0.99553,N1,UC_vs_CD
MRGBP,0.19527,0.95987,3.1507,0.30465,0.76063,0.99553,N1,UC_vs_CD
OGFR,1.6061,-1.9671,1.4283,-1.3772,0.16846,0.99553,N1,UC_vs_CD
COL9A3,0.16347,1.3862,2.7687,0.50066,0.61661,0.99553,N1,UC_vs_CD
TCFL5,0.035259,0.57985,4.1749,0.13889,0.88954,0.99553,N1,UC_vs_CD
DIDO1,1.0548,0.98877,1.8853,0.52447,0.59995,0.99553,N1,UC_vs_CD
SLC17A9,0.16001,1.7355,4.296,0.40399,0.68622,0.99553,N1,UC_vs_CD
YTHDF1,0.41833,0.93522,3.469,0.26959,0.78747,0.99553,N1,UC_vs_CD
ARFGAP1,0.33959,-0.30429,2.1354,-0.14249,0.88669,0.99553,N1,UC_vs_CD
PPDPF,1.5172,-1.2808,1.164,-1.1004,0.27118,0.99553,N1,UC_vs_CD
HELZ2,3.1439,-1.25,1.423,-0.8784,0.37973,0.99553,N1,UC_vs_CD
GMEB2,0.20052,0.9601,3.1736,0.30253,0.76225,0.99553,N1,UC_vs_CD
MHENCR,0.18843,-0.92039,3.1557,-0.29166,0.77055,0.99553,N1,UC_vs_CD
ARFRP1,0.61948,0.46812,2.7396,0.17087,0.86433,0.99553,N1,UC_vs_CD
SLC2A4RG,0.23381,0.79896,3.5449,0.22538,0.82168,0.99553,N1,UC_vs_CD
ZBTB46,0.12821,2.147,4.3394,0.49477,0.62076,0.99553,N1,UC_vs_CD
TPD52L2,2.4838,-0.24276,1.3066,-0.18579,0.85261,0.99553,N1,UC_vs_CD
DNAJC5,1.3377,-0.83584,1.1852,-0.70522,0.48067,0.99553,N1,UC_vs_CD
UCKL1,0.27464,0.50675,3.2634,0.15528,0.8766,0.99553,N1,UC_vs_CD
UCKL1-AS1,0.11463,0.076876,4.1956,0.018323,0.98538,0.99553,N1,UC_vs_CD
PRPF6,1.9895,0.98299,1.2636,0.77792,0.43662,0.99553,N1,UC_vs_CD
RGS19,2.5009,-1.5152,1.3702,-1.1058,0.2688,0.99553,N1,UC_vs_CD
PCMTD2,0.3099,-0.14541,2.2609,-0.064314,0.94872,0.99553,N1,UC_vs_CD
PLPP2,0.30813,2.1491,4.3393,0.49527,0.62041,0.99553,N1,UC_vs_CD
SHC2,0.30813,2.1491,4.3393,0.49527,0.62041,0.99553,N1,UC_vs_CD
CDC34,0.16526,1.7355,4.296,0.40399,0.68622,0.99553,N1,UC_vs_CD
GZMM,0.16001,1.7355,4.296,0.40399,0.68622,0.99553,N1,UC_vs_CD
BSG,2.2205,0.16314,1.0144,0.16082,0.87223,0.99553,N1,UC_vs_CD
POLRMT,0.0738,0.29634,4.1055,0.072182,0.94246,0.99553,N1,UC_vs_CD
RNF126,0.42276,0.78781,4.0144,0.19624,0.84442,0.99553,N1,UC_vs_CD
FSTL3,0.16526,1.7355,4.296,0.40399,0.68622,0.99553,N1,UC_vs_CD
PTBP1,0.81862,-1.1075,1.7284,-0.64074,0.52169,0.99553,N1,UC_vs_CD
CFD,10.832,2.3242,1.5592,1.4906,0.13606,0.99553,N1,UC_vs_CD
MED16,0.9058,-0.87755,1.7432,-0.50342,0.61467,0.99553,N1,UC_vs_CD
R3HDM4,9.7242,-0.728,0.86981,-0.83697,0.40261,0.99553,N1,UC_vs_CD
ARID3A,1.5462,0.18008,1.2966,0.13889,0.88954,0.99553,N1,UC_vs_CD
WDR18,0.16526,1.7355,4.296,0.40399,0.68622,0.99553,N1,UC_vs_CD
TMEM259,1.6893,-1.1785,1.2087,-0.97503,0.32955,0.99553,N1,UC_vs_CD
CNN2,6.0543,-0.070724,0.81799,-0.08646,0.9311,0.99553,N1,UC_vs_CD
ABCA7,0.9179,1.5034,2.1132,0.71146,0.4768,0.99553,N1,UC_vs_CD
ARHGAP45,1.8781,1.4528,1.1329,1.2824,0.19971,0.99553,N1,UC_vs_CD
POLR2E,0.75145,1.0993,1.6754,0.65614,0.51174,0.99553,N1,UC_vs_CD
GPX4,7.2826,1.1289,1.2339,0.91484,0.36028,0.99553,N1,UC_vs_CD
SBNO2,4.2906,-1.7246,0.97925,-1.7612,0.078205,0.99553,N1,UC_vs_CD
STK11,0.0738,0.29634,4.1055,0.072182,0.94246,0.99553,N1,UC_vs_CD
ATP5F1D,1.6445,-0.66733,1.5302,-0.43609,0.66277,0.99553,N1,UC_vs_CD
MIDN,8.8134,0.36823,0.75887,0.48524,0.6275,0.99553,N1,UC_vs_CD
CIRBP,5.6964,-0.31218,0.84249,-0.37054,0.71098,0.99553,N1,UC_vs_CD
C19orf24,0.10906,-0.1236,2.6028,-0.047487,0.96213,0.99553,N1,UC_vs_CD
MUM1,0.31712,2.1207,3.0327,0.69927,0.48438,0.99553,N1,UC_vs_CD
NDUFS7,0.8404,0.34887,1.6592,0.21026,0.83346,0.99553,N1,UC_vs_CD
DAZAP1,0.498,-1.2888,1.7945,-0.71822,0.47262,0.99553,N1,UC_vs_CD
RPS15,33.42,0.51733,0.88245,0.58625,0.55771,0.99553,N1,UC_vs_CD
C19orf25,1.3237,-0.86448,1.3533,-0.63881,0.52295,0.99553,N1,UC_vs_CD
UQCR11,8.9523,0.54295,0.50098,1.0838,0.27846,0.99553,N1,UC_vs_CD
TCF3,1.2343,2.0373,2.4551,0.82981,0.40665,0.99553,N1,UC_vs_CD
ATP8B3,0.035259,0.57985,4.1749,0.13889,0.88954,0.99553,N1,UC_vs_CD
REXO1,0.15185,1.7355,4.296,0.40399,0.68622,0.99553,N1,UC_vs_CD
AC012615.2,0.035259,0.57985,4.1749,0.13889,0.88954,0.99553,N1,UC_vs_CD
KLF16,0.70721,2.1674,2.1901,0.98964,0.32235,0.99553,N1,UC_vs_CD
AC012615.1,0.22925,-0.75796,4.1396,-0.1831,0.85472,0.99553,N1,UC_vs_CD
ABHD17A,0.52117,-2.4228,2.0268,-1.1954,0.23194,0.99553,N1,UC_vs_CD
SCAMP4,0.035259,0.57985,4.1749,0.13889,0.88954,0.99553,N1,UC_vs_CD
CSNK1G2,2.0054,0.57052,1.2973,0.43979,0.66009,0.99553,N1,UC_vs_CD
BTBD2,0.0738,0.29634,4.1055,0.072182,0.94246,0.99553,N1,UC_vs_CD
MKNK2,2.695,-1.8559,0.94094,-1.9724,0.048568,0.99553,N1,UC_vs_CD
MOB3A,3.26,-0.49104,0.89859,-0.54646,0.58475,0.99553,N1,UC_vs_CD
IZUMO4,0.18711,0.95949,3.1139,0.30814,0.75798,0.99553,N1,UC_vs_CD
AP3D1,1.8982,0.36694,1.2138,0.30231,0.76242,0.99553,N1,UC_vs_CD
DOT1L,2.5094,1.6163,1.086,1.4882,0.13669,0.99553,N1,UC_vs_CD
AC004490.1,0.0738,0.29634,4.1055,0.072182,0.94246,0.99553,N1,UC_vs_CD
PLEKHJ1,1.2488,1.0537,1.3097,0.80452,0.4211,0.99553,N1,UC_vs_CD
SF3A2,0.7296,1.789,2.74,0.65293,0.5138,0.99553,N1,UC_vs_CD
JSRP1,0.035259,0.57985,4.1749,0.13889,0.88954,0.99553,N1,UC_vs_CD
OAZ1,60.689,0.46923,0.479,0.97959,0.32729,0.99553,N1,UC_vs_CD
PEAK3,0.4211,0.67576,2.3294,0.29011,0.77174,0.99553,N1,UC_vs_CD
LSM7,1.8706,-0.45623,1.1513,-0.39628,0.6919,0.99553,N1,UC_vs_CD
SPPL2B,0.60758,1.1374,2.7108,0.41958,0.67479,0.99553,N1,UC_vs_CD
TIMM13,1.8543,0.70284,1.1921,0.58957,0.55548,0.99553,N1,UC_vs_CD
LMNB2,0.0738,0.29634,4.1055,0.072182,0.94246,0.99553,N1,UC_vs_CD
GADD45B,33.969,-0.95377,0.84613,-1.1272,0.25966,0.99553,N1,UC_vs_CD
GNG7,1.4959,-0.19953,1.8438,-0.10822,0.91382,0.99553,N1,UC_vs_CD
DIRAS1,0.16526,1.7355,4.296,0.40399,0.68622,0.99553,N1,UC_vs_CD
SLC39A3,0.0738,0.29634,4.1055,0.072182,0.94246,0.99553,N1,UC_vs_CD
SGTA,0.26579,0.22466,3.6635,0.061323,0.9511,0.99553,N1,UC_vs_CD
THOP1,0.30813,2.1491,4.3393,0.49527,0.62041,0.99553,N1,UC_vs_CD
ZNF554,0.26648,0.49292,3.2388,0.15219,0.87904,0.99553,N1,UC_vs_CD
ZNF555,0.61637,0.75341,1.9378,0.3888,0.69742,0.99553,N1,UC_vs_CD
ZNF556,0.18711,0.95949,3.1139,0.30814,0.75798,0.99553,N1,UC_vs_CD
AES,1.0857,0.43579,1.7994,0.24219,0.80863,0.99553,N1,UC_vs_CD
GNA11,0.18711,0.95949,3.1139,0.30814,0.75798,0.99553,N1,UC_vs_CD
GNA15,0.95226,0.35728,2.0944,0.17059,0.86455,0.99553,N1,UC_vs_CD
AC005264.1,0.035259,0.57985,4.1749,0.13889,0.88954,0.99553,N1,UC_vs_CD
S1PR4,1.0091,0.42116,1.6864,0.24975,0.80278,0.99553,N1,UC_vs_CD
NCLN,0.38567,1.2777,2.4678,0.51772,0.60465,0.99553,N1,UC_vs_CD
NFIC,0.5258,1.5991,2.3876,0.66974,0.50302,0.99553,N1,UC_vs_CD
FZR1,0.42224,-0.94934,2.4952,-0.38046,0.70361,0.99553,N1,UC_vs_CD
MFSD12,1.0965,1.5295,1.2968,1.1794,0.23822,0.99553,N1,UC_vs_CD
HMG20B,0.16001,1.7355,4.296,0.40399,0.68622,0.99553,N1,UC_vs_CD
PIP5K1C,0.39092,1.2838,2.4754,0.51861,0.60403,0.99553,N1,UC_vs_CD
APBA3,0.31335,-0.20346,2.1757,-0.093512,0.9255,0.99553,N1,UC_vs_CD
MRPL54,3.1426,0.095694,1.0004,0.095657,0.92379,0.99553,N1,UC_vs_CD
DAPK3,0.035259,0.57985,4.1749,0.13889,0.88954,0.99553,N1,UC_vs_CD
EEF2,9.4462,0.67184,0.72055,0.93241,0.35113,0.99553,N1,UC_vs_CD
PIAS4,0.61028,2.2167,2.5508,0.86901,0.38484,0.99553,N1,UC_vs_CD
ZBTB7A,1.1188,1.5102,1.4869,1.0157,0.30977,0.99553,N1,UC_vs_CD
MAP2K2,1.547,2.8563,1.343,2.1267,0.033442,0.99553,N1,UC_vs_CD
SIRT6,0.2952,-1.0126,3.8965,-0.25987,0.79497,0.99553,N1,UC_vs_CD
EBI3,0.31187,2.1139,3.0197,0.70005,0.48389,0.99553,N1,UC_vs_CD
YJU2,0.11463,0.076876,4.1956,0.018323,0.98538,0.99553,N1,UC_vs_CD
MPND,0.11463,0.076876,4.1956,0.018323,0.98538,0.99553,N1,UC_vs_CD
SH3GL1,0.5098,0.40365,1.6867,0.23931,0.81087,0.99553,N1,UC_vs_CD
CHAF1A,0.10906,-0.1236,2.6028,-0.047487,0.96213,0.99553,N1,UC_vs_CD
UBXN6,0.38193,1.2016,3.5543,0.33806,0.73532,0.99553,N1,UC_vs_CD
HDGFL2,0.23381,0.79896,3.5449,0.22538,0.82168,0.99553,N1,UC_vs_CD
PLIN4,0.43465,0.96667,3.5014,0.27608,0.78249,0.99553,N1,UC_vs_CD
PLIN5,0.98541,-0.35353,1.594,-0.22178,0.82448,0.99553,N1,UC_vs_CD
AC011498.4,0.81551,2.6731,2.0876,1.2805,0.20038,0.99553,N1,UC_vs_CD
LRG1,7.0376,-0.7625,0.64726,-1.178,0.23878,0.99553,N1,UC_vs_CD
SEMA6B,0.49244,-0.89718,2.1038,-0.42645,0.66978,0.99553,N1,UC_vs_CD
TNFAIP8L1,0.60485,0.82866,2.7432,0.30208,0.76259,0.99553,N1,UC_vs_CD
MYDGF,5.3847,-0.034597,1.5953,-0.021686,0.9827,0.99553,N1,UC_vs_CD
DPP9,0.27989,0.51131,3.2798,0.1559,0.87612,0.99553,N1,UC_vs_CD
FEM1A,0.48041,0.2999,2.3984,0.12504,0.90049,0.99553,N1,UC_vs_CD
AC005523.2,0.19527,0.95987,3.1507,0.30465,0.76063,0.99553,N1,UC_vs_CD
TICAM1,1.2553,-0.78445,1.5202,-0.51602,0.60584,0.99553,N1,UC_vs_CD
PLIN3,2.2444,0.39183,0.97928,0.40013,0.68906,0.99553,N1,UC_vs_CD
KDM4B,1.7877,-0.049667,1.1452,-0.043369,0.96541,0.99553,N1,UC_vs_CD
SAFB2,1.4222,-1.547,1.4741,-1.0495,0.29396,0.99553,N1,UC_vs_CD
SAFB,2.0847,-0.2859,0.94559,-0.30235,0.76239,0.99553,N1,UC_vs_CD
RPL36,42.245,0.6888,0.87038,0.79137,0.42873,0.99553,N1,UC_vs_CD
C19orf70,2.1408,2.8465,1.6797,1.6947,0.090137,0.99553,N1,UC_vs_CD
LONP1,0.47575,-0.9245,2.0528,-0.45035,0.65246,0.99553,N1,UC_vs_CD
DUS3L,0.16526,1.7355,4.296,0.40399,0.68622,0.99553,N1,UC_vs_CD
AC024592.3,0.11463,0.076876,4.1956,0.018323,0.98538,0.99553,N1,UC_vs_CD
NDUFA11,5.5833,0.93378,1.4416,0.64775,0.51715,0.99553,N1,UC_vs_CD
VMAC,0.035259,0.57985,4.1749,0.13889,0.88954,0.99553,N1,UC_vs_CD
CAPS,0.035259,0.57985,4.1749,0.13889,0.88954,0.99553,N1,UC_vs_CD
RANBP3,0.12821,2.147,4.3394,0.49477,0.62076,0.99553,N1,UC_vs_CD
RFX2,0.0738,0.29634,4.1055,0.072182,0.94246,0.99553,N1,UC_vs_CD
AC011444.2,0.12821,2.147,4.3394,0.49477,0.62076,0.99553,N1,UC_vs_CD
MLLT1,0.89072,-1.471,1.47,-1.0007,0.31697,0.99553,N1,UC_vs_CD
AC011471.2,0.16526,1.7355,4.296,0.40399,0.68622,0.99553,N1,UC_vs_CD
CLPP,0.46652,-1.0799,1.9122,-0.56476,0.57224,0.99553,N1,UC_vs_CD
ALKBH7,0.7194,-1.9055,1.8795,-1.0138,0.31065,0.99553,N1,UC_vs_CD
GTF2F1,0.39451,-0.076743,3.4454,-0.022274,0.98223,0.99553,N1,UC_vs_CD
KHSRP,1.064,2.1274,2.2863,0.9305,0.35211,0.99553,N1,UC_vs_CD
CRB3,0.035259,0.57985,4.1749,0.13889,0.88954,0.99553,N1,UC_vs_CD
DENND1C,0.0738,0.29634,4.1055,0.072182,0.94246,0.99553,N1,UC_vs_CD
TNFSF14,18.017,0.48494,0.74986,0.64671,0.51782,0.99553,N1,UC_vs_CD
C3,0.18286,-0.58992,2.6976,-0.21868,0.8269,0.99553,N1,UC_vs_CD
GPR108,3.3135,0.86639,0.84446,1.026,0.30491,0.99553,N1,UC_vs_CD
TRIP10,0.18843,-0.92039,3.1557,-0.29166,0.77055,0.99553,N1,UC_vs_CD
SH2D3A,1.26,-0.87431,3.2131,-0.27211,0.78554,0.99553,N1,UC_vs_CD
VAV1,2.7951,0.13648,0.99907,0.13661,0.89134,0.99553,N1,UC_vs_CD
ADGRE1,1.6086,-1.0182,1.597,-0.63757,0.52375,0.99553,N1,UC_vs_CD
ZNF557,0.0738,0.29634,4.1055,0.072182,0.94246,0.99553,N1,UC_vs_CD
INSR,0.19527,0.95987,3.1507,0.30465,0.76063,0.99553,N1,UC_vs_CD
AC119396.1,0.19527,0.95987,3.1507,0.30465,0.76063,0.99553,N1,UC_vs_CD
ZNF358,0.0738,0.29634,4.1055,0.072182,0.94246,0.99553,N1,UC_vs_CD
MCOLN1,5.9467,-0.28743,0.58119,-0.49455,0.62092,0.99553,N1,UC_vs_CD
PNPLA6,1.5121,0.3792,1.2132,0.31255,0.75462,0.99553,N1,UC_vs_CD
CAMSAP3,0.12821,2.147,4.3394,0.49477,0.62076,0.99553,N1,UC_vs_CD
XAB2,0.16526,1.7355,4.296,0.40399,0.68622,0.99553,N1,UC_vs_CD
PET100,3.8407,-0.48266,1.1397,-0.4235,0.67193,0.99553,N1,UC_vs_CD
STXBP2,5.7282,-0.55684,0.93625,-0.59475,0.55201,0.99553,N1,UC_vs_CD
RETN,0.51284,3.091,4.3278,0.71422,0.47509,0.99553,N1,UC_vs_CD
MCEMP1,6.5764,0.69258,1.051,0.65895,0.50993,0.99553,N1,UC_vs_CD
CLEC4M,0.15185,1.7355,4.296,0.40399,0.68622,0.99553,N1,UC_vs_CD
MAP2K7,0.85253,-0.47677,2.1295,-0.22389,0.82285,0.99553,N1,UC_vs_CD
TGFBR3L,0.16001,1.7355,4.296,0.40399,0.68622,0.99553,N1,UC_vs_CD
TIMM44,0.49276,-1.2886,1.7921,-0.71901,0.47213,0.99553,N1,UC_vs_CD
ELAVL1,0.7676,1.4896,2.1634,0.68856,0.4911,0.99553,N1,UC_vs_CD
CD320,0.73266,-0.086019,2.0741,-0.041472,0.96692,0.99553,N1,UC_vs_CD
NDUFA7,0.57897,-0.58677,1.8347,-0.31982,0.74911,0.99553,N1,UC_vs_CD
RPS28,96.779,0.90233,0.88109,1.0241,0.30578,0.99553,N1,UC_vs_CD
ANGPTL4,0.20052,0.9601,3.1736,0.30253,0.76225,0.99553,N1,UC_vs_CD
RAB11B,0.28863,-1.0732,2.376,-0.45167,0.65151,0.99553,N1,UC_vs_CD
MARCH2,0.48059,2.0935,2.0312,1.0306,0.30271,0.99553,N1,UC_vs_CD
HNRNPM,2.6048,2.0464,1.7918,1.1421,0.25341,0.99553,N1,UC_vs_CD
PRAM1,0.46959,0.246,1.8435,0.13344,0.89384,0.99553,N1,UC_vs_CD
MYO1F,10.694,0.33034,0.58527,0.56443,0.57246,0.99553,N1,UC_vs_CD
ZNF317,0.15185,1.7355,4.296,0.40399,0.68622,0.99553,N1,UC_vs_CD
ZNF699,0.11463,0.076876,4.1956,0.018323,0.98538,0.99553,N1,UC_vs_CD
ZNF266,0.30813,2.1491,4.3393,0.49527,0.62041,0.99553,N1,UC_vs_CD
ZNF426,0.77628,3.5839,4.1642,0.86066,0.38943,0.99553,N1,UC_vs_CD
ZNF562,0.38763,0.82644,2.3196,0.35628,0.72163,0.99553,N1,UC_vs_CD
FBXL12,0.18843,-0.92039,3.1557,-0.29166,0.77055,0.99553,N1,UC_vs_CD
UBL5,20.182,0.17979,0.46425,0.38727,0.69856,0.99553,N1,UC_vs_CD
PIN1,0.35189,-0.3314,1.9042,-0.17404,0.86183,0.99553,N1,UC_vs_CD
C19orf66,1.4453,1.838,1.3189,1.3936,0.16344,0.99553,N1,UC_vs_CD
EIF3G,3.2979,1.2887,1.3264,0.97153,0.33128,0.99553,N1,UC_vs_CD
DNMT1,0.26222,-1.4233,3.2885,-0.43281,0.66515,0.99553,N1,UC_vs_CD
MRPL4,0.78817,3.3923,4.1117,0.82504,0.40935,0.99553,N1,UC_vs_CD
ICAM1,64.744,-0.92128,0.52733,-1.7471,0.080625,0.99553,N1,UC_vs_CD
AC011511.5,0.24284,0.79513,3.6848,0.21578,0.82916,0.99553,N1,UC_vs_CD
ICAM4,1.2189,-2.1246,1.5613,-1.3608,0.17359,0.99553,N1,UC_vs_CD
ICAM3,13.074,-0.050539,0.95768,-0.052772,0.95791,0.99553,N1,UC_vs_CD
TYK2,1.0399,-1.0083,1.3657,-0.73825,0.46036,0.99553,N1,UC_vs_CD
CDC37,2.7127,0.044955,1.0843,0.041458,0.96693,0.99553,N1,UC_vs_CD
PDE4A,1.0536,3.9184,2.2978,1.7053,0.088141,0.99553,N1,UC_vs_CD
ATG4D,0.035259,0.57985,4.1749,0.13889,0.88954,0.99553,N1,UC_vs_CD
CDKN2D,3.8052,-0.72866,1.3284,-0.54854,0.58332,0.99553,N1,UC_vs_CD
AP1M2,0.14988,-0.59457,2.8782,-0.20658,0.83634,0.99553,N1,UC_vs_CD
SLC44A2,1.4283,-0.69407,1.3171,-0.52696,0.59822,0.99553,N1,UC_vs_CD
ILF3-DT,1.3624,-0.37458,1.3342,-0.28076,0.77889,0.99553,N1,UC_vs_CD
ILF3,1.3137,-0.98623,1.5908,-0.61995,0.53529,0.99553,N1,UC_vs_CD
QTRT1,0.77644,-0.30992,2.1792,-0.14221,0.88691,0.99553,N1,UC_vs_CD
DNM2,2.0064,-0.99192,0.98533,-1.0067,0.31408,0.99553,N1,UC_vs_CD
TMED1,0.15185,1.7355,4.296,0.40399,0.68622,0.99553,N1,UC_vs_CD
C19orf38,1.1273,0.80422,1.3924,0.57757,0.56356,0.99553,N1,UC_vs_CD
YIPF2,0.49604,-1.3114,2.5978,-0.50483,0.61368,0.99553,N1,UC_vs_CD
TIMM29,0.0738,0.29634,4.1055,0.072182,0.94246,0.99553,N1,UC_vs_CD
SMARCA4,0.82032,0.64866,2.0261,0.32016,0.74885,0.99553,N1,UC_vs_CD
LDLR,2.0503,-0.055828,1.1821,-0.047229,0.96233,0.99553,N1,UC_vs_CD
SPC24,0.30813,2.1491,4.3393,0.49527,0.62041,0.99553,N1,UC_vs_CD
DOCK6,0.14988,-0.59457,2.8782,-0.20658,0.83634,0.99553,N1,UC_vs_CD
RAB3D,0.65774,0.80094,2.4,0.33373,0.73858,0.99553,N1,UC_vs_CD
TMEM205,1.5291,-0.029627,1.2648,-0.023424,0.98131,0.99553,N1,UC_vs_CD
CCDC159,0.4399,0.91987,2.2834,0.40285,0.68706,0.99553,N1,UC_vs_CD
PLPPR2,1.4959,0.86621,1.6451,0.52654,0.59851,0.99553,N1,UC_vs_CD
EPOR,0.0738,0.29634,4.1055,0.072182,0.94246,0.99553,N1,UC_vs_CD
PRKCSH,1.1076,-0.4172,2.3645,-0.17644,0.85995,0.99553,N1,UC_vs_CD
ECSIT,0.29347,2.529,3.3068,0.76479,0.4444,0.99553,N1,UC_vs_CD
ELOF1,0.23906,0.79839,3.5646,0.22398,0.82277,0.99553,N1,UC_vs_CD
ZNF627,0.18711,0.95949,3.1139,0.30814,0.75798,0.99553,N1,UC_vs_CD
ACP5,0.35189,-0.3314,1.9042,-0.17404,0.86183,0.99553,N1,UC_vs_CD
ZNF441,0.15185,1.7355,4.296,0.40399,0.68622,0.99553,N1,UC_vs_CD
ZNF440,0.32003,2.1244,4.2058,0.50511,0.61349,0.99553,N1,UC_vs_CD
ZNF439,0.15185,1.7355,4.296,0.40399,0.68622,0.99553,N1,UC_vs_CD
ZNF700,0.42289,0.51327,2.4462,0.20983,0.8338,0.99553,N1,UC_vs_CD
ZNF763,0.11463,0.076876,4.1956,0.018323,0.98538,0.99553,N1,UC_vs_CD
ZNF844,0.38042,-0.82675,2.2722,-0.36385,0.71597,0.99553,N1,UC_vs_CD
ZNF625,0.15185,1.7355,4.296,0.40399,0.68622,0.99553,N1,UC_vs_CD
ZNF136,0.55618,1.5876,2.587,0.61367,0.53944,0.99553,N1,UC_vs_CD
ZNF44,0.30371,2.096,4.2116,0.49768,0.61871,0.99553,N1,UC_vs_CD
ZNF709,0.035259,0.57985,4.1749,0.13889,0.88954,0.99553,N1,UC_vs_CD
ZNF564,0.11463,0.076876,4.1956,0.018323,0.98538,0.99553,N1,UC_vs_CD
ZNF791,1.2881,0.28709,1.3685,0.20979,0.83383,0.99553,N1,UC_vs_CD
WDR83,0.23906,0.79839,3.5646,0.22398,0.82277,0.99553,N1,UC_vs_CD
WDR83OS,3.8447,0.11182,1.3696,0.081643,0.93493,0.99553,N1,UC_vs_CD
DHPS,0.90987,-0.085999,2.1191,-0.040582,0.96763,0.99553,N1,UC_vs_CD
TNPO2,0.30761,-0.0017928,3.8441,-0.00046637,0.99963,0.99979,N1,UC_vs_CD
TRIR,3.7418,0.18298,0.73623,0.24854,0.80372,0.99553,N1,UC_vs_CD
ASNA1,0.78655,-0.14291,1.6355,-0.087375,0.93037,0.99553,N1,UC_vs_CD
BEST2,0.0738,0.29634,4.1055,0.072182,0.94246,0.99553,N1,UC_vs_CD
HOOK2,0.60987,0.62881,2.0711,0.30361,0.76143,0.99553,N1,UC_vs_CD
JUNB,57.037,-1.3879,0.92358,-1.5027,0.13292,0.99553,N1,UC_vs_CD
PRDX2,5.7205,1.2799,1.8163,0.70467,0.48102,0.99553,N1,UC_vs_CD
RNASEH2A,0.035259,0.57985,4.1749,0.13889,0.88954,0.99553,N1,UC_vs_CD
DNASE2,0.16526,1.7355,4.296,0.40399,0.68622,0.99553,N1,UC_vs_CD
GCDH,0.38193,1.2016,3.5543,0.33806,0.73532,0.99553,N1,UC_vs_CD
FARSA,0.43465,0.96667,3.5014,0.27608,0.78249,0.99553,N1,UC_vs_CD
CALR,6.5484,0.43623,1.1787,0.37011,0.7113,0.99553,N1,UC_vs_CD
AC092069.1,1.2861,0.37281,2.3513,0.15855,0.87402,0.99553,N1,UC_vs_CD
RAD23A,2.2891,1.1489,0.96822,1.1866,0.23539,0.99553,N1,UC_vs_CD
GADD45GIP1,1.4944,-1.4398,1.4134,-1.0187,0.30837,0.99553,N1,UC_vs_CD
LYL1,0.23906,0.79839,3.5646,0.22398,0.82277,0.99553,N1,UC_vs_CD
TRMT1,0.35529,1.3328,3.6732,0.36284,0.71673,0.99553,N1,UC_vs_CD
NACC1,0.39092,1.2838,2.4754,0.51861,0.60403,0.99553,N1,UC_vs_CD
STX10,0.50914,-0.43982,3.5587,-0.12359,0.90164,0.99553,N1,UC_vs_CD
IER2,26.062,-0.85299,0.96096,-0.88765,0.37473,0.99553,N1,UC_vs_CD
CCDC130,0.36399,1.2655,2.2382,0.56541,0.5718,0.99553,N1,UC_vs_CD
C19orf53,5.7326,0.1732,1.2115,0.14296,0.88632,0.99553,N1,UC_vs_CD
ZSWIM4,0.58291,0.63776,1.8905,0.33736,0.73585,0.99553,N1,UC_vs_CD
AC020916.1,16.59,-0.17212,0.48346,-0.35601,0.72184,0.99553,N1,UC_vs_CD
CC2D1A,0.46815,2.6288,3.7763,0.69614,0.48634,0.99553,N1,UC_vs_CD
DCAF15,0.16001,1.7355,4.296,0.40399,0.68622,0.99553,N1,UC_vs_CD
RFX1,1.329,0.15212,1.5928,0.095507,0.92391,0.99553,N1,UC_vs_CD
IL27RA,0.95689,2.9832,1.8739,1.592,0.11139,0.99553,N1,UC_vs_CD
SAMD1,0.0738,0.29634,4.1055,0.072182,0.94246,0.99553,N1,UC_vs_CD
PRKACA,1.1948,0.90345,1.4335,0.63023,0.52855,0.99553,N1,UC_vs_CD
ASF1B,0.0738,0.29634,4.1055,0.072182,0.94246,0.99553,N1,UC_vs_CD
AC022098.1,0.18711,0.95949,3.1139,0.30814,0.75798,0.99553,N1,UC_vs_CD
ADGRE5,14.376,-0.26856,0.7383,-0.36375,0.71604,0.99553,N1,UC_vs_CD
DDX39A,2.7378,0.18356,0.89106,0.206,0.83679,0.99553,N1,UC_vs_CD
PKN1,0.56707,-0.59032,1.8572,-0.31786,0.75059,0.99553,N1,UC_vs_CD
GIPC1,0.22368,-1.1647,2.1972,-0.53008,0.59605,0.99553,N1,UC_vs_CD
DNAJB1,20.1,-0.49564,1.5295,-0.32405,0.7459,0.99553,N1,UC_vs_CD
TECR,2.2727,0.8414,1.3683,0.61491,0.53861,0.99553,N1,UC_vs_CD
NDUFB7,4.1039,0.57502,0.80577,0.71363,0.47546,0.99553,N1,UC_vs_CD
ADGRE3,1.5375,0.031289,2.1856,0.014316,0.98858,0.99651,N1,UC_vs_CD
ZNF333,0.035259,0.57985,4.1749,0.13889,0.88954,0.99553,N1,UC_vs_CD
ADGRE2,7.0328,-0.59013,0.6866,-0.8595,0.39007,0.99553,N1,UC_vs_CD
OR7C1,0.15185,1.7355,4.296,0.40399,0.68622,0.99553,N1,UC_vs_CD
ILVBL,0.65526,2.2371,2.113,1.0587,0.28973,0.99553,N1,UC_vs_CD
BRD4,5.1183,0.17607,0.66163,0.26611,0.79015,0.99553,N1,UC_vs_CD
AKAP8,0.90773,1.8681,1.7795,1.0498,0.29382,0.99553,N1,UC_vs_CD
WIZ,0.22565,0.79989,3.5133,0.22768,0.8199,0.99553,N1,UC_vs_CD
RASAL3,0.45999,2.6284,3.7508,0.70074,0.48347,0.99553,N1,UC_vs_CD
CYP4F3,5.4981,0.59383,1.2321,0.48198,0.62982,0.99553,N1,UC_vs_CD
LINC01764,0.035259,0.57985,4.1749,0.13889,0.88954,0.99553,N1,UC_vs_CD
TPM4,27.553,-0.59267,0.50167,-1.1814,0.23745,0.99553,N1,UC_vs_CD
RAB8A,2.6706,0.58307,1.0581,0.55107,0.58158,0.99553,N1,UC_vs_CD
AC008894.2,0.035259,0.57985,4.1749,0.13889,0.88954,0.99553,N1,UC_vs_CD
HSH2D,1.2938,-1.9192,1.7273,-1.1111,0.26651,0.99553,N1,UC_vs_CD
FAM32A,0.93135,-0.2365,1.3567,-0.17431,0.86162,0.99553,N1,UC_vs_CD
AP1M1,0.58651,1.1897,2.2658,0.52507,0.59954,0.99553,N1,UC_vs_CD
AC020911.2,0.39113,-1.3278,2.951,-0.44996,0.65274,0.99553,N1,UC_vs_CD
KLF2,15.958,0.83051,0.62366,1.3317,0.18297,0.99553,N1,UC_vs_CD
AC020917.3,0.10578,-0.14974,4.0165,-0.037281,0.97026,0.99553,N1,UC_vs_CD
EPS15L1,1.1762,0.77873,1.2364,0.62984,0.5288,0.99553,N1,UC_vs_CD
CHERP,0.63714,2.5873,2.3973,1.0793,0.28047,0.99553,N1,UC_vs_CD
AC008764.6,0.0738,0.29634,4.1055,0.072182,0.94246,0.99553,N1,UC_vs_CD
SLC35E1,1.4042,-0.33826,1.2668,-0.26701,0.78946,0.99553,N1,UC_vs_CD
AC008764.3,0.16001,1.7355,4.296,0.40399,0.68622,0.99553,N1,UC_vs_CD
AC008764.8,0.070518,0.17302,4.0786,0.042422,0.96616,0.99553,N1,UC_vs_CD
MED26,0.50865,1.9132,2.5254,0.75757,0.44871,0.99553,N1,UC_vs_CD
SMIM7,1.6272,1.8275,1.8753,0.97447,0.32982,0.99553,N1,UC_vs_CD
SIN3B,0.33471,-0.22527,2.2616,-0.099608,0.92066,0.99553,N1,UC_vs_CD
CPAMD8,0.31712,2.1207,3.0327,0.69927,0.48438,0.99553,N1,UC_vs_CD
HAUS8,0.035259,0.57985,4.1749,0.13889,0.88954,0.99553,N1,UC_vs_CD
MYO9B,4.5835,1.4694,0.81521,1.8025,0.071468,0.99553,N1,UC_vs_CD
USE1,1.2219,1.7037,1.6873,1.0097,0.31263,0.99553,N1,UC_vs_CD
OCEL1,0.16001,1.7355,4.296,0.40399,0.68622,0.99553,N1,UC_vs_CD
BABAM1,0.97369,1.1458,1.6251,0.70507,0.48076,0.99553,N1,UC_vs_CD
ANKLE1,0.47339,2.6291,3.7922,0.6933,0.48812,0.99553,N1,UC_vs_CD
MRPL34,0.29748,-1.5477,2.1698,-0.7133,0.47566,0.99553,N1,UC_vs_CD
DDA1,1.0409,2.0353,1.7413,1.1689,0.24245,0.99553,N1,UC_vs_CD
GTPBP3,0.30813,2.1491,4.3393,0.49527,0.62041,0.99553,N1,UC_vs_CD
CCDC194,0.16001,1.7355,4.296,0.40399,0.68622,0.99553,N1,UC_vs_CD
BST2,3.9578,-0.29426,0.82483,-0.35675,0.72128,0.99553,N1,UC_vs_CD
BISPR,0.78765,-2.2499,1.743,-1.2908,0.19677,0.99553,N1,UC_vs_CD
MVB12A,0.10906,-0.1236,2.6028,-0.047487,0.96213,0.99553,N1,UC_vs_CD
SLC27A1,0.16526,1.7355,4.296,0.40399,0.68622,0.99553,N1,UC_vs_CD
PGLS,1.1262,-1.4173,1.615,-0.87759,0.38017,0.99553,N1,UC_vs_CD
AC010618.2,0.11463,0.076876,4.1956,0.018323,0.98538,0.99553,N1,UC_vs_CD
COLGALT1,0.49399,2.1057,2.4961,0.84358,0.39891,0.99553,N1,UC_vs_CD
MAP1S,0.18711,0.95949,3.1139,0.30814,0.75798,0.99553,N1,UC_vs_CD
FCHO1,0.4063,0.74414,2.423,0.30712,0.75875,0.99553,N1,UC_vs_CD
B3GNT3,0.070518,0.17302,4.0786,0.042422,0.96616,0.99553,N1,UC_vs_CD
INSL3,0.26648,0.49292,3.2388,0.15219,0.87904,0.99553,N1,UC_vs_CD
JAK3,3.0258,0.238,1.013,0.23493,0.81426,0.99553,N1,UC_vs_CD
RPL18A,52.007,1.2728,1.2658,1.0055,0.31464,0.99553,N1,UC_vs_CD
CCDC124,0.49524,1.9097,2.5001,0.76385,0.44496,0.99553,N1,UC_vs_CD
KCNN1,0.1476,-0.38372,3.978,-0.09646,0.92315,0.99553,N1,UC_vs_CD
ARRDC2,0.72722,-0.16339,1.5805,-0.10338,0.91766,0.99553,N1,UC_vs_CD
IL12RB1,0.16001,1.7355,4.296,0.40399,0.68622,0.99553,N1,UC_vs_CD
MAST3,1.0494,-1.0654,1.5477,-0.68837,0.49122,0.99553,N1,UC_vs_CD
IFI30,10.922,0.17222,0.83325,0.20669,0.83625,0.99553,N1,UC_vs_CD
MPV17L2,0.15185,1.7355,4.296,0.40399,0.68622,0.99553,N1,UC_vs_CD
RAB3A,0.15185,1.7355,4.296,0.40399,0.68622,0.99553,N1,UC_vs_CD
JUND,30.59,-0.58001,0.44723,-1.2969,0.19467,0.99553,N1,UC_vs_CD
LSM4,0.8909,2.357,3.1597,0.74595,0.4557,0.99553,N1,UC_vs_CD
PGPEP1,0.035259,0.57985,4.1749,0.13889,0.88954,0.99553,N1,UC_vs_CD
GDF15,0.62621,-0.48052,1.5554,-0.30893,0.75737,0.99553,N1,UC_vs_CD
LRRC25,2.241,1.3981,1.2652,1.1051,0.26913,0.99553,N1,UC_vs_CD
SSBP4,0.6079,-0.98694,2.5508,-0.38692,0.69881,0.99553,N1,UC_vs_CD
ISYNA1,0.11463,0.076876,4.1956,0.018323,0.98538,0.99553,N1,UC_vs_CD
ELL,3.4171,0.51092,0.77657,0.65792,0.51059,0.99553,N1,UC_vs_CD
FKBP8,4.0831,-0.15061,0.99253,-0.15175,0.87939,0.99553,N1,UC_vs_CD
KXD1,1.199,0.70802,1.4628,0.484,0.62838,0.99553,N1,UC_vs_CD
AC005253.1,0.28863,-1.0732,2.376,-0.45167,0.65151,0.99553,N1,UC_vs_CD
UBA52,36.463,1.1114,0.44347,2.5061,0.012206,0.99553,N1,UC_vs_CD
REX1BD,1.5346,-0.37427,1.4273,-0.26221,0.79316,0.99553,N1,UC_vs_CD
UPF1,0.69902,0.16768,1.4487,0.11574,0.90786,0.99553,N1,UC_vs_CD
COPE,10.051,0.84056,1.1442,0.73465,0.46255,0.99553,N1,UC_vs_CD
DDX49,0.070518,0.17302,4.0786,0.042422,0.96616,0.99553,N1,UC_vs_CD
HOMER3,0.61626,3.1638,4.327,0.73117,0.46468,0.99553,N1,UC_vs_CD
SUGP2,0.44533,2.8925,2.5539,1.1326,0.25738,0.99553,N1,UC_vs_CD
ARMC6,0.16001,1.7355,4.296,0.40399,0.68622,0.99553,N1,UC_vs_CD
SLC25A42,0.23381,0.79896,3.5449,0.22538,0.82168,0.99553,N1,UC_vs_CD
BORCS8,0.66716,1.7761,2.4977,0.71109,0.47703,0.99553,N1,UC_vs_CD
RFXANK,0.52055,1.5946,2.3808,0.66978,0.503,0.99553,N1,UC_vs_CD
SUGP1,0.12821,2.147,4.3394,0.49477,0.62076,0.99553,N1,UC_vs_CD
MAU2,0.57409,-0.5072,2.008,-0.25259,0.80059,0.99553,N1,UC_vs_CD
GATAD2A,0.76801,1.2393,1.6342,0.75833,0.44826,0.99553,N1,UC_vs_CD
NDUFA13,3.3292,0.59228,1.3929,0.42522,0.67068,0.99553,N1,UC_vs_CD
PBX4,0.10906,-0.1236,2.6028,-0.047487,0.96213,0.99553,N1,UC_vs_CD
AC002306.1,0.15185,1.7355,4.296,0.40399,0.68622,0.99553,N1,UC_vs_CD
LPAR2,1.4521,0.69956,1.0607,0.65954,0.50955,0.99553,N1,UC_vs_CD
GMIP,0.83828,-1.5051,1.5255,-0.98663,0.32382,0.99553,N1,UC_vs_CD
ATP13A1,0.69006,1.9783,3.8998,0.50728,0.61196,0.99553,N1,UC_vs_CD
ZNF101,0.42649,0.90349,2.2685,0.39828,0.69042,0.99553,N1,UC_vs_CD
ZNF14,0.16001,1.7355,4.296,0.40399,0.68622,0.99553,N1,UC_vs_CD
LINC00663,0.035259,0.57985,4.1749,0.13889,0.88954,0.99553,N1,UC_vs_CD
ZNF506,0.15185,1.7355,4.296,0.40399,0.68622,0.99553,N1,UC_vs_CD
ZNF93,0.16001,1.7355,4.296,0.40399,0.68622,0.99553,N1,UC_vs_CD
ZNF682,0.16001,1.7355,4.296,0.40399,0.68622,0.99553,N1,UC_vs_CD
AC011447.3,0.035259,0.57985,4.1749,0.13889,0.88954,0.99553,N1,UC_vs_CD
ZNF486,0.0738,0.29634,4.1055,0.072182,0.94246,0.99553,N1,UC_vs_CD
ZNF737,0.035259,0.57985,4.1749,0.13889,0.88954,0.99553,N1,UC_vs_CD
ZNF626,0.10578,-0.14974,4.0165,-0.037281,0.97026,0.99553,N1,UC_vs_CD
ZNF430,0.49144,-0.029994,1.8065,-0.016604,0.98675,0.99556,N1,UC_vs_CD
ZNF714,0.46815,2.6288,3.7763,0.69614,0.48634,0.99553,N1,UC_vs_CD
ZNF431,0.59992,1.2042,2.282,0.52769,0.59771,0.99553,N1,UC_vs_CD
ZNF708,0.30761,-0.0017928,3.8441,-0.00046637,0.99963,0.99979,N1,UC_vs_CD
ZNF493,1.277,-0.058423,1.9432,-0.030065,0.97601,0.99553,N1,UC_vs_CD
LINC00664,1.875,-0.70862,1.2693,-0.55829,0.57664,0.99553,N1,UC_vs_CD
ZNF429,1.189,-1.6157,1.2646,-1.2776,0.20138,0.99553,N1,UC_vs_CD
AC123912.2,0.31286,-0.0019167,3.8616,-0.00049634,0.9996,0.99979,N1,UC_vs_CD
ZNF100,0.74095,1.0114,2.0358,0.49681,0.61932,0.99553,N1,UC_vs_CD
ZNF257,0.035259,0.57985,4.1749,0.13889,0.88954,0.99553,N1,UC_vs_CD
ZNF492,0.16001,1.7355,4.296,0.40399,0.68622,0.99553,N1,UC_vs_CD
AC092329.3,0.16001,1.7355,4.296,0.40399,0.68622,0.99553,N1,UC_vs_CD
ZNF91,0.61132,0.4661,2.7302,0.17072,0.86444,0.99553,N1,UC_vs_CD
LINC01224,0.035259,0.57985,4.1749,0.13889,0.88954,0.99553,N1,UC_vs_CD
ZNF675,0.19527,0.95987,3.1507,0.30465,0.76063,0.99553,N1,UC_vs_CD
ZNF681,0.1476,-0.38372,3.978,-0.09646,0.92315,0.99553,N1,UC_vs_CD
ZNF254,0.40402,0.79936,3.4091,0.23448,0.81461,0.99553,N1,UC_vs_CD
AC092279.1,0.81624,-0.29003,1.4597,-0.19869,0.8425,0.99553,N1,UC_vs_CD
LINC00662,0.16001,1.7355,4.296,0.40399,0.68622,0.99553,N1,UC_vs_CD
UQCRFS1,1.607,-0.97537,1.1619,-0.83946,0.40121,0.99553,N1,UC_vs_CD
POP4,0.23727,0.71493,2.0629,0.34656,0.72892,0.99553,N1,UC_vs_CD
PLEKHF1,0.035259,0.57985,4.1749,0.13889,0.88954,0.99553,N1,UC_vs_CD
C19orf12,0.18843,-0.92039,3.1557,-0.29166,0.77055,0.99553,N1,UC_vs_CD
CCNE1,0.30813,2.1491,4.3393,0.49527,0.62041,0.99553,N1,UC_vs_CD
URI1,0.16001,1.7355,4.296,0.40399,0.68622,0.99553,N1,UC_vs_CD
TSHZ3,0.28006,2.5294,3.2581,0.77633,0.43755,0.99553,N1,UC_vs_CD
ZNF507,0.15185,1.7355,4.296,0.40399,0.68622,0.99553,N1,UC_vs_CD
AC007773.1,0.035259,0.57985,4.1749,0.13889,0.88954,0.99553,N1,UC_vs_CD
DPY19L3,0.20052,0.9601,3.1736,0.30253,0.76225,0.99553,N1,UC_vs_CD
PDCD5,1.1007,0.54053,1.5668,0.34499,0.7301,0.99553,N1,UC_vs_CD
FAAP24,0.16001,1.7355,4.296,0.40399,0.68622,0.99553,N1,UC_vs_CD
RHPN2,0.12821,2.147,4.3394,0.49477,0.62076,0.99553,N1,UC_vs_CD
GPATCH1,0.31187,2.1139,3.0197,0.70005,0.48389,0.99553,N1,UC_vs_CD
CEBPA,0.35238,1.3243,2.3132,0.57248,0.567,0.99553,N1,UC_vs_CD
CEBPG,0.19527,0.95987,3.1507,0.30465,0.76063,0.99553,N1,UC_vs_CD
LSM14A,1.9968,-0.33058,1.2248,-0.2699,0.78724,0.99553,N1,UC_vs_CD
KIAA0355,0.15185,1.7355,4.296,0.40399,0.68622,0.99553,N1,UC_vs_CD
GPI,0.62816,3.0923,3.9964,0.77377,0.43907,0.99553,N1,UC_vs_CD
PDCD2L,0.46815,2.6288,3.7763,0.69614,0.48634,0.99553,N1,UC_vs_CD
UBA2,0.81607,-0.77009,2.9583,-0.26031,0.79462,0.99553,N1,UC_vs_CD
ZNF302,0.10578,-0.14974,4.0165,-0.037281,0.97026,0.99553,N1,UC_vs_CD
ZNF181,0.035259,0.57985,4.1749,0.13889,0.88954,0.99553,N1,UC_vs_CD
GRAMD1A,6.0884,-0.16794,1.0414,-0.16126,0.87189,0.99553,N1,UC_vs_CD
AC020907.3,0.16347,1.3862,2.7687,0.50066,0.61661,0.99553,N1,UC_vs_CD
SCN1B,0.81447,1.0646,1.4992,0.71011,0.47764,0.99553,N1,UC_vs_CD
HPN,0.1476,-0.38372,3.978,-0.09646,0.92315,0.99553,N1,UC_vs_CD
FXYD3,0.40883,-2.129,2.0272,-1.0502,0.29363,0.99553,N1,UC_vs_CD
FXYD1,0.15185,1.7355,4.296,0.40399,0.68622,0.99553,N1,UC_vs_CD
FXYD5,2.0336,1.1919,1.1305,1.0542,0.29178,0.99553,N1,UC_vs_CD
LSR,0.10906,-0.1236,2.6028,-0.047487,0.96213,0.99553,N1,UC_vs_CD
USF2,1.1282,-1.1126,1.4906,-0.74637,0.45544,0.99553,N1,UC_vs_CD
HAMP,3.8316,2.1703,3.7724,0.57531,0.56508,0.99553,N1,UC_vs_CD
CD22,1.566,-2.1876,3.1874,-0.68633,0.49251,0.99553,N1,UC_vs_CD
FFAR1,0.18711,0.95949,3.1139,0.30814,0.75798,0.99553,N1,UC_vs_CD
FFAR3,0.41636,-0.7442,2.2398,-0.33225,0.7397,0.99553,N1,UC_vs_CD
GPR42,0.035259,0.57985,4.1749,0.13889,0.88954,0.99553,N1,UC_vs_CD
AC002511.2,0.14988,-0.59457,2.8782,-0.20658,0.83634,0.99553,N1,UC_vs_CD
AC002511.1,0.035259,0.57985,4.1749,0.13889,0.88954,0.99553,N1,UC_vs_CD
FFAR2,40.287,-1.1097,0.67703,-1.639,0.10121,0.99553,N1,UC_vs_CD
TMEM147-AS1,0.0738,0.29634,4.1055,0.072182,0.94246,0.99553,N1,UC_vs_CD
TMEM147,1.1884,-0.06444,1.7617,-0.036579,0.97082,0.99553,N1,UC_vs_CD
RBM42,0.66933,0.80006,2.0031,0.39941,0.68959,0.99553,N1,UC_vs_CD
COX6B1,14.168,0.71106,0.99251,0.71642,0.47373,0.99553,N1,UC_vs_CD
KMT2B,1.4335,1.8392,1.3646,1.3478,0.17772,0.99553,N1,UC_vs_CD
IGFLR1,0.18711,0.95949,3.1139,0.30814,0.75798,0.99553,N1,UC_vs_CD
U2AF1L4,0.80193,1.0999,1.7342,0.63422,0.52594,0.99553,N1,UC_vs_CD
PSENEN,2.2607,2.35,1.4918,1.5753,0.1152,0.99553,N1,UC_vs_CD
PROSER3,0.20052,0.9601,3.1736,0.30253,0.76225,0.99553,N1,UC_vs_CD
APLP1,0.035259,0.57985,4.1749,0.13889,0.88954,0.99553,N1,UC_vs_CD
NFKBID,7.8044,-0.26055,0.88585,-0.29412,0.76866,0.99553,N1,UC_vs_CD
HCST,3.9522,0.85335,0.87942,0.97035,0.33187,0.99553,N1,UC_vs_CD
TYROBP,67.946,0.034906,0.49816,0.07007,0.94414,0.99553,N1,UC_vs_CD
ALKBH6,0.15185,1.7355,4.296,0.40399,0.68622,0.99553,N1,UC_vs_CD
THAP8,0.035259,0.57985,4.1749,0.13889,0.88954,0.99553,N1,UC_vs_CD
WDR62,0.16001,1.7355,4.296,0.40399,0.68622,0.99553,N1,UC_vs_CD
POLR2I,2.4211,2.2462,1.2656,1.7749,0.075921,0.99553,N1,UC_vs_CD
TBCB,0.52055,1.5946,2.3808,0.66978,0.503,0.99553,N1,UC_vs_CD
CAPNS1,1.818,1.6825,1.3942,1.2068,0.22752,0.99553,N1,UC_vs_CD
ZNF565,0.15185,1.7355,4.296,0.40399,0.68622,0.99553,N1,UC_vs_CD
ZNF146,0.22565,0.79989,3.5133,0.22768,0.8199,0.99553,N1,UC_vs_CD
ZFP14,0.035259,0.57985,4.1749,0.13889,0.88954,0.99553,N1,UC_vs_CD
LINC01534,0.11463,0.076876,4.1956,0.018323,0.98538,0.99553,N1,UC_vs_CD
ZNF567,0.77628,3.5839,4.1642,0.86066,0.38943,0.99553,N1,UC_vs_CD
AC020928.3,0.15185,1.7355,4.296,0.40399,0.68622,0.99553,N1,UC_vs_CD
ZNF345,0.0738,0.29634,4.1055,0.072182,0.94246,0.99553,N1,UC_vs_CD
ZNF585A,0.28822,2.5291,3.2881,0.76917,0.44179,0.99553,N1,UC_vs_CD
ZNF383,0.24284,0.79513,3.6848,0.21578,0.82916,0.99553,N1,UC_vs_CD
ZNF569,0.035259,0.57985,4.1749,0.13889,0.88954,0.99553,N1,UC_vs_CD
ZNF793,0.16526,1.7355,4.296,0.40399,0.68622,0.99553,N1,UC_vs_CD
ZNF607,0.16001,1.7355,4.296,0.40399,0.68622,0.99553,N1,UC_vs_CD
SIPA1L3,0.23381,0.79896,3.5449,0.22538,0.82168,0.99553,N1,UC_vs_CD
SPINT2,1.1481,-2.7621,1.5936,-1.7333,0.083039,0.99553,N1,UC_vs_CD
YIF1B,0.61626,3.1638,4.327,0.73117,0.46468,0.99553,N1,UC_vs_CD
KCNK6,1.9697,1.1648,1.8639,0.62491,0.53203,0.99553,N1,UC_vs_CD
PSMD8,3.0892,-0.8846,0.96303,-0.91856,0.35832,0.99553,N1,UC_vs_CD
SPRED3,0.30813,2.1491,4.3393,0.49527,0.62041,0.99553,N1,UC_vs_CD
RASGRP4,1.6554,0.32023,1.8196,0.17599,0.8603,0.99553,N1,UC_vs_CD
MAP4K1,0.18286,-0.58992,2.6976,-0.21868,0.8269,0.99553,N1,UC_vs_CD
EIF3K,11.069,1.0278,0.97027,1.0593,0.28948,0.99553,N1,UC_vs_CD
ACTN4,4.9403,0.7271,0.68599,1.0599,0.28918,0.99553,N1,UC_vs_CD
CAPN12,0.32528,2.1316,3.0535,0.69809,0.48512,0.99553,N1,UC_vs_CD
LGALS4,1.0308,-2.5615,1.8439,-1.3892,0.16478,0.99553,N1,UC_vs_CD
ECH1,2.7682,1.6399,1.6828,0.97452,0.3298,0.99553,N1,UC_vs_CD
HNRNPL,1.4644,-0.82451,1.4941,-0.55186,0.58105,0.99553,N1,UC_vs_CD
RINL,0.0738,0.29634,4.1055,0.072182,0.94246,0.99553,N1,UC_vs_CD
SIRT2,1.1593,-0.031646,3.1002,-0.010208,0.99186,0.99889,N1,UC_vs_CD
NFKBIB,1.8208,-0.0077652,1.0024,-0.0077468,0.99382,0.99979,N1,UC_vs_CD
MRPS12,0.59176,1.1604,1.9418,0.59758,0.55012,0.99553,N1,UC_vs_CD
LRFN1,0.10578,-0.14974,4.0165,-0.037281,0.97026,0.99553,N1,UC_vs_CD
GMFG,33.236,0.21933,0.44682,0.49086,0.62352,0.99553,N1,UC_vs_CD
AC011445.2,0.60561,-0.7353,1.9217,-0.38263,0.70199,0.99553,N1,UC_vs_CD
SAMD4B,5.8468,0.22562,0.60938,0.37024,0.7112,0.99553,N1,UC_vs_CD
PAF1,4.2922,-0.44131,1.1041,-0.39968,0.68939,0.99553,N1,UC_vs_CD
MED29,2.422,-1.5363,1.0247,-1.4993,0.1338,0.99553,N1,UC_vs_CD
ZFP36,129.05,-0.92188,0.60654,-1.5199,0.12854,0.99553,N1,UC_vs_CD
PLEKHG2,0.55062,-0.14129,1.662,-0.085012,0.93225,0.99553,N1,UC_vs_CD
RPS16,47.521,1.0398,0.59494,1.7478,0.080504,0.99553,N1,UC_vs_CD
SUPT5H,3.3741,0.18644,0.87957,0.21196,0.83214,0.99553,N1,UC_vs_CD
TIMM50,0.42276,0.78781,4.0144,0.19624,0.84442,0.99553,N1,UC_vs_CD
CLC,1.6106,3.1648,3.7722,0.83898,0.40148,0.99553,N1,UC_vs_CD
DYRK1B,0.12821,2.147,4.3394,0.49477,0.62076,0.99553,N1,UC_vs_CD
FBL,1.5945,3.273,2.2708,1.4414,0.14948,0.99553,N1,UC_vs_CD
FCGBP,1.2692,-1.5296,1.3631,-1.1221,0.2618,0.99553,N1,UC_vs_CD
PSMC4,1.5446,1.1412,1.1515,0.99108,0.32164,0.99553,N1,UC_vs_CD
ZNF780B,0.32003,2.1244,4.2058,0.50511,0.61349,0.99553,N1,UC_vs_CD
ZNF780A,0.27809,0.2111,2.2882,0.092255,0.9265,0.99553,N1,UC_vs_CD
AKT2,0.96335,-0.99683,2.2632,-0.44046,0.65961,0.99553,N1,UC_vs_CD
C19orf47,0.0738,0.29634,4.1055,0.072182,0.94246,0.99553,N1,UC_vs_CD
PLD3,1.1255,1.3573,1.5791,0.85954,0.39004,0.99553,N1,UC_vs_CD
SERTAD1,4.2551,0.12824,0.96537,0.13284,0.89432,0.99553,N1,UC_vs_CD
SERTAD3,0.81333,-0.27935,1.3452,-0.20766,0.83549,0.99553,N1,UC_vs_CD
BLVRB,2.2502,0.076171,1.3969,0.054529,0.95651,0.99553,N1,UC_vs_CD
SHKBP1,4.3841,0.13941,0.81383,0.1713,0.86399,0.99553,N1,UC_vs_CD
LTBP4,0.1476,-0.38372,3.978,-0.09646,0.92315,0.99553,N1,UC_vs_CD
COQ8B,0.16526,1.7355,4.296,0.40399,0.68622,0.99553,N1,UC_vs_CD
ITPKC,0.18711,0.95949,3.1139,0.30814,0.75798,0.99553,N1,UC_vs_CD
SNRPA,0.35041,-0.54514,2.2339,-0.24404,0.8072,0.99553,N1,UC_vs_CD
EGLN2,0.34339,1.5137,3.3061,0.45785,0.64706,0.99553,N1,UC_vs_CD
CYP2A7,0.035259,0.57985,4.1749,0.13889,0.88954,0.99553,N1,UC_vs_CD
HNRNPUL1,1.745,-0.021021,1.29,-0.016296,0.987,0.99556,N1,UC_vs_CD
TGFB1,4.3101,-1.1296,1.199,-0.94216,0.34611,0.99553,N1,UC_vs_CD
CCDC97,0.34287,-0.22519,2.2744,-0.09901,0.92113,0.99553,N1,UC_vs_CD
TMEM91,2.3087,-0.77896,1.877,-0.415,0.67814,0.99553,N1,UC_vs_CD
B9D2,0.27989,0.51131,3.2798,0.1559,0.87612,0.99553,N1,UC_vs_CD
EXOSC5,0.19527,0.95987,3.1507,0.30465,0.76063,0.99553,N1,UC_vs_CD
B3GNT8,0.32694,1.3824,3.0158,0.45839,0.64667,0.99553,N1,UC_vs_CD
DMAC2,0.16001,1.7355,4.296,0.40399,0.68622,0.99553,N1,UC_vs_CD
AC243960.3,0.035259,0.57985,4.1749,0.13889,0.88954,0.99553,N1,UC_vs_CD
LINC01480,1.0187,2.4827,3.0224,0.82145,0.41139,0.99553,N1,UC_vs_CD
AC243960.1,0.27464,0.50675,3.2634,0.15528,0.8766,0.99553,N1,UC_vs_CD
CEACAM21,0.22565,0.79989,3.5133,0.22768,0.8199,0.99553,N1,UC_vs_CD
CEACAM4,0.68274,0.8225,2.0154,0.4081,0.6832,0.99553,N1,UC_vs_CD
CEACAM7,0.035259,0.57985,4.1749,0.13889,0.88954,0.99553,N1,UC_vs_CD
CEACAM5,0.41439,-1.9445,3.1106,-0.6251,0.5319,0.99553,N1,UC_vs_CD
CEACAM6,0.035259,0.57985,4.1749,0.13889,0.88954,0.99553,N1,UC_vs_CD
CEACAM3,3.6007,-1.6501,1.7418,-0.94735,0.34346,0.99553,N1,UC_vs_CD
RPS19,72.99,1.7277,0.98753,1.7496,0.080196,0.99553,N1,UC_vs_CD
CD79A,6.6169,0.39012,1.5188,0.25685,0.79729,0.99553,N1,UC_vs_CD
ARHGEF1,1.5023,-0.17123,1.8259,-0.093778,0.92529,0.99553,N1,UC_vs_CD
RABAC1,6.7224,0.43194,0.86521,0.49924,0.61761,0.99553,N1,UC_vs_CD
ZNF574,0.23381,0.79896,3.5449,0.22538,0.82168,0.99553,N1,UC_vs_CD
POU2F2,4.1958,1.3987,1.1189,1.2501,0.21126,0.99553,N1,UC_vs_CD
DEDD2,3.0336,0.92275,0.85722,1.0764,0.28173,0.99553,N1,UC_vs_CD
ZNF526,0.46815,2.6288,3.7763,0.69614,0.48634,0.99553,N1,UC_vs_CD
GSK3A,0.67011,0.20551,1.8881,0.10884,0.91333,0.99553,N1,UC_vs_CD
ERF,1.0594,-0.21305,1.4036,-0.15179,0.87935,0.99553,N1,UC_vs_CD
CIC,0.37865,1.149,3.3299,0.34506,0.73005,0.99553,N1,UC_vs_CD
PRR19,0.16526,1.7355,4.296,0.40399,0.68622,0.99553,N1,UC_vs_CD
MEGF8,0.0738,0.29634,4.1055,0.072182,0.94246,0.99553,N1,UC_vs_CD
LIPE-AS1,0.035259,0.57985,4.1749,0.13889,0.88954,0.99553,N1,UC_vs_CD
CEACAM1,1.987,-1.461,1.1137,-1.3118,0.1896,0.99553,N1,UC_vs_CD
CEACAM8,0.15185,1.7355,4.296,0.40399,0.68622,0.99553,N1,UC_vs_CD
AC005392.2,0.0738,0.29634,4.1055,0.072182,0.94246,0.99553,N1,UC_vs_CD
CD177,2.867,-0.25154,1.7763,-0.14161,0.88739,0.99553,N1,UC_vs_CD
LYPD3,0.41989,2.1477,3.2788,0.65503,0.51245,0.99553,N1,UC_vs_CD
ETHE1,0.34516,-0.54607,2.2253,-0.24539,0.80616,0.99553,N1,UC_vs_CD
XRCC1,0.42649,0.90349,2.2685,0.39828,0.69042,0.99553,N1,UC_vs_CD
IRGQ,1.1975,0.94015,1.3285,0.70766,0.47916,0.99553,N1,UC_vs_CD
CADM4,0.34339,1.5137,3.3061,0.45785,0.64706,0.99553,N1,UC_vs_CD
PLAUR,106.29,0.75339,0.64865,1.1615,0.24545,0.99553,N1,UC_vs_CD
SMG9,0.37751,1.2275,3.9546,0.3104,0.75626,0.99553,N1,UC_vs_CD
KCNN4,1.2895,2.91,1.8224,1.5968,0.11031,0.99553,N1,UC_vs_CD
ZNF155,0.035259,0.57985,4.1749,0.13889,0.88954,0.99553,N1,UC_vs_CD
ZNF230,1.2259,0.6494,1.6596,0.39129,0.69558,0.99553,N1,UC_vs_CD
ZNF222,0.5305,1.5211,2.466,0.61683,0.53735,0.99553,N1,UC_vs_CD
ZNF224,0.98576,2.6045,2.1104,1.2341,0.21715,0.99553,N1,UC_vs_CD
ZNF234,0.23381,0.79896,3.5449,0.22538,0.82168,0.99553,N1,UC_vs_CD
ZNF226,0.23399,0.60098,2.9277,0.20527,0.83736,0.99553,N1,UC_vs_CD
ZNF227,0.20052,0.9601,3.1736,0.30253,0.76225,0.99553,N1,UC_vs_CD
ZNF235,0.0738,0.29634,4.1055,0.072182,0.94246,0.99553,N1,UC_vs_CD
ZNF180,0.035259,0.57985,4.1749,0.13889,0.88954,0.99553,N1,UC_vs_CD
BCL3,5.4442,-0.27059,0.82382,-0.32845,0.74257,0.99553,N1,UC_vs_CD
CBLC,0.035259,0.57985,4.1749,0.13889,0.88954,0.99553,N1,UC_vs_CD
NECTIN2,0.50423,1.5807,2.3589,0.67011,0.50279,0.99553,N1,UC_vs_CD
TOMM40,0.16001,1.7355,4.296,0.40399,0.68622,0.99553,N1,UC_vs_CD
APOE,0.33022,1.4389,3.3039,0.43552,0.66319,0.99553,N1,UC_vs_CD
CLPTM1,0.23906,0.79839,3.5646,0.22398,0.82277,0.99553,N1,UC_vs_CD
RELB,2.7803,0.61111,0.9988,0.61185,0.54064,0.99553,N1,UC_vs_CD
CLASRP,1.1889,-0.60464,3.6782,-0.16439,0.86943,0.99553,N1,UC_vs_CD
GEMIN7,0.77804,1.0351,2.1329,0.48532,0.62745,0.99553,N1,UC_vs_CD
MARK4,0.0738,0.29634,4.1055,0.072182,0.94246,0.99553,N1,UC_vs_CD
TRAPPC6A,0.47713,2.3914,2.4574,0.97316,0.33048,0.99553,N1,UC_vs_CD
BLOC1S3,0.035259,0.57985,4.1749,0.13889,0.88954,0.99553,N1,UC_vs_CD
PPP1R13L,0.035259,0.57985,4.1749,0.13889,0.88954,0.99553,N1,UC_vs_CD
ERCC1,0.49054,2.3956,3.2087,0.74659,0.45531,0.99553,N1,UC_vs_CD
FOSB,24.908,0.37241,0.81514,0.45687,0.64776,0.99553,N1,UC_vs_CD
RTN2,0.34861,-0.49185,2.1646,-0.22723,0.82025,0.99553,N1,UC_vs_CD
PPM1N,0.34287,-0.22519,2.2744,-0.09901,0.92113,0.99553,N1,UC_vs_CD
VASP,26.281,-0.44122,0.52464,-0.841,0.40035,0.99553,N1,UC_vs_CD
OPA3,0.69673,-0.76972,1.4696,-0.52376,0.60044,0.99553,N1,UC_vs_CD
EML2,0.65526,2.2371,2.113,1.0587,0.28973,0.99553,N1,UC_vs_CD
GIPR,0.0738,0.29634,4.1055,0.072182,0.94246,0.99553,N1,UC_vs_CD
SNRPD2,3.3122,0.82469,1.6408,0.50263,0.61523,0.99553,N1,UC_vs_CD
QPCTL,0.16526,1.7355,4.296,0.40399,0.68622,0.99553,N1,UC_vs_CD
FBXO46,0.20052,0.9601,3.1736,0.30253,0.76225,0.99553,N1,UC_vs_CD
SIX5,0.26451,-1.246,3.0658,-0.40642,0.68443,0.99553,N1,UC_vs_CD
DMWD,0.53296,0.38273,3.5481,0.10787,0.9141,0.99553,N1,UC_vs_CD
SYMPK,0.50554,0.13341,1.9684,0.067775,0.94596,0.99553,N1,UC_vs_CD
IRF2BP1,0.0738,0.29634,4.1055,0.072182,0.94246,0.99553,N1,UC_vs_CD
MYPOP,0.15185,1.7355,4.296,0.40399,0.68622,0.99553,N1,UC_vs_CD
PGLYRP1,1.0302,-0.25493,2.2834,-0.11164,0.91111,0.99553,N1,UC_vs_CD
PPP5D1,0.16001,1.7355,4.296,0.40399,0.68622,0.99553,N1,UC_vs_CD
CALM3,3.8986,-0.020422,1.0438,-0.019565,0.98439,0.99553,N1,UC_vs_CD
PTGIR,0.63866,3.1132,4.0135,0.77566,0.43795,0.99553,N1,UC_vs_CD
PRKD2,2.1289,0.87646,1.2643,0.69323,0.48816,0.99553,N1,UC_vs_CD
STRN4,0.56396,-1.5922,1.8565,-0.85762,0.3911,0.99553,N1,UC_vs_CD
FKRP,0.16526,1.7355,4.296,0.40399,0.68622,0.99553,N1,UC_vs_CD
SLC1A5,0.64658,0.28109,1.9535,0.14389,0.88559,0.99553,N1,UC_vs_CD
AP2S1,2.8335,1.1743,0.86901,1.3513,0.17659,0.99553,N1,UC_vs_CD
TMEM160,0.41768,-1.9285,3.3977,-0.5676,0.57031,0.99553,N1,UC_vs_CD
ZC3H4,0.56852,-1.5683,1.7148,-0.91457,0.36042,0.99553,N1,UC_vs_CD
SAE1,0.035259,0.57985,4.1749,0.13889,0.88954,0.99553,N1,UC_vs_CD
BBC3,0.28207,-1.0022,3.8977,-0.25714,0.79707,0.99553,N1,UC_vs_CD
CCDC9,1.063,-0.96346,1.6822,-0.57275,0.56681,0.99553,N1,UC_vs_CD
INAFM1,0.56199,-2.554,2.0163,-1.2666,0.20528,0.99553,N1,UC_vs_CD
C5AR1,32.622,1.0548,0.5484,1.9233,0.054439,0.99553,N1,UC_vs_CD
C5AR2,1.0968,0.0010823,1.81,0.00059795,0.99952,0.99979,N1,UC_vs_CD
DHX34,1.0366,-0.076057,1.9964,-0.038097,0.96961,0.99553,N1,UC_vs_CD
KPTN,0.15185,1.7355,4.296,0.40399,0.68622,0.99553,N1,UC_vs_CD
NAPA-AS1,0.14432,-0.42113,2.4698,-0.17051,0.86461,0.99553,N1,UC_vs_CD
NAPA,8.119,-0.80817,0.56124,-1.44,0.14988,0.99553,N1,UC_vs_CD
BICRA,0.32528,2.1316,3.0535,0.69809,0.48512,0.99553,N1,UC_vs_CD
NOP53,1.1288,-0.16775,2.2576,-0.074304,0.94077,0.99553,N1,UC_vs_CD
SELENOW,1.4347,1.3432,1.4829,0.90576,0.36506,0.99553,N1,UC_vs_CD
LIG1,0.0738,0.29634,4.1055,0.072182,0.94246,0.99553,N1,UC_vs_CD
ZSWIM9,0.12821,2.147,4.3394,0.49477,0.62076,0.99553,N1,UC_vs_CD
CARD8,2.3512,-0.55236,1.0301,-0.5362,0.59182,0.99553,N1,UC_vs_CD
CARD8-AS1,0.37357,-1.9668,2.0655,-0.9522,0.341,0.99553,N1,UC_vs_CD
EMP3,10.211,0.65272,0.9927,0.65751,0.51085,0.99553,N1,UC_vs_CD
KDELR1,2.2694,1.9767,1.4057,1.4062,0.15966,0.99553,N1,UC_vs_CD
CYTH2,0.77932,2.3511,3.06,0.76833,0.44229,0.99553,N1,UC_vs_CD
LMTK3,0.11463,0.076876,4.1956,0.018323,0.98538,0.99553,N1,UC_vs_CD
FAM83E,0.30813,2.1491,4.3393,0.49527,0.62041,0.99553,N1,UC_vs_CD
RPL18,48.84,1.1223,0.83848,1.3385,0.18075,0.99553,N1,UC_vs_CD
SPHK2,0.035259,0.57985,4.1749,0.13889,0.88954,0.99553,N1,UC_vs_CD
BCAT2,0.30813,2.1491,4.3393,0.49527,0.62041,0.99553,N1,UC_vs_CD
PPP1R15A,72.185,-1.1061,0.73393,-1.507,0.1318,0.99553,N1,UC_vs_CD
TULP2,0.035259,0.57985,4.1749,0.13889,0.88954,0.99553,N1,UC_vs_CD
NUCB1,2.8299,0.61804,1.2094,0.51104,0.60932,0.99553,N1,UC_vs_CD
BAX,2.3414,-1.0464,0.90926,-1.1508,0.2498,0.99553,N1,UC_vs_CD
AC026803.2,0.10906,-0.1236,2.6028,-0.047487,0.96213,0.99553,N1,UC_vs_CD
FTL,832.31,0.019282,0.43568,0.044257,0.9647,0.99553,N1,UC_vs_CD
GYS1,0.11463,0.076876,4.1956,0.018323,0.98538,0.99553,N1,UC_vs_CD
RUVBL2,0.64772,0.69673,1.8118,0.38455,0.70057,0.99553,N1,UC_vs_CD
SNRNP70,1.1146,-1.1578,1.3501,-0.85756,0.39114,0.99553,N1,UC_vs_CD
C19orf73,0.34339,1.5137,3.3061,0.45785,0.64706,0.99553,N1,UC_vs_CD
SLC6A16,0.20201,1.0374,3.076,0.33725,0.73593,0.99553,N1,UC_vs_CD
CD37,7.8819,-0.24835,0.57228,-0.43396,0.66432,0.99553,N1,UC_vs_CD
PIH1D1,0.56255,1.4135,1.7219,0.82088,0.41171,0.99553,N1,UC_vs_CD
ALDH16A1,0.49656,-0.18288,2.6416,-0.069232,0.9448,0.99553,N1,UC_vs_CD
FLT3LG,0.035259,0.57985,4.1749,0.13889,0.88954,0.99553,N1,UC_vs_CD
RPL13A,18.948,0.46081,0.90128,0.51128,0.60915,0.99553,N1,UC_vs_CD
RPS11,35.395,0.6707,0.82277,0.81518,0.41497,0.99553,N1,UC_vs_CD
FCGRT,8.3224,0.25522,0.71878,0.35508,0.72253,0.99553,N1,UC_vs_CD
RCN3,0.41719,0.83692,2.2009,0.38025,0.70376,0.99553,N1,UC_vs_CD
NOSIP,1.3187,-1.516,1.42,-1.0676,0.28568,0.99553,N1,UC_vs_CD
PRR12,0.035259,0.57985,4.1749,0.13889,0.88954,0.99553,N1,UC_vs_CD
RRAS,0.30371,2.096,4.2116,0.49768,0.61871,0.99553,N1,UC_vs_CD
SCAF1,0.15185,1.7355,4.296,0.40399,0.68622,0.99553,N1,UC_vs_CD
IRF3,1.7087,0.41137,1.2901,0.31887,0.74983,0.99553,N1,UC_vs_CD
BCL2L12,0.24284,0.79513,3.6848,0.21578,0.82916,0.99553,N1,UC_vs_CD
PRMT1,1.446,-0.83555,2.3177,-0.3605,0.71847,0.99553,N1,UC_vs_CD
AP2A1,0.34812,-0.22513,2.2824,-0.09864,0.92142,0.99553,N1,UC_vs_CD
FUZ,0.10906,-0.1236,2.6028,-0.047487,0.96213,0.99553,N1,UC_vs_CD
AC006942.1,0.18843,-0.92039,3.1557,-0.29166,0.77055,0.99553,N1,UC_vs_CD
MED25,0.6892,-0.28393,1.6466,-0.17244,0.86309,0.99553,N1,UC_vs_CD
PTOV1,0.76183,-1.277,1.7635,-0.72414,0.46898,0.99553,N1,UC_vs_CD
PNKP,1.0052,0.99722,1.8073,0.55177,0.5811,0.99553,N1,UC_vs_CD
AKT1S1,0.35238,1.3243,2.3132,0.57248,0.567,0.99553,N1,UC_vs_CD
TBC1D17,0.72809,1.2817,1.9817,0.64675,0.51779,0.99553,N1,UC_vs_CD
NUP62,1.2386,-0.42552,1.5244,-0.27915,0.78013,0.99553,N1,UC_vs_CD
ATF5,0.14432,-0.42113,2.4698,-0.17051,0.86461,0.99553,N1,UC_vs_CD
VRK3,1.2353,0.75199,1.2279,0.61243,0.54025,0.99553,N1,UC_vs_CD
MYH14,0.035259,0.57985,4.1749,0.13889,0.88954,0.99553,N1,UC_vs_CD
KCNC3,0.15185,1.7355,4.296,0.40399,0.68622,0.99553,N1,UC_vs_CD
NR1H2,1.8892,-1.0219,1.2414,-0.82316,0.41042,0.99553,N1,UC_vs_CD
NAPSA,0.12821,2.147,4.3394,0.49477,0.62076,0.99553,N1,UC_vs_CD
SPIB,0.38666,-0.37825,3.8257,-0.09887,0.92124,0.99553,N1,UC_vs_CD
EMC10,0.92519,1.5838,2.2753,0.6961,0.48636,0.99553,N1,UC_vs_CD
JOSD2,0.34812,-0.22513,2.2824,-0.09864,0.92142,0.99553,N1,UC_vs_CD
C19orf48,0.16001,1.7355,4.296,0.40399,0.68622,0.99553,N1,UC_vs_CD
SIGLEC9,0.18843,-0.92039,3.1557,-0.29166,0.77055,0.99553,N1,UC_vs_CD
SIGLEC7,0.31664,-0.12544,2.3932,-0.052413,0.9582,0.99553,N1,UC_vs_CD
CD33,0.16526,1.7355,4.296,0.40399,0.68622,0.99553,N1,UC_vs_CD
IGLON5,0.0738,0.29634,4.1055,0.072182,0.94246,0.99553,N1,UC_vs_CD
ETFB,3.8032,3.104,1.8371,1.6896,0.091097,0.99553,N1,UC_vs_CD
NKG7,0.79425,2.7417,2.3161,1.1838,0.23651,0.99553,N1,UC_vs_CD
SIGLEC10,1.0375,-0.28553,1.4037,-0.20341,0.83881,0.99553,N1,UC_vs_CD
SIGLEC12,0.27989,0.51131,3.2798,0.1559,0.87612,0.99553,N1,UC_vs_CD
SIGLEC5,1.0844,0.54698,1.2697,0.43078,0.66663,0.99553,N1,UC_vs_CD
SIGLEC14,3.2454,-0.96586,1.1475,-0.8417,0.39995,0.99553,N1,UC_vs_CD
SPACA6,1.5283,0.97025,1.7206,0.56389,0.57283,0.99553,N1,UC_vs_CD
HAS1,0.84157,3.0071,2.625,1.1456,0.25198,0.99553,N1,UC_vs_CD
FPR1,40.808,-0.40791,0.57033,-0.71522,0.47447,0.99553,N1,UC_vs_CD
FPR2,30.831,-1.2077,0.56733,-2.1288,0.033273,0.99553,N1,UC_vs_CD
FPR3,0.12821,2.147,4.3394,0.49477,0.62076,0.99553,N1,UC_vs_CD
ZNF613,0.11463,0.076876,4.1956,0.018323,0.98538,0.99553,N1,UC_vs_CD
ZNF350,0.48041,0.2999,2.3984,0.12504,0.90049,0.99553,N1,UC_vs_CD
ZNF615,0.16001,1.7355,4.296,0.40399,0.68622,0.99553,N1,UC_vs_CD
ZNF841,0.16526,1.7355,4.296,0.40399,0.68622,0.99553,N1,UC_vs_CD
PPP2R1A,1.1339,3.065,1.8686,1.6403,0.10094,0.99553,N1,UC_vs_CD
ZNF766,0.10578,-0.14974,4.0165,-0.037281,0.97026,0.99553,N1,UC_vs_CD
ZNF480,0.12821,2.147,4.3394,0.49477,0.62076,0.99553,N1,UC_vs_CD
ZNF880,0.16001,1.7355,4.296,0.40399,0.68622,0.99553,N1,UC_vs_CD
ZNF808,0.19527,0.95987,3.1507,0.30465,0.76063,0.99553,N1,UC_vs_CD
ZNF701,0.55581,1.0908,2.4678,0.44199,0.6585,0.99553,N1,UC_vs_CD
ZNF611,0.49656,-0.18288,2.6416,-0.069232,0.9448,0.99553,N1,UC_vs_CD
ZNF600,0.32003,2.1244,4.2058,0.50511,0.61349,0.99553,N1,UC_vs_CD
ZNF468,0.035259,0.57985,4.1749,0.13889,0.88954,0.99553,N1,UC_vs_CD
ZNF816-ZNF321P,0.19527,0.95987,3.1507,0.30465,0.76063,0.99553,N1,UC_vs_CD
ZNF160,0.25338,-0.94162,2.3743,-0.3966,0.69167,0.99553,N1,UC_vs_CD
ZNF665,0.035259,0.57985,4.1749,0.13889,0.88954,0.99553,N1,UC_vs_CD
ZNF677,0.31187,2.1139,3.0197,0.70005,0.48389,0.99553,N1,UC_vs_CD
ZNF845,0.15185,1.7355,4.296,0.40399,0.68622,0.99553,N1,UC_vs_CD
ZNF765,0.035259,0.57985,4.1749,0.13889,0.88954,0.99553,N1,UC_vs_CD
ZNF761,0.18843,-0.92039,3.1557,-0.29166,0.77055,0.99553,N1,UC_vs_CD
ZNF813,0.035259,0.57985,4.1749,0.13889,0.88954,0.99553,N1,UC_vs_CD
ZNF331,5.9013,1.9096,2.3033,0.82909,0.40705,0.99553,N1,UC_vs_CD
NLRP12,0.035259,0.57985,4.1749,0.13889,0.88954,0.99553,N1,UC_vs_CD
MYADM,8.1315,0.17698,1.3534,0.13076,0.89596,0.99553,N1,UC_vs_CD
AC008440.2,0.10906,-0.1236,2.6028,-0.047487,0.96213,0.99553,N1,UC_vs_CD
CACNG8,0.16001,1.7355,4.296,0.40399,0.68622,0.99553,N1,UC_vs_CD
VSTM1,0.16526,1.7355,4.296,0.40399,0.68622,0.99553,N1,UC_vs_CD
OSCAR,1.0004,-0.16296,1.2679,-0.12853,0.89773,0.99553,N1,UC_vs_CD
NDUFA3,4.5005,1.4884,1.3389,1.1117,0.26628,0.99553,N1,UC_vs_CD
TFPT,0.10906,-0.1236,2.6028,-0.047487,0.96213,0.99553,N1,UC_vs_CD
PRPF31,0.5034,1.9119,2.5157,0.75997,0.44727,0.99553,N1,UC_vs_CD
CNOT3,0.64841,0.35315,2.1437,0.16473,0.86915,0.99553,N1,UC_vs_CD
LENG1,0.59435,0.88125,1.9572,0.45027,0.65252,0.99553,N1,UC_vs_CD
TMC4,0.4716,2.1161,2.1792,0.97103,0.33153,0.99553,N1,UC_vs_CD
MBOAT7,15.286,-0.16539,1.0973,-0.15072,0.88019,0.99553,N1,UC_vs_CD
TSEN34,3.7476,0.58856,0.87631,0.67163,0.50182,0.99553,N1,UC_vs_CD
RPS9,69.52,0.50818,0.42148,1.2057,0.22793,0.99553,N1,UC_vs_CD
LILRB3,13.115,-0.80935,0.64617,-1.2525,0.21038,0.99553,N1,UC_vs_CD
LILRA6,1.2182,0.22836,1.2915,0.17681,0.85966,0.99553,N1,UC_vs_CD
LILRB2,3.9521,0.67025,0.81231,0.82512,0.4093,0.99553,N1,UC_vs_CD
LILRA5,5.1058,0.65266,0.75456,0.86495,0.38706,0.99553,N1,UC_vs_CD
LILRA4,0.1476,-0.38372,3.978,-0.09646,0.92315,0.99553,N1,UC_vs_CD
LAIR1,1.4282,3.2727,1.7933,1.825,0.068009,0.99553,N1,UC_vs_CD
LENG8-AS1,0.16347,1.3862,2.7687,0.50066,0.61661,0.99553,N1,UC_vs_CD
LENG8,2.4221,-0.40339,0.92385,-0.43664,0.66237,0.99553,N1,UC_vs_CD
LENG9,0.070518,0.17302,4.0786,0.042422,0.96616,0.99553,N1,UC_vs_CD
CDC42EP5,0.035259,0.57985,4.1749,0.13889,0.88954,0.99553,N1,UC_vs_CD
LILRA2,2.9562,0.22798,0.87185,0.26149,0.79372,0.99553,N1,UC_vs_CD
LILRA1,0.8135,0.95952,1.6512,0.5811,0.56117,0.99553,N1,UC_vs_CD
LILRB1,2.5567,4.4676,3.094,1.4439,0.14876,0.99553,N1,UC_vs_CD
LILRB4,1.0155,2.2307,2.1213,1.0516,0.29301,0.99553,N1,UC_vs_CD
KIR2DL1,0.12821,2.147,4.3394,0.49477,0.62076,0.99553,N1,UC_vs_CD
FCAR,2.2646,-0.1144,0.96828,-0.11814,0.90595,0.99553,N1,UC_vs_CD
AC245128.3,12.392,-0.097531,0.88741,-0.10991,0.91248,0.99553,N1,UC_vs_CD
NCR1,0.070518,0.17302,4.0786,0.042422,0.96616,0.99553,N1,UC_vs_CD
NLRP7,0.43465,0.96667,3.5014,0.27608,0.78249,0.99553,N1,UC_vs_CD
NLRP2,0.46815,2.6288,3.7763,0.69614,0.48634,0.99553,N1,UC_vs_CD
AC011476.3,0.0738,0.29634,4.1055,0.072182,0.94246,0.99553,N1,UC_vs_CD
GP6,0.16001,1.7355,4.296,0.40399,0.68622,0.99553,N1,UC_vs_CD
RDH13,0.18843,-0.92039,3.1557,-0.29166,0.77055,0.99553,N1,UC_vs_CD
EPS8L1,0.11463,0.076876,4.1956,0.018323,0.98538,0.99553,N1,UC_vs_CD
PPP1R12C,0.68619,0.42165,2.035,0.2072,0.83585,0.99553,N1,UC_vs_CD
PPP6R1,0.45359,0.26251,2.3603,0.11122,0.91144,0.99553,N1,UC_vs_CD
BRSK1,0.11463,0.076876,4.1956,0.018323,0.98538,0.99553,N1,UC_vs_CD
AC020922.2,0.15185,1.7355,4.296,0.40399,0.68622,0.99553,N1,UC_vs_CD
RPL28,89.146,1.0881,0.67454,1.6131,0.10673,0.99553,N1,UC_vs_CD
UBE2S,1.0569,-2.3635,1.9969,-1.1836,0.23657,0.99553,N1,UC_vs_CD
ISOC2,0.38895,-0.71889,1.9319,-0.37212,0.7098,0.99553,N1,UC_vs_CD
FIZ1,0.16001,1.7355,4.296,0.40399,0.68622,0.99553,N1,UC_vs_CD
ZNF865,0.15185,1.7355,4.296,0.40399,0.68622,0.99553,N1,UC_vs_CD
ZNF784,0.11463,0.076876,4.1956,0.018323,0.98538,0.99553,N1,UC_vs_CD
ZNF580,0.77921,1.3107,1.6216,0.80831,0.41891,0.99553,N1,UC_vs_CD
ZNF581,0.0738,0.29634,4.1055,0.072182,0.94246,0.99553,N1,UC_vs_CD
U2AF2,0.56524,-0.3486,1.737,-0.20069,0.84094,0.99553,N1,UC_vs_CD
EPN1,1.2472,-1.3676,2.1143,-0.64682,0.51775,0.99553,N1,UC_vs_CD
ZNF787,0.27581,0.39133,3.2674,0.11977,0.90467,0.99553,N1,UC_vs_CD
ZNF444,0.035259,0.57985,4.1749,0.13889,0.88954,0.99553,N1,UC_vs_CD
EDDM13,0.16001,1.7355,4.296,0.40399,0.68622,0.99553,N1,UC_vs_CD
ZNF667,0.16001,1.7355,4.296,0.40399,0.68622,0.99553,N1,UC_vs_CD
ZNF264,0.22565,0.79989,3.5133,0.22768,0.8199,0.99553,N1,UC_vs_CD
AURKC,0.16526,1.7355,4.296,0.40399,0.68622,0.99553,N1,UC_vs_CD
ZNF460,0.15185,1.7355,4.296,0.40399,0.68622,0.99553,N1,UC_vs_CD
AC005261.1,1.0892,1.4746,1.6224,0.90891,0.3634,0.99553,N1,UC_vs_CD
ZNF547,0.16001,1.7355,4.296,0.40399,0.68622,0.99553,N1,UC_vs_CD
TRAPPC2B,1.1492,-0.33082,1.4521,-0.22782,0.81979,0.99553,N1,UC_vs_CD
ZNF548,0.59636,3.2451,2.5915,1.2522,0.21049,0.99553,N1,UC_vs_CD
ZNF419,0.11463,0.076876,4.1956,0.018323,0.98538,0.99553,N1,UC_vs_CD
ZNF549,0.0738,0.29634,4.1055,0.072182,0.94246,0.99553,N1,UC_vs_CD
ZNF550,0.16526,1.7355,4.296,0.40399,0.68622,0.99553,N1,UC_vs_CD
ZNF551,0.12821,2.147,4.3394,0.49477,0.62076,0.99553,N1,UC_vs_CD
ZNF154,0.16001,1.7355,4.296,0.40399,0.68622,0.99553,N1,UC_vs_CD
ZNF776,0.10906,-0.1236,2.6028,-0.047487,0.96213,0.99553,N1,UC_vs_CD
ZNF586,0.0738,0.29634,4.1055,0.072182,0.94246,0.99553,N1,UC_vs_CD
ZNF552,0.53182,-0.35848,1.9714,-0.18184,0.85571,0.99553,N1,UC_vs_CD
ZNF587B,0.16001,1.7355,4.296,0.40399,0.68622,0.99553,N1,UC_vs_CD
ZNF587,0.58094,0.87519,1.946,0.44974,0.65289,0.99553,N1,UC_vs_CD
ZNF417,0.30371,2.096,4.2116,0.49768,0.61871,0.99553,N1,UC_vs_CD
ZNF606,0.12821,2.147,4.3394,0.49477,0.62076,0.99553,N1,UC_vs_CD
ZSCAN18,0.40432,1.2823,3.9485,0.32476,0.74536,0.99553,N1,UC_vs_CD
ZNF274,0.64012,0.66545,1.65,0.40329,0.68673,0.99553,N1,UC_vs_CD
ERVK3-1,0.4575,-1.1122,1.9053,-0.58376,0.55938,0.99553,N1,UC_vs_CD
AC010642.2,0.80044,0.76048,1.8398,0.41336,0.67934,0.99553,N1,UC_vs_CD
A1BG,0.80385,0.32319,2.0347,0.15884,0.8738,0.99553,N1,UC_vs_CD
A1BG-AS1,0.16526,1.7355,4.296,0.40399,0.68622,0.99553,N1,UC_vs_CD
RPS5,32.062,1.1398,0.93842,1.2146,0.22452,0.99553,N1,UC_vs_CD
ZNF584,0.16001,1.7355,4.296,0.40399,0.68622,0.99553,N1,UC_vs_CD
AC012313.1,0.035259,0.57985,4.1749,0.13889,0.88954,0.99553,N1,UC_vs_CD
ZNF132,0.035259,0.57985,4.1749,0.13889,0.88954,0.99553,N1,UC_vs_CD
ZNF324,0.16526,1.7355,4.296,0.40399,0.68622,0.99553,N1,UC_vs_CD
SLC27A5,0.16001,1.7355,4.296,0.40399,0.68622,0.99553,N1,UC_vs_CD
TRIM28,1.0424,2.3128,1.8202,1.2706,0.20387,0.99553,N1,UC_vs_CD
CHMP2A,12.774,0.50627,0.5786,0.875,0.38158,0.99553,N1,UC_vs_CD
UBE2M,0.68544,-1.0512,1.5446,-0.6806,0.49613,0.99553,N1,UC_vs_CD
MZF1-AS1,0.070518,0.17302,4.0786,0.042422,0.96616,0.99553,N1,UC_vs_CD
MZF1,0.070518,0.17302,4.0786,0.042422,0.96616,0.99553,N1,UC_vs_CD
RPS4Y1,0.48408,-0.52728,1.9446,-0.27116,0.78627,0.99553,N1,UC_vs_CD
ZFY,0.0738,0.29634,4.1055,0.072182,0.94246,0.99553,N1,UC_vs_CD
USP9Y,0.035259,0.57985,4.1749,0.13889,0.88954,0.99553,N1,UC_vs_CD
DDX3Y,7.4075,-0.21243,0.94028,-0.22593,0.82126,0.99553,N1,UC_vs_CD
UTY,0.070518,0.17302,4.0786,0.042422,0.96616,0.99553,N1,UC_vs_CD
KDM5D,0.65152,2.4501,3.7577,0.65204,0.51438,0.99553,N1,UC_vs_CD
EIF1AY,3.5149,0.55257,1.3517,0.40878,0.6827,0.99553,N1,UC_vs_CD
AP000547.3,0.12821,2.147,4.3394,0.49477,0.62076,0.99553,N1,UC_vs_CD
XKR3,0.035259,0.57985,4.1749,0.13889,0.88954,0.99553,N1,UC_vs_CD
IL17RA,3.1258,-1.3251,1.3423,-0.98723,0.32353,0.99553,N1,UC_vs_CD
ADA2,2.0837,1.4688,1.2876,1.1408,0.25397,0.99553,N1,UC_vs_CD
AC007666.1,0.16001,1.7355,4.296,0.40399,0.68622,0.99553,N1,UC_vs_CD
ATP6V1E1,3.3618,-0.7325,0.93676,-0.78195,0.43424,0.99553,N1,UC_vs_CD
BCL2L13,1.4123,-0.49907,1.5568,-0.32057,0.74854,0.99553,N1,UC_vs_CD
BID,11.851,-0.22936,0.59089,-0.38816,0.6979,0.99553,N1,UC_vs_CD
LINC00528,4.2676,-0.88858,0.98351,-0.90348,0.36627,0.99553,N1,UC_vs_CD
MICAL3,0.18711,0.95949,3.1139,0.30814,0.75798,0.99553,N1,UC_vs_CD
PEX26,0.4399,0.91987,2.2834,0.40285,0.68706,0.99553,N1,UC_vs_CD
AC008079.2,0.15185,1.7355,4.296,0.40399,0.68622,0.99553,N1,UC_vs_CD
USP18,0.035259,0.57985,4.1749,0.13889,0.88954,0.99553,N1,UC_vs_CD
DGCR6,0.0738,0.29634,4.1055,0.072182,0.94246,0.99553,N1,UC_vs_CD
DGCR2,0.45999,2.6284,3.7508,0.70074,0.48347,0.99553,N1,UC_vs_CD
ESS2,0.26648,0.49292,3.2388,0.15219,0.87904,0.99553,N1,UC_vs_CD
SLC25A1,0.26222,-1.4233,3.2885,-0.43281,0.66515,0.99553,N1,UC_vs_CD
HIRA,0.12821,2.147,4.3394,0.49477,0.62076,0.99553,N1,UC_vs_CD
C22orf39,0.43433,0.64014,1.946,0.32895,0.74219,0.99553,N1,UC_vs_CD
MRPL40,1.9651,0.8889,2.5668,0.34631,0.72911,0.99553,N1,UC_vs_CD
UFD1,2.5206,1.8699,1.2538,1.4913,0.13588,0.99553,N1,UC_vs_CD
GNB1L,0.11463,0.076876,4.1956,0.018323,0.98538,0.99553,N1,UC_vs_CD
COMT,0.76535,3.3187,2.3066,1.4387,0.15022,0.99553,N1,UC_vs_CD
ARVCF,0.11463,0.076876,4.1956,0.018323,0.98538,0.99553,N1,UC_vs_CD
TANGO2,0.18843,-0.92039,3.1557,-0.29166,0.77055,0.99553,N1,UC_vs_CD
AC006547.3,0.0738,0.29634,4.1055,0.072182,0.94246,0.99553,N1,UC_vs_CD
DGCR8,0.16001,1.7355,4.296,0.40399,0.68622,0.99553,N1,UC_vs_CD
TRMT2A,0.30958,-0.070584,2.1467,-0.03288,0.97377,0.99553,N1,UC_vs_CD
RANBP1,0.67389,0.27815,1.5921,0.17471,0.86131,0.99553,N1,UC_vs_CD
ZDHHC8,0.38193,1.2016,3.5543,0.33806,0.73532,0.99553,N1,UC_vs_CD
LINC00896,0.1476,-0.38372,3.978,-0.09646,0.92315,0.99553,N1,UC_vs_CD
DGCR6L,0.54194,1.7047,2.6528,0.64262,0.52047,0.99553,N1,UC_vs_CD
KLHL22,0.12821,2.147,4.3394,0.49477,0.62076,0.99553,N1,UC_vs_CD
MED15,0.82626,-0.3445,2.1318,-0.1616,0.87162,0.99553,N1,UC_vs_CD
PI4KA,0.4996,0.00091972,2.4759,0.00037147,0.9997,0.99979,N1,UC_vs_CD
SNAP29,0.96559,2.6092,1.9119,1.3647,0.17235,0.99553,N1,UC_vs_CD
CRKL,0.14432,-0.42113,2.4698,-0.17051,0.86461,0.99553,N1,UC_vs_CD
LZTR1,0.0738,0.29634,4.1055,0.072182,0.94246,0.99553,N1,UC_vs_CD
THAP7,0.1476,-0.38372,3.978,-0.09646,0.92315,0.99553,N1,UC_vs_CD
THAP7-AS1,0.16001,1.7355,4.296,0.40399,0.68622,0.99553,N1,UC_vs_CD
HIC2,0.62998,0.47058,2.7515,0.17103,0.8642,0.99553,N1,UC_vs_CD
UBE2L3,3.84,0.096087,0.80496,0.11937,0.90498,0.99553,N1,UC_vs_CD
YDJC,0.16001,1.7355,4.296,0.40399,0.68622,0.99553,N1,UC_vs_CD
SDF2L1,5.4682,-0.41275,2.1346,-0.19336,0.84668,0.99553,N1,UC_vs_CD
PPIL2,1.2797,3.5351,3.0456,1.1607,0.24576,0.99553,N1,UC_vs_CD
MAPK1,3.1654,-0.29092,0.89604,-0.32467,0.74543,0.99553,N1,UC_vs_CD
PPM1F,1.716,0.65118,1.2277,0.5304,0.59584,0.99553,N1,UC_vs_CD
IGLV4-69,0.71386,1.7612,3.8961,0.45204,0.65124,0.99553,N1,UC_vs_CD
AC245060.6,0.12821,2.147,4.3394,0.49477,0.62076,0.99553,N1,UC_vs_CD
AC245060.5,0.15185,1.7355,4.296,0.40399,0.68622,0.99553,N1,UC_vs_CD
IGLV1-50,2.0802,3.3279,4.0603,0.81961,0.41244,0.99553,N1,UC_vs_CD
IGLV1-40,10.859,-3.6281,3.5917,-1.0101,,,N1,UC_vs_CD
ZNF280B,0.16001,1.7355,4.296,0.40399,0.68622,0.99553,N1,UC_vs_CD
IGLV2-23,4.2411,-20.586,243.9,-0.0844,0.93274,0.99553,N1,UC_vs_CD
IGLV3-21,1.4806,2.1171,2.9152,0.72622,0.4677,0.99553,N1,UC_vs_CD
IGLV3-19,8.118,-5.3303,3.7454,-1.4232,0.15469,0.99553,N1,UC_vs_CD
IGLV2-14,19.63,5.707,3.8287,1.4906,,,N1,UC_vs_CD
IGLV2-11,0.69756,-1.5682,2.4969,-0.62807,0.52996,0.99553,N1,UC_vs_CD
IGLV2-8,0.16526,1.7355,4.296,0.40399,0.68622,0.99553,N1,UC_vs_CD
IGLV3-1,3.3962,-3.5485,2.3978,-1.4799,0.13889,0.99553,N1,UC_vs_CD
IGLL5,30.488,-4.8045,3.1613,-1.5198,0.12856,0.99553,N1,UC_vs_CD
IGLC2,905.63,-0.96396,1.9435,-0.49599,,,N1,UC_vs_CD
IGLC3,1182.2,-3.8324,1.2689,-3.0202,0.0025258,0.99553,N1,UC_vs_CD
IGLC5,0.0738,0.29634,4.1055,0.072182,0.94246,0.99553,N1,UC_vs_CD
IGLC7,0.78183,0.5375,2.7817,0.19323,0.84678,0.99553,N1,UC_vs_CD
BCR,0.39092,1.2838,2.4754,0.51861,0.60403,0.99553,N1,UC_vs_CD
LINC01659,0.0738,0.29634,4.1055,0.072182,0.94246,0.99553,N1,UC_vs_CD
RGL4,7.9884,-0.29716,0.81068,-0.36656,0.71395,0.99553,N1,UC_vs_CD
CHCHD10,1.3974,-1.342,2.1079,-0.63665,0.52436,0.99553,N1,UC_vs_CD
SMARCB1,1.5006,3.4409,2.3543,1.4616,0.14386,0.99553,N1,UC_vs_CD
DERL3,19.168,1.9585,1.5177,1.2904,0.19691,0.99553,N1,UC_vs_CD
SLC2A11,0.18286,-0.58992,2.6976,-0.21868,0.8269,0.99553,N1,UC_vs_CD
MIF,4.6517,-2.5352,1.4636,-1.7321,0.083252,0.99553,N1,UC_vs_CD
MIF-AS1,0.035259,0.57985,4.1749,0.13889,0.88954,0.99553,N1,UC_vs_CD
DDT,2.1696,-0.27317,1.0342,-0.26414,0.79167,0.99553,N1,UC_vs_CD
CABIN1,0.51239,1.6012,2.0101,0.79658,0.42569,0.99553,N1,UC_vs_CD
GGT5,0.82996,1.0071,1.9276,0.52249,0.60133,0.99553,N1,UC_vs_CD
SPECC1L,0.25666,-0.90316,2.8674,-0.31497,0.75278,0.99553,N1,UC_vs_CD
ADORA2A,0.16347,1.3862,2.7687,0.50066,0.61661,0.99553,N1,UC_vs_CD
ADORA2A-AS1,0.41913,-0.85363,2.2133,-0.38567,0.69974,0.99553,N1,UC_vs_CD
UPB1,0.79629,1.1501,2.0904,0.5502,0.58219,0.99553,N1,UC_vs_CD
GUCD1,0.58979,-0.33762,1.8224,-0.18527,0.85302,0.99553,N1,UC_vs_CD
SNRPD3,3.4622,3.3682,1.5523,2.1698,0.030023,0.99553,N1,UC_vs_CD
GGT1,0.035259,0.57985,4.1749,0.13889,0.88954,0.99553,N1,UC_vs_CD
LRRC75B,0.10906,-0.1236,2.6028,-0.047487,0.96213,0.99553,N1,UC_vs_CD
KIAA1671,0.16001,1.7355,4.296,0.40399,0.68622,0.99553,N1,UC_vs_CD
LRP5L,0.3099,-0.14541,2.2609,-0.064314,0.94872,0.99553,N1,UC_vs_CD
GRK3,1.2143,2.1349,1.5922,1.3409,0.17996,0.99553,N1,UC_vs_CD
HPS4,0.10906,-0.1236,2.6028,-0.047487,0.96213,0.99553,N1,UC_vs_CD
SRRD,0.10906,-0.1236,2.6028,-0.047487,0.96213,0.99553,N1,UC_vs_CD
TFIP11,0.94562,1.3289,1.5474,0.85878,0.39046,0.99553,N1,UC_vs_CD
TPST2,2.1421,-0.28821,1.0852,-0.26558,0.79056,0.99553,N1,UC_vs_CD
CRYBA4,0.15185,1.7355,4.296,0.40399,0.68622,0.99553,N1,UC_vs_CD
MIAT,1.1224,-0.25503,1.3521,-0.18862,0.85039,0.99553,N1,UC_vs_CD
MIATNB,0.23906,0.79839,3.5646,0.22398,0.82277,0.99553,N1,UC_vs_CD
PITPNB,1.2679,-0.42274,1.2097,-0.34946,0.72674,0.99553,N1,UC_vs_CD
HSCB,0.33959,-0.30429,2.1354,-0.14249,0.88669,0.99553,N1,UC_vs_CD
CCDC117,1.1469,2.7488,2.2536,1.2198,0.22256,0.99553,N1,UC_vs_CD
XBP1,16.637,-0.71923,0.85828,-0.83799,0.40204,0.99553,N1,UC_vs_CD
Z93930.2,1.8569,2.993,2.4025,1.2458,0.21284,0.99553,N1,UC_vs_CD
KREMEN1,2.9206,0.37876,0.94583,0.40045,0.68882,0.99553,N1,UC_vs_CD
RHBDD3,0.38193,1.2016,3.5543,0.33806,0.73532,0.99553,N1,UC_vs_CD
EWSR1,2.9003,0.52775,0.85381,0.61811,0.5365,0.99553,N1,UC_vs_CD
AP1B1,0.54277,1.5736,2.5678,0.61282,0.54,0.99553,N1,UC_vs_CD
THOC5,0.46718,2.0771,2.4571,0.84537,0.39791,0.99553,N1,UC_vs_CD
NF2,0.62816,3.0923,3.9964,0.77377,0.43907,0.99553,N1,UC_vs_CD
ZMAT5,0.23381,0.79896,3.5449,0.22538,0.82168,0.99553,N1,UC_vs_CD
UQCR10,8.5795,1.2235,0.92652,1.3206,0.18665,0.99553,N1,UC_vs_CD
ASCC2,0.65329,0.22414,1.9865,0.11283,0.91016,0.99553,N1,UC_vs_CD
MTMR3,1.5686,-2.0014,1.1792,-1.6973,0.089642,0.99553,N1,UC_vs_CD
AC003681.1,0.65867,0.082116,2.8004,0.029323,0.97661,0.99553,N1,UC_vs_CD
LIF,1.1822,1.8639,2.4048,0.77506,0.4383,0.99553,N1,UC_vs_CD
OSM,61.466,-0.2278,0.82809,-0.27509,0.78324,0.99553,N1,UC_vs_CD
TBC1D10A,0.24284,0.79513,3.6848,0.21578,0.82916,0.99553,N1,UC_vs_CD
SF3A1,1.0211,-0.80976,1.9609,-0.41296,0.67964,0.99553,N1,UC_vs_CD
CCDC157,0.32528,2.1316,3.0535,0.69809,0.48512,0.99553,N1,UC_vs_CD
RNF215,0.16526,1.7355,4.296,0.40399,0.68622,0.99553,N1,UC_vs_CD
PES1,0.35529,1.3328,3.6732,0.36284,0.71673,0.99553,N1,UC_vs_CD
DUSP18,0.82283,2.442,2.1617,1.1296,0.25863,0.99553,N1,UC_vs_CD
OSBP2,0.0738,0.29634,4.1055,0.072182,0.94246,0.99553,N1,UC_vs_CD
MORC2-AS1,0.16001,1.7355,4.296,0.40399,0.68622,0.99553,N1,UC_vs_CD
SMTN,0.33471,-0.22527,2.2616,-0.099608,0.92066,0.99553,N1,UC_vs_CD
SELENOM,3.2346,-0.48207,1.4122,-0.34136,0.73283,0.99553,N1,UC_vs_CD
RNF185,0.53147,-1.1355,1.6379,-0.69328,0.48813,0.99553,N1,UC_vs_CD
LIMK2,29.118,-0.84927,0.70295,-1.2082,0.22699,0.99553,N1,UC_vs_CD
PIK3IP1,1.1003,-1.0262,1.4417,-0.71178,0.4766,0.99553,N1,UC_vs_CD
PATZ1,0.19527,0.95987,3.1507,0.30465,0.76063,0.99553,N1,UC_vs_CD
DRG1,0.0738,0.29634,4.1055,0.072182,0.94246,0.99553,N1,UC_vs_CD
SFI1,0.14988,-0.59457,2.8782,-0.20658,0.83634,0.99553,N1,UC_vs_CD
PISD,1.6474,0.69924,1.0135,0.68994,0.49023,0.99553,N1,UC_vs_CD
PRR14L,0.80735,0.78397,1.9345,0.40525,0.68529,0.99553,N1,UC_vs_CD
YWHAH,0.8938,0.10573,1.6817,0.06287,0.94987,0.99553,N1,UC_vs_CD
RTCB,1.0243,2.6288,1.9088,1.3772,0.16844,0.99553,N1,UC_vs_CD
FBXO7,0.66342,2.3686,2.7185,0.87127,0.38361,0.99553,N1,UC_vs_CD
TIMP3,0.16526,1.7355,4.296,0.40399,0.68622,0.99553,N1,UC_vs_CD
HMGXB4,0.81365,-0.37782,1.4,-0.26987,0.78726,0.99553,N1,UC_vs_CD
AL008635.1,0.19873,0.93233,2.7996,0.33302,0.73912,0.99553,N1,UC_vs_CD
TOM1,7.3274,-0.60826,0.68524,-0.88766,0.37472,0.99553,N1,UC_vs_CD
Z82244.2,0.31712,2.1207,3.0327,0.69927,0.48438,0.99553,N1,UC_vs_CD
HMOX1,6.9144,-0.37429,1.8676,-0.20041,0.84116,0.99553,N1,UC_vs_CD
MCM5,0.48529,2.3901,3.1978,0.74742,0.45481,0.99553,N1,UC_vs_CD
APOL6,10.351,-1.6457,1.0316,-1.5953,0.11064,0.99553,N1,UC_vs_CD
Z95114.4,0.035259,0.57985,4.1749,0.13889,0.88954,0.99553,N1,UC_vs_CD
APOL3,0.47339,2.6291,3.7922,0.6933,0.48812,0.99553,N1,UC_vs_CD
APOL2,1.8438,-1.012,1.1693,-0.86546,0.38679,0.99553,N1,UC_vs_CD
APOL1,1.7041,-1.5245,1.8957,-0.80417,0.4213,0.99553,N1,UC_vs_CD
MYH9,9.3015,0.37636,0.50175,0.7501,0.45319,0.99553,N1,UC_vs_CD
AL022313.2,0.035259,0.57985,4.1749,0.13889,0.88954,0.99553,N1,UC_vs_CD
TXN2,1.4882,2.3186,1.903,1.2184,0.22307,0.99553,N1,UC_vs_CD
EIF3D,1.4776,1.704,1.8391,0.92653,0.35417,0.99553,N1,UC_vs_CD
IFT27,0.46815,2.6288,3.7763,0.69614,0.48634,0.99553,N1,UC_vs_CD
NCF4,9.4811,0.17628,0.76272,0.23113,0.81722,0.99553,N1,UC_vs_CD
CSF2RB,27.493,-0.54604,0.52524,-1.0396,0.29852,0.99553,N1,UC_vs_CD
TST,0.18843,-0.92039,3.1557,-0.29166,0.77055,0.99553,N1,UC_vs_CD
MPST,0.86087,0.49532,1.7633,0.28091,0.77878,0.99553,N1,UC_vs_CD
IL2RB,0.26648,0.49292,3.2388,0.15219,0.87904,0.99553,N1,UC_vs_CD
C1QTNF6,0.0738,0.29634,4.1055,0.072182,0.94246,0.99553,N1,UC_vs_CD
SSTR3,0.15185,1.7355,4.296,0.40399,0.68622,0.99553,N1,UC_vs_CD
RAC2,14.541,0.06552,0.44782,0.14631,0.88368,0.99553,N1,UC_vs_CD
CYTH4,13.251,-0.20601,0.51993,-0.39623,0.69194,0.99553,N1,UC_vs_CD
MFNG,0.6537,1.9302,1.8478,1.0446,0.29622,0.99553,N1,UC_vs_CD
LGALS2,0.22565,0.79989,3.5133,0.22768,0.8199,0.99553,N1,UC_vs_CD
GGA1,2.7453,1.6897,1.1675,1.4473,0.14782,0.99553,N1,UC_vs_CD
SH3BP1,1.15,1.3103,1.5973,0.82036,0.41201,0.99553,N1,UC_vs_CD
LGALS1,12.015,1.2942,0.94581,1.3684,0.17119,0.99553,N1,UC_vs_CD
NOL12,0.27989,0.51131,3.2798,0.1559,0.87612,0.99553,N1,UC_vs_CD
TRIOBP,1.1273,0.36598,1.54,0.23765,0.81216,0.99553,N1,UC_vs_CD
GCAT,0.035259,0.57985,4.1749,0.13889,0.88954,0.99553,N1,UC_vs_CD
ANKRD54,0.86115,0.80573,2.2995,0.35039,0.72604,0.99553,N1,UC_vs_CD
EIF3L,2.4468,0.64413,1.3513,0.47668,0.63359,0.99553,N1,UC_vs_CD
MICALL1,0.38567,1.2777,2.4678,0.51772,0.60465,0.99553,N1,UC_vs_CD
POLR2F,1.068,0.55407,2.0833,0.26596,0.79027,0.99553,N1,UC_vs_CD
PLA2G6,0.23053,0.5269,3.4413,0.15311,0.87831,0.99553,N1,UC_vs_CD
AL022322.2,0.070518,0.17302,4.0786,0.042422,0.96616,0.99553,N1,UC_vs_CD
MAFF,16.44,-1.5423,0.57701,-2.6729,0.0075194,0.99553,N1,UC_vs_CD
TMEM184B,1.5761,1.0316,1.2487,0.82611,0.40874,0.99553,N1,UC_vs_CD
CSNK1E,1.146,-0.047972,1.3848,-0.034643,0.97236,0.99553,N1,UC_vs_CD
KDELR3,0.12821,2.147,4.3394,0.49477,0.62076,0.99553,N1,UC_vs_CD
DDX17,13.865,-0.12351,0.40511,-0.30488,0.76046,0.99553,N1,UC_vs_CD
DMC1,0.30813,2.1491,4.3393,0.49527,0.62041,0.99553,N1,UC_vs_CD
FAM227A,0.16001,1.7355,4.296,0.40399,0.68622,0.99553,N1,UC_vs_CD
AL021707.4,0.16001,1.7355,4.296,0.40399,0.68622,0.99553,N1,UC_vs_CD
TOMM22,1.9209,0.53042,1.9374,0.27378,0.78426,0.99553,N1,UC_vs_CD
JOSD1,8.6091,-0.24621,0.8996,-0.27369,0.78432,0.99553,N1,UC_vs_CD
GTPBP1,4.5107,-1.1949,1.0253,-1.1654,0.24386,0.99553,N1,UC_vs_CD
AL021707.5,0.4399,0.91987,2.2834,0.40285,0.68706,0.99553,N1,UC_vs_CD
SUN2,1.5776,-0.6743,1.6625,-0.40559,0.68505,0.99553,N1,UC_vs_CD
AL021707.1,0.9758,0.77145,1.5331,0.50318,0.61484,0.99553,N1,UC_vs_CD
AL021707.6,3.1494,-0.22499,0.86051,-0.26146,0.79374,0.99553,N1,UC_vs_CD
AL021707.7,0.12821,2.147,4.3394,0.49477,0.62076,0.99553,N1,UC_vs_CD
DNAL4,0.16001,1.7355,4.296,0.40399,0.68622,0.99553,N1,UC_vs_CD
CBX6,1.1206,-0.61323,1.2923,-0.47454,0.63512,0.99553,N1,UC_vs_CD
APOBEC3A,7.9298,-0.37061,0.59375,-0.62418,0.53251,0.99553,N1,UC_vs_CD
APOBEC3B,0.24284,0.79513,3.6848,0.21578,0.82916,0.99553,N1,UC_vs_CD
APOBEC3C,0.43465,0.96667,3.5014,0.27608,0.78249,0.99553,N1,UC_vs_CD
APOBEC3G,1.5357,1.1633,1.9576,0.59424,0.55235,0.99553,N1,UC_vs_CD
CBX7,0.70196,2.1978,2.8649,0.76715,0.44299,0.99553,N1,UC_vs_CD
AL031846.2,0.070518,0.17302,4.0786,0.042422,0.96616,0.99553,N1,UC_vs_CD
PDGFB,0.20201,1.0374,3.076,0.33725,0.73593,0.99553,N1,UC_vs_CD
RPL3,50.608,1.2324,0.86059,1.432,0.15214,0.99553,N1,UC_vs_CD
SYNGR1,0.16001,1.7355,4.296,0.40399,0.68622,0.99553,N1,UC_vs_CD
MGAT3,0.30813,2.1491,4.3393,0.49527,0.62041,0.99553,N1,UC_vs_CD
MIEF1,0.96844,1.1216,1.7995,0.62328,0.5331,0.99553,N1,UC_vs_CD
ATF4,7.1198,0.36601,0.63026,0.58074,0.56142,0.99553,N1,UC_vs_CD
RPS19BP1,2.0857,-1.5743,1.2156,-1.2951,0.19529,0.99553,N1,UC_vs_CD
GRAP2,0.35529,1.3328,3.6732,0.36284,0.71673,0.99553,N1,UC_vs_CD
TNRC6B,4.2271,0.25217,0.81359,0.30995,0.7566,0.99553,N1,UC_vs_CD
ADSL,0.32528,2.1316,3.0535,0.69809,0.48512,0.99553,N1,UC_vs_CD
AL022238.2,0.18711,0.95949,3.1139,0.30814,0.75798,0.99553,N1,UC_vs_CD
MKL1,0.035259,0.57985,4.1749,0.13889,0.88954,0.99553,N1,UC_vs_CD
SLC25A17,0.0738,0.29634,4.1055,0.072182,0.94246,0.99553,N1,UC_vs_CD
ST13,1.8139,0.51735,1.1519,0.44914,0.65333,0.99553,N1,UC_vs_CD
XPNPEP3,0.62082,2.5526,3.3473,0.76257,0.44572,0.99553,N1,UC_vs_CD
RBX1,5.7134,1.4331,0.86106,1.6644,0.096039,0.99553,N1,UC_vs_CD
EP300,3.4601,0.040236,1.3714,0.02934,0.97659,0.99553,N1,UC_vs_CD
L3MBTL2,0.48238,2.3869,3.1913,0.74793,0.4545,0.99553,N1,UC_vs_CD
RANGAP1,0.65657,0.35533,2.1529,0.16505,0.86891,0.99553,N1,UC_vs_CD
ZC3H7B,0.16001,1.7355,4.296,0.40399,0.68622,0.99553,N1,UC_vs_CD
TOB2,0.70278,1.7989,2.0156,0.89249,0.37213,0.99553,N1,UC_vs_CD
PHF5A,0.6995,1.1871,1.8413,0.64471,0.51911,0.99553,N1,UC_vs_CD
ACO2,0.76905,-0.18803,1.5741,-0.11945,0.90492,0.99553,N1,UC_vs_CD
POLR3H,0.16001,1.7355,4.296,0.40399,0.68622,0.99553,N1,UC_vs_CD
PMM1,0.49604,-1.3114,2.5978,-0.50483,0.61368,0.99553,N1,UC_vs_CD
DESI1,0.51159,0.35385,1.6976,0.20844,0.83489,0.99553,N1,UC_vs_CD
XRCC6,2.0152,0.16226,1.6503,0.09832,0.92168,0.99553,N1,UC_vs_CD
SNU13,4.758,0.50889,1.2883,0.39502,0.69283,0.99553,N1,UC_vs_CD
C22orf46,0.16001,1.7355,4.296,0.40399,0.68622,0.99553,N1,UC_vs_CD
MEI1,1.7315,2.585,1.996,1.2951,0.1953,0.99553,N1,UC_vs_CD
CCDC134,0.0738,0.29634,4.1055,0.072182,0.94246,0.99553,N1,UC_vs_CD
AL021453.1,0.6874,-1.1196,1.8119,-0.61794,0.53661,0.99553,N1,UC_vs_CD
SREBF2,0.64202,-0.82779,1.8547,-0.44632,0.65537,0.99553,N1,UC_vs_CD
TNFRSF13C,0.64239,2.5901,2.4004,1.079,0.28058,0.99553,N1,UC_vs_CD
CENPM,0.48004,2.3809,4.1592,0.57243,0.56703,0.99553,N1,UC_vs_CD
NAGA,0.16001,1.7355,4.296,0.40399,0.68622,0.99553,N1,UC_vs_CD
PHETA2,0.28822,2.5291,3.2881,0.76917,0.44179,0.99553,N1,UC_vs_CD
SMDT1,1.8719,-0.44882,1.1961,-0.37524,0.70748,0.99553,N1,UC_vs_CD
NDUFA6,2.3612,0.055658,1.2948,0.042986,0.96571,0.99553,N1,UC_vs_CD
TCF20,0.5258,1.5991,2.3876,0.66974,0.50302,0.99553,N1,UC_vs_CD
NFAM1,2.3266,0.10779,1.1941,0.090269,0.92807,0.99553,N1,UC_vs_CD
RRP7A,1.0055,1.1108,3.2808,0.33857,0.73493,0.99553,N1,UC_vs_CD
POLDIP3,1.0281,2.548,1.8119,1.4063,0.15965,0.99553,N1,UC_vs_CD
Z93241.1,0.46631,0.22405,2.5691,0.087211,0.9305,0.99553,N1,UC_vs_CD
CYB5R3,0.91492,1.3975,1.4234,0.98184,0.32618,0.99553,N1,UC_vs_CD
ATP5MGL,0.0738,0.29634,4.1055,0.072182,0.94246,0.99553,N1,UC_vs_CD
ARFGAP3,7.6672,0.68121,0.6505,1.0472,0.295,0.99553,N1,UC_vs_CD
PACSIN2,3.462,0.74401,1.0803,0.68874,0.49099,0.99553,N1,UC_vs_CD
AL022476.1,0.16001,1.7355,4.296,0.40399,0.68622,0.99553,N1,UC_vs_CD
BIK,0.22368,-1.1647,2.1972,-0.53008,0.59605,0.99553,N1,UC_vs_CD
MCAT,0.16001,1.7355,4.296,0.40399,0.68622,0.99553,N1,UC_vs_CD
TSPO,14.176,-0.21118,1.0244,-0.20615,0.83668,0.99553,N1,UC_vs_CD
TTLL12,0.58277,1.3226,2.804,0.47168,0.63716,0.99553,N1,UC_vs_CD
SAMM50,1.0089,0.74696,1.4347,0.52062,0.60263,0.99553,N1,UC_vs_CD
PARVB,0.45573,0.7041,3.6704,0.19183,0.84787,0.99553,N1,UC_vs_CD
PARVG,1.7032,0.5305,1.3194,0.40209,0.68762,0.99553,N1,UC_vs_CD
AL031595.2,0.12821,2.147,4.3394,0.49477,0.62076,0.99553,N1,UC_vs_CD
PRR5,0.10906,-0.1236,2.6028,-0.047487,0.96213,0.99553,N1,UC_vs_CD
NUP50-DT,0.45694,2.241,2.336,0.95933,0.33739,0.99553,N1,UC_vs_CD
NUP50,1.0424,0.98339,2.1453,0.45839,0.64667,0.99553,N1,UC_vs_CD
KIAA0930,0.67866,0.27862,2.0463,0.13616,0.8917,0.99553,N1,UC_vs_CD
FAM118A,0.61803,0.63749,2.078,0.30678,0.75901,0.99553,N1,UC_vs_CD
ATXN10,0.41408,-0.94828,2.481,-0.38222,0.7023,0.99553,N1,UC_vs_CD
AL121672.3,0.0738,0.29634,4.1055,0.072182,0.94246,0.99553,N1,UC_vs_CD
PRR34-AS1,0.10906,-0.1236,2.6028,-0.047487,0.96213,0.99553,N1,UC_vs_CD
PPARA,0.3099,-0.14541,2.2609,-0.064314,0.94872,0.99553,N1,UC_vs_CD
TTC38,0.54719,1.7045,2.6626,0.64015,0.52207,0.99553,N1,UC_vs_CD
TRMU,0.22925,-0.75796,4.1396,-0.1831,0.85472,0.99553,N1,UC_vs_CD
CERK,1.1825,0.85169,1.3273,0.64168,0.52108,0.99553,N1,UC_vs_CD
AL118516.1,2.9967,-0.47516,0.98106,-0.48433,0.62815,0.99553,N1,UC_vs_CD
TBC1D22A,1.0195,0.59752,1.8088,0.33035,0.74114,0.99553,N1,UC_vs_CD
C22orf34,0.035259,0.57985,4.1749,0.13889,0.88954,0.99553,N1,UC_vs_CD
BRD1,0.0738,0.29634,4.1055,0.072182,0.94246,0.99553,N1,UC_vs_CD
AL117328.2,0.035259,0.57985,4.1749,0.13889,0.88954,0.99553,N1,UC_vs_CD
ZBED4,0.035259,0.57985,4.1749,0.13889,0.88954,0.99553,N1,UC_vs_CD
CRELD2,1.1282,1.4159,1.5452,0.91631,0.3595,0.99553,N1,UC_vs_CD
PIM3,16.039,-0.24643,0.47296,-0.52105,0.60233,0.99553,N1,UC_vs_CD
MLC1,0.15185,1.7355,4.296,0.40399,0.68622,0.99553,N1,UC_vs_CD
TRABD,1.0198,1.1595,2.1086,0.54986,0.58242,0.99553,N1,UC_vs_CD
SELENOO,0.28006,2.5294,3.2581,0.77633,0.43755,0.99553,N1,UC_vs_CD
TUBGCP6,0.19527,0.95987,3.1507,0.30465,0.76063,0.99553,N1,UC_vs_CD
HDAC10,0.16001,1.7355,4.296,0.40399,0.68622,0.99553,N1,UC_vs_CD
PLXNB2,1.1382,2.9685,2.5197,1.1781,0.23875,0.99553,N1,UC_vs_CD
DENND6B,0.4399,0.91987,2.2834,0.40285,0.68706,0.99553,N1,UC_vs_CD
PPP6R2,0.70897,0.0065216,1.6471,0.0039594,0.99684,0.99979,N1,UC_vs_CD
SBF1,0.0738,0.29634,4.1055,0.072182,0.94246,0.99553,N1,UC_vs_CD
LMF2,0.43433,0.64014,1.946,0.32895,0.74219,0.99553,N1,UC_vs_CD
NCAPH2,0.72435,1.7877,2.6096,0.68506,0.49331,0.99553,N1,UC_vs_CD
TYMP,11.541,-0.55662,0.76104,-0.73138,0.46454,0.99553,N1,UC_vs_CD
ODF3B,1.2884,-2.1517,1.3261,-1.6225,0.10469,0.99553,N1,UC_vs_CD
U62317.2,0.77231,0.26164,1.6972,0.15416,0.87748,0.99553,N1,UC_vs_CD
U62317.5,2.4461,-0.77484,0.95167,-0.81418,0.41554,0.99553,N1,UC_vs_CD
KLHDC7B,0.11463,0.076876,4.1956,0.018323,0.98538,0.99553,N1,UC_vs_CD
CHKB,0.12821,2.147,4.3394,0.49477,0.62076,0.99553,N1,UC_vs_CD
ARSA,1.2421,0.089617,1.1825,0.075787,0.93959,0.99553,N1,UC_vs_CD
RABL2B,0.16001,1.7355,4.296,0.40399,0.68622,0.99553,N1,UC_vs_CD
FP565260.6,0.47339,2.6291,3.7922,0.6933,0.48812,0.99553,N1,UC_vs_CD
U2AF1L5,0.69688,-1.0098,2.6076,-0.38725,0.69857,0.99553,N1,UC_vs_CD
HSPA13,2.0396,1.5502,1.1046,1.4034,0.16049,0.99553,N1,UC_vs_CD
SAMSN1,44.065,-0.18156,0.69658,-0.26064,0.79437,0.99553,N1,UC_vs_CD
SAMSN1-AS1,0.16001,1.7355,4.296,0.40399,0.68622,0.99553,N1,UC_vs_CD
NRIP1,1.2461,3.7903,2.7814,1.3627,0.17297,0.99553,N1,UC_vs_CD
USP25,0.96265,-2.3427,1.8785,-1.2471,0.21236,0.99553,N1,UC_vs_CD
BTG3,0.4846,-1.2881,1.7883,-0.72031,0.47134,0.99553,N1,UC_vs_CD
C21orf91,1.6983,0.16581,0.97319,0.17038,0.86471,0.99553,N1,UC_vs_CD
AP000477.1,0.035259,0.57985,4.1749,0.13889,0.88954,0.99553,N1,UC_vs_CD
MIR155HG,1.6168,-0.27737,3.3365,-0.083134,0.93375,0.99553,N1,UC_vs_CD
MRPL39,0.71386,1.7612,3.8961,0.45204,0.65124,0.99553,N1,UC_vs_CD
ATP5PF,9.2139,1.4504,1.0275,1.4116,0.15808,0.99553,N1,UC_vs_CD
GABPA,0.39043,-0.65224,2.403,-0.27143,0.78606,0.99553,N1,UC_vs_CD
APP,0.87879,-0.99412,2.2161,-0.44859,0.65373,0.99553,N1,UC_vs_CD
LTN1,0.91336,-0.65024,1.5103,-0.43052,0.66681,0.99553,N1,UC_vs_CD
RWDD2B,0.16001,1.7355,4.296,0.40399,0.68622,0.99553,N1,UC_vs_CD
AF129075.2,0.035259,0.57985,4.1749,0.13889,0.88954,0.99553,N1,UC_vs_CD
USP16,3.3428,0.69516,0.86929,0.79969,0.42389,0.99553,N1,UC_vs_CD
CCT8,1.6944,1.0919,1.2739,0.85713,0.39137,0.99553,N1,UC_vs_CD
MAP3K7CL,0.31532,1.7502,2.2928,0.76334,0.44526,0.99553,N1,UC_vs_CD
BACH1,9.7885,-0.071,0.67186,-0.10568,0.91584,0.99553,N1,UC_vs_CD
TIAM1,0.15185,1.7355,4.296,0.40399,0.68622,0.99553,N1,UC_vs_CD
SOD1,4.5475,1.5588,1.164,1.3391,0.18053,0.99553,N1,UC_vs_CD
SCAF4,0.86722,2.4794,2.2256,1.1141,0.26525,0.99553,N1,UC_vs_CD
MIS18A,0.11463,0.076876,4.1956,0.018323,0.98538,0.99553,N1,UC_vs_CD
URB1,0.16001,1.7355,4.296,0.40399,0.68622,0.99553,N1,UC_vs_CD
CFAP298,0.49099,0.43319,2.1735,0.1993,0.84203,0.99553,N1,UC_vs_CD
SYNJ1,0.30958,-0.070584,2.1467,-0.03288,0.97377,0.99553,N1,UC_vs_CD
PAXBP1,0.18711,0.95949,3.1139,0.30814,0.75798,0.99553,N1,UC_vs_CD
OLIG2,0.40104,0.90858,3.8724,0.23463,0.8145,0.99553,N1,UC_vs_CD
OLIG1,0.46977,0.48541,2.4271,0.2,0.84148,0.99553,N1,UC_vs_CD
IFNAR2,1.7172,1.0691,1.1637,0.91868,0.35826,0.99553,N1,UC_vs_CD
IL10RB-DT,1.434,-1.8526,1.2494,-1.4828,0.13814,0.99553,N1,UC_vs_CD
IL10RB,0.40402,0.79936,3.4091,0.23448,0.81461,0.99553,N1,UC_vs_CD
IFNAR1,7.5712,-1.0923,0.661,-1.6525,0.098427,0.99553,N1,UC_vs_CD
IFNGR2,7.3419,0.49693,0.73836,0.67302,0.50093,0.99553,N1,UC_vs_CD
TMEM50B,1.3497,1.8125,2.168,0.83602,0.40314,0.99553,N1,UC_vs_CD
GART,0.47484,0.2877,2.4582,0.11704,0.90683,0.99553,N1,UC_vs_CD
SON,14.296,0.70633,0.73096,0.9663,0.33389,0.99553,N1,UC_vs_CD
CRYZL1,0.16001,1.7355,4.296,0.40399,0.68622,0.99553,N1,UC_vs_CD
ATP5PO,2.8125,0.69273,1.0058,0.68875,0.49098,0.99553,N1,UC_vs_CD
LINC00649,0.42093,0.63221,1.939,0.32605,0.74438,0.99553,N1,UC_vs_CD
MRPS6,2.432,1.821,1.0686,1.7041,0.088359,0.99553,N1,UC_vs_CD
SLC5A3,3.915,1.2528,2.0026,0.6256,0.53158,0.99553,N1,UC_vs_CD
KCNE1,0.71571,0.27189,1.7275,0.15738,0.87494,0.99553,N1,UC_vs_CD
LINC01426,0.16001,1.7355,4.296,0.40399,0.68622,0.99553,N1,UC_vs_CD
RUNX1,1.9774,-0.44804,1.3548,-0.3307,0.74087,0.99553,N1,UC_vs_CD
SETD4,0.15185,1.7355,4.296,0.40399,0.68622,0.99553,N1,UC_vs_CD
CBR1,0.16001,1.7355,4.296,0.40399,0.68622,0.99553,N1,UC_vs_CD
MORC3,1.8997,-0.5294,1.2911,-0.41005,0.68177,0.99553,N1,UC_vs_CD
PIGP,0.59275,-0.56266,2.6857,-0.2095,0.83406,0.99553,N1,UC_vs_CD
TTC3,4.0094,2.2992,1.3477,1.706,0.088008,0.99553,N1,UC_vs_CD
VPS26C,0.67538,0.40768,1.5407,0.26461,0.79131,0.99553,N1,UC_vs_CD
DYRK1A,4.104,0.10487,0.75127,0.13959,0.88898,0.99553,N1,UC_vs_CD
KCNJ15,6.8177,-0.88088,0.97061,-0.90756,0.36411,0.99553,N1,UC_vs_CD
ETS2,40.071,-0.73361,0.78926,-0.92949,0.35264,0.99553,N1,UC_vs_CD
AP001043.1,0.30371,2.096,4.2116,0.49768,0.61871,0.99553,N1,UC_vs_CD
PSMG1,0.64006,2.5648,4.1315,0.62078,0.53474,0.99553,N1,UC_vs_CD
BRWD1,1.395,1.9568,1.4547,1.3452,0.17857,0.99553,N1,UC_vs_CD
HMGN1,2.9031,-0.7658,0.93573,-0.81839,0.41313,0.99553,N1,UC_vs_CD
DSCAM-AS1,0.035259,0.57985,4.1749,0.13889,0.88954,0.99553,N1,UC_vs_CD
BACE2,0.20052,0.9601,3.1736,0.30253,0.76225,0.99553,N1,UC_vs_CD
FAM3B,0.035259,0.57985,4.1749,0.13889,0.88954,0.99553,N1,UC_vs_CD
MX2,14.274,-1.7362,0.939,-1.8489,0.064466,0.99553,N1,UC_vs_CD
MX1,6.8487,-2.8054,1.2865,-2.1807,0.029205,0.99553,N1,UC_vs_CD
TMPRSS2,0.30813,2.1491,4.3393,0.49527,0.62041,0.99553,N1,UC_vs_CD
AP006748.1,0.16526,1.7355,4.296,0.40399,0.68622,0.99553,N1,UC_vs_CD
RIPK4,0.12821,2.147,4.3394,0.49477,0.62076,0.99553,N1,UC_vs_CD
PRDM15,0.16526,1.7355,4.296,0.40399,0.68622,0.99553,N1,UC_vs_CD
C2CD2,0.15185,1.7355,4.296,0.40399,0.68622,0.99553,N1,UC_vs_CD
ZBTB21,2.1233,1.3793,1.1552,1.194,0.23249,0.99553,N1,UC_vs_CD
ABCG1,2.0412,0.77406,1.1093,0.69779,0.48531,0.99553,N1,UC_vs_CD
TFF3,2.8012,-1.9312,1.4221,-1.358,0.17446,0.99553,N1,UC_vs_CD
TFF2,0.035259,0.57985,4.1749,0.13889,0.88954,0.99553,N1,UC_vs_CD
TFF1,0.79401,0.21853,1.8739,0.11662,0.90716,0.99553,N1,UC_vs_CD
SLC37A1,0.0738,0.29634,4.1055,0.072182,0.94246,0.99553,N1,UC_vs_CD
WDR4,0.16001,1.7355,4.296,0.40399,0.68622,0.99553,N1,UC_vs_CD
NDUFV3,2.237,0.154,0.96601,0.15941,0.87334,0.99553,N1,UC_vs_CD
PKNOX1,1.0983,0.38397,1.183,0.32456,0.74551,0.99553,N1,UC_vs_CD
U2AF1,1.1676,2.3132,1.5068,1.5352,0.12473,0.99553,N1,UC_vs_CD
RRP1B,0.46815,2.6288,3.7763,0.69614,0.48634,0.99553,N1,UC_vs_CD
PDXK,2.5968,0.39058,1.0436,0.37426,0.70821,0.99553,N1,UC_vs_CD
CSTB,24.786,-0.14515,0.89594,-0.16201,0.87129,0.99553,N1,UC_vs_CD
RRP1,0.17629,-0.58892,3.9481,-0.14916,0.88142,0.99553,N1,UC_vs_CD
AGPAT3,0.39092,1.2838,2.4754,0.51861,0.60403,0.99553,N1,UC_vs_CD
TRAPPC10,0.4399,0.91987,2.2834,0.40285,0.68706,0.99553,N1,UC_vs_CD
PWP2,0.30813,2.1491,4.3393,0.49527,0.62041,0.99553,N1,UC_vs_CD
AP001056.2,0.12821,2.147,4.3394,0.49477,0.62076,0.99553,N1,UC_vs_CD
AP001056.1,0.15185,1.7355,4.296,0.40399,0.68622,0.99553,N1,UC_vs_CD
ICOSLG,0.20201,1.0374,3.076,0.33725,0.73593,0.99553,N1,UC_vs_CD
PFKL,0.10906,-0.1236,2.6028,-0.047487,0.96213,0.99553,N1,UC_vs_CD
C21orf2,0.16526,1.7355,4.296,0.40399,0.68622,0.99553,N1,UC_vs_CD
TRPM2,1.0416,0.064908,1.2763,0.050858,0.95944,0.99553,N1,UC_vs_CD
UBE2G2,1.6217,0.85115,1.4598,0.58304,0.55986,0.99553,N1,UC_vs_CD
SUMO3,0.83045,0.33453,1.9246,0.17382,0.862,0.99553,N1,UC_vs_CD
PTTG1IP,2.2654,-1.621,1.3624,-1.1899,0.2341,0.99553,N1,UC_vs_CD
ITGB2,10.636,-0.39984,0.80171,-0.49874,0.61796,0.99553,N1,UC_vs_CD
ITGB2-AS1,0.68236,1.9824,2.7074,0.73221,0.46404,0.99553,N1,UC_vs_CD
FAM207A,0.53074,1.578,1.8371,0.85897,0.39036,0.99553,N1,UC_vs_CD
ADARB1,0.40432,1.2823,3.9485,0.32476,0.74536,0.99553,N1,UC_vs_CD
POFUT2,0.38042,-0.82675,2.2722,-0.36385,0.71597,0.99553,N1,UC_vs_CD
COL18A1,0.59145,-0.7711,2.4503,-0.3147,0.75299,0.99553,N1,UC_vs_CD
SLC19A1,1.1545,2.4134,1.5515,1.5556,0.11981,0.99553,N1,UC_vs_CD
PCBP3,0.38567,1.2777,2.4678,0.51772,0.60465,0.99553,N1,UC_vs_CD
COL6A1,0.070518,0.17302,4.0786,0.042422,0.96616,0.99553,N1,UC_vs_CD
SPATC1L,0.30305,-1.5435,3.2854,-0.4698,0.6385,0.99553,N1,UC_vs_CD
LSS,0.91572,1.8097,2.8788,0.62864,0.52958,0.99553,N1,UC_vs_CD
MCM3AP,0.18711,0.95949,3.1139,0.30814,0.75798,0.99553,N1,UC_vs_CD
YBEY,0.10906,-0.1236,2.6028,-0.047487,0.96213,0.99553,N1,UC_vs_CD
PCNT,0.42224,-0.94934,2.4952,-0.38046,0.70361,0.99553,N1,UC_vs_CD
DIP2A,0.33897,1.3072,3.6352,0.3596,0.71915,0.99553,N1,UC_vs_CD
S100B,0.035259,0.57985,4.1749,0.13889,0.88954,0.99553,N1,UC_vs_CD
PRMT2,1.4919,-1.0235,1.2688,-0.80669,0.41985,0.99553,N1,UC_vs_CD
MT-ND1,417.29,0.3387,0.73053,0.46363,0.64291,0.99553,N1,UC_vs_CD
MT-ND2,313.69,0.0075498,0.56495,0.013364,0.98934,0.99701,N1,UC_vs_CD
MT-CO1,700.12,0.70899,0.79187,0.89534,0.3706,0.99553,N1,UC_vs_CD
MT-CO2,913.57,0.26228,0.8001,0.32781,0.74305,0.99553,N1,UC_vs_CD
MT-ATP8,12.042,-0.86208,0.84173,-1.0242,0.30575,0.99553,N1,UC_vs_CD
MT-ATP6,687.6,0.73894,0.89018,0.83009,0.40649,0.99553,N1,UC_vs_CD
MT-CO3,902.48,0.64675,0.84184,0.76825,0.44234,0.99553,N1,UC_vs_CD
MT-ND3,685.92,-0.28631,0.7806,-0.36678,0.71378,0.99553,N1,UC_vs_CD
MT-ND4L,46.572,-0.54218,0.68864,-0.78732,0.4311,0.99553,N1,UC_vs_CD
MT-ND4,454.88,0.32747,0.7206,0.45444,0.64951,0.99553,N1,UC_vs_CD
MT-ND5,106.78,0.23392,0.70269,0.33289,0.73922,0.99553,N1,UC_vs_CD
MT-ND6,7.264,-0.51836,0.86067,-0.60227,0.54699,0.99553,N1,UC_vs_CD
MT-CYB,526.38,0.44208,0.75817,0.58309,0.55983,0.99553,N1,UC_vs_CD
AL354822.1,0.31286,-0.0019167,3.8616,-0.00049634,0.9996,0.99979,N1,UC_vs_CD
