gene,baseMean,log2FoldChange,lfcSE,stat,pvalue,padj,cell_type,comparison
AL627309.1,0.0134,0.3681,4.0861,0.090086,0.92822,,Mast,UC_vs_HC
AL627309.4,0.024934,1.088,4.0829,0.26647,0.78988,,Mast,UC_vs_HC
AL669831.5,0.27635,0.87656,1.5137,0.57909,0.56253,,Mast,UC_vs_HC
LINC00115,0.54833,-0.52564,1.6161,-0.32526,0.74499,,Mast,UC_vs_HC
FAM41C,0.27371,0.49404,1.838,0.2688,0.78808,,Mast,UC_vs_HC
NOC2L,1.8343,-1.286,0.87933,-1.4625,0.14361,0.99956,Mast,UC_vs_HC
KLHL17,0.1013,0.70483,3.4585,0.2038,0.83851,,Mast,UC_vs_HC
PERM1,0.0134,0.3681,4.0861,0.090086,0.92822,,Mast,UC_vs_HC
AL645608.8,0.84367,-0.97612,2.4042,-0.406,0.68474,,Mast,UC_vs_HC
HES4,5.9806,2.6529,1.9104,1.3887,0.16494,0.99956,Mast,UC_vs_HC
ISG15,10.665,0.72989,0.71944,1.0145,0.31033,0.99956,Mast,UC_vs_HC
AGRN,0.25672,0.80929,1.3081,0.6187,0.53611,,Mast,UC_vs_HC
C1orf159,0.12859,1.6131,3.3648,0.47941,0.63164,,Mast,UC_vs_HC
TNFRSF18,3.164,1.9138,1.2961,1.4766,0.1398,0.99956,Mast,UC_vs_HC
TNFRSF4,3.568,0.54583,1.0147,0.53793,0.59063,0.99956,Mast,UC_vs_HC
SDF4,2.3569,0.25769,0.84327,0.30558,0.75992,0.99956,Mast,UC_vs_HC
B3GALT6,0.47767,1.4875,2.2161,0.67121,0.50209,,Mast,UC_vs_HC
C1QTNF12,0.0134,0.3681,4.0861,0.090086,0.92822,,Mast,UC_vs_HC
UBE2J2,1.1669,-0.2749,1.1153,-0.24648,0.80531,0.99956,Mast,UC_vs_HC
ACAP3,0.51808,0.22855,1.3043,0.17523,0.8609,,Mast,UC_vs_HC
PUSL1,0.58139,0.70919,1.143,0.62047,0.53495,,Mast,UC_vs_HC
INTS11,1.9725,-0.18886,0.68707,-0.27487,0.78341,0.99956,Mast,UC_vs_HC
CPTP,0.11474,0.72156,1.8403,0.39208,0.695,,Mast,UC_vs_HC
DVL1,0.2721,1.1494,2.2925,0.50139,0.6161,,Mast,UC_vs_HC
AURKAIP1,7.3112,0.17551,0.69142,0.25384,0.79962,0.99956,Mast,UC_vs_HC
CCNL2,1.6786,1.0174,0.95216,1.0685,0.28528,0.99956,Mast,UC_vs_HC
MRPL20,12.9,0.12919,0.34679,0.37254,0.70949,0.99956,Mast,UC_vs_HC
ATAD3C,0.33266,0.29478,1.5009,0.19639,0.8443,,Mast,UC_vs_HC
ATAD3B,0.42234,1.4436,1.3954,1.0345,0.30089,,Mast,UC_vs_HC
ATAD3A,0.27245,0.50829,1.759,0.28896,0.77261,,Mast,UC_vs_HC
SSU72,5.8154,-0.60787,0.48317,-1.2581,0.20835,0.99956,Mast,UC_vs_HC
AL645728.1,0.3074,-1.2167,1.5699,-0.77497,0.43836,,Mast,UC_vs_HC
FNDC10,0.058473,0.81615,1.9836,0.41145,0.68074,,Mast,UC_vs_HC
AL691432.2,0.12837,0.69396,1.5338,0.45245,0.65095,,Mast,UC_vs_HC
MIB2,0.49782,-0.5652,1.5406,-0.36687,0.71372,,Mast,UC_vs_HC
MMP23B,0.044965,0.057449,3.1839,0.018044,0.9856,,Mast,UC_vs_HC
CDK11B,3.2836,-1.073,0.62531,-1.7159,0.086187,0.99956,Mast,UC_vs_HC
FO704657.1,0.0134,0.3681,4.0861,0.090086,0.92822,,Mast,UC_vs_HC
SLC35E2B,0.42856,0.67278,1.4041,0.47916,0.63183,,Mast,UC_vs_HC
CDK11A,1.8786,0.36164,0.62266,0.5808,0.56137,0.99956,Mast,UC_vs_HC
SLC35E2A,0.40861,0.7484,1.5281,0.48978,0.62429,,Mast,UC_vs_HC
NADK,0.35753,1.9916,1.3005,1.5314,0.12567,,Mast,UC_vs_HC
GNB1,7.5101,-0.6795,0.49318,-1.3778,0.16826,0.99956,Mast,UC_vs_HC
GABRD,0.17594,0.11356,2.7027,0.042019,0.96648,,Mast,UC_vs_HC
PRKCZ,0.26536,0.51133,1.4074,0.36331,0.71637,,Mast,UC_vs_HC
AL590822.2,0.092989,0.22342,3.423,0.065271,0.94796,,Mast,UC_vs_HC
FAAP20,2.5393,0.73741,1.054,0.69966,0.48414,0.99956,Mast,UC_vs_HC
SKI,1.53,0.051752,0.86824,0.059606,0.95247,0.99956,Mast,UC_vs_HC
MORN1,0.48397,1.9668,1.8681,1.0528,0.29242,,Mast,UC_vs_HC
RER1,5.7337,-0.049527,0.80268,-0.061702,0.9508,0.99956,Mast,UC_vs_HC
PEX10,0.66177,-0.22631,1.3864,-0.16323,0.87034,,Mast,UC_vs_HC
PANK4,0.35463,-0.93225,2.0265,-0.46002,0.6455,,Mast,UC_vs_HC
AL139246.5,0.37947,1.0162,1.6727,0.60749,0.54352,,Mast,UC_vs_HC
TNFRSF14-AS1,0.97118,-1.0679,0.97173,-1.099,0.27178,,Mast,UC_vs_HC
TNFRSF14,4.6138,-0.072608,0.52871,-0.13733,0.89077,0.99956,Mast,UC_vs_HC
FAM213B,0.54045,0.60936,1.4719,0.41399,0.67888,,Mast,UC_vs_HC
MMEL1,0.2083,-0.2114,1.8481,-0.11439,0.90893,,Mast,UC_vs_HC
TTC34,0.024934,1.088,4.0829,0.26647,0.78988,,Mast,UC_vs_HC
ARHGEF16,0.0134,0.3681,4.0861,0.090086,0.92822,,Mast,UC_vs_HC
MEGF6,0.20305,1.2526,2.0159,0.62134,0.53437,,Mast,UC_vs_HC
TPRG1L,0.65472,0.60146,1.1701,0.51404,0.60723,,Mast,UC_vs_HC
WRAP73,1.3093,0.49475,0.94023,0.5262,0.59875,0.99956,Mast,UC_vs_HC
SMIM1,1.6265,-0.1358,1.2111,-0.11213,0.91072,0.99956,Mast,UC_vs_HC
LRRC47,0.41396,0.13608,1.6388,0.083037,0.93382,,Mast,UC_vs_HC
AL365330.1,0.50632,1.1817,4.066,0.29064,0.77133,,Mast,UC_vs_HC
CEP104,0.62973,0.087424,0.96469,0.090624,0.92779,,Mast,UC_vs_HC
DFFB,0.26604,0.6192,1.466,0.42237,0.67275,,Mast,UC_vs_HC
C1orf174,1.5704,0.090202,0.84604,0.10662,0.91509,0.99956,Mast,UC_vs_HC
NPHP4,0.20115,1.627,1.5799,1.0298,0.3031,,Mast,UC_vs_HC
KCNAB2,0.8121,0.33125,1.0773,0.30748,0.75848,,Mast,UC_vs_HC
RPL22,143.69,-0.23915,0.24081,-0.99313,0.32064,0.99956,Mast,UC_vs_HC
RNF207,0.080345,1.1224,3.1892,0.35194,0.72488,,Mast,UC_vs_HC
ICMT,1.0853,0.34583,1.1882,0.29105,0.77101,,Mast,UC_vs_HC
GPR153,0.36412,1.4564,1.9884,0.73247,0.46388,,Mast,UC_vs_HC
ACOT7,13.353,0.43675,0.42865,1.0189,0.30825,0.99956,Mast,UC_vs_HC
AL031848.2,0.10737,0.16073,4.0541,0.039647,0.96837,,Mast,UC_vs_HC
HES2,0.090819,1.025,3.4223,0.29951,0.76455,,Mast,UC_vs_HC
ESPN,0.026237,0.024139,4.0722,0.0059277,0.99527,,Mast,UC_vs_HC
TNFRSF25,0.33163,1.364,3.8695,0.35249,0.72447,,Mast,UC_vs_HC
PLEKHG5,0.018728,0.70632,4.1361,0.17077,0.86441,,Mast,UC_vs_HC
NOL9,0.67037,0.10024,1.3676,0.073299,0.94157,,Mast,UC_vs_HC
ZBTB48,1.4268,0.27044,0.76252,0.35467,0.72283,0.99956,Mast,UC_vs_HC
KLHL21,1.0568,0.71421,1.772,0.40306,0.6869,,Mast,UC_vs_HC
PHF13,0.11872,0.40519,1.77,0.22893,0.81893,,Mast,UC_vs_HC
THAP3,0.31271,-0.34288,1.3133,-0.26108,0.79403,,Mast,UC_vs_HC
DNAJC11,0.53339,-0.4827,1.0993,-0.43911,0.66058,,Mast,UC_vs_HC
AL591163.1,0.026237,0.024139,4.0722,0.0059277,0.99527,,Mast,UC_vs_HC
CAMTA1,5.5095,-0.09928,0.47107,-0.21075,0.83308,0.99956,Mast,UC_vs_HC
VAMP3,3.4318,0.72534,0.51302,1.4139,0.1574,0.99956,Mast,UC_vs_HC
PER3,1.0803,0.087803,0.9239,0.095035,0.92429,,Mast,UC_vs_HC
Z98884.1,0.026237,0.024139,4.0722,0.0059277,0.99527,,Mast,UC_vs_HC
UTS2,12.346,0.36909,0.9947,0.37105,0.7106,0.99956,Mast,UC_vs_HC
TNFRSF9,16.924,0.35524,0.47934,0.7411,0.45864,0.99956,Mast,UC_vs_HC
PARK7,26.151,0.11393,0.22939,0.49669,0.61941,0.99956,Mast,UC_vs_HC
AL034417.3,0.20785,0.74472,2.0455,0.36408,0.7158,,Mast,UC_vs_HC
ERRFI1,0.62827,0.50853,1.4478,0.35124,0.72541,,Mast,UC_vs_HC
RERE,3.7865,0.60248,0.65323,0.92231,0.35637,0.99956,Mast,UC_vs_HC
ENO1,19.465,0.14593,0.27918,0.5227,0.60118,0.99956,Mast,UC_vs_HC
ENO1-AS1,0.0134,0.3681,4.0861,0.090086,0.92822,,Mast,UC_vs_HC
CA6,0.097449,0.73069,4.1338,0.17676,0.8597,,Mast,UC_vs_HC
GPR157,0.24521,-0.050218,1.5262,-0.032903,0.97375,,Mast,UC_vs_HC
H6PD,1.442,0.045139,1.0104,0.044673,0.96437,0.99956,Mast,UC_vs_HC
SPSB1,0.5629,-0.7434,1.3955,-0.53273,0.59422,,Mast,UC_vs_HC
SLC25A33,1.4137,-1.143,1.0739,-1.0643,0.28718,0.99956,Mast,UC_vs_HC
TMEM201,0.53582,1.1532,1.7225,0.66947,0.5032,,Mast,UC_vs_HC
PIK3CD,1.9628,0.19049,0.7127,0.26727,0.78926,0.99956,Mast,UC_vs_HC
PIK3CD-AS2,0.59709,-0.59231,1.0747,-0.55116,0.58153,,Mast,UC_vs_HC
CLSTN1,1.5881,0.12449,0.85867,0.14498,0.88473,0.99956,Mast,UC_vs_HC
CTNNBIP1,0.44415,0.48385,1.3582,0.35625,0.72165,,Mast,UC_vs_HC
LZIC,2.9565,0.062581,0.57862,0.10816,0.91387,0.99956,Mast,UC_vs_HC
NMNAT1,0.78521,-1.7821,1.8091,-0.9851,0.32458,,Mast,UC_vs_HC
UBE4B,0.73512,0.23404,1.0646,0.21983,0.826,,Mast,UC_vs_HC
KIF1B,0.95692,0.090721,1.0515,0.086282,0.93124,,Mast,UC_vs_HC
AL139424.3,0.064474,0.59268,4.1488,0.14286,0.8864,,Mast,UC_vs_HC
PGD,1.7714,0.062952,0.63644,0.098912,0.92121,0.99956,Mast,UC_vs_HC
CENPS-CORT,0.037578,0.16073,4.0541,0.039647,0.96837,,Mast,UC_vs_HC
CENPS,0.28353,-0.46803,1.6104,-0.29063,0.77134,,Mast,UC_vs_HC
DFFA,2.0594,0.35943,0.76926,0.46725,0.64032,0.99956,Mast,UC_vs_HC
PEX14,0.39994,0.63894,2.574,0.24823,0.80396,,Mast,UC_vs_HC
CASZ1,0.59925,-0.032801,1.5319,-0.021412,0.98292,,Mast,UC_vs_HC
TARDBP,2.9274,-0.068204,0.6111,-0.11161,0.91113,0.99956,Mast,UC_vs_HC
AL109811.3,0.16359,-0.89773,2.0042,-0.44793,0.6542,,Mast,UC_vs_HC
SRM,0.76858,-0.17791,1.4625,-0.12165,0.90318,,Mast,UC_vs_HC
EXOSC10,1.6387,1.0063,0.90519,1.1117,0.26627,0.99956,Mast,UC_vs_HC
AL109811.1,0.099992,1.6356,2.9792,0.54902,0.58299,,Mast,UC_vs_HC
AL109811.2,0.039522,0.59268,4.1488,0.14286,0.8864,,Mast,UC_vs_HC
MTOR,0.86512,-0.2898,0.97998,-0.29572,0.76745,,Mast,UC_vs_HC
UBIAD1,0.72978,1.0249,1.9587,0.52326,0.60079,,Mast,UC_vs_HC
FBXO2,0.10833,0.29944,2.3458,0.12765,0.89843,,Mast,UC_vs_HC
FBXO44,0.17254,0.87973,2.4809,0.35459,0.72289,,Mast,UC_vs_HC
FBXO6,0.48273,1.1386,2.0433,0.55724,0.57736,,Mast,UC_vs_HC
MAD2L2,0.70619,1.2802,1.3646,0.93813,0.34818,,Mast,UC_vs_HC
AGTRAP,7.005,0.48006,0.41462,1.1578,0.24693,0.99956,Mast,UC_vs_HC
MTHFR,1.2278,0.55263,0.89426,0.61798,0.53659,0.99956,Mast,UC_vs_HC
CLCN6,0.0134,0.3681,4.0861,0.090086,0.92822,,Mast,UC_vs_HC
KIAA2013,1.2099,-0.70039,0.93838,-0.74639,0.45543,0.99956,Mast,UC_vs_HC
PLOD1,0.21878,1.496,1.7221,0.8687,0.38501,,Mast,UC_vs_HC
MFN2,0.60585,1.2825,1.0707,1.1977,0.23102,,Mast,UC_vs_HC
MIIP,3.1474,1.399,0.74855,1.8689,0.061636,0.98721,Mast,UC_vs_HC
TNFRSF8,0.071311,0.53435,2.125,0.25146,0.80146,,Mast,UC_vs_HC
TNFRSF1B,0.21229,1.7114,1.6239,1.0539,0.29193,,Mast,UC_vs_HC
VPS13D,1.4005,-0.52536,0.76495,-0.6868,0.49221,0.99956,Mast,UC_vs_HC
DHRS3,0.24953,0.46389,2.1437,0.2164,0.82867,,Mast,UC_vs_HC
PRDM2,4.9311,0.83507,0.53478,1.5615,0.1184,0.99956,Mast,UC_vs_HC
KAZN,0.35188,-0.47361,1.2737,-0.37184,0.71001,,Mast,UC_vs_HC
TMEM51,0.026346,1.1367,4.0708,0.27924,0.78006,,Mast,UC_vs_HC
AL031283.1,0.134,0.96225,1.4519,0.66276,0.50748,,Mast,UC_vs_HC
EFHD2,9.1551,0.82053,0.47748,1.7184,0.085718,0.99956,Mast,UC_vs_HC
CELA2A,0.064474,0.59268,4.1488,0.14286,0.8864,,Mast,UC_vs_HC
CASP9,0.41096,0.37984,1.3063,0.29077,0.77123,,Mast,UC_vs_HC
DNAJC16,0.44051,-0.45695,1.3022,-0.3509,0.72566,,Mast,UC_vs_HC
AGMAT,0.039522,0.59268,4.1488,0.14286,0.8864,,Mast,UC_vs_HC
DDI2,0.45632,0.22172,1.5866,0.13974,0.88886,,Mast,UC_vs_HC
PLEKHM2,0.54876,-0.1142,1.3435,-0.085006,0.93226,,Mast,UC_vs_HC
SLC25A34,0.069326,0.62141,3.2415,0.1917,0.84797,,Mast,UC_vs_HC
FBLIM1,0.69808,-1.1337,1.3506,-0.83942,0.40124,,Mast,UC_vs_HC
UQCRHL,0.24906,-0.63808,1.5259,-0.41816,0.67583,,Mast,UC_vs_HC
AL450998.2,2.0466,0.076662,1.0187,0.075252,0.94001,0.99956,Mast,UC_vs_HC
SPEN,4.1712,0.7962,0.61463,1.2954,0.19518,0.99956,Mast,UC_vs_HC
ZBTB17,1.1459,-0.19925,1.1363,-0.17535,0.8608,0.99956,Mast,UC_vs_HC
EPHA2,0.062512,0.55908,3.0605,0.18268,0.85505,,Mast,UC_vs_HC
ARHGEF19,0.37838,-0.28687,1.5455,-0.18561,0.85275,,Mast,UC_vs_HC
CPLANE2,0.043662,1.1196,2.8057,0.39906,0.68985,,Mast,UC_vs_HC
FBXO42,1.147,0.71248,0.85991,0.82855,0.40736,0.99956,Mast,UC_vs_HC
SZRD1,3.4154,-0.12685,0.48683,-0.26057,0.79443,0.99956,Mast,UC_vs_HC
SPATA21,0.026346,1.1367,4.0708,0.27924,0.78006,,Mast,UC_vs_HC
NECAP2,4.3605,-1.0962,0.50976,-2.1504,0.031524,0.89594,Mast,UC_vs_HC
LINC01772,0.16931,0.40558,1.9838,0.20445,0.838,,Mast,UC_vs_HC
AL137802.2,0.045528,0.19411,2.9294,0.066264,0.94717,,Mast,UC_vs_HC
NBPF1,0.35385,-0.080962,1.7096,-0.047356,0.96223,,Mast,UC_vs_HC
CROCC,0.34244,0.79633,1.186,0.67142,0.50195,,Mast,UC_vs_HC
BX284668.5,1.6405,0.091152,0.88007,0.10357,0.91751,0.99956,Mast,UC_vs_HC
BX284668.6,0.33836,-0.48315,1.672,-0.28897,0.7726,,Mast,UC_vs_HC
MFAP2,0.026237,0.024139,4.0722,0.0059277,0.99527,,Mast,UC_vs_HC
ATP13A2,0.28849,0.72321,2.1511,0.33621,0.73671,,Mast,UC_vs_HC
SDHB,3.2142,0.29284,0.5631,0.52005,0.60303,0.99956,Mast,UC_vs_HC
PADI2,1.1769,0.91165,1.0335,0.88208,0.37773,0.99956,Mast,UC_vs_HC
PADI4,0.61026,1.032,1.5743,0.65551,0.51214,,Mast,UC_vs_HC
RCC2,2.2745,-0.10589,0.62228,-0.17017,0.86488,0.99956,Mast,UC_vs_HC
ARHGEF10L,0.056306,0.20097,3.1229,0.064354,0.94869,,Mast,UC_vs_HC
KLHDC7A,0.045074,1.1802,3.0256,0.39009,0.69647,,Mast,UC_vs_HC
ALDH4A1,0.302,-0.33162,1.7814,-0.18616,0.85232,,Mast,UC_vs_HC
IFFO2,2.1257,-0.23887,0.8034,-0.29733,0.76622,0.99956,Mast,UC_vs_HC
UBR4,3.7956,0.48282,0.51018,0.94638,0.34396,0.99956,Mast,UC_vs_HC
AL035413.1,0.89466,-0.55573,0.84477,-0.65785,0.51064,,Mast,UC_vs_HC
EMC1,0.95801,-1.3885,1.0677,-1.3004,0.19347,,Mast,UC_vs_HC
MRTO4,1.1072,0.084887,0.79528,0.10674,0.915,,Mast,UC_vs_HC
AKR7A3,0.0134,0.3681,4.0861,0.090086,0.92822,,Mast,UC_vs_HC
AKR7A2,0.33037,0.24308,2.5238,0.096316,0.92327,,Mast,UC_vs_HC
PQLC2,0.065759,0.0046698,3.3277,0.0014033,0.99888,,Mast,UC_vs_HC
CAPZB,13.652,-0.10872,0.41175,-0.26405,0.79174,0.99956,Mast,UC_vs_HC
MINOS1,13.243,-0.0023197,0.34829,-0.0066602,0.99469,0.99956,Mast,UC_vs_HC
NBL1,0.10934,-0.76009,1.6734,-0.45422,0.64967,,Mast,UC_vs_HC
TMCO4,0.33979,-0.62705,1.2704,-0.4936,0.62159,,Mast,UC_vs_HC
OTUD3,0.19877,0.25676,1.9361,0.13262,0.89449,,Mast,UC_vs_HC
PLA2G2A,0.25923,1.3461,2.2929,0.58705,0.55717,,Mast,UC_vs_HC
Z98257.1,0.024934,1.088,4.0829,0.26647,0.78988,,Mast,UC_vs_HC
PLA2G2C,0.064256,0.23411,3.1063,0.075367,0.93992,,Mast,UC_vs_HC
UBXN10-AS1,2.2099,0.70003,0.59427,1.178,0.23881,0.99956,Mast,UC_vs_HC
UBXN10,0.85233,-0.4295,0.98454,-0.43624,0.66266,,Mast,UC_vs_HC
VWA5B1,0.20266,-0.35624,2.0829,-0.17103,0.8642,,Mast,UC_vs_HC
CAMK2N1,0.2869,0.56752,1.5681,0.36191,0.71742,,Mast,UC_vs_HC
MUL1,0.49178,-0.34135,1.2273,-0.27812,0.78092,,Mast,UC_vs_HC
CDA,0.13279,0.73069,4.1338,0.17676,0.8597,,Mast,UC_vs_HC
PINK1,0.62291,1.7908,1.2684,1.4118,0.158,,Mast,UC_vs_HC
PINK1-AS,0.092444,0.17622,3.5456,0.0497,0.96036,,Mast,UC_vs_HC
DDOST,9.6389,0.33545,0.45671,0.73451,0.46264,0.99956,Mast,UC_vs_HC
KIF17,0.064474,0.59268,4.1488,0.14286,0.8864,,Mast,UC_vs_HC
HP1BP3,8.9182,0.62864,0.54711,1.149,0.25055,0.99956,Mast,UC_vs_HC
EIF4G3,2.2726,0.68263,0.63681,1.072,0.28374,0.99956,Mast,UC_vs_HC
ECE1,1.0295,-0.14277,0.79652,-0.17924,0.85775,,Mast,UC_vs_HC
AL031005.1,0.043662,1.1196,2.8057,0.39906,0.68985,,Mast,UC_vs_HC
AL031728.1,0.037456,0.73093,4.1338,0.17682,0.85965,,Mast,UC_vs_HC
RAP1GAP,0.018728,0.70632,4.1361,0.17077,0.86441,,Mast,UC_vs_HC
USP48,4.984,0.44441,0.677,0.65644,0.51154,0.99956,Mast,UC_vs_HC
LDLRAD2,0.21665,0.3768,1.7898,0.21053,0.83325,,Mast,UC_vs_HC
HSPG2,1.821,0.68652,0.84805,0.80953,0.41821,0.99956,Mast,UC_vs_HC
CDC42,37.011,0.2425,0.30836,0.78643,0.43161,0.99956,Mast,UC_vs_HC
AL031281.2,0.080345,1.1224,3.1892,0.35194,0.72488,,Mast,UC_vs_HC
ZBTB40,0.71056,1.0653,1.1245,0.94728,0.34349,,Mast,UC_vs_HC
C1QA,0.061817,1.2524,3.1942,0.39209,0.69499,,Mast,UC_vs_HC
C1QB,0.14674,-1.0203,3.6393,-0.28034,0.77921,,Mast,UC_vs_HC
EPHB2,0.099773,0.070395,3.688,0.019088,0.98477,,Mast,UC_vs_HC
KDM1A,1.1103,1.3257,1.0188,1.3013,0.19317,,Mast,UC_vs_HC
LUZP1,3.1927,0.82508,0.50039,1.6489,0.099172,0.99956,Mast,UC_vs_HC
LINC01355,0.15393,-0.3435,1.8248,-0.18824,0.85069,,Mast,UC_vs_HC
AL109936.6,0.024934,1.088,4.0829,0.26647,0.78988,,Mast,UC_vs_HC
HNRNPR,10.481,-0.073889,0.30726,-0.24048,0.80996,0.99956,Mast,UC_vs_HC
ZNF436,0.26255,-0.37024,2.3179,-0.15973,0.87309,,Mast,UC_vs_HC
ZNF436-AS1,0.050978,-0.055356,2.9247,-0.018927,0.9849,,Mast,UC_vs_HC
TCEA3,0.0268,0.16572,4.0548,0.040869,0.9674,,Mast,UC_vs_HC
ASAP3,0.037578,0.16073,4.0541,0.039647,0.96837,,Mast,UC_vs_HC
AL021154.1,0.0134,0.3681,4.0861,0.090086,0.92822,,Mast,UC_vs_HC
ID3,0.83121,-0.64438,1.4199,-0.45383,0.64995,,Mast,UC_vs_HC
RPL11,464,-0.12325,0.19486,-0.6325,0.52706,0.99956,Mast,UC_vs_HC
ELOA,1.626,-0.29724,0.69971,-0.4248,0.67098,0.99956,Mast,UC_vs_HC
ELOA-AS1,0.29735,-0.39813,1.5366,-0.2591,0.79556,,Mast,UC_vs_HC
PITHD1,2.2436,0.24067,0.88749,0.27118,0.78625,0.99956,Mast,UC_vs_HC
LYPLA2,1.0725,-0.90089,0.9984,-0.90234,0.36688,,Mast,UC_vs_HC
GALE,0.55318,1.1086,1.3792,0.8038,0.42152,,Mast,UC_vs_HC
HMGCL,2.5327,-0.036615,0.60622,-0.060399,0.95184,0.99956,Mast,UC_vs_HC
FUCA1,0.7661,0.67262,1.138,0.59108,0.55447,,Mast,UC_vs_HC
CNR2,0.074139,0.75588,3.0953,0.24421,0.80707,,Mast,UC_vs_HC
PNRC2,9.8585,-0.65014,0.47661,-1.3641,0.17254,0.99956,Mast,UC_vs_HC
SRSF10,12.058,-0.039473,0.34156,-0.11557,0.90799,0.99956,Mast,UC_vs_HC
STPG1,0.387,1.0609,1.276,0.83145,0.40572,,Mast,UC_vs_HC
NIPAL3,0.95538,0.29072,0.94027,0.30919,0.75718,,Mast,UC_vs_HC
RCAN3,0.71214,1.246,1.0636,1.1715,0.2414,,Mast,UC_vs_HC
AL445686.2,0.071311,0.53435,2.125,0.25146,0.80146,,Mast,UC_vs_HC
SRRM1,21.844,-0.30933,0.33237,-0.93068,0.35202,0.99956,Mast,UC_vs_HC
CLIC4,1.5113,0.43457,0.77821,0.55842,0.57656,0.99956,Mast,UC_vs_HC
RUNX3,10.988,0.71005,0.29352,2.4191,0.01556,0.72228,Mast,UC_vs_HC
SYF2,11.762,0.016562,0.34511,0.04799,0.96172,0.99956,Mast,UC_vs_HC
RSRP1,23.435,-0.25195,0.43234,-0.58277,0.56005,0.99956,Mast,UC_vs_HC
RHD,0.16803,-0.2633,1.6124,-0.1633,0.87028,,Mast,UC_vs_HC
TMEM50A,16.172,0.53756,0.32711,1.6434,0.10031,0.99956,Mast,UC_vs_HC
MACO1,2.0818,0.59081,0.79217,0.74581,0.45578,0.99956,Mast,UC_vs_HC
LDLRAP1,0.1989,0.30824,1.7041,0.18089,0.85646,,Mast,UC_vs_HC
MAN1C1,0.2795,0.24835,1.5168,0.16373,0.86995,,Mast,UC_vs_HC
AL031280.1,0.169,1.4938,1.8392,0.81222,0.41667,,Mast,UC_vs_HC
SELENON,1.0406,-1.2006,1.0466,-1.1472,0.25132,,Mast,UC_vs_HC
AL020996.1,0.059765,0.024139,4.0722,0.0059277,0.99527,,Mast,UC_vs_HC
MTFR1L,3.3953,-0.17037,0.5876,-0.28993,0.77187,0.99956,Mast,UC_vs_HC
PAQR7,1.4809,0.75302,0.89121,0.84494,0.39814,0.99956,Mast,UC_vs_HC
STMN1,30.35,-0.98368,0.33818,-2.9088,0.0036285,0.50073,Mast,UC_vs_HC
PAFAH2,0.90665,1.3461,0.99533,1.3524,0.17624,,Mast,UC_vs_HC
EXTL1,0.15903,0.069084,3.8709,0.017847,0.98576,,Mast,UC_vs_HC
SLC30A2,0.53389,0.35589,1.2851,0.27694,0.78183,,Mast,UC_vs_HC
TRIM63,0.64054,-1.6728,1.3843,-1.2084,0.2269,,Mast,UC_vs_HC
PDIK1L,0.71606,-0.044677,0.97267,-0.045933,0.96336,,Mast,UC_vs_HC
FAM110D,0.018728,0.70632,4.1361,0.17077,0.86441,,Mast,UC_vs_HC
ZNF593,2.8659,0.77027,0.81061,0.95023,0.342,0.99956,Mast,UC_vs_HC
CNKSR1,0.064474,0.59268,4.1488,0.14286,0.8864,,Mast,UC_vs_HC
CEP85,0.54316,-0.65195,1.213,-0.53746,0.59095,,Mast,UC_vs_HC
SH3BGRL3,121.2,-0.002464,0.26853,-0.009176,0.99268,0.99956,Mast,UC_vs_HC
UBXN11,0.67788,0.42471,0.96524,0.44,0.65994,,Mast,UC_vs_HC
CD52,28.436,0.7763,0.73046,1.0628,0.28789,0.99956,Mast,UC_vs_HC
CRYBG2,0.024934,1.088,4.0829,0.26647,0.78988,,Mast,UC_vs_HC
DHDDS,1.2635,-1.2606,0.92979,-1.3558,0.17516,0.99956,Mast,UC_vs_HC
HMGN2,21.289,-0.20056,0.38463,-0.52144,0.60206,0.99956,Mast,UC_vs_HC
RPS6KA1,0.99625,0.23293,0.84605,0.27532,0.78307,,Mast,UC_vs_HC
ARID1A,5.1255,0.0059529,0.44407,0.013405,0.9893,0.99956,Mast,UC_vs_HC
PIGV,0.1474,0.69316,1.3968,0.49624,0.61972,,Mast,UC_vs_HC
ZDHHC18,0.3903,0.60325,1.3762,0.43835,0.66114,,Mast,UC_vs_HC
SFN,0.43692,-1.3656,1.6378,-0.83382,0.40438,,Mast,UC_vs_HC
GPN2,0.60769,0.82123,1.2345,0.66522,0.50591,,Mast,UC_vs_HC
GPATCH3,0.38713,-1.7318,1.3721,-1.2621,0.20691,,Mast,UC_vs_HC
NUDC,9.9837,-0.45536,0.37371,-1.2185,0.22304,0.99956,Mast,UC_vs_HC
SLC9A1,1.2718,0.10537,0.92006,0.11453,0.90882,0.99956,Mast,UC_vs_HC
WDTC1,1.0494,0.25385,0.80486,0.31539,0.75246,,Mast,UC_vs_HC
TMEM222,1.1448,0.059352,0.86582,0.06855,0.94535,0.99956,Mast,UC_vs_HC
SYTL1,0.079722,-0.14159,3.5798,-0.039553,0.96845,,Mast,UC_vs_HC
MAP3K6,0.018728,0.70632,4.1361,0.17077,0.86441,,Mast,UC_vs_HC
WASF2,6.1618,-0.19891,0.45783,-0.43447,0.66395,0.99956,Mast,UC_vs_HC
AHDC1,0.4509,0.8227,1.4236,0.57788,0.56335,,Mast,UC_vs_HC
FGR,0.13882,1.2192,1.6183,0.75339,0.45122,,Mast,UC_vs_HC
IFI6,1.8259,2.217,1.3766,1.6105,0.10729,0.99956,Mast,UC_vs_HC
FAM76A,1.2251,0.60665,0.85388,0.71047,0.47741,0.99956,Mast,UC_vs_HC
STX12,1.4203,1.4336,0.7571,1.8936,0.058281,0.98721,Mast,UC_vs_HC
PPP1R8,0.86589,-0.28064,0.91164,-0.30784,0.7582,,Mast,UC_vs_HC
THEMIS2,0.59357,2.3106,1.1267,2.0509,0.040278,,Mast,UC_vs_HC
RPA2,3.6401,0.51472,0.54697,0.94104,0.34669,0.99956,Mast,UC_vs_HC
SMPDL3B,0.024934,1.088,4.0829,0.26647,0.78988,,Mast,UC_vs_HC
XKR8,0.026237,0.024139,4.0722,0.0059277,0.99527,,Mast,UC_vs_HC
EYA3,1.0453,0.16423,0.79397,0.20684,0.83613,,Mast,UC_vs_HC
PTAFR,7.5709,0.64115,0.4484,1.4299,0.15275,0.99956,Mast,UC_vs_HC
DNAJC8,13.861,-0.20428,0.27458,-0.74397,0.45689,0.99956,Mast,UC_vs_HC
ATP5IF1,19.224,-0.58002,0.26469,-2.1913,0.028432,0.88125,Mast,UC_vs_HC
SESN2,0.44619,-1.9012,1.7947,-1.0593,0.28944,,Mast,UC_vs_HC
MED18,0.31786,0.41359,1.3693,0.30205,0.76262,,Mast,UC_vs_HC
PHACTR4,3.1341,-1.2154,0.70386,-1.7267,0.084221,0.99956,Mast,UC_vs_HC
RCC1,0.12423,0.13861,1.6003,0.086615,0.93098,,Mast,UC_vs_HC
TRNAU1AP,2.4752,-0.021839,0.57918,-0.037707,0.96992,0.99956,Mast,UC_vs_HC
SNHG12,2.9286,-1.3555,0.65828,-2.0592,0.039475,0.90299,Mast,UC_vs_HC
TAF12,3.1665,-0.56723,0.5397,-1.051,0.29326,0.99956,Mast,UC_vs_HC
RAB42,0.037578,0.16073,4.0541,0.039647,0.96837,,Mast,UC_vs_HC
LINC01715,0.026346,1.1367,4.0708,0.27924,0.78006,,Mast,UC_vs_HC
AL360012.1,0.14397,-0.32015,2.327,-0.13758,0.89057,,Mast,UC_vs_HC
GMEB1,2.1234,-0.13065,0.64424,-0.2028,0.8393,0.99956,Mast,UC_vs_HC
YTHDF2,4.4695,0.24941,0.56241,0.44347,0.65743,0.99956,Mast,UC_vs_HC
EPB41,2.1009,0.29784,0.66553,0.44753,0.65449,0.99956,Mast,UC_vs_HC
SRSF4,5.9663,0.20243,0.51362,0.39412,0.69349,0.99956,Mast,UC_vs_HC
MECR,0.16955,-0.3334,2.7337,-0.12196,0.90293,,Mast,UC_vs_HC
MATN1,0.06025,0.16073,4.0541,0.039647,0.96837,,Mast,UC_vs_HC
MATN1-AS1,0.064474,0.59268,4.1488,0.14286,0.8864,,Mast,UC_vs_HC
LAPTM5,44.927,0.22851,0.37296,0.61269,0.54008,0.99956,Mast,UC_vs_HC
SDC3,0.15983,0.94723,2.4787,0.38214,0.70235,,Mast,UC_vs_HC
PUM1,3.209,0.31688,0.60717,0.5219,0.60174,0.99956,Mast,UC_vs_HC
SNRNP40,4.1317,-0.48196,0.54471,-0.8848,0.37626,0.99956,Mast,UC_vs_HC
ZCCHC17,3.5611,-0.46236,0.53579,-0.86296,0.38816,0.99956,Mast,UC_vs_HC
FABP3,0.039522,0.59268,4.1488,0.14286,0.8864,,Mast,UC_vs_HC
SERINC2,0.15758,0.071295,2.7699,0.025739,0.97947,,Mast,UC_vs_HC
TINAGL1,0.0268,0.16572,4.0548,0.040869,0.9674,,Mast,UC_vs_HC
HCRTR1,0.0134,0.3681,4.0861,0.090086,0.92822,,Mast,UC_vs_HC
PEF1,3.6346,-0.1061,0.62246,-0.17045,0.86466,0.99956,Mast,UC_vs_HC
AC114488.3,0.11272,-0.87339,3.5222,-0.24796,0.80416,,Mast,UC_vs_HC
COL16A1,0.064474,0.59268,4.1488,0.14286,0.8864,,Mast,UC_vs_HC
AL136115.2,0.050856,0.4354,2.975,0.14635,0.88364,,Mast,UC_vs_HC
PTP4A2,12.126,0.42268,0.40547,1.0424,0.2972,0.99956,Mast,UC_vs_HC
KHDRBS1,7.2063,-0.20915,0.49704,-0.42079,0.67391,0.99956,Mast,UC_vs_HC
AL445248.1,0.24101,0.8065,1.9904,0.40518,0.68534,,Mast,UC_vs_HC
TMEM39B,0.68737,0.18671,1.0165,0.18368,0.85426,,Mast,UC_vs_HC
KPNA6,4.0696,-0.24096,0.57345,-0.42019,0.67434,0.99956,Mast,UC_vs_HC
TXLNA,1.8255,-0.0335,0.68381,-0.04899,0.96093,0.99956,Mast,UC_vs_HC
CCDC28B,0.92076,1.1735,0.99494,1.1794,0.23822,,Mast,UC_vs_HC
IQCC,0.093786,1.3571,3.1774,0.4271,0.66931,,Mast,UC_vs_HC
TMEM234,0.52745,-0.58366,1.1719,-0.49806,0.61844,,Mast,UC_vs_HC
EIF3I,9.6247,-0.27131,0.35548,-0.76323,0.44533,0.99956,Mast,UC_vs_HC
FAM167B,0.15152,0.75603,3.4768,0.21745,0.82786,,Mast,UC_vs_HC
LCK,0.16492,0.43893,2.2615,0.19409,0.84611,,Mast,UC_vs_HC
HDAC1,3.0559,0.53027,0.61516,0.86201,0.38868,0.99956,Mast,UC_vs_HC
MARCKSL1,2.7743,-0.60701,0.78165,-0.77657,0.43741,0.99956,Mast,UC_vs_HC
AL109945.1,0.06025,0.16073,4.0541,0.039647,0.96837,,Mast,UC_vs_HC
TSSK3,0.026237,0.024139,4.0722,0.0059277,0.99527,,Mast,UC_vs_HC
BSDC1,2.7112,-0.15164,0.6444,-0.23532,0.81396,0.99956,Mast,UC_vs_HC
ZBTB8OS,4.6502,0.31899,0.47736,0.66823,0.50398,0.99956,Mast,UC_vs_HC
RBBP4,5.5265,-0.15293,0.50924,-0.3003,0.76395,0.99956,Mast,UC_vs_HC
SYNC,1.1407,-0.10962,1.1367,-0.09643,0.92318,0.99956,Mast,UC_vs_HC
KIAA1522,2.7001,-0.085655,0.8539,-0.10031,0.9201,0.99956,Mast,UC_vs_HC
YARS,1.8425,0.31071,0.75796,0.40993,0.68186,0.99956,Mast,UC_vs_HC
S100PBP,1.2775,1.6354,0.85373,1.9156,0.055421,0.98533,Mast,UC_vs_HC
TMEM54,0.13264,-0.43253,3.9777,-0.10874,0.91341,,Mast,UC_vs_HC
RNF19B,4.3359,2.0761,0.80935,2.5651,0.010314,0.69258,Mast,UC_vs_HC
AL020995.1,0.024934,1.088,4.0829,0.26647,0.78988,,Mast,UC_vs_HC
AK2,3.6784,0.5933,0.68335,0.86823,0.38527,0.99956,Mast,UC_vs_HC
AZIN2,0.06239,1.1263,2.9855,0.37726,0.70598,,Mast,UC_vs_HC
TRIM62,0.19098,1.8699,2.3848,0.78406,0.433,,Mast,UC_vs_HC
AL662907.3,0.064474,0.59268,4.1488,0.14286,0.8864,,Mast,UC_vs_HC
ZNF362,0.60634,-0.90606,1.3194,-0.6867,0.49227,,Mast,UC_vs_HC
AL513327.3,0.024934,1.088,4.0829,0.26647,0.78988,,Mast,UC_vs_HC
PHC2,0.86625,1.028,0.95351,1.0781,0.28098,,Mast,UC_vs_HC
ZSCAN20,0.055411,0.73069,4.1338,0.17676,0.8597,,Mast,UC_vs_HC
SMIM12,3.5515,-0.14342,0.58324,-0.2459,0.80576,0.99956,Mast,UC_vs_HC
AC114490.3,0.2767,0.44995,1.5073,0.29851,0.76531,,Mast,UC_vs_HC
AC114490.2,0.032128,0.40025,2.7752,0.14423,0.88532,,Mast,UC_vs_HC
ZMYM6,0.71269,0.43658,1.0042,0.43477,0.66373,,Mast,UC_vs_HC
ZMYM1,0.66638,0.21319,1.1332,0.18814,0.85077,,Mast,UC_vs_HC
SFPQ,18.912,-0.51852,0.38248,-1.3557,0.17521,0.99956,Mast,UC_vs_HC
ZMYM4,2.3128,-0.27426,0.77202,-0.35525,0.7224,0.99956,Mast,UC_vs_HC
KIAA0319L,2.3708,0.4496,0.73171,0.61445,0.53892,0.99956,Mast,UC_vs_HC
NCDN,0.17503,0.038525,1.5881,0.024258,0.98065,,Mast,UC_vs_HC
AC004865.2,0.33826,0.40505,1.271,0.31869,0.74996,,Mast,UC_vs_HC
PSMB2,8.7577,0.1501,0.37592,0.3993,0.68967,0.99956,Mast,UC_vs_HC
C1orf216,0.69598,-0.15531,1.1026,-0.14086,0.88798,,Mast,UC_vs_HC
CLSPN,0.46936,1.1218,1.9829,0.56572,0.57158,,Mast,UC_vs_HC
AGO4,0.42524,1.1131,1.3748,0.80966,0.41813,,Mast,UC_vs_HC
AGO1,1.7115,0.97086,0.70354,1.38,0.1676,0.99956,Mast,UC_vs_HC
AGO3,5.2624,0.15147,0.52051,0.29101,0.77104,0.99956,Mast,UC_vs_HC
ADPRHL2,1.4204,1.5819,1.094,1.446,0.14817,0.99956,Mast,UC_vs_HC
TRAPPC3,3.7884,0.1984,0.52842,0.37547,0.70731,0.99956,Mast,UC_vs_HC
MAP7D1,1.6889,-0.041141,0.75895,-0.054208,0.95677,0.99956,Mast,UC_vs_HC
THRAP3,10.807,-0.075527,0.38196,-0.19774,0.84325,0.99956,Mast,UC_vs_HC
SH3D21,0.31686,-0.3718,1.272,-0.2923,0.77006,,Mast,UC_vs_HC
EVA1B,1.2871,0.55246,1.1428,0.48342,0.6288,0.99956,Mast,UC_vs_HC
STK40,1.2238,-0.63355,1.0182,-0.6222,0.53381,0.99956,Mast,UC_vs_HC
LSM10,4.2389,0.095387,0.54147,0.17616,0.86016,0.99956,Mast,UC_vs_HC
OSCP1,0.0268,0.16572,4.0548,0.040869,0.9674,,Mast,UC_vs_HC
MRPS15,2.4718,-1.0184,0.67983,-1.498,0.13413,0.99956,Mast,UC_vs_HC
CSF3R,0.024934,1.088,4.0829,0.26647,0.78988,,Mast,UC_vs_HC
LINC01137,0.27244,1.2144,1.8897,0.64263,0.52046,,Mast,UC_vs_HC
ZC3H12A,11.026,1.0084,0.59114,1.7059,0.088029,0.99956,Mast,UC_vs_HC
MEAF6,7.5789,-0.90178,0.42819,-2.106,0.035203,0.90299,Mast,UC_vs_HC
SNIP1,1.319,0.40599,1.0424,0.38947,0.69693,0.99956,Mast,UC_vs_HC
GNL2,2.6361,-0.065029,0.64129,-0.1014,0.91923,0.99956,Mast,UC_vs_HC
C1orf109,0.91342,-0.22998,1.2448,-0.18475,0.85343,,Mast,UC_vs_HC
YRDC,0.28483,1.206,1.5794,0.76356,0.44513,,Mast,UC_vs_HC
C1orf122,1.7283,0.74402,1.179,0.63103,0.52802,0.99956,Mast,UC_vs_HC
MTF1,0.47983,1.5967,1.2041,1.3261,0.18481,,Mast,UC_vs_HC
INPP5B,0.8509,-0.55305,1.2379,-0.44675,0.65505,,Mast,UC_vs_HC
SF3A3,2.9751,0.18628,0.5752,0.32385,0.74605,0.99956,Mast,UC_vs_HC
FHL3,2.0461,0.87365,0.80298,1.088,0.27659,0.99956,Mast,UC_vs_HC
UTP11,2.2095,-0.44465,0.58214,-0.76381,0.44498,0.99956,Mast,UC_vs_HC
RRAGC,1.9488,2.1177,0.78963,2.6819,0.0073212,0.67077,Mast,UC_vs_HC
AL139260.1,0.0268,0.16572,4.0548,0.040869,0.9674,,Mast,UC_vs_HC
MYCBP,1.081,-0.659,0.84754,-0.77754,0.43684,,Mast,UC_vs_HC
AKIRIN1,4.9305,0.17359,0.54466,0.31871,0.74995,0.99956,Mast,UC_vs_HC
NDUFS5,26.776,-0.076382,0.28267,-0.27021,0.787,0.99956,Mast,UC_vs_HC
MACF1,7.9625,-0.043105,0.43891,-0.098208,0.92177,0.99956,Mast,UC_vs_HC
PABPC4,4.3264,0.12489,0.50564,0.24699,0.80492,0.99956,Mast,UC_vs_HC
PPIE,2.6829,0.25385,0.53813,0.47173,0.63712,0.99956,Mast,UC_vs_HC
BMP8B,0.026237,0.024139,4.0722,0.0059277,0.99527,,Mast,UC_vs_HC
TRIT1,0.28319,2.3117,1.7313,1.3352,0.18181,,Mast,UC_vs_HC
MFSD2A,0.98446,1.159,1.1317,1.0242,0.30576,,Mast,UC_vs_HC
CAP1,15.418,-0.15687,0.37221,-0.42146,0.67342,0.99956,Mast,UC_vs_HC
PPT1,5.7783,-0.50718,0.56595,-0.89616,0.37017,0.99956,Mast,UC_vs_HC
RLF,4.4171,0.19077,0.47293,0.40338,0.68667,0.99956,Mast,UC_vs_HC
AL050341.2,0.26612,0.19053,2.282,0.083496,0.93346,,Mast,UC_vs_HC
ZMPSTE24,1.0597,0.098503,0.82151,0.11991,0.90456,,Mast,UC_vs_HC
COL9A2,2.1849,-0.29192,0.72353,-0.40347,0.6866,0.99956,Mast,UC_vs_HC
SMAP2,3.4379,1.353,0.69569,1.9448,0.051804,0.96096,Mast,UC_vs_HC
ZFP69B,0.13587,0.34739,2.4105,0.14411,0.88541,,Mast,UC_vs_HC
ZFP69,0.12451,1.6018,2.1346,0.7504,0.45302,,Mast,UC_vs_HC
AL603839.3,0.15721,0.068316,3.9957,0.017097,0.98636,,Mast,UC_vs_HC
EXO5,0.0134,0.3681,4.0861,0.090086,0.92822,,Mast,UC_vs_HC
ZNF684,0.19626,2.0823,1.9615,1.0616,0.2884,,Mast,UC_vs_HC
RIMS3,0.037578,0.16073,4.0541,0.039647,0.96837,,Mast,UC_vs_HC
NFYC-AS1,0.0134,0.3681,4.0861,0.090086,0.92822,,Mast,UC_vs_HC
NFYC,2.0966,-0.24085,0.68162,-0.35335,0.72383,0.99956,Mast,UC_vs_HC
CTPS1,0.52948,1.7489,2.0077,0.8711,0.3837,,Mast,UC_vs_HC
SLFNL1-AS1,0.0134,0.3681,4.0861,0.090086,0.92822,,Mast,UC_vs_HC
SCMH1,0.21383,0.76172,1.7496,0.43537,0.66329,,Mast,UC_vs_HC
HIVEP3,0.31637,1.2617,2.1632,0.58328,0.55971,,Mast,UC_vs_HC
GUCA2B,0.15481,-0.68501,1.9271,-0.35545,0.72225,,Mast,UC_vs_HC
GUCA2A,0.48542,-2.1755,2.1477,-1.013,0.31108,,Mast,UC_vs_HC
FOXJ3,0.88139,-0.52571,1.0544,-0.49858,0.61808,,Mast,UC_vs_HC
RIMKLA,0.018728,0.70632,4.1361,0.17077,0.86441,,Mast,UC_vs_HC
ZMYND12,0.0134,0.3681,4.0861,0.090086,0.92822,,Mast,UC_vs_HC
PPCS,5.1012,0.096431,0.48678,0.1981,0.84297,0.99956,Mast,UC_vs_HC
CCDC30,0.37154,-1.1402,1.5081,-0.75605,0.44962,,Mast,UC_vs_HC
PPIH,3.2707,0.1588,0.54514,0.29131,0.77082,0.99956,Mast,UC_vs_HC
AC098484.2,0.10737,0.16073,4.0541,0.039647,0.96837,,Mast,UC_vs_HC
YBX1,22.869,-0.49246,0.66861,-0.73653,0.46141,0.99956,Mast,UC_vs_HC
P3H1,0.50356,0.31134,1.2025,0.25891,0.7957,,Mast,UC_vs_HC
C1orf50,0.55251,0.30072,1.463,0.20556,0.83714,,Mast,UC_vs_HC
SVBP,2.896,-0.8165,0.64081,-1.2742,0.2026,0.99956,Mast,UC_vs_HC
ERMAP,0.35923,-0.72152,1.2503,-0.5771,0.56387,,Mast,UC_vs_HC
AL512353.1,0.10365,1.2415,4.0577,0.30596,0.75964,,Mast,UC_vs_HC
ZNF691,0.19735,0.39314,1.4375,0.2735,0.78447,,Mast,UC_vs_HC
SLC2A1,0.43172,0.0047592,1.4222,0.0033462,0.99733,,Mast,UC_vs_HC
SLC2A1-AS1,0.055411,0.73069,4.1338,0.17676,0.8597,,Mast,UC_vs_HC
EBNA1BP2,3.877,-0.26262,0.498,-0.52734,0.59795,0.99956,Mast,UC_vs_HC
C1orf210,0.0268,0.16572,4.0548,0.040869,0.9674,,Mast,UC_vs_HC
TIE1,0.99341,-0.23947,0.82363,-0.29075,0.77124,,Mast,UC_vs_HC
AL139289.2,0.35048,0.82272,3.9712,0.20717,0.83588,,Mast,UC_vs_HC
CDC20,0.18455,0.02187,1.9303,0.01133,0.99096,,Mast,UC_vs_HC
ELOVL1,1.5886,0.74718,0.68286,1.0942,0.27387,0.99956,Mast,UC_vs_HC
MED8,2.7652,0.50592,0.63632,0.79507,0.42657,0.99956,Mast,UC_vs_HC
SZT2,0.64327,0.78755,1.0729,0.73405,0.46292,,Mast,UC_vs_HC
HYI,1.8214,-0.034614,1.4145,-0.02447,0.98048,0.99956,Mast,UC_vs_HC
KDM4A,0.30945,0.2547,1.2416,0.20514,0.83746,,Mast,UC_vs_HC
KDM4A-AS1,0.1863,-0.21282,1.659,-0.12828,0.89793,,Mast,UC_vs_HC
ST3GAL3,0.94391,0.13429,0.82003,0.16376,0.86992,,Mast,UC_vs_HC
IPO13,0.33413,0.44563,1.3211,0.33732,0.73588,,Mast,UC_vs_HC
DPH2,0.24338,0.63647,1.4918,0.42666,0.66963,,Mast,UC_vs_HC
ATP6V0B,21.5,0.12459,0.37257,0.3344,0.73808,0.99956,Mast,UC_vs_HC
B4GALT2,0.059765,0.024139,4.0722,0.0059277,0.99527,,Mast,UC_vs_HC
CCDC24,0.039522,0.59268,4.1488,0.14286,0.8864,,Mast,UC_vs_HC
AL139220.2,0.018728,0.70632,4.1361,0.17077,0.86441,,Mast,UC_vs_HC
DMAP1,2.1076,-0.61942,0.69585,-0.89017,0.37337,0.99956,Mast,UC_vs_HC
ERI3,1.3625,0.30577,0.77709,0.39348,0.69396,0.99956,Mast,UC_vs_HC
RNF220,0.76903,2.3867,1.6228,1.4707,0.14136,,Mast,UC_vs_HC
TMEM53,0.15506,0.8205,1.5469,0.53044,0.59581,,Mast,UC_vs_HC
ARMH1,4.4754,0.3718,0.61649,0.6031,0.54645,0.99956,Mast,UC_vs_HC
KIF2C,0.082611,1.1759,3.3583,0.35015,0.72623,,Mast,UC_vs_HC
RPS8,322.88,0.17722,0.28846,0.61436,0.53898,0.99956,Mast,UC_vs_HC
PLK3,7.2217,-0.1352,0.45847,-0.2949,0.76807,0.99956,Mast,UC_vs_HC
BTBD19,0.71902,-1.4214,1.2791,-1.1112,0.26647,,Mast,UC_vs_HC
PTCH2,0.42548,-0.96597,1.6862,-0.57288,0.56673,,Mast,UC_vs_HC
EIF2B3,1.3143,-0.47379,0.73199,-0.64726,0.51746,0.99956,Mast,UC_vs_HC
HECTD3,0.3074,-0.55323,1.6022,-0.3453,0.72987,,Mast,UC_vs_HC
UROD,2.0666,0.78905,0.82093,0.96116,0.33647,0.99956,Mast,UC_vs_HC
MUTYH,1.0674,-1.0739,1.0352,-1.0374,0.29956,,Mast,UC_vs_HC
TOE1,1.69,-1.2891,0.86202,-1.4954,0.13481,0.99956,Mast,UC_vs_HC
TESK2,0.86075,-1.4886,1.187,-1.2541,0.2098,,Mast,UC_vs_HC
CCDC163,0.18458,-0.97249,1.7914,-0.54287,0.58722,,Mast,UC_vs_HC
MMACHC,0.33335,0.73551,1.3353,0.55083,0.58175,,Mast,UC_vs_HC
PRDX1,72.288,-0.075975,0.36974,-0.20548,0.83719,0.99956,Mast,UC_vs_HC
AKR1A1,12.186,-0.056555,0.3917,-0.14438,0.8852,0.99956,Mast,UC_vs_HC
NASP,11.053,-0.45083,0.4414,-1.0214,0.30708,0.99956,Mast,UC_vs_HC
CCDC17,0.10737,0.16073,4.0541,0.039647,0.96837,,Mast,UC_vs_HC
GPBP1L1,3.047,-0.88978,0.6567,-1.3549,0.17544,0.99956,Mast,UC_vs_HC
TMEM69,0.10866,-0.42553,3.8061,-0.1118,0.91098,,Mast,UC_vs_HC
IPP,0.23248,0.038318,1.4071,0.027231,0.97828,,Mast,UC_vs_HC
MAST2,0.24513,1.73,1.6838,1.0274,0.30422,,Mast,UC_vs_HC
PIK3R3,0.91844,-1.1007,1.0291,-1.0696,0.28481,,Mast,UC_vs_HC
AL358075.2,0.026237,0.024139,4.0722,0.0059277,0.99527,,Mast,UC_vs_HC
TSPAN1,0.093121,-0.2716,3.7183,-0.073043,0.94177,,Mast,UC_vs_HC
POMGNT1,0.64071,-0.28836,1.1812,-0.24413,0.80713,,Mast,UC_vs_HC
LURAP1,0.61571,1.3184,1.6936,0.77848,0.43629,,Mast,UC_vs_HC
RAD54L,0.080345,1.1224,3.1892,0.35194,0.72488,,Mast,UC_vs_HC
LRRC41,2.2504,-0.29036,0.67194,-0.43211,0.66566,0.99956,Mast,UC_vs_HC
UQCRH,39.726,0.24464,0.22019,1.111,0.26655,0.99956,Mast,UC_vs_HC
NSUN4,1.4288,-0.22066,0.72977,-0.30236,0.76238,0.99956,Mast,UC_vs_HC
MKNK1,0.90529,-0.22056,0.92843,-0.23757,0.81222,,Mast,UC_vs_HC
MOB3C,0.29539,1.1606,1.4294,0.81193,0.41683,,Mast,UC_vs_HC
ATPAF1,0.46747,-0.52637,1.7452,-0.30161,0.76295,,Mast,UC_vs_HC
EFCAB14,3.0454,0.70431,0.50967,1.3819,0.167,0.99956,Mast,UC_vs_HC
LINC00853,0.039522,0.59268,4.1488,0.14286,0.8864,,Mast,UC_vs_HC
PDZK1IP1,0.038333,0.78366,2.7327,0.28677,0.77429,,Mast,UC_vs_HC
TAL1,2.4881,-0.33399,0.77103,-0.43317,0.66489,0.99956,Mast,UC_vs_HC
AL135960.1,0.065982,0.2043,1.955,0.1045,0.91677,,Mast,UC_vs_HC
STIL,0.079045,0.55747,4.1549,0.13417,0.89327,,Mast,UC_vs_HC
CMPK1,4.5647,0.36587,0.6559,0.55781,0.57697,0.99956,Mast,UC_vs_HC
TRABD2B,0.16547,1.7789,2.4047,0.73976,0.45944,,Mast,UC_vs_HC
SLC5A9,0.0134,0.3681,4.0861,0.090086,0.92822,,Mast,UC_vs_HC
SPATA6,0.23489,0.75141,1.4909,0.50399,0.61427,,Mast,UC_vs_HC
BEND5,0.14157,-0.25381,1.8677,-0.13589,0.89191,,Mast,UC_vs_HC
FAF1,0.55354,-1.1392,1.205,-0.94546,0.34442,,Mast,UC_vs_HC
CDKN2C,0.66252,1.1729,1.1864,0.98865,0.32284,,Mast,UC_vs_HC
RNF11,2.6091,0.10698,0.59703,0.17919,0.85779,0.99956,Mast,UC_vs_HC
AL162430.2,0.026346,1.1367,4.0708,0.27924,0.78006,,Mast,UC_vs_HC
TTC39A,0.018728,0.70632,4.1361,0.17077,0.86441,,Mast,UC_vs_HC
EPS15,3.8645,-0.49616,0.53944,-0.91978,0.35769,0.99956,Mast,UC_vs_HC
AC104170.2,0.059765,0.024139,4.0722,0.0059277,0.99527,,Mast,UC_vs_HC
OSBPL9,4.2935,-0.25056,0.59479,-0.42126,0.67357,0.99956,Mast,UC_vs_HC
NRDC,4.7629,-0.11965,0.46512,-0.25725,0.79699,0.99956,Mast,UC_vs_HC
AL050343.1,0.024934,1.088,4.0829,0.26647,0.78988,,Mast,UC_vs_HC
AL050343.2,0.0134,0.3681,4.0861,0.090086,0.92822,,Mast,UC_vs_HC
RAB3B,0.090819,1.025,3.4223,0.29951,0.76455,,Mast,UC_vs_HC
TXNDC12,4.0505,-0.20988,0.47323,-0.4435,0.65741,0.99956,Mast,UC_vs_HC
KTI12,0.22083,0.2618,1.6746,0.15634,0.87577,,Mast,UC_vs_HC
BTF3L4,4.9798,-0.38387,0.44476,-0.86308,0.38809,0.99956,Mast,UC_vs_HC
ZFYVE9,0.062512,0.55908,3.0605,0.18268,0.85505,,Mast,UC_vs_HC
CC2D1B,0.35416,-0.56213,1.5792,-0.35596,0.72187,,Mast,UC_vs_HC
ORC1,0.038333,0.78366,2.7327,0.28677,0.77429,,Mast,UC_vs_HC
PRPF38A,5.2382,-0.21921,0.46066,-0.47586,0.63417,0.99956,Mast,UC_vs_HC
TUT4,7.1848,0.16701,0.43532,0.38365,0.70124,0.99956,Mast,UC_vs_HC
GPX7,0.87298,0.54432,1.3253,0.41072,0.68127,,Mast,UC_vs_HC
SHISAL2A,0.16278,0.22213,3.839,0.057861,0.95386,,Mast,UC_vs_HC
COA7,0.16595,0.31489,1.4125,0.22294,0.82358,,Mast,UC_vs_HC
ZYG11B,1.287,0.18407,0.84558,0.21769,0.82767,0.99956,Mast,UC_vs_HC
ZYG11A,0.039522,0.59268,4.1488,0.14286,0.8864,,Mast,UC_vs_HC
ECHDC2,1.7167,-0.44396,0.79401,-0.55914,0.57607,0.99956,Mast,UC_vs_HC
SCP2,8.7925,-0.22307,0.32392,-0.68866,0.49103,0.99956,Mast,UC_vs_HC
CPT2,0.44621,0.76561,1.6732,0.45756,0.64727,,Mast,UC_vs_HC
C1orf123,3.5917,-0.062964,0.53059,-0.11867,0.90554,0.99956,Mast,UC_vs_HC
AL606760.3,0.039522,0.59268,4.1488,0.14286,0.8864,,Mast,UC_vs_HC
MAGOH,10.864,-0.072937,0.35633,-0.20469,0.83781,0.99956,Mast,UC_vs_HC
AL606760.1,0.024934,1.088,4.0829,0.26647,0.78988,,Mast,UC_vs_HC
LRP8,0.12272,0.5683,2.2576,0.25173,0.80125,,Mast,UC_vs_HC
LINC01771,0.026346,1.1367,4.0708,0.27924,0.78006,,Mast,UC_vs_HC
NDC1,0.38893,1.7035,1.4744,1.1554,0.24793,,Mast,UC_vs_HC
YIPF1,0.60686,-0.82054,1.3137,-0.62458,0.53225,,Mast,UC_vs_HC
HSPB11,6.8708,-0.22721,0.39357,-0.5773,0.56374,0.99956,Mast,UC_vs_HC
LRRC42,0.23409,0.93192,1.4397,0.64729,0.51744,,Mast,UC_vs_HC
TMEM59,20.449,0.24517,0.27591,0.88859,0.37422,0.99956,Mast,UC_vs_HC
TCEANC2,0.095156,0.86228,2.2414,0.38472,0.70045,,Mast,UC_vs_HC
CYB5RL,0.083202,0.61127,3.3445,0.18277,0.85498,,Mast,UC_vs_HC
MRPL37,0.8496,0.88984,0.99545,0.89391,0.37137,,Mast,UC_vs_HC
SSBP3,2.6898,0.27718,0.62322,0.44476,0.6565,0.99956,Mast,UC_vs_HC
SSBP3-AS1,0.052583,0.46401,3.1249,0.14849,0.88196,,Mast,UC_vs_HC
ACOT11,0.97869,-0.80214,1.0469,-0.76621,0.44355,,Mast,UC_vs_HC
MROH7,0.064474,0.59268,4.1488,0.14286,0.8864,,Mast,UC_vs_HC
TTC4,0.29192,-0.21876,1.8165,-0.12043,0.90414,,Mast,UC_vs_HC
TTC22,0.026346,1.1367,4.0708,0.27924,0.78006,,Mast,UC_vs_HC
DHCR24,0.1577,0.22224,3.7922,0.058606,0.95327,,Mast,UC_vs_HC
USP24,0.90388,0.13223,1.3086,0.10104,0.91952,,Mast,UC_vs_HC
OMA1,1.7035,-0.19439,0.74975,-0.25927,0.79542,0.99956,Mast,UC_vs_HC
MYSM1,2.0967,0.039792,0.8512,0.046748,0.96271,0.99956,Mast,UC_vs_HC
JUN,81.309,-0.97578,0.61383,-1.5897,0.11191,0.99956,Mast,UC_vs_HC
AC105277.1,0.15493,1.9329,2.1394,0.90347,0.36628,,Mast,UC_vs_HC
LINC01358,0.15286,0.78819,3.5597,0.22142,0.82476,,Mast,UC_vs_HC
AL592431.1,0.064474,0.59268,4.1488,0.14286,0.8864,,Mast,UC_vs_HC
FGGY,0.74966,0.36394,1.4186,0.25654,0.79753,,Mast,UC_vs_HC
AC099792.1,0.1205,-0.41456,3.9842,-0.10405,0.91713,,Mast,UC_vs_HC
NFIA,2.8701,0.2199,0.56302,0.39056,0.69612,0.99956,Mast,UC_vs_HC
NFIA-AS2,0.099773,0.070395,3.688,0.019088,0.98477,,Mast,UC_vs_HC
TM2D1,3.7309,0.41339,0.53559,0.77185,0.4402,0.99956,Mast,UC_vs_HC
PATJ,0.077873,0.24265,3.4481,0.070373,0.9439,,Mast,UC_vs_HC
L1TD1,0.21113,0.56222,1.6585,0.339,0.73461,,Mast,UC_vs_HC
USP1,1.5249,-0.026922,0.91237,-0.029508,0.97646,0.99956,Mast,UC_vs_HC
DOCK7,0.309,-0.47299,1.4401,-0.32844,0.74258,,Mast,UC_vs_HC
ATG4C,1.1168,-0.61759,0.89953,-0.68657,0.49236,,Mast,UC_vs_HC
ALG6,0.7776,-0.38285,1.1363,-0.33693,0.73617,,Mast,UC_vs_HC
ITGB3BP,2.8149,-1.1103,0.81959,-1.3547,0.17551,0.99956,Mast,UC_vs_HC
EFCAB7,0.16602,1.43,1.508,0.9483,0.34298,,Mast,UC_vs_HC
PGM1,1.0059,-0.069443,1.0798,-0.064313,0.94872,,Mast,UC_vs_HC
ROR1,0.097449,0.73069,4.1338,0.17676,0.8597,,Mast,UC_vs_HC
JAK1,4.4449,0.78321,0.77735,1.0075,0.31368,0.99956,Mast,UC_vs_HC
AK4,0.071419,1.4897,3.2573,0.45734,0.64742,,Mast,UC_vs_HC
LEPROT,3.9574,-0.25434,0.46814,-0.5433,0.58693,0.99956,Mast,UC_vs_HC
LEPR,0.28009,0.24845,1.3838,0.17955,0.85751,,Mast,UC_vs_HC
PDE4B,1.0086,0.67044,1.1271,0.59484,0.55195,,Mast,UC_vs_HC
SGIP1,0.26886,1.0119,1.2375,0.81767,0.41355,,Mast,UC_vs_HC
TCTEX1D1,1.6619,0.56328,1.0158,0.55451,0.57923,0.99956,Mast,UC_vs_HC
MIER1,8.8435,0.026186,0.39703,0.065954,0.94741,0.99956,Mast,UC_vs_HC
SLC35D1,1.6041,-0.43307,0.79164,-0.54706,0.58434,0.99956,Mast,UC_vs_HC
IL12RB2,0.018728,0.70632,4.1361,0.17077,0.86441,,Mast,UC_vs_HC
SERBP1,20.413,-0.020997,0.38837,-0.054066,0.95688,0.99956,Mast,UC_vs_HC
GADD45A,3.247,-0.40854,1.0778,-0.37904,0.70466,0.99956,Mast,UC_vs_HC
GNG12,0.083202,0.61127,3.3445,0.18277,0.85498,,Mast,UC_vs_HC
WLS,0.069706,-0.032991,1.9718,-0.016732,0.98665,,Mast,UC_vs_HC
DEPDC1,0.11857,0.55363,4.157,0.13318,0.89405,,Mast,UC_vs_HC
LRRC7,0.14545,0.61905,1.9102,0.32408,0.74588,,Mast,UC_vs_HC
LRRC40,1.1026,-0.97527,1.1738,-0.83084,0.40606,,Mast,UC_vs_HC
SRSF11,11.649,-0.054133,0.32876,-0.16466,0.86921,0.99956,Mast,UC_vs_HC
ANKRD13C,0.42793,-0.03976,1.8439,-0.021563,0.9828,,Mast,UC_vs_HC
HHLA3,0.17785,1.5277,1.8277,0.83586,0.40323,,Mast,UC_vs_HC
CTH,0.28049,0.45098,1.6951,0.26604,0.79021,,Mast,UC_vs_HC
AL354872.2,0.097449,0.73069,4.1338,0.17676,0.8597,,Mast,UC_vs_HC
PTGER3,1.353,0.15973,1.2177,0.13117,0.89564,0.99956,Mast,UC_vs_HC
AL031429.1,0.58033,2.5395,3.4629,0.73336,0.46334,,Mast,UC_vs_HC
ZRANB2-AS1,0.12369,0.070064,3.7311,0.018778,0.98502,,Mast,UC_vs_HC
ZRANB2,11.078,-0.90461,0.34799,-2.5995,0.009335,0.69258,Mast,UC_vs_HC
LRRIQ3,0.026237,0.024139,4.0722,0.0059277,0.99527,,Mast,UC_vs_HC
FPGT,0.71318,0.44389,1.1636,0.3815,0.70284,,Mast,UC_vs_HC
FPGT-TNNI3K,0.044965,0.057449,3.1839,0.018044,0.9856,,Mast,UC_vs_HC
TNNI3K,0.055411,0.73069,4.1338,0.17676,0.8597,,Mast,UC_vs_HC
AC135803.1,0.018728,0.70632,4.1361,0.17077,0.86441,,Mast,UC_vs_HC
CRYZ,0.84724,-1.5124,1.1431,-1.3231,0.18581,,Mast,UC_vs_HC
TYW3,2.5981,0.11432,0.55493,0.20601,0.83679,0.99956,Mast,UC_vs_HC
ACADM,5.0123,0.32628,0.50254,0.64927,0.51617,0.99956,Mast,UC_vs_HC
RABGGTB,3.5084,0.68351,0.71705,0.95322,0.34048,0.99956,Mast,UC_vs_HC
ST6GALNAC3,0.056306,0.20097,3.1229,0.064354,0.94869,,Mast,UC_vs_HC
PIGK,1.4568,1.3067,0.77661,1.6825,0.092466,0.99956,Mast,UC_vs_HC
AC118549.1,0.98009,-0.2587,0.87695,-0.295,0.76799,,Mast,UC_vs_HC
USP33,2.7739,0.063307,0.59008,0.10729,0.91456,0.99956,Mast,UC_vs_HC
MIGA1,1.0825,-0.17777,0.82411,-0.21571,0.82921,,Mast,UC_vs_HC
NEXN,0.12061,1.2935,1.6532,0.78242,0.43397,,Mast,UC_vs_HC
FUBP1,4.4613,0.23444,0.55972,0.41885,0.67532,0.99956,Mast,UC_vs_HC
DNAJB4,5.4504,-2.1706,0.86399,-2.5123,0.011995,0.72228,Mast,UC_vs_HC
AC103591.3,1.4341,-1.5569,0.98643,-1.5783,0.1145,0.99956,Mast,UC_vs_HC
IFI44L,0.2738,1.1837,1.6345,0.72419,0.46895,,Mast,UC_vs_HC
IFI44,0.78093,0.55928,0.93119,0.60061,0.5481,,Mast,UC_vs_HC
ADGRL4,0.055411,0.73069,4.1338,0.17676,0.8597,,Mast,UC_vs_HC
LINC01781,0.069889,0.66126,3.2782,0.20171,0.84014,,Mast,UC_vs_HC
ADGRL2,0.10737,0.16073,4.0541,0.039647,0.96837,,Mast,UC_vs_HC
TTLL7,2.3593,0.70962,0.75771,0.93652,0.349,0.99956,Mast,UC_vs_HC
AL359504.2,0.039522,0.59268,4.1488,0.14286,0.8864,,Mast,UC_vs_HC
PRKACB,5.1204,0.85989,0.49694,1.7303,0.083569,0.99956,Mast,UC_vs_HC
SAMD13,0.2393,0.058969,1.2273,0.048047,0.96168,,Mast,UC_vs_HC
RPF1,2.0305,0.060266,0.63102,0.095505,0.92391,0.99956,Mast,UC_vs_HC
GNG5,23.582,-0.17611,0.30165,-0.58383,0.55934,0.99956,Mast,UC_vs_HC
SPATA1,0.25441,-0.14953,1.7818,-0.083923,0.93312,,Mast,UC_vs_HC
CTBS,2.5524,0.96303,0.87048,1.1063,0.26859,0.99956,Mast,UC_vs_HC
SSX2IP,0.38401,1.1965,1.668,0.71737,0.47315,,Mast,UC_vs_HC
MCOLN2,0.075058,1.3326,4.0556,0.32858,0.74247,,Mast,UC_vs_HC
SYDE2,0.024934,1.088,4.0829,0.26647,0.78988,,Mast,UC_vs_HC
C1orf52,4.1292,0.086538,0.47387,0.18262,0.8551,0.99956,Mast,UC_vs_HC
BCL10,3.0395,-0.86968,0.59114,-1.4712,0.14124,0.99956,Mast,UC_vs_HC
AL078459.1,0.0134,0.3681,4.0861,0.090086,0.92822,,Mast,UC_vs_HC
DDAH1,0.056489,0.8828,3.1215,0.28281,0.77732,,Mast,UC_vs_HC
CYR61,0.056306,0.20097,3.1229,0.064354,0.94869,,Mast,UC_vs_HC
ZNHIT6,1.8256,-0.56984,1.0673,-0.53392,0.5934,0.99956,Mast,UC_vs_HC
COL24A1,0.0134,0.3681,4.0861,0.090086,0.92822,,Mast,UC_vs_HC
ODF2L,1.7492,0.45035,0.97427,0.46224,0.64391,0.99956,Mast,UC_vs_HC
CLCA1,0.50505,-2.3974,2.5012,-0.95847,0.33782,,Mast,UC_vs_HC
CLCA4,0.12173,0.068673,2.4014,0.028597,0.97719,,Mast,UC_vs_HC
AL049597.2,0.064474,0.59268,4.1488,0.14286,0.8864,,Mast,UC_vs_HC
SH3GLB1,9.7257,0.15399,0.43258,0.35599,0.72185,0.99956,Mast,UC_vs_HC
SELENOF,7.2812,-0.067517,0.4966,-0.13596,0.89185,0.99956,Mast,UC_vs_HC
HS2ST1,1.8454,0.52985,0.67869,0.7807,0.43498,0.99956,Mast,UC_vs_HC
LINC01140,0.81364,-0.79133,0.92322,-0.85714,0.39137,,Mast,UC_vs_HC
AC099062.1,0.28741,0.99896,1.7674,0.5652,0.57194,,Mast,UC_vs_HC
LMO4,28.015,-0.57064,0.36073,-1.5819,0.11368,0.99956,Mast,UC_vs_HC
PKN2-AS1,0.037578,0.16073,4.0541,0.039647,0.96837,,Mast,UC_vs_HC
PKN2,3.1292,-0.56347,0.55897,-1.0081,0.31343,0.99956,Mast,UC_vs_HC
GTF2B,21.136,-0.73372,0.339,-2.1644,0.030437,0.89594,Mast,UC_vs_HC
KYAT3,0.91316,0.098795,1.0279,0.09611,0.92343,,Mast,UC_vs_HC
RBMXL1,1.1184,0.27318,0.83337,0.3278,0.74306,0.99956,Mast,UC_vs_HC
GBP3,0.34274,0.06812,1.2597,0.054078,0.95687,,Mast,UC_vs_HC
GBP1,1.4045,1.3949,1.0917,1.2778,0.20133,0.99956,Mast,UC_vs_HC
GBP2,2.2464,0.56136,0.85004,0.66039,0.509,0.99956,Mast,UC_vs_HC
GBP4,2.0562,2.3909,0.98274,2.4329,0.01498,0.72228,Mast,UC_vs_HC
AC099063.4,0.026346,1.1367,4.0708,0.27924,0.78006,,Mast,UC_vs_HC
GBP5,0.48076,2.2165,1.2619,1.7564,0.079014,,Mast,UC_vs_HC
LRRC8B,0.43735,-0.32131,1.2838,-0.25029,0.80236,,Mast,UC_vs_HC
LRRC8C-DT,0.21958,1.1606,2.731,0.42496,0.67086,,Mast,UC_vs_HC
LRRC8C,0.053145,0.6022,3.1178,0.19315,0.84684,,Mast,UC_vs_HC
LRRC8D,0.11378,-0.14123,1.8393,-0.076787,0.93879,,Mast,UC_vs_HC
ZNF326,3.3417,0.3794,0.8314,0.45633,0.64815,0.99956,Mast,UC_vs_HC
ZNF644,4.4499,-0.32679,0.48542,-0.67321,0.50081,0.99956,Mast,UC_vs_HC
TGFBR3,0.20142,2.0173,2.5893,0.77908,0.43593,,Mast,UC_vs_HC
BTBD8,0.22939,0.3141,2.0486,0.15332,0.87815,,Mast,UC_vs_HC
GLMN,1.0745,-0.21824,1.0297,-0.21195,0.83215,,Mast,UC_vs_HC
RPAP2,1.9932,-0.70378,0.71695,-0.98163,0.32628,0.99956,Mast,UC_vs_HC
GFI1,0.69656,0.39959,1.6328,0.24473,0.80667,,Mast,UC_vs_HC
EVI5,1.046,0.41601,0.98987,0.42027,0.67429,,Mast,UC_vs_HC
RPL5,241,-0.072051,0.21841,-0.32989,0.74148,0.99956,Mast,UC_vs_HC
MTF2,3.5582,-0.095993,0.47661,-0.20141,0.84038,0.99956,Mast,UC_vs_HC
TMED5,6.0498,0.63173,0.53182,1.1879,0.23489,0.99956,Mast,UC_vs_HC
CCDC18,1.0555,-0.10945,1.0017,-0.10926,0.913,,Mast,UC_vs_HC
DR1,3.4969,0.66407,0.48555,1.3677,0.17142,0.99956,Mast,UC_vs_HC
FNBP1L,0.6429,0.9484,1.2888,0.73585,0.46182,,Mast,UC_vs_HC
BCAR3,0.34572,0.37946,1.1253,0.33721,0.73596,,Mast,UC_vs_HC
DNTTIP2,7.6189,-0.76259,0.43086,-1.7699,0.076737,0.99956,Mast,UC_vs_HC
GCLM,1.1301,-1.1869,1.0535,-1.1266,0.2599,0.99956,Mast,UC_vs_HC
ARHGAP29,0.1174,0.35363,2.3417,0.15102,0.87996,,Mast,UC_vs_HC
ABCD3,0.99323,-0.19349,1.0397,-0.1861,0.85237,,Mast,UC_vs_HC
F3,0.059765,0.024139,4.0722,0.0059277,0.99527,,Mast,UC_vs_HC
CNN3,0.018728,0.70632,4.1361,0.17077,0.86441,,Mast,UC_vs_HC
ALG14,0.42046,-0.22975,1.4119,-0.16272,0.87074,,Mast,UC_vs_HC
TMEM56,0.080345,1.1224,3.1892,0.35194,0.72488,,Mast,UC_vs_HC
TMEM56-RWDD3,0.026237,0.024139,4.0722,0.0059277,0.99527,,Mast,UC_vs_HC
RWDD3,0.13612,0.16814,1.9085,0.088098,0.9298,,Mast,UC_vs_HC
PTBP2,0.83743,0.79961,1.3501,0.59227,0.55367,,Mast,UC_vs_HC
DPYD,0.96135,-0.025494,1.0021,-0.02544,0.9797,,Mast,UC_vs_HC
FRRS1,0.039522,0.59268,4.1488,0.14286,0.8864,,Mast,UC_vs_HC
AGL,0.60876,2.4674,1.342,1.8386,0.065976,,Mast,UC_vs_HC
AC118553.1,0.077101,0.071944,3.5089,0.020503,0.98364,,Mast,UC_vs_HC
SLC35A3,0.87481,-0.053083,0.9148,-0.058027,0.95373,,Mast,UC_vs_HC
AC118553.2,0.24319,1.9715,2.7853,0.70782,0.47906,,Mast,UC_vs_HC
MFSD14A,0.104,0.55609,3.423,0.16245,0.87095,,Mast,UC_vs_HC
SASS6,0.29324,0.44125,1.3244,0.33317,0.739,,Mast,UC_vs_HC
TRMT13,0.92333,-1.3424,1.2043,-1.1147,0.26497,,Mast,UC_vs_HC
DBT,0.83293,0.38834,1.1471,0.33854,0.73495,,Mast,UC_vs_HC
RTCA-AS1,0.018728,0.70632,4.1361,0.17077,0.86441,,Mast,UC_vs_HC
RTCA,2.5597,-0.50416,0.65223,-0.77298,0.43953,0.99956,Mast,UC_vs_HC
CDC14A,2.0209,0.96611,0.75022,1.2878,0.19782,0.99956,Mast,UC_vs_HC
LINC01349,0.0134,0.3681,4.0861,0.090086,0.92822,,Mast,UC_vs_HC
VCAM1,0.024934,1.088,4.0829,0.26647,0.78988,,Mast,UC_vs_HC
EXTL2,0.60559,-0.88594,1.0489,-0.8446,0.39833,,Mast,UC_vs_HC
AC104506.1,0.15022,0.43996,3.5243,0.12483,0.90065,,Mast,UC_vs_HC
SLC30A7,3.1314,-0.19607,0.69973,-0.2802,0.77932,0.99956,Mast,UC_vs_HC
DPH5,1.2281,1.5724,0.88992,1.7669,0.077243,0.99956,Mast,UC_vs_HC
AC093157.1,0.55581,1.354,1.2696,1.0665,0.28622,,Mast,UC_vs_HC
S1PR1,1.6313,0.008339,1.0615,0.007856,0.99373,0.99956,Mast,UC_vs_HC
RNPC3,1.5642,1.216,0.89534,1.3581,0.17442,0.99956,Mast,UC_vs_HC
AMY2B,0.039745,0.81098,2.9497,0.27494,0.78337,,Mast,UC_vs_HC
PRMT6,0.16124,2.2939,3.4261,0.66953,0.50316,,Mast,UC_vs_HC
VAV3,1.577,0.70544,1.2196,0.57844,0.56297,0.99956,Mast,UC_vs_HC
VAV3-AS1,0.039522,0.59268,4.1488,0.14286,0.8864,,Mast,UC_vs_HC
SLC25A24,1.9126,0.0019761,0.98608,0.002004,0.9984,0.99996,Mast,UC_vs_HC
AL359258.2,0.026346,1.1367,4.0708,0.27924,0.78006,,Mast,UC_vs_HC
FAM102B,1.1588,0.83501,0.88214,0.94658,0.34385,0.99956,Mast,UC_vs_HC
HENMT1,0.16617,1.0638,2.4172,0.44012,0.65985,,Mast,UC_vs_HC
PRPF38B,7.3278,0.49915,0.47742,1.0455,0.29578,0.99956,Mast,UC_vs_HC
STXBP3,3.8091,0.10569,0.59948,0.17631,0.86005,0.99956,Mast,UC_vs_HC
AL449266.1,0.037578,0.16073,4.0541,0.039647,0.96837,,Mast,UC_vs_HC
GPSM2,0.7049,-1.2135,1.1265,-1.0772,0.28139,,Mast,UC_vs_HC
CLCC1,0.91693,-0.58703,0.95507,-0.61465,0.53878,,Mast,UC_vs_HC
WDR47,0.8238,-0.71299,1.1149,-0.63952,0.52248,,Mast,UC_vs_HC
TAF13,3.1188,0.0060367,0.55492,0.010878,0.99132,0.99956,Mast,UC_vs_HC
AL356488.3,0.22931,-0.96813,2.1695,-0.44624,0.65543,,Mast,UC_vs_HC
TMEM167B,3.3023,-0.57767,0.61284,-0.94262,0.34587,0.99956,Mast,UC_vs_HC
AL356488.2,0.35243,1.2771,4.0536,0.31506,0.75272,,Mast,UC_vs_HC
KIAA1324,0.3129,1.3326,4.0556,0.32858,0.74247,,Mast,UC_vs_HC
SARS,4.8811,0.26794,0.47679,0.56196,0.57414,0.99956,Mast,UC_vs_HC
CELSR2,0.13053,1.3275,2.1854,0.60743,0.54357,,Mast,UC_vs_HC
PSRC1,0.0268,0.16572,4.0548,0.040869,0.9674,,Mast,UC_vs_HC
SORT1,0.50777,-1.1805,1.3795,-0.85573,0.39215,,Mast,UC_vs_HC
PSMA5,9.29,0.62301,0.33101,1.8821,0.059817,0.98721,Mast,UC_vs_HC
SYPL2,0.0134,0.3681,4.0861,0.090086,0.92822,,Mast,UC_vs_HC
ATXN7L2,0.064474,0.59268,4.1488,0.14286,0.8864,,Mast,UC_vs_HC
CYB561D1,0.20272,1.0773,2.7654,0.38955,0.69687,,Mast,UC_vs_HC
AMIGO1,0.026346,1.1367,4.0708,0.27924,0.78006,,Mast,UC_vs_HC
GNAI3,11.042,-0.021317,0.39742,-0.053639,0.95722,0.99956,Mast,UC_vs_HC
AMPD2,0.78192,1.4947,1.469,1.0175,0.30891,,Mast,UC_vs_HC
GSTM4,0.72466,2.0538,1.3242,1.5509,0.12092,,Mast,UC_vs_HC
GSTM2,0.1714,1.3455,1.8665,0.7209,0.47097,,Mast,UC_vs_HC
GSTM1,0.18815,0.51636,2.0435,0.25269,0.80051,,Mast,UC_vs_HC
GSTM5,0.58806,-0.38311,3.1569,-0.12136,0.90341,,Mast,UC_vs_HC
GSTM3,2.3571,-1.3676,1.0537,-1.2979,0.19434,0.99956,Mast,UC_vs_HC
EPS8L3,0.018728,0.70632,4.1361,0.17077,0.86441,,Mast,UC_vs_HC
AL450468.2,0.08253,1.2387,3.4364,0.36047,0.7185,,Mast,UC_vs_HC
CSF1,36.732,0.36659,0.3189,1.1495,0.25033,0.99956,Mast,UC_vs_HC
AHCYL1,6.873,-0.67859,0.48799,-1.3906,0.16435,0.99956,Mast,UC_vs_HC
STRIP1,0.617,-0.38482,1.0933,-0.35197,0.72486,,Mast,UC_vs_HC
AL160006.1,0.2295,0.58544,2.9682,0.19724,0.84364,,Mast,UC_vs_HC
ALX3,0.0134,0.3681,4.0861,0.090086,0.92822,,Mast,UC_vs_HC
KCNC4,0.20893,1.8654,2.5408,0.7342,0.46283,,Mast,UC_vs_HC
RBM15,1.0357,0.27655,0.96196,0.28749,0.77374,,Mast,UC_vs_HC
SLC16A4,0.29466,-0.47882,1.5224,-0.31452,0.75313,,Mast,UC_vs_HC
LAMTOR5,17.474,-0.022387,0.30985,-0.072252,0.9424,0.99956,Mast,UC_vs_HC
PROK1,0.018728,0.70632,4.1361,0.17077,0.86441,,Mast,UC_vs_HC
AL365361.1,0.12679,1.0601,1.9466,0.54457,0.58605,,Mast,UC_vs_HC
KCNA3,0.068023,1.6105,3.0061,0.53574,0.59214,,Mast,UC_vs_HC
CD53,9.9663,0.061652,0.31769,0.19406,0.84613,0.99956,Mast,UC_vs_HC
AL360270.1,0.075058,1.3326,4.0556,0.32858,0.74247,,Mast,UC_vs_HC
LRIF1,1.2675,-0.82416,1.0597,-0.77776,0.43671,0.99956,Mast,UC_vs_HC
DRAM2,2.2952,0.11929,0.72676,0.16414,0.86962,0.99956,Mast,UC_vs_HC
CEPT1,0.98849,-0.164,0.96604,-0.16976,0.8652,,Mast,UC_vs_HC
AL355816.2,0.086596,0.64256,3.4478,0.18637,0.85216,,Mast,UC_vs_HC
DENND2D,0.99245,0.096277,1.0811,0.089054,0.92904,,Mast,UC_vs_HC
CHI3L2,0.11235,-0.076604,2.1723,-0.035264,0.97187,,Mast,UC_vs_HC
PIFO,0.026346,1.1367,4.0708,0.27924,0.78006,,Mast,UC_vs_HC
WDR77,0.87236,-0.98904,0.91477,-1.0812,0.27962,,Mast,UC_vs_HC
ATP5PB,10.607,0.60619,0.3791,1.599,0.10981,0.99956,Mast,UC_vs_HC
C1orf162,9.9148,0.64717,0.40913,1.5818,0.11369,0.99956,Mast,UC_vs_HC
TMIGD3,0.33043,0.58255,2.3763,0.24515,0.80634,,Mast,UC_vs_HC
ADORA3,0.1965,0.46114,1.4219,0.32431,0.74571,,Mast,UC_vs_HC
RAP1A,7.7372,-0.41882,0.45664,-0.91718,0.35905,0.99956,Mast,UC_vs_HC
DDX20,0.56423,0.32236,1.2219,0.26382,0.79192,,Mast,UC_vs_HC
KCND3,0.032128,0.40025,2.7752,0.14423,0.88532,,Mast,UC_vs_HC
CTTNBP2NL,0.97766,-0.6556,0.87939,-0.74552,0.45596,,Mast,UC_vs_HC
WNT2B,0.09464,0.40399,1.6665,0.24241,0.80846,,Mast,UC_vs_HC
ST7L,0.74495,-0.27905,1.1028,-0.25304,0.80024,,Mast,UC_vs_HC
CAPZA1,7.5087,0.60922,0.39305,1.55,0.12114,0.99956,Mast,UC_vs_HC
MOV10,0.51696,0.84174,1.1417,0.73729,0.46095,,Mast,UC_vs_HC
RHOC,4.0598,-0.1063,0.61462,-0.17296,0.86268,0.99956,Mast,UC_vs_HC
SLC16A1,0.039637,-0.23575,2.975,-0.079243,0.93684,,Mast,UC_vs_HC
SLC16A1-AS1,0.29242,-0.26209,1.4525,-0.18044,0.85681,,Mast,UC_vs_HC
AL357055.3,0.018728,0.70632,4.1361,0.17077,0.86441,,Mast,UC_vs_HC
LRIG2,0.31321,1.1629,1.4247,0.81624,0.41436,,Mast,UC_vs_HC
MAGI3,0.87233,-0.91068,1.1823,-0.77024,0.44116,,Mast,UC_vs_HC
PHTF1,1.6899,-0.24877,0.75752,-0.3284,0.74261,0.99956,Mast,UC_vs_HC
RSBN1,3.3572,0.21245,0.74096,0.28672,0.77433,0.99956,Mast,UC_vs_HC
PTPN22,3.4482,0.053981,0.64366,0.083865,0.93316,0.99956,Mast,UC_vs_HC
AP4B1-AS1,0.064474,0.59268,4.1488,0.14286,0.8864,,Mast,UC_vs_HC
AP4B1,0.80464,0.025461,1.1371,0.022391,0.98214,,Mast,UC_vs_HC
DCLRE1B,0.071765,-0.40885,1.9685,-0.20769,0.83547,,Mast,UC_vs_HC
HIPK1-AS1,0.11629,-1.0497,3.5074,-0.29929,0.76472,,Mast,UC_vs_HC
HIPK1,7.8746,0.39553,0.37262,1.0615,0.28848,0.99956,Mast,UC_vs_HC
TRIM33,3.7665,0.25305,0.68325,0.37037,0.71111,0.99956,Mast,UC_vs_HC
BCAS2,20.201,-0.063229,0.33224,-0.19031,0.84906,0.99956,Mast,UC_vs_HC
DENND2C,0.12258,1.1793,2.114,0.55787,0.57694,,Mast,UC_vs_HC
AMPD1,0.0268,0.16572,4.0548,0.040869,0.9674,,Mast,UC_vs_HC
NRAS,1.9027,0.7097,0.66034,1.0748,0.28248,0.99956,Mast,UC_vs_HC
CSDE1,18.961,-0.27551,0.27446,-1.0038,0.31546,0.99956,Mast,UC_vs_HC
SIKE1,1.4844,-0.24594,0.7425,-0.33123,0.74047,0.99956,Mast,UC_vs_HC
TSPAN2,0.13589,1.3585,2.3677,0.57378,0.56612,,Mast,UC_vs_HC
VANGL1,0.24171,1.5341,1.7266,0.88851,0.37427,,Mast,UC_vs_HC
SLC22A15,0.052922,0.24161,3.2428,0.074505,0.94061,,Mast,UC_vs_HC
ATP1A1,4.9117,-0.50061,0.44095,-1.1353,0.25625,0.99956,Mast,UC_vs_HC
AL390066.1,0.10737,0.16073,4.0541,0.039647,0.96837,,Mast,UC_vs_HC
CD58,4.9414,0.3992,0.45668,0.87415,0.38204,0.99956,Mast,UC_vs_HC
IGSF3,0.026346,1.1367,4.0708,0.27924,0.78006,,Mast,UC_vs_HC
CD2,0.43627,1.1246,1.7884,0.62881,0.52947,,Mast,UC_vs_HC
PTGFRN,0.0134,0.3681,4.0861,0.090086,0.92822,,Mast,UC_vs_HC
TTF2,1.4891,0.77568,0.82029,0.94561,0.34435,0.99956,Mast,UC_vs_HC
MAN1A2,1.5965,0.53547,1.0426,0.5136,0.60753,0.99956,Mast,UC_vs_HC
AL157902.1,0.19256,0.067934,4.0636,0.016718,0.98666,,Mast,UC_vs_HC
TENT5C,3.3004,-0.71429,0.6955,-1.027,0.30442,0.99956,Mast,UC_vs_HC
GDAP2,0.91442,-0.49525,0.9969,-0.49679,0.61934,,Mast,UC_vs_HC
WDR3,0.40329,2.146,1.2639,1.698,0.089513,,Mast,UC_vs_HC
WARS2,0.17995,-0.18621,1.6232,-0.11472,0.90867,,Mast,UC_vs_HC
AL359915.2,0.055411,0.73069,4.1338,0.17676,0.8597,,Mast,UC_vs_HC
ZNF697,0.19171,1.1176,1.9186,0.58251,0.56022,,Mast,UC_vs_HC
PHGDH,0.12077,-0.051155,3.397,-0.015059,0.98799,,Mast,UC_vs_HC
HMGCS2,0.086564,-0.45286,3.3533,-0.13505,0.89257,,Mast,UC_vs_HC
REG4,0.059765,0.024139,4.0722,0.0059277,0.99527,,Mast,UC_vs_HC
NOTCH2,1.8643,0.36609,0.8074,0.45342,0.65025,0.99956,Mast,UC_vs_HC
SEC22B,6.3216,0.20967,0.46239,0.45345,0.65022,0.99956,Mast,UC_vs_HC
NBPF26,0.27962,-0.10085,1.6285,-0.061929,0.95062,,Mast,UC_vs_HC
LINC00623,1.9033,0.36368,0.73259,0.49643,0.61959,0.99956,Mast,UC_vs_HC
FAM72B,0.039522,0.59268,4.1488,0.14286,0.8864,,Mast,UC_vs_HC
SRGAP2C,0.5819,0.89483,1.4111,0.63415,0.52598,,Mast,UC_vs_HC
AC239800.3,0.43421,0.3462,1.4804,0.23385,0.8151,,Mast,UC_vs_HC
AC245595.1,0.2486,0.18802,2.8399,0.066207,0.94721,,Mast,UC_vs_HC
NBPF15,0.19512,-0.32451,2.0361,-0.15938,0.87337,,Mast,UC_vs_HC
SRGAP2B,0.60715,-0.44723,1.3329,-0.33553,0.73723,,Mast,UC_vs_HC
AC245014.3,1.0498,-1.0048,1.2293,-0.81741,0.41369,,Mast,UC_vs_HC
AC245014.1,0.0134,0.3681,4.0861,0.090086,0.92822,,Mast,UC_vs_HC
NBPF20,0.10205,0.070466,3.6789,0.019154,0.98472,,Mast,UC_vs_HC
GPR89A,0.10845,-0.37131,2.2594,-0.16434,0.86946,,Mast,UC_vs_HC
PDZK1,0.059765,0.024139,4.0722,0.0059277,0.99527,,Mast,UC_vs_HC
CD160,0.59562,1.1633,3.2223,0.36101,0.71809,,Mast,UC_vs_HC
RNF115,3.6003,0.044923,0.77759,0.057772,0.95393,0.99956,Mast,UC_vs_HC
POLR3C,0.40951,-0.28372,1.3131,-0.21608,0.82893,,Mast,UC_vs_HC
NUDT17,0.065759,0.0046698,3.3277,0.0014033,0.99888,,Mast,UC_vs_HC
PIAS3,0.47461,-1.304,1.3519,-0.96453,0.33478,,Mast,UC_vs_HC
ANKRD35,0.17165,0.019063,1.6198,0.011768,0.99061,,Mast,UC_vs_HC
ITGA10,0.23694,0.78999,2.2121,0.35712,0.721,,Mast,UC_vs_HC
PEX11B,0.60395,-0.020293,0.92693,-0.021893,0.98253,,Mast,UC_vs_HC
RBM8A,43.327,-0.44004,0.25476,-1.7273,0.08412,0.99956,Mast,UC_vs_HC
LIX1L-AS1,0.13797,-0.26011,2.5248,-0.10302,0.91795,,Mast,UC_vs_HC
LIX1L,1.3903,0.59897,0.93734,0.63901,0.52282,0.99956,Mast,UC_vs_HC
POLR3GL,7.9051,-0.11449,0.40959,-0.27954,0.77983,0.99956,Mast,UC_vs_HC
TXNIP,31.616,0.3622,0.54413,0.66564,0.50564,0.99956,Mast,UC_vs_HC
NBPF10,0.13929,1.1859,3.7829,0.31349,0.75391,,Mast,UC_vs_HC
NOTCH2NL,0.68556,0.65724,1.2423,0.52906,0.59676,,Mast,UC_vs_HC
NBPF12,0.13542,0.83146,1.583,0.52524,0.59942,,Mast,UC_vs_HC
PRKAB2,0.61431,0.78253,1.3196,0.59299,0.55319,,Mast,UC_vs_HC
AC242426.2,0.43406,-0.58392,1.1069,-0.52751,0.59784,,Mast,UC_vs_HC
FMO5,0.5911,1.9215,1.2393,1.5505,0.12103,,Mast,UC_vs_HC
CHD1L,1.6898,-0.3072,1.0495,-0.29272,0.76974,0.99956,Mast,UC_vs_HC
BCL9,0.23169,-0.24473,1.4881,-0.16446,0.86937,,Mast,UC_vs_HC
ACP6,0.18104,0.4445,2.0836,0.21333,0.83107,,Mast,UC_vs_HC
GJA5,0.0134,0.3681,4.0861,0.090086,0.92822,,Mast,UC_vs_HC
GPR89B,0.22653,0.86167,1.9674,0.43797,0.66141,,Mast,UC_vs_HC
NBPF11,0.57991,0.41445,1.3877,0.29866,0.7652,,Mast,UC_vs_HC
AC239809.3,0.018728,0.70632,4.1361,0.17077,0.86441,,Mast,UC_vs_HC
AC239803.1,0.037578,0.16073,4.0541,0.039647,0.96837,,Mast,UC_vs_HC
LINC01731,0.14241,0.12183,2.4687,0.04935,0.96064,,Mast,UC_vs_HC
AC245100.6,0.026237,0.024139,4.0722,0.0059277,0.99527,,Mast,UC_vs_HC
AC245100.7,0.026346,1.1367,4.0708,0.27924,0.78006,,Mast,UC_vs_HC
NBPF14,1.2542,0.90738,0.88522,1.025,0.30534,0.99956,Mast,UC_vs_HC
PDE4DIP,1.2577,-0.29832,1.0717,-0.27835,0.78074,0.99956,Mast,UC_vs_HC
NBPF9,1.013,-0.1663,1.3302,-0.12501,0.90051,,Mast,UC_vs_HC
AC245297.3,7.2118,-0.26033,0.41815,-0.62258,0.53356,0.99956,Mast,UC_vs_HC
AC245297.2,0.36888,0.75871,1.3601,0.55783,0.57696,,Mast,UC_vs_HC
NBPF19,0.74483,-0.089993,1.1114,-0.08097,0.93547,,Mast,UC_vs_HC
HIST2H2BF,0.27645,0.34475,2.2407,0.15386,0.87772,,Mast,UC_vs_HC
HIST2H3D,0.018728,0.70632,4.1361,0.17077,0.86441,,Mast,UC_vs_HC
AC239868.3,0.06025,0.16073,4.0541,0.039647,0.96837,,Mast,UC_vs_HC
HIST2H2AA4,0.1949,0.79738,4.1294,0.1931,0.84688,,Mast,UC_vs_HC
AC239868.2,0.052583,0.46401,3.1249,0.14849,0.88196,,Mast,UC_vs_HC
HIST2H2BE,0.26136,0.38326,2.1558,0.17778,0.8589,,Mast,UC_vs_HC
HIST2H2AC,0.36187,-0.10939,1.4899,-0.07342,0.94147,,Mast,UC_vs_HC
BOLA1,0.62415,-0.45763,1.5057,-0.30393,0.76118,,Mast,UC_vs_HC
SV2A,0.2193,-0.49777,2.0388,-0.24415,0.80712,,Mast,UC_vs_HC
SF3B4,2.4552,0.52245,0.51923,1.0062,0.31432,0.99956,Mast,UC_vs_HC
MTMR11,0.038333,0.78366,2.7327,0.28677,0.77429,,Mast,UC_vs_HC
OTUD7B,1.0648,1.1432,1.1972,0.95495,0.3396,,Mast,UC_vs_HC
VPS45,1.0071,2.3565,1.0423,2.2609,0.023764,,Mast,UC_vs_HC
PLEKHO1,0.4374,0.74495,1.2766,0.58355,0.55952,,Mast,UC_vs_HC
ANP32E,9.5877,0.15749,0.40272,0.39107,0.69575,0.99956,Mast,UC_vs_HC
APH1A,4.8904,-0.17083,0.47303,-0.36113,0.718,0.99956,Mast,UC_vs_HC
C1orf54,0.2279,-1.3263,2.1194,-0.62578,0.53146,,Mast,UC_vs_HC
MRPS21,15.689,-0.12007,0.35653,-0.33678,0.73628,0.99956,Mast,UC_vs_HC
PRPF3,1.4296,-0.34949,0.7598,-0.45998,0.64553,0.99956,Mast,UC_vs_HC
RPRD2,1.9047,-0.75206,0.79341,-0.94788,0.34319,0.99956,Mast,UC_vs_HC
TARS2,0.3295,-0.41423,1.3362,-0.31,0.75656,,Mast,UC_vs_HC
ECM1,0.71158,-0.70863,1.5947,-0.44436,0.65678,,Mast,UC_vs_HC
FALEC,0.093786,1.3571,3.1774,0.4271,0.66931,,Mast,UC_vs_HC
ADAMTSL4,1.4507,-0.20901,0.80037,-0.26115,0.79398,0.99956,Mast,UC_vs_HC
MCL1,50.548,-0.5149,0.42541,-1.2104,0.22614,0.99956,Mast,UC_vs_HC
ENSA,16.665,-0.063527,0.29969,-0.21197,0.83213,0.99956,Mast,UC_vs_HC
GOLPH3L,1.0276,0.71944,0.97807,0.73558,0.46199,,Mast,UC_vs_HC
CTSS,5.2177,0.47595,0.4058,1.1729,0.24085,0.99956,Mast,UC_vs_HC
CTSK,0.043089,1.2415,4.0577,0.30596,0.75964,,Mast,UC_vs_HC
ARNT,0.9432,-0.73785,1.0805,-0.68286,0.49469,,Mast,UC_vs_HC
SETDB1,0.76794,-0.012705,0.96921,-0.013109,0.98954,,Mast,UC_vs_HC
CERS2,4.0137,-0.3577,0.50064,-0.71449,0.47492,0.99956,Mast,UC_vs_HC
MINDY1,0.45197,-0.27246,1.8014,-0.15125,0.87978,,Mast,UC_vs_HC
PRUNE1,0.34156,-0.97521,1.4815,-0.65828,0.51036,,Mast,UC_vs_HC
BNIPL,0.10285,0.60091,3.5176,0.17083,0.86436,,Mast,UC_vs_HC
C1orf56,10.475,1.3844,0.55813,2.4805,0.013121,0.72228,Mast,UC_vs_HC
CDC42SE1,13.335,0.51415,0.34144,1.5058,0.13211,0.99956,Mast,UC_vs_HC
MLLT11,0.93909,-0.15498,0.8507,-0.18218,0.85544,,Mast,UC_vs_HC
GABPB2,0.8493,0.80933,1.1238,0.72018,0.47141,,Mast,UC_vs_HC
SEMA6C,0.0134,0.3681,4.0861,0.090086,0.92822,,Mast,UC_vs_HC
TNFAIP8L2,0.69724,-0.72429,1.3344,-0.5428,0.58727,,Mast,UC_vs_HC
SCNM1,2.4149,-0.12421,0.70571,-0.17601,0.86029,0.99956,Mast,UC_vs_HC
VPS72,1.654,-0.42955,0.84111,-0.5107,0.60956,0.99956,Mast,UC_vs_HC
PIP5K1A,2.3513,-0.12575,0.79563,-0.15805,0.87441,0.99956,Mast,UC_vs_HC
PSMD4,7.114,0.41216,0.37394,1.1022,0.27037,0.99956,Mast,UC_vs_HC
AL391069.2,0.27873,0.72845,2.0519,0.35501,0.72258,,Mast,UC_vs_HC
ZNF687,0.41473,0.39568,1.1769,0.33619,0.73672,,Mast,UC_vs_HC
PI4KB,1.4776,-0.46976,0.84883,-0.55342,0.57997,0.99956,Mast,UC_vs_HC
RFX5,1.0115,-0.39112,1.2173,-0.32129,0.74799,,Mast,UC_vs_HC
AL391069.3,0.84005,-1.5019,1.019,-1.4739,0.1405,,Mast,UC_vs_HC
SELENBP1,0.33169,-1.1121,1.1846,-0.93874,0.34786,,Mast,UC_vs_HC
PSMB4,7.5078,0.26386,0.35777,0.73751,0.46081,0.99956,Mast,UC_vs_HC
POGZ,4.0772,0.25139,0.49196,0.511,0.60935,0.99956,Mast,UC_vs_HC
CGN,0.0134,0.3681,4.0861,0.090086,0.92822,,Mast,UC_vs_HC
TUFT1,0.23028,-0.14333,1.4406,-0.099495,0.92075,,Mast,UC_vs_HC
SNX27,1.6236,1.1293,1.0066,1.1219,0.26192,0.99956,Mast,UC_vs_HC
MRPL9,2.5644,-1.1606,0.78693,-1.4748,0.14026,0.99956,Mast,UC_vs_HC
OAZ3,0.10365,1.2415,4.0577,0.30596,0.75964,,Mast,UC_vs_HC
AL589765.4,0.037578,0.16073,4.0541,0.039647,0.96837,,Mast,UC_vs_HC
AL589765.5,0.055411,0.73069,4.1338,0.17676,0.8597,,Mast,UC_vs_HC
TDRKH,0.090501,-0.17291,2.2702,-0.076162,0.93929,,Mast,UC_vs_HC
TDRKH-AS1,0.088458,1.0394,3.1122,0.33397,0.7384,,Mast,UC_vs_HC
RORC,0.074139,0.75588,3.0953,0.24421,0.80707,,Mast,UC_vs_HC
THEM4,0.59836,-0.12924,1.1719,-0.11029,0.91218,,Mast,UC_vs_HC
S100A10,28.05,-0.46576,0.3534,-1.3179,0.18752,0.99956,Mast,UC_vs_HC
S100A11,97.008,0.12103,0.33834,0.35771,0.72056,0.99956,Mast,UC_vs_HC
TCHH,0.052474,-0.39825,4.0401,-0.098575,0.92148,,Mast,UC_vs_HC
S100A9,0.26194,1.5874,1.9541,0.81235,0.41659,,Mast,UC_vs_HC
S100A8,0.18548,1.5183,3.924,0.38693,0.69881,,Mast,UC_vs_HC
S100A6,303.32,-0.23431,0.19268,-1.2161,0.22396,0.99956,Mast,UC_vs_HC
S100A5,0.40393,0.83443,1.6556,0.50401,0.61425,,Mast,UC_vs_HC
S100A4,209.57,-0.13163,0.24507,-0.53713,0.59118,0.99956,Mast,UC_vs_HC
S100A2,0.21154,0.22502,2.825,0.079655,0.93651,,Mast,UC_vs_HC
S100A16,0.20273,1.6191,1.9752,0.81973,0.41237,,Mast,UC_vs_HC
S100A14,0.11536,-0.55616,3.1579,-0.17612,0.8602,,Mast,UC_vs_HC
S100A13,1.1527,0.066193,1.0183,0.065004,0.94817,0.99956,Mast,UC_vs_HC
AL162258.2,0.15907,1.2747,3.8226,0.33347,0.73878,,Mast,UC_vs_HC
CHTOP,3.3599,-0.74997,0.50104,-1.4968,0.13444,0.99956,Mast,UC_vs_HC
SNAPIN,1.4539,-0.40744,0.72557,-0.56155,0.57442,0.99956,Mast,UC_vs_HC
ILF2,13.479,-0.1763,0.41144,-0.4285,0.66829,0.99956,Mast,UC_vs_HC
INTS3,1.1138,-0.072835,0.90925,-0.080104,0.93615,,Mast,UC_vs_HC
SLC27A3,1.0375,0.36562,1.1939,0.30624,0.75942,,Mast,UC_vs_HC
GATAD2B,1.4786,0.58825,0.93135,0.6316,0.52765,0.99956,Mast,UC_vs_HC
AL358472.5,0.17682,0.25414,2.5257,0.10062,0.91985,,Mast,UC_vs_HC
DENND4B,1.2193,-0.4702,0.81717,-0.5754,0.56502,0.99956,Mast,UC_vs_HC
CRTC2,0.90488,1.3886,1.0349,1.3418,0.17966,,Mast,UC_vs_HC
SLC39A1,3.4662,-0.65519,0.55173,-1.1875,0.23503,0.99956,Mast,UC_vs_HC
AL358472.4,0.12238,1.2589,3.5721,0.35244,0.72451,,Mast,UC_vs_HC
CREB3L4,0.56729,0.065849,1.3528,0.048675,0.96118,,Mast,UC_vs_HC
JTB,11.115,1.1316,0.63025,1.7955,0.072568,0.99956,Mast,UC_vs_HC
AL358472.2,0.026346,1.1367,4.0708,0.27924,0.78006,,Mast,UC_vs_HC
RAB13,5.0032,-0.20686,0.47045,-0.4397,0.66015,0.99956,Mast,UC_vs_HC
RPS27,468.96,-0.71842,0.27578,-2.605,0.0091861,0.69146,Mast,UC_vs_HC
TPM3,26.207,-0.32259,0.29829,-1.0815,0.27949,0.99956,Mast,UC_vs_HC
C1orf43,6.4517,0.23834,0.38373,0.62109,0.53454,0.99956,Mast,UC_vs_HC
UBAP2L,1.8223,0.28822,0.72575,0.39713,0.69127,0.99956,Mast,UC_vs_HC
HAX1,12.233,-0.13331,0.29976,-0.44472,0.65652,0.99956,Mast,UC_vs_HC
AQP10,0.56992,-0.93809,1.25,-0.75049,0.45296,,Mast,UC_vs_HC
ATP8B2,1.1108,1.9351,1.0144,1.9076,0.056446,,Mast,UC_vs_HC
IL6R-AS1,0.086487,-0.46649,3.4066,-0.13694,0.89108,,Mast,UC_vs_HC
IL6R,4.0482,-0.34195,0.58148,-0.58808,0.55648,0.99956,Mast,UC_vs_HC
SHE,0.52381,-0.079117,1.115,-0.070955,0.94343,,Mast,UC_vs_HC
TDRD10,0.026346,1.1367,4.0708,0.27924,0.78006,,Mast,UC_vs_HC
UBE2Q1,1.178,1.2996,0.92453,1.4057,0.15981,0.99956,Mast,UC_vs_HC
ADAR,5.0681,-0.23345,0.48031,-0.48604,0.62694,0.99956,Mast,UC_vs_HC
KCNN3,0.075058,1.3326,4.0556,0.32858,0.74247,,Mast,UC_vs_HC
PMVK,2.6249,0.65114,0.58409,1.1148,0.26494,0.99956,Mast,UC_vs_HC
AL451085.1,0.024934,1.088,4.0829,0.26647,0.78988,,Mast,UC_vs_HC
PBXIP1,2.7254,-0.091226,0.5421,-0.16828,0.86636,0.99956,Mast,UC_vs_HC
PYGO2,0.40763,1.7421,1.3277,1.3121,0.18948,,Mast,UC_vs_HC
SHC1,1.2613,1.3021,0.91909,1.4167,0.15657,0.99956,Mast,UC_vs_HC
CKS1B,1.9533,0.019745,0.7407,0.026657,0.97873,0.99956,Mast,UC_vs_HC
FLAD1,1.0451,-0.77482,0.92737,-0.83551,0.40343,,Mast,UC_vs_HC
ZBTB7B,0.27363,0.050103,2.1465,0.023342,0.98138,,Mast,UC_vs_HC
ADAM15,0.10934,-0.76009,1.6734,-0.45422,0.64967,,Mast,UC_vs_HC
EFNA4,0.16072,1.2258,1.7831,0.68743,0.49181,,Mast,UC_vs_HC
EFNA3,0.13482,0.70664,3.7516,0.18836,0.8506,,Mast,UC_vs_HC
EFNA1,0.090802,1.4471,2.1672,0.66772,0.50431,,Mast,UC_vs_HC
SLC50A1,2.3392,0.25205,0.64573,0.39033,0.69629,0.99956,Mast,UC_vs_HC
DPM3,6.345,-0.40188,0.51856,-0.77499,0.43834,0.99956,Mast,UC_vs_HC
KRTCAP2,13.59,-0.50647,0.45266,-1.1189,0.26319,0.99956,Mast,UC_vs_HC
MUC1,0.28596,-0.15301,1.9582,-0.078136,0.93772,,Mast,UC_vs_HC
THBS3,0.056489,0.8828,3.1215,0.28281,0.77732,,Mast,UC_vs_HC
MTX1,2.5535,0.17941,0.57096,0.31422,0.75335,0.99956,Mast,UC_vs_HC
GBA,0.18668,1.2798,1.8064,0.70849,0.47864,,Mast,UC_vs_HC
FAM189B,0.21039,-0.21805,1.8576,-0.11739,0.90655,,Mast,UC_vs_HC
SCAMP3,1.1929,-0.70105,1.0066,-0.69643,0.48616,0.99956,Mast,UC_vs_HC
CLK2,0.22282,-0.027655,1.3344,-0.020724,0.98347,,Mast,UC_vs_HC
HCN3,0.026346,1.1367,4.0708,0.27924,0.78006,,Mast,UC_vs_HC
PKLR,0.075058,1.3326,4.0556,0.32858,0.74247,,Mast,UC_vs_HC
FDPS,5.966,-0.59735,0.50452,-1.184,0.23641,0.99956,Mast,UC_vs_HC
RUSC1-AS1,0.25629,0.65399,1.8354,0.35633,0.72159,,Mast,UC_vs_HC
RUSC1,0.60803,-0.17606,0.94329,-0.18664,0.85194,,Mast,UC_vs_HC
ASH1L,6.4018,0.0070627,0.39423,0.017915,0.98571,0.99956,Mast,UC_vs_HC
ASH1L-AS1,0.45626,-0.35815,1.4475,-0.24743,0.80458,,Mast,UC_vs_HC
MSTO1,0.40327,0.13885,1.1708,0.11859,0.9056,,Mast,UC_vs_HC
YY1AP1,2.325,0.7191,0.61635,1.1667,0.24333,0.99956,Mast,UC_vs_HC
DAP3,3.0363,0.1985,0.63472,0.31274,0.75448,0.99956,Mast,UC_vs_HC
GON4L,3.1501,-0.33066,0.56604,-0.58416,0.55911,0.99956,Mast,UC_vs_HC
SYT11,0.94807,-0.78053,1.1125,-0.70159,0.48293,,Mast,UC_vs_HC
RIT1,3.6664,0.55022,0.67844,0.811,0.41737,0.99956,Mast,UC_vs_HC
KHDC4,3.2874,-0.013015,0.68008,-0.019137,0.98473,0.99956,Mast,UC_vs_HC
ARHGEF2,6.0392,-0.26293,0.41495,-0.63364,0.52631,0.99956,Mast,UC_vs_HC
AL355388.2,0.0134,0.3681,4.0861,0.090086,0.92822,,Mast,UC_vs_HC
SSR2,20.624,0.33632,0.30054,1.1191,0.26312,0.99956,Mast,UC_vs_HC
UBQLN4,0.87988,0.8996,1.1358,0.79201,0.42836,,Mast,UC_vs_HC
LAMTOR2,7.5141,1.063,0.4002,2.6562,0.0079017,0.67077,Mast,UC_vs_HC
RAB25,0.15907,1.2747,3.8226,0.33347,0.73878,,Mast,UC_vs_HC
MEX3A,0.065874,-0.59015,3.1911,-0.18494,0.85328,,Mast,UC_vs_HC
LMNA,235.28,-0.95382,0.43969,-2.1693,0.030058,0.89594,Mast,UC_vs_HC
SEMA4A,6.4448,-1.2859,0.63971,-2.0101,0.044418,0.92492,Mast,UC_vs_HC
SLC25A44,5.2534,-1.0723,0.85728,-1.2509,0.21098,0.99956,Mast,UC_vs_HC
PMF1-BGLAP,0.090711,0.003449,3.4876,0.00098893,0.99921,,Mast,UC_vs_HC
PMF1,4.2153,0.080504,0.59866,0.13447,0.89303,0.99956,Mast,UC_vs_HC
BGLAP,0.17443,0.69137,2.3443,0.29492,0.76806,,Mast,UC_vs_HC
PAQR6,0.2725,0.88018,1.3926,0.63202,0.52737,,Mast,UC_vs_HC
SMG5,0.83765,0.54259,1.0127,0.53581,0.59209,,Mast,UC_vs_HC
TMEM79,0.15046,0.70701,3.8219,0.18499,0.85324,,Mast,UC_vs_HC
GLMP,0.8706,-0.34867,0.9587,-0.36369,0.71609,,Mast,UC_vs_HC
CCT3,9.1873,0.078273,0.32312,0.24224,0.80859,0.99956,Mast,UC_vs_HC
C1orf61,0.14619,0.44322,3.5882,0.12352,0.90169,,Mast,UC_vs_HC
AL139412.1,0.0134,0.3681,4.0861,0.090086,0.92822,,Mast,UC_vs_HC
MEF2D,1.4533,0.74256,0.85192,0.87163,0.38341,0.99956,Mast,UC_vs_HC
AL365181.1,0.086596,0.64256,3.4478,0.18637,0.85216,,Mast,UC_vs_HC
NAXE,2.0545,0.18994,0.85784,0.22142,0.82477,0.99956,Mast,UC_vs_HC
GPATCH4,1.92,-0.30196,0.77636,-0.38895,0.69732,0.99956,Mast,UC_vs_HC
BCAN,0.15759,-1.0273,2.4566,-0.41819,0.67581,,Mast,UC_vs_HC
NES,0.0134,0.3681,4.0861,0.090086,0.92822,,Mast,UC_vs_HC
ISG20L2,2.4689,0.99946,0.71062,1.4065,0.15959,0.99956,Mast,UC_vs_HC
RRNAD1,0.77247,-0.29525,1.0535,-0.28024,0.77929,,Mast,UC_vs_HC
MRPL24,1.3395,0.072217,0.68244,0.10582,0.91572,0.99956,Mast,UC_vs_HC
HDGF,1.792,0.24124,0.7823,0.30836,0.7578,0.99956,Mast,UC_vs_HC
PRCC,2.0424,0.25056,0.71006,0.35287,0.72419,0.99956,Mast,UC_vs_HC
SH2D2A,1.1075,1.9215,1.3088,1.4681,0.14208,,Mast,UC_vs_HC
NTRK1,4.4763,0.97804,0.76029,1.2864,0.19831,0.99956,Mast,UC_vs_HC
ARHGEF11,0.087446,0.80594,3.1507,0.2558,0.79811,,Mast,UC_vs_HC
ETV3,3.2413,0.40671,0.72108,0.56403,0.57273,0.99956,Mast,UC_vs_HC
FCRL5,0.23051,1.367,2.9386,0.46516,0.64181,,Mast,UC_vs_HC
FCRL2,0.0134,0.3681,4.0861,0.090086,0.92822,,Mast,UC_vs_HC
FCRL1,0.13047,1.3877,3.4594,0.40114,0.68832,,Mast,UC_vs_HC
CD1D,0.055411,0.73069,4.1338,0.17676,0.8597,,Mast,UC_vs_HC
CD1C,0.080345,1.1224,3.1892,0.35194,0.72488,,Mast,UC_vs_HC
SPTA1,0.026346,1.1367,4.0708,0.27924,0.78006,,Mast,UC_vs_HC
MNDA,1.3206,2.0664,2.4897,0.82997,0.40656,0.99956,Mast,UC_vs_HC
PYHIN1,0.082543,-0.40166,2.1974,-0.18279,0.85496,,Mast,UC_vs_HC
IFI16,4.7477,-0.082827,0.5724,-0.1447,0.88495,0.99956,Mast,UC_vs_HC
AIM2,0.074139,0.75588,3.0953,0.24421,0.80707,,Mast,UC_vs_HC
FCER1A,32.268,0.56148,0.66135,0.84899,0.39589,0.99956,Mast,UC_vs_HC
DUSP23,2.2705,0.1087,1.1764,0.092401,0.92638,0.99956,Mast,UC_vs_HC
AL590560.1,0.026346,1.1367,4.0708,0.27924,0.78006,,Mast,UC_vs_HC
VSIG8,0.0134,0.3681,4.0861,0.090086,0.92822,,Mast,UC_vs_HC
CFAP45,0.024934,1.088,4.0829,0.26647,0.78988,,Mast,UC_vs_HC
TAGLN2,53.092,-0.29668,0.17327,-1.7123,0.08685,0.99956,Mast,UC_vs_HC
LINC01133,0.14619,0.44322,3.5882,0.12352,0.90169,,Mast,UC_vs_HC
PIGM,1.1756,0.52522,1.0454,0.50242,0.61537,0.99956,Mast,UC_vs_HC
IGSF8,0.46819,-0.82504,1.1591,-0.71178,0.4766,,Mast,UC_vs_HC
ATP1A4,0.9581,0.1364,1.155,0.1181,0.90599,,Mast,UC_vs_HC
CASQ1,0.27626,1.1674,2.3731,0.49194,0.62276,,Mast,UC_vs_HC
AL121987.2,0.068023,1.6105,3.0061,0.53574,0.59214,,Mast,UC_vs_HC
PEA15,1.2783,-0.28018,0.92524,-0.30282,0.76203,0.99956,Mast,UC_vs_HC
DCAF8,2.5187,0.29738,0.62272,0.47754,0.63298,0.99956,Mast,UC_vs_HC
AL139011.1,0.099395,0.7163,2.314,0.30955,0.7569,,Mast,UC_vs_HC
PEX19,0.47503,-0.2179,1.6838,-0.12941,0.89703,,Mast,UC_vs_HC
COPA,7.6429,0.2498,0.4231,0.59041,0.55491,0.99956,Mast,UC_vs_HC
NCSTN,1.5954,0.74946,0.71065,1.0546,0.29161,0.99956,Mast,UC_vs_HC
SLAMF6,0.024934,1.088,4.0829,0.26647,0.78988,,Mast,UC_vs_HC
CD84,13.339,0.14093,0.40904,0.34453,0.73044,0.99956,Mast,UC_vs_HC
SLAMF1,0.27673,2.5119,1.6751,1.4996,0.13373,,Mast,UC_vs_HC
AL121985.1,0.0134,0.3681,4.0861,0.090086,0.92822,,Mast,UC_vs_HC
CD48,18.64,1.2222,0.39431,3.0996,0.0019376,0.32441,Mast,UC_vs_HC
SLAMF7,0.57928,-0.22998,1.419,-0.16208,0.87124,,Mast,UC_vs_HC
LY9,0.46976,0.68847,2.9183,0.23592,0.8135,,Mast,UC_vs_HC
CD244,0.46874,2.354,1.7412,1.3519,0.17641,,Mast,UC_vs_HC
ITLN1,0.12947,-0.59806,1.8143,-0.32963,0.74168,,Mast,UC_vs_HC
F11R,0.89463,-1.7493,1.1181,-1.5645,0.11771,,Mast,UC_vs_HC
TSTD1,18.851,-0.48363,0.4032,-1.1995,0.23034,0.99956,Mast,UC_vs_HC
USF1,0.41822,0.69056,1.842,0.37489,0.70774,,Mast,UC_vs_HC
ARHGAP30,2.4692,1.0678,0.7007,1.5239,0.12754,0.99956,Mast,UC_vs_HC
NECTIN4,0.0134,0.3681,4.0861,0.090086,0.92822,,Mast,UC_vs_HC
PFDN2,15,-0.11575,0.27592,-0.4195,0.67485,0.99956,Mast,UC_vs_HC
NIT1,1.0525,0.59418,0.79315,0.74914,0.45377,,Mast,UC_vs_HC
DEDD,0.95405,1.5042,1.1615,1.295,0.19531,,Mast,UC_vs_HC
UFC1,14.114,-0.058755,0.28416,-0.20677,0.83619,0.99956,Mast,UC_vs_HC
AL590714.1,0.037578,0.16073,4.0541,0.039647,0.96837,,Mast,UC_vs_HC
USP21,0.47125,0.18389,2.078,0.088496,0.92948,,Mast,UC_vs_HC
PPOX,0.58425,0.2036,1.1896,0.17115,0.86411,,Mast,UC_vs_HC
B4GALT3,0.78742,-0.20435,0.91765,-0.22269,0.82377,,Mast,UC_vs_HC
ADAMTS4,0.037578,0.16073,4.0541,0.039647,0.96837,,Mast,UC_vs_HC
NDUFS2,5.551,-0.093937,0.45153,-0.20804,0.83519,0.99956,Mast,UC_vs_HC
FCER1G,103.68,0.50892,0.31567,1.6122,0.10692,0.99956,Mast,UC_vs_HC
TOMM40L,0.42037,0.99756,1.7899,0.55732,0.57731,,Mast,UC_vs_HC
NR1I3,0.078928,0.77486,3.2615,0.23758,0.81221,,Mast,UC_vs_HC
MPZ,0.10365,1.2415,4.0577,0.30596,0.75964,,Mast,UC_vs_HC
SDHC,4.6653,0.28899,0.43578,0.66315,0.50723,0.99956,Mast,UC_vs_HC
AL592295.4,0.16342,0.60218,3.7935,0.15874,0.87387,,Mast,UC_vs_HC
FCGR2A,1.1938,1.2016,1.0197,1.1784,0.23865,0.99956,Mast,UC_vs_HC
HSPA6,0.080399,-0.3372,3.9922,-0.084465,0.93269,,Mast,UC_vs_HC
FCGR2B,1.6701,3.6763,2.0842,1.7639,0.077743,0.99956,Mast,UC_vs_HC
FCRLA,0.043089,1.2415,4.0577,0.30596,0.75964,,Mast,UC_vs_HC
FCRLB,0.18316,0.41401,1.7536,0.2361,0.81336,,Mast,UC_vs_HC
DUSP12,2.2511,-0.64357,0.75889,-0.84804,0.39642,0.99956,Mast,UC_vs_HC
AL359541.1,0.11861,-0.59095,1.7802,-0.33196,0.73992,,Mast,UC_vs_HC
ATF6,2.3347,0.73698,0.57424,1.2834,0.19935,0.99956,Mast,UC_vs_HC
NOS1AP,0.038333,0.78366,2.7327,0.28677,0.77429,,Mast,UC_vs_HC
C1orf226,0.57119,2.1558,2.3541,0.9158,0.35977,,Mast,UC_vs_HC
UHMK1,2.0177,0.88975,0.8827,1.008,0.31346,0.99956,Mast,UC_vs_HC
AL596325.1,0.037578,0.16073,4.0541,0.039647,0.96837,,Mast,UC_vs_HC
UAP1,2.7773,-0.6649,0.79149,-0.84005,0.40088,0.99956,Mast,UC_vs_HC
DDR2,0.16533,1.5498,2.3668,0.6548,0.5126,,Mast,UC_vs_HC
HSD17B7,0.70994,0.096434,1.1139,0.086573,0.93101,,Mast,UC_vs_HC
RGS5,0.06025,0.16073,4.0541,0.039647,0.96837,,Mast,UC_vs_HC
NUF2,0.42054,-0.11697,1.8344,-0.063767,0.94916,,Mast,UC_vs_HC
PBX1,7.4148,0.073014,0.42679,0.17108,0.86416,0.99956,Mast,UC_vs_HC
AL357568.1,0.13719,0.8742,2.3945,0.36508,0.71505,,Mast,UC_vs_HC
MGST3,10.743,-0.1085,0.43694,-0.24831,0.80389,0.99956,Mast,UC_vs_HC
ALDH9A1,1.6319,0.1255,0.67445,0.18608,0.85238,0.99956,Mast,UC_vs_HC
TMCO1,8.3466,-0.85703,0.4153,-2.0637,0.03905,0.90299,Mast,UC_vs_HC
AL451074.2,0.14557,0.0915,1.9585,0.046721,0.96274,,Mast,UC_vs_HC
UCK2,0.059765,0.024139,4.0722,0.0059277,0.99527,,Mast,UC_vs_HC
LINC01675,0.0134,0.3681,4.0861,0.090086,0.92822,,Mast,UC_vs_HC
POGK,1.4126,1.2233,0.84133,1.454,0.14594,0.99956,Mast,UC_vs_HC
TADA1,0.13886,1.8012,2.2641,0.79555,0.4263,,Mast,UC_vs_HC
GPA33,0.21803,-1.3286,1.8414,-0.72153,0.47059,,Mast,UC_vs_HC
AL451050.2,0.086564,-0.45286,3.3533,-0.13505,0.89257,,Mast,UC_vs_HC
POU2F1,1.638,-0.72324,0.93542,-0.77317,0.43942,0.99956,Mast,UC_vs_HC
CD247,0.14619,0.44322,3.5882,0.12352,0.90169,,Mast,UC_vs_HC
CREG1,1.8115,-1.3185,0.80285,-1.6423,0.10053,0.99956,Mast,UC_vs_HC
RCSD1,1.4331,-0.16463,0.85412,-0.19275,0.84715,0.99956,Mast,UC_vs_HC
MPZL1,0.19502,-0.016929,1.4951,-0.011323,0.99097,,Mast,UC_vs_HC
ADCY10,0.0134,0.3681,4.0861,0.090086,0.92822,,Mast,UC_vs_HC
MPC2,10.629,-0.27535,0.54799,-0.50247,0.61534,0.99956,Mast,UC_vs_HC
DCAF6,1.4977,0.50025,0.78313,0.63878,0.52296,0.99956,Mast,UC_vs_HC
GPR161,0.12661,-0.40933,2.5037,-0.16349,0.87013,,Mast,UC_vs_HC
TIPRL,9.2291,-0.032407,0.39167,-0.08274,0.93406,0.99956,Mast,UC_vs_HC
SFT2D2,2.8305,0.25002,0.72219,0.34619,0.7292,0.99956,Mast,UC_vs_HC
TBX19,0.0134,0.3681,4.0861,0.090086,0.92822,,Mast,UC_vs_HC
XCL2,0.056184,0.74969,4.1322,0.18142,0.85603,,Mast,UC_vs_HC
XCL1,0.89139,2.411,4.0004,0.60269,0.54672,,Mast,UC_vs_HC
LINC00970,0.026237,0.024139,4.0722,0.0059277,0.99527,,Mast,UC_vs_HC
ATP1B1,5.4807,-1.2333,0.66524,-1.854,0.063742,0.99048,Mast,UC_vs_HC
NME7,1.3981,-0.58141,0.82551,-0.70431,0.48124,0.99956,Mast,UC_vs_HC
BLZF1,1.4472,-0.68774,0.83756,-0.82112,0.41158,0.99956,Mast,UC_vs_HC
SLC19A2,0.3521,-1.067,1.3141,-0.81202,0.41678,,Mast,UC_vs_HC
AL021068.1,0.073164,-0.23944,3.3159,-0.07221,0.94244,,Mast,UC_vs_HC
C1orf112,0.29053,0.48429,1.7981,0.26934,0.78767,,Mast,UC_vs_HC
SELL,1.5034,2.4491,1.4348,1.7069,0.08784,0.99956,Mast,UC_vs_HC
METTL18,0.36122,0.50045,1.4486,0.34548,0.72973,,Mast,UC_vs_HC
SCYL3,0.40817,0.848,1.4841,0.5714,0.56773,,Mast,UC_vs_HC
KIFAP3,1.9329,-0.97179,0.75982,-1.279,0.20091,0.99956,Mast,UC_vs_HC
GORAB,0.33144,0.86531,1.2934,0.66901,0.50349,,Mast,UC_vs_HC
FMO4,0.13279,0.73069,4.1338,0.17676,0.8597,,Mast,UC_vs_HC
PRRC2C,21.65,-0.025661,0.32544,-0.078849,0.93715,0.99956,Mast,UC_vs_HC
VAMP4,1.4046,0.038351,0.80624,0.047567,0.96206,0.99956,Mast,UC_vs_HC
METTL13,0.49484,0.34975,1.1518,0.30364,0.7614,,Mast,UC_vs_HC
DNM3,0.13195,1.4037,1.7212,0.81552,0.41477,,Mast,UC_vs_HC
DNM3OS,0.026237,0.024139,4.0722,0.0059277,0.99527,,Mast,UC_vs_HC
PIGC,2.2136,-0.093302,0.61878,-0.15078,0.88015,0.99956,Mast,UC_vs_HC
SUCO,2.2413,0.6075,0.88433,0.68696,0.49211,0.99956,Mast,UC_vs_HC
FASLG,0.22788,1.0585,2.0836,0.50802,0.61144,,Mast,UC_vs_HC
TNFSF4,0.12425,0.24585,3.5282,0.06968,0.94445,,Mast,UC_vs_HC
AL645568.1,0.31699,0.068834,1.4036,0.049041,0.96089,,Mast,UC_vs_HC
PRDX6,32.68,-0.67833,0.23947,-2.8327,0.0046162,0.56926,Mast,UC_vs_HC
KLHL20,0.9598,0.56538,0.99021,0.57096,0.56802,,Mast,UC_vs_HC
CENPL,0.16069,0.014533,2.5547,0.0056888,0.99546,,Mast,UC_vs_HC
DARS2,0.17556,0.35584,1.6415,0.21678,0.82838,,Mast,UC_vs_HC
ZBTB37,0.77253,0.50546,1.1369,0.44459,0.65661,,Mast,UC_vs_HC
RC3H1,2.3268,0.74132,0.70245,1.0553,0.29127,0.99956,Mast,UC_vs_HC
RABGAP1L,1.4147,0.36565,0.87605,0.41738,0.6764,0.99956,Mast,UC_vs_HC
CACYBP,5.8475,-0.51937,0.57161,-0.9086,0.36356,0.99956,Mast,UC_vs_HC
MRPS14,3.1641,1.6788,0.70326,2.3871,0.016981,0.72906,Mast,UC_vs_HC
KIAA0040,1.1363,1.073,0.80807,1.3279,0.18421,0.99956,Mast,UC_vs_HC
TNR,0.055411,0.73069,4.1338,0.17676,0.8597,,Mast,UC_vs_HC
COP1,1.1287,0.67408,0.93078,0.72421,0.46894,0.99956,Mast,UC_vs_HC
AL590723.1,0.064679,1.1546,1.8847,0.61261,0.54014,,Mast,UC_vs_HC
SEC16B,0.032128,0.40025,2.7752,0.14423,0.88532,,Mast,UC_vs_HC
RASAL2,0.26929,0.73812,1.824,0.40468,0.68571,,Mast,UC_vs_HC
C1orf220,0.037578,0.16073,4.0541,0.039647,0.96837,,Mast,UC_vs_HC
RALGPS2,1.284,1.4007,1.1619,1.2055,0.22801,0.99956,Mast,UC_vs_HC
FAM20B,1.0224,0.16131,0.93016,0.17342,0.86232,,Mast,UC_vs_HC
TOR3A,0.443,-0.29107,1.7443,-0.16687,0.86747,,Mast,UC_vs_HC
ABL2,1.5844,-0.61983,0.85863,-0.72188,0.47037,0.99956,Mast,UC_vs_HC
SOAT1,1.189,1.389,0.92002,1.5097,0.13111,0.99956,Mast,UC_vs_HC
TOR1AIP2,4.4021,0.22191,0.62131,0.35716,0.72098,0.99956,Mast,UC_vs_HC
AL353708.3,0.11074,-0.68973,2.1877,-0.31528,0.75255,,Mast,UC_vs_HC
TOR1AIP1,1.7854,0.076889,0.67424,0.11404,0.90921,0.99956,Mast,UC_vs_HC
CEP350,3.3936,0.65322,0.69113,0.94515,0.34458,0.99956,Mast,UC_vs_HC
QSOX1,1.0128,0.17239,1.1983,0.14386,0.88561,,Mast,UC_vs_HC
LHX4,0.074139,0.75588,3.0953,0.24421,0.80707,,Mast,UC_vs_HC
ACBD6,3.6083,-0.31763,0.59094,-0.53751,0.59092,0.99956,Mast,UC_vs_HC
XPR1,0.36126,-1.5866,1.4982,-1.059,0.28961,,Mast,UC_vs_HC
KIAA1614,0.15038,-1.251,1.6674,-0.75028,0.45308,,Mast,UC_vs_HC
STX6,0.69146,-0.3924,1.14,-0.3442,0.7307,,Mast,UC_vs_HC
MR1,1.6701,1.1086,0.88373,1.2544,0.20969,0.99956,Mast,UC_vs_HC
IER5,10.037,-0.8528,0.47875,-1.7813,0.074864,0.99956,Mast,UC_vs_HC
AL355482.1,0.051279,1.4865,2.8551,0.52065,0.60261,,Mast,UC_vs_HC
GLUL,137.82,-0.34717,0.32319,-1.0742,0.28274,0.99956,Mast,UC_vs_HC
RNASEL,0.73086,0.73934,0.94432,0.78293,0.43367,,Mast,UC_vs_HC
RGS16,3.4391,-2.514,1.1635,-2.1608,0.030711,0.89594,Mast,UC_vs_HC
LINC01686,0.097449,0.73069,4.1338,0.17676,0.8597,,Mast,UC_vs_HC
NPL,0.024934,1.088,4.0829,0.26647,0.78988,,Mast,UC_vs_HC
DHX9,4.0686,-0.12361,0.60489,-0.20435,0.83808,0.99956,Mast,UC_vs_HC
LAMC1,0.038333,0.78366,2.7327,0.28677,0.77429,,Mast,UC_vs_HC
LAMC2,0.037578,0.16073,4.0541,0.039647,0.96837,,Mast,UC_vs_HC
SMG7,1.3038,0.47489,1.1419,0.41587,0.67751,0.99956,Mast,UC_vs_HC
NCF2,0.45256,1.5621,1.6231,0.9624,0.33585,,Mast,UC_vs_HC
ARPC5,24.273,0.36723,0.26404,1.3908,0.16428,0.99956,Mast,UC_vs_HC
COLGALT2,0.055411,0.73069,4.1338,0.17676,0.8597,,Mast,UC_vs_HC
TSEN15,0.84115,0.61026,1.1351,0.53765,0.59082,,Mast,UC_vs_HC
AL445228.2,0.064474,0.59268,4.1488,0.14286,0.8864,,Mast,UC_vs_HC
C1orf21,1.6727,0.35207,0.92692,0.37983,0.70407,0.99956,Mast,UC_vs_HC
EDEM3,1.3943,-0.43106,0.79153,-0.54459,0.58603,0.99956,Mast,UC_vs_HC
FAM129A,0.89275,2.5441,1.3337,1.9075,0.05645,,Mast,UC_vs_HC
RNF2,1.1295,-1.0097,0.82483,-1.2242,0.22089,0.99956,Mast,UC_vs_HC
TRMT1L,0.62633,0.47416,1.0408,0.45555,0.64871,,Mast,UC_vs_HC
SWT1,0.18988,0.39707,1.9036,0.20859,0.83477,,Mast,UC_vs_HC
IVNS1ABP,4.6369,0.37206,0.51782,0.71851,0.47244,0.99956,Mast,UC_vs_HC
TPR,8.5212,0.27592,0.39397,0.70036,0.4837,0.99956,Mast,UC_vs_HC
ODR4,1.588,-0.49871,0.85912,-0.58049,0.56158,0.99956,Mast,UC_vs_HC
OCLM,0.3263,1.0549,3.8138,0.27659,0.78209,,Mast,UC_vs_HC
PTGS2,24.781,0.20483,0.39884,0.51356,0.60756,0.99956,Mast,UC_vs_HC
PACERR,0.81325,-0.47474,1.0467,-0.45355,0.65015,,Mast,UC_vs_HC
PLA2G4A,1.453,0.45356,0.9309,0.48723,0.6261,0.99956,Mast,UC_vs_HC
RGS18,0.69824,0.91338,2.0232,0.45146,0.65166,,Mast,UC_vs_HC
AL390957.1,2.4995,0.6514,0.70848,0.91943,0.35787,0.99956,Mast,UC_vs_HC
AL136987.1,0.52253,-1.6422,1.438,-1.142,0.25345,,Mast,UC_vs_HC
RGS1,76.426,-0.35543,0.5469,-0.64991,0.51575,0.99956,Mast,UC_vs_HC
RGS13,23.513,-0.37401,0.46971,-0.79626,0.42588,0.99956,Mast,UC_vs_HC
AL136454.1,0.68007,0.63981,1.5541,0.41169,0.68056,,Mast,UC_vs_HC
RGS2,44.812,0.097692,0.54229,0.18015,0.85704,0.99956,Mast,UC_vs_HC
UCHL5,3.1718,-0.12326,0.51735,-0.23825,0.81168,0.99956,Mast,UC_vs_HC
TROVE2,6.1971,-0.060273,0.43425,-0.1388,0.88961,0.99956,Mast,UC_vs_HC
GLRX2,3.5365,0.87341,0.68986,1.2661,0.20549,0.99956,Mast,UC_vs_HC
CDC73,3.6201,-1.2138,0.56732,-2.1395,0.032396,0.89594,Mast,UC_vs_HC
CFH,0.037578,0.16073,4.0541,0.039647,0.96837,,Mast,UC_vs_HC
ASPM,0.37761,0.47977,2.514,0.19084,0.84865,,Mast,UC_vs_HC
ZBTB41,0.70657,1.6194,1.0287,1.5742,0.11544,,Mast,UC_vs_HC
CRB1,0.13371,0.64227,3.7185,0.17272,0.86287,,Mast,UC_vs_HC
DENND1B,5.5411,0.42949,0.50203,0.85551,0.39227,0.99956,Mast,UC_vs_HC
AL365258.1,0.13279,0.73069,4.1338,0.17676,0.8597,,Mast,UC_vs_HC
C1orf53,0.0134,0.3681,4.0861,0.090086,0.92822,,Mast,UC_vs_HC
NEK7,0.99316,0.72257,1.0069,0.71765,0.47297,,Mast,UC_vs_HC
PTPRC,23.547,0.99766,0.37889,2.6332,0.0084597,0.67168,Mast,UC_vs_HC
MIR181A1HG,0.73873,2.5296,1.354,1.8682,0.06173,,Mast,UC_vs_HC
NR5A2,0.37001,0.81754,1.1809,0.69231,0.48874,,Mast,UC_vs_HC
AC104461.1,0.059765,0.024139,4.0722,0.0059277,0.99527,,Mast,UC_vs_HC
ZNF281,2.969,0.41413,0.5755,0.71959,0.47178,0.99956,Mast,UC_vs_HC
DDX59,1.1748,-1.5834,0.93613,-1.6915,0.090751,0.99956,Mast,UC_vs_HC
CAMSAP2,0.17869,0.73722,2.665,0.27663,0.78206,,Mast,UC_vs_HC
KIF21B,0.61746,1.6154,1.7754,0.90989,0.36288,,Mast,UC_vs_HC
AL358473.1,0.043089,1.2415,4.0577,0.30596,0.75964,,Mast,UC_vs_HC
TMEM9,1.1349,-0.43901,0.92905,-0.47254,0.63654,0.99956,Mast,UC_vs_HC
LAD1,0.026237,0.024139,4.0722,0.0059277,0.99527,,Mast,UC_vs_HC
CSRP1,1.8883,0.22636,0.63969,0.35386,0.72345,0.99956,Mast,UC_vs_HC
AC096677.1,0.088858,1.0046,2.0848,0.48187,0.6299,,Mast,UC_vs_HC
NAV1,2.1321,0.070027,0.77614,0.090226,0.92811,0.99956,Mast,UC_vs_HC
IPO9-AS1,0.073164,-0.23944,3.3159,-0.07221,0.94244,,Mast,UC_vs_HC
IPO9,0.7861,0.42644,0.88004,0.48457,0.62798,,Mast,UC_vs_HC
SHISA4,0.23394,1.9432,2.5184,0.77161,0.44035,,Mast,UC_vs_HC
AL513217.1,0.06025,0.16073,4.0541,0.039647,0.96837,,Mast,UC_vs_HC
TIMM17A,5.3092,0.12176,0.4151,0.29332,0.76927,0.99956,Mast,UC_vs_HC
RNPEP,1.3206,0.22328,1.1276,0.19801,0.84304,0.99956,Mast,UC_vs_HC
ELF3,1.5727,-2.6129,1.7034,-1.5339,0.12505,0.99956,Mast,UC_vs_HC
ARL8A,3.2112,0.6445,0.74473,0.86541,0.38682,0.99956,Mast,UC_vs_HC
PTPN7,13.966,0.19335,0.31798,0.60805,0.54316,0.99956,Mast,UC_vs_HC
UBE2T,0.3726,0.83973,1.273,0.65967,0.50947,,Mast,UC_vs_HC
PPP1R12B,0.8614,0.59713,1.1605,0.51456,0.60686,,Mast,UC_vs_HC
KDM5B,2.4789,0.61246,0.64637,0.94753,0.34337,0.99956,Mast,UC_vs_HC
PCAT6,0.039637,-0.23575,2.975,-0.079243,0.93684,,Mast,UC_vs_HC
RABIF,1.8028,0.047299,0.76333,0.061964,0.95059,0.99956,Mast,UC_vs_HC
KLHL12,0.21335,0.55175,1.6539,0.33361,0.73867,,Mast,UC_vs_HC
ADIPOR1,3.4688,0.99659,0.66802,1.4919,0.13574,0.99956,Mast,UC_vs_HC
CYB5R1,1.7282,-0.88732,0.72784,-1.2191,0.2228,0.99956,Mast,UC_vs_HC
TMEM183A,2.0915,0.13166,0.7314,0.18001,0.85714,0.99956,Mast,UC_vs_HC
ADORA1,0.13045,0.67226,3.6487,0.18425,0.85382,,Mast,UC_vs_HC
CHI3L1,0.026346,1.1367,4.0708,0.27924,0.78006,,Mast,UC_vs_HC
LINC01353,0.6298,-0.14802,1.0697,-0.13837,0.88994,,Mast,UC_vs_HC
LINC01136,0.45455,-0.49261,1.1257,-0.43759,0.66168,,Mast,UC_vs_HC
BTG2,67.161,-0.72788,0.36131,-2.0145,0.043953,0.92492,Mast,UC_vs_HC
FMOD,0.0268,0.16572,4.0548,0.040869,0.9674,,Mast,UC_vs_HC
PRELP,0.059765,0.024139,4.0722,0.0059277,0.99527,,Mast,UC_vs_HC
ATP2B4,0.82545,1.2896,0.94279,1.3678,0.17137,,Mast,UC_vs_HC
LAX1,9.3562,-0.41622,0.48239,-0.86283,0.38823,0.99956,Mast,UC_vs_HC
ZC3H11A,0.071311,0.53435,2.125,0.25146,0.80146,,Mast,UC_vs_HC
ZBED6,0.15318,0.61345,2.3608,0.25985,0.79498,,Mast,UC_vs_HC
SNRPE,8.7613,0.20172,0.39923,0.50527,0.61337,0.99956,Mast,UC_vs_HC
SOX13,1.1592,-0.2077,0.7327,-0.28347,0.77681,0.99956,Mast,UC_vs_HC
ETNK2,0.064474,0.59268,4.1488,0.14286,0.8864,,Mast,UC_vs_HC
PPP1R15B,17.028,-0.22979,0.38542,-0.59622,0.55103,0.99956,Mast,UC_vs_HC
PIK3C2B,3.3,-0.33851,0.56192,-0.60243,0.54689,0.99956,Mast,UC_vs_HC
MDM4,6.7846,0.91354,0.37627,2.4279,0.015187,0.72228,Mast,UC_vs_HC
AL512306.3,0.05825,0.61256,3.152,0.19434,0.84591,,Mast,UC_vs_HC
AL512306.2,0.064474,0.59268,4.1488,0.14286,0.8864,,Mast,UC_vs_HC
TMEM81,0.22354,1.1903,2.8293,0.42071,0.67397,,Mast,UC_vs_HC
RBBP5,2.0584,0.56177,0.93338,0.60187,0.54726,0.99956,Mast,UC_vs_HC
DSTYK,1.8085,-1.0675,0.78522,-1.3594,0.17401,0.99956,Mast,UC_vs_HC
TMCC2,0.06457,0.26108,1.9582,0.13332,0.89394,,Mast,UC_vs_HC
NUAK2,0.16355,1.1383,1.9724,0.5771,0.56387,,Mast,UC_vs_HC
CDK18,0.037578,0.16073,4.0541,0.039647,0.96837,,Mast,UC_vs_HC
ELK4,4.35,1.2335,0.46637,2.6449,0.0081724,0.67156,Mast,UC_vs_HC
SLC45A3,11.602,0.40202,0.4577,0.87834,0.37976,0.99956,Mast,UC_vs_HC
NUCKS1,15.023,-0.30669,0.35177,-0.87185,0.38329,0.99956,Mast,UC_vs_HC
RAB29,1.0788,0.32465,0.86036,0.37734,0.70592,,Mast,UC_vs_HC
SLC41A1,0.25342,0.32167,1.2138,0.26501,0.791,,Mast,UC_vs_HC
PM20D1,0.063924,0.64284,3.2536,0.19758,0.84337,,Mast,UC_vs_HC
RHEX,46.78,0.13279,0.26344,0.50406,0.61422,0.99956,Mast,UC_vs_HC
FAM72A,0.039522,0.59268,4.1488,0.14286,0.8864,,Mast,UC_vs_HC
SRGAP2,0.29027,-0.25792,1.7117,-0.15068,0.88023,,Mast,UC_vs_HC
IKBKE,0.2455,-0.10281,1.7528,-0.058655,0.95323,,Mast,UC_vs_HC
RASSF5,11.768,0.95245,0.39781,2.3942,0.016654,0.72906,Mast,UC_vs_HC
EIF2D,1.9045,-0.62591,0.76178,-0.82164,0.41128,0.99956,Mast,UC_vs_HC
AL591846.2,0.037578,0.16073,4.0541,0.039647,0.96837,,Mast,UC_vs_HC
DYRK3,0.17194,-0.17494,1.7662,-0.099054,0.9211,,Mast,UC_vs_HC
MAPKAPK2,2.7841,-0.42518,0.68686,-0.61902,0.53591,0.99956,Mast,UC_vs_HC
IL10,0.024934,1.088,4.0829,0.26647,0.78988,,Mast,UC_vs_HC
FCMR,0.11082,0.78553,4.13,0.1902,0.84915,,Mast,UC_vs_HC
PIGR,2.1692,-0.81186,1.3532,-0.59994,0.54855,0.99956,Mast,UC_vs_HC
PFKFB2,0.16717,-0.26681,2.5225,-0.10577,0.91576,,Mast,UC_vs_HC
YOD1,0.43654,-1.4115,1.3865,-1.018,0.30866,,Mast,UC_vs_HC
CD55,14.423,0.29376,0.51778,0.56734,0.57048,0.99956,Mast,UC_vs_HC
CR2,0.0134,0.3681,4.0861,0.090086,0.92822,,Mast,UC_vs_HC
CR1,0.86462,3.637,1.953,1.8623,0.06256,,Mast,UC_vs_HC
CD46,9.6739,0.17007,0.37781,0.45015,0.6526,0.99956,Mast,UC_vs_HC
MIR29B2CHG,2.5167,-0.088969,0.84389,-0.10543,0.91604,0.99956,Mast,UC_vs_HC
PLXNA2,0.094067,0.41364,2.1596,0.19154,0.8481,,Mast,UC_vs_HC
LAMB3,0.11518,0.069591,3.7961,0.018332,0.98537,,Mast,UC_vs_HC
G0S2,0.29475,-0.067142,1.9815,-0.033885,0.97297,,Mast,UC_vs_HC
TRAF3IP3,5.3919,-0.3036,0.49851,-0.60901,0.54252,0.99956,Mast,UC_vs_HC
IRF6,0.068811,0.43735,3.185,0.13732,0.89078,,Mast,UC_vs_HC
UTP25,0.69732,0.94117,1.0206,0.92215,0.35645,,Mast,UC_vs_HC
HHAT,0.25715,1.4446,1.7343,0.83296,0.40487,,Mast,UC_vs_HC
RCOR3,0.66396,-0.2598,1.1789,-0.22038,0.82558,,Mast,UC_vs_HC
TRAF5,1.7028,0.3592,0.73437,0.48912,0.62475,0.99956,Mast,UC_vs_HC
LINC00467,0.87612,0.073062,1.0224,0.071464,0.94303,,Mast,UC_vs_HC
RD3,0.075058,1.3326,4.0556,0.32858,0.74247,,Mast,UC_vs_HC
SLC30A1,0.28838,1.1636,1.6753,0.69454,0.48734,,Mast,UC_vs_HC
LPGAT1,1.2835,2.0402,0.91614,2.227,0.025948,0.8598,Mast,UC_vs_HC
INTS7,0.53206,1.3059,1.3862,0.94206,0.34616,,Mast,UC_vs_HC
DTL,0.039522,0.59268,4.1488,0.14286,0.8864,,Mast,UC_vs_HC
PPP2R5A,2.2023,-1.0014,0.81188,-1.2335,0.21739,0.99956,Mast,UC_vs_HC
AL360091.3,0.11618,0.75597,3.3339,0.22675,0.82062,,Mast,UC_vs_HC
TMEM206,0.64283,0.9496,1.0455,0.90831,0.36372,,Mast,UC_vs_HC
NENF,2.2036,-1.556,1.1153,-1.3952,0.16296,0.99956,Mast,UC_vs_HC
AC092803.2,0.07165,0.26407,2.0983,0.12585,0.89985,,Mast,UC_vs_HC
ATF3,6.5208,0.09352,0.82013,0.11403,0.90921,0.99956,Mast,UC_vs_HC
FAM71A,0.081648,0.071974,3.5058,0.02053,0.98362,,Mast,UC_vs_HC
AL590648.3,0.092444,0.17622,3.5456,0.0497,0.96036,,Mast,UC_vs_HC
BATF3,0.75613,2.6168,2.6055,1.0043,0.31523,,Mast,UC_vs_HC
NSL1,3.0314,0.29372,0.49298,0.5958,0.55131,0.99956,Mast,UC_vs_HC
TATDN3,0.98319,-0.90167,0.98282,-0.91743,0.35892,,Mast,UC_vs_HC
FLVCR1-DT,0.72018,-1.5716,1.096,-1.434,0.15157,,Mast,UC_vs_HC
FLVCR1,0.70332,-0.51874,1.0184,-0.50937,0.61049,,Mast,UC_vs_HC
VASH2,0.088434,-0.001833,2.0082,-0.00091275,0.99927,,Mast,UC_vs_HC
ANGEL2,1.317,0.049712,0.9519,0.052224,0.95835,0.99956,Mast,UC_vs_HC
RPS6KC1,0.68273,0.23282,0.96252,0.24189,0.80887,,Mast,UC_vs_HC
PROX1,0.055411,0.73069,4.1338,0.17676,0.8597,,Mast,UC_vs_HC
SMYD2,0.43385,1.6556,1.7633,0.93893,0.34777,,Mast,UC_vs_HC
CENPF,0.76254,0.27798,1.4538,0.1912,0.84837,,Mast,UC_vs_HC
KCTD3,0.068811,0.43735,3.185,0.13732,0.89078,,Mast,UC_vs_HC
GPATCH2,2.1541,-0.9364,0.766,-1.2225,0.22153,0.99956,Mast,UC_vs_HC
RRP15,2.7881,-0.30032,0.68789,-0.43658,0.66241,0.99956,Mast,UC_vs_HC
LYPLAL1,1.6186,-0.1774,0.86804,-0.20437,0.83806,0.99956,Mast,UC_vs_HC
AC096642.1,0.051171,0.51223,3.1431,0.16297,0.87054,,Mast,UC_vs_HC
ZC3H11B,0.0134,0.3681,4.0861,0.090086,0.92822,,Mast,UC_vs_HC
EPRS,3.9082,-0.6,0.64543,-0.92962,0.35257,0.99956,Mast,UC_vs_HC
BPNT1,0.5228,0.44649,1.3087,0.34117,0.73297,,Mast,UC_vs_HC
IARS2,2.0015,-0.28327,0.86413,-0.32781,0.74305,0.99956,Mast,UC_vs_HC
RAB3GAP2,1.3693,-0.16696,0.93647,-0.17829,0.85849,0.99956,Mast,UC_vs_HC
MARC2,0.10285,0.60091,3.5176,0.17083,0.86436,,Mast,UC_vs_HC
HLX,0.052922,0.24161,3.2428,0.074505,0.94061,,Mast,UC_vs_HC
AL445470.1,0.055411,0.73069,4.1338,0.17676,0.8597,,Mast,UC_vs_HC
DUSP10,17.266,-0.06986,0.33196,-0.21045,0.83332,0.99956,Mast,UC_vs_HC
AL513314.2,0.13697,0.63922,3.6449,0.17537,0.86079,,Mast,UC_vs_HC
TAF1A,0.53886,0.65611,1.0993,0.59683,0.55062,,Mast,UC_vs_HC
TAF1A-AS1,0.059765,0.024139,4.0722,0.0059277,0.99527,,Mast,UC_vs_HC
MIA3,2.995,0.17371,0.63736,0.27255,0.7852,0.99956,Mast,UC_vs_HC
AIDA,1.3091,-0.51387,0.80615,-0.63744,0.52384,0.99956,Mast,UC_vs_HC
BROX,2.652,1.6155,0.7912,2.0419,0.041161,0.90497,Mast,UC_vs_HC
FAM177B,0.026237,0.024139,4.0722,0.0059277,0.99527,,Mast,UC_vs_HC
AL392172.1,1.568,-0.94526,0.84408,-1.1199,0.26277,0.99956,Mast,UC_vs_HC
DISP1,0.37587,0.21551,1.2383,0.17403,0.86184,,Mast,UC_vs_HC
CAPN8,0.0134,0.3681,4.0861,0.090086,0.92822,,Mast,UC_vs_HC
CAPN2,1.2017,0.42128,0.94806,0.44436,0.65678,0.99956,Mast,UC_vs_HC
TP53BP2,3.5854,0.22724,0.59072,0.38469,0.70047,0.99956,Mast,UC_vs_HC
AC138393.3,0.037578,0.16073,4.0541,0.039647,0.96837,,Mast,UC_vs_HC
FBXO28,0.92675,1.0092,1.0704,0.94288,0.34574,,Mast,UC_vs_HC
DEGS1,6.2537,-0.069513,0.45435,-0.15299,0.8784,0.99956,Mast,UC_vs_HC
NVL,0.89833,-1.6523,1.097,-1.5062,0.13201,,Mast,UC_vs_HC
CNIH4,4.5278,0.088363,0.49665,0.17792,0.85879,0.99956,Mast,UC_vs_HC
WDR26,4.8075,0.00075198,0.60374,0.0012455,0.99901,0.99996,Mast,UC_vs_HC
CNIH3,0.26669,-0.51061,2.7329,-0.18684,0.85179,,Mast,UC_vs_HC
DNAH14,0.81921,2.3185,2.8625,0.80998,0.41795,,Mast,UC_vs_HC
LBR,0.98584,0.12036,1.0656,0.11295,0.91007,,Mast,UC_vs_HC
ENAH,0.10737,0.16073,4.0541,0.039647,0.96837,,Mast,UC_vs_HC
SRP9,11.202,0.045219,0.36568,0.12366,0.90159,0.99956,Mast,UC_vs_HC
EPHX1,0.39019,0.077353,1.2497,0.0619,0.95064,,Mast,UC_vs_HC
AL591895.1,0.20568,0.68423,1.6185,0.42276,0.67247,,Mast,UC_vs_HC
TMEM63A,1.2959,-0.51674,0.95616,-0.54043,0.5889,0.99956,Mast,UC_vs_HC
LEFTY1,0.11953,-0.75116,4.0175,-0.18697,0.85168,,Mast,UC_vs_HC
PYCR2,2.2025,0.10128,0.62451,0.16218,0.87117,0.99956,Mast,UC_vs_HC
SDE2,2.5629,-1.1112,0.68472,-1.6228,0.10462,0.99956,Mast,UC_vs_HC
H3F3A,121.07,-0.34051,0.2194,-1.552,0.12066,0.99956,Mast,UC_vs_HC
ACBD3,1.7494,0.7322,0.87071,0.84093,0.40039,0.99956,Mast,UC_vs_HC
LIN9,0.044965,0.057449,3.1839,0.018044,0.9856,,Mast,UC_vs_HC
PARP1,6.0741,0.60717,0.49592,1.2243,0.22083,0.99956,Mast,UC_vs_HC
ITPKB,1.6558,-0.94631,0.88959,-1.0638,0.28744,0.99956,Mast,UC_vs_HC
ITPKB-AS1,0.12836,0.74034,1.7455,0.42413,0.67147,,Mast,UC_vs_HC
PSEN2,0.78523,0.21866,0.93307,0.23435,0.81471,,Mast,UC_vs_HC
COQ8A,0.91344,1.0538,1.0612,0.99306,0.32068,,Mast,UC_vs_HC
CDC42BPA,0.65434,-0.053462,1.0983,-0.048677,0.96118,,Mast,UC_vs_HC
ZNF678,0.45878,-0.9971,1.0944,-0.91114,0.36222,,Mast,UC_vs_HC
SNAP47,0.88341,0.030419,0.85586,0.035542,0.97165,,Mast,UC_vs_HC
JMJD4,0.50746,2.4922,1.5293,1.6296,0.10318,,Mast,UC_vs_HC
ARF1,21.62,0.094458,0.30521,0.30948,0.75695,0.99956,Mast,UC_vs_HC
C1orf35,1.695,0.098614,0.98807,0.099805,0.9205,0.99956,Mast,UC_vs_HC
MRPL55,2.8789,-0.19868,0.87451,-0.2272,0.82027,0.99956,Mast,UC_vs_HC
GUK1,14.807,0.30427,0.69436,0.43821,0.66123,0.99956,Mast,UC_vs_HC
GJC2,0.0134,0.3681,4.0861,0.090086,0.92822,,Mast,UC_vs_HC
IBA57,0.76431,0.68042,1.1715,0.5808,0.56137,,Mast,UC_vs_HC
OBSCN-AS1,0.018728,0.70632,4.1361,0.17077,0.86441,,Mast,UC_vs_HC
OBSCN,0.1689,0.055645,1.8172,0.030621,0.97557,,Mast,UC_vs_HC
TRIM11,0.47555,1.2822,1.3375,0.95867,0.33773,,Mast,UC_vs_HC
HIST3H2A,0.71205,0.16182,1.442,0.11221,0.91065,,Mast,UC_vs_HC
HIST3H2BB,0.083106,-0.23383,1.9079,-0.12256,0.90246,,Mast,UC_vs_HC
RNF187,1.7829,-0.047489,0.86054,-0.055186,0.95599,0.99956,Mast,UC_vs_HC
RAB4A,1.4659,0.9745,1.2492,0.78008,0.43535,0.99956,Mast,UC_vs_HC
CCSAP,0.31506,1.3053,1.5717,0.83051,0.40625,,Mast,UC_vs_HC
NUP133,0.40806,1.2544,1.4054,0.89256,0.37209,,Mast,UC_vs_HC
ABCB10,0.5571,1.3639,1.632,0.83574,0.4033,,Mast,UC_vs_HC
TAF5L,0.57452,0.043959,1.0723,0.040997,0.9673,,Mast,UC_vs_HC
URB2,0.12394,-0.41025,2.4254,-0.16914,0.86568,,Mast,UC_vs_HC
GALNT2,2.1804,0.068264,0.72978,0.093541,0.92547,0.99956,Mast,UC_vs_HC
AL136988.1,0.0134,0.3681,4.0861,0.090086,0.92822,,Mast,UC_vs_HC
PGBD5,0.57353,-0.77443,1.2006,-0.64501,0.51892,,Mast,UC_vs_HC
COG2,1.6015,-0.28434,0.89296,-0.31842,0.75016,0.99956,Mast,UC_vs_HC
CAPN9,0.039522,0.59268,4.1488,0.14286,0.8864,,Mast,UC_vs_HC
C1orf198,0.06025,0.16073,4.0541,0.039647,0.96837,,Mast,UC_vs_HC
TTC13,0.33974,1.9004,1.4555,1.3056,0.19169,,Mast,UC_vs_HC
ARV1,1.0523,0.0014664,0.8724,0.0016809,0.99866,,Mast,UC_vs_HC
FAM89A,0.32272,0.69367,1.5178,0.45702,0.64766,,Mast,UC_vs_HC
C1orf131,1.9671,0.76171,0.91059,0.8365,0.40287,0.99956,Mast,UC_vs_HC
GNPAT,1.3001,-0.52193,0.98939,-0.52752,0.59783,0.99956,Mast,UC_vs_HC
EXOC8,0.43873,0.081168,1.1776,0.068925,0.94505,,Mast,UC_vs_HC
SPRTN,1.6666,-0.20772,0.82692,-0.2512,0.80166,0.99956,Mast,UC_vs_HC
EGLN1,0.81532,0.44358,1.1517,0.38514,0.70013,,Mast,UC_vs_HC
AL445524.1,1.1347,0.35001,1.0779,0.32471,0.7454,0.99956,Mast,UC_vs_HC
TSNAX,4.5141,0.9472,0.50818,1.8639,0.062334,0.98721,Mast,UC_vs_HC
DISC1,0.22026,-0.012287,1.4074,-0.0087308,0.99303,,Mast,UC_vs_HC
SIPA1L2,0.37453,1.2606,1.2837,0.98197,0.32611,,Mast,UC_vs_HC
MAP10,0.074801,1.5534,4.034,0.38508,0.70018,,Mast,UC_vs_HC
NTPCR,1.7598,-0.018269,0.68961,-0.026492,0.97887,0.99956,Mast,UC_vs_HC
MAP3K21,0.0134,0.3681,4.0861,0.090086,0.92822,,Mast,UC_vs_HC
SLC35F3,0.055411,0.73069,4.1338,0.17676,0.8597,,Mast,UC_vs_HC
AL355472.1,0.58695,-0.49367,1.1851,-0.41658,0.67699,,Mast,UC_vs_HC
COA6,4.2618,0.48583,0.50556,0.96097,0.33657,0.99956,Mast,UC_vs_HC
TARBP1,0.58933,0.8501,1.6522,0.51454,0.60687,,Mast,UC_vs_HC
IRF2BP2,9.3953,0.36486,0.49988,0.72991,0.46545,0.99956,Mast,UC_vs_HC
AL160408.2,0.2326,1.1727,3.9692,0.29544,0.76766,,Mast,UC_vs_HC
AL391832.1,0.10747,0.21639,2.1477,0.10075,0.91975,,Mast,UC_vs_HC
AL391832.2,1.2276,-0.59472,0.74146,-0.8021,0.42249,0.99956,Mast,UC_vs_HC
AL391832.3,0.25583,-0.078101,1.6007,-0.048792,0.96109,,Mast,UC_vs_HC
TOMM20,17.581,-0.553,0.32075,-1.7241,0.084686,0.99956,Mast,UC_vs_HC
RBM34,0.75462,0.22776,1.0936,0.20827,0.83502,,Mast,UC_vs_HC
ARID4B,13.94,-0.5352,0.4232,-1.2647,0.20599,0.99956,Mast,UC_vs_HC
GGPS1,2.3479,-0.11517,0.69977,-0.16458,0.86928,0.99956,Mast,UC_vs_HC
TBCE,0.63055,0.66831,1.1828,0.56501,0.57207,,Mast,UC_vs_HC
TBCE-1,0.51015,-0.83288,1.2961,-0.64258,0.5205,,Mast,UC_vs_HC
B3GALNT2,1.4901,0.46025,1.1987,0.38396,0.70101,0.99956,Mast,UC_vs_HC
LYST,6.2398,-0.12075,0.48419,-0.24939,0.80306,0.99956,Mast,UC_vs_HC
GPR137B,0.77938,-0.93937,1.0641,-0.88279,0.37735,,Mast,UC_vs_HC
ERO1B,3.2778,0.76957,0.60037,1.2818,0.1999,0.99956,Mast,UC_vs_HC
EDARADD,2.1121,-0.81263,0.74197,-1.0952,0.27342,0.99956,Mast,UC_vs_HC
LGALS8,7.8227,0.30038,0.39893,0.75298,0.45146,0.99956,Mast,UC_vs_HC
AL359921.2,0.12955,0.79693,3.3637,0.23692,0.81272,,Mast,UC_vs_HC
HEATR1,2.4027,-0.062939,0.73391,-0.085758,0.93166,0.99956,Mast,UC_vs_HC
ACTN2,0.018728,0.70632,4.1361,0.17077,0.86441,,Mast,UC_vs_HC
MTR,1.8948,0.79039,0.66202,1.1939,0.23251,0.99956,Mast,UC_vs_HC
AL359551.1,0.12958,0.12566,2.404,0.052271,0.95831,,Mast,UC_vs_HC
CHRM3-AS2,0.24232,1.5238,1.7947,0.84909,0.39583,,Mast,UC_vs_HC
FH,2.013,0.18873,0.7181,0.26282,0.79269,0.99956,Mast,UC_vs_HC
OPN3,0.1633,-0.43317,4.006,-0.10813,0.91389,,Mast,UC_vs_HC
CHML,0.32082,0.80015,2.5356,0.31556,0.75233,,Mast,UC_vs_HC
CEP170,2.8247,1.5636,0.64232,2.4342,0.014923,0.72228,Mast,UC_vs_HC
SDCCAG8,2.7043,-0.25336,0.55211,-0.4589,0.64631,0.99956,Mast,UC_vs_HC
AKT3,1.4251,0.89212,0.85614,1.042,0.2974,0.99956,Mast,UC_vs_HC
ZBTB18,0.65462,1.5736,1.3321,1.1813,0.23748,,Mast,UC_vs_HC
AL645465.1,0.026346,1.1367,4.0708,0.27924,0.78006,,Mast,UC_vs_HC
ADSS,2.0459,1.1996,0.88038,1.3626,0.173,0.99956,Mast,UC_vs_HC
DESI2,2.4806,0.85345,0.73086,1.1677,0.24292,0.99956,Mast,UC_vs_HC
COX20,10.206,-0.32946,0.37818,-0.87118,0.38365,0.99956,Mast,UC_vs_HC
HNRNPU,31.115,0.13041,0.42831,0.30448,0.76076,0.99956,Mast,UC_vs_HC
AL356512.1,0.19298,1.16,1.9042,0.60918,0.5424,,Mast,UC_vs_HC
EFCAB2,0.76216,-1.4898,1.0477,-1.422,0.15504,,Mast,UC_vs_HC
KIF26B,0.058473,0.81615,1.9836,0.41145,0.68074,,Mast,UC_vs_HC
SMYD3,13.411,0.060177,0.38924,0.1546,0.87713,0.99956,Mast,UC_vs_HC
TFB2M,0.6549,0.0010957,1.2034,0.00091051,0.99927,,Mast,UC_vs_HC
CNST,2.9616,0.029487,0.6202,0.047544,0.96208,0.99956,Mast,UC_vs_HC
SCCPDH,5.1141,0.32318,0.5334,0.60588,0.54459,0.99956,Mast,UC_vs_HC
AHCTF1,1.401,0.0024915,1.2585,0.0019797,0.99842,0.99996,Mast,UC_vs_HC
ZNF670,0.33657,0.84841,1.931,0.43937,0.66039,,Mast,UC_vs_HC
ZNF669,0.78441,0.97887,0.89588,1.0926,0.27456,,Mast,UC_vs_HC
ZNF124,0.52682,1.3136,1.3615,0.96481,0.33464,,Mast,UC_vs_HC
AL390728.6,1.8125,1.2347,0.7818,1.5793,0.11426,0.99956,Mast,UC_vs_HC
AL390728.5,0.27882,1.0576,1.3937,0.75887,0.44793,,Mast,UC_vs_HC
ZNF496,0.55576,-0.36093,1.3289,-0.27159,0.78593,,Mast,UC_vs_HC
NLRP3,1.69,-0.77192,0.86911,-0.88817,0.37445,0.99956,Mast,UC_vs_HC
GCSAML,14.146,-0.49369,0.38563,-1.2802,0.20047,0.99956,Mast,UC_vs_HC
OR2C3,0.037456,0.73093,4.1338,0.17682,0.85965,,Mast,UC_vs_HC
AL390860.1,0.097548,0.062978,2.2642,0.027814,0.97781,,Mast,UC_vs_HC
TRIM58,0.84976,0.96347,1.4277,0.67486,0.49977,,Mast,UC_vs_HC
OR2L8,0.024934,1.088,4.0829,0.26647,0.78988,,Mast,UC_vs_HC
OR2L2,0.089407,1.073,3.4752,0.30876,0.7575,,Mast,UC_vs_HC
OR2L13,0.097449,0.73069,4.1338,0.17676,0.8597,,Mast,UC_vs_HC
LYPD8,0.092989,0.22342,3.423,0.065271,0.94796,,Mast,UC_vs_HC
SH3BP5L,0.27943,0.9689,1.4151,0.68468,0.49355,,Mast,UC_vs_HC
ZNF672,0.88196,1.1118,1.0251,1.0846,0.27812,,Mast,UC_vs_HC
ZNF692,0.24269,-0.68133,1.75,-0.38934,0.69703,,Mast,UC_vs_HC
PGBD2,1.1703,1.2464,1.0989,1.1343,0.25669,0.99956,Mast,UC_vs_HC
SH3YL1,0.67785,-0.85495,1.1498,-0.74354,0.45716,,Mast,UC_vs_HC
ACP1,4.1768,-0.38511,0.56658,-0.6797,0.49669,0.99956,Mast,UC_vs_HC
ALKAL2,0.059765,0.024139,4.0722,0.0059277,0.99527,,Mast,UC_vs_HC
TMEM18,2.9938,0.033229,0.60434,0.054984,0.95615,0.99956,Mast,UC_vs_HC
LINC01115,0.039522,0.59268,4.1488,0.14286,0.8864,,Mast,UC_vs_HC
EIPR1,0.61268,0.037839,0.98306,0.038491,0.9693,,Mast,UC_vs_HC
TRAPPC12,0.84849,-0.076075,1.147,-0.066323,0.94712,,Mast,UC_vs_HC
TRAPPC12-AS1,0.086596,0.64256,3.4478,0.18637,0.85216,,Mast,UC_vs_HC
ADI1,4.0424,0.39991,0.84102,0.47551,0.63443,0.99956,Mast,UC_vs_HC
AC231981.1,0.039522,0.59268,4.1488,0.14286,0.8864,,Mast,UC_vs_HC
AC108488.1,0.23784,-0.0076349,1.8307,-0.0041705,0.99667,,Mast,UC_vs_HC
RNASEH1,1.4546,-0.3749,0.77605,-0.48309,0.62903,0.99956,Mast,UC_vs_HC
RNASEH1-AS1,0.21962,0.6478,1.8096,0.35798,0.72036,,Mast,UC_vs_HC
RPS7,254.91,-0.27258,0.24578,-1.1091,0.2674,0.99956,Mast,UC_vs_HC
LINC00487,0.026346,1.1367,4.0708,0.27924,0.78006,,Mast,UC_vs_HC
CMPK2,0.29069,1.5294,1.3708,1.1157,0.26453,,Mast,UC_vs_HC
RSAD2,1.5456,1.0834,0.81874,1.3233,0.18574,0.99956,Mast,UC_vs_HC
RNF144A,2.8661,-0.16603,0.64232,-0.25849,0.79603,0.99956,Mast,UC_vs_HC
AC010904.2,0.026346,1.1367,4.0708,0.27924,0.78006,,Mast,UC_vs_HC
LINC01871,0.5478,-0.21571,1.4684,-0.14691,0.88321,,Mast,UC_vs_HC
LINC01814,0.039522,0.59268,4.1488,0.14286,0.8864,,Mast,UC_vs_HC
ID2,46.258,-1.0615,0.5388,-1.9701,0.048827,0.95101,Mast,UC_vs_HC
KIDINS220,5.8683,0.041385,0.5871,0.070491,0.9438,0.99956,Mast,UC_vs_HC
MBOAT2,0.55013,0.3624,1.7643,0.20541,0.83725,,Mast,UC_vs_HC
ASAP2,0.218,1.9426,2.6425,0.73515,0.46225,,Mast,UC_vs_HC
ITGB1BP1,4.9465,-0.62524,0.65259,-0.9581,0.33801,0.99956,Mast,UC_vs_HC
CPSF3,1.9324,0.57181,0.83647,0.6836,0.49423,0.99956,Mast,UC_vs_HC
IAH1,6.105,0.29744,0.52704,0.56437,0.5725,0.99956,Mast,UC_vs_HC
ADAM17,4.0422,0.70046,0.57211,1.2244,0.22082,0.99956,Mast,UC_vs_HC
AC080162.1,0.0134,0.3681,4.0861,0.090086,0.92822,,Mast,UC_vs_HC
YWHAQ,11.227,0.48163,0.68308,0.70509,0.48075,0.99956,Mast,UC_vs_HC
TAF1B,1.471,-0.10153,0.91141,-0.1114,0.9113,0.99956,Mast,UC_vs_HC
AC010969.2,0.40613,0.72708,1.4063,0.51701,0.60515,,Mast,UC_vs_HC
GRHL1,0.96752,1.7382,1.385,1.255,0.20948,,Mast,UC_vs_HC
AC010969.1,0.024934,1.088,4.0829,0.26647,0.78988,,Mast,UC_vs_HC
AC104794.2,0.7695,-1.1174,1.0438,-1.0705,0.28439,,Mast,UC_vs_HC
KLF11,0.1187,0.64414,2.206,0.29199,0.77029,,Mast,UC_vs_HC
RRM2,0.33635,-0.73406,2.4009,-0.30574,0.7598,,Mast,UC_vs_HC
HPCAL1,2.7422,0.36939,0.95854,0.38537,0.69996,0.99956,Mast,UC_vs_HC
ODC1,1.3216,0.26208,0.93855,0.27925,0.78006,0.99956,Mast,UC_vs_HC
AC007249.2,0.0134,0.3681,4.0861,0.090086,0.92822,,Mast,UC_vs_HC
NOL10,0.9201,-0.32137,1.2536,-0.25637,0.79767,,Mast,UC_vs_HC
RN7SL832P,0.088749,0.015342,2.1558,0.0071168,0.99432,,Mast,UC_vs_HC
AC092687.3,0.024934,1.088,4.0829,0.26647,0.78988,,Mast,UC_vs_HC
PDIA6,15.09,0.64054,0.4554,1.4065,0.15956,0.99956,Mast,UC_vs_HC
LINC01954,0.077516,0.91557,2.0259,0.45194,0.65131,,Mast,UC_vs_HC
C2orf50,0.0134,0.3681,4.0861,0.090086,0.92822,,Mast,UC_vs_HC
PQLC3,0.75053,0.11902,1.0414,0.11428,0.90901,,Mast,UC_vs_HC
ROCK2,1.3452,0.6065,0.85796,0.70691,0.47962,0.99956,Mast,UC_vs_HC
E2F6,0.67386,0.48041,1.4486,0.33162,0.74017,,Mast,UC_vs_HC
LPIN1,2.9374,0.28532,0.73467,0.38836,0.69775,0.99956,Mast,UC_vs_HC
MIR3681HG,0.43303,2.5257,1.8024,1.4013,0.16114,,Mast,UC_vs_HC
TRIB2,2.8894,0.63172,0.76893,0.82156,0.41133,0.99956,Mast,UC_vs_HC
FAM84A,0.059765,0.024139,4.0722,0.0059277,0.99527,,Mast,UC_vs_HC
NBAS,4.9768,-0.36874,0.45579,-0.80901,0.41851,0.99956,Mast,UC_vs_HC
DDX1,3.7551,-0.51168,0.54404,-0.9405,0.34696,0.99956,Mast,UC_vs_HC
FAM49A,0.68961,-0.81657,0.90335,-0.90393,0.36603,,Mast,UC_vs_HC
SMC6,1.1009,0.049877,0.78779,0.063312,0.94952,,Mast,UC_vs_HC
GEN1,0.36217,0.70324,1.3281,0.52951,0.59645,,Mast,UC_vs_HC
AC079148.1,0.10365,1.2415,4.0577,0.30596,0.75964,,Mast,UC_vs_HC
RDH14,0.71845,0.15483,1.4311,0.10819,0.91385,,Mast,UC_vs_HC
LINC01376,0.16733,0.43874,2.5823,0.1699,0.86509,,Mast,UC_vs_HC
LINC00954,0.27495,-0.57511,1.4726,-0.39053,0.69614,,Mast,UC_vs_HC
TTC32,0.69427,-0.11203,0.97205,-0.11525,0.90825,,Mast,UC_vs_HC
WDR35,1.3576,1.3857,0.95663,1.4485,0.14748,0.99956,Mast,UC_vs_HC
LAPTM4A,65.811,-0.0701,0.27261,-0.25715,0.79706,0.99956,Mast,UC_vs_HC
SDC1,0.15333,0.87654,3.469,0.25268,0.80052,,Mast,UC_vs_HC
PUM2,2.8154,0.7697,0.62389,1.2337,0.21731,0.99956,Mast,UC_vs_HC
RHOB,1.6382,0.21193,0.88519,0.23942,0.81078,0.99956,Mast,UC_vs_HC
HS1BP3,0.5591,-0.79991,1.5907,-0.50286,0.61506,,Mast,UC_vs_HC
GDF7,0.037578,0.16073,4.0541,0.039647,0.96837,,Mast,UC_vs_HC
LDAH,0.13706,0.12945,3.8073,0.034,0.97288,,Mast,UC_vs_HC
TDRD15,0.17067,0.71621,2.4017,0.29821,0.76554,,Mast,UC_vs_HC
AC018742.1,0.061817,1.2524,3.1942,0.39209,0.69499,,Mast,UC_vs_HC
ATAD2B,1.423,0.24351,1.0988,0.22161,0.82462,0.99956,Mast,UC_vs_HC
UBXN2A,2.0657,-1.1924,0.71136,-1.6763,0.093687,0.99956,Mast,UC_vs_HC
MFSD2B,0.25453,1.2553,1.9351,0.64873,0.51651,,Mast,UC_vs_HC
WDCP,0.2014,2.3978,2.141,1.12,0.26273,,Mast,UC_vs_HC
FKBP1B,0.45489,0.88835,1.6251,0.54665,0.58462,,Mast,UC_vs_HC
SF3B6,15.373,-0.054562,0.2941,-0.18552,0.85282,0.99956,Mast,UC_vs_HC
FAM228B,1.5466,-0.60198,0.85794,-0.70166,0.48289,0.99956,Mast,UC_vs_HC
TP53I3,1.9011,-0.35769,0.77837,-0.45954,0.64585,0.99956,Mast,UC_vs_HC
ITSN2,3.9405,1.0799,0.53633,2.0136,0.044056,0.92492,Mast,UC_vs_HC
NCOA1,3.4861,0.88386,0.7637,1.1573,0.24713,0.99956,Mast,UC_vs_HC
PTRHD1,2.5123,-0.28408,0.68805,-0.41288,0.6797,0.99956,Mast,UC_vs_HC
CENPO,0.16332,1.0928,2.5575,0.42731,0.66916,,Mast,UC_vs_HC
ADCY3,0.85025,0.034688,0.94481,0.036715,0.97071,,Mast,UC_vs_HC
DNAJC27,1.0576,0.48126,0.99926,0.48162,0.63008,,Mast,UC_vs_HC
DNAJC27-AS1,0.82628,-1.4026,1.3265,-1.0574,0.29034,,Mast,UC_vs_HC
POMC,1.2432,0.55397,1.2043,0.45998,0.64553,0.99956,Mast,UC_vs_HC
DNMT3A,1.5111,1.0183,0.83937,1.2131,0.22508,0.99956,Mast,UC_vs_HC
DTNB,0.065759,0.0046698,3.3277,0.0014033,0.99888,,Mast,UC_vs_HC
ASXL2,1.0583,0.054146,0.97611,0.055471,0.95576,,Mast,UC_vs_HC
KIF3C,0.15027,1.4539,1.8116,0.80253,0.42225,,Mast,UC_vs_HC
RAB10,2.562,0.40804,0.70567,0.57822,0.56311,0.99956,Mast,UC_vs_HC
GAREM2,0.039522,0.59268,4.1488,0.14286,0.8864,,Mast,UC_vs_HC
HADHA,9.9205,-0.046631,0.33096,-0.1409,0.88795,0.99956,Mast,UC_vs_HC
HADHB,6.3296,0.075068,0.47327,0.15862,0.87397,0.99956,Mast,UC_vs_HC
SELENOI,0.21278,0.33188,1.9712,0.16837,0.8663,,Mast,UC_vs_HC
C2orf70,0.056489,0.8828,3.1215,0.28281,0.77732,,Mast,UC_vs_HC
SLC35F6,0.54023,0.56409,2.5259,0.22333,0.82328,,Mast,UC_vs_HC
CENPA,0.079045,0.55747,4.1549,0.13417,0.89327,,Mast,UC_vs_HC
MAPRE3,2.1969,0.047972,0.94863,0.05057,0.95967,0.99956,Mast,UC_vs_HC
TMEM214,1.9816,0.508,0.79332,0.64035,0.52195,0.99956,Mast,UC_vs_HC
AGBL5,0.32767,0.96375,1.456,0.66192,0.50802,,Mast,UC_vs_HC
AC013403.2,0.0134,0.3681,4.0861,0.090086,0.92822,,Mast,UC_vs_HC
OST4,65.32,-0.087148,0.25574,-0.34076,0.73328,0.99956,Mast,UC_vs_HC
EMILIN1,0.38331,0.73888,1.641,0.45027,0.65252,,Mast,UC_vs_HC
KHK,0.37155,1.3956,1.3785,1.0124,0.31134,,Mast,UC_vs_HC
ABHD1,0.31418,1.292,1.6394,0.78812,0.43063,,Mast,UC_vs_HC
PREB,0.47182,1.0848,1.0895,0.99566,0.31942,,Mast,UC_vs_HC
SLC5A6,0.34178,-0.10614,1.6253,-0.065309,0.94793,,Mast,UC_vs_HC
ATRAID,10.343,0.43933,0.35381,1.2417,0.21434,0.99956,Mast,UC_vs_HC
CAD,0.36313,0.25972,1.4386,0.18054,0.85673,,Mast,UC_vs_HC
DNAJC5G,0.039522,0.59268,4.1488,0.14286,0.8864,,Mast,UC_vs_HC
MPV17,2.695,0.24167,0.60579,0.39893,0.68995,0.99956,Mast,UC_vs_HC
GTF3C2,0.97393,-0.94106,0.99351,-0.94721,0.34353,,Mast,UC_vs_HC
GTF3C2-AS1,0.12909,0.057395,2.2629,0.025363,0.97977,,Mast,UC_vs_HC
AC074117.1,0.43417,-0.059487,1.2722,-0.046757,0.96271,,Mast,UC_vs_HC
EIF2B4,1.3635,0.54583,0.92987,0.58699,0.55721,0.99956,Mast,UC_vs_HC
SNX17,3.1503,0.6617,0.53605,1.2344,0.21706,0.99956,Mast,UC_vs_HC
ZNF513,0.31381,-0.046896,1.206,-0.038886,0.96898,,Mast,UC_vs_HC
PPM1G,3.7791,0.59965,0.81001,0.7403,0.45912,0.99956,Mast,UC_vs_HC
NRBP1,4.3783,-0.019058,0.59252,-0.032164,0.97434,0.99956,Mast,UC_vs_HC
KRTCAP3,0.061817,1.2524,3.1942,0.39209,0.69499,,Mast,UC_vs_HC
IFT172,0.21694,0.64904,2.1152,0.30685,0.75896,,Mast,UC_vs_HC
ZNF512,0.38985,-0.46473,1.2469,-0.3727,0.70937,,Mast,UC_vs_HC
CCDC121,0.087539,0.42458,2.0647,0.20563,0.83708,,Mast,UC_vs_HC
GPN1,1.1149,-0.77369,0.96251,-0.80383,0.4215,,Mast,UC_vs_HC
SUPT7L,1.3083,0.25654,0.79003,0.32472,0.74539,0.99956,Mast,UC_vs_HC
SLC4A1AP,2.4339,0.015143,0.59107,0.02562,0.97956,0.99956,Mast,UC_vs_HC
MRPL33,19.014,0.046446,0.33471,0.13876,0.88964,0.99956,Mast,UC_vs_HC
RBKS,0.5729,1.9458,1.1714,1.6611,0.096691,,Mast,UC_vs_HC
BABAM2,3.4097,0.72195,0.71017,1.0166,0.30935,0.99956,Mast,UC_vs_HC
AC093690.1,0.026237,0.024139,4.0722,0.0059277,0.99527,,Mast,UC_vs_HC
FOSL2,31.798,0.072262,0.4559,0.15851,0.87406,0.99956,Mast,UC_vs_HC
AC104695.3,0.78002,0.58366,0.97884,0.59628,0.55099,,Mast,UC_vs_HC
AC092164.1,0.1249,0.91158,2.1013,0.43382,0.66442,,Mast,UC_vs_HC
PPP1CB,14.245,0.3377,0.37543,0.8995,0.36838,0.99956,Mast,UC_vs_HC
SPDYA,0.12315,1.192,1.6287,0.73189,0.46423,,Mast,UC_vs_HC
TRMT61B,0.83198,-1.2212,1.2221,-0.99926,0.31767,,Mast,UC_vs_HC
WDR43,2.345,-0.19495,0.62668,-0.31108,0.75574,0.99956,Mast,UC_vs_HC
TOGARAM2,0.12001,-0.56116,3.6531,-0.15361,0.87791,,Mast,UC_vs_HC
CLIP4,0.60399,0.071596,1.3454,0.053214,0.95756,,Mast,UC_vs_HC
YPEL5,7.5378,0.06538,0.44946,0.14546,0.88434,0.99956,Mast,UC_vs_HC
LBH,1.5784,-1.838,1.0605,-1.7332,0.08306,0.99956,Mast,UC_vs_HC
LCLAT1,0.13063,0.85939,1.8691,0.4598,0.64566,,Mast,UC_vs_HC
EHD3,0.099578,1.3657,3.3732,0.40485,0.68559,,Mast,UC_vs_HC
MEMO1,0.67516,0.90333,1.3823,0.65348,0.51345,,Mast,UC_vs_HC
DPY30,5.0533,-0.1024,0.49004,-0.20896,0.83448,0.99956,Mast,UC_vs_HC
SPAST,1.1724,0.82677,1.0998,0.75176,0.4522,0.99956,Mast,UC_vs_HC
AL121658.1,0.25909,-1.0649,2.1416,-0.49727,0.619,,Mast,UC_vs_HC
SLC30A6,0.71889,0.46407,1.0021,0.46308,0.64331,,Mast,UC_vs_HC
YIPF4,3.2051,-0.088416,0.55923,-0.1581,0.87438,0.99956,Mast,UC_vs_HC
BIRC6,3.7339,-0.38292,0.55022,-0.69594,0.48647,0.99956,Mast,UC_vs_HC
TTC27,0.62136,1.1236,0.99819,1.1256,0.26032,,Mast,UC_vs_HC
RASGRP3,0.96272,2.1187,1.1621,1.8232,0.068271,,Mast,UC_vs_HC
FAM98A,1.5115,-0.52114,0.87639,-0.59465,0.55208,0.99956,Mast,UC_vs_HC
CRIM1,0.4871,0.46702,1.1629,0.4016,0.68798,,Mast,UC_vs_HC
FEZ2,2.3297,-1.1773,0.99527,-1.1829,0.23684,0.99956,Mast,UC_vs_HC
STRN,0.44855,1.5634,1.5315,1.0208,0.30733,,Mast,UC_vs_HC
HEATR5B,1.1522,-0.14173,1.3064,-0.10849,0.9136,0.99956,Mast,UC_vs_HC
GPATCH11,1.9938,-0.022437,0.79967,-0.028058,0.97762,0.99956,Mast,UC_vs_HC
EIF2AK2,3.4575,-0.13097,0.62766,-0.20866,0.83472,0.99956,Mast,UC_vs_HC
CEBPZOS,3.9696,-0.18567,0.66761,-0.27812,0.78092,0.99956,Mast,UC_vs_HC
CEBPZ,7.1816,-0.97665,0.46724,-2.0902,0.036595,0.90299,Mast,UC_vs_HC
NDUFAF7,1.3159,0.17166,0.80034,0.21449,0.83017,0.99956,Mast,UC_vs_HC
PRKD3,7.2651,0.61141,0.53866,1.1351,0.25635,0.99956,Mast,UC_vs_HC
QPCT,3.8656,0.48871,0.72605,0.67311,0.50088,0.99956,Mast,UC_vs_HC
CDC42EP3,15.115,-0.65836,0.43273,-1.5214,0.12815,0.99956,Mast,UC_vs_HC
RMDN2,0.40942,0.011954,1.2193,0.0098039,0.99218,,Mast,UC_vs_HC
RMDN2-AS1,0.0134,0.3681,4.0861,0.090086,0.92822,,Mast,UC_vs_HC
CYP1B1,0.6294,-1.3205,2.3783,-0.55523,0.57874,,Mast,UC_vs_HC
CYP1B1-AS1,0.063815,-0.46407,3.2326,-0.14356,0.88585,,Mast,UC_vs_HC
ATL2,0.79115,0.79315,1.4152,0.56045,0.57517,,Mast,UC_vs_HC
HNRNPLL,0.51096,1.3492,1.1489,1.1743,0.24026,,Mast,UC_vs_HC
GALM,1.0419,-0.38338,0.98695,-0.38845,0.69769,,Mast,UC_vs_HC
SRSF7,44.222,-0.22314,0.40965,-0.54472,0.58595,0.99956,Mast,UC_vs_HC
GEMIN6,0.80768,-0.5434,1.1165,-0.48671,0.62646,,Mast,UC_vs_HC
DHX57,0.41395,0.79607,1.5043,0.52919,0.59667,,Mast,UC_vs_HC
MORN2,0.87898,0.98389,0.87592,1.1233,0.26133,,Mast,UC_vs_HC
AC019171.1,0.024934,1.088,4.0829,0.26647,0.78988,,Mast,UC_vs_HC
SOS1,1.5395,0.371,0.81732,0.45392,0.64988,0.99956,Mast,UC_vs_HC
MAP4K3,0.13545,0.74469,1.8445,0.40374,0.6864,,Mast,UC_vs_HC
AC007388.1,0.037456,0.73093,4.1338,0.17682,0.85965,,Mast,UC_vs_HC
THUMPD2,0.4831,0.13316,1.424,0.093509,0.9255,,Mast,UC_vs_HC
PKDCC,0.037578,0.16073,4.0541,0.039647,0.96837,,Mast,UC_vs_HC
EML4,2.5797,0.34509,0.60929,0.56638,0.57114,0.99956,Mast,UC_vs_HC
COX7A2L,13.077,-0.2401,0.28623,-0.83882,0.40157,0.99956,Mast,UC_vs_HC
MTA3,0.67853,1.1033,1.1436,0.96474,0.33467,,Mast,UC_vs_HC
OXER1,0.17327,-0.28091,2.4179,-0.11618,0.90751,,Mast,UC_vs_HC
HAAO,0.99379,-1.7144,1.0044,-1.7069,0.08785,,Mast,UC_vs_HC
ZFP36L2,14.848,0.81431,0.47821,1.7028,0.088605,0.99956,Mast,UC_vs_HC
LINC01126,0.018728,0.70632,4.1361,0.17077,0.86441,,Mast,UC_vs_HC
AC010883.1,0.10845,-0.37131,2.2594,-0.16434,0.86946,,Mast,UC_vs_HC
THADA,1.0716,-0.061626,0.89441,-0.068901,0.94507,,Mast,UC_vs_HC
PLEKHH2,0.037578,0.16073,4.0541,0.039647,0.96837,,Mast,UC_vs_HC
C1GALT1C1L,0.0134,0.3681,4.0861,0.090086,0.92822,,Mast,UC_vs_HC
DYNC2LI1,1.109,-0.22547,0.88952,-0.25347,0.7999,,Mast,UC_vs_HC
ABCG8,0.1949,0.79738,4.1294,0.1931,0.84688,,Mast,UC_vs_HC
LRPPRC,1.4573,-0.10468,1.0355,-0.1011,0.91947,0.99956,Mast,UC_vs_HC
AC019129.2,0.024934,1.088,4.0829,0.26647,0.78988,,Mast,UC_vs_HC
PPM1B,2.253,1.028,0.794,1.2947,0.19542,0.99956,Mast,UC_vs_HC
SLC3A1,0.059765,0.024139,4.0722,0.0059277,0.99527,,Mast,UC_vs_HC
PREPL,2.0353,0.26643,0.86998,0.30624,0.75942,0.99956,Mast,UC_vs_HC
CAMKMT,0.35176,1.1942,1.6341,0.73083,0.46488,,Mast,UC_vs_HC
SRBD1,1.4394,1.1773,0.77646,1.5162,0.12946,0.99956,Mast,UC_vs_HC
PRKCE,1.4243,-1.1193,0.9026,-1.2401,0.21494,0.99956,Mast,UC_vs_HC
EPAS1,4.035,1.7691,0.76197,2.3217,0.020249,0.78717,Mast,UC_vs_HC
ATP6V1E2,0.33965,0.56706,1.9572,0.28972,0.77203,,Mast,UC_vs_HC
RHOQ,1.7504,1.2503,0.86985,1.4374,0.15062,0.99956,Mast,UC_vs_HC
PIGF,2.3029,-0.53428,0.61124,-0.8741,0.38207,0.99956,Mast,UC_vs_HC
CRIPT,2.8051,-0.10846,0.58059,-0.18681,0.85181,0.99956,Mast,UC_vs_HC
SOCS5,0.76324,-0.24249,0.98384,-0.24648,0.80531,,Mast,UC_vs_HC
LINC01118,0.061817,1.2524,3.1942,0.39209,0.69499,,Mast,UC_vs_HC
MCFD2,3.8511,-0.0034513,0.56061,-0.0061563,0.99509,0.99956,Mast,UC_vs_HC
TTC7A,0.24846,-0.67601,1.5696,-0.43068,0.6667,,Mast,UC_vs_HC
CALM2,40.944,-0.52624,0.25414,-2.0707,0.038388,0.90299,Mast,UC_vs_HC
EPCAM,0.22064,-0.5139,1.6392,-0.3135,0.7539,,Mast,UC_vs_HC
MSH2,1.0102,-0.70924,1.0027,-0.70734,0.47935,,Mast,UC_vs_HC
MSH6,1.3061,0.955,0.84667,1.1279,0.25934,0.99956,Mast,UC_vs_HC
FBXO11,4.925,0.098277,0.50149,0.19597,0.84463,0.99956,Mast,UC_vs_HC
AC079807.1,0.1205,-0.41456,3.9842,-0.10405,0.91713,,Mast,UC_vs_HC
FOXN2,3.274,0.37243,0.67748,0.54972,0.58251,0.99956,Mast,UC_vs_HC
AC093635.1,0.34079,-1.8489,1.906,-0.97007,0.33201,,Mast,UC_vs_HC
PPP1R21,0.42672,0.61536,1.214,0.50687,0.61225,,Mast,UC_vs_HC
NRXN1,0.0134,0.3681,4.0861,0.090086,0.92822,,Mast,UC_vs_HC
ASB3,1.0236,0.52709,1.3845,0.38069,0.70343,,Mast,UC_vs_HC
CHAC2,0.49964,0.10764,1.049,0.10261,0.91827,,Mast,UC_vs_HC
ERLEC1,5.8339,0.47336,0.57625,0.82145,0.41139,0.99956,Mast,UC_vs_HC
GPR75,0.026346,1.1367,4.0708,0.27924,0.78006,,Mast,UC_vs_HC
PSME4,2.9043,-0.5575,0.58245,-0.95717,0.33848,0.99956,Mast,UC_vs_HC
ACYP2,2.4493,0.43048,0.76015,0.5663,0.57119,0.99956,Mast,UC_vs_HC
AC008280.3,0.0134,0.3681,4.0861,0.090086,0.92822,,Mast,UC_vs_HC
SPTBN1,3.9024,0.47686,0.47519,1.0035,0.31562,0.99956,Mast,UC_vs_HC
EML6,0.14238,0.45963,2.4686,0.18619,0.85229,,Mast,UC_vs_HC
RTN4,11.903,-0.18537,0.43774,-0.42346,0.67196,0.99956,Mast,UC_vs_HC
CLHC1,0.23105,-0.56953,2.0332,-0.28011,0.77939,,Mast,UC_vs_HC
RPS27A,469.46,-0.13458,0.20518,-0.65591,0.51188,0.99956,Mast,UC_vs_HC
MTIF2,0.91247,-0.23096,0.99331,-0.23251,0.81614,,Mast,UC_vs_HC
AC012358.3,0.070007,1.5443,1.9807,0.77969,0.43557,,Mast,UC_vs_HC
CCDC88A,9.1631,0.17415,0.45336,0.38414,0.70088,0.99956,Mast,UC_vs_HC
CFAP36,5.238,0.032667,0.5605,0.058281,0.95352,0.99956,Mast,UC_vs_HC
PPP4R3B,4.432,-0.012861,0.53591,-0.023999,0.98085,0.99956,Mast,UC_vs_HC
AC015982.1,0.18317,-0.3181,2.0327,-0.15649,0.87565,,Mast,UC_vs_HC
PNPT1,1.7945,0.6678,0.7762,0.86035,0.3896,0.99956,Mast,UC_vs_HC
VRK2,1.9089,1.2864,0.68159,1.8874,0.059111,0.98721,Mast,UC_vs_HC
FANCL,0.91634,0.064581,0.9101,0.070961,0.94343,,Mast,UC_vs_HC
LINC01793,0.024934,1.088,4.0829,0.26647,0.78988,,Mast,UC_vs_HC
BCL11A,0.97526,1.0573,1.2442,0.84976,0.39546,,Mast,UC_vs_HC
PAPOLG,1.2909,1.8679,1.1422,1.6353,0.10199,0.99956,Mast,UC_vs_HC
REL,80.28,-0.39781,0.30777,-1.2926,0.19616,0.99956,Mast,UC_vs_HC
PUS10,0.11707,0.52111,2.1795,0.2391,0.81103,,Mast,UC_vs_HC
PEX13,0.94493,1.2654,0.89295,1.4171,0.15646,,Mast,UC_vs_HC
KIAA1841,0.17523,-0.2814,2.3681,-0.11883,0.90541,,Mast,UC_vs_HC
C2orf74,1.9984,-0.42947,0.74492,-0.57653,0.56426,0.99956,Mast,UC_vs_HC
USP34,4.3926,0.88308,0.82826,1.0662,0.28634,0.99956,Mast,UC_vs_HC
AC016727.1,0.14059,0.80721,1.5224,0.53022,0.59596,,Mast,UC_vs_HC
XPO1,4.2796,0.78388,0.59,1.3286,0.18398,0.99956,Mast,UC_vs_HC
FAM161A,0.3851,0.078412,1.7522,0.04475,0.96431,,Mast,UC_vs_HC
CCT4,7.1728,-0.58871,0.39331,-1.4968,0.13444,0.99956,Mast,UC_vs_HC
AC107081.2,0.039637,-0.23575,2.975,-0.079243,0.93684,,Mast,UC_vs_HC
COMMD1,5.9853,0.41064,0.4097,1.0023,0.3162,0.99956,Mast,UC_vs_HC
B3GNT2,0.47282,0.6406,1.3283,0.48226,0.62962,,Mast,UC_vs_HC
TMEM17,0.0134,0.3681,4.0861,0.090086,0.92822,,Mast,UC_vs_HC
EHBP1,0.53349,0.8458,1.205,0.70192,0.48273,,Mast,UC_vs_HC
AC009501.1,0.45531,-1.3291,2.6031,-0.51057,0.60965,,Mast,UC_vs_HC
WDPCP,0.38695,-0.62416,1.2488,-0.49979,0.61722,,Mast,UC_vs_HC
MDH1,7.2826,0.0047557,0.39322,0.012094,0.99035,0.99956,Mast,UC_vs_HC
UGP2,7.6752,0.74282,0.51201,1.4508,0.14684,0.99956,Mast,UC_vs_HC
VPS54,0.41455,1.4424,1.2686,1.137,0.25553,,Mast,UC_vs_HC
PELI1,1.1986,0.65526,0.9699,0.67559,0.4993,0.99956,Mast,UC_vs_HC
AC012368.1,0.069889,0.66126,3.2782,0.20171,0.84014,,Mast,UC_vs_HC
LGALSL,0.17026,0.051535,1.617,0.031872,0.97457,,Mast,UC_vs_HC
AC008074.3,0.10343,0.54765,2.3363,0.23441,0.81467,,Mast,UC_vs_HC
AFTPH,2.5631,1.2467,0.59912,2.0809,0.037445,0.90299,Mast,UC_vs_HC
SERTAD2,1.3391,1.8421,0.81123,2.2707,0.023162,0.81504,Mast,UC_vs_HC
AC007365.1,0.071311,0.53435,2.125,0.25146,0.80146,,Mast,UC_vs_HC
SLC1A4,0.50447,-0.65177,1.4659,-0.44462,0.65659,,Mast,UC_vs_HC
CEP68,1.3162,0.98114,0.82225,1.1932,0.23278,0.99956,Mast,UC_vs_HC
RAB1A,6.3575,-0.25352,0.44787,-0.56606,0.57136,0.99956,Mast,UC_vs_HC
ACTR2,14.35,-0.099661,0.33224,-0.29997,0.7642,0.99956,Mast,UC_vs_HC
SPRED2,0.2254,1.188,1.4052,0.84541,0.39788,,Mast,UC_vs_HC
ETAA1,0.13717,1.2832,3.6864,0.34809,0.72777,,Mast,UC_vs_HC
C1D,4.6217,-0.62886,0.47011,-1.3377,0.181,0.99956,Mast,UC_vs_HC
WDR92,0.42408,0.46999,1.2029,0.39071,0.69601,,Mast,UC_vs_HC
PNO1,2.924,-0.11489,0.54947,-0.20909,0.83438,0.99956,Mast,UC_vs_HC
PPP3R1,1.448,1.259,0.90195,1.3959,0.16274,0.99956,Mast,UC_vs_HC
AC017083.2,0.0134,0.3681,4.0861,0.090086,0.92822,,Mast,UC_vs_HC
AC017083.1,0.20747,0.92243,1.5624,0.59038,0.55494,,Mast,UC_vs_HC
CNRIP1,9.5564,0.0382,0.48983,0.077985,0.93784,0.99956,Mast,UC_vs_HC
PLEK,2.9919,0.82253,0.50066,1.6429,0.1004,0.99956,Mast,UC_vs_HC
FBXO48,0.3199,-0.4504,1.3668,-0.32952,0.74176,,Mast,UC_vs_HC
APLF,0.31733,1.6453,1.9601,0.83941,0.40124,,Mast,UC_vs_HC
ARHGAP25,6.0813,-0.080231,0.45502,-0.17632,0.86004,0.99956,Mast,UC_vs_HC
LINC01888,0.06025,0.16073,4.0541,0.039647,0.96837,,Mast,UC_vs_HC
GFPT1,2.0337,-0.41846,0.7958,-0.52583,0.599,0.99956,Mast,UC_vs_HC
NFU1,2.9988,-0.14607,0.52384,-0.27885,0.78036,0.99956,Mast,UC_vs_HC
AAK1,6.3349,0.99536,0.74037,1.3444,0.17882,0.99956,Mast,UC_vs_HC
ANXA4,13.206,0.18533,0.33088,0.56012,0.5754,0.99956,Mast,UC_vs_HC
GMCL1,1.2767,0.34786,0.87498,0.39756,0.69095,0.99956,Mast,UC_vs_HC
SNRNP27,3.5795,-0.025323,0.52937,-0.047837,0.96185,0.99956,Mast,UC_vs_HC
MXD1,3.4668,1.0525,0.91033,1.1562,0.24762,0.99956,Mast,UC_vs_HC
PCBP1,14.689,0.42662,0.28562,1.4936,0.13527,0.99956,Mast,UC_vs_HC
LINC01816,0.095829,0.12919,2.3215,0.055648,0.95562,,Mast,UC_vs_HC
C2orf42,0.4346,-0.23564,1.6248,-0.14502,0.88469,,Mast,UC_vs_HC
TIA1,3.1931,-0.14826,0.58069,-0.25532,0.79848,0.99956,Mast,UC_vs_HC
PCYOX1,0.96315,-1.9833,1.1207,-1.7698,0.076767,,Mast,UC_vs_HC
SNRPG,22.92,0.00516,0.22185,0.023259,0.98144,0.99956,Mast,UC_vs_HC
FAM136A,1.9038,-0.02542,0.63053,-0.040315,0.96784,0.99956,Mast,UC_vs_HC
TGFA,0.19153,0.21045,1.7861,0.11783,0.90621,,Mast,UC_vs_HC
TEX261,0.77292,0.70859,1.1193,0.63307,0.52669,,Mast,UC_vs_HC
NAGK,4.5181,-0.062324,0.46399,-0.13432,0.89315,0.99956,Mast,UC_vs_HC
AC007881.3,0.06025,0.16073,4.0541,0.039647,0.96837,,Mast,UC_vs_HC
MCEE,0.54586,-0.021613,0.98002,-0.022054,0.9824,,Mast,UC_vs_HC
MPHOSPH10,2.7998,-0.21021,0.55652,-0.37773,0.70563,0.99956,Mast,UC_vs_HC
PAIP2B,0.14944,1.8296,2.1094,0.86736,0.38574,,Mast,UC_vs_HC
ZNF638,4.5732,0.24029,0.51225,0.46908,0.63901,0.99956,Mast,UC_vs_HC
AC007878.1,0.18227,0.72129,1.7795,0.40533,0.68523,,Mast,UC_vs_HC
EXOC6B,1.1446,-1.9055,1.0841,-1.7576,0.078817,0.99956,Mast,UC_vs_HC
SFXN5,0.36457,0.84362,2.0392,0.41371,0.67909,,Mast,UC_vs_HC
SMYD5,0.28629,0.0028179,1.6346,0.001724,0.99862,,Mast,UC_vs_HC
PRADC1,2.1882,0.98994,1.1389,0.8692,0.38474,0.99956,Mast,UC_vs_HC
CCT7,6.3643,-0.44465,0.43186,-1.0296,0.30319,0.99956,Mast,UC_vs_HC
FBXO41,0.051279,1.4865,2.8551,0.52065,0.60261,,Mast,UC_vs_HC
EGR4,0.56822,-0.88459,2.4626,-0.35921,0.71944,,Mast,UC_vs_HC
ALMS1,0.98633,-1.7188,1.2234,-1.405,0.16002,,Mast,UC_vs_HC
TPRKB,6.2017,-0.32859,0.4049,-0.81153,0.41706,0.99956,Mast,UC_vs_HC
DUSP11,1.9814,-0.70955,0.6402,-1.1083,0.26772,0.99956,Mast,UC_vs_HC
STAMBP,2.9079,0.1175,0.65646,0.17898,0.85795,0.99956,Mast,UC_vs_HC
ACTG2,0.10737,0.16073,4.0541,0.039647,0.96837,,Mast,UC_vs_HC
DGUOK,7.0522,-0.057808,0.44323,-0.13042,0.89623,0.99956,Mast,UC_vs_HC
DGUOK-AS1,0.10737,0.16073,4.0541,0.039647,0.96837,,Mast,UC_vs_HC
TET3,0.53309,-0.11214,1.662,-0.067477,0.9462,,Mast,UC_vs_HC
BOLA3,2.1148,-0.29314,0.59065,-0.49629,0.61969,0.99956,Mast,UC_vs_HC
BOLA3-AS1,1.3385,1.0189,0.98544,1.034,0.30115,0.99956,Mast,UC_vs_HC
MOB1A,12.176,0.78352,0.30858,2.5391,0.011114,0.72228,Mast,UC_vs_HC
AC073263.2,0.056489,0.8828,3.1215,0.28281,0.77732,,Mast,UC_vs_HC
MTHFD2,5.199,1.2974,0.52547,2.469,0.013548,0.72228,Mast,UC_vs_HC
SLC4A5,0.24065,-0.10949,2.2105,-0.049534,0.96049,,Mast,UC_vs_HC
DCTN1,1.49,-0.10426,0.79502,-0.13114,0.89566,0.99956,Mast,UC_vs_HC
WDR54,0.37161,0.13943,1.6348,0.085291,0.93203,,Mast,UC_vs_HC
RTKN,0.16772,-1.1444,1.8101,-0.63223,0.52724,,Mast,UC_vs_HC
INO80B,0.37345,0.23699,1.3644,0.1737,0.8621,,Mast,UC_vs_HC
WBP1,0.053037,-0.40462,3.0583,-0.1323,0.89475,,Mast,UC_vs_HC
MOGS,0.95943,0.75175,0.89498,0.83996,0.40093,,Mast,UC_vs_HC
MRPL53,0.86397,-0.14868,1.063,-0.13987,0.88876,,Mast,UC_vs_HC
CCDC142,0.34513,0.34532,1.4133,0.24433,0.80697,,Mast,UC_vs_HC
TTC31,0.79399,-0.205,0.87526,-0.23422,0.81482,,Mast,UC_vs_HC
LBX2,0.083202,0.61127,3.3445,0.18277,0.85498,,Mast,UC_vs_HC
LBX2-AS1,0.33197,1.0981,1.5611,0.7034,0.4818,,Mast,UC_vs_HC
PCGF1,0.76324,-0.0069603,1.2062,-0.0057706,0.9954,,Mast,UC_vs_HC
AUP1,5.6829,-0.19143,0.5133,-0.37294,0.70919,0.99956,Mast,UC_vs_HC
HTRA2,1.7534,0.75753,0.94285,0.80345,0.42171,0.99956,Mast,UC_vs_HC
LOXL3,0.11518,0.069591,3.7961,0.018332,0.98537,,Mast,UC_vs_HC
DOK1,1.2258,1.3825,0.9623,1.4366,0.15082,0.99956,Mast,UC_vs_HC
M1AP,0.088054,0.61965,2.233,0.2775,0.7814,,Mast,UC_vs_HC
SEMA4F,0.075217,0.85206,2.0949,0.40673,0.68421,,Mast,UC_vs_HC
AC019069.1,0.11111,1.9685,3.2162,0.61205,0.5405,,Mast,UC_vs_HC
HK2,1.7278,0.62978,0.75395,0.83531,0.40354,0.99956,Mast,UC_vs_HC
AC104135.1,0.13279,0.73069,4.1338,0.17676,0.8597,,Mast,UC_vs_HC
POLE4,7.6296,-0.11216,0.43111,-0.26017,0.79473,0.99956,Mast,UC_vs_HC
TACR1,1.0539,-0.56291,1.1441,-0.49203,0.6227,,Mast,UC_vs_HC
AC007681.1,0.0134,0.3681,4.0861,0.090086,0.92822,,Mast,UC_vs_HC
MRPL19,1.4755,-0.50883,0.83566,-0.6089,0.54259,0.99956,Mast,UC_vs_HC
GCFC2,0.55926,1.141,1.4163,0.80561,0.42047,,Mast,UC_vs_HC
REG1A,0.12272,0.5683,2.2576,0.25173,0.80125,,Mast,UC_vs_HC
CTNNA2,0.13279,0.73069,4.1338,0.17676,0.8597,,Mast,UC_vs_HC
SUCLG1,6.3977,-0.35944,0.41357,-0.86913,0.38478,0.99956,Mast,UC_vs_HC
TRABD2A,0.086002,-0.50582,3.3405,-0.15142,0.87964,,Mast,UC_vs_HC
TMSB10,176.92,-0.46949,0.17636,-2.6621,0.0077651,0.67077,Mast,UC_vs_HC
KCMF1,2.5454,1.4637,0.71011,2.0613,0.039276,0.90299,Mast,UC_vs_HC
TCF7L1,0.14141,-0.47839,2.5855,-0.18503,0.85321,,Mast,UC_vs_HC
TGOLN2,8.5447,-0.42458,0.36102,-1.1761,0.23957,0.99956,Mast,UC_vs_HC
RETSAT,0.36984,-0.36467,1.1837,-0.30808,0.75802,,Mast,UC_vs_HC
ELMOD3,0.58834,2.6271,1.3676,1.9209,0.054749,,Mast,UC_vs_HC
CAPG,66.948,0.29826,0.32819,0.90882,0.36345,0.99956,Mast,UC_vs_HC
SH2D6,0.056184,0.74969,4.1322,0.18142,0.85603,,Mast,UC_vs_HC
MAT2A,9.7008,-0.12559,0.54547,-0.23024,0.8179,0.99956,Mast,UC_vs_HC
GGCX,1.9085,0.7629,0.78222,0.9753,0.32941,0.99956,Mast,UC_vs_HC
VAMP8,32.542,0.26993,0.22193,1.2163,0.22387,0.99956,Mast,UC_vs_HC
VAMP5,6.3353,0.55575,0.44713,1.2429,0.21389,0.99956,Mast,UC_vs_HC
RNF181,8.483,0.20305,0.33146,0.61259,0.54015,0.99956,Mast,UC_vs_HC
TMEM150A,0.63388,1.7207,1.4716,1.1693,0.24229,,Mast,UC_vs_HC
USP39,1.4333,0.98906,1.0331,0.95741,0.33836,0.99956,Mast,UC_vs_HC
C2orf68,0.86629,-0.60307,1.2093,-0.49867,0.61801,,Mast,UC_vs_HC
GNLY,5.0064,5.859,3.9138,1.497,,,Mast,UC_vs_HC
ST3GAL5,1.6035,0.21672,0.73083,0.29653,0.76682,0.99956,Mast,UC_vs_HC
ST3GAL5-AS1,0.0134,0.3681,4.0861,0.090086,0.92822,,Mast,UC_vs_HC
POLR1A,0.37856,1.882,1.3189,1.427,0.15359,,Mast,UC_vs_HC
PTCD3,2.0405,0.38038,0.82023,0.46376,0.64282,0.99956,Mast,UC_vs_HC
IMMT,3.1556,-0.18831,0.59799,-0.3149,0.75284,0.99956,Mast,UC_vs_HC
AC009309.1,0.14588,-0.42934,3.6592,-0.11733,0.9066,,Mast,UC_vs_HC
MRPL35,2.0793,0.98619,0.63271,1.5587,0.11907,0.99956,Mast,UC_vs_HC
REEP1,0.026237,0.024139,4.0722,0.0059277,0.99527,,Mast,UC_vs_HC
KDM3A,1.5548,-0.0069857,0.78595,-0.0088883,0.99291,0.99956,Mast,UC_vs_HC
CHMP3,8.3275,0.21362,0.35396,0.60351,0.54617,0.99956,Mast,UC_vs_HC
AC015971.1,0.032128,0.40025,2.7752,0.14423,0.88532,,Mast,UC_vs_HC
RNF103,4.4591,0.63294,0.59744,1.0594,0.2894,0.99956,Mast,UC_vs_HC
RMND5A,0.8894,-0.72896,1.0764,-0.67725,0.49825,,Mast,UC_vs_HC
CD8A,0.18224,1.6141,2.2687,0.71149,0.47678,,Mast,UC_vs_HC
CD8B,0.22517,2.2699,3.9836,0.56981,0.5688,,Mast,UC_vs_HC
PLGLB1,0.12077,-0.051155,3.397,-0.015059,0.98799,,Mast,UC_vs_HC
LINC01943,0.39028,0.57944,2.0442,0.28345,0.77683,,Mast,UC_vs_HC
CYTOR,8.4825,-0.81981,0.47529,-1.7249,0.084552,0.99956,Mast,UC_vs_HC
AC133644.2,0.0134,0.3681,4.0861,0.090086,0.92822,,Mast,UC_vs_HC
RGPD2,0.19304,0.22195,3.9187,0.056638,0.95483,,Mast,UC_vs_HC
KRCC1,2.9353,-0.22862,0.5982,-0.38218,0.70233,0.99956,Mast,UC_vs_HC
FABP1,5.5842,-3.5052,1.1172,-3.1376,0.0017035,0.32388,Mast,UC_vs_HC
THNSL2,0.050978,-0.055356,2.9247,-0.018927,0.9849,,Mast,UC_vs_HC
EIF2AK3,1.097,-0.060562,0.99552,-0.060835,0.95149,,Mast,UC_vs_HC
AC062029.1,0.018728,0.70632,4.1361,0.17077,0.86441,,Mast,UC_vs_HC
RPIA,1.4344,-0.0059245,0.94604,-0.0062624,0.995,0.99956,Mast,UC_vs_HC
IGKC,1608.1,3.0998,1.3535,2.2902,0.022012,0.80239,Mast,UC_vs_HC
IGKV4-1,1.4456,0.31268,3.8166,0.081925,0.93471,0.99956,Mast,UC_vs_HC
IGKV1-5,0.46593,0.14823,2.3948,0.061897,0.95064,,Mast,UC_vs_HC
IGKV1-9,0.079159,-0.28658,2.1515,-0.1332,0.89404,,Mast,UC_vs_HC
IGKV3-11,0.14711,0.39575,2.3215,0.17047,0.86464,,Mast,UC_vs_HC
IGKV3-15,0.18791,0.73759,2.7142,0.27176,0.78581,,Mast,UC_vs_HC
IGKV1-16,0.026346,1.1367,4.0708,0.27924,0.78006,,Mast,UC_vs_HC
IGKV1-17,0.0134,0.3681,4.0861,0.090086,0.92822,,Mast,UC_vs_HC
IGKV3-20,0.84263,2.4225,1.6003,1.5138,,,Mast,UC_vs_HC
IGKV2-30,0.0134,0.3681,4.0861,0.090086,0.92822,,Mast,UC_vs_HC
IGKV1-39,0.066091,1.1105,3.1849,0.34866,0.72734,,Mast,UC_vs_HC
IGKV1D-33,0.075058,1.3326,4.0556,0.32858,0.74247,,Mast,UC_vs_HC
IGKV2D-29,0.043089,1.2415,4.0577,0.30596,0.75964,,Mast,UC_vs_HC
IGKV3D-20,0.091273,0.023887,3.6038,0.0066283,0.99471,,Mast,UC_vs_HC
IGKV1D-16,0.026237,0.024139,4.0722,0.0059277,0.99527,,Mast,UC_vs_HC
IGKV1D-8,0.40146,0.30659,2.6457,0.11588,0.90775,,Mast,UC_vs_HC
AC233263.6,0.018728,0.70632,4.1361,0.17077,0.86441,,Mast,UC_vs_HC
ANKRD20A8P,0.0134,0.3681,4.0861,0.090086,0.92822,,Mast,UC_vs_HC
TEKT4,0.0134,0.3681,4.0861,0.090086,0.92822,,Mast,UC_vs_HC
MAL,0.018728,0.70632,4.1361,0.17077,0.86441,,Mast,UC_vs_HC
MRPS5,2.1397,0.38791,0.68913,0.56289,0.57351,0.99956,Mast,UC_vs_HC
ZNF514,0.42477,1.1317,1.2834,0.88181,0.37788,,Mast,UC_vs_HC
ZNF2,0.052691,1.4311,4.036,0.35458,0.7229,,Mast,UC_vs_HC
PROM2,0.0134,0.3681,4.0861,0.090086,0.92822,,Mast,UC_vs_HC
FAHD2A,0.63711,1.3857,1.2059,1.1491,0.25053,,Mast,UC_vs_HC
LINC00342,0.31317,1.9209,1.4245,1.3485,0.17749,,Mast,UC_vs_HC
ANKRD36C,1.8989,-0.20605,0.7116,-0.28956,0.77215,0.99956,Mast,UC_vs_HC
GPAT2,0.12578,0.86455,2.003,0.43162,0.66602,,Mast,UC_vs_HC
ADRA2B,0.10365,1.2415,4.0577,0.30596,0.75964,,Mast,UC_vs_HC
DUSP2,10.91,0.26084,1.0276,0.25384,0.79962,0.99956,Mast,UC_vs_HC
STARD7,2.2537,1.0303,0.76178,1.3525,0.17621,0.99956,Mast,UC_vs_HC
TMEM127,1.0832,0.70369,0.89378,0.78731,0.4311,,Mast,UC_vs_HC
CIAO1,2.0863,1.4446,0.82326,1.7547,0.079314,0.99956,Mast,UC_vs_HC
SNRNP200,3.5538,0.05237,0.56608,0.092514,0.92629,0.99956,Mast,UC_vs_HC
AC021188.1,0.19057,0.11218,2.753,0.040748,0.9675,,Mast,UC_vs_HC
NCAPH,0.079045,0.55747,4.1549,0.13417,0.89327,,Mast,UC_vs_HC
ARID5A,2.129,0.66008,0.90493,0.72943,0.46574,0.99956,Mast,UC_vs_HC
KANSL3,1.901,-0.94119,0.72955,-1.2901,0.19702,0.99956,Mast,UC_vs_HC
LMAN2L,0.21873,-0.59687,2.1362,-0.27941,0.77993,,Mast,UC_vs_HC
CNNM4,0.67438,2.0373,1.6549,1.2311,0.21829,,Mast,UC_vs_HC
CNNM3,0.17966,0.19845,1.4102,0.14072,0.88809,,Mast,UC_vs_HC
ANKRD39,1.4367,0.0088065,0.82328,0.010697,0.99147,0.99956,Mast,UC_vs_HC
SEMA4C,0.30456,0.51363,1.4178,0.36227,0.71715,,Mast,UC_vs_HC
FAHD2B,0.44509,-0.16023,1.6588,-0.096593,0.92305,,Mast,UC_vs_HC
ANKRD36,1.4026,1.7831,0.95918,1.8589,0.063035,0.99011,Mast,UC_vs_HC
AC092683.1,1.6866,-0.001173,0.84615,-0.0013862,0.99889,0.99996,Mast,UC_vs_HC
AC092683.2,0.06025,0.16073,4.0541,0.039647,0.96837,,Mast,UC_vs_HC
ANKRD36B,0.53564,0.54763,1.2268,0.44641,0.6553,,Mast,UC_vs_HC
COX5B,29.101,-0.036351,0.41899,-0.086757,0.93086,0.99956,Mast,UC_vs_HC
ACTR1B,1.0692,0.45329,1.0532,0.4304,0.6669,,Mast,UC_vs_HC
C2orf92,0.20109,-0.01751,2.6883,-0.0065132,0.9948,,Mast,UC_vs_HC
ZAP70,0.052922,0.24161,3.2428,0.074505,0.94061,,Mast,UC_vs_HC
TMEM131,2.3867,1.0029,0.71567,1.4014,0.1611,0.99956,Mast,UC_vs_HC
VWA3B,0.018728,0.70632,4.1361,0.17077,0.86441,,Mast,UC_vs_HC
INPP4A,0.41132,-2.0174,1.4537,-1.3878,0.16521,,Mast,UC_vs_HC
COA5,3.2489,0.23381,0.47372,0.49356,0.62162,0.99956,Mast,UC_vs_HC
UNC50,3.3797,0.16959,0.55702,0.30446,0.76078,0.99956,Mast,UC_vs_HC
MGAT4A,2.1983,1.1441,0.78466,1.458,0.14483,0.99956,Mast,UC_vs_HC
KIAA1211L,0.075058,1.3326,4.0556,0.32858,0.74247,,Mast,UC_vs_HC
TSGA10,0.59648,-1.143,1.1489,-0.99482,0.31982,,Mast,UC_vs_HC
C2orf15,0.13949,-0.026334,2.2095,-0.011919,0.99049,,Mast,UC_vs_HC
LIPT1,0.98008,-0.43657,1.0446,-0.41792,0.676,,Mast,UC_vs_HC
MITD1,3.5813,-0.93237,0.55863,-1.669,0.095113,0.99956,Mast,UC_vs_HC
MRPL30,0.56808,-0.94309,1.2419,-0.7594,0.44761,,Mast,UC_vs_HC
LYG2,0.11291,-0.079171,2.1933,-0.036096,0.97121,,Mast,UC_vs_HC
TXNDC9,2.9071,0.64632,0.56322,1.1475,0.25116,0.99956,Mast,UC_vs_HC
EIF5B,11.031,-0.015668,0.3704,-0.0423,0.96626,0.99956,Mast,UC_vs_HC
REV1,1.237,-0.44029,0.98972,-0.44486,0.65642,0.99956,Mast,UC_vs_HC
AC018690.1,0.032128,0.40025,2.7752,0.14423,0.88532,,Mast,UC_vs_HC
AFF3,0.36831,1.3934,4.0544,0.34369,0.73108,,Mast,UC_vs_HC
CHST10,0.085184,0.55419,3.2621,0.16989,0.8651,,Mast,UC_vs_HC
NMS,0.13918,0.344,2.4047,0.14305,0.88625,,Mast,UC_vs_HC
PDCL3,6.6373,-0.30809,0.47699,-0.6459,0.51834,0.99956,Mast,UC_vs_HC
RPL31,72.83,-0.64832,0.44322,-1.4627,0.14354,0.99956,Mast,UC_vs_HC
TBC1D8,0.084602,-0.60755,2.1217,-0.28636,0.7746,,Mast,UC_vs_HC
TBC1D8-AS1,0.059765,0.024139,4.0722,0.0059277,0.99527,,Mast,UC_vs_HC
CNOT11,0.73098,0.79388,1.2883,0.61621,0.53776,,Mast,UC_vs_HC
RNF149,3.7614,1.7448,0.71417,2.4432,0.014559,0.72228,Mast,UC_vs_HC
CREG2,0.10737,0.16073,4.0541,0.039647,0.96837,,Mast,UC_vs_HC
RFX8,0.089407,1.073,3.4752,0.30876,0.7575,,Mast,UC_vs_HC
MAP4K4,3.0368,0.61735,0.62381,0.98966,0.32234,0.99956,Mast,UC_vs_HC
IL1R2,0.039522,0.59268,4.1488,0.14286,0.8864,,Mast,UC_vs_HC
IL1R1,0.039522,0.59268,4.1488,0.14286,0.8864,,Mast,UC_vs_HC
IL1RL1,40.609,0.45689,0.29465,1.5506,0.12099,0.99956,Mast,UC_vs_HC
IL18R1,13.618,0.76789,0.33766,2.2742,0.022956,0.81504,Mast,UC_vs_HC
IL18RAP,0.26907,0.37357,1.6487,0.22658,0.82075,,Mast,UC_vs_HC
MFSD9,0.25691,1.1561,1.8557,0.62297,0.53331,,Mast,UC_vs_HC
TMEM182,0.08471,0.23513,1.6984,0.13844,0.88989,,Mast,UC_vs_HC
LINC01965,0.043089,1.2415,4.0577,0.30596,0.75964,,Mast,UC_vs_HC
MRPS9,1.7483,0.1611,0.68932,0.23371,0.81521,0.99956,Mast,UC_vs_HC
LINC01918,0.12587,0.56851,1.6955,0.33531,0.73739,,Mast,UC_vs_HC
TGFBRAP1,0.17393,0.018355,1.6168,0.011353,0.99094,,Mast,UC_vs_HC
AC012360.3,0.45886,-0.88685,1.6193,-0.54766,0.58393,,Mast,UC_vs_HC
C2orf49,1.3076,-0.88332,0.85232,-1.0364,0.30003,0.99956,Mast,UC_vs_HC
FHL2,0.17298,1.1516,2.3316,0.49392,0.62136,,Mast,UC_vs_HC
NCK2,0.23303,2.4847,1.8172,1.3673,0.17153,,Mast,UC_vs_HC
UXS1,1.2038,0.066065,0.90016,0.073393,0.94149,0.99956,Mast,UC_vs_HC
GCC2,5.4961,-0.16025,0.50985,-0.31432,0.75328,0.99956,Mast,UC_vs_HC
LIMS1,12.065,0.50359,0.46859,1.0747,0.28251,0.99956,Mast,UC_vs_HC
RANBP2,12.813,-0.58106,0.40951,-1.4189,0.15592,0.99956,Mast,UC_vs_HC
CCDC138,0.60155,0.94708,1.6274,0.58195,0.5606,,Mast,UC_vs_HC
SOWAHC,0.082611,1.1759,3.3583,0.35015,0.72623,,Mast,UC_vs_HC
RGPD5,1.4158,0.93937,1.1998,0.78295,0.43366,0.99956,Mast,UC_vs_HC
LIMS3,0.0134,0.3681,4.0861,0.090086,0.92822,,Mast,UC_vs_HC
MALL,0.039522,0.59268,4.1488,0.14286,0.8864,,Mast,UC_vs_HC
NPHP1,0.075058,1.3326,4.0556,0.32858,0.74247,,Mast,UC_vs_HC
SMIM37,4.5345,-0.82749,0.50421,-1.6412,0.10076,0.99956,Mast,UC_vs_HC
MIR4435-2HG,8.5124,-0.43231,0.47143,-0.91701,0.35914,0.99956,Mast,UC_vs_HC
BCL2L11,1.5115,-0.39965,0.91765,-0.43551,0.66319,0.99956,Mast,UC_vs_HC
AC108463.3,0.30603,0.86441,1.454,0.59449,0.55219,,Mast,UC_vs_HC
AC068491.3,0.32622,0.85149,1.1663,0.7301,0.46533,,Mast,UC_vs_HC
AC017002.3,0.13949,-0.026334,2.2095,-0.011919,0.99049,,Mast,UC_vs_HC
AC017002.1,0.059765,0.024139,4.0722,0.0059277,0.99527,,Mast,UC_vs_HC
ANAPC1,0.89903,0.47817,1.1886,0.40229,0.68747,,Mast,UC_vs_HC
MERTK,0.0134,0.3681,4.0861,0.090086,0.92822,,Mast,UC_vs_HC
TMEM87B,0.52258,-0.14674,1.392,-0.10542,0.91604,,Mast,UC_vs_HC
ZC3H8,1.3031,0.82823,0.7429,1.1149,0.26491,0.99956,Mast,UC_vs_HC
ZC3H6,0.95782,0.22191,1.3919,0.15942,0.87333,,Mast,UC_vs_HC
RGPD8,0.086487,-0.46649,3.4066,-0.13694,0.89108,,Mast,UC_vs_HC
TTL,0.95924,-0.078621,1.1156,-0.070472,0.94382,,Mast,UC_vs_HC
POLR1B,0.19619,1.2282,1.5682,0.78322,0.4335,,Mast,UC_vs_HC
CHCHD5,3.2008,-0.088436,0.52815,-0.16744,0.86702,0.99956,Mast,UC_vs_HC
AC079922.2,0.050978,-0.055356,2.9247,-0.018927,0.9849,,Mast,UC_vs_HC
SLC20A1,1.5783,-0.47679,0.69471,-0.68631,0.49251,0.99956,Mast,UC_vs_HC
CKAP2L,0.093786,1.3571,3.1774,0.4271,0.66931,,Mast,UC_vs_HC
IL1A,1.0695,-0.71121,2.2688,-0.31348,0.75392,,Mast,UC_vs_HC
IL1B,5.7708,-0.40883,1.1332,-0.36076,0.71828,0.99956,Mast,UC_vs_HC
IL1RN,0.038333,0.78366,2.7327,0.28677,0.77429,,Mast,UC_vs_HC
PSD4,0.23545,-0.61528,1.5346,-0.40094,0.68847,,Mast,UC_vs_HC
PAX8,0.018728,0.70632,4.1361,0.17077,0.86441,,Mast,UC_vs_HC
AC016745.2,0.051733,0.56404,2.8707,0.19648,0.84423,,Mast,UC_vs_HC
CBWD2,0.59525,-0.76792,1.2528,-0.61298,0.53989,,Mast,UC_vs_HC
RABL2A,0.44592,-0.19759,1.5907,-0.12422,0.90114,,Mast,UC_vs_HC
AC017074.1,0.018728,0.70632,4.1361,0.17077,0.86441,,Mast,UC_vs_HC
SLC35F5,0.93741,0.54896,1.0596,0.51806,0.60441,,Mast,UC_vs_HC
AC104653.1,0.29582,-0.34249,1.4674,-0.2334,0.81545,,Mast,UC_vs_HC
AC110769.2,1.0288,-0.75856,1.0855,-0.69882,0.48466,,Mast,UC_vs_HC
ACTR3,21.993,0.071397,0.38259,0.18661,0.85196,0.99956,Mast,UC_vs_HC
DDX18,12.47,-0.82489,0.35825,-2.3026,0.021304,0.80239,Mast,UC_vs_HC
AC009404.1,0.18231,-1.0022,1.9451,-0.51527,0.60637,,Mast,UC_vs_HC
CCDC93,1.2493,-0.38923,0.91639,-0.42475,0.67102,0.99956,Mast,UC_vs_HC
INSIG2,1.3366,-0.25262,0.92589,-0.27284,0.78498,0.99956,Mast,UC_vs_HC
STEAP3,0.026237,0.024139,4.0722,0.0059277,0.99527,,Mast,UC_vs_HC
C2orf76,2.4887,-0.09234,0.57343,-0.16103,0.87207,0.99956,Mast,UC_vs_HC
DBI,55.253,-0.17979,0.29339,-0.61282,0.54,0.99956,Mast,UC_vs_HC
TMEM37,0.0134,0.3681,4.0861,0.090086,0.92822,,Mast,UC_vs_HC
TMEM177,0.22246,-1.1221,2.0835,-0.53856,0.59019,,Mast,UC_vs_HC
PTPN4,1.2356,0.34895,1.107,0.31523,0.75259,0.99956,Mast,UC_vs_HC
EPB41L5,0.058365,-0.18981,1.9992,-0.094943,0.92436,,Mast,UC_vs_HC
TMEM185B,0.33984,-0.22355,1.4186,-0.15758,0.87478,,Mast,UC_vs_HC
RALB,5.635,-0.7632,0.39091,-1.9524,0.050892,0.96096,Mast,UC_vs_HC
CLASP1,0.76931,1.8232,1.1452,1.5921,0.11136,,Mast,UC_vs_HC
NIFK-AS1,0.662,0.61982,1.023,0.60587,0.5446,,Mast,UC_vs_HC
NIFK,4.0406,-0.0077449,0.63982,-0.012105,0.99034,0.99956,Mast,UC_vs_HC
TSN,3.3428,-0.32324,0.55066,-0.587,0.5572,0.99956,Mast,UC_vs_HC
GYPC,4.1636,-0.30734,0.89806,-0.34222,0.73219,0.99956,Mast,UC_vs_HC
BIN1,0.092989,0.22342,3.423,0.065271,0.94796,,Mast,UC_vs_HC
ERCC3,0.71003,-1.3291,1.1816,-1.1249,0.26063,,Mast,UC_vs_HC
MAP3K2,6.0213,0.006559,0.40991,0.016001,0.98723,0.99956,Mast,UC_vs_HC
AC068282.1,0.29051,1.1457,4.0222,0.28484,0.77576,,Mast,UC_vs_HC
IWS1,2.9617,-0.28257,0.86285,-0.32749,0.7433,0.99956,Mast,UC_vs_HC
AC010976.1,0.064474,0.59268,4.1488,0.14286,0.8864,,Mast,UC_vs_HC
MYO7B,0.039522,0.59268,4.1488,0.14286,0.8864,,Mast,UC_vs_HC
WDR33,6.799,0.19138,0.45342,0.42209,0.67296,0.99956,Mast,UC_vs_HC
SFT2D3,0.15822,0.7568,1.9781,0.38259,0.70202,,Mast,UC_vs_HC
POLR2D,1.0909,1.1927,0.90723,1.3147,0.18861,,Mast,UC_vs_HC
AMMECR1L,0.41695,0.36688,1.434,0.25584,0.79807,,Mast,UC_vs_HC
AC012306.2,0.80827,-1.9983,1.4042,-1.4231,0.15471,,Mast,UC_vs_HC
SAP130,0.2019,-0.65401,1.5418,-0.42419,0.67143,,Mast,UC_vs_HC
UGGT1,1.8071,1.5759,0.75201,2.0956,0.036119,0.90299,Mast,UC_vs_HC
HS6ST1,6.5961,-0.30775,0.47571,-0.64694,0.51767,0.99956,Mast,UC_vs_HC
SMPD4,0.74855,-0.68568,1.2003,-0.57126,0.56782,,Mast,UC_vs_HC
MZT2B,7.7892,0.41113,0.96515,0.42598,0.67012,0.99956,Mast,UC_vs_HC
CCDC115,4.826,-0.2278,0.56688,-0.40185,0.68779,0.99956,Mast,UC_vs_HC
IMP4,2.446,0.0665,0.64163,0.10364,0.91745,0.99956,Mast,UC_vs_HC
PTPN18,2.0085,0.40051,0.76728,0.52198,0.60168,0.99956,Mast,UC_vs_HC
FAM168B,0.78037,-1.1506,0.98454,-1.1687,0.24254,,Mast,UC_vs_HC
PLEKHB2,3.923,0.38383,0.49768,0.77125,0.44056,0.99956,Mast,UC_vs_HC
MZT2A,2.162,-0.93619,1.1781,-0.79467,0.4268,0.99956,Mast,UC_vs_HC
AJ239322.1,0.064474,0.59268,4.1488,0.14286,0.8864,,Mast,UC_vs_HC
MGAT5,0.71829,1.0901,1.2259,0.88917,0.37391,,Mast,UC_vs_HC
CCNT2,2.057,0.50266,0.70728,0.7107,0.47727,0.99956,Mast,UC_vs_HC
RAB3GAP1,2.2903,-0.011329,0.67449,-0.016797,0.9866,0.99956,Mast,UC_vs_HC
ZRANB3,0.23393,-0.11131,1.599,-0.06961,0.9445,,Mast,UC_vs_HC
R3HDM1,0.78361,1.326,1.0685,1.241,0.21461,,Mast,UC_vs_HC
UBXN4,13.857,-0.034481,0.28982,-0.11897,0.9053,0.99956,Mast,UC_vs_HC
MCM6,0.30866,-1.6895,1.8778,-0.89977,0.36824,,Mast,UC_vs_HC
DARS,2.0508,0.095834,0.70708,0.13553,0.89219,0.99956,Mast,UC_vs_HC
DARS-AS1,0.026346,1.1367,4.0708,0.27924,0.78006,,Mast,UC_vs_HC
CXCR4,17.847,3.8181,1.0181,3.7503,0.00017666,0.093082,Mast,UC_vs_HC
HNMT,0.037578,0.16073,4.0541,0.039647,0.96837,,Mast,UC_vs_HC
SPOPL,0.73721,0.41936,1.005,0.41728,0.67647,,Mast,UC_vs_HC
KYNU,0.1998,0.95417,2.6325,0.36245,0.71701,,Mast,UC_vs_HC
ARHGAP15,4.8742,-0.7797,0.64579,-1.2074,0.22729,0.99956,Mast,UC_vs_HC
AC096558.1,0.068811,0.43735,3.185,0.13732,0.89078,,Mast,UC_vs_HC
GTDC1,0.8222,0.23576,0.98481,0.2394,0.81079,,Mast,UC_vs_HC
ZEB2,31.85,0.06101,0.19833,0.30762,0.75837,0.99956,Mast,UC_vs_HC
ZEB2-AS1,0.21851,0.49138,1.5681,0.31337,0.754,,Mast,UC_vs_HC
ACVR2A,0.080667,0.7043,3.3859,0.20801,0.83522,,Mast,UC_vs_HC
ORC4,1.4084,0.29383,0.81875,0.35887,0.71969,0.99956,Mast,UC_vs_HC
MBD5,1.32,1.0834,0.83897,1.2913,0.19658,0.99956,Mast,UC_vs_HC
EPC2,0.60591,-0.89073,1.2192,-0.7306,0.46502,,Mast,UC_vs_HC
KIF5C,0.037456,0.73093,4.1338,0.17682,0.85965,,Mast,UC_vs_HC
LYPD6B,0.077873,0.24265,3.4481,0.070373,0.9439,,Mast,UC_vs_HC
MMADHC,3.4511,-0.5743,0.57732,-0.99476,0.31985,0.99956,Mast,UC_vs_HC
AC007364.1,0.097449,0.73069,4.1338,0.17676,0.8597,,Mast,UC_vs_HC
RND3,0.088557,-0.37794,3.1483,-0.12005,0.90445,,Mast,UC_vs_HC
RBM43,0.72777,-0.24274,1.1687,-0.2077,0.83547,,Mast,UC_vs_HC
NMI,4.5275,0.39384,0.53709,0.73329,0.46338,0.99956,Mast,UC_vs_HC
TNFAIP6,0.064474,0.59268,4.1488,0.14286,0.8864,,Mast,UC_vs_HC
RIF1,2.7151,0.53684,0.68446,0.78433,0.43285,0.99956,Mast,UC_vs_HC
NEB,0.024934,1.088,4.0829,0.26647,0.78988,,Mast,UC_vs_HC
ARL5A,1.3586,0.16259,0.82156,0.1979,0.84312,0.99956,Mast,UC_vs_HC
CACNB4,0.094368,1.8738,1.9502,0.96084,0.33663,,Mast,UC_vs_HC
STAM2,1.4037,-1.4015,0.86136,-1.6271,0.10372,0.99956,Mast,UC_vs_HC
FMNL2,0.27958,1.5415,1.3292,1.1597,0.24617,,Mast,UC_vs_HC
PRPF40A,8.5493,-0.058057,0.4688,-0.12384,0.90144,0.99956,Mast,UC_vs_HC
ARL6IP6,1.4907,0.086686,0.98032,0.088426,0.92954,0.99956,Mast,UC_vs_HC
KCNJ3,0.059765,0.024139,4.0722,0.0059277,0.99527,,Mast,UC_vs_HC
NR4A2,50.582,-0.73525,0.50841,-1.4462,0.14813,0.99956,Mast,UC_vs_HC
GPD2,0.40739,0.99656,1.1542,0.8634,0.38792,,Mast,UC_vs_HC
CYTIP,4.3376,2.062,0.74741,2.7589,0.0058,0.60071,Mast,UC_vs_HC
AC019186.1,0.13279,0.73069,4.1338,0.17676,0.8597,,Mast,UC_vs_HC
ACVR1,0.66014,0.98672,1.2394,0.79614,0.42595,,Mast,UC_vs_HC
CCDC148,0.14752,1.5305,1.6983,0.9012,0.36748,,Mast,UC_vs_HC
PKP4,0.52473,0.42855,1.0545,0.40642,0.68443,,Mast,UC_vs_HC
DAPL1,1.4763,3.1549,1.6215,1.9457,0.051692,0.96096,Mast,UC_vs_HC
TANC1,1.1094,-0.80489,1.0916,-0.73733,0.46092,,Mast,UC_vs_HC
WDSUB1,0.38472,1.2874,1.227,1.0492,0.29409,,Mast,UC_vs_HC
BAZ2B,5.5781,0.60136,0.43531,1.3814,0.16714,0.99956,Mast,UC_vs_HC
AC009506.1,0.15286,0.78819,3.5597,0.22142,0.82476,,Mast,UC_vs_HC
AC009961.1,0.53273,1.1512,1.7601,0.65408,0.51306,,Mast,UC_vs_HC
MARCH7,4.8906,0.42554,0.43153,0.98612,0.32407,0.99956,Mast,UC_vs_HC
CD302,1.399,-0.5386,0.93465,-0.57626,0.56444,0.99956,Mast,UC_vs_HC
LY75,0.60205,1.0034,0.97579,1.0283,0.3038,,Mast,UC_vs_HC
PLA2R1,0.018728,0.70632,4.1361,0.17077,0.86441,,Mast,UC_vs_HC
RBMS1,3.2553,0.42234,0.67982,0.62125,0.53443,0.99956,Mast,UC_vs_HC
TANK,8.6298,-0.40692,0.40554,-1.0034,0.31567,0.99956,Mast,UC_vs_HC
PSMD14,3.9919,0.48019,0.46864,1.0246,0.30553,0.99956,Mast,UC_vs_HC
SLC4A10,0.018728,0.70632,4.1361,0.17077,0.86441,,Mast,UC_vs_HC
DPP4,0.1991,0.81386,1.4273,0.5702,0.56854,,Mast,UC_vs_HC
IFIH1,1.1226,0.78029,0.80831,0.96534,0.33437,0.99956,Mast,UC_vs_HC
GCA,3.3648,-0.053041,0.52309,-0.1014,0.91923,0.99956,Mast,UC_vs_HC
COBLL1,1.7087,-0.3297,0.88207,-0.37378,0.70857,0.99956,Mast,UC_vs_HC
SLC38A11,0.47177,0.86873,1.0796,0.80469,0.421,,Mast,UC_vs_HC
SCN3A,0.15914,1.2101,3.7545,0.3223,0.74723,,Mast,UC_vs_HC
SCN2A,0.75847,3.0192,1.8062,1.6716,0.094601,,Mast,UC_vs_HC
GALNT3,3.5267,-0.23662,0.65113,-0.3634,0.7163,0.99956,Mast,UC_vs_HC
AC009495.3,0.25329,-0.37995,3.9772,-0.095534,0.92389,,Mast,UC_vs_HC
TTC21B,0.41756,1.0959,1.066,1.028,0.30395,,Mast,UC_vs_HC
SCN9A,0.55631,1.8766,1.3771,1.3627,0.17296,,Mast,UC_vs_HC
SCN7A,4.3166,0.30132,0.61145,0.4928,0.62215,0.99956,Mast,UC_vs_HC
STK39,0.10584,-0.06982,3.6994,-0.018873,0.98494,,Mast,UC_vs_HC
CERS6,0.68431,-0.89698,1.1024,-0.81369,0.41582,,Mast,UC_vs_HC
SPC25,0.039522,0.59268,4.1488,0.14286,0.8864,,Mast,UC_vs_HC
DHRS9,5.5102,-0.033377,0.71423,-0.046731,0.96273,0.99956,Mast,UC_vs_HC
BBS5,0.17176,-0.5403,1.5008,-0.36,0.71884,,Mast,UC_vs_HC
FASTKD1,0.80508,1.4739,1.3167,1.1194,0.26298,,Mast,UC_vs_HC
PPIG,14.719,0.31147,0.28742,1.0837,0.2785,0.99956,Mast,UC_vs_HC
CCDC173,0.1651,1.1508,1.9162,0.60055,0.54814,,Mast,UC_vs_HC
PHOSPHO2,0.14048,0.032422,1.5521,0.020889,0.98333,,Mast,UC_vs_HC
KLHL23,0.0985,1.2704,3.5029,0.36268,0.71684,,Mast,UC_vs_HC
SSB,13.263,-0.089335,0.32209,-0.27736,0.78151,0.99956,Mast,UC_vs_HC
METTL5,5.9269,-0.75162,0.39563,-1.8998,0.057458,0.98721,Mast,UC_vs_HC
UBR3,0.85373,1.6492,1.2738,1.2947,0.19542,,Mast,UC_vs_HC
GAD1,0.026346,1.1367,4.0708,0.27924,0.78006,,Mast,UC_vs_HC
GORASP2,1.8228,0.91875,0.74247,1.2374,0.21593,0.99956,Mast,UC_vs_HC
TLK1,2.808,0.87595,0.68797,1.2732,0.20294,0.99956,Mast,UC_vs_HC
METTL8,1.3582,1.0033,0.85053,1.1796,0.23814,0.99956,Mast,UC_vs_HC
DCAF17,0.11247,0.84526,1.7563,0.48127,0.63032,,Mast,UC_vs_HC
CYBRD1,0.037578,0.16073,4.0541,0.039647,0.96837,,Mast,UC_vs_HC
DYNC1I2,7.9659,-0.4934,0.37641,-1.3108,0.18992,0.99956,Mast,UC_vs_HC
SLC25A12,0.41662,-0.50564,1.5034,-0.33632,0.73663,,Mast,UC_vs_HC
HAT1,3.5001,-1.5411,0.59984,-2.5692,0.010193,0.69258,Mast,UC_vs_HC
METAP1D,0.07797,0.031815,1.9275,0.016506,0.98683,,Mast,UC_vs_HC
ITGA6,0.34441,1.1585,2.6546,0.43639,0.66255,,Mast,UC_vs_HC
AC078883.3,0.064456,1.0747,3.2748,0.32817,0.74278,,Mast,UC_vs_HC
AC078883.1,0.091255,0.46547,2.2169,0.20997,0.83369,,Mast,UC_vs_HC
PDK1,0.28161,0.48498,1.5529,0.3123,0.75481,,Mast,UC_vs_HC
MAP3K20,0.86859,-0.29801,1.2607,-0.23639,0.81313,,Mast,UC_vs_HC
CDCA7,0.050856,0.4354,2.975,0.14635,0.88364,,Mast,UC_vs_HC
SP3,3.2739,-0.38201,0.71417,-0.5349,0.59272,0.99956,Mast,UC_vs_HC
OLA1,4.1209,-0.045543,0.46289,-0.098389,0.92162,0.99956,Mast,UC_vs_HC
CIR1,6.4892,-0.39268,0.4356,-0.90147,0.36734,0.99956,Mast,UC_vs_HC
SCRN3,0.56403,0.77343,1.1913,0.64921,0.5162,,Mast,UC_vs_HC
GPR155,0.12315,1.192,1.6287,0.73189,0.46423,,Mast,UC_vs_HC
AC010894.2,0.043089,1.2415,4.0577,0.30596,0.75964,,Mast,UC_vs_HC
WIPF1,8.08,0.38539,0.34099,1.1302,0.25839,0.99956,Mast,UC_vs_HC
CHN1,0.045074,1.1802,3.0256,0.39009,0.69647,,Mast,UC_vs_HC
ATF2,1.6849,0.52988,0.77583,0.68298,0.49462,0.99956,Mast,UC_vs_HC
ATP5MC3,19.576,0.65781,0.29573,2.2244,0.026122,0.86026,Mast,UC_vs_HC
LNPK,1.2772,1.0052,0.80906,1.2425,0.21407,0.99956,Mast,UC_vs_HC
HAGLR,0.0134,0.3681,4.0861,0.090086,0.92822,,Mast,UC_vs_HC
MTX2,1.6964,-1.1535,0.76088,-1.516,0.12952,0.99956,Mast,UC_vs_HC
LINC01116,0.31422,-0.36168,1.2487,-0.28964,0.77209,,Mast,UC_vs_HC
HNRNPA3,31.38,-0.069288,0.23468,-0.29524,0.76781,0.99956,Mast,UC_vs_HC
NFE2L2,30.638,0.49107,0.39372,1.2473,0.2123,0.99956,Mast,UC_vs_HC
AC079305.1,1.1504,0.083443,0.8588,0.097163,0.9226,0.99956,Mast,UC_vs_HC
AC019080.4,0.026237,0.024139,4.0722,0.0059277,0.99527,,Mast,UC_vs_HC
AGPS,3.1467,0.16349,0.70145,0.23307,0.8157,0.99956,Mast,UC_vs_HC
PDE11A,0.097449,0.73069,4.1338,0.17676,0.8597,,Mast,UC_vs_HC
RBM45,0.31315,0.085777,1.228,0.069849,0.94431,,Mast,UC_vs_HC
OSBPL6,0.52036,1.5207,1.697,0.89615,0.37017,,Mast,UC_vs_HC
AC009948.1,0.61131,0.059802,1.5206,0.039328,0.96863,,Mast,UC_vs_HC
PRKRA,3.6936,-0.12382,0.49331,-0.25099,0.80182,0.99956,Mast,UC_vs_HC
PJVK,0.052474,-0.39825,4.0401,-0.098575,0.92148,,Mast,UC_vs_HC
FKBP7,0.72812,1.2582,1.2534,1.0038,0.31547,,Mast,UC_vs_HC
PLEKHA3,1.0694,0.59681,0.85167,0.70076,0.48345,,Mast,UC_vs_HC
TTN-AS1,1.1197,0.39033,0.97206,0.40155,0.68802,0.99956,Mast,UC_vs_HC
TTN,3.2161,0.022828,0.61414,0.037171,0.97035,0.99956,Mast,UC_vs_HC
AC009948.4,0.043662,1.1196,2.8057,0.39906,0.68985,,Mast,UC_vs_HC
AC010680.2,0.094368,1.8738,1.9502,0.96084,0.33663,,Mast,UC_vs_HC
AC010680.5,0.018728,0.70632,4.1361,0.17077,0.86441,,Mast,UC_vs_HC
AC010680.1,0.097449,0.73069,4.1338,0.17676,0.8597,,Mast,UC_vs_HC
CCDC141,1.704,-0.75538,0.78062,-0.96766,0.33321,0.99956,Mast,UC_vs_HC
SESTD1,0.095048,-0.17296,2.2653,-0.076353,0.93914,,Mast,UC_vs_HC
CWC22,2.0595,0.062451,0.67139,0.093018,0.92589,0.99956,Mast,UC_vs_HC
UBE2E3,2.879,-0.20722,0.55434,-0.37381,0.70855,0.99956,Mast,UC_vs_HC
LINC01934,0.064474,0.59268,4.1488,0.14286,0.8864,,Mast,UC_vs_HC
ITGA4,3.1564,0.4894,0.69788,0.70126,0.48314,0.99956,Mast,UC_vs_HC
CERKL,0.065868,1.0247,3.2484,0.31546,0.75241,,Mast,UC_vs_HC
NEUROD1,0.037578,0.16073,4.0541,0.039647,0.96837,,Mast,UC_vs_HC
AC009962.1,0.33005,0.69645,4.1341,0.16847,0.86622,,Mast,UC_vs_HC
SSFA2,3.1438,-0.092116,0.60028,-0.15345,0.87804,0.99956,Mast,UC_vs_HC
DNAJC10,1.5451,-0.53793,0.86105,-0.62474,0.53214,0.99956,Mast,UC_vs_HC
FRZB,0.059765,0.024139,4.0722,0.0059277,0.99527,,Mast,UC_vs_HC
NCKAP1,1.21,0.076321,0.87857,0.08687,0.93077,0.99956,Mast,UC_vs_HC
DUSP19,0.30264,0.75807,2.0149,0.37624,0.70674,,Mast,UC_vs_HC
NUP35,0.40787,0.65311,1.4547,0.44897,0.65346,,Mast,UC_vs_HC
AC096667.1,0.0134,0.3681,4.0861,0.090086,0.92822,,Mast,UC_vs_HC
ZNF804A,0.14689,0.068627,3.9433,0.017403,0.98611,,Mast,UC_vs_HC
FSIP2,0.0134,0.3681,4.0861,0.090086,0.92822,,Mast,UC_vs_HC
FSIP2-AS1,0.13279,0.73069,4.1338,0.17676,0.8597,,Mast,UC_vs_HC
LINC01473,0.11674,0.4231,2.286,0.18508,0.85316,,Mast,UC_vs_HC
AC017071.1,0.057061,0.81304,1.883,0.43178,0.6659,,Mast,UC_vs_HC
ZC3H15,12.457,0.08804,0.34532,0.25495,0.79876,0.99956,Mast,UC_vs_HC
ITGAV,2.7994,-0.45455,0.72583,-0.62625,0.53115,0.99956,Mast,UC_vs_HC
FAM171B,0.018728,0.70632,4.1361,0.17077,0.86441,,Mast,UC_vs_HC
CALCRL,0.1482,-0.55805,1.8454,-0.3024,0.76235,,Mast,UC_vs_HC
TFPI,0.078493,0.052424,3.5352,0.014829,0.98817,,Mast,UC_vs_HC
COL3A1,0.026346,1.1367,4.0708,0.27924,0.78006,,Mast,UC_vs_HC
COL5A2,0.037578,0.16073,4.0541,0.039647,0.96837,,Mast,UC_vs_HC
WDR75,1.3979,1.4302,0.8715,1.6411,0.10078,0.99956,Mast,UC_vs_HC
SLC40A1,1.5176,-2.947,1.0492,-2.8089,0.0049715,0.58522,Mast,UC_vs_HC
ASNSD1,2.9425,-0.4308,0.61192,-0.70401,0.48143,0.99956,Mast,UC_vs_HC
ANKAR,0.23914,-0.38648,1.3853,-0.279,0.78025,,Mast,UC_vs_HC
OSGEPL1,0.32069,0.76675,1.8597,0.4123,0.68012,,Mast,UC_vs_HC
ORMDL1,7.1502,-0.10566,0.39671,-0.26635,0.78997,0.99956,Mast,UC_vs_HC
PMS1,0.99313,1.8958,1.0358,1.8302,0.067214,,Mast,UC_vs_HC
C2orf88,0.039637,-0.23575,2.975,-0.079243,0.93684,,Mast,UC_vs_HC
HIBCH,2.4007,-0.26953,0.57007,-0.4728,0.63635,0.99956,Mast,UC_vs_HC
INPP1,0.93257,-1.4386,0.9676,-1.4868,0.13707,,Mast,UC_vs_HC
MFSD6,0.69604,0.917,1.4142,0.64843,0.51671,,Mast,UC_vs_HC
AC093388.1,0.039522,0.59268,4.1488,0.14286,0.8864,,Mast,UC_vs_HC
NEMP2,0.18894,1.3912,1.6702,0.83294,0.40488,,Mast,UC_vs_HC
NAB1,1.1344,-0.15613,1.0246,-0.15238,0.87888,0.99956,Mast,UC_vs_HC
GLS,5.7532,-1.1184,0.48768,-2.2933,0.021828,0.80239,Mast,UC_vs_HC
STAT1,6.8744,0.41579,0.71728,0.57967,0.56214,0.99956,Mast,UC_vs_HC
STAT4,1.3841,2.0457,0.8399,2.4357,0.014864,0.72228,Mast,UC_vs_HC
MYO1B,0.037456,0.73093,4.1338,0.17682,0.85965,,Mast,UC_vs_HC
NABP1,7.377,0.19943,0.50378,0.39586,0.69221,0.99956,Mast,UC_vs_HC
CAVIN2,14.112,-0.34573,0.56829,-0.60838,0.54294,0.99956,Mast,UC_vs_HC
AC098617.1,0.30317,0.30209,1.5329,0.19707,0.84377,,Mast,UC_vs_HC
SLC39A10,4.2849,-0.23645,0.56562,-0.41804,0.67592,0.99956,Mast,UC_vs_HC
DNAH7,0.10896,1.4269,2.1695,0.65772,0.51072,,Mast,UC_vs_HC
STK17B,38.102,-0.1949,0.22746,-0.85684,0.39153,0.99956,Mast,UC_vs_HC
AC114760.2,3.9997,0.27072,0.56555,0.47868,0.63216,0.99956,Mast,UC_vs_HC
HECW2,0.40276,0.79097,1.4721,0.53732,0.59105,,Mast,UC_vs_HC
AC020571.1,29.554,-1.6542,0.73516,-2.2501,0.024441,0.84321,Mast,UC_vs_HC
GTF3C3,1.2101,0.66627,1.2792,0.52086,0.60246,0.99956,Mast,UC_vs_HC
PGAP1,0.032128,0.40025,2.7752,0.14423,0.88532,,Mast,UC_vs_HC
ANKRD44,6.4619,0.19506,0.57368,0.34001,0.73385,0.99956,Mast,UC_vs_HC
SF3B1,15.406,-0.14102,0.33265,-0.42392,0.67162,0.99956,Mast,UC_vs_HC
COQ10B,7.2699,-0.10341,0.36517,-0.28318,0.77704,0.99956,Mast,UC_vs_HC
HSPD1,13.361,-0.62843,0.30585,-2.0547,0.039909,0.90299,Mast,UC_vs_HC
HSPE1,27.146,-1.176,0.43407,-2.7092,0.006745,0.64375,Mast,UC_vs_HC
MOB4,3.9372,-0.042883,0.58304,-0.073551,0.94137,0.99956,Mast,UC_vs_HC
RFTN2,0.075058,1.3326,4.0556,0.32858,0.74247,,Mast,UC_vs_HC
MARS2,0.039522,0.59268,4.1488,0.14286,0.8864,,Mast,UC_vs_HC
PLCL1,0.77956,1.0599,1.1603,0.91346,0.361,,Mast,UC_vs_HC
SATB2,0.08221,0.24016,3.2921,0.072951,0.94184,,Mast,UC_vs_HC
FTCDNL1,0.13371,0.64227,3.7185,0.17272,0.86287,,Mast,UC_vs_HC
C2orf69,1.0507,0.068594,1.0905,0.062899,0.94985,,Mast,UC_vs_HC
TYW5,0.68843,-0.36674,1.1032,-0.33243,0.73957,,Mast,UC_vs_HC
MAIP1,0.65985,-0.35532,1.2071,-0.29435,0.76849,,Mast,UC_vs_HC
SPATS2L,3.4707,-0.25507,0.52516,-0.48571,0.62717,0.99956,Mast,UC_vs_HC
KCTD18,0.25584,1.3796,1.8213,0.75749,0.44876,,Mast,UC_vs_HC
SGO2,1.3075,0.087354,0.85827,0.10178,0.91893,0.99956,Mast,UC_vs_HC
BZW1,31.916,-0.57215,0.38837,-1.4732,0.14069,0.99956,Mast,UC_vs_HC
CLK1,12.798,-0.17879,0.38921,-0.45937,0.64597,0.99956,Mast,UC_vs_HC
PPIL3,1.0532,0.45342,0.74764,0.60647,0.5442,,Mast,UC_vs_HC
NIF3L1,0.79662,1.4567,1.2722,1.145,0.25221,,Mast,UC_vs_HC
ORC2,0.61759,-1.4395,1.1301,-1.2738,0.20273,,Mast,UC_vs_HC
FAM126B,1.6281,0.64673,0.77201,0.83773,0.40218,0.99956,Mast,UC_vs_HC
NDUFB3,10.763,-0.30799,0.45963,-0.67008,0.50281,0.99956,Mast,UC_vs_HC
CFLAR,5.5777,0.31827,0.51707,0.61553,0.5382,0.99956,Mast,UC_vs_HC
CFLAR-AS1,0.018728,0.70632,4.1361,0.17077,0.86441,,Mast,UC_vs_HC
CASP10,1.3324,-0.061942,0.78138,-0.079273,0.93682,0.99956,Mast,UC_vs_HC
CASP8,2.3961,0.16869,0.66421,0.25397,0.79952,0.99956,Mast,UC_vs_HC
ALS2CR12,0.055411,0.73069,4.1338,0.17676,0.8597,,Mast,UC_vs_HC
TRAK2,0.61448,-1.3765,1.1229,-1.2258,0.22029,,Mast,UC_vs_HC
STRADB,0.17443,0.69137,2.3443,0.29492,0.76806,,Mast,UC_vs_HC
TMEM237,0.080667,0.7043,3.3859,0.20801,0.83522,,Mast,UC_vs_HC
MPP4,0.15233,-0.42297,2.4803,-0.17053,0.86459,,Mast,UC_vs_HC
ALS2,4.2099,-0.18503,0.53202,-0.34778,0.72801,0.99956,Mast,UC_vs_HC
CDK15,5.5227,0.23942,0.53221,0.44985,0.65282,0.99956,Mast,UC_vs_HC
AC069148.1,0.037578,0.16073,4.0541,0.039647,0.96837,,Mast,UC_vs_HC
FZD7,0.15994,-0.63814,1.6283,-0.39191,0.69513,,Mast,UC_vs_HC
SUMO1,10.553,-0.20084,0.30129,-0.6666,0.50503,0.99956,Mast,UC_vs_HC
NOP58,4.9284,-0.46688,0.47379,-0.98543,0.32442,0.99956,Mast,UC_vs_HC
AC064836.3,0.14494,-0.3141,3.5574,-0.088293,0.92964,,Mast,UC_vs_HC
BMPR2,1.3081,0.38513,0.74873,0.51438,0.60699,0.99956,Mast,UC_vs_HC
FAM117B,0.075217,0.85206,2.0949,0.40673,0.68421,,Mast,UC_vs_HC
ICA1L,0.32353,0.51454,1.5723,0.32725,0.74348,,Mast,UC_vs_HC
WDR12,0.57646,0.16404,1.0738,0.15277,0.87858,,Mast,UC_vs_HC
CARF,0.52895,0.64923,1.5937,0.40738,0.68373,,Mast,UC_vs_HC
NBEAL1,5.988,-0.52988,0.5517,-0.96045,0.33683,0.99956,Mast,UC_vs_HC
CYP20A1,3.3215,-0.4984,0.7171,-0.69502,0.48704,0.99956,Mast,UC_vs_HC
ABI2,1.0073,-0.91123,1.0097,-0.90246,0.36681,,Mast,UC_vs_HC
CTLA4,0.039522,0.59268,4.1488,0.14286,0.8864,,Mast,UC_vs_HC
ICOS,0.10193,0.62999,3.4199,0.18422,0.85384,,Mast,UC_vs_HC
PARD3B,0.31449,1.1725,1.9539,0.60007,0.54846,,Mast,UC_vs_HC
NRP2,0.35412,-0.1461,1.3175,-0.11089,0.91171,,Mast,UC_vs_HC
INO80D,1.9565,-0.11003,0.64821,-0.16975,0.86521,0.99956,Mast,UC_vs_HC
AC007383.2,0.026237,0.024139,4.0722,0.0059277,0.99527,,Mast,UC_vs_HC
NDUFS1,1.8181,0.19145,0.71718,0.26695,0.78951,0.99956,Mast,UC_vs_HC
AC007383.3,0.083202,0.61127,3.3445,0.18277,0.85498,,Mast,UC_vs_HC
EEF1B2,99.629,-0.089184,0.2601,-0.34288,0.73169,0.99956,Mast,UC_vs_HC
ZDBF2,0.77949,0.78248,1.1177,0.70006,0.48389,,Mast,UC_vs_HC
FASTKD2,1.7501,-0.12871,0.65973,-0.1951,0.84531,0.99956,Mast,UC_vs_HC
KLF7,1.6562,0.95074,0.87411,1.0877,0.27674,0.99956,Mast,UC_vs_HC
AC007879.3,0.018728,0.70632,4.1361,0.17077,0.86441,,Mast,UC_vs_HC
AC009226.1,0.045528,0.19411,2.9294,0.066264,0.94717,,Mast,UC_vs_HC
CREB1,4.995,0.0737,0.53066,0.13888,0.88954,0.99956,Mast,UC_vs_HC
METTL21A,12.481,-0.80976,0.57244,-1.4146,0.1572,0.99956,Mast,UC_vs_HC
LINC01857,0.079045,0.55747,4.1549,0.13417,0.89327,,Mast,UC_vs_HC
CCNYL1,1.0633,-0.31384,1.0296,-0.30483,0.76049,,Mast,UC_vs_HC
AC096772.1,0.050856,0.4354,2.975,0.14635,0.88364,,Mast,UC_vs_HC
FZD5,0.050978,-0.055356,2.9247,-0.018927,0.9849,,Mast,UC_vs_HC
PLEKHM3,0.27795,-0.44025,1.9389,-0.22706,0.82038,,Mast,UC_vs_HC
CRYGD,0.48669,0.39148,2.3469,0.16681,0.86752,,Mast,UC_vs_HC
IDH1,0.99726,-1.2844,0.92761,-1.3846,0.16616,,Mast,UC_vs_HC
IDH1-AS1,0.0134,0.3681,4.0861,0.090086,0.92822,,Mast,UC_vs_HC
PIKFYVE,1.6024,0.62131,0.70062,0.8868,0.37519,0.99956,Mast,UC_vs_HC
PTH2R,0.16822,0.71211,1.7612,0.40434,0.68596,,Mast,UC_vs_HC
RPE,0.60985,0.83083,1.1366,0.73101,0.46477,,Mast,UC_vs_HC
KANSL1L,0.97267,0.40798,1.0141,0.4023,0.68746,,Mast,UC_vs_HC
AC007038.2,0.2127,0.31964,2.16,0.14798,0.88236,,Mast,UC_vs_HC
LANCL1,0.42398,-2.0525,1.432,-1.4334,0.15176,,Mast,UC_vs_HC
CPS1,0.26483,0.38683,1.4843,0.26061,0.79439,,Mast,UC_vs_HC
IKZF2,0.67627,0.58273,1.2005,0.48541,0.62739,,Mast,UC_vs_HC
AC079610.2,0.088458,1.0394,3.1122,0.33397,0.7384,,Mast,UC_vs_HC
SPAG16,1.461,0.57238,0.7636,0.74958,0.45351,0.99956,Mast,UC_vs_HC
BARD1,0.56986,-0.34956,1.119,-0.31238,0.75476,,Mast,UC_vs_HC
ATIC,2.1559,-0.1939,0.62915,-0.30819,0.75794,0.99956,Mast,UC_vs_HC
FN1,0.21658,1.1175,2.011,0.5557,0.57842,,Mast,UC_vs_HC
PECR,0.55973,0.70016,1.5955,0.43883,0.66078,,Mast,UC_vs_HC
XRCC5,16.317,-0.061512,0.31244,-0.19688,0.84393,0.99956,Mast,UC_vs_HC
SMARCAL1,0.5098,0.11226,1.0568,0.10623,0.9154,,Mast,UC_vs_HC
RPL37A,253.03,-0.54743,0.32839,-1.667,0.095513,0.99956,Mast,UC_vs_HC
IGFBP5,0.024934,1.088,4.0829,0.26647,0.78988,,Mast,UC_vs_HC
TNS1,2.4943,0.091221,0.64184,0.14212,0.88698,0.99956,Mast,UC_vs_HC
ARPC2,38.45,0.20926,0.31963,0.65471,0.51266,0.99956,Mast,UC_vs_HC
AAMP,2.7151,0.71625,0.6203,1.1547,0.24822,0.99956,Mast,UC_vs_HC
PNKD,5.4283,-0.60013,0.47835,-1.2546,0.20963,0.99956,Mast,UC_vs_HC
TMBIM1,3.4754,0.67595,0.50156,1.3477,0.17775,0.99956,Mast,UC_vs_HC
SLC11A1,0.60026,0.6397,1.3023,0.49121,0.62328,,Mast,UC_vs_HC
CTDSP1,4.8308,0.82002,0.75508,1.086,0.27748,0.99956,Mast,UC_vs_HC
VIL1,0.16576,-0.062607,1.7124,-0.036561,0.97083,,Mast,UC_vs_HC
USP37,1.3194,-0.32842,0.80993,-0.4055,0.68511,0.99956,Mast,UC_vs_HC
CNOT9,2.5576,0.84963,0.75863,1.12,0.26273,0.99956,Mast,UC_vs_HC
PLCD4,0.026346,1.1367,4.0708,0.27924,0.78006,,Mast,UC_vs_HC
ZNF142,0.20127,-0.45019,1.4662,-0.30705,0.7588,,Mast,UC_vs_HC
BCS1L,0.64663,-0.86288,1.0582,-0.81543,0.41482,,Mast,UC_vs_HC
RNF25,0.35842,1.3291,1.4534,0.91445,0.36048,,Mast,UC_vs_HC
STK36,0.23322,-0.029056,1.9552,-0.014861,0.98814,,Mast,UC_vs_HC
TTLL4,0.14318,1.1819,3.6659,0.32241,0.74714,,Mast,UC_vs_HC
WNT6,0.0134,0.3681,4.0861,0.090086,0.92822,,Mast,UC_vs_HC
AC097468.3,0.055411,0.73069,4.1338,0.17676,0.8597,,Mast,UC_vs_HC
SLC23A3,0.061817,1.2524,3.1942,0.39209,0.69499,,Mast,UC_vs_HC
CNPPD1,1.2137,-0.60557,1.1502,-0.52651,0.59853,0.99956,Mast,UC_vs_HC
RETREG2,1.3469,1.2094,0.96573,1.2523,0.21046,0.99956,Mast,UC_vs_HC
ZFAND2B,1.7794,-0.20339,0.74448,-0.27319,0.7847,0.99956,Mast,UC_vs_HC
ANKZF1,0.73599,-1.2174,1.0535,-1.1556,0.24786,,Mast,UC_vs_HC
GLB1L,0.026346,1.1367,4.0708,0.27924,0.78006,,Mast,UC_vs_HC
STK16,1.3689,0.89236,0.78347,1.139,0.25471,0.99956,Mast,UC_vs_HC
TUBA4A,0.34288,0.58001,1.5133,0.38327,0.70152,,Mast,UC_vs_HC
DNAJB2,2.0082,-1.379,0.85889,-1.6056,0.10837,0.99956,Mast,UC_vs_HC
DNPEP,1.4135,-0.39221,0.82716,-0.47416,0.63538,0.99956,Mast,UC_vs_HC
SPEG,0.088458,1.0394,3.1122,0.33397,0.7384,,Mast,UC_vs_HC
GMPPA,1.3848,0.033073,0.89592,0.036915,0.97055,0.99956,Mast,UC_vs_HC
ASIC4,0.28743,1.0832,1.5219,0.71176,0.47662,,Mast,UC_vs_HC
CHPF,0.35694,1.8319,1.242,1.475,0.14022,,Mast,UC_vs_HC
TMEM198,0.075058,1.3326,4.0556,0.32858,0.74247,,Mast,UC_vs_HC
OBSL1,0.49766,0.5513,1.4284,0.38596,0.69953,,Mast,UC_vs_HC
STK11IP,0.49547,0.65671,1.3437,0.48873,0.62503,,Mast,UC_vs_HC
SGPP2,0.018728,0.70632,4.1361,0.17077,0.86441,,Mast,UC_vs_HC
FARSB,0.6014,-0.69281,1.0211,-0.67853,0.49744,,Mast,UC_vs_HC
ACSL3,1.8446,0.74615,0.7078,1.0542,0.2918,0.99956,Mast,UC_vs_HC
AP1S3,3.8496,0.8359,0.92478,0.90389,0.36605,0.99956,Mast,UC_vs_HC
WDFY1,2.0902,0.63653,0.59696,1.0663,0.28629,0.99956,Mast,UC_vs_HC
MRPL44,1.7655,-0.5962,0.88656,-0.67248,0.50128,0.99956,Mast,UC_vs_HC
AC073641.1,0.05825,0.61256,3.152,0.19434,0.84591,,Mast,UC_vs_HC
SERPINE2,0.090711,0.003449,3.4876,0.00098893,0.99921,,Mast,UC_vs_HC
FAM124B,1.2033,0.29912,1.2412,0.24099,0.80957,0.99956,Mast,UC_vs_HC
CUL3,3.417,0.23632,0.58778,0.40206,0.68764,0.99956,Mast,UC_vs_HC
DOCK10,2.5684,0.61788,0.55573,1.1118,0.26621,0.99956,Mast,UC_vs_HC
RHBDD1,0.64862,0.33666,1.0329,0.32592,0.74448,,Mast,UC_vs_HC
COL4A4,0.0134,0.3681,4.0861,0.090086,0.92822,,Mast,UC_vs_HC
COL4A3,0.0134,0.3681,4.0861,0.090086,0.92822,,Mast,UC_vs_HC
MFF,3.7164,-1.0698,0.74858,-1.429,0.15299,0.99956,Mast,UC_vs_HC
AGFG1,1.376,-0.11547,0.84566,-0.13654,0.89139,0.99956,Mast,UC_vs_HC
CCL20,0.13503,0.22267,3.6373,0.061218,0.95119,,Mast,UC_vs_HC
PID1,0.0134,0.3681,4.0861,0.090086,0.92822,,Mast,UC_vs_HC
TRIP12,4.8056,0.016711,0.46213,0.036161,0.97115,0.99956,Mast,UC_vs_HC
FBXO36,0.1336,-0.46919,3.6547,-0.12838,0.89785,,Mast,UC_vs_HC
SLC16A14,0.0134,0.3681,4.0861,0.090086,0.92822,,Mast,UC_vs_HC
SP110,2.7415,0.36724,0.65223,0.56305,0.5734,0.99956,Mast,UC_vs_HC
SP140,0.37533,1.3178,1.5872,0.83025,0.4064,,Mast,UC_vs_HC
SP140L,2.1837,-0.16185,0.60918,-0.26569,0.79048,0.99956,Mast,UC_vs_HC
SP100,6.7557,0.36012,0.40035,0.89951,0.36838,0.99956,Mast,UC_vs_HC
CAB39,1.464,-0.30798,0.82396,-0.37378,0.70857,0.99956,Mast,UC_vs_HC
ITM2C,18.262,-0.056072,0.6957,-0.080598,0.93576,0.99956,Mast,UC_vs_HC
GPR55,0.079045,0.55747,4.1549,0.13417,0.89327,,Mast,UC_vs_HC
PSMD1,7.1066,0.14194,0.43352,0.32742,0.74335,0.99956,Mast,UC_vs_HC
HTR2B,0.059765,0.024139,4.0722,0.0059277,0.99527,,Mast,UC_vs_HC
ARMC9,0.097887,-0.27082,1.8047,-0.15006,0.88072,,Mast,UC_vs_HC
B3GNT7,0.086596,0.64256,3.4478,0.18637,0.85216,,Mast,UC_vs_HC
NCL,39.504,-0.62789,0.36667,-1.7124,0.086824,0.99956,Mast,UC_vs_HC
LINC00471,0.026237,0.024139,4.0722,0.0059277,0.99527,,Mast,UC_vs_HC
NMUR1,0.33199,1.4783,1.1698,1.2638,0.20632,,Mast,UC_vs_HC
PTMA,482.27,-0.60115,0.24453,-2.4584,0.013955,0.72228,Mast,UC_vs_HC
PDE6D,0.69553,0.85594,0.99235,0.86254,0.38839,,Mast,UC_vs_HC
COPS7B,1.4906,0.7242,0.71458,1.0135,0.31084,0.99956,Mast,UC_vs_HC
NPPC,0.0134,0.3681,4.0861,0.090086,0.92822,,Mast,UC_vs_HC
DIS3L2,0.39715,1.3845,1.0927,1.267,0.20514,,Mast,UC_vs_HC
TIGD1,0.077324,0.38025,2.0389,0.18649,0.85206,,Mast,UC_vs_HC
EIF4E2,5.206,0.42176,0.44895,0.93945,0.3475,0.99956,Mast,UC_vs_HC
AC073254.1,0.026346,1.1367,4.0708,0.27924,0.78006,,Mast,UC_vs_HC
GIGYF2,2.6549,-0.71207,0.62829,-1.1333,0.25707,0.99956,Mast,UC_vs_HC
INPP5D,2.172,0.72523,0.8104,0.89491,0.37084,0.99956,Mast,UC_vs_HC
ATG16L1,0.40391,-0.13592,1.7094,-0.079512,0.93663,,Mast,UC_vs_HC
SAG,0.037578,0.16073,4.0541,0.039647,0.96837,,Mast,UC_vs_HC
AC013726.1,0.073164,-0.23944,3.3159,-0.07221,0.94244,,Mast,UC_vs_HC
DGKD,0.97156,0.57818,0.97672,0.59196,0.55387,,Mast,UC_vs_HC
USP40,0.17335,0.50236,1.5012,0.33464,0.73789,,Mast,UC_vs_HC
UGT1A1,0.059765,0.024139,4.0722,0.0059277,0.99527,,Mast,UC_vs_HC
ARL4C,4.9094,-1.0824,0.97016,-1.1157,0.26457,0.99956,Mast,UC_vs_HC
AGAP1,1.8388,-0.90859,0.80954,-1.1224,0.26171,0.99956,Mast,UC_vs_HC
COPS8,1.5948,-0.77714,0.73559,-1.0565,0.29075,0.99956,Mast,UC_vs_HC
COL6A3,0.40792,0.68636,2.5367,0.27057,0.78672,,Mast,UC_vs_HC
MLPH,12.341,-0.2983,0.39483,-0.75551,0.44994,0.99956,Mast,UC_vs_HC
PRLH,0.026346,1.1367,4.0708,0.27924,0.78006,,Mast,UC_vs_HC
LRRFIP1,17.547,0.74083,0.33768,2.1938,0.028247,0.8802,Mast,UC_vs_HC
RBM44,0.039522,0.59268,4.1488,0.14286,0.8864,,Mast,UC_vs_HC
RAMP1,0.059765,0.024139,4.0722,0.0059277,0.99527,,Mast,UC_vs_HC
UBE2F,1.4016,0.186,0.80426,0.23127,0.81711,0.99956,Mast,UC_vs_HC
SCLY,0.064456,1.0747,3.2748,0.32817,0.74278,,Mast,UC_vs_HC
ILKAP,1.2452,-0.49107,0.98073,-0.50072,0.61657,0.99956,Mast,UC_vs_HC
HES6,0.1323,0.5491,3.5383,0.15519,0.87667,,Mast,UC_vs_HC
PER2,1.162,-0.48452,1.0982,-0.4412,0.65907,0.99956,Mast,UC_vs_HC
TRAF3IP1,0.097887,-0.27082,1.8047,-0.15006,0.88072,,Mast,UC_vs_HC
ASB1,0.68873,-0.74412,1.2698,-0.58601,0.55787,,Mast,UC_vs_HC
HDAC4,0.75235,-0.74404,1.1622,-0.64022,0.52203,,Mast,UC_vs_HC
AC062017.1,0.18506,0.63083,1.9442,0.32447,0.74559,,Mast,UC_vs_HC
NDUFA10,4.7742,-0.066008,0.53353,-0.12372,0.90154,0.99956,Mast,UC_vs_HC
COPS9,15.188,0.056832,0.34131,0.16651,0.86775,0.99956,Mast,UC_vs_HC
GPC1,0.032128,0.40025,2.7752,0.14423,0.88532,,Mast,UC_vs_HC
ANKMY1,0.29564,-0.37207,1.825,-0.20387,0.83846,,Mast,UC_vs_HC
DUSP28,0.44249,0.61024,1.1292,0.54039,0.58893,,Mast,UC_vs_HC
RNPEPL1,2.364,1.1443,0.84526,1.3537,0.17582,0.99956,Mast,UC_vs_HC
CAPN10-DT,0.094822,0.96205,2.0073,0.47927,0.63175,,Mast,UC_vs_HC
CAPN10,0.72918,0.32425,1.6221,0.19989,0.84156,,Mast,UC_vs_HC
GPR35,1.097,1.247,0.94057,1.3258,0.1849,,Mast,UC_vs_HC
C2orf54,0.018728,0.70632,4.1361,0.17077,0.86441,,Mast,UC_vs_HC
MTERF4,2.186,-0.58892,0.69184,-0.85124,0.39464,0.99956,Mast,UC_vs_HC
PASK,0.032128,0.40025,2.7752,0.14423,0.88532,,Mast,UC_vs_HC
PPP1R7,4.9231,0.18828,0.59374,0.3171,0.75117,0.99956,Mast,UC_vs_HC
ANO7,0.12077,-0.051155,3.397,-0.015059,0.98799,,Mast,UC_vs_HC
HDLBP,6.9878,-0.22473,0.36074,-0.62299,0.53329,0.99956,Mast,UC_vs_HC
SEPT2,22.386,0.57077,0.28534,2.0003,0.045464,0.92793,Mast,UC_vs_HC
FARP2,2.1956,-0.099014,0.81801,-0.12104,0.90366,0.99956,Mast,UC_vs_HC
STK25,1.0082,0.46521,1.058,0.43972,0.66014,,Mast,UC_vs_HC
THAP4,0.75768,-0.42479,0.93467,-0.45448,0.64949,,Mast,UC_vs_HC
ATG4B,1.3575,-0.90343,0.79448,-1.1371,0.25548,0.99956,Mast,UC_vs_HC
DTYMK,1.3196,1.3171,1.3937,0.94503,0.34464,0.99956,Mast,UC_vs_HC
ING5,1.8532,-0.44532,0.74709,-0.59607,0.55113,0.99956,Mast,UC_vs_HC
D2HGDH,0.30559,0.65857,1.4377,0.45808,0.64689,,Mast,UC_vs_HC
AC114730.2,0.037578,0.16073,4.0541,0.039647,0.96837,,Mast,UC_vs_HC
GAL3ST2,0.0134,0.3681,4.0861,0.090086,0.92822,,Mast,UC_vs_HC
NEU4,0.36273,-0.73769,1.6627,-0.44366,0.65729,,Mast,UC_vs_HC
IL5RA,2.7519,0.19856,0.69501,0.2857,0.77511,0.99956,Mast,UC_vs_HC
TRNT1,2.8552,0.36526,0.52613,0.69424,0.48753,0.99956,Mast,UC_vs_HC
CRBN,12.453,0.090214,0.39521,0.22827,0.81944,0.99956,Mast,UC_vs_HC
AC024060.1,0.23824,0.76671,2.1478,0.35697,0.72111,,Mast,UC_vs_HC
SUMF1,0.49557,-0.4793,1.2485,-0.3839,0.70106,,Mast,UC_vs_HC
SETMAR,0.21909,0.726,1.6914,0.42924,0.66775,,Mast,UC_vs_HC
ITPR1,3.3515,-0.40681,0.50328,-0.8083,0.41892,0.99956,Mast,UC_vs_HC
EGOT,0.058473,0.81615,1.9836,0.41145,0.68074,,Mast,UC_vs_HC
AC018816.1,0.33991,0.46182,1.502,0.30747,0.75848,,Mast,UC_vs_HC
BHLHE40-AS1,0.33602,1.7939,2.2526,0.79636,0.42582,,Mast,UC_vs_HC
BHLHE40,29.336,-0.1015,0.34092,-0.29772,0.76592,0.99956,Mast,UC_vs_HC
ARL8B,2.4053,0.36096,0.63876,0.56509,0.57201,0.99956,Mast,UC_vs_HC
AC026202.2,0.077856,0.72076,2.1657,0.33282,0.73927,,Mast,UC_vs_HC
EDEM1,2.2721,1.572,0.71597,2.1956,0.028119,0.8802,Mast,UC_vs_HC
AC069277.1,0.018728,0.70632,4.1361,0.17077,0.86441,,Mast,UC_vs_HC
GRM7,0.0134,0.3681,4.0861,0.090086,0.92822,,Mast,UC_vs_HC
LMCD1,0.11878,1.5224,3.5058,0.43425,0.66411,,Mast,UC_vs_HC
RAD18,0.86948,1.1609,1.2239,0.94851,0.34287,,Mast,UC_vs_HC
SRGAP3,0.86827,0.8508,1.1274,0.75466,0.45045,,Mast,UC_vs_HC
THUMPD3-AS1,16.008,-0.76264,0.3844,-1.984,0.047261,0.94456,Mast,UC_vs_HC
THUMPD3,1.7774,0.65588,0.7473,0.87766,0.38013,0.99956,Mast,UC_vs_HC
SETD5,4.1664,1.1882,0.49387,2.4058,0.016136,0.72228,Mast,UC_vs_HC
LHFPL4,0.14039,0.2973,1.8753,0.15853,0.87404,,Mast,UC_vs_HC
MTMR14,1.0725,0.20205,1.041,0.1941,0.8461,,Mast,UC_vs_HC
BRPF1,0.44001,-0.39152,1.3313,-0.29409,0.76869,,Mast,UC_vs_HC
OGG1,1.2998,0.28609,0.79332,0.36062,0.71838,0.99956,Mast,UC_vs_HC
CAMK1,2.2933,0.14714,0.6253,0.23531,0.81397,0.99956,Mast,UC_vs_HC
TADA3,4.2734,1.0573,0.49359,2.142,0.032194,0.89594,Mast,UC_vs_HC
ARPC4,7.7065,0.63885,0.43823,1.4578,0.14489,0.99956,Mast,UC_vs_HC
TTLL3,0.43882,-0.14325,1.4529,-0.098598,0.92146,,Mast,UC_vs_HC
AC022382.1,0.055411,0.73069,4.1338,0.17676,0.8597,,Mast,UC_vs_HC
RPUSD3,1.0739,0.49736,0.93186,0.53372,0.59353,,Mast,UC_vs_HC
CIDEC,0.0134,0.3681,4.0861,0.090086,0.92822,,Mast,UC_vs_HC
JAGN1,1.9057,0.13685,0.84576,0.16181,0.87146,0.99956,Mast,UC_vs_HC
IL17RE,0.045528,0.19411,2.9294,0.066264,0.94717,,Mast,UC_vs_HC
IL17RC,0.078533,0.26278,3.2105,0.08185,0.93477,,Mast,UC_vs_HC
CRELD1,1.052,-1.0441,0.87756,-1.1898,0.23413,,Mast,UC_vs_HC
PRRT3,0.18594,0.67042,2.544,0.26353,0.79214,,Mast,UC_vs_HC
EMC3,3.9651,0.1302,0.46715,0.27872,0.78046,0.99956,Mast,UC_vs_HC
AC022007.1,0.018728,0.70632,4.1361,0.17077,0.86441,,Mast,UC_vs_HC
FANCD2,0.25775,0.13219,1.9083,0.069274,0.94477,,Mast,UC_vs_HC
BRK1,18.54,0.33896,0.28269,1.199,0.23051,0.99956,Mast,UC_vs_HC
VHL,2.4283,1.1503,0.61676,1.865,0.062182,0.98721,Mast,UC_vs_HC
IRAK2,0.28777,0.4964,2.0512,0.242,0.80878,,Mast,UC_vs_HC
TATDN2,0.64509,-0.1844,1.1881,-0.15521,0.87666,,Mast,UC_vs_HC
GHRL,0.17522,0.53414,1.6184,0.33004,0.74137,,Mast,UC_vs_HC
SEC13,3.2935,0.74179,0.50546,1.4675,0.14223,0.99956,Mast,UC_vs_HC
ATP2B2,0.097829,-0.31323,3.3199,-0.094348,0.92483,,Mast,UC_vs_HC
HRH1,0.064474,0.59268,4.1488,0.14286,0.8864,,Mast,UC_vs_HC
ATG7,0.51517,0.67529,1.2816,0.52691,0.59825,,Mast,UC_vs_HC
VGLL4,1.346,-0.044964,0.96988,-0.04636,0.96302,0.99956,Mast,UC_vs_HC
TAMM41,0.85441,-0.78467,1.1173,-0.70232,0.48248,,Mast,UC_vs_HC
PPARG,0.073164,-0.23944,3.3159,-0.07221,0.94244,,Mast,UC_vs_HC
TSEN2,0.27265,-0.46614,1.6658,-0.27984,0.7796,,Mast,UC_vs_HC
MKRN2,1.2974,0.48481,1.3359,0.36292,0.71667,0.99956,Mast,UC_vs_HC
RAF1,3.1641,0.7088,0.55754,1.2713,0.20362,0.99956,Mast,UC_vs_HC
RPL32,414.66,-0.1929,0.20783,-0.92815,0.35333,0.99956,Mast,UC_vs_HC
IQSEC1,0.56517,1.8491,1.2136,1.5236,0.1276,,Mast,UC_vs_HC
NUP210,0.64144,1.1768,1.2873,0.91416,0.36064,,Mast,UC_vs_HC
HDAC11,0.19295,0.53882,1.3915,0.38723,0.69859,,Mast,UC_vs_HC
FBLN2,0.49248,1.0344,1.7148,0.60324,0.54635,,Mast,UC_vs_HC
CHCHD4,0.17774,-0.40887,1.5769,-0.25929,0.79541,,Mast,UC_vs_HC
TMEM43,2.3068,-0.69445,0.70101,-0.99064,0.32186,0.99956,Mast,UC_vs_HC
AC093495.1,0.24878,-0.52962,1.6777,-0.31569,0.75224,,Mast,UC_vs_HC
XPC,1.8951,0.061538,0.72487,0.084896,0.93234,0.99956,Mast,UC_vs_HC
LSM3,13.13,-0.064777,0.34623,-0.18709,0.85159,0.99956,Mast,UC_vs_HC
SLC6A6,1.4353,-0.028832,0.7068,-0.040793,0.96746,0.99956,Mast,UC_vs_HC
GRIP2,0.063802,1.2135,3.2321,0.37544,0.70734,,Mast,UC_vs_HC
CCDC174,4.8294,-0.63497,0.47822,-1.3278,0.18425,0.99956,Mast,UC_vs_HC
FGD5-AS1,3.1718,0.11269,0.62435,0.18048,0.85677,0.99956,Mast,UC_vs_HC
NR2C2,0.9934,0.13609,0.8648,0.15737,0.87495,,Mast,UC_vs_HC
MRPS25,3.0552,0.067065,0.58399,0.11484,0.90857,0.99956,Mast,UC_vs_HC
RBSN,1.0314,0.2337,1.1171,0.2092,0.83429,,Mast,UC_vs_HC
CAPN7,1.2539,0.97258,0.9737,0.99885,0.31787,0.99956,Mast,UC_vs_HC
SH3BP5-AS1,0.066091,1.1105,3.1849,0.34866,0.72734,,Mast,UC_vs_HC
SH3BP5,0.38167,1.8786,1.4769,1.2719,0.20339,,Mast,UC_vs_HC
METTL6,1.0913,-0.21537,0.8057,-0.26731,0.78923,,Mast,UC_vs_HC
EAF1,1.3597,0.89338,0.76153,1.1731,0.24074,0.99956,Mast,UC_vs_HC
EAF1-AS1,0.045074,1.1802,3.0256,0.39009,0.69647,,Mast,UC_vs_HC
HACL1,1.8421,-0.17265,0.75951,-0.22732,0.82017,0.99956,Mast,UC_vs_HC
BTD,1.2196,0.92077,0.75551,1.2187,0.22294,0.99956,Mast,UC_vs_HC
ANKRD28,39.848,-0.37745,0.3344,-1.1287,0.25901,0.99956,Mast,UC_vs_HC
GALNT15,0.10365,1.2415,4.0577,0.30596,0.75964,,Mast,UC_vs_HC
DPH3,8.4704,-0.64249,0.41976,-1.5306,0.12586,0.99956,Mast,UC_vs_HC
OXNAD1,1.8694,-0.35253,0.76656,-0.45988,0.6456,0.99956,Mast,UC_vs_HC
RFTN1,2.184,0.15602,0.7347,0.21236,0.83183,0.99956,Mast,UC_vs_HC
PLCL2,0.62345,2.3523,1.7107,1.3751,0.16911,,Mast,UC_vs_HC
TBC1D5,1.9891,-0.18774,0.87508,-0.21454,0.83012,0.99956,Mast,UC_vs_HC
SATB1,3.085,1.3093,0.68464,1.9125,0.055816,0.98631,Mast,UC_vs_HC
EFHB,0.11934,0.71333,2.4437,0.29191,0.77036,,Mast,UC_vs_HC
RAB5A,5.1595,-0.4883,0.6371,-0.76645,0.44341,0.99956,Mast,UC_vs_HC
KAT2B,1.2815,0.56704,0.81436,0.6963,0.48624,0.99956,Mast,UC_vs_HC
SGO1,0.15571,0.76615,2.6263,0.29173,0.7705,,Mast,UC_vs_HC
AC116096.1,0.12629,1.1551,2.3852,0.48428,0.62819,,Mast,UC_vs_HC
UBE2E2,0.15808,1.4639,3.6393,0.40224,0.6875,,Mast,UC_vs_HC
UBE2E1,2.0504,0.46291,0.75426,0.61373,0.53939,0.99956,Mast,UC_vs_HC
NKIRAS1,0.094933,0.63945,3.4398,0.1859,0.85253,,Mast,UC_vs_HC
RPL15,218.43,-0.19168,0.25873,-0.74086,0.45878,0.99956,Mast,UC_vs_HC
NR1D2,0.85903,-0.12048,1.4101,-0.085441,0.93191,,Mast,UC_vs_HC
LINC00691,0.038333,0.78366,2.7327,0.28677,0.77429,,Mast,UC_vs_HC
RARB,0.13717,-0.30057,2.324,-0.12934,0.89709,,Mast,UC_vs_HC
TOP2B,3.8405,-0.058706,0.54346,-0.10802,0.91398,0.99956,Mast,UC_vs_HC
NGLY1,2.534,0.24721,0.63167,0.39136,0.69553,0.99956,Mast,UC_vs_HC
OXSM,0.63375,1.2895,1.1419,1.1293,0.25877,,Mast,UC_vs_HC
SLC4A7,0.88636,1.9149,1.2596,1.5203,0.12844,,Mast,UC_vs_HC
LINC02084,0.018728,0.70632,4.1361,0.17077,0.86441,,Mast,UC_vs_HC
EOMES,0.018728,0.70632,4.1361,0.17077,0.86441,,Mast,UC_vs_HC
CMC1,3.7943,0.84221,0.62498,1.3476,0.17779,0.99956,Mast,UC_vs_HC
AZI2,1.3015,0.23043,0.80446,0.28643,0.77455,0.99956,Mast,UC_vs_HC
ZCWPW2,0.018728,0.70632,4.1361,0.17077,0.86441,,Mast,UC_vs_HC
TGFBR2,3.0832,0.69617,0.63907,1.0894,0.276,0.99956,Mast,UC_vs_HC
STT3B,3.4576,0.43406,0.77771,0.55812,0.57676,0.99956,Mast,UC_vs_HC
OSBPL10,0.037578,0.16073,4.0541,0.039647,0.96837,,Mast,UC_vs_HC
GPD1L,1.3422,0.15053,0.77112,0.19521,0.84523,0.99956,Mast,UC_vs_HC
CMTM8,0.024934,1.088,4.0829,0.26647,0.78988,,Mast,UC_vs_HC
CMTM7,1.0514,-0.5602,1.2454,-0.44982,0.65284,,Mast,UC_vs_HC
CMTM6,14.361,0.514,0.36589,1.4048,0.16009,0.99956,Mast,UC_vs_HC
DYNC1LI1,4.1707,0.25339,0.51312,0.49382,0.62143,0.99956,Mast,UC_vs_HC
CNOT10,0.89456,0.13992,0.95231,0.14693,0.88319,,Mast,UC_vs_HC
GLB1,1.503,0.25563,0.73003,0.35017,0.72621,0.99956,Mast,UC_vs_HC
TMPPE,0.0134,0.3681,4.0861,0.090086,0.92822,,Mast,UC_vs_HC
CRTAP,3.5846,-0.028546,0.51385,-0.055552,0.9557,0.99956,Mast,UC_vs_HC
AC112211.1,0.097449,0.73069,4.1338,0.17676,0.8597,,Mast,UC_vs_HC
FBXL2,0.097449,0.73069,4.1338,0.17676,0.8597,,Mast,UC_vs_HC
UBP1,0.79494,-1.0399,1.2746,-0.81584,0.41459,,Mast,UC_vs_HC
CLASP2,1.9759,0.1966,0.77391,0.25404,0.79947,0.99956,Mast,UC_vs_HC
AC112220.3,0.026346,1.1367,4.0708,0.27924,0.78006,,Mast,UC_vs_HC
PDCD6IP,3.8017,0.19174,0.49492,0.38742,0.69844,0.99956,Mast,UC_vs_HC
TRANK1,0.4771,-1.9523,1.444,-1.352,0.17638,,Mast,UC_vs_HC
AC011816.2,0.063815,-0.46407,3.2326,-0.14356,0.88585,,Mast,UC_vs_HC
EPM2AIP1,4.96,-0.41916,0.53562,-0.78257,0.43388,0.99956,Mast,UC_vs_HC
MLH1,1.1924,-0.20145,0.79744,-0.25262,0.80056,0.99956,Mast,UC_vs_HC
LRRFIP2,1.8667,-0.8394,0.89466,-0.93824,0.34812,0.99956,Mast,UC_vs_HC
AC126118.1,0.16918,0.72002,2.6046,0.27644,0.78221,,Mast,UC_vs_HC
GOLGA4,8.258,-0.030059,0.50401,-0.059639,0.95244,0.99956,Mast,UC_vs_HC
ITGA9,1.6613,-0.04089,0.68134,-0.060015,0.95214,0.99956,Mast,UC_vs_HC
CTDSPL,0.039522,0.59268,4.1488,0.14286,0.8864,,Mast,UC_vs_HC
VILL,0.41846,-0.7193,1.3449,-0.53484,0.59276,,Mast,UC_vs_HC
PLCD1,0.1262,0.18166,1.7177,0.10576,0.91577,,Mast,UC_vs_HC
ACAA1,1.4459,1.3747,1.196,1.1494,0.25038,0.99956,Mast,UC_vs_HC
MYD88,1.4111,0.8715,0.83114,1.0486,0.29438,0.99956,Mast,UC_vs_HC
OXSR1,1.252,1.5039,0.87889,1.7112,0.087048,0.99956,Mast,UC_vs_HC
ACVR2B,0.063815,-0.46407,3.2326,-0.14356,0.88585,,Mast,UC_vs_HC
EXOG,0.28449,-1.6042,2.2644,-0.70845,0.47866,,Mast,UC_vs_HC
WDR48,1.3774,-0.28646,0.79644,-0.35968,0.71909,0.99956,Mast,UC_vs_HC
GORASP1,0.53388,0.52203,1.4538,0.35909,0.71953,,Mast,UC_vs_HC
CSRNP1,13.239,-0.64153,0.41,-1.5647,0.11766,0.99956,Mast,UC_vs_HC
AC092053.3,0.24413,0.10764,2.1535,0.049985,0.96013,,Mast,UC_vs_HC
AC092053.2,0.081648,0.071974,3.5058,0.02053,0.98362,,Mast,UC_vs_HC
SLC25A38,1.3537,-1.1161,0.90836,-1.2287,0.21917,0.99956,Mast,UC_vs_HC
RPSA,98.584,-0.015226,0.20769,-0.073313,0.94156,0.99956,Mast,UC_vs_HC
MOBP,0.35516,-0.35605,2.3607,-0.15082,0.88011,,Mast,UC_vs_HC
EIF1B,18.486,-0.33563,0.29542,-1.1361,0.25592,0.99956,Mast,UC_vs_HC
ENTPD3-AS1,0.62463,1.0934,1.3183,0.82944,0.40685,,Mast,UC_vs_HC
RPL14,243.83,-0.072702,0.25754,-0.28229,0.77772,0.99956,Mast,UC_vs_HC
ZNF619,0.051171,0.51223,3.1431,0.16297,0.87054,,Mast,UC_vs_HC
ZNF620,0.56819,-0.65437,1.0769,-0.60763,0.54343,,Mast,UC_vs_HC
ZNF621,0.64255,0.5029,1.0296,0.48844,0.62524,,Mast,UC_vs_HC
CTNNB1,15.011,0.56914,0.42501,1.3391,0.18053,0.99956,Mast,UC_vs_HC
ULK4,0.35614,2.1981,1.6493,1.3327,0.18262,,Mast,UC_vs_HC
TRAK1,0.73054,0.81848,0.99124,0.82571,0.40897,,Mast,UC_vs_HC
VIPR1,0.0134,0.3681,4.0861,0.090086,0.92822,,Mast,UC_vs_HC
SEC22C,5.0439,-0.75004,0.4842,-1.549,0.12138,0.99956,Mast,UC_vs_HC
SS18L2,3.1457,0.0077965,0.55546,0.014036,0.9888,0.99956,Mast,UC_vs_HC
NKTR,8.3144,0.083708,0.36043,0.23224,0.81635,0.99956,Mast,UC_vs_HC
AC006059.1,0.055411,0.73069,4.1338,0.17676,0.8597,,Mast,UC_vs_HC
CCDC13,0.043089,1.2415,4.0577,0.30596,0.75964,,Mast,UC_vs_HC
LINC02158,0.19742,0.7506,2.7996,0.26811,0.78861,,Mast,UC_vs_HC
HIGD1A,3.2076,-0.19229,0.54812,-0.35082,0.72572,0.99956,Mast,UC_vs_HC
ACKR2,0.064456,1.0747,3.2748,0.32817,0.74278,,Mast,UC_vs_HC
ZNF662,0.050978,-0.055356,2.9247,-0.018927,0.9849,,Mast,UC_vs_HC
SNRK,1.4844,0.069911,0.7521,0.092954,0.92594,0.99956,Mast,UC_vs_HC
AC104184.1,0.024934,1.088,4.0829,0.26647,0.78988,,Mast,UC_vs_HC
ANO10,0.30629,0.67184,1.3069,0.51407,0.6072,,Mast,UC_vs_HC
ABHD5,4.8062,0.3437,0.65909,0.52147,0.60204,0.99956,Mast,UC_vs_HC
TCAIM,0.95015,0.093736,0.99434,0.094269,0.9249,,Mast,UC_vs_HC
ZNF445,2.2556,0.92226,0.68795,1.3406,0.18006,0.99956,Mast,UC_vs_HC
ZNF852,0.37033,1.0703,1.7761,0.60262,0.54676,,Mast,UC_vs_HC
ZKSCAN7,0.064474,0.59268,4.1488,0.14286,0.8864,,Mast,UC_vs_HC
ZNF660,0.46063,1.1472,1.547,0.74158,0.45834,,Mast,UC_vs_HC
ZNF197,0.25162,-0.3243,1.8051,-0.17966,0.85742,,Mast,UC_vs_HC
ZNF35,0.15126,-0.066221,2.3422,-0.028273,0.97744,,Mast,UC_vs_HC
ZNF502,0.050856,0.4354,2.975,0.14635,0.88364,,Mast,UC_vs_HC
ZNF501,0.11868,-0.30761,2.3497,-0.13091,0.89584,,Mast,UC_vs_HC
KIAA1143,1.5467,-0.7558,0.72644,-1.0404,0.29815,0.99956,Mast,UC_vs_HC
KIF15,0.065759,0.0046698,3.3277,0.0014033,0.99888,,Mast,UC_vs_HC
TMEM42,0.53153,0.16008,1.198,0.13362,0.8937,,Mast,UC_vs_HC
ZDHHC3,1.5408,0.47558,0.89873,0.52917,0.59669,0.99956,Mast,UC_vs_HC
EXOSC7,2.1573,0.76181,0.65,1.172,0.24119,0.99956,Mast,UC_vs_HC
CDCP1,0.30137,0.93002,1.5794,0.58883,0.55597,,Mast,UC_vs_HC
LARS2,0.18054,-0.19551,1.497,-0.1306,0.89609,,Mast,UC_vs_HC
LIMD1,1.4042,0.57844,0.9553,0.60551,0.54484,0.99956,Mast,UC_vs_HC
SACM1L,1.6485,1.6234,0.7585,2.1403,0.032331,0.89594,Mast,UC_vs_HC
LZTFL1,0.76855,0.57102,0.96356,0.59262,0.55344,,Mast,UC_vs_HC
FYCO1,0.40177,0.32441,1.4076,0.23047,0.81773,,Mast,UC_vs_HC
CXCR6,0.74437,2.062,3.9751,0.51874,0.60394,,Mast,UC_vs_HC
CCR3,0.56081,0.82009,1.5339,0.53465,0.59289,,Mast,UC_vs_HC
CCR1,0.043089,1.2415,4.0577,0.30596,0.75964,,Mast,UC_vs_HC
CCR2,0.43631,0.99027,2.5646,0.38613,0.6994,,Mast,UC_vs_HC
CCRL2,0.67617,-0.32068,0.9782,-0.32783,0.74304,,Mast,UC_vs_HC
LRRC2,0.11224,-0.80105,3.372,-0.23756,0.81222,,Mast,UC_vs_HC
CCDC12,6.6731,0.59336,0.5285,1.1227,0.26155,0.99956,Mast,UC_vs_HC
NBEAL2,1.3369,-0.219,1.1368,-0.19264,0.84724,0.99956,Mast,UC_vs_HC
SETD2,2.6931,-0.23433,0.68644,-0.34137,0.73282,0.99956,Mast,UC_vs_HC
KIF9-AS1,0.43529,1.6506,2.8045,0.58857,0.55615,,Mast,UC_vs_HC
KIF9,2.0203,-2.2406,0.88984,-2.518,0.011803,0.72228,Mast,UC_vs_HC
KLHL18,2.517,-0.63667,0.61196,-1.0404,0.29816,0.99956,Mast,UC_vs_HC
AC099778.1,0.30471,-1.368,1.3574,-1.0078,0.31354,,Mast,UC_vs_HC
PTPN23,0.47442,-1.5315,1.5657,-0.97815,0.328,,Mast,UC_vs_HC
SCAP,0.6428,0.16952,1.0682,0.15869,0.87391,,Mast,UC_vs_HC
ELP6,1.1733,0.53255,0.7845,0.67885,0.49724,0.99956,Mast,UC_vs_HC
SMARCC1,3.0328,0.44208,0.85512,0.51698,0.60517,0.99956,Mast,UC_vs_HC
DHX30,2.6437,0.05261,0.75527,0.069656,0.94447,0.99956,Mast,UC_vs_HC
MAP4,3.1822,-0.39389,0.55587,-0.70861,0.47857,0.99956,Mast,UC_vs_HC
CDC25A,0.055411,0.73069,4.1338,0.17676,0.8597,,Mast,UC_vs_HC
CAMP,0.10737,0.16073,4.0541,0.039647,0.96837,,Mast,UC_vs_HC
ZNF589,0.039745,0.81098,2.9497,0.27494,0.78337,,Mast,UC_vs_HC
NME6,1.6168,0.23108,0.6777,0.34098,0.73312,0.99956,Mast,UC_vs_HC
PLXNB1,0.0134,0.3681,4.0861,0.090086,0.92822,,Mast,UC_vs_HC
CCDC51,0.33341,-0.042106,1.2312,-0.0342,0.97272,,Mast,UC_vs_HC
TMA7,56.933,-0.56173,0.25791,-2.178,0.029403,0.89224,Mast,UC_vs_HC
ATRIP,0.18695,0.71274,1.5862,0.44934,0.65319,,Mast,UC_vs_HC
SHISA5,2.2977,-0.3857,0.68714,-0.56132,0.57458,0.99956,Mast,UC_vs_HC
PFKFB4,0.039522,0.59268,4.1488,0.14286,0.8864,,Mast,UC_vs_HC
UCN2,0.13279,0.73069,4.1338,0.17676,0.8597,,Mast,UC_vs_HC
UQCRC1,3.8951,0.29397,0.5669,0.51856,0.60406,0.99956,Mast,UC_vs_HC
SLC26A6,0.08221,0.24016,3.2921,0.072951,0.94184,,Mast,UC_vs_HC
CELSR3,0.0134,0.3681,4.0861,0.090086,0.92822,,Mast,UC_vs_HC
NCKIPSD,0.2202,-0.45102,1.9803,-0.22776,0.81983,,Mast,UC_vs_HC
IP6K2,3.5005,-0.46194,0.46612,-0.99104,0.32167,0.99956,Mast,UC_vs_HC
PRKAR2A,2.2396,0.36589,0.80109,0.45674,0.64786,0.99956,Mast,UC_vs_HC
PRKAR2A-AS1,0.059765,0.024139,4.0722,0.0059277,0.99527,,Mast,UC_vs_HC
SLC25A20,0.34433,1.0487,1.2761,0.82181,0.41118,,Mast,UC_vs_HC
ARIH2OS,0.43584,-1.4652,1.6523,-0.88681,0.37518,,Mast,UC_vs_HC
ARIH2,2.5458,0.02197,0.7759,0.028315,0.97741,0.99956,Mast,UC_vs_HC
AC137630.2,0.026237,0.024139,4.0722,0.0059277,0.99527,,Mast,UC_vs_HC
AC137630.1,0.026346,1.1367,4.0708,0.27924,0.78006,,Mast,UC_vs_HC
P4HTM,0.88088,-0.66587,0.92942,-0.71644,0.47372,,Mast,UC_vs_HC
WDR6,2.7841,-0.76503,0.77882,-0.9823,0.32595,0.99956,Mast,UC_vs_HC
DALRD3,1.1345,-1.7795,1.3102,-1.3582,0.1744,0.99956,Mast,UC_vs_HC
NDUFAF3,11.786,-0.48943,0.6263,-0.78147,0.43453,0.99956,Mast,UC_vs_HC
IMPDH2,2.8856,0.51175,0.52922,0.96701,0.33354,0.99956,Mast,UC_vs_HC
QRICH1,1.286,0.20625,0.73659,0.28,0.77947,0.99956,Mast,UC_vs_HC
QARS,2.1985,-0.47091,0.64657,-0.72832,0.46642,0.99956,Mast,UC_vs_HC
USP19,0.56891,0.20319,1.1005,0.18463,0.85352,,Mast,UC_vs_HC
CCDC71,0.18771,0.60531,2.5626,0.23621,0.81327,,Mast,UC_vs_HC
KLHDC8B,0.35136,-0.79208,1.2693,-0.62405,0.53259,,Mast,UC_vs_HC
CCDC36,0.039522,0.59268,4.1488,0.14286,0.8864,,Mast,UC_vs_HC
C3orf62,0.85723,1.1552,2.3486,0.49187,0.62281,,Mast,UC_vs_HC
USP4,1.7446,-0.15928,0.73992,-0.21527,0.82956,0.99956,Mast,UC_vs_HC
RHOA,23.343,0.25242,0.21877,1.1539,0.24856,0.99956,Mast,UC_vs_HC
TCTA,0.53121,-1.1798,1.2334,-0.95653,0.3388,,Mast,UC_vs_HC
AMT,0.18827,1.0816,2.6736,0.40453,0.68582,,Mast,UC_vs_HC
DAG1,0.66568,0.3778,1.3093,0.28856,0.77292,,Mast,UC_vs_HC
APEH,1.534,0.23574,0.7732,0.30489,0.76045,0.99956,Mast,UC_vs_HC
MST1,0.3627,0.21089,1.4785,0.14264,0.88657,,Mast,UC_vs_HC
RNF123,0.34814,0.48495,1.2461,0.38918,0.69715,,Mast,UC_vs_HC
GMPPB,1.3073,0.50447,1.0109,0.49904,0.61775,0.99956,Mast,UC_vs_HC
IP6K1,1.9316,0.65014,0.73859,0.88024,0.37873,0.99956,Mast,UC_vs_HC
INKA1,1.4649,0.94784,0.81799,1.1587,0.24657,0.99956,Mast,UC_vs_HC
UBA7,4.3368,-0.23152,0.46272,-0.50034,0.61684,0.99956,Mast,UC_vs_HC
TRAIP,0.20036,-0.24063,2.6242,-0.091696,0.92694,,Mast,UC_vs_HC
MST1R,0.039522,0.59268,4.1488,0.14286,0.8864,,Mast,UC_vs_HC
MON1A,0.23734,0.60898,1.7576,0.34648,0.72898,,Mast,UC_vs_HC
RBM6,6.8272,-0.25388,0.48411,-0.52443,0.59998,0.99956,Mast,UC_vs_HC
RBM5,6.1241,-0.33326,0.42109,-0.79143,0.42869,0.99956,Mast,UC_vs_HC
RBM5-AS1,0.39262,0.54837,2.9754,0.1843,0.85378,,Mast,UC_vs_HC
SEMA3F-AS1,0.024934,1.088,4.0829,0.26647,0.78988,,Mast,UC_vs_HC
GNAI2,13.631,-0.029944,0.4114,-0.072787,0.94198,0.99956,Mast,UC_vs_HC
U73166.1,0.14244,-0.016004,1.8163,-0.0088111,0.99297,,Mast,UC_vs_HC
IFRD2,0.89127,-0.45302,1.2019,-0.37691,0.70624,,Mast,UC_vs_HC
HYAL3,0.96747,1.2351,1.0367,1.1914,0.23351,,Mast,UC_vs_HC
NAA80,0.32237,-0.75544,1.5136,-0.49911,0.6177,,Mast,UC_vs_HC
HYAL2,0.12076,0.62246,1.8819,0.33076,0.74083,,Mast,UC_vs_HC
TUSC2,1.5735,0.49837,0.91393,0.54531,0.58554,0.99956,Mast,UC_vs_HC
RASSF1,2.406,0.50478,1.1992,0.42092,0.67381,0.99956,Mast,UC_vs_HC
ZMYND10,0.12895,0.55318,4.1573,0.13306,0.89414,,Mast,UC_vs_HC
NPRL2,1.7554,0.079048,0.76574,0.10323,0.91778,0.99956,Mast,UC_vs_HC
CYB561D2,3.6357,0.185,0.59163,0.31269,0.75451,0.99956,Mast,UC_vs_HC
TMEM115,0.81553,-0.26783,0.98935,-0.27072,0.78661,,Mast,UC_vs_HC
CACNA2D2,0.84788,0.13056,0.90084,0.14493,0.88477,,Mast,UC_vs_HC
CYB561D2-1,0.13138,-0.6487,3.4057,-0.19047,0.84894,,Mast,UC_vs_HC
C3orf18,0.15835,1.1636,2.3337,0.49861,0.61806,,Mast,UC_vs_HC
HEMK1,0.7307,0.48875,0.90051,0.54274,0.58731,,Mast,UC_vs_HC
CISH,0.14482,1.0971,2.5145,0.43631,0.66261,,Mast,UC_vs_HC
MAPKAPK3,1.7799,0.51544,0.71006,0.72591,0.4679,0.99956,Mast,UC_vs_HC
LINC02019,0.083407,1.1863,1.6729,0.70915,0.47823,,Mast,UC_vs_HC
DOCK3,0.026346,1.1367,4.0708,0.27924,0.78006,,Mast,UC_vs_HC
MANF,10.666,0.75521,0.73056,1.0337,0.30125,0.99956,Mast,UC_vs_HC
RBM15B,0.77415,-0.86695,1.0002,-0.86675,0.38608,,Mast,UC_vs_HC
DCAF1,0.61535,0.39451,1.0757,0.36674,0.71381,,Mast,UC_vs_HC
RAD54L2,0.40191,-1.9087,1.6624,-1.1481,0.25092,,Mast,UC_vs_HC
TEX264,3.8483,-0.38595,0.55477,-0.69568,0.48663,0.99956,Mast,UC_vs_HC
RRP9,0.58295,-0.26601,1.748,-0.15218,0.87905,,Mast,UC_vs_HC
PARP3,0.42768,1.6397,2.3662,0.69298,0.48832,,Mast,UC_vs_HC
PCBP4,0.038333,0.78366,2.7327,0.28677,0.77429,,Mast,UC_vs_HC
ABHD14B,2.7594,-0.75662,0.80554,-0.93927,0.34759,0.99956,Mast,UC_vs_HC
ABHD14A,1.4882,0.43708,1.0184,0.42919,0.66779,0.99956,Mast,UC_vs_HC
ABHD14A-ACY1,0.026346,1.1367,4.0708,0.27924,0.78006,,Mast,UC_vs_HC
ACY1,0.086487,-0.46649,3.4066,-0.13694,0.89108,,Mast,UC_vs_HC
RPL29,207.91,-0.091745,0.19823,-0.46283,0.64348,0.99956,Mast,UC_vs_HC
DUSP7,0.17934,0.26229,1.5326,0.17114,0.86411,,Mast,UC_vs_HC
POC1A,0.13951,1.6141,2.375,0.67961,0.49675,,Mast,UC_vs_HC
ALAS1,2.2891,1.275,0.95275,1.3383,0.18081,0.99956,Mast,UC_vs_HC
TWF2,2.9061,-0.5138,0.67921,-0.75648,0.44936,0.99956,Mast,UC_vs_HC
AC006252.1,0.026237,0.024139,4.0722,0.0059277,0.99527,,Mast,UC_vs_HC
PPM1M,0.78407,-0.42282,1.3146,-0.32162,0.74774,,Mast,UC_vs_HC
WDR82,3.6812,0.77229,0.48974,1.577,0.11481,0.99956,Mast,UC_vs_HC
GLYCTK,0.26785,-0.35596,1.8787,-0.18947,0.84972,,Mast,UC_vs_HC
DNAH1,0.039637,-0.23575,2.975,-0.079243,0.93684,,Mast,UC_vs_HC
BAP1,0.7151,0.76304,1.0996,0.69395,0.48771,,Mast,UC_vs_HC
PHF7,0.0134,0.3681,4.0861,0.090086,0.92822,,Mast,UC_vs_HC
NISCH,0.85422,1.6028,0.9518,1.684,0.092183,,Mast,UC_vs_HC
STAB1,1.5712,1.1235,0.95815,1.1725,0.24098,0.99956,Mast,UC_vs_HC
NT5DC2,1.2034,1.4138,0.91196,1.5503,0.12108,0.99956,Mast,UC_vs_HC
SMIM4,4.3695,-0.4071,0.575,-0.708,0.47895,0.99956,Mast,UC_vs_HC
PBRM1,2.6797,-0.098532,0.62748,-0.15703,0.87522,0.99956,Mast,UC_vs_HC
GNL3,2.7819,0.24293,0.61848,0.39279,0.69448,0.99956,Mast,UC_vs_HC
GLT8D1,0.96195,0.54466,1.4213,0.38321,0.70157,,Mast,UC_vs_HC
SPCS1,31.332,-0.0082006,0.31904,-0.025704,0.97949,0.99956,Mast,UC_vs_HC
NEK4,0.20046,0.86919,1.4386,0.60419,0.54572,,Mast,UC_vs_HC
ITIH4,0.20595,-0.10828,1.7844,-0.060681,0.95161,,Mast,UC_vs_HC
TMEM110-MUSTN1,0.024934,1.088,4.0829,0.26647,0.78988,,Mast,UC_vs_HC
STIMATE,0.077856,0.72076,2.1657,0.33282,0.73927,,Mast,UC_vs_HC
SFMBT1,0.15592,0.85742,1.8725,0.45791,0.64702,,Mast,UC_vs_HC
RFT1,0.87631,0.20025,1.0121,0.19785,0.84316,,Mast,UC_vs_HC
PRKCD,2.7728,0.59152,0.71154,0.83132,0.40579,0.99956,Mast,UC_vs_HC
TKT,7.9172,0.52798,0.49387,1.0691,0.28504,0.99956,Mast,UC_vs_HC
DCP1A,3.9681,0.53571,0.48141,1.1128,0.2658,0.99956,Mast,UC_vs_HC
CACNA1D,0.25346,1.3577,2.2332,0.60797,0.54321,,Mast,UC_vs_HC
CHDH,0.68416,0.58257,1.5772,0.36938,0.71185,,Mast,UC_vs_HC
IL17RB,0.32744,2.7763,2.0838,1.3323,0.18275,,Mast,UC_vs_HC
AC012467.2,0.052474,-0.39825,4.0401,-0.098575,0.92148,,Mast,UC_vs_HC
ACTR8,2.1207,0.053689,0.67913,0.079055,0.93699,0.99956,Mast,UC_vs_HC
SELENOK,173.14,-0.19473,0.23585,-0.82562,0.40902,0.99956,Mast,UC_vs_HC
ERC2,0.024934,1.088,4.0829,0.26647,0.78988,,Mast,UC_vs_HC
CCDC66,2.1625,1.0775,0.65618,1.6421,0.10056,0.99956,Mast,UC_vs_HC
FAM208A,2.2016,0.59065,0.68287,0.86495,0.38707,0.99956,Mast,UC_vs_HC
ARHGEF3,0.70191,0.086494,1.1883,0.072787,0.94198,,Mast,UC_vs_HC
SPATA12,0.13503,0.22267,3.6373,0.061218,0.95119,,Mast,UC_vs_HC
IL17RD,0.026237,0.024139,4.0722,0.0059277,0.99527,,Mast,UC_vs_HC
HESX1,0.0134,0.3681,4.0861,0.090086,0.92822,,Mast,UC_vs_HC
APPL1,2.5812,0.67516,0.66521,1.015,0.31012,0.99956,Mast,UC_vs_HC
PDE12,1.5719,-0.15783,0.79232,-0.1992,0.84211,0.99956,Mast,UC_vs_HC
ARF4,9.8424,-0.22281,0.3546,-0.62833,0.52979,0.99956,Mast,UC_vs_HC
ARF4-AS1,0.039637,-0.23575,2.975,-0.079243,0.93684,,Mast,UC_vs_HC
DENND6A,1.0489,0.91233,1.0043,0.90839,0.36367,,Mast,UC_vs_HC
DENND6A-AS1,0.12955,0.79693,3.3637,0.23692,0.81272,,Mast,UC_vs_HC
SLMAP,0.66361,1.6368,0.96944,1.6884,0.091336,,Mast,UC_vs_HC
FLNB,1.8643,0.59073,0.67101,0.88035,0.37867,0.99956,Mast,UC_vs_HC
DNASE1L3,0.052922,0.24161,3.2428,0.074505,0.94061,,Mast,UC_vs_HC
ABHD6,0.70979,-0.31888,0.95218,-0.33489,0.73771,,Mast,UC_vs_HC
RPP14,0.54267,0.62971,1.0281,0.61252,0.54019,,Mast,UC_vs_HC
HTD2,0.018728,0.70632,4.1361,0.17077,0.86441,,Mast,UC_vs_HC
PXK,1.1134,2.1912,1.169,1.8745,0.060862,,Mast,UC_vs_HC
PDHB,3.4773,0.52021,0.57858,0.8991,0.3686,0.99956,Mast,UC_vs_HC
AC116036.2,0.039522,0.59268,4.1488,0.14286,0.8864,,Mast,UC_vs_HC
KCTD6,0.30484,-0.58609,1.5894,-0.36875,0.71232,,Mast,UC_vs_HC
FAM3D,0.12263,-0.37764,1.7875,-0.21127,0.83267,,Mast,UC_vs_HC
C3orf67,0.052922,0.24161,3.2428,0.074505,0.94061,,Mast,UC_vs_HC
FHIT,1.2466,0.30687,0.80517,0.38112,0.70311,0.99956,Mast,UC_vs_HC
C3orf14,0.47516,-0.47948,1.464,-0.32752,0.74327,,Mast,UC_vs_HC
CADPS,10.531,0.89052,0.55598,1.6017,0.10922,0.99956,Mast,UC_vs_HC
THOC7,8.1024,0.033506,0.41256,0.081216,0.93527,0.99956,Mast,UC_vs_HC
ATXN7,0.20233,0.65915,1.9699,0.33461,0.73792,,Mast,UC_vs_HC
ATXN7-1,0.068595,1.377,2.938,0.4687,0.63928,,Mast,UC_vs_HC
PSMD6-AS2,0.25759,0.86432,1.7815,0.48518,0.62755,,Mast,UC_vs_HC
AC012557.1,0.0134,0.3681,4.0861,0.090086,0.92822,,Mast,UC_vs_HC
PSMD6,4.1014,0.12464,0.55475,0.22468,0.82223,0.99956,Mast,UC_vs_HC
PSMD6-AS1,0.1339,-0.57564,3.3968,-0.16947,0.86543,,Mast,UC_vs_HC
AC012557.2,0.026346,1.1367,4.0708,0.27924,0.78006,,Mast,UC_vs_HC
ADAMTS9,0.059765,0.024139,4.0722,0.0059277,0.99527,,Mast,UC_vs_HC
SLC25A26,1.4199,1.4313,0.88788,1.6121,0.10694,0.99956,Mast,UC_vs_HC
LRIG1,0.043089,1.2415,4.0577,0.30596,0.75964,,Mast,UC_vs_HC
KBTBD8,0.34288,0.86768,1.9751,0.43931,0.66044,,Mast,UC_vs_HC
SUCLG2,2.5493,-0.46839,0.77925,-0.60108,0.54778,0.99956,Mast,UC_vs_HC
EOGT,0.5121,0.20527,1.1727,0.17504,0.86105,,Mast,UC_vs_HC
TMF1,12.405,0.3479,0.31493,1.1047,0.26929,0.99956,Mast,UC_vs_HC
UBA3,3.1136,-0.43391,0.60193,-0.72087,0.47099,0.99956,Mast,UC_vs_HC
ARL6IP5,28.563,0.29209,0.3622,0.80645,0.41998,0.99956,Mast,UC_vs_HC
LMOD3,3.856,-0.45736,0.65402,-0.6993,0.48436,0.99956,Mast,UC_vs_HC
FRMD4B,1.2521,-1.2142,0.91951,-1.3205,0.18668,0.99956,Mast,UC_vs_HC
MITF,14.321,0.14561,0.36494,0.39901,0.68989,0.99956,Mast,UC_vs_HC
SAMMSON,0.17645,1.1631,2.2918,0.50747,0.61182,,Mast,UC_vs_HC
FOXP1,29.688,0.10195,0.27539,0.37019,0.71124,0.99956,Mast,UC_vs_HC
AC097634.1,0.31424,0.32449,1.4625,0.22187,0.82441,,Mast,UC_vs_HC
EIF4E3,0.41067,2.3801,2.7086,0.87872,0.37955,,Mast,UC_vs_HC
PROK2,0.064474,0.59268,4.1488,0.14286,0.8864,,Mast,UC_vs_HC
LINC00877,1.9155,-0.2945,0.71287,-0.41312,0.67952,0.99956,Mast,UC_vs_HC
AC105265.4,0.026237,0.024139,4.0722,0.0059277,0.99527,,Mast,UC_vs_HC
RYBP,9.0842,-0.095393,0.46976,-0.20307,0.83908,0.99956,Mast,UC_vs_HC
SHQ1,0.35937,-0.49547,1.1681,-0.42418,0.67144,,Mast,UC_vs_HC
PPP4R2,5.6081,-0.31831,0.51491,-0.6182,0.53644,0.99956,Mast,UC_vs_HC
EBLN2,1.1148,-0.51534,1.1893,-0.4333,0.6648,,Mast,UC_vs_HC
LINC02018,0.10834,1.4913,1.6268,0.91667,0.35931,,Mast,UC_vs_HC
LINC00960,0.037456,0.73093,4.1338,0.17682,0.85965,,Mast,UC_vs_HC
ZNF717,0.15087,-1.1134,1.6556,-0.67254,0.50124,,Mast,UC_vs_HC
ROBO1,0.063924,0.64284,3.2536,0.19758,0.84337,,Mast,UC_vs_HC
GBE1,3.0239,-0.10414,0.79325,-0.13128,0.89555,0.99956,Mast,UC_vs_HC
AC129807.1,0.024934,1.088,4.0829,0.26647,0.78988,,Mast,UC_vs_HC
LINC00971,0.039745,0.81098,2.9497,0.27494,0.78337,,Mast,UC_vs_HC
CADM2,0.1205,-0.41456,3.9842,-0.10405,0.91713,,Mast,UC_vs_HC
AC107204.1,0.059765,0.024139,4.0722,0.0059277,0.99527,,Mast,UC_vs_HC
CHMP2B,5.9055,-0.34917,0.44228,-0.78949,0.42983,0.99956,Mast,UC_vs_HC
CGGBP1,6.5417,0.089279,0.42479,0.21018,0.83353,0.99956,Mast,UC_vs_HC
ZNF654,1.2259,0.43894,0.83071,0.52839,0.59723,0.99956,Mast,UC_vs_HC
C3orf38,2.5474,0.81682,0.62271,1.3117,0.18962,0.99956,Mast,UC_vs_HC
PROS1,0.65253,-0.3276,1.0539,-0.31084,0.75592,,Mast,UC_vs_HC
ARL13B,1.7782,0.098864,0.72671,0.13604,0.89179,0.99956,Mast,UC_vs_HC
STX19,0.11953,-0.75116,4.0175,-0.18697,0.85168,,Mast,UC_vs_HC
DHFR2,0.29646,-0.20129,2.1495,-0.093642,0.92539,,Mast,UC_vs_HC
NSUN3,0.57469,0.4563,1.297,0.3518,0.72499,,Mast,UC_vs_HC
MTRNR2L12,52.744,-0.56972,0.62461,-0.91212,0.36171,0.99956,Mast,UC_vs_HC
ARL6,0.2488,-0.27438,1.5072,-0.18205,0.85555,,Mast,UC_vs_HC
CRYBG3,0.39722,-0.70107,1.4324,-0.48945,0.62452,,Mast,UC_vs_HC
RIOX2,0.57171,2.0038,1.3347,1.5013,0.13328,,Mast,UC_vs_HC
CLDND1,5.2182,0.22567,0.40223,0.56106,0.57476,0.99956,Mast,UC_vs_HC
CPOX,0.14357,1.6208,1.9091,0.84897,0.3959,,Mast,UC_vs_HC
GPR15,0.026237,0.024139,4.0722,0.0059277,0.99527,,Mast,UC_vs_HC
ST3GAL6,1.3837,-0.56808,0.8223,-0.69084,0.48967,0.99956,Mast,UC_vs_HC
DCBLD2,0.99614,0.56812,0.91565,0.62045,0.53496,,Mast,UC_vs_HC
LINC00973,0.24016,0.22169,4.0484,0.054759,0.95633,,Mast,UC_vs_HC
CMSS1,2.9597,-0.47505,0.6212,-0.76473,0.44443,0.99956,Mast,UC_vs_HC
FILIP1L,2.0778,-0.88969,1.0221,-0.87048,0.38404,0.99956,Mast,UC_vs_HC
TBC1D23,2.3906,-0.17496,0.5791,-0.30212,0.76256,0.99956,Mast,UC_vs_HC
NIT2,1.8746,0.10329,0.67904,0.15211,0.8791,0.99956,Mast,UC_vs_HC
TOMM70,0.49043,-1.4831,1.1438,-1.2966,0.19477,,Mast,UC_vs_HC
LNP1,0.0268,0.16572,4.0548,0.040869,0.9674,,Mast,UC_vs_HC
TMEM45A,0.21308,0.88944,2.1408,0.41547,0.6778,,Mast,UC_vs_HC
TFG,7.4261,-0.38724,0.47606,-0.81342,0.41598,0.99956,Mast,UC_vs_HC
ABI3BP,0.12402,-0.35419,2.3193,-0.15271,0.87863,,Mast,UC_vs_HC
IMPG2,0.065759,0.0046698,3.3277,0.0014033,0.99888,,Mast,UC_vs_HC
SENP7,2.7098,0.24802,0.54826,0.45238,0.65099,0.99956,Mast,UC_vs_HC
TRMT10C,3.8897,-0.1248,0.56166,-0.2222,0.82416,0.99956,Mast,UC_vs_HC
PCNP,9.3404,-0.44269,0.39138,-1.1311,0.25801,0.99956,Mast,UC_vs_HC
ZBTB11,2.7147,0.18889,0.70721,0.2671,0.78939,0.99956,Mast,UC_vs_HC
ZBTB11-AS1,0.45307,-0.072336,1.531,-0.047248,0.96232,,Mast,UC_vs_HC
RPL24,193.78,-0.18274,0.23795,-0.768,0.44249,0.99956,Mast,UC_vs_HC
CEP97,0.56436,0.42061,1.4607,0.28795,0.77338,,Mast,UC_vs_HC
NXPE3,0.90946,-0.095794,0.90517,-0.10583,0.91572,,Mast,UC_vs_HC
NFKBIZ,65.904,-0.029104,0.34592,-0.084135,0.93295,0.99956,Mast,UC_vs_HC
ALCAM,0.48684,2.3159,1.9642,1.179,0.23839,,Mast,UC_vs_HC
CBLB,1.3397,0.27491,0.83627,0.32874,0.74235,0.99956,Mast,UC_vs_HC
DUBR,0.21981,-0.22641,2.0029,-0.11304,0.91,,Mast,UC_vs_HC
AC063944.3,0.064474,0.59268,4.1488,0.14286,0.8864,,Mast,UC_vs_HC
LINC01990,0.059765,0.024139,4.0722,0.0059277,0.99527,,Mast,UC_vs_HC
BBX,5.6915,-0.41806,0.42643,-0.98037,0.3269,0.99956,Mast,UC_vs_HC
CD47,4.4284,-0.15028,0.59096,-0.2543,0.79927,0.99956,Mast,UC_vs_HC
LINC01215,0.13279,0.73069,4.1338,0.17676,0.8597,,Mast,UC_vs_HC
IFT57,3.6998,-0.37486,0.52278,-0.71705,0.47335,0.99956,Mast,UC_vs_HC
CIP2A,0.2409,0.96923,1.6388,0.59141,0.55424,,Mast,UC_vs_HC
DZIP3,0.59203,1.4295,1.2144,1.1772,0.23913,,Mast,UC_vs_HC
RETNLB,0.073164,-0.23944,3.3159,-0.07221,0.94244,,Mast,UC_vs_HC
TRAT1,0.44788,1.9335,1.8096,1.0685,0.28531,,Mast,UC_vs_HC
C3orf85,0.0134,0.3681,4.0861,0.090086,0.92822,,Mast,UC_vs_HC
DPPA4,0.055411,0.73069,4.1338,0.17676,0.8597,,Mast,UC_vs_HC
CD96,0.17025,0.77527,3.4744,0.22313,0.82343,,Mast,UC_vs_HC
PHLDB2,0.0268,0.16572,4.0548,0.040869,0.9674,,Mast,UC_vs_HC
ABHD10,1.1113,1.2963,1.0984,1.1802,0.23793,,Mast,UC_vs_HC
GCSAM,0.09426,1.023,2.121,0.48234,0.62957,,Mast,UC_vs_HC
ATG3,3.5581,-0.08579,0.62627,-0.13699,0.89104,0.99956,Mast,UC_vs_HC
SLC35A5,0.5719,-1.1898,1.2203,-0.97503,0.32954,,Mast,UC_vs_HC
LINC02042,0.0985,1.2704,3.5029,0.36268,0.71684,,Mast,UC_vs_HC
CD200R1L,0.088458,1.0394,3.1122,0.33397,0.7384,,Mast,UC_vs_HC
CD200R1,2.0921,1.3044,1.0489,1.2436,0.21365,0.99956,Mast,UC_vs_HC
AC074044.1,0.15903,0.069084,3.8709,0.017847,0.98576,,Mast,UC_vs_HC
GTPBP8,1.8387,1.1993,0.69256,1.7317,0.083335,0.99956,Mast,UC_vs_HC
NEPRO,1.8111,0.24465,0.71285,0.3432,0.73144,0.99956,Mast,UC_vs_HC
AC078785.1,0.044965,0.057449,3.1839,0.018044,0.9856,,Mast,UC_vs_HC
AC078785.2,0.026237,0.024139,4.0722,0.0059277,0.99527,,Mast,UC_vs_HC
CFAP44,0.090501,-0.17291,2.2702,-0.076162,0.93929,,Mast,UC_vs_HC
SPICE1,0.68364,-0.60256,1.1328,-0.5319,0.5948,,Mast,UC_vs_HC
SIDT1,0.1949,0.013351,1.9053,0.0070069,0.99441,,Mast,UC_vs_HC
USF3,0.58169,-1.3016,1.0985,-1.1848,0.23609,,Mast,UC_vs_HC
NAA50,2.627,-0.73296,0.55168,-1.3286,0.18398,0.99956,Mast,UC_vs_HC
ATP6V1A,1.7948,-0.67292,0.69074,-0.97421,0.32995,0.99956,Mast,UC_vs_HC
ZDHHC23,0.024934,1.088,4.0829,0.26647,0.78988,,Mast,UC_vs_HC
CCDC191,0.2182,-1.2947,1.9489,-0.6643,0.5065,,Mast,UC_vs_HC
QTRT2,0.75541,1.323,1.0133,1.3057,0.19166,,Mast,UC_vs_HC
AC093010.2,0.54805,0.9039,1.8531,0.48777,0.62571,,Mast,UC_vs_HC
TIGIT,0.026346,1.1367,4.0708,0.27924,0.78006,,Mast,UC_vs_HC
ZBTB20,20.544,-0.13995,0.34601,-0.40446,0.68587,0.99956,Mast,UC_vs_HC
ZBTB20-AS5,0.19528,-0.24058,2.6185,-0.091876,0.9268,,Mast,UC_vs_HC
ZBTB20-AS2,1.0045,-0.94639,0.99596,-0.95023,0.342,,Mast,UC_vs_HC
B4GALT4,1.3099,0.35073,0.77093,0.45494,0.64915,0.99956,Mast,UC_vs_HC
ARHGAP31,0.98618,0.062961,0.84567,0.074451,0.94065,,Mast,UC_vs_HC
TMEM39A,1.2702,-0.50303,1.2187,-0.41275,0.67979,0.99956,Mast,UC_vs_HC
POGLUT1,1.3846,-0.16569,0.80204,-0.20658,0.83634,0.99956,Mast,UC_vs_HC
TIMMDC1,3.5842,-0.22897,0.6599,-0.34697,0.72861,0.99956,Mast,UC_vs_HC
CD80,0.10038,0.12954,2.3154,0.055945,0.95539,,Mast,UC_vs_HC
AC073352.2,0.075058,1.3326,4.0556,0.32858,0.74247,,Mast,UC_vs_HC
ADPRH,0.99686,0.63717,0.83929,0.75918,0.44774,,Mast,UC_vs_HC
POPDC2,0.2895,0.097989,1.3689,0.07158,0.94294,,Mast,UC_vs_HC
COX17,26.273,-0.55303,0.34045,-1.6244,0.10429,0.99956,Mast,UC_vs_HC
NR1I2,0.0134,0.3681,4.0861,0.090086,0.92822,,Mast,UC_vs_HC
GSK3B,1.339,0.49786,0.79761,0.62419,0.53251,0.99956,Mast,UC_vs_HC
AC092910.3,0.0134,0.3681,4.0861,0.090086,0.92822,,Mast,UC_vs_HC
LRRC58,2.1031,-1.2318,0.78411,-1.571,0.11619,0.99956,Mast,UC_vs_HC
FSTL1,0.039522,0.59268,4.1488,0.14286,0.8864,,Mast,UC_vs_HC
NDUFB4,24.041,-0.36498,0.25384,-1.4379,0.15047,0.99956,Mast,UC_vs_HC
HGD,0.12077,-0.051155,3.397,-0.015059,0.98799,,Mast,UC_vs_HC
RABL3,1.2487,-0.65054,0.82545,-0.7881,0.43064,0.99956,Mast,UC_vs_HC
GTF2E1,0.67664,0.55705,0.92321,0.60338,0.54625,,Mast,UC_vs_HC
HCLS1,5.0863,0.5774,0.40284,1.4333,0.15177,0.99956,Mast,UC_vs_HC
GOLGB1,10.146,-0.16838,0.35403,-0.47562,0.63435,0.99956,Mast,UC_vs_HC
IQCB1,1.131,-0.69958,0.82805,-0.84485,0.39819,0.99956,Mast,UC_vs_HC
EAF2,2.3404,-0.32853,0.66281,-0.49566,0.62013,0.99956,Mast,UC_vs_HC
SLC15A2,0.17348,-0.21477,2.7604,-0.077804,0.93798,,Mast,UC_vs_HC
CD86,0.039522,0.59268,4.1488,0.14286,0.8864,,Mast,UC_vs_HC
CSTA,0.052691,1.4311,4.036,0.35458,0.7229,,Mast,UC_vs_HC
CCDC58,0.75268,0.66626,1.2633,0.5274,0.59792,,Mast,UC_vs_HC
FAM162A,6.9867,-0.61409,0.40084,-1.532,0.12552,0.99956,Mast,UC_vs_HC
WDR5B,0.058473,0.81615,1.9836,0.41145,0.68074,,Mast,UC_vs_HC
AC083798.2,0.058927,0.042455,3.1255,0.013584,0.98916,,Mast,UC_vs_HC
KPNA1,2.0543,-0.02565,0.7414,-0.034596,0.9724,0.99956,Mast,UC_vs_HC
PARP9,1.6319,0.093996,0.83179,0.11301,0.91003,0.99956,Mast,UC_vs_HC
DTX3L,1.2601,0.033771,0.98926,0.034137,0.97277,0.99956,Mast,UC_vs_HC
PARP15,1.1675,0.090869,1.0667,0.085189,0.93211,0.99956,Mast,UC_vs_HC
PARP14,2.8685,1.9498,0.62242,3.1327,0.0017323,0.32388,Mast,UC_vs_HC
HSPBAP1,0.37915,0.87594,1.1278,0.77671,0.43733,,Mast,UC_vs_HC
DIRC2,0.026346,1.1367,4.0708,0.27924,0.78006,,Mast,UC_vs_HC
PDIA5,0.24798,-0.042906,1.5511,-0.027661,0.97793,,Mast,UC_vs_HC
SEC22A,0.25691,0.8452,1.4076,0.60045,0.5482,,Mast,UC_vs_HC
HACD2,0.94749,-0.93705,1.0123,-0.92564,0.35463,,Mast,UC_vs_HC
MYLK-AS1,0.14577,-1.0131,3.5143,-0.28828,0.77313,,Mast,UC_vs_HC
MYLK,0.12379,1.2093,3.6107,0.33491,0.73769,,Mast,UC_vs_HC
CCDC14,2.8051,0.08904,0.6242,0.14265,0.88657,0.99956,Mast,UC_vs_HC
KALRN,0.31119,1.6506,1.449,1.1391,0.25465,,Mast,UC_vs_HC
UMPS,1.2196,-0.078563,0.75214,-0.10445,0.91681,0.99956,Mast,UC_vs_HC
MUC13,0.13814,0.30739,1.8962,0.16211,0.87122,,Mast,UC_vs_HC
HEG1,3.5528,-0.30443,0.52202,-0.58318,0.55977,0.99956,Mast,UC_vs_HC
SLC12A8,1.892,1.4812,0.88287,1.6777,0.093409,0.99956,Mast,UC_vs_HC
ZNF148,4.6763,0.0058385,0.49247,0.011856,0.99054,0.99956,Mast,UC_vs_HC
SNX4,2.1975,-0.33146,0.71883,-0.46112,0.64472,0.99956,Mast,UC_vs_HC
OSBPL11,0.56777,-0.37603,1.3146,-0.28605,0.77484,,Mast,UC_vs_HC
AC092903.2,0.0134,0.3681,4.0861,0.090086,0.92822,,Mast,UC_vs_HC
ALG1L,0.0134,0.3681,4.0861,0.090086,0.92822,,Mast,UC_vs_HC
SLC41A3,0.41114,0.8991,1.1247,0.79942,0.42405,,Mast,UC_vs_HC
ALDH1L1,0.018728,0.70632,4.1361,0.17077,0.86441,,Mast,UC_vs_HC
KLF15,0.026237,0.024139,4.0722,0.0059277,0.99527,,Mast,UC_vs_HC
ZXDC,0.49266,-0.84276,1.2521,-0.67308,0.5009,,Mast,UC_vs_HC
CHST13,0.10833,0.29944,2.3458,0.12765,0.89843,,Mast,UC_vs_HC
TXNRD3,0.045528,0.19411,2.9294,0.066264,0.94717,,Mast,UC_vs_HC
CHCHD6,0.76801,-0.20481,0.92797,-0.2207,0.82532,,Mast,UC_vs_HC
PLXNA1,0.15386,-0.16857,1.887,-0.089336,0.92882,,Mast,UC_vs_HC
TPRA1,0.58857,-1.1496,1.1892,-0.96673,0.33368,,Mast,UC_vs_HC
MCM2,0.18675,-0.37645,1.7295,-0.21766,0.82769,,Mast,UC_vs_HC
ABTB1,1.7599,0.43281,0.70372,0.61503,0.53853,0.99956,Mast,UC_vs_HC
MGLL,1.3091,0.76761,0.84207,0.91157,0.36199,0.99956,Mast,UC_vs_HC
SEC61A1,3.4467,0.26364,0.63359,0.41611,0.67733,0.99956,Mast,UC_vs_HC
RUVBL1,2.638,0.24315,0.73279,0.33181,0.74003,0.99956,Mast,UC_vs_HC
RUVBL1-AS1,0.037578,0.16073,4.0541,0.039647,0.96837,,Mast,UC_vs_HC
EEFSEC,0.99968,-0.68086,0.94712,-0.71888,0.47221,,Mast,UC_vs_HC
GATA2,78.878,0.20478,0.38155,0.53669,0.59148,0.99956,Mast,UC_vs_HC
GATA2-AS1,0.16179,-0.16971,1.5955,-0.10637,0.91529,,Mast,UC_vs_HC
LINC01565,0.026237,0.024139,4.0722,0.0059277,0.99527,,Mast,UC_vs_HC
RPN1,4.9782,0.50772,0.50518,1.005,0.31488,0.99956,Mast,UC_vs_HC
RAB7A,9.5096,-0.073396,0.41351,-0.1775,0.85912,0.99956,Mast,UC_vs_HC
AC112484.3,0.0134,0.3681,4.0861,0.090086,0.92822,,Mast,UC_vs_HC
ACAD9,0.67679,-0.89779,1.2739,-0.70477,0.48096,,Mast,UC_vs_HC
KIAA1257,0.077873,0.24265,3.4481,0.070373,0.9439,,Mast,UC_vs_HC
ISY1,1.9331,-0.80113,0.76185,-1.0516,0.293,0.99956,Mast,UC_vs_HC
AC108673.3,0.69094,1.2926,1.3882,0.93112,0.35179,,Mast,UC_vs_HC
CNBP,20.45,-0.090223,0.25616,-0.35221,0.72468,0.99956,Mast,UC_vs_HC
COPG1,1.8568,-0.1138,0.90172,-0.1262,0.89957,0.99956,Mast,UC_vs_HC
HMCES,1.5138,0.2802,0.9694,0.28905,0.77255,0.99956,Mast,UC_vs_HC
H1FX,1.2948,-0.33606,1.7388,-0.19327,0.84675,0.99956,Mast,UC_vs_HC
H1FX-AS1,0.12699,0.54115,2.5193,0.2148,0.82992,,Mast,UC_vs_HC
EFCAB12,0.3312,-0.091818,2.5636,-0.035816,0.97143,,Mast,UC_vs_HC
MBD4,4.8462,-0.47212,0.52824,-0.89377,0.37144,0.99956,Mast,UC_vs_HC
IFT122,0.20428,0.20261,1.6484,0.12291,0.90218,,Mast,UC_vs_HC
PLXND1,0.99832,1.1994,1.3194,0.90904,0.36333,,Mast,UC_vs_HC
TMCC1,0.82905,1.3688,1.2388,1.105,0.26917,,Mast,UC_vs_HC
TMCC1-AS1,0.17175,-0.41346,1.7311,-0.23884,0.81123,,Mast,UC_vs_HC
ALG1L2,0.0268,0.16572,4.0548,0.040869,0.9674,,Mast,UC_vs_HC
LINC02021,0.093744,0.82432,2.1007,0.3924,0.69477,,Mast,UC_vs_HC
PIK3R4,0.97639,-0.35602,0.89708,-0.39686,0.69147,,Mast,UC_vs_HC
ATP2C1,2.1681,-1.065,0.91532,-1.1635,0.24461,0.99956,Mast,UC_vs_HC
ASTE1,1.1658,0.25664,0.91964,0.27907,0.78019,0.99956,Mast,UC_vs_HC
NEK11,0.11458,1.2716,3.5774,0.35545,0.72225,,Mast,UC_vs_HC
NUDT16,0.73499,-0.98936,1.0945,-0.90391,0.36605,,Mast,UC_vs_HC
MRPL3,3.618,0.074702,0.51313,0.14558,0.88425,0.99956,Mast,UC_vs_HC
ACPP,0.024934,1.088,4.0829,0.26647,0.78988,,Mast,UC_vs_HC
DNAJC13,0.99666,-0.23616,0.95071,-0.2484,0.80382,,Mast,UC_vs_HC
ACAD11,0.043662,1.1196,2.8057,0.39906,0.68985,,Mast,UC_vs_HC
UBA5,2.0694,0.67734,0.92242,0.73431,0.46276,0.99956,Mast,UC_vs_HC
NPHP3,1.3528,-0.5493,0.7921,-0.69347,0.48801,0.99956,Mast,UC_vs_HC
TMEM108,0.1248,-1.0288,2.2166,-0.46411,0.64257,,Mast,UC_vs_HC
TMEM108-AS1,0.059765,0.024139,4.0722,0.0059277,0.99527,,Mast,UC_vs_HC
BFSP2,0.051171,0.51223,3.1431,0.16297,0.87054,,Mast,UC_vs_HC
CDV3,3.035,-0.52098,0.60851,-0.85617,0.3919,0.99956,Mast,UC_vs_HC
TOPBP1,0.68051,0.20836,1.1696,0.17814,0.85861,,Mast,UC_vs_HC
TF,0.043089,1.2415,4.0577,0.30596,0.75964,,Mast,UC_vs_HC
SRPRB,2.9616,0.57524,0.60529,0.95035,0.34193,0.99956,Mast,UC_vs_HC
SLCO2A1,0.055411,0.73069,4.1338,0.17676,0.8597,,Mast,UC_vs_HC
RYK,1.2896,0.86026,0.76125,1.1301,0.25845,0.99956,Mast,UC_vs_HC
ANAPC13,2.4617,-0.64739,0.64303,-1.0068,0.31404,0.99956,Mast,UC_vs_HC
CEP63,2.3173,0.35597,0.7007,0.50802,0.61144,0.99956,Mast,UC_vs_HC
PPP2R3A,0.056489,0.8828,3.1215,0.28281,0.77732,,Mast,UC_vs_HC
MSL2,1.0726,-0.23723,0.82869,-0.28627,0.77467,,Mast,UC_vs_HC
PCCB,0.83522,0.67678,1.0137,0.66765,0.50436,,Mast,UC_vs_HC
STAG1,2.6177,-0.94038,0.66516,-1.4138,0.15743,0.99956,Mast,UC_vs_HC
AC117382.2,0.043089,1.2415,4.0577,0.30596,0.75964,,Mast,UC_vs_HC
NCK1-DT,0.24457,-0.35619,2.1931,-0.16241,0.87098,,Mast,UC_vs_HC
NCK1,2.7073,-0.21635,0.64641,-0.33469,0.73786,0.99956,Mast,UC_vs_HC
IL20RB,0.026237,0.024139,4.0722,0.0059277,0.99527,,Mast,UC_vs_HC
DBR1,0.35604,1.9681,1.4772,1.3323,0.18277,,Mast,UC_vs_HC
ARMC8,1.5449,0.16292,0.76793,0.21216,0.83198,0.99956,Mast,UC_vs_HC
NME9,0.026346,1.1367,4.0708,0.27924,0.78006,,Mast,UC_vs_HC
MRAS,0.024934,1.088,4.0829,0.26647,0.78988,,Mast,UC_vs_HC
ESYT3,0.11618,0.75597,3.3339,0.22675,0.82062,,Mast,UC_vs_HC
CEP70,1.8141,0.19436,0.73742,0.26357,0.79211,0.99956,Mast,UC_vs_HC
FAIM,4.6347,0.24282,0.62362,0.38937,0.697,0.99956,Mast,UC_vs_HC
PIK3CB,0.96897,0.71598,0.87707,0.81633,0.41431,,Mast,UC_vs_HC
MRPS22,4.6446,0.12648,0.4474,0.2827,0.77741,0.99956,Mast,UC_vs_HC
AC024933.1,0.0134,0.3681,4.0861,0.090086,0.92822,,Mast,UC_vs_HC
COPB2,6.1144,-0.18583,0.39663,-0.46854,0.6394,0.99956,Mast,UC_vs_HC
AC097103.2,0.19791,-0.89789,2.5534,-0.35164,0.72511,,Mast,UC_vs_HC
RBP1,0.075058,1.3326,4.0556,0.32858,0.74247,,Mast,UC_vs_HC
NMNAT3,0.51268,-0.80929,1.4887,-0.54363,0.58669,,Mast,UC_vs_HC
SLC25A36,3.1749,0.65272,0.67813,0.96253,0.33579,0.99956,Mast,UC_vs_HC
PXYLP1,0.026346,1.1367,4.0708,0.27924,0.78006,,Mast,UC_vs_HC
ZBTB38,5.5626,-0.61382,0.50677,-1.2112,0.2258,0.99956,Mast,UC_vs_HC
RASA2,3.2954,0.3322,0.82206,0.4041,0.68614,0.99956,Mast,UC_vs_HC
RNF7,13.783,0.014424,0.35659,0.04045,0.96773,0.99956,Mast,UC_vs_HC
ATP1B3,20.53,-0.74437,0.43198,-1.7232,0.084861,0.99956,Mast,UC_vs_HC
ATP1B3-AS1,0.19238,0.29873,2.0779,0.14376,0.88569,,Mast,UC_vs_HC
TFDP2,3.8331,0.61194,0.68242,0.89672,0.36987,0.99956,Mast,UC_vs_HC
GK5,2.8269,1.7653,0.83556,2.1128,0.034621,0.90299,Mast,UC_vs_HC
XRN1,4.3567,0.69783,0.55416,1.2593,0.20794,0.99956,Mast,UC_vs_HC
ATR,0.63096,-0.78483,1.3855,-0.56646,0.57108,,Mast,UC_vs_HC
PLS1,0.13417,-0.22479,3.3637,-0.066829,0.94672,,Mast,UC_vs_HC
U2SURP,8.4885,-0.17716,0.39795,-0.44518,0.65619,0.99956,Mast,UC_vs_HC
AC026304.1,0.083106,-0.23383,1.9079,-0.12256,0.90246,,Mast,UC_vs_HC
CHST2,2.833,-0.37814,0.74958,-0.50448,0.61393,0.99956,Mast,UC_vs_HC
SLC9A9,0.22029,-0.24314,1.8002,-0.13506,0.89256,,Mast,UC_vs_HC
C3orf58,1.4257,-0.13629,0.81011,-0.16824,0.86639,0.99956,Mast,UC_vs_HC
PLSCR4,0.50078,-0.50859,1.4469,-0.35151,0.72521,,Mast,UC_vs_HC
PLSCR1,1.9246,0.84472,0.63404,1.3323,0.18277,0.99956,Mast,UC_vs_HC
CPA3,315.01,0.64509,0.26494,2.4348,0.014899,0.72228,Mast,UC_vs_HC
GYG1,1.7781,-0.3464,0.75209,-0.46058,0.6451,0.99956,Mast,UC_vs_HC
HLTF,5.1151,-0.11668,0.52367,-0.22281,0.82368,0.99956,Mast,UC_vs_HC
HPS3,0.79944,-0.73673,1.3039,-0.56503,0.57205,,Mast,UC_vs_HC
CP,0.056306,0.20097,3.1229,0.064354,0.94869,,Mast,UC_vs_HC
TM4SF1,0.037578,0.16073,4.0541,0.039647,0.96837,,Mast,UC_vs_HC
COMMD2,4.6211,-1.0587,0.56989,-1.8577,0.063214,0.99024,Mast,UC_vs_HC
RNF13,3.3892,0.25828,0.52148,0.49529,0.6204,0.99956,Mast,UC_vs_HC
PFN2,0.064679,1.1546,1.8847,0.61261,0.54014,,Mast,UC_vs_HC
TSC22D2,8.5219,-0.11583,0.5426,-0.21348,0.83095,0.99956,Mast,UC_vs_HC
SERP1,16.794,0.10116,0.73138,0.13831,0.88999,0.99956,Mast,UC_vs_HC
EIF2A,9.2613,-0.28817,0.37918,-0.75998,0.44726,0.99956,Mast,UC_vs_HC
SELENOT,12.291,0.27616,0.28715,0.96172,0.33619,0.99956,Mast,UC_vs_HC
ERICH6-AS1,0.31522,-0.321,1.4504,-0.22131,0.82485,,Mast,UC_vs_HC
SIAH2,1.091,1.0603,0.80574,1.3159,0.1882,,Mast,UC_vs_HC
SIAH2-AS1,0.043089,1.2415,4.0577,0.30596,0.75964,,Mast,UC_vs_HC
GPR171,0.31037,0.36507,1.6044,0.22754,0.82,,Mast,UC_vs_HC
P2RY14,5.9882,0.45923,0.69898,0.65699,0.51119,0.99956,Mast,UC_vs_HC
IGSF10,0.043089,1.2415,4.0577,0.30596,0.75964,,Mast,UC_vs_HC
SUCNR1,0.0134,0.3681,4.0861,0.090086,0.92822,,Mast,UC_vs_HC
AC108718.1,0.024934,1.088,4.0829,0.26647,0.78988,,Mast,UC_vs_HC
MBNL1,9.4604,0.52042,0.55518,0.93738,0.34856,0.99956,Mast,UC_vs_HC
MBNL1-AS1,0.032128,0.40025,2.7752,0.14423,0.88532,,Mast,UC_vs_HC
P2RY1,0.338,-1.7518,1.8468,-0.94855,0.34285,,Mast,UC_vs_HC
RAP2B,3.1974,-0.50692,0.6501,-0.77975,0.43554,0.99956,Mast,UC_vs_HC
ARHGEF26,0.15581,-0.22327,2.4505,-0.091113,0.9274,,Mast,UC_vs_HC
DHX36,9.7476,-0.41925,0.43174,-0.97108,0.33151,0.99956,Mast,UC_vs_HC
C3orf33,0.069706,-0.032991,1.9718,-0.016732,0.98665,,Mast,UC_vs_HC
SLC33A1,0.97084,0.64194,0.88798,0.72292,0.46973,,Mast,UC_vs_HC
GMPS,1.7034,0.25072,0.82435,0.30414,0.76102,0.99956,Mast,UC_vs_HC
KCNAB1,0.018728,0.70632,4.1361,0.17077,0.86441,,Mast,UC_vs_HC
AC084036.1,0.026346,1.1367,4.0708,0.27924,0.78006,,Mast,UC_vs_HC
SSR3,19.646,0.57307,0.30128,1.9021,0.057154,0.98721,Mast,UC_vs_HC
TIPARP-AS1,0.37932,-0.065188,1.2967,-0.050272,0.95991,,Mast,UC_vs_HC
TIPARP,15.279,-0.56391,0.52097,-1.0824,0.27907,0.99956,Mast,UC_vs_HC
LINC00886,0.039522,0.59268,4.1488,0.14286,0.8864,,Mast,UC_vs_HC
LINC02029,0.059765,0.024139,4.0722,0.0059277,0.99527,,Mast,UC_vs_HC
LINC00881,0.037578,0.16073,4.0541,0.039647,0.96837,,Mast,UC_vs_HC
CCNL1,17.484,-0.022337,0.3575,-0.06248,0.95018,0.99956,Mast,UC_vs_HC
VEPH1,0.043089,1.2415,4.0577,0.30596,0.75964,,Mast,UC_vs_HC
PTX3,0.20167,0.72011,2.0885,0.3448,0.73025,,Mast,UC_vs_HC
RSRC1,5.1431,0.042781,0.49466,0.086485,0.93108,0.99956,Mast,UC_vs_HC
AC106707.1,0.45731,-0.089468,1.0709,-0.083547,0.93342,,Mast,UC_vs_HC
MLF1,6.0852,-1.1999,0.4246,-2.8259,0.0047148,0.56931,Mast,UC_vs_HC
GFM1,1.8787,-0.17001,0.70846,-0.23997,0.81035,0.99956,Mast,UC_vs_HC
LXN,5.2226,-0.13238,0.43802,-0.30222,0.76249,0.99956,Mast,UC_vs_HC
AC080013.4,0.018728,0.70632,4.1361,0.17077,0.86441,,Mast,UC_vs_HC
RARRES1,1.9647,-0.31568,0.88952,-0.35489,0.72267,0.99956,Mast,UC_vs_HC
MFSD1,1.6712,0.384,0.90644,0.42363,0.67183,0.99956,Mast,UC_vs_HC
AC080013.1,0.56204,-0.097,1.4804,-0.065523,0.94776,,Mast,UC_vs_HC
SCHIP1,0.055411,0.73069,4.1338,0.17676,0.8597,,Mast,UC_vs_HC
IL12A-AS1,0.097829,-0.31323,3.3199,-0.094348,0.92483,,Mast,UC_vs_HC
C3orf80,0.12472,0.06926,3.8443,0.018016,0.98563,,Mast,UC_vs_HC
IFT80,0.60167,0.81687,1.2198,0.66966,0.50308,,Mast,UC_vs_HC
SMC4,4.9881,0.041641,0.58798,0.070821,0.94354,0.99956,Mast,UC_vs_HC
TRIM59,0.74582,0.55227,1.2279,0.44979,0.65287,,Mast,UC_vs_HC
KPNA4,5.8207,-0.57601,0.45785,-1.2581,0.20837,0.99956,Mast,UC_vs_HC
ARL14,0.097221,0.076237,3.7232,0.020476,0.98366,,Mast,UC_vs_HC
AC069224.1,0.090052,-0.81976,3.3835,-0.24228,0.80856,,Mast,UC_vs_HC
PPM1L,0.50556,0.66974,1.444,0.46382,0.64278,,Mast,UC_vs_HC
NMD3,3.2036,-0.40709,0.61122,-0.66603,0.50539,0.99956,Mast,UC_vs_HC
LINC02023,0.0134,0.3681,4.0861,0.090086,0.92822,,Mast,UC_vs_HC
PDCD10,6.1589,0.52217,0.39473,1.3229,0.18588,0.99956,Mast,UC_vs_HC
SERPINI1,0.56335,0.084127,0.95271,0.088303,0.92964,,Mast,UC_vs_HC
GOLIM4,3.8441,0.34398,0.55242,0.62269,0.53349,0.99956,Mast,UC_vs_HC
MYNN,0.85375,-0.29024,0.90704,-0.31998,0.74898,,Mast,UC_vs_HC
SEC62,36.134,-0.38458,0.30499,-1.261,0.20732,0.99956,Mast,UC_vs_HC
SEC62-AS1,0.026237,0.024139,4.0722,0.0059277,0.99527,,Mast,UC_vs_HC
GPR160,0.066436,-0.53992,3.1881,-0.16935,0.86552,,Mast,UC_vs_HC
PHC3,2.0154,-0.25647,0.6983,-0.36728,0.71341,0.99956,Mast,UC_vs_HC
AC008040.5,0.032128,0.40025,2.7752,0.14423,0.88532,,Mast,UC_vs_HC
PRKCI,0.47411,0.25694,1.1168,0.23006,0.81805,,Mast,UC_vs_HC
SKIL,34.694,-0.015891,0.37204,-0.042713,0.96593,0.99956,Mast,UC_vs_HC
SLC7A14,0.064474,0.59268,4.1488,0.14286,0.8864,,Mast,UC_vs_HC
RPL22L1,16.622,-0.52639,0.38253,-1.3761,0.1688,0.99956,Mast,UC_vs_HC
EIF5A2,0.28682,-0.34116,1.4383,-0.23719,0.81251,,Mast,UC_vs_HC
TNIK,5.5777,-0.25878,0.4869,-0.53148,0.59509,0.99956,Mast,UC_vs_HC
AC092919.1,0.075058,1.3326,4.0556,0.32858,0.74247,,Mast,UC_vs_HC
PLD1,1.1484,0.80419,1.0546,0.76258,0.44571,0.99956,Mast,UC_vs_HC
FNDC3B,2.0319,1.2109,0.85568,1.4152,0.15702,0.99956,Mast,UC_vs_HC
TNFSF10,49.581,1.4227,0.22902,6.2122,5.2247e-10,3.0282e-06,Mast,UC_vs_HC
LINC02068,0.45082,1.7946,1.4402,1.246,0.21275,,Mast,UC_vs_HC
NCEH1,0.30952,0.51758,1.5376,0.33662,0.7364,,Mast,UC_vs_HC
ECT2,0.21309,0.57217,2.0548,0.27845,0.78066,,Mast,UC_vs_HC
NLGN1,0.026237,0.024139,4.0722,0.0059277,0.99527,,Mast,UC_vs_HC
NAALADL2,0.20116,-1.2672,1.629,-0.77787,0.43664,,Mast,UC_vs_HC
LINC01209,0.056306,0.20097,3.1229,0.064354,0.94869,,Mast,UC_vs_HC
TBL1XR1,2.6564,1.0817,0.6438,1.6801,0.092929,0.99956,Mast,UC_vs_HC
ZMAT3,1.6818,0.17449,0.72554,0.2405,0.80994,0.99956,Mast,UC_vs_HC
PIK3CA,3.0371,0.25447,0.64071,0.39717,0.69124,0.99956,Mast,UC_vs_HC
KCNMB3,0.12304,0.39599,1.46,0.27123,0.78622,,Mast,UC_vs_HC
ZNF639,0.42471,0.74322,1.3236,0.56152,0.57444,,Mast,UC_vs_HC
AC007823.1,0.018728,0.70632,4.1361,0.17077,0.86441,,Mast,UC_vs_HC
MFN1,0.81754,0.88542,0.92025,0.96215,0.33598,,Mast,UC_vs_HC
GNB4,1.4385,0.067955,0.83333,0.081547,0.93501,0.99956,Mast,UC_vs_HC
AC007620.2,0.056489,0.8828,3.1215,0.28281,0.77732,,Mast,UC_vs_HC
ACTL6A,1.431,0.81556,0.77842,1.0477,0.29477,0.99956,Mast,UC_vs_HC
MRPL47,4.1473,-0.46889,0.59374,-0.78971,0.4297,0.99956,Mast,UC_vs_HC
NDUFB5,8.9095,0.33651,0.39438,0.85327,0.39351,0.99956,Mast,UC_vs_HC
USP13,0.32599,2.113,2.1489,0.98328,0.32547,,Mast,UC_vs_HC
TTC14,5.687,-0.64112,0.47506,-1.3496,0.17716,0.99956,Mast,UC_vs_HC
FXR1,12.803,-0.27286,0.38104,-0.71608,0.47394,0.99956,Mast,UC_vs_HC
DNAJC19,13.466,-0.31263,0.33845,-0.92372,0.35563,0.99956,Mast,UC_vs_HC
ATP11B,2.1553,1.4921,0.78607,1.8982,0.057673,0.98721,Mast,UC_vs_HC
DCUN1D1,2.3447,0.69045,0.65297,1.0574,0.29033,0.99956,Mast,UC_vs_HC
MCCC1,0.89064,0.6971,1.3521,0.51557,0.60616,,Mast,UC_vs_HC
MCF2L2,0.24842,0.90759,1.6336,0.55556,0.57851,,Mast,UC_vs_HC
B3GNT5,1.6434,-1.7008,0.83912,-2.0269,0.042676,0.91958,Mast,UC_vs_HC
KLHL6,2.8774,0.75484,0.78601,0.96034,0.33688,0.99956,Mast,UC_vs_HC
KLHL6-AS1,0.075157,-0.26501,4,-0.066252,0.94718,,Mast,UC_vs_HC
KLHL24,2.4468,-0.9328,0.6795,-1.3728,0.16982,0.99956,Mast,UC_vs_HC
YEATS2,0.41149,0.95461,1.225,0.77925,0.43583,,Mast,UC_vs_HC
PARL,3.6728,-0.24379,0.60017,-0.4062,0.6846,0.99956,Mast,UC_vs_HC
ABCC5,0.75448,0.87637,1.0152,0.86328,0.38799,,Mast,UC_vs_HC
EIF2B5,0.86066,-0.32276,1.0452,-0.30881,0.75746,,Mast,UC_vs_HC
DVL3,0.55136,-1.2189,1.1972,-1.0181,0.30862,,Mast,UC_vs_HC
AP2M1,16.653,-0.41611,0.48868,-0.8515,0.39449,0.99956,Mast,UC_vs_HC
ABCF3,0.5399,1.1439,1.0899,1.0495,0.29394,,Mast,UC_vs_HC
ALG3,0.90668,0.2184,0.97768,0.22339,0.82323,,Mast,UC_vs_HC
EEF1AKMT4,0.12263,-0.37764,1.7875,-0.21127,0.83267,,Mast,UC_vs_HC
PSMD2,5.2533,-0.3012,0.61041,-0.49343,0.62171,0.99956,Mast,UC_vs_HC
EIF4G1,3.7566,0.48035,0.64696,0.74246,0.45781,0.99956,Mast,UC_vs_HC
FAM131A,0.69753,-0.75917,1.1006,-0.68979,0.49033,,Mast,UC_vs_HC
CLCN2,0.056489,0.8828,3.1215,0.28281,0.77732,,Mast,UC_vs_HC
POLR2H,3.9785,-0.21945,0.59975,-0.36591,0.71443,0.99956,Mast,UC_vs_HC
LINC01840,0.27342,-0.12647,1.7744,-0.071273,0.94318,,Mast,UC_vs_HC
MAGEF1,0.73157,0.96405,1.2777,0.75452,0.45054,,Mast,UC_vs_HC
VPS8,1.0015,0.55299,0.87233,0.63392,0.52614,,Mast,UC_vs_HC
MAP3K13,2.7825,-0.49109,0.65992,-0.74417,0.45677,0.99956,Mast,UC_vs_HC
TMEM41A,0.73844,0.071885,1.1392,0.063101,0.94969,,Mast,UC_vs_HC
LIPH,0.073164,-0.23944,3.3159,-0.07221,0.94244,,Mast,UC_vs_HC
SENP2,0.81872,0.018451,0.8843,0.020865,0.98335,,Mast,UC_vs_HC
IGF2BP2,0.29547,2.4222,1.9722,1.2282,0.21937,,Mast,UC_vs_HC
TRA2B,16.434,-0.18622,0.31101,-0.59878,0.54932,0.99956,Mast,UC_vs_HC
ETV5,0.6522,-1.3909,1.3747,-1.0118,0.31164,,Mast,UC_vs_HC
DGKG,0.32105,-0.17048,1.883,-0.090536,0.92786,,Mast,UC_vs_HC
CRYGS,0.19671,0.71463,2.6799,0.26667,0.78973,,Mast,UC_vs_HC
TBCCD1,0.17301,0.82307,1.6458,0.5001,0.61701,,Mast,UC_vs_HC
DNAJB11,5.5986,0.1848,0.47667,0.38769,0.69825,0.99956,Mast,UC_vs_HC
AC112907.3,0.043089,1.2415,4.0577,0.30596,0.75964,,Mast,UC_vs_HC
EIF4A2,23.095,-0.39127,0.49803,-0.78563,0.43208,0.99956,Mast,UC_vs_HC
RFC4,0.73047,-0.91879,1.2091,-0.75991,0.44731,,Mast,UC_vs_HC
ST6GAL1,1.9725,1.7185,0.78884,2.1785,0.029366,0.89224,Mast,UC_vs_HC
RPL39L,1.1574,-0.87925,1.1264,-0.78056,0.43506,0.99956,Mast,UC_vs_HC
RTP4,0.19385,1.1698,2.052,0.57004,0.56865,,Mast,UC_vs_HC
BCL6,0.21188,0.80124,1.6218,0.49405,0.62127,,Mast,UC_vs_HC
LPP,1.8463,-0.02625,0.74927,-0.035034,0.97205,0.99956,Mast,UC_vs_HC
TPRG1,0.039522,0.59268,4.1488,0.14286,0.8864,,Mast,UC_vs_HC
IL1RAP,0.20678,0.67049,1.8738,0.35782,0.72048,,Mast,UC_vs_HC
CCDC50,0.32017,0.23727,2.2932,0.10347,0.91759,,Mast,UC_vs_HC
MB21D2,0.039522,0.59268,4.1488,0.14286,0.8864,,Mast,UC_vs_HC
ATP13A4,0.12542,1.5849,1.8343,0.86405,0.38756,,Mast,UC_vs_HC
OPA1,2.0099,-0.32217,0.69852,-0.46122,0.64464,0.99956,Mast,UC_vs_HC
HES1,10.341,-0.037575,0.76086,-0.049385,0.96061,0.99956,Mast,UC_vs_HC
ATP13A3,3.0709,0.50515,0.66585,0.75865,0.44806,0.99956,Mast,UC_vs_HC
LINC00884,0.064456,1.0747,3.2748,0.32817,0.74278,,Mast,UC_vs_HC
TMEM44-AS1,0.28316,0.37199,2.2128,0.16811,0.86649,,Mast,UC_vs_HC
TMEM44,0.75852,0.66134,1.2095,0.54679,0.58452,,Mast,UC_vs_HC
AC046143.1,0.1205,-0.41456,3.9842,-0.10405,0.91713,,Mast,UC_vs_HC
LSG1,1.9057,-0.080274,0.71641,-0.11205,0.91078,0.99956,Mast,UC_vs_HC
FAM43A,0.60115,0.33787,1.2061,0.28013,0.77938,,Mast,UC_vs_HC
XXYLT1,0.73528,-0.50787,1.0751,-0.4724,0.63664,,Mast,UC_vs_HC
XXYLT1-AS2,0.063815,-0.46407,3.2326,-0.14356,0.88585,,Mast,UC_vs_HC
ACAP2,3.9183,1.3777,0.92124,1.4955,0.13479,0.99956,Mast,UC_vs_HC
PPP1R2,8.8197,-0.079913,0.43608,-0.18326,0.8546,0.99956,Mast,UC_vs_HC
AC233280.1,0.073164,-0.23944,3.3159,-0.07221,0.94244,,Mast,UC_vs_HC
MUC20-OT1,2.4597,-0.23409,0.70677,-0.33122,0.74048,0.99956,Mast,UC_vs_HC
MUC20,0.099578,1.3657,3.3732,0.40485,0.68559,,Mast,UC_vs_HC
MUC4,0.48146,0.62513,2.0517,0.30468,0.76061,,Mast,UC_vs_HC
TNK2,0.16973,1.6223,2.5618,0.63325,0.52657,,Mast,UC_vs_HC
AC124944.1,0.3129,1.3326,4.0556,0.32858,0.74247,,Mast,UC_vs_HC
TFRC,2.1526,-0.37257,0.85346,-0.43654,0.66245,0.99956,Mast,UC_vs_HC
SLC51A,0.22769,0.7665,2.1301,0.35983,0.71897,,Mast,UC_vs_HC
PCYT1A,1.783,-0.068706,0.67371,-0.10198,0.91877,0.99956,Mast,UC_vs_HC
TCTEX1D2,0.21846,0.53573,1.5122,0.35427,0.72314,,Mast,UC_vs_HC
TM4SF19-AS1,0.28101,0.47237,2.2474,0.21018,0.83352,,Mast,UC_vs_HC
UBXN7,1.6428,0.82114,0.85136,0.9645,0.3348,0.99956,Mast,UC_vs_HC
RNF168,3.4864,1.059,0.73999,1.4311,0.1524,0.99956,Mast,UC_vs_HC
AC117490.2,0.043089,1.2415,4.0577,0.30596,0.75964,,Mast,UC_vs_HC
WDR53,0.19366,1.3435,2.0792,0.64616,0.51817,,Mast,UC_vs_HC
FBXO45,0.18664,0.18442,1.6809,0.10972,0.91263,,Mast,UC_vs_HC
NRROS,1.1084,0.015046,0.9671,0.015557,0.98759,,Mast,UC_vs_HC
PIGX,1.03,1.5735,0.9553,1.6472,0.099527,,Mast,UC_vs_HC
CEP19,0.22972,1.2076,1.6338,0.73915,0.45982,,Mast,UC_vs_HC
PAK2,8.7489,1.3209,0.70963,1.8614,0.062684,0.98767,Mast,UC_vs_HC
SENP5,3.2768,-0.24413,0.69917,-0.34917,0.72696,0.99956,Mast,UC_vs_HC
NCBP2,3.3158,-0.30158,0.52595,-0.57339,0.56638,0.99956,Mast,UC_vs_HC
NCBP2-AS1,0.064474,0.59268,4.1488,0.14286,0.8864,,Mast,UC_vs_HC
NCBP2-AS2,1.1354,0.81799,1.5441,0.52976,0.59628,0.99956,Mast,UC_vs_HC
PIGZ,0.039522,0.59268,4.1488,0.14286,0.8864,,Mast,UC_vs_HC
MELTF,0.16236,-0.33214,1.71,-0.19424,0.84599,,Mast,UC_vs_HC
DLG1,1.386,0.065966,0.95392,0.069152,0.94487,0.99956,Mast,UC_vs_HC
AC128709.2,0.018728,0.70632,4.1361,0.17077,0.86441,,Mast,UC_vs_HC
BDH1,0.21017,0.95856,1.7692,0.54181,0.58795,,Mast,UC_vs_HC
RUBCN,0.49753,0.49587,1.2087,0.41026,0.68161,,Mast,UC_vs_HC
FYTTD1,5.3289,0.15317,0.52704,0.29062,0.77134,0.99956,Mast,UC_vs_HC
LRCH3,1.5141,-0.08267,0.99106,-0.083416,0.93352,0.99956,Mast,UC_vs_HC
IQCG,0.96896,-1.2431,1.6616,-0.74817,0.45436,,Mast,UC_vs_HC
RPL35A,266.75,-0.31956,0.18319,-1.7444,0.081088,0.99956,Mast,UC_vs_HC
LMLN,0.16943,0.058687,1.5392,0.038127,0.96959,,Mast,UC_vs_HC
LMLN-AS1,0.018728,0.70632,4.1361,0.17077,0.86441,,Mast,UC_vs_HC
ZNF595,0.3642,0.76431,1.5264,0.50073,0.61656,,Mast,UC_vs_HC
ZNF718,0.16975,0.1112,2.3297,0.04773,0.96193,,Mast,UC_vs_HC
ZNF141,1.3475,0.2332,0.80958,0.28805,0.77331,0.99956,Mast,UC_vs_HC
ZNF721,1.869,-0.63698,0.6661,-0.95628,0.33893,0.99956,Mast,UC_vs_HC
PIGG,1.0959,0.26505,1.2906,0.20537,0.83728,,Mast,UC_vs_HC
PDE6B,0.37336,0.07497,1.457,0.051456,0.95896,,Mast,UC_vs_HC
AC107464.3,0.2815,0.31105,1.3218,0.23533,0.81396,,Mast,UC_vs_HC
ATP5ME,26.584,-0.41823,0.31836,-1.3137,0.18895,0.99956,Mast,UC_vs_HC
MYL5,0.7338,0.35838,1.0402,0.34453,0.73045,,Mast,UC_vs_HC
SLC49A3,0.10347,0.52266,3.2799,0.15935,0.87339,,Mast,UC_vs_HC
PCGF3,1.3018,0.064917,0.90108,0.072044,0.94257,0.99956,Mast,UC_vs_HC
AC139887.4,0.13728,0.41887,1.7308,0.24201,0.80878,,Mast,UC_vs_HC
AC139887.2,0.80614,0.53736,1.481,0.36284,0.71673,,Mast,UC_vs_HC
CPLX1,0.0134,0.3681,4.0861,0.090086,0.92822,,Mast,UC_vs_HC
GAK,1.8349,0.22433,0.84168,0.26653,0.78983,0.99956,Mast,UC_vs_HC
TMEM175,0.55332,0.40654,1.552,0.26194,0.79337,,Mast,UC_vs_HC
DGKQ,0.28252,-0.58029,1.7419,-0.33314,0.73903,,Mast,UC_vs_HC
SLC26A1,0.039522,0.59268,4.1488,0.14286,0.8864,,Mast,UC_vs_HC
IDUA,0.3129,1.3326,4.0556,0.32858,0.74247,,Mast,UC_vs_HC
FGFRL1,0.13439,0.26147,2.3692,0.11036,0.91212,,Mast,UC_vs_HC
RNF212,0.13279,0.73069,4.1338,0.17676,0.8597,,Mast,UC_vs_HC
AC092535.1,0.026237,0.024139,4.0722,0.0059277,0.99527,,Mast,UC_vs_HC
SPON2,0.15233,-0.42297,2.4803,-0.17053,0.86459,,Mast,UC_vs_HC
AC092535.4,0.059765,0.024139,4.0722,0.0059277,0.99527,,Mast,UC_vs_HC
CTBP1-AS,0.037578,0.16073,4.0541,0.039647,0.96837,,Mast,UC_vs_HC
CTBP1,1.4636,-0.089389,0.76325,-0.11712,0.90677,0.99956,Mast,UC_vs_HC
CTBP1-DT,0.1299,0.21503,2.2769,0.094441,0.92476,,Mast,UC_vs_HC
MAEA,0.71484,-0.43111,1.1929,-0.36141,0.7178,,Mast,UC_vs_HC
UVSSA,0.8189,0.20684,1.0771,0.19204,0.84771,,Mast,UC_vs_HC
AC147067.1,0.91287,-1.4046,1.1321,-1.2406,0.21475,,Mast,UC_vs_HC
FAM53A,0.026237,0.024139,4.0722,0.0059277,0.99527,,Mast,UC_vs_HC
SLBP,1.2418,-0.5068,1.1239,-0.45093,0.65204,0.99956,Mast,UC_vs_HC
AC016773.1,0.16182,-0.63385,2.6777,-0.23671,0.81288,,Mast,UC_vs_HC
TMEM129,0.36739,1.9174,1.9214,0.99789,0.31833,,Mast,UC_vs_HC
TACC3,0.49773,0.58098,1.7544,0.33116,0.74053,,Mast,UC_vs_HC
FGFR3,0.026346,1.1367,4.0708,0.27924,0.78006,,Mast,UC_vs_HC
LETM1,0.73273,0.73943,0.93831,0.78804,0.43068,,Mast,UC_vs_HC
NSD2,1.309,-0.24093,0.82985,-0.29032,0.77157,0.99956,Mast,UC_vs_HC
NELFA,1.0023,-0.09348,0.90808,-0.10294,0.91801,,Mast,UC_vs_HC
C4orf48,8.807,-0.14577,2.1558,-0.067618,0.94609,0.99956,Mast,UC_vs_HC
NAT8L,0.21739,1.1126,2.0299,0.54811,0.58362,,Mast,UC_vs_HC
HAUS3,0.61451,1.0051,1.3154,0.76411,0.4448,,Mast,UC_vs_HC
MXD4,2.5487,-0.35712,0.93095,-0.3836,0.70127,0.99956,Mast,UC_vs_HC
ZFYVE28,0.86753,-0.97756,1.0329,-0.94638,0.34396,,Mast,UC_vs_HC
RNF4,1.5863,0.42441,0.88545,0.47932,0.63171,0.99956,Mast,UC_vs_HC
FAM193A,0.99467,0.096296,0.88397,0.10894,0.91325,,Mast,UC_vs_HC
TNIP2,0.84,0.20061,1.0288,0.19499,0.8454,,Mast,UC_vs_HC
SH3BP2,1.9063,1.9008,0.91163,2.0851,0.037064,0.90299,Mast,UC_vs_HC
ADD1,3.6752,0.089697,0.475,0.18884,0.85022,0.99956,Mast,UC_vs_HC
MFSD10,3.2278,0.21594,0.55897,0.38632,0.69926,0.99956,Mast,UC_vs_HC
NOP14-AS1,0.16583,-0.4605,1.9019,-0.24212,0.80868,,Mast,UC_vs_HC
NOP14,1.8501,0.22159,1.1258,0.19682,0.84396,0.99956,Mast,UC_vs_HC
GRK4,0.11992,-0.50083,3.9154,-0.12791,0.89822,,Mast,UC_vs_HC
HTT,1.3321,1.5107,1.0787,1.4005,0.16137,0.99956,Mast,UC_vs_HC
RGS12,0.51466,0.50933,1.0486,0.48573,0.62716,,Mast,UC_vs_HC
LRPAP1,8.7236,-0.25798,0.4832,-0.5339,0.59341,0.99956,Mast,UC_vs_HC
TMEM128,0.95684,0.30143,0.82782,0.36413,0.71576,,Mast,UC_vs_HC
LYAR,2.4318,0.072216,0.63994,0.11285,0.91015,0.99956,Mast,UC_vs_HC
ZBTB49,0.20004,-0.70812,1.4225,-0.4978,0.61862,,Mast,UC_vs_HC
NSG1,0.17709,1.0946,1.9845,0.55158,0.58124,,Mast,UC_vs_HC
STX18,1.7309,1.5202,1.2299,1.2361,0.21643,0.99956,Mast,UC_vs_HC
MSX1,0.0134,0.3681,4.0861,0.090086,0.92822,,Mast,UC_vs_HC
CYTL1,0.3673,-0.65264,1.5455,-0.42229,0.67281,,Mast,UC_vs_HC
STK32B,0.039522,0.59268,4.1488,0.14286,0.8864,,Mast,UC_vs_HC
WFS1,0.052922,0.24161,3.2428,0.074505,0.94061,,Mast,UC_vs_HC
MAN2B2,0.91042,1.1347,0.92351,1.2287,0.21917,,Mast,UC_vs_HC
MRFAP1,9.53,-0.14051,0.35595,-0.39476,0.69302,0.99956,Mast,UC_vs_HC
LINC02482,0.18697,0.14059,1.7346,0.081052,0.9354,,Mast,UC_vs_HC
AC093323.1,0.41856,1.0682,1.9798,0.53954,0.58951,,Mast,UC_vs_HC
LINC002481,0.026237,0.024139,4.0722,0.0059277,0.99527,,Mast,UC_vs_HC
S100P,0.68869,2.4188,2.0397,1.1858,0.23569,,Mast,UC_vs_HC
MRFAP1L1,1.5398,0.083882,0.80568,0.10411,0.91708,0.99956,Mast,UC_vs_HC
BLOC1S4,0.8374,-0.74826,1.4535,-0.5148,0.60669,,Mast,UC_vs_HC
KIAA0232,1.4533,0.60062,0.8801,0.68245,0.49496,0.99956,Mast,UC_vs_HC
TBC1D14,1.1611,0.17071,0.86517,0.19732,0.84358,0.99956,Mast,UC_vs_HC
CCDC96,0.026237,0.024139,4.0722,0.0059277,0.99527,,Mast,UC_vs_HC
TADA2B,0.25828,0.42404,1.3287,0.31914,0.74962,,Mast,UC_vs_HC
GRPEL1,4.7189,-0.23273,0.55666,-0.41808,0.67589,0.99956,Mast,UC_vs_HC
LINC02447,0.15225,-0.81813,2.5437,-0.32163,0.74774,,Mast,UC_vs_HC
SH3TC1,0.75037,1.045,1.4008,0.74599,0.45567,,Mast,UC_vs_HC
HTRA3,0.34108,2.9012,3.6947,0.78522,0.43232,,Mast,UC_vs_HC
AC104825.1,0.052474,-0.39825,4.0401,-0.098575,0.92148,,Mast,UC_vs_HC
ACOX3,0.49711,0.73846,0.99521,0.74202,0.45808,,Mast,UC_vs_HC
TRMT44,0.13927,0.35333,1.6929,0.20872,0.83467,,Mast,UC_vs_HC
SLC2A9,0.055411,0.73069,4.1338,0.17676,0.8597,,Mast,UC_vs_HC
WDR1,4.1016,-0.057021,0.50573,-0.11275,0.91023,0.99956,Mast,UC_vs_HC
ZNF518B,1.0333,0.23448,1.0054,0.23322,0.81559,,Mast,UC_vs_HC
CLNK,6.5482,1.8334,0.80997,2.2636,0.023602,0.82407,Mast,UC_vs_HC
AC084048.1,0.024934,1.088,4.0829,0.26647,0.78988,,Mast,UC_vs_HC
HS3ST1,5.7053,0.012185,0.68266,0.017849,0.98576,0.99956,Mast,UC_vs_HC
RAB28,1.2265,0.21159,0.71309,0.29672,0.76668,0.99956,Mast,UC_vs_HC
BOD1L1,3.8969,0.53108,0.57058,0.93079,0.35196,0.99956,Mast,UC_vs_HC
LINC00504,0.12117,0.03601,2.4648,0.01461,0.98834,,Mast,UC_vs_HC
CPEB2,0.71351,-0.46224,1.1623,-0.39769,0.69086,,Mast,UC_vs_HC
AC098829.1,0.039522,0.59268,4.1488,0.14286,0.8864,,Mast,UC_vs_HC
C1QTNF7,0.018728,0.70632,4.1361,0.17077,0.86441,,Mast,UC_vs_HC
CC2D2A,0.026346,1.1367,4.0708,0.27924,0.78006,,Mast,UC_vs_HC
FBXL5,3.6021,0.064644,0.64744,0.099846,0.92047,0.99956,Mast,UC_vs_HC
FAM200B,1.992,-0.83647,0.65968,-1.268,0.2048,0.99956,Mast,UC_vs_HC
BST1,1.0612,0.34766,1.0866,0.31994,0.74901,,Mast,UC_vs_HC
CD38,5.0197,1.4819,0.61,2.4293,0.015128,0.72228,Mast,UC_vs_HC
FGFBP1,0.043089,1.2415,4.0577,0.30596,0.75964,,Mast,UC_vs_HC
FGFBP2,0.075058,1.3326,4.0556,0.32858,0.74247,,Mast,UC_vs_HC
PROM1,0.4045,2.6789,2.2548,1.1881,0.2348,,Mast,UC_vs_HC
TAPT1,0.94769,0.85112,0.96964,0.87777,0.38007,,Mast,UC_vs_HC
TAPT1-AS1,0.18928,0.91553,2.6059,0.35133,0.72534,,Mast,UC_vs_HC
LDB2,0.13162,1.2036,3.4863,0.34524,0.72991,,Mast,UC_vs_HC
QDPR,0.8235,-1.4508,1.2972,-1.1184,0.26342,,Mast,UC_vs_HC
LAP3,3.3844,-0.38079,0.52452,-0.72597,0.46786,0.99956,Mast,UC_vs_HC
AC006160.1,0.055411,0.73069,4.1338,0.17676,0.8597,,Mast,UC_vs_HC
MED28,4.6246,0.081556,0.43821,0.18611,0.85236,0.99956,Mast,UC_vs_HC
FAM184B,1.1251,-0.29354,1.5749,-0.18638,0.85215,0.99956,Mast,UC_vs_HC
DCAF16,1.4895,-1.0921,0.91384,-1.1951,0.23206,0.99956,Mast,UC_vs_HC
NCAPG,0.11857,0.55363,4.157,0.13318,0.89405,,Mast,UC_vs_HC
LCORL,1.0623,0.26,1.0081,0.25791,0.79647,,Mast,UC_vs_HC
PACRGL,0.13859,1.143,1.9229,0.59442,0.55223,,Mast,UC_vs_HC
ADGRA3,0.055411,0.73069,4.1338,0.17676,0.8597,,Mast,UC_vs_HC
AC093607.1,0.059765,0.024139,4.0722,0.0059277,0.99527,,Mast,UC_vs_HC
DHX15,3.141,-0.17731,0.55084,-0.32189,0.74754,0.99956,Mast,UC_vs_HC
CCDC149,0.052474,-0.39825,4.0401,-0.098575,0.92148,,Mast,UC_vs_HC
SEPSECS,0.032128,0.40025,2.7752,0.14423,0.88532,,Mast,UC_vs_HC
SEPSECS-AS1,0.59149,1.4355,1.2321,1.1651,0.24397,,Mast,UC_vs_HC
PI4K2B,0.2077,0.29146,2.9531,0.098699,0.92138,,Mast,UC_vs_HC
ZCCHC4,0.63737,1.3736,1.4877,0.92332,0.35584,,Mast,UC_vs_HC
ANAPC4,1.6884,0.1975,0.82373,0.23977,0.81051,0.99956,Mast,UC_vs_HC
SEL1L3,0.2777,0.74934,1.4141,0.52992,0.59617,,Mast,UC_vs_HC
AC092436.4,0.039522,0.59268,4.1488,0.14286,0.8864,,Mast,UC_vs_HC
SMIM20,1.0639,0.17924,0.89829,0.19953,0.84184,,Mast,UC_vs_HC
RBPJ,4.4964,0.25405,0.44864,0.56627,0.57121,0.99956,Mast,UC_vs_HC
TBC1D19,0.16147,0.0087014,1.8486,0.004707,0.99624,,Mast,UC_vs_HC
STIM2,1.8805,1.1182,1.0052,1.1124,0.26598,0.99956,Mast,UC_vs_HC
PCDH7,0.037578,0.16073,4.0541,0.039647,0.96837,,Mast,UC_vs_HC
ARAP2,0.21209,-0.28229,2.0265,-0.1393,0.88921,,Mast,UC_vs_HC
DTHD1,0.075058,1.3326,4.0556,0.32858,0.74247,,Mast,UC_vs_HC
RELL1,0.17333,0.63182,2.514,0.25132,0.80157,,Mast,UC_vs_HC
PGM2,2.0094,-0.27178,0.603,-0.45071,0.6522,0.99956,Mast,UC_vs_HC
TBC1D1,0.89203,1.1813,0.93084,1.2691,0.20442,,Mast,UC_vs_HC
KLF3,3.7625,0.66844,0.80844,0.82683,0.40833,0.99956,Mast,UC_vs_HC
TLR6,0.13576,1.1421,3.4984,0.32647,0.74407,,Mast,UC_vs_HC
FAM114A1,0.42518,1.7525,1.3228,1.3248,0.18524,,Mast,UC_vs_HC
TMEM156,0.60418,1.845,1.7726,1.0409,0.29794,,Mast,UC_vs_HC
KLHL5,0.40048,-0.49797,1.4636,-0.34024,0.73368,,Mast,UC_vs_HC
WDR19,0.19083,0.89151,1.5622,0.57066,0.56823,,Mast,UC_vs_HC
RFC1,3.0539,-0.70984,0.59515,-1.1927,0.23299,0.99956,Mast,UC_vs_HC
KLB,0.018728,0.70632,4.1361,0.17077,0.86441,,Mast,UC_vs_HC
RPL9,206.94,-0.26103,0.28693,-0.90972,0.36297,0.99956,Mast,UC_vs_HC
LIAS,0.66735,0.40995,1.0328,0.39693,0.69142,,Mast,UC_vs_HC
UGDH,0.64835,-0.55288,1.0763,-0.51367,0.60749,,Mast,UC_vs_HC
UGDH-AS1,0.13568,-0.1553,1.7424,-0.089132,0.92898,,Mast,UC_vs_HC
SMIM14,3.2913,0.1584,0.57169,0.27708,0.78172,0.99956,Mast,UC_vs_HC
AC108471.2,0.10365,1.2415,4.0577,0.30596,0.75964,,Mast,UC_vs_HC
UBE2K,4.8827,-0.63974,0.52717,-1.2135,0.22492,0.99956,Mast,UC_vs_HC
PDS5A,2.1333,0.52585,0.83883,0.62689,0.53073,0.99956,Mast,UC_vs_HC
N4BP2,1.7098,-0.42524,0.94581,-0.44961,0.65299,0.99956,Mast,UC_vs_HC
RHOH,17.41,0.43299,0.34442,1.2571,0.2087,0.99956,Mast,UC_vs_HC
RBM47,0.15097,0.86816,1.6643,0.52164,0.60192,,Mast,UC_vs_HC
APBB2,0.0134,0.3681,4.0861,0.090086,0.92822,,Mast,UC_vs_HC
TMEM33,1.6891,0.38838,0.73747,0.52664,0.59845,0.99956,Mast,UC_vs_HC
SLC30A9,1.3572,-0.46151,0.86066,-0.53623,0.5918,0.99956,Mast,UC_vs_HC
ATP8A1,0.32295,-0.46124,1.4404,-0.32021,0.74881,,Mast,UC_vs_HC
GUF1,0.41633,1.074,1.6468,0.65218,0.51429,,Mast,UC_vs_HC
GNPDA2,1.0797,-0.77858,0.96681,-0.80531,0.42064,,Mast,UC_vs_HC
AC096586.1,0.026346,1.1367,4.0708,0.27924,0.78006,,Mast,UC_vs_HC
COMMD8,3.2374,1.1272,0.73375,1.5362,0.12448,0.99956,Mast,UC_vs_HC
ATP10D,8.5932,3.3535,1.1027,3.0411,0.0023568,0.3415,Mast,UC_vs_HC
NFXL1,0.24412,0.47134,1.7509,0.2692,0.78778,,Mast,UC_vs_HC
TXK,0.31879,1.403,1.4305,0.98076,0.32671,,Mast,UC_vs_HC
TEC,2.7533,0.44278,0.72603,0.60986,0.54195,0.99956,Mast,UC_vs_HC
SLAIN2,1.134,0.43218,0.86856,0.49758,0.61878,0.99956,Mast,UC_vs_HC
FRYL,3.1684,0.12604,0.57255,0.22014,0.82576,0.99956,Mast,UC_vs_HC
OCIAD1,11.54,0.17283,0.30789,0.56134,0.57456,0.99956,Mast,UC_vs_HC
OCIAD2,1.967,-0.2503,0.595,-0.42068,0.67399,0.99956,Mast,UC_vs_HC
CWH43,0.0134,0.3681,4.0861,0.090086,0.92822,,Mast,UC_vs_HC
DCUN1D4,0.76375,-0.41784,1.1965,-0.34922,0.72693,,Mast,UC_vs_HC
SGCB,0.032128,0.40025,2.7752,0.14423,0.88532,,Mast,UC_vs_HC
USP46,0.71506,-0.10682,1.2178,-0.087715,0.9301,,Mast,UC_vs_HC
USP46-AS1,0.024934,1.088,4.0829,0.26647,0.78988,,Mast,UC_vs_HC
SCFD2,0.45072,0.63182,1.1458,0.55144,0.58133,,Mast,UC_vs_HC
AC023154.1,0.024934,1.088,4.0829,0.26647,0.78988,,Mast,UC_vs_HC
FIP1L1,3.6037,0.33839,0.60491,0.55941,0.57588,0.99956,Mast,UC_vs_HC
LNX1,0.16125,1.2531,2.3856,0.52526,0.5994,,Mast,UC_vs_HC
CHIC2,3.3183,-0.76267,0.74165,-1.0283,0.30379,0.99956,Mast,UC_vs_HC
AC110792.2,0.13279,0.73069,4.1338,0.17676,0.8597,,Mast,UC_vs_HC
PDGFRA,0.039522,0.59268,4.1488,0.14286,0.8864,,Mast,UC_vs_HC
AC098868.1,0.18591,1.0791,2.4649,0.4378,0.66153,,Mast,UC_vs_HC
KIT,58.109,-0.022507,0.31821,-0.070728,0.94361,0.99956,Mast,UC_vs_HC
SRD5A3,0.57889,0.0061573,1.1338,0.0054306,0.99567,,Mast,UC_vs_HC
TMEM165,3.7342,0.72954,0.5636,1.2944,0.19551,0.99956,Mast,UC_vs_HC
CLOCK,1.0546,0.39408,0.85466,0.46109,0.64473,,Mast,UC_vs_HC
EXOC1,2.033,-0.67106,0.64808,-1.0354,0.30046,0.99956,Mast,UC_vs_HC
CEP135,0.83508,0.47658,1.1326,0.4208,0.6739,,Mast,UC_vs_HC
AASDH,1.3867,-0.33634,0.80454,-0.41805,0.67591,0.99956,Mast,UC_vs_HC
PPAT,0.39293,0.39528,1.4669,0.26947,0.78756,,Mast,UC_vs_HC
PAICS,1.2231,0.63653,0.80839,0.7874,0.43105,0.99956,Mast,UC_vs_HC
SRP72,6.6792,0.53148,0.36353,1.462,0.14374,0.99956,Mast,UC_vs_HC
HOPX,0.32583,0.29138,4.0451,0.072032,0.94258,,Mast,UC_vs_HC
SPINK2,0.67712,-0.38274,1.577,-0.2427,0.80824,,Mast,UC_vs_HC
REST,2.8599,-0.48815,0.70544,-0.69197,0.48895,0.99956,Mast,UC_vs_HC
NOA1,0.67384,-0.39676,1.2241,-0.32412,0.74585,,Mast,UC_vs_HC
POLR2B,1.6896,0.10836,0.70714,0.15324,0.87821,0.99956,Mast,UC_vs_HC
IGFBP7,0.21084,1.3314,1.8682,0.71268,0.47605,,Mast,UC_vs_HC
CENPC,3.4113,-0.10485,0.51699,-0.2028,0.83929,0.99956,Mast,UC_vs_HC
STAP1,2.9068,0.46012,0.63857,0.72055,0.47119,0.99956,Mast,UC_vs_HC
UBA6,3.4835,0.80996,0.58679,1.3803,0.16748,0.99956,Mast,UC_vs_HC
UBA6-AS1,0.61619,-0.17538,1.2359,-0.1419,0.88716,,Mast,UC_vs_HC
YTHDC1,5.9547,-0.47204,0.50413,-0.93634,0.3491,0.99956,Mast,UC_vs_HC
UGT2B17,0.17466,-0.56346,1.9191,-0.29361,0.76905,,Mast,UC_vs_HC
AC111000.4,0.29897,0.72338,1.6894,0.42819,0.66851,,Mast,UC_vs_HC
UGT2B11,0.37259,1.2204,2.5077,0.48667,0.62649,,Mast,UC_vs_HC
SULT1B1,0.0985,1.2704,3.5029,0.36268,0.71684,,Mast,UC_vs_HC
SULT1E1,0.018728,0.70632,4.1361,0.17077,0.86441,,Mast,UC_vs_HC
ENAM,0.1072,-0.50924,3.9749,-0.12811,0.89806,,Mast,UC_vs_HC
JCHAIN,71.924,-1.0942,1.2084,-0.90554,0.36518,0.99956,Mast,UC_vs_HC
UTP3,2.6507,-0.71534,0.74994,-0.95387,0.34015,0.99956,Mast,UC_vs_HC
RUFY3,1.6409,-0.00092845,0.88341,-0.001051,0.99916,0.99996,Mast,UC_vs_HC
GRSF1,1.4777,0.46429,0.80775,0.57479,0.56543,0.99956,Mast,UC_vs_HC
MOB1B,1.2235,1.8111,0.97152,1.8641,0.062302,0.98721,Mast,UC_vs_HC
DCK,1.0806,0.028129,0.94703,0.029703,0.9763,,Mast,UC_vs_HC
SLC4A4,0.0134,0.3681,4.0861,0.090086,0.92822,,Mast,UC_vs_HC
ADAMTS3,0.23421,1.6822,2.1994,0.76485,0.44436,,Mast,UC_vs_HC
COX18,0.28777,-0.35701,1.5666,-0.22789,0.81973,,Mast,UC_vs_HC
ANKRD17,2.9524,0.091395,0.5322,0.17173,0.86365,0.99956,Mast,UC_vs_HC
AC053527.1,0.0134,0.3681,4.0861,0.090086,0.92822,,Mast,UC_vs_HC
RASSF6,0.21235,0.81547,2.3927,0.34081,0.73325,,Mast,UC_vs_HC
CXCL8,15.856,2.3724,1.562,1.5188,0.12881,0.99956,Mast,UC_vs_HC
CXCL1,0.039522,0.59268,4.1488,0.14286,0.8864,,Mast,UC_vs_HC
CXCL3,2.231,-0.065687,1.942,-0.033825,0.97302,0.99956,Mast,UC_vs_HC
CXCL2,1.8854,-1.4301,1.1961,-1.1957,0.23183,0.99956,Mast,UC_vs_HC
MTHFD2L,1.7694,0.12386,0.71287,0.17376,0.86206,0.99956,Mast,UC_vs_HC
AC093677.2,0.13328,0.304,2.4732,0.12292,0.90217,,Mast,UC_vs_HC
EREG,7.2758,1.5601,1.1495,1.3571,0.17473,0.99956,Mast,UC_vs_HC
AREG,35.938,0.93118,0.91532,1.0173,0.309,0.99956,Mast,UC_vs_HC
PARM1,0.23388,2.4829,1.6469,1.5076,0.13165,,Mast,UC_vs_HC
RCHY1,1.3775,1.5924,0.88477,1.7998,0.071887,0.99956,Mast,UC_vs_HC
THAP6,0.88848,-0.18902,0.90628,-0.20856,0.83479,,Mast,UC_vs_HC
G3BP2,17.256,-0.56346,0.37439,-1.505,0.13232,0.99956,Mast,UC_vs_HC
USO1,5.0691,-0.24609,0.43014,-0.57212,0.56724,0.99956,Mast,UC_vs_HC
AC110615.1,0.037578,0.16073,4.0541,0.039647,0.96837,,Mast,UC_vs_HC
NAAA,1.1193,0.18868,0.93245,0.20235,0.83964,0.99956,Mast,UC_vs_HC
SDAD1,1.9138,-0.38902,0.70236,-0.55387,0.57967,0.99956,Mast,UC_vs_HC
CXCL9,0.079037,1.6706,4.0121,0.4164,0.67712,,Mast,UC_vs_HC
CXCL10,0.65102,3.498,3.903,0.89623,,,Mast,UC_vs_HC
NUP54,3.1873,0.055969,0.52721,0.10616,0.91545,0.99956,Mast,UC_vs_HC
SCARB2,1.1182,0.055055,0.77679,0.070875,0.9435,,Mast,UC_vs_HC
STBD1,0.039522,0.59268,4.1488,0.14286,0.8864,,Mast,UC_vs_HC
SHROOM3,0.086002,-0.50582,3.3405,-0.15142,0.87964,,Mast,UC_vs_HC
SEPT11,8.0699,-0.50246,0.42796,-1.1741,0.24037,0.99956,Mast,UC_vs_HC
CCNI,33.524,-0.14772,0.44838,-0.32945,0.74182,0.99956,Mast,UC_vs_HC
CCNG2,2.229,0.54496,0.95861,0.56848,0.56971,0.99956,Mast,UC_vs_HC
CNOT6L,4.5675,0.27622,0.7209,0.38315,0.70161,0.99956,Mast,UC_vs_HC
MRPL1,3.7484,0.48991,0.6268,0.7816,0.43445,0.99956,Mast,UC_vs_HC
ANXA3,0.28996,1.6876,2.1558,0.78281,0.43374,,Mast,UC_vs_HC
LINC01094,0.54185,-0.24381,1.0735,-0.22712,0.82033,,Mast,UC_vs_HC
AC098818.2,0.36632,0.94632,1.2946,0.73099,0.46479,,Mast,UC_vs_HC
BMP2K,13.479,0.60449,0.32829,1.8414,0.06557,0.99956,Mast,UC_vs_HC
PAQR3,1.8028,0.28189,0.8186,0.34436,0.73058,0.99956,Mast,UC_vs_HC
ANTXR2,4.8579,-0.86964,0.60467,-1.4382,0.15037,0.99956,Mast,UC_vs_HC
PRDM8,1.1787,-1.1218,1.0432,-1.0753,0.28223,0.99956,Mast,UC_vs_HC
PRKG2,0.19381,0.2916,2.1692,0.13443,0.89307,,Mast,UC_vs_HC
RASGEF1B,16.285,-0.39973,0.48391,-0.82604,0.40878,0.99956,Mast,UC_vs_HC
AC124016.2,0.1907,0.25022,2.5312,0.098856,0.92125,,Mast,UC_vs_HC
HNRNPD,8.8123,-0.161,0.55972,-0.28764,0.77362,0.99956,Mast,UC_vs_HC
AC124016.1,0.21983,1.1469,3.8307,0.29941,0.76463,,Mast,UC_vs_HC
HNRNPDL,29.699,0.009427,0.31639,0.029795,0.97623,0.99956,Mast,UC_vs_HC
ENOPH1,1.0857,-0.39282,1.2279,-0.31993,0.74902,,Mast,UC_vs_HC
TMEM150C,1.3103,-0.69889,0.85608,-0.81639,0.41428,0.99956,Mast,UC_vs_HC
SEC31A,6.1594,0.3177,0.45645,0.69602,0.48641,0.99956,Mast,UC_vs_HC
THAP9-AS1,2.6542,-1.2148,0.64947,-1.8705,0.061416,0.98721,Mast,UC_vs_HC
THAP9,0.026237,0.024139,4.0722,0.0059277,0.99527,,Mast,UC_vs_HC
LIN54,0.25102,-0.56969,1.463,-0.3894,0.69698,,Mast,UC_vs_HC
COPS4,3.3902,0.13123,0.50328,0.26075,0.79428,0.99956,Mast,UC_vs_HC
PLAC8,0.25077,0.47979,1.5184,0.31599,0.75201,,Mast,UC_vs_HC
COQ2,0.12293,1.1048,1.619,0.6824,0.49499,,Mast,UC_vs_HC
HELQ,0.45578,1.5486,1.3672,1.1327,0.25733,,Mast,UC_vs_HC
MRPS18C,7.6575,-0.60537,0.35016,-1.7289,0.083835,0.99956,Mast,UC_vs_HC
ABRAXAS1,0.70539,-1.0821,1.0572,-1.0236,0.30602,,Mast,UC_vs_HC
GPAT3,1.8811,0.53616,0.85989,0.62352,0.53294,0.99956,Mast,UC_vs_HC
CDS1,0.11269,-0.36042,2.3649,-0.1524,0.87887,,Mast,UC_vs_HC
WDFY3,0.17661,-0.25552,2.0102,-0.12711,0.89885,,Mast,UC_vs_HC
ARHGAP24,0.055411,0.73069,4.1338,0.17676,0.8597,,Mast,UC_vs_HC
MAPK10,0.14235,0.14869,3.7846,0.039287,0.96866,,Mast,UC_vs_HC
AC093827.4,0.17651,0.86292,1.6021,0.53861,0.59016,,Mast,UC_vs_HC
AFF1,2.1094,0.50791,0.89926,0.56481,0.5722,0.99956,Mast,UC_vs_HC
KLHL8,0.4761,1.5916,1.1569,1.3757,0.16891,,Mast,UC_vs_HC
HSD17B11,7.2863,-0.0063963,0.43879,-0.014577,0.98837,0.99956,Mast,UC_vs_HC
NUDT9,1.0685,0.46632,1.2236,0.3811,0.70313,,Mast,UC_vs_HC
SPARCL1,0.037578,0.16073,4.0541,0.039647,0.96837,,Mast,UC_vs_HC
SPP1,0.043089,1.2415,4.0577,0.30596,0.75964,,Mast,UC_vs_HC
PKD2,0.23445,1.6052,2.187,0.73399,0.46296,,Mast,UC_vs_HC
PPM1K,3.2817,0.1154,0.71014,0.1625,0.87091,0.99956,Mast,UC_vs_HC
HERC6,0.31774,0.89516,1.8473,0.48458,0.62797,,Mast,UC_vs_HC
HERC5,0.27134,0.56084,1.7485,0.32076,0.7484,,Mast,UC_vs_HC
PYURF,4.427,-0.064836,0.96634,-0.067094,0.94651,0.99956,Mast,UC_vs_HC
HERC3,1.496,-0.30186,0.88832,-0.33981,0.734,0.99956,Mast,UC_vs_HC
NAP1L5,2.5962,-0.02245,0.6458,-0.034763,0.97227,0.99956,Mast,UC_vs_HC
FAM13A-AS1,0.96506,0.5377,1.0611,0.50673,0.61234,,Mast,UC_vs_HC
FAM13A,0.14782,0.081122,1.873,0.043311,0.96545,,Mast,UC_vs_HC
TIGD2,0.044965,0.057449,3.1839,0.018044,0.9856,,Mast,UC_vs_HC
AC104785.1,0.018728,0.70632,4.1361,0.17077,0.86441,,Mast,UC_vs_HC
GPRIN3,0.22445,1.1111,1.3239,0.83925,0.40133,,Mast,UC_vs_HC
CCSER1,0.41132,-0.035941,1.7478,-0.020564,0.98359,,Mast,UC_vs_HC
ATOH1,0.018728,0.70632,4.1361,0.17077,0.86441,,Mast,UC_vs_HC
SMARCAD1,0.70013,0.38591,0.98522,0.39169,0.69528,,Mast,UC_vs_HC
HPGDS,112.23,-0.19475,0.28127,-0.69241,0.48868,0.99956,Mast,UC_vs_HC
PDLIM5,7.2403,0.45187,0.49813,0.90714,0.36433,0.99956,Mast,UC_vs_HC
BMPR1B,0.052691,1.4311,4.036,0.35458,0.7229,,Mast,UC_vs_HC
RAP1GDS1,1.1593,0.85771,0.9472,0.90552,0.36519,0.99956,Mast,UC_vs_HC
TSPAN5,0.086487,-0.46649,3.4066,-0.13694,0.89108,,Mast,UC_vs_HC
EIF4E,5.864,-1.2351,0.57958,-2.1311,0.033083,0.90299,Mast,UC_vs_HC
METAP1,1.0157,0.55932,1.1607,0.48187,0.6299,,Mast,UC_vs_HC
ADH5,5.7765,0.42517,0.44188,0.96218,0.33596,0.99956,Mast,UC_vs_HC
ADH1B,0.039745,0.81098,2.9497,0.27494,0.78337,,Mast,UC_vs_HC
TRMT10A,0.54424,0.081741,1.7321,0.047191,0.96236,,Mast,UC_vs_HC
DAPP1,0.28124,-0.1904,1.8394,-0.10351,0.91756,,Mast,UC_vs_HC
LAMTOR3,3.7925,0.58662,0.56101,1.0457,0.29572,0.99956,Mast,UC_vs_HC
DNAJB14,5.5718,0.67978,0.44158,1.5394,0.1237,0.99956,Mast,UC_vs_HC
H2AFZ,36.353,-0.94712,0.34711,-2.7286,0.0063601,0.63557,Mast,UC_vs_HC
PPP3CA,7.4699,0.23269,0.49522,0.46987,0.63844,0.99956,Mast,UC_vs_HC
AP001816.1,0.38556,0.82206,1.3307,0.61776,0.53674,,Mast,UC_vs_HC
BANK1,0.36787,1.2057,3.0789,0.39161,0.69535,,Mast,UC_vs_HC
SLC39A8,0.4604,0.82895,1.5265,0.54304,0.5871,,Mast,UC_vs_HC
AC098487.1,0.037578,0.16073,4.0541,0.039647,0.96837,,Mast,UC_vs_HC
AF213884.3,0.018728,0.70632,4.1361,0.17077,0.86441,,Mast,UC_vs_HC
NFKB1,19.572,-0.56213,0.40131,-1.4007,0.16129,0.99956,Mast,UC_vs_HC
MANBA,3.3399,0.79678,0.4577,1.7408,0.081714,0.99956,Mast,UC_vs_HC
UBE2D3,23.859,0.045372,0.32032,0.14165,0.88736,0.99956,Mast,UC_vs_HC
AC018797.2,0.13327,0.7563,1.9176,0.3944,0.69329,,Mast,UC_vs_HC
CISD2,3.8341,0.017661,0.48458,0.036447,0.97093,0.99956,Mast,UC_vs_HC
SLC9B1,0.31914,1.1672,1.7686,0.65997,0.50927,,Mast,UC_vs_HC
SLC9B2,0.11696,-0.36848,1.6006,-0.23021,0.81793,,Mast,UC_vs_HC
BDH2,1.8089,-0.38288,0.7803,-0.49068,0.62365,0.99956,Mast,UC_vs_HC
CENPE,0.81314,-0.35843,0.932,-0.38458,0.70055,,Mast,UC_vs_HC
AC004069.1,0.22745,1.1288,2.7581,0.40926,0.68235,,Mast,UC_vs_HC
TET2,4.9023,-0.059906,0.54407,-0.11011,0.91232,0.99956,Mast,UC_vs_HC
TET2-AS1,0.039522,0.59268,4.1488,0.14286,0.8864,,Mast,UC_vs_HC
PPA2,1.146,-0.6045,0.98332,-0.61476,0.53872,0.99956,Mast,UC_vs_HC
ARHGEF38,0.018728,0.70632,4.1361,0.17077,0.86441,,Mast,UC_vs_HC
INTS12,0.47455,2.0667,1.2942,1.597,0.11027,,Mast,UC_vs_HC
GSTCD,0.28387,-0.042935,1.6246,-0.026428,0.97892,,Mast,UC_vs_HC
NPNT,0.0134,0.3681,4.0861,0.090086,0.92822,,Mast,UC_vs_HC
TBCK,0.44279,0.10016,1.1466,0.087352,0.93039,,Mast,UC_vs_HC
AIMP1,5.0134,-0.1375,0.43436,-0.31655,0.75159,0.99956,Mast,UC_vs_HC
PAPSS1,2.1247,0.50533,0.71638,0.7054,0.48056,0.99956,Mast,UC_vs_HC
SGMS2,0.12078,0.12251,2.4532,0.049941,0.96017,,Mast,UC_vs_HC
AC096564.1,0.026237,0.024139,4.0722,0.0059277,0.99527,,Mast,UC_vs_HC
CYP2U1,0.367,1.0489,1.8051,0.58109,0.56118,,Mast,UC_vs_HC
HADH,1.0352,-0.18186,0.91308,-0.19917,0.84213,,Mast,UC_vs_HC
LEF1,0.026346,1.1367,4.0708,0.27924,0.78006,,Mast,UC_vs_HC
RPL34,560.34,-0.41752,0.21007,-1.9875,0.046868,0.94225,Mast,UC_vs_HC
OSTC,16.322,0.089551,0.26186,0.34198,0.73236,0.99956,Mast,UC_vs_HC
SEC24B-AS1,0.075058,1.3326,4.0556,0.32858,0.74247,,Mast,UC_vs_HC
SEC24B,1.124,-0.22614,0.9182,-0.24629,0.80546,0.99956,Mast,UC_vs_HC
MCUB,0.079722,-0.14159,3.5798,-0.039553,0.96845,,Mast,UC_vs_HC
CASP6,2.0755,0.018283,0.75501,0.024216,0.98068,0.99956,Mast,UC_vs_HC
PLA2G12A,0.21089,-0.14775,1.6484,-0.089632,0.92858,,Mast,UC_vs_HC
AC126283.1,0.018728,0.70632,4.1361,0.17077,0.86441,,Mast,UC_vs_HC
GAR1,1.3437,0.34398,0.78766,0.43672,0.66231,0.99956,Mast,UC_vs_HC
ELOVL6,0.71751,1.2974,1.0156,1.2775,0.20144,,Mast,UC_vs_HC
FAM241A,1.0493,0.71675,0.84586,0.84736,0.39679,,Mast,UC_vs_HC
AC109347.1,0.026346,1.1367,4.0708,0.27924,0.78006,,Mast,UC_vs_HC
AP1AR,0.78895,0.30938,0.95879,0.32268,0.74694,,Mast,UC_vs_HC
TIFA,0.96314,0.43219,1.3084,0.33031,0.74116,,Mast,UC_vs_HC
ALPK1,1.0176,1.4894,1.0646,1.399,0.16183,,Mast,UC_vs_HC
ZGRF1,0.097439,-0.67714,3.6152,-0.1873,0.85142,,Mast,UC_vs_HC
LARP7,5.4512,-0.39626,0.422,-0.93902,0.34772,0.99956,Mast,UC_vs_HC
CAMK2D,0.18911,-0.86778,2.8174,-0.30801,0.75807,,Mast,UC_vs_HC
SNHG8,22.84,-0.46521,0.31151,-1.4934,0.13533,0.99956,Mast,UC_vs_HC
PRSS12,0.38146,0.39797,1.7768,0.22399,0.82277,,Mast,UC_vs_HC
METTL14,2.1855,-0.6389,0.70567,-0.90538,0.36527,0.99956,Mast,UC_vs_HC
SEC24D,1.8487,0.69704,0.68176,1.0224,0.30659,0.99956,Mast,UC_vs_HC
SYNPO2,0.061817,1.2524,3.1942,0.39209,0.69499,,Mast,UC_vs_HC
USP53,5.0099,0.22367,0.52276,0.42786,0.66875,0.99956,Mast,UC_vs_HC
C4orf3,20.365,-0.12549,0.29289,-0.42843,0.66834,0.99956,Mast,UC_vs_HC
FABP2,0.063815,-0.46407,3.2326,-0.14356,0.88585,,Mast,UC_vs_HC
PDE5A,0.12629,1.1551,2.3852,0.48428,0.62819,,Mast,UC_vs_HC
MAD2L1,0.4122,0.22644,2.0302,0.11153,0.91119,,Mast,UC_vs_HC
AC108866.1,0.09578,1.7813,3.0974,0.5751,0.56522,,Mast,UC_vs_HC
PRDM5,0.055411,0.73069,4.1338,0.17676,0.8597,,Mast,UC_vs_HC
TNIP3,0.018728,0.70632,4.1361,0.17077,0.86441,,Mast,UC_vs_HC
ANXA5,15.419,0.28673,0.34004,0.84322,0.39911,0.99956,Mast,UC_vs_HC
EXOSC9,2.0071,-0.31394,0.60998,-0.51467,0.60678,0.99956,Mast,UC_vs_HC
CCNA2,0.084487,0.034617,2.2067,0.015687,0.98748,,Mast,UC_vs_HC
BBS7,0.83638,-0.31587,1.0853,-0.29105,0.77101,,Mast,UC_vs_HC
KIAA1109,2.0553,1.1761,0.74118,1.5869,0.11255,0.99956,Mast,UC_vs_HC
BBS12,0.051171,0.51223,3.1431,0.16297,0.87054,,Mast,UC_vs_HC
NUDT6,0.064456,1.0747,3.2748,0.32817,0.74278,,Mast,UC_vs_HC
SPATA5,0.64881,0.1216,1.0951,0.11104,0.91159,,Mast,UC_vs_HC
SPRY1,0.12163,0.40185,1.6017,0.25089,0.8019,,Mast,UC_vs_HC
LINC02435,0.059765,0.024139,4.0722,0.0059277,0.99527,,Mast,UC_vs_HC
ANKRD50,0.39217,-0.1832,1.3704,-0.13368,0.89365,,Mast,UC_vs_HC
INTU,0.24633,-1.6257,2.6295,-0.61828,0.53639,,Mast,UC_vs_HC
HSPA4L,0.38623,1.5209,1.5302,0.99393,0.32026,,Mast,UC_vs_HC
AC093591.2,0.0134,0.3681,4.0861,0.090086,0.92822,,Mast,UC_vs_HC
PLK4,0.037578,0.16073,4.0541,0.039647,0.96837,,Mast,UC_vs_HC
MFSD8,0.90196,0.83087,1.1152,0.74505,0.45624,,Mast,UC_vs_HC
ABHD18,0.20949,1.0234,1.6357,0.62569,0.53152,,Mast,UC_vs_HC
LARP1B,0.7497,0.19439,0.90755,0.2142,0.83039,,Mast,UC_vs_HC
PGRMC2,1.553,0.39126,0.80605,0.4854,0.62739,0.99956,Mast,UC_vs_HC
AC108062.1,0.075058,1.3326,4.0556,0.32858,0.74247,,Mast,UC_vs_HC
JADE1,1.5737,0.44934,0.70732,0.63527,0.52525,0.99956,Mast,UC_vs_HC
SCLT1,2.4669,-0.38208,0.59314,-0.64416,0.51947,0.99956,Mast,UC_vs_HC
C4orf33,1.706,-0.74517,0.9369,-0.79536,0.4264,0.99956,Mast,UC_vs_HC
AC096711.2,0.043089,1.2415,4.0577,0.30596,0.75964,,Mast,UC_vs_HC
SLC7A11,0.12958,0.43408,2.1875,0.19843,0.8427,,Mast,UC_vs_HC
NOCT,0.10365,1.2415,4.0577,0.30596,0.75964,,Mast,UC_vs_HC
ELF2,2.7347,0.64263,0.52677,1.2199,0.22248,0.99956,Mast,UC_vs_HC
NDUFC1,14.603,-0.37101,0.43912,-0.8449,0.39817,0.99956,Mast,UC_vs_HC
NAA15,2.4369,0.3101,0.68265,0.45426,0.64964,0.99956,Mast,UC_vs_HC
AC097376.2,0.52322,0.42073,1.2029,0.34978,0.72651,,Mast,UC_vs_HC
RAB33B,0.66487,0.14932,1.175,0.12708,0.89888,,Mast,UC_vs_HC
SETD7,0.037456,0.73093,4.1338,0.17682,0.85965,,Mast,UC_vs_HC
MGST2,2.7095,0.18014,0.58534,0.30775,0.75827,0.99956,Mast,UC_vs_HC
MAML3,1.8304,-1.4118,0.79934,-1.7662,0.077358,0.99956,Mast,UC_vs_HC
SCOC,3.3977,-0.063781,0.51681,-0.12341,0.90178,0.99956,Mast,UC_vs_HC
SCOC-AS1,0.0134,0.3681,4.0861,0.090086,0.92822,,Mast,UC_vs_HC
ELMOD2,1.2184,-0.51744,0.87316,-0.59261,0.55344,0.99956,Mast,UC_vs_HC
TBC1D9,0.0134,0.3681,4.0861,0.090086,0.92822,,Mast,UC_vs_HC
ZNF330,2.7585,0.69225,0.56776,1.2193,0.22274,0.99956,Mast,UC_vs_HC
IL15,0.12859,1.6131,3.3648,0.47941,0.63164,,Mast,UC_vs_HC
INPP4B,0.26459,1.0402,1.6547,0.62862,0.5296,,Mast,UC_vs_HC
AC104596.1,0.13279,0.73069,4.1338,0.17676,0.8597,,Mast,UC_vs_HC
USP38,1.4998,-0.796,0.96892,-0.82153,0.41134,0.99956,Mast,UC_vs_HC
GAB1,0.2709,-0.10536,1.6303,-0.064626,0.94847,,Mast,UC_vs_HC
SMARCA5,5.7946,0.60726,0.49541,1.2258,0.22028,0.99956,Mast,UC_vs_HC
GYPE,0.16776,-0.023597,1.9907,-0.011854,0.99054,,Mast,UC_vs_HC
GYPB,0.024934,1.088,4.0829,0.26647,0.78988,,Mast,UC_vs_HC
HHIP-AS1,0.77078,-0.23235,1.4198,-0.16365,0.87001,,Mast,UC_vs_HC
HHIP,0.16221,-0.861,1.9997,-0.43057,0.66678,,Mast,UC_vs_HC
ANAPC10,1.8932,1.1407,0.88585,1.2877,0.19785,0.99956,Mast,UC_vs_HC
ABCE1,3.2389,0.19073,0.67912,0.28085,0.77883,0.99956,Mast,UC_vs_HC
OTUD4,1.4675,-0.68252,0.84473,-0.80797,0.41911,0.99956,Mast,UC_vs_HC
MMAA,0.1148,1.3972,2.1005,0.66517,0.50594,,Mast,UC_vs_HC
ZNF827,0.11,0.02444,2.279,0.010724,0.99144,,Mast,UC_vs_HC
LSM6,6.3001,0.0082585,0.45933,0.01798,0.98566,0.99956,Mast,UC_vs_HC
SLC10A7,1.4176,1.2878,0.80036,1.6091,0.1076,0.99956,Mast,UC_vs_HC
TTC29,0.0134,0.3681,4.0861,0.090086,0.92822,,Mast,UC_vs_HC
TMEM184C,0.55036,-1.858,1.3108,-1.4175,0.15634,,Mast,UC_vs_HC
PRMT9,6.4457,-1.8859,0.70711,-2.6671,0.0076509,0.67077,Mast,UC_vs_HC
ARHGAP10,1.4606,2.0903,1.3753,1.5199,0.12854,0.99956,Mast,UC_vs_HC
NR3C2,0.11469,0.41781,2.2125,0.18884,0.85022,,Mast,UC_vs_HC
DCLK2,0.26729,-0.36706,2.2157,-0.16566,0.86842,,Mast,UC_vs_HC
LRBA,1.1052,-0.89759,1.0473,-0.85703,0.39143,,Mast,UC_vs_HC
MAB21L2,0.037578,0.16073,4.0541,0.039647,0.96837,,Mast,UC_vs_HC
RPS3A,311.84,-0.37571,0.22754,-1.6512,0.098707,0.99956,Mast,UC_vs_HC
FAM160A1,0.16297,1.1809,2.6138,0.45178,0.65143,,Mast,UC_vs_HC
GATB,0.12657,-0.36363,2.3958,-0.15178,0.87936,,Mast,UC_vs_HC
FBXW7,2.5856,-0.24091,0.58684,-0.41053,0.68142,0.99956,Mast,UC_vs_HC
TMEM154,11.851,0.44164,0.37842,1.167,0.24319,0.99956,Mast,UC_vs_HC
TIGD4,0.0134,0.3681,4.0861,0.090086,0.92822,,Mast,UC_vs_HC
ARFIP1,2.6943,0.042615,0.60845,0.070039,0.94416,0.99956,Mast,UC_vs_HC
MND1,0.039522,0.59268,4.1488,0.14286,0.8864,,Mast,UC_vs_HC
TMEM131L,0.4491,1.9439,1.3091,1.4849,0.13758,,Mast,UC_vs_HC
TLR2,0.086178,1.7051,4.0089,0.42532,0.6706,,Mast,UC_vs_HC
PLRG1,2.2526,0.051285,0.57723,0.088847,0.9292,0.99956,Mast,UC_vs_HC
RBM46,0.018728,0.70632,4.1361,0.17077,0.86441,,Mast,UC_vs_HC
MAP9,0.29262,-0.98813,1.3576,-0.72787,0.46669,,Mast,UC_vs_HC
GUCY1A1,0.0134,0.3681,4.0861,0.090086,0.92822,,Mast,UC_vs_HC
GUCY1B1,0.037578,0.16073,4.0541,0.039647,0.96837,,Mast,UC_vs_HC
CTSO,0.43194,-0.13735,1.3078,-0.10502,0.91636,,Mast,UC_vs_HC
PDGFC,0.1205,-0.41456,3.9842,-0.10405,0.91713,,Mast,UC_vs_HC
FAM198B,0.026346,1.1367,4.0708,0.27924,0.78006,,Mast,UC_vs_HC
TMEM144,0.043089,1.2415,4.0577,0.30596,0.75964,,Mast,UC_vs_HC
C4orf46,0.50601,1.3838,1.5024,0.92104,0.35703,,Mast,UC_vs_HC
ETFDH,0.67906,-0.020514,1.0105,-0.0203,0.9838,,Mast,UC_vs_HC
PPID,2.2396,-0.085678,0.59627,-0.14369,0.88574,0.99956,Mast,UC_vs_HC
FNIP2,1.3377,-0.040109,0.81527,-0.049198,0.96076,0.99956,Mast,UC_vs_HC
RAPGEF2,5.9,0.5299,0.58098,0.91208,0.36173,0.99956,Mast,UC_vs_HC
AC023136.1,0.064474,0.59268,4.1488,0.14286,0.8864,,Mast,UC_vs_HC
NAF1,0.86216,-0.23332,1.3311,-0.17528,0.86086,,Mast,UC_vs_HC
TMA16,2.8716,0.24594,0.55574,0.44255,0.65809,0.99956,Mast,UC_vs_HC
TRIM61,0.11251,1.3828,3.3105,0.41769,0.67617,,Mast,UC_vs_HC
TMEM192,1.201,-0.2023,0.79957,-0.25301,0.80026,0.99956,Mast,UC_vs_HC
KLHL2,0.36033,1.541,1.7593,0.87588,0.38109,,Mast,UC_vs_HC
MSMO1,1.0104,-0.7032,1.016,-0.69211,0.48887,,Mast,UC_vs_HC
SPOCK3,0.032128,0.40025,2.7752,0.14423,0.88532,,Mast,UC_vs_HC
DDX60,1.3569,0.66175,1.012,0.65387,0.5132,0.99956,Mast,UC_vs_HC
DDX60L,1.0768,-0.20344,0.89655,-0.22691,0.82049,,Mast,UC_vs_HC
PALLD,4.6027,0.62817,0.59059,1.0636,0.2875,0.99956,Mast,UC_vs_HC
CBR4,1.3185,-0.76527,0.81849,-0.93498,0.3498,0.99956,Mast,UC_vs_HC
SH3RF1,0.27156,0.96541,1.6664,0.57934,0.56236,,Mast,UC_vs_HC
NEK1,2.7198,-0.23174,0.72704,-0.31875,0.74992,0.99956,Mast,UC_vs_HC
CLCN3,9.4693,-0.18756,0.4217,-0.44477,0.65649,0.99956,Mast,UC_vs_HC
HPF1,2.1073,-0.78434,0.65897,-1.1903,0.23395,0.99956,Mast,UC_vs_HC
MFAP3L,0.49308,0.59617,1.3587,0.43878,0.66082,,Mast,UC_vs_HC
AADAT,0.0134,0.3681,4.0861,0.090086,0.92822,,Mast,UC_vs_HC
GALNTL6,0.026346,1.1367,4.0708,0.27924,0.78006,,Mast,UC_vs_HC
GALNT7,1.504,0.099947,0.73116,0.1367,0.89127,0.99956,Mast,UC_vs_HC
HMGB2,9.9614,-0.24274,0.53913,-0.45024,0.65254,0.99956,Mast,UC_vs_HC
AC097534.2,0.18283,1.9238,1.5237,1.2626,0.20674,,Mast,UC_vs_HC
SAP30,0.88973,1.2298,1.3857,0.88745,0.37484,,Mast,UC_vs_HC
SCRG1,0.43835,-0.62973,1.3643,-0.46159,0.64438,,Mast,UC_vs_HC
HAND2-AS1,0.064474,0.59268,4.1488,0.14286,0.8864,,Mast,UC_vs_HC
AC106895.2,0.052691,1.4311,4.036,0.35458,0.7229,,Mast,UC_vs_HC
FBXO8,0.68063,-0.42581,1.1071,-0.3846,0.70053,,Mast,UC_vs_HC
CEP44,0.79052,-0.053848,1.0737,-0.05015,0.96,,Mast,UC_vs_HC
HPGD,102.93,-0.17082,0.51739,-0.33017,0.74127,0.99956,Mast,UC_vs_HC
AC096751.2,0.13949,-0.026334,2.2095,-0.011919,0.99049,,Mast,UC_vs_HC
WDR17,0.14365,1.898,1.9905,0.95354,0.34032,,Mast,UC_vs_HC
SPCS3,15.681,0.32052,0.34193,0.93737,0.34857,0.99956,Mast,UC_vs_HC
AGA,1.5508,1.0066,0.78423,1.2835,0.19932,0.99956,Mast,UC_vs_HC
AC079766.1,0.024934,1.088,4.0829,0.26647,0.78988,,Mast,UC_vs_HC
DCTD,2.0175,0.43641,0.69844,0.62484,0.53208,0.99956,Mast,UC_vs_HC
WWC2-AS2,0.018728,0.70632,4.1361,0.17077,0.86441,,Mast,UC_vs_HC
WWC2,0.42584,0.38816,1.062,0.3655,0.71474,,Mast,UC_vs_HC
CDKN2AIP,4.0183,0.45531,0.75361,0.60416,0.54574,0.99956,Mast,UC_vs_HC
ING2,1.8655,1.1129,1.193,0.93284,0.3509,0.99956,Mast,UC_vs_HC
RWDD4,1.2519,0.92087,0.92971,0.99049,0.32193,0.99956,Mast,UC_vs_HC
TRAPPC11,1.1727,0.431,1.0374,0.41545,0.67781,0.99956,Mast,UC_vs_HC
LINC02363,0.039522,0.59268,4.1488,0.14286,0.8864,,Mast,UC_vs_HC
LINC02362,0.53657,0.23462,1.5659,0.14983,0.8809,,Mast,UC_vs_HC
IRF2,3.0522,0.30453,0.59604,0.51092,0.60941,0.99956,Mast,UC_vs_HC
LINC02427,0.026237,0.024139,4.0722,0.0059277,0.99527,,Mast,UC_vs_HC
LINC02365,0.026346,1.1367,4.0708,0.27924,0.78006,,Mast,UC_vs_HC
CASP3,3.1362,0.61999,0.71343,0.86903,0.38483,0.99956,Mast,UC_vs_HC
PRIMPOL,0.63318,0.54015,1.3785,0.39183,0.69519,,Mast,UC_vs_HC
CENPU,0.65782,-1.3553,1.6364,-0.82823,0.40754,,Mast,UC_vs_HC
ACSL1,0.19304,0.22195,3.9187,0.056638,0.95483,,Mast,UC_vs_HC
MIR3945HG,0.043089,1.2415,4.0577,0.30596,0.75964,,Mast,UC_vs_HC
SLC25A4,0.53457,-0.73511,1.5986,-0.45984,0.64563,,Mast,UC_vs_HC
CFAP97,3.4934,0.24723,0.60143,0.41107,0.68102,0.99956,Mast,UC_vs_HC
SNX25,0.17365,0.28092,1.6905,0.16618,0.86802,,Mast,UC_vs_HC
LRP2BP,0.14346,0.64224,1.9614,0.32744,0.74334,,Mast,UC_vs_HC
ANKRD37,4.2024,-0.81222,1.0786,-0.75302,0.45144,0.99956,Mast,UC_vs_HC
UFSP2,3.2394,-0.16084,0.57714,-0.27868,0.78049,0.99956,Mast,UC_vs_HC
PDLIM3,0.032128,0.40025,2.7752,0.14423,0.88532,,Mast,UC_vs_HC
AC093797.1,0.026237,0.024139,4.0722,0.0059277,0.99527,,Mast,UC_vs_HC
TLR3,0.075058,1.3326,4.0556,0.32858,0.74247,,Mast,UC_vs_HC
FAM149A,0.075058,1.3326,4.0556,0.32858,0.74247,,Mast,UC_vs_HC
CYP4V2,0.46242,1.9879,1.7795,1.1171,0.26394,,Mast,UC_vs_HC
FAT1,0.29897,1.9718,2.2827,0.8638,0.3877,,Mast,UC_vs_HC
AC097652.1,0.059765,0.024139,4.0722,0.0059277,0.99527,,Mast,UC_vs_HC
TRIML2,0.039522,0.59268,4.1488,0.14286,0.8864,,Mast,UC_vs_HC
AC138781.1,0.0134,0.3681,4.0861,0.090086,0.92822,,Mast,UC_vs_HC
FRG1,6.7423,0.032068,0.41849,0.076627,0.93892,0.99956,Mast,UC_vs_HC
CCDC127,1.5746,-0.55569,1.026,-0.54159,0.5881,0.99956,Mast,UC_vs_HC
SDHA,2.8091,-0.21961,0.72567,-0.30262,0.76218,0.99956,Mast,UC_vs_HC
PDCD6,6.6288,0.81104,0.72944,1.1119,0.26619,0.99956,Mast,UC_vs_HC
AHRR,0.037456,0.73093,4.1338,0.17682,0.85965,,Mast,UC_vs_HC
EXOC3-AS1,0.20444,0.31145,1.982,0.15714,0.87514,,Mast,UC_vs_HC
EXOC3,1.7986,0.85137,0.67281,1.2654,0.20573,0.99956,Mast,UC_vs_HC
SLC9A3,0.0134,0.3681,4.0861,0.090086,0.92822,,Mast,UC_vs_HC
CEP72,0.069899,0.56836,2.116,0.2686,0.78824,,Mast,UC_vs_HC
TPPP,0.13484,-0.16047,1.5783,-0.10167,0.91902,,Mast,UC_vs_HC
ZDHHC11B,0.070461,0.55004,1.8472,0.29777,0.76588,,Mast,UC_vs_HC
ZDHHC11,0.0134,0.3681,4.0861,0.090086,0.92822,,Mast,UC_vs_HC
BRD9,1.0568,0.20004,1.4017,0.14271,0.88652,,Mast,UC_vs_HC
SLC12A7,0.48329,-0.61489,1.1062,-0.55583,0.57833,,Mast,UC_vs_HC
CLPTM1L,2.0004,-1.0137,1.0117,-1.002,0.31634,0.99956,Mast,UC_vs_HC
LPCAT1,0.94505,1.023,1.0479,0.97627,0.32893,,Mast,UC_vs_HC
MRPL36,3.6595,-0.27985,0.5102,-0.54851,0.58334,0.99956,Mast,UC_vs_HC
NDUFS6,13.345,-0.20579,0.43958,-0.46816,0.63967,0.99956,Mast,UC_vs_HC
ICE1,1.4048,0.99441,0.98141,1.0132,0.31094,0.99956,Mast,UC_vs_HC
MED10,7.0538,-0.20157,0.49755,-0.40513,0.68538,0.99956,Mast,UC_vs_HC
NSUN2,1.3953,0.71093,0.89672,0.79281,0.42789,0.99956,Mast,UC_vs_HC
SRD5A1,0.055411,0.73069,4.1338,0.17676,0.8597,,Mast,UC_vs_HC
TENT4A,0.54124,0.65916,1.3172,0.50041,0.61678,,Mast,UC_vs_HC
ADCY2,0.064474,0.59268,4.1488,0.14286,0.8864,,Mast,UC_vs_HC
MTRR,0.27823,0.0026349,1.3146,0.0020044,0.9984,,Mast,UC_vs_HC
FASTKD3,0.49742,0.30612,1.3307,0.23004,0.81806,,Mast,UC_vs_HC
AC091965.4,0.039522,0.59268,4.1488,0.14286,0.8864,,Mast,UC_vs_HC
MIR4458HG,1.4008,2.1939,1.3501,1.6249,0.10418,0.99956,Mast,UC_vs_HC
AC034229.1,0.16192,0.63514,3.7807,0.16799,0.86659,,Mast,UC_vs_HC
FAM173B,0.56975,-0.9101,1.1991,-0.759,0.44785,,Mast,UC_vs_HC
CCT5,7.972,-0.39617,0.38398,-1.0317,0.30219,0.99956,Mast,UC_vs_HC
CMBL,0.25428,0.55047,1.8074,0.30456,0.7607,,Mast,UC_vs_HC
MARCH6,5.6108,0.3225,0.44116,0.73104,0.46475,0.99956,Mast,UC_vs_HC
ROPN1L,0.044965,0.057449,3.1839,0.018044,0.9856,,Mast,UC_vs_HC
ANKRD33B,0.79267,-0.65296,1.353,-0.48261,0.62937,,Mast,UC_vs_HC
DAP,1.7593,-0.44562,0.81537,-0.54653,0.5847,0.99956,Mast,UC_vs_HC
AC012629.2,0.052922,0.24161,3.2428,0.074505,0.94061,,Mast,UC_vs_HC
TRIO,1.8668,0.59633,0.66406,0.89801,0.36918,0.99956,Mast,UC_vs_HC
OTULINL,1.8868,0.60468,0.82387,0.73395,0.46298,0.99956,Mast,UC_vs_HC
AC010491.1,0.037578,0.16073,4.0541,0.039647,0.96837,,Mast,UC_vs_HC
OTULIN,1.4128,1.509,1.0557,1.4295,0.15287,0.99956,Mast,UC_vs_HC
ANKH,1.0121,-1.0238,1.074,-0.95326,0.34046,,Mast,UC_vs_HC
ZNF622,3.4666,-0.41077,0.53122,-0.77326,0.43937,0.99956,Mast,UC_vs_HC
RETREG1,0.1119,0.89684,2.3629,0.37956,0.70427,,Mast,UC_vs_HC
MYO10,1.4511,-0.79465,0.94344,-0.84229,0.39962,0.99956,Mast,UC_vs_HC
BASP1,3.9374,1.3712,0.76932,1.7823,0.074702,0.99956,Mast,UC_vs_HC
AC026785.2,0.0134,0.3681,4.0861,0.090086,0.92822,,Mast,UC_vs_HC
LINC02223,0.097449,0.73069,4.1338,0.17676,0.8597,,Mast,UC_vs_HC
DROSHA,0.97976,1.9777,1.0662,1.8549,0.063611,,Mast,UC_vs_HC
C5orf22,2.4594,-0.23602,0.80467,-0.29331,0.76928,0.99956,Mast,UC_vs_HC
PDZD2,0.11082,0.78553,4.13,0.1902,0.84915,,Mast,UC_vs_HC
AC025178.1,0.026237,0.024139,4.0722,0.0059277,0.99527,,Mast,UC_vs_HC
GOLPH3,2.447,1.0259,0.77538,1.3231,0.18581,0.99956,Mast,UC_vs_HC
AC025181.2,0.22786,-0.93819,2.1781,-0.43074,0.66666,,Mast,UC_vs_HC
MTMR12,0.82422,-0.72504,0.96914,-0.74813,0.45438,,Mast,UC_vs_HC
ZFR,3.6122,0.18791,0.53495,0.35127,0.72539,0.99956,Mast,UC_vs_HC
SUB1,59.817,0.15342,0.21715,0.70655,0.47985,0.99956,Mast,UC_vs_HC
TARS,3.7212,0.88962,0.65301,1.3623,0.17309,0.99956,Mast,UC_vs_HC
AMACR,0.077856,0.72076,2.1657,0.33282,0.73927,,Mast,UC_vs_HC
AC139792.1,0.0134,0.3681,4.0861,0.090086,0.92822,,Mast,UC_vs_HC
RAI14,0.17685,1.0457,2.6942,0.38815,0.69791,,Mast,UC_vs_HC
AC026801.2,0.0134,0.3681,4.0861,0.090086,0.92822,,Mast,UC_vs_HC
TTC23L,0.055411,0.73069,4.1338,0.17676,0.8597,,Mast,UC_vs_HC
RAD1,1.3909,-0.22892,0.79646,-0.28743,0.77378,0.99956,Mast,UC_vs_HC
BRIX1,2.835,0.69727,0.53503,1.3032,0.19249,0.99956,Mast,UC_vs_HC
DNAJC21,0.86564,-0.39015,1.3223,-0.29507,0.76794,,Mast,UC_vs_HC
SPEF2,0.088458,1.0394,3.1122,0.33397,0.7384,,Mast,UC_vs_HC
IL7R,1.5759,2.0809,2.3607,0.88146,0.37807,0.99956,Mast,UC_vs_HC
LMBRD2,0.71057,0.54041,1.2407,0.43556,0.66315,,Mast,UC_vs_HC
SKP2,0.24864,-0.81033,2.0966,-0.38649,0.69913,,Mast,UC_vs_HC
NADK2,0.13967,1.15,1.6391,0.7016,0.48293,,Mast,UC_vs_HC
AC008957.1,0.0134,0.3681,4.0861,0.090086,0.92822,,Mast,UC_vs_HC
AC026741.1,0.039522,0.59268,4.1488,0.14286,0.8864,,Mast,UC_vs_HC
NIPBL,6.315,0.5628,0.46141,1.2198,0.22256,0.99956,Mast,UC_vs_HC
CPLANE1,1.0387,-1.0405,0.99779,-1.0428,0.29704,,Mast,UC_vs_HC
NUP155,0.712,0.53531,1.0954,0.4887,0.62505,,Mast,UC_vs_HC
WDR70,1.357,-0.5763,0.81772,-0.70477,0.48095,0.99956,Mast,UC_vs_HC
RICTOR,1.8307,0.92078,0.77222,1.1924,0.23311,0.99956,Mast,UC_vs_HC
FYB1,3.3085,0.80248,0.69046,1.1622,0.24514,0.99956,Mast,UC_vs_HC
DAB2,0.7559,2.1941,1.6026,1.3691,0.17096,,Mast,UC_vs_HC
TTC33,0.59381,0.56603,1.309,0.4324,0.66545,,Mast,UC_vs_HC
PTGER4,1.754,-0.45531,1.1512,-0.39553,0.69245,0.99956,Mast,UC_vs_HC
PRKAA1,2.1082,0.85973,0.73513,1.1695,0.2422,0.99956,Mast,UC_vs_HC
RPL37,302.02,-0.3427,0.29043,-1.18,0.23801,0.99956,Mast,UC_vs_HC
CARD6,0.96342,-1.2124,1.14,-1.0635,0.28753,,Mast,UC_vs_HC
OXCT1,1.2998,-0.72599,0.92075,-0.78847,0.43042,0.99956,Mast,UC_vs_HC
C5orf51,0.64899,1.1577,1.0351,1.1184,0.26339,,Mast,UC_vs_HC
FBXO4,0.69769,0.98798,1.2135,0.81417,0.41555,,Mast,UC_vs_HC
CCDC152,0.17354,-0.65508,1.7154,-0.38189,0.70254,,Mast,UC_vs_HC
SELENOP,0.1994,-1.6021,1.7165,-0.93338,0.35063,,Mast,UC_vs_HC
AC008945.1,0.064474,0.59268,4.1488,0.14286,0.8864,,Mast,UC_vs_HC
AC008875.1,0.13279,0.73069,4.1338,0.17676,0.8597,,Mast,UC_vs_HC
AC025171.3,1.528,-2.1692,1.0573,-2.0517,0.040194,0.90299,Mast,UC_vs_HC
ANXA2R,1.5758,0.68411,0.74201,0.92197,0.35654,0.99956,Mast,UC_vs_HC
AC025171.2,0.49051,0.67192,1.1881,0.56552,0.57172,,Mast,UC_vs_HC
AC025171.4,0.19518,-0.12804,1.9722,-0.064924,0.94823,,Mast,UC_vs_HC
ZNF131,3.4773,-0.36269,0.52581,-0.68976,0.49034,0.99956,Mast,UC_vs_HC
HMGCS1,8.7683,-1.0037,0.71513,-1.4036,0.16044,0.99956,Mast,UC_vs_HC
CCL28,0.58116,0.39162,1.0426,0.37563,0.7072,,Mast,UC_vs_HC
TMEM267,0.7926,0.21503,1.3237,0.16245,0.87096,,Mast,UC_vs_HC
C5orf34,0.099992,1.6356,2.9792,0.54902,0.58299,,Mast,UC_vs_HC
AC114956.1,0.018728,0.70632,4.1361,0.17077,0.86441,,Mast,UC_vs_HC
PAIP1,1.6646,-0.090477,0.77824,-0.11626,0.90745,0.99956,Mast,UC_vs_HC
NNT-AS1,0.48193,-1.1967,1.4228,-0.84111,0.40028,,Mast,UC_vs_HC
NNT,1.8346,0.41815,0.63576,0.65772,0.51072,0.99956,Mast,UC_vs_HC
MRPS30-DT,0.24318,-0.59576,2.6682,-0.22328,0.82332,,Mast,UC_vs_HC
MRPS30,1.2858,0.18602,1.0466,0.17774,0.85893,0.99956,Mast,UC_vs_HC
AC093297.2,0.026346,1.1367,4.0708,0.27924,0.78006,,Mast,UC_vs_HC
HCN1,0.13279,0.73069,4.1338,0.17676,0.8597,,Mast,UC_vs_HC
EMB,0.45769,0.17122,1.2014,0.14252,0.88667,,Mast,UC_vs_HC
PARP8,0.40838,1.4378,1.4674,0.97988,0.32715,,Mast,UC_vs_HC
ITGA1,0.050856,0.4354,2.975,0.14635,0.88364,,Mast,UC_vs_HC
PELO,0.80908,-0.62307,1.0731,-0.58062,0.5615,,Mast,UC_vs_HC
MOCS2,1.4567,0.073275,0.77355,0.094725,0.92453,0.99956,Mast,UC_vs_HC
NDUFS4,6.3912,-0.32635,0.42596,-0.76616,0.44358,0.99956,Mast,UC_vs_HC
ARL15,0.3053,-0.53786,1.4959,-0.35956,0.71918,,Mast,UC_vs_HC
SNX18,0.049867,1.3481,4.054,0.33255,0.73948,,Mast,UC_vs_HC
GZMK,1.0278,2.5972,2.6815,0.96858,0.33275,,Mast,UC_vs_HC
GZMA,0.31055,0.15877,2.968,0.053495,0.95734,,Mast,UC_vs_HC
CDC20B,0.10334,0.70554,3.5653,0.19789,0.84313,,Mast,UC_vs_HC
DHX29,3.2389,-0.013093,0.60782,-0.021541,0.98281,0.99956,Mast,UC_vs_HC
MTREX,2.3542,-0.93572,0.76464,-1.2237,0.22105,0.99956,Mast,UC_vs_HC
PLPP1,6.0342,2.399,0.68787,3.4875,0.00048747,0.19474,Mast,UC_vs_HC
SLC38A9,0.73915,-0.39013,1.286,-0.30336,0.76162,,Mast,UC_vs_HC
IL6ST,1.2018,-0.30226,0.92045,-0.32838,0.74262,0.99956,Mast,UC_vs_HC
AC008914.1,0.33163,1.364,3.8695,0.35249,0.72447,,Mast,UC_vs_HC
AC016596.1,0.077873,0.24265,3.4481,0.070373,0.9439,,Mast,UC_vs_HC
ANKRD55,0.039522,0.59268,4.1488,0.14286,0.8864,,Mast,UC_vs_HC
MAP3K1,4.4067,0.56197,0.48399,1.1611,0.2456,0.99956,Mast,UC_vs_HC
SETD9,1.3315,-0.92768,0.90509,-1.025,0.30538,0.99956,Mast,UC_vs_HC
MIER3,0.90334,0.86589,1.0288,0.84168,0.39997,,Mast,UC_vs_HC
AC008937.3,0.06025,0.16073,4.0541,0.039647,0.96837,,Mast,UC_vs_HC
GPBP1,24.364,-0.22631,0.24779,-0.91331,0.36108,0.99956,Mast,UC_vs_HC
PLK2,0.60106,-1.6604,1.1699,-1.4192,0.15584,,Mast,UC_vs_HC
GAPT,4.2939,-0.38792,0.51813,-0.74869,0.45404,0.99956,Mast,UC_vs_HC
RAB3C,0.89569,-0.36143,1.1619,-0.31108,0.75574,,Mast,UC_vs_HC
PDE4D,1.5958,1.7189,1.1063,1.5538,0.12024,0.99956,Mast,UC_vs_HC
DEPDC1B,0.5155,-2.1081,1.5667,-1.3455,0.17846,,Mast,UC_vs_HC
ELOVL7,1.6685,-0.80695,0.93584,-0.86227,0.38854,0.99956,Mast,UC_vs_HC
ERCC8,0.21409,-0.32224,1.5042,-0.21423,0.83037,,Mast,UC_vs_HC
NDUFAF2,2.566,-0.76758,0.67067,-1.1445,0.25241,0.99956,Mast,UC_vs_HC
SMIM15,1.9428,-1.1186,0.76957,-1.4535,0.14609,0.99956,Mast,UC_vs_HC
ZSWIM6,1.4608,-0.15466,0.81142,-0.1906,0.84884,0.99956,Mast,UC_vs_HC
KIF2A,1.6764,0.7473,0.76755,0.97363,0.33024,0.99956,Mast,UC_vs_HC
DIMT1,1.186,0.083763,1.214,0.068998,0.94499,0.99956,Mast,UC_vs_HC
IPO11,1.5743,1.7086,0.95519,1.7887,0.073661,0.99956,Mast,UC_vs_HC
LRRC70,0.204,0.10995,2.2313,0.049279,0.9607,,Mast,UC_vs_HC
SREK1IP1,4.2205,-0.15151,0.49052,-0.30887,0.75742,0.99956,Mast,UC_vs_HC
CWC27,3.5716,-0.034201,0.635,-0.05386,0.95705,0.99956,Mast,UC_vs_HC
ADAMTS6,0.53209,1.3976,1.4756,0.94712,0.34358,,Mast,UC_vs_HC
CENPK,0.93596,0.86194,1.3296,0.64828,0.5168,,Mast,UC_vs_HC
PPWD1,2.2374,-0.26369,0.7389,-0.35687,0.72119,0.99956,Mast,UC_vs_HC
TRIM23,0.62075,1.1357,1.3337,0.85154,0.39447,,Mast,UC_vs_HC
TRAPPC13,0.37313,1.529,1.403,1.0898,0.2758,,Mast,UC_vs_HC
SHLD3,0.17305,-1.3122,1.7149,-0.76519,0.44416,,Mast,UC_vs_HC
SGTB,0.51455,1.5997,1.6825,0.9508,0.34171,,Mast,UC_vs_HC
NLN,0.21177,0.2556,2.6019,0.098236,0.92175,,Mast,UC_vs_HC
ERBIN,3.5648,0.24122,0.53355,0.4521,0.6512,0.99956,Mast,UC_vs_HC
SREK1,5.0226,0.11013,0.46264,0.23804,0.81185,0.99956,Mast,UC_vs_HC
MAST4,11.989,0.50161,0.43587,1.1508,0.2498,0.99956,Mast,UC_vs_HC
MAST4-AS1,0.064474,0.59268,4.1488,0.14286,0.8864,,Mast,UC_vs_HC
CD180,0.055411,0.73069,4.1338,0.17676,0.8597,,Mast,UC_vs_HC
AC106798.1,0.039522,0.59268,4.1488,0.14286,0.8864,,Mast,UC_vs_HC
AC024581.1,0.097449,0.73069,4.1338,0.17676,0.8597,,Mast,UC_vs_HC
PIK3R1,5.0585,0.18405,0.59333,0.3102,0.75641,0.99956,Mast,UC_vs_HC
AC010280.2,0.87784,0.21053,0.98034,0.21475,0.82996,,Mast,UC_vs_HC
AC093523.1,0.0134,0.3681,4.0861,0.090086,0.92822,,Mast,UC_vs_HC
SLC30A5,1.7302,0.40394,0.84267,0.47936,0.63168,0.99956,Mast,UC_vs_HC
AC010273.1,0.12379,1.2093,3.6107,0.33491,0.73769,,Mast,UC_vs_HC
CCNB1,0.66134,0.19215,2.2393,0.085809,0.93162,,Mast,UC_vs_HC
CENPH,0.642,-1.5325,1.307,-1.1725,0.24098,,Mast,UC_vs_HC
MRPS36,8.014,0.25258,0.37443,0.67457,0.49995,0.99956,Mast,UC_vs_HC
CDK7,1.3022,0.66135,0.90319,0.73224,0.46402,0.99956,Mast,UC_vs_HC
CCDC125,1.5371,0.24682,0.70869,0.34827,0.72764,0.99956,Mast,UC_vs_HC
AK6,5.319,-0.44339,0.49518,-0.89542,0.37056,0.99956,Mast,UC_vs_HC
TAF9,6.0843,-0.43729,0.47938,-0.9122,0.36167,0.99956,Mast,UC_vs_HC
RAD17,0.65123,-0.56281,1.205,-0.46705,0.64047,,Mast,UC_vs_HC
MARVELD2,0.052691,1.4311,4.036,0.35458,0.7229,,Mast,UC_vs_HC
OCLN,0.18304,-1.0709,2.6581,-0.40286,0.68705,,Mast,UC_vs_HC
GTF2H2C,0.32868,0.72513,1.4183,0.51128,0.60915,,Mast,UC_vs_HC
SMN2,0.14306,-0.17885,1.5745,-0.11359,0.90956,,Mast,UC_vs_HC
AC146944.4,0.032128,0.40025,2.7752,0.14423,0.88532,,Mast,UC_vs_HC
SERF1A,0.21163,-0.53577,1.8464,-0.29018,0.77168,,Mast,UC_vs_HC
SMN1,0.21487,0.87535,1.9626,0.44602,0.65559,,Mast,UC_vs_HC
NAIP,0.46783,1.8677,1.1796,1.5833,0.11335,,Mast,UC_vs_HC
GTF2H2,0.54632,-0.091138,1.0199,-0.089363,0.92879,,Mast,UC_vs_HC
BDP1,5.8607,-0.34179,0.50792,-0.67292,0.501,0.99956,Mast,UC_vs_HC
MCCC2,0.92413,-0.11818,1.1632,-0.10161,0.91907,,Mast,UC_vs_HC
MAP1B,0.043089,1.2415,4.0577,0.30596,0.75964,,Mast,UC_vs_HC
MRPS27,1.2853,0.19491,0.93147,0.20925,0.83426,0.99956,Mast,UC_vs_HC
PTCD2,0.42792,0.64296,1.2794,0.50257,0.61527,,Mast,UC_vs_HC
TNPO1,4.7453,-0.27051,0.50487,-0.53581,0.59209,0.99956,Mast,UC_vs_HC
AC008972.1,0.0134,0.3681,4.0861,0.090086,0.92822,,Mast,UC_vs_HC
FCHO2,1.5836,0.9409,0.7035,1.3375,0.18107,0.99956,Mast,UC_vs_HC
FOXD1,0.059765,0.024139,4.0722,0.0059277,0.99527,,Mast,UC_vs_HC
AC099522.2,0.075058,1.3326,4.0556,0.32858,0.74247,,Mast,UC_vs_HC
BTF3,59.947,0.031231,0.18922,0.16505,0.86891,0.99956,Mast,UC_vs_HC
ANKRA2,0.77628,-0.090949,0.99895,-0.091044,0.92746,,Mast,UC_vs_HC
UTP15,0.19931,0.8837,2.4824,0.35598,0.72186,,Mast,UC_vs_HC
ARHGEF28,0.0134,0.3681,4.0861,0.090086,0.92822,,Mast,UC_vs_HC
ENC1,1.5178,-0.24493,0.77391,-0.31648,0.75164,0.99956,Mast,UC_vs_HC
HEXB,2.2146,-0.36122,0.90337,-0.39986,0.68926,0.99956,Mast,UC_vs_HC
GFM2,0.7976,0.51741,0.91476,0.56562,0.57165,,Mast,UC_vs_HC
NSA2,16.649,0.062104,0.29116,0.2133,0.83109,0.99956,Mast,UC_vs_HC
FAM169A,0.0134,0.3681,4.0861,0.090086,0.92822,,Mast,UC_vs_HC
GCNT4,1.1216,0.54158,0.79831,0.67842,0.49751,0.99956,Mast,UC_vs_HC
LINC01336,0.086487,-0.46649,3.4066,-0.13694,0.89108,,Mast,UC_vs_HC
ANKRD31,0.2766,0.78246,1.5624,0.50082,0.61649,,Mast,UC_vs_HC
HMGCR,1.6798,-0.89302,0.71718,-1.2452,0.21307,0.99956,Mast,UC_vs_HC
COL4A3BP,3.984,0.59551,0.56694,1.0504,0.29353,0.99956,Mast,UC_vs_HC
POLK,3.004,-0.18694,0.48773,-0.38329,0.70151,0.99956,Mast,UC_vs_HC
POC5,0.5697,1.5283,1.3093,1.1672,0.24312,,Mast,UC_vs_HC
IQGAP2,7.4545,-0.051411,0.61967,-0.082965,0.93388,0.99956,Mast,UC_vs_HC
F2RL2,0.090802,1.4471,2.1672,0.66772,0.50431,,Mast,UC_vs_HC
F2R,0.69286,-1.2114,1.3807,-0.87732,0.38031,,Mast,UC_vs_HC
AGGF1,0.23662,0.34799,1.8701,0.18608,0.85238,,Mast,UC_vs_HC
ZBED3,0.081422,1.2197,1.981,0.61569,0.5381,,Mast,UC_vs_HC
WDR41,2.2963,0.83892,0.67164,1.2491,0.21164,0.99956,Mast,UC_vs_HC
TBCA,17.901,0.17998,0.30876,0.58291,0.55995,0.99956,Mast,UC_vs_HC
AP3B1,3.0528,0.24762,0.57547,0.4303,0.66698,0.99956,Mast,UC_vs_HC
SCAMP1-AS1,0.85924,-0.62199,1.005,-0.61889,0.53599,,Mast,UC_vs_HC
SCAMP1,1.5854,0.024336,0.71211,0.034174,0.97274,0.99956,Mast,UC_vs_HC
LHFPL2,0.12752,0.6793,1.915,0.35472,0.7228,,Mast,UC_vs_HC
ARSB,0.24345,0.51419,1.8115,0.28385,0.77653,,Mast,UC_vs_HC
DMGDH,0.052922,0.24161,3.2428,0.074505,0.94061,,Mast,UC_vs_HC
JMY,0.7525,-1.382,1.1543,-1.1972,0.23122,,Mast,UC_vs_HC
HOMER1,0.81081,0.8441,0.99826,0.84558,0.39779,,Mast,UC_vs_HC
TENT2,2.1377,0.05841,0.76576,0.076276,0.9392,0.99956,Mast,UC_vs_HC
CMYA5,0.17159,0.79879,2.3295,0.3429,0.73167,,Mast,UC_vs_HC
MTX3,0.12094,1.1498,1.8114,0.63476,0.52559,,Mast,UC_vs_HC
SERINC5,0.15783,1.179,1.9126,0.61641,0.53763,,Mast,UC_vs_HC
ZFYVE16,2.8882,-0.24367,0.57174,-0.42619,0.66997,0.99956,Mast,UC_vs_HC
AC008771.1,0.31788,0.25224,1.5611,0.16158,0.87164,,Mast,UC_vs_HC
FAM151B,0.075157,-0.26501,4,-0.066252,0.94718,,Mast,UC_vs_HC
DHFR,0.3407,-0.97766,1.7661,-0.55357,0.57987,,Mast,UC_vs_HC
MSH3,1.0597,-0.42774,1.0916,-0.39187,0.69516,,Mast,UC_vs_HC
CKMT2-AS1,0.10907,0.58673,1.6234,0.36142,0.71778,,Mast,UC_vs_HC
ZCCHC9,1.3609,-0.34089,0.70268,-0.48513,0.62759,0.99956,Mast,UC_vs_HC
SSBP2,3.1521,-0.19886,0.65563,-0.30332,0.76165,0.99956,Mast,UC_vs_HC
ATG10,1.3155,0.017012,0.70005,0.024301,0.98061,0.99956,Mast,UC_vs_HC
RPS23,384.03,-0.28616,0.28012,-1.0216,0.30699,0.99956,Mast,UC_vs_HC
ATP6AP1L,0.049867,1.3481,4.054,0.33255,0.73948,,Mast,UC_vs_HC
TMEM167A,5.1256,-0.0020185,0.43256,-0.0046665,0.99628,0.99969,Mast,UC_vs_HC
XRCC4,0.71778,0.21899,0.94153,0.23259,0.81608,,Mast,UC_vs_HC
EDIL3,0.055411,0.73069,4.1338,0.17676,0.8597,,Mast,UC_vs_HC
COX7C,60.374,-0.039238,0.22173,-0.17696,0.85954,0.99956,Mast,UC_vs_HC
RASA1,0.78306,-0.10931,1.2083,-0.090466,0.92792,,Mast,UC_vs_HC
CCNH,6.5168,-0.28545,0.41539,-0.68719,0.49196,0.99956,Mast,UC_vs_HC
AC018754.1,0.059765,0.024139,4.0722,0.0059277,0.99527,,Mast,UC_vs_HC
TMEM161B,1.2825,-1.5419,1.0308,-1.4958,0.13472,0.99956,Mast,UC_vs_HC
TMEM161B-AS1,0.92107,-0.029729,0.80437,-0.03696,0.97052,,Mast,UC_vs_HC
MEF2C,0.57225,-0.32795,1.9026,-0.17237,0.86315,,Mast,UC_vs_HC
MEF2C-AS1,0.3129,1.3326,4.0556,0.32858,0.74247,,Mast,UC_vs_HC
CETN3,0.62733,-1.2175,1.3882,-0.87705,0.38046,,Mast,UC_vs_HC
MBLAC2,0.13212,1.3034,1.6887,0.77185,0.4402,,Mast,UC_vs_HC
POLR3G,0.018728,0.70632,4.1361,0.17077,0.86441,,Mast,UC_vs_HC
LYSMD3,3.0858,-0.58942,0.69297,-0.85058,0.395,0.99956,Mast,UC_vs_HC
ADGRV1,0.0134,0.3681,4.0861,0.090086,0.92822,,Mast,UC_vs_HC
AC123595.1,0.059765,0.024139,4.0722,0.0059277,0.99527,,Mast,UC_vs_HC
LUCAT1,0.32089,1.112,2.0772,0.53535,0.59241,,Mast,UC_vs_HC
ARRDC3,4.7228,-0.045182,0.56329,-0.080211,0.93607,0.99956,Mast,UC_vs_HC
ARRDC3-AS1,0.099773,0.070395,3.688,0.019088,0.98477,,Mast,UC_vs_HC
NR2F1-AS1,0.037578,0.16073,4.0541,0.039647,0.96837,,Mast,UC_vs_HC
NR2F1,0.037578,0.16073,4.0541,0.039647,0.96837,,Mast,UC_vs_HC
FAM172A,2.886,-0.42916,0.67222,-0.63842,0.5232,0.99956,Mast,UC_vs_HC
POU5F2,0.53031,-0.56974,1.2232,-0.46579,0.64137,,Mast,UC_vs_HC
KIAA0825,0.28544,0.2434,1.7654,0.13787,0.89034,,Mast,UC_vs_HC
SLF1,1.5609,-0.50529,1.1923,-0.42379,0.67172,0.99956,Mast,UC_vs_HC
MCTP1,2.6099,0.27302,0.59244,0.46084,0.64491,0.99956,Mast,UC_vs_HC
TTC37,3.4839,0.066034,0.5138,0.12852,0.89774,0.99956,Mast,UC_vs_HC
ARSK,3.6276,0.58893,0.58489,1.0069,0.31398,0.99956,Mast,UC_vs_HC
GPR150,0.039745,0.81098,2.9497,0.27494,0.78337,,Mast,UC_vs_HC
RFESD,1.3075,1.1126,0.91618,1.2143,0.22462,0.99956,Mast,UC_vs_HC
SPATA9,0.13578,0.45391,1.8679,0.243,0.808,,Mast,UC_vs_HC
RHOBTB3,7.8647,0.043494,0.49114,0.088559,0.92943,0.99956,Mast,UC_vs_HC
GLRX,3.8282,1.0415,0.73358,1.4197,0.15568,0.99956,Mast,UC_vs_HC
LINC01554,0.037578,0.16073,4.0541,0.039647,0.96837,,Mast,UC_vs_HC
ELL2,25.562,-0.27072,0.40095,-0.6752,0.49955,0.99956,Mast,UC_vs_HC
AC104123.1,0.039745,0.81098,2.9497,0.27494,0.78337,,Mast,UC_vs_HC
AC008592.2,0.026346,1.1367,4.0708,0.27924,0.78006,,Mast,UC_vs_HC
MIR583HG,0.061817,1.2524,3.1942,0.39209,0.69499,,Mast,UC_vs_HC
CAST,13.436,-0.16633,0.56377,-0.29502,0.76798,0.99956,Mast,UC_vs_HC
ERAP1,1.178,1.5588,0.84589,1.8428,0.065351,0.99956,Mast,UC_vs_HC
AC008906.1,0.062512,0.55908,3.0605,0.18268,0.85505,,Mast,UC_vs_HC
AC009126.1,0.07165,0.26407,2.0983,0.12585,0.89985,,Mast,UC_vs_HC
ERAP2,1.0072,0.98612,1.1861,0.83142,0.40574,,Mast,UC_vs_HC
LNPEP,3.1731,0.21118,0.56129,0.37623,0.70674,0.99956,Mast,UC_vs_HC
LIX1-AS1,0.06025,0.16073,4.0541,0.039647,0.96837,,Mast,UC_vs_HC
RIOK2,1.9286,0.60613,0.87833,0.69008,0.49014,0.99956,Mast,UC_vs_HC
LINC01340,0.14873,1.6239,2.3176,0.70069,0.4835,,Mast,UC_vs_HC
LINC02234,0.069435,1.5682,3.0225,0.51884,0.60387,,Mast,UC_vs_HC
AC008522.1,0.06025,0.16073,4.0541,0.039647,0.96837,,Mast,UC_vs_HC
CHD1,8.2202,0.12337,0.42727,0.28875,0.77277,0.99956,Mast,UC_vs_HC
LINC02062,0.14665,0.21579,1.4733,0.14646,0.88355,,Mast,UC_vs_HC
FAM174A,1.3903,0.08824,1.0077,0.087562,0.93023,0.99956,Mast,UC_vs_HC
ST8SIA4,2.5193,0.81591,0.73396,1.1117,0.26629,0.99956,Mast,UC_vs_HC
PAM,0.10203,0.32087,1.7123,0.18739,0.85136,,Mast,UC_vs_HC
GIN1,0.27811,0.4126,1.5383,0.26822,0.78853,,Mast,UC_vs_HC
PPIP5K2,4.1302,0.33698,0.55234,0.61009,0.5418,0.99956,Mast,UC_vs_HC
C5orf30,1.6958,-0.023804,0.86407,-0.027548,0.97802,0.99956,Mast,UC_vs_HC
LINC02115,0.026346,1.1367,4.0708,0.27924,0.78006,,Mast,UC_vs_HC
NUDT12,0.4871,-0.89326,1.353,-0.66021,0.50912,,Mast,UC_vs_HC
FBXL17,0.74743,0.15434,0.93935,0.1643,0.86949,,Mast,UC_vs_HC
LINC01023,0.74976,0.13277,1.2897,0.10295,0.91801,,Mast,UC_vs_HC
FER,7.4482,0.23872,0.41796,0.57116,0.56789,0.99956,Mast,UC_vs_HC
PJA2,9.3973,-0.043858,0.36493,-0.12018,0.90434,0.99956,Mast,UC_vs_HC
AC012603.1,0.10737,0.16073,4.0541,0.039647,0.96837,,Mast,UC_vs_HC
MAN2A1,2.0104,-1.4103,0.73811,-1.9107,0.056044,0.98721,Mast,UC_vs_HC
TMEM232,0.024934,1.088,4.0829,0.26647,0.78988,,Mast,UC_vs_HC
SLC25A46,1.0242,1.0072,0.84917,1.1861,0.23559,,Mast,UC_vs_HC
TSLP,0.56555,0.25925,1.6427,0.15782,0.8746,,Mast,UC_vs_HC
WDR36,1.1416,-0.29128,1.0955,-0.26589,0.79032,0.99956,Mast,UC_vs_HC
CAMK4,0.037456,0.73093,4.1338,0.17682,0.85965,,Mast,UC_vs_HC
STARD4,2.9344,0.54989,0.75643,0.72695,0.46725,0.99956,Mast,UC_vs_HC
STARD4-AS1,0.43502,0.17542,1.5732,0.1115,0.91122,,Mast,UC_vs_HC
NREP,0.86618,0.74393,1.2007,0.61956,0.53555,,Mast,UC_vs_HC
EPB41L4A,0.36263,0.067372,1.2202,0.055212,0.95597,,Mast,UC_vs_HC
EPB41L4A-AS1,6.0886,-1.3465,0.81426,-1.6537,0.098195,0.99956,Mast,UC_vs_HC
EPB41L4A-DT,0.0134,0.3681,4.0861,0.090086,0.92822,,Mast,UC_vs_HC
APC,1.6444,-0.51437,0.9107,-0.5648,0.57221,0.99956,Mast,UC_vs_HC
SRP19,8.8302,0.10359,0.45402,0.22816,0.81952,0.99956,Mast,UC_vs_HC
REEP5,11,0.64836,0.34687,1.8692,0.061601,0.98721,Mast,UC_vs_HC
DCP2,2.5767,0.1905,0.74015,0.25738,0.79689,0.99956,Mast,UC_vs_HC
MCC,0.45685,-0.47645,1.4693,-0.32427,0.74574,,Mast,UC_vs_HC
YTHDC2,1.3334,-0.92374,0.82544,-1.1191,0.2631,0.99956,Mast,UC_vs_HC
PGGT1B,3.2586,-0.14238,0.56419,-0.25237,0.80076,0.99956,Mast,UC_vs_HC
CCDC112,1.823,0.36227,1.4048,0.25787,0.7965,0.99956,Mast,UC_vs_HC
FEM1C,2.387,-1.4799,0.67341,-2.1976,0.027977,0.8802,Mast,UC_vs_HC
TICAM2,0.05825,0.61256,3.152,0.19434,0.84591,,Mast,UC_vs_HC
AC010226.1,0.10183,-0.19362,1.9372,-0.099947,0.92039,,Mast,UC_vs_HC
TMED7,1.2596,-0.39533,1.1033,-0.35831,0.72011,0.99956,Mast,UC_vs_HC
AC008549.2,0.018728,0.70632,4.1361,0.17077,0.86441,,Mast,UC_vs_HC
CDO1,0.25869,2.3298,2.7676,0.84183,0.39988,,Mast,UC_vs_HC
ATG12,6.5649,-0.18084,0.39917,-0.45304,0.65052,0.99956,Mast,UC_vs_HC
AP3S1,9.9678,-0.42264,0.46064,-0.91749,0.35888,0.99956,Mast,UC_vs_HC
AC034236.2,0.091893,-0.19063,2.2051,-0.086452,0.93111,,Mast,UC_vs_HC
COMMD10,3.2195,0.18652,0.67049,0.27819,0.78087,0.99956,Mast,UC_vs_HC
SEMA6A,0.037456,0.73093,4.1338,0.17682,0.85965,,Mast,UC_vs_HC
SEMA6A-AS1,0.06025,0.16073,4.0541,0.039647,0.96837,,Mast,UC_vs_HC
LINC02147,0.24978,0.58747,2.2331,0.26307,0.79249,,Mast,UC_vs_HC
DTWD2,0.3417,0.7589,1.4291,0.53104,0.59539,,Mast,UC_vs_HC
DMXL1,1.5533,0.14799,0.98579,0.15012,0.88067,0.99956,Mast,UC_vs_HC
TNFAIP8,27.097,-0.17163,0.47066,-0.36465,0.71537,0.99956,Mast,UC_vs_HC
HSD17B4,7.9511,0.065456,0.3883,0.16857,0.86613,0.99956,Mast,UC_vs_HC
SRFBP1,3.4702,0.039165,0.63515,0.061662,0.95083,0.99956,Mast,UC_vs_HC
LOX,0.0134,0.3681,4.0861,0.090086,0.92822,,Mast,UC_vs_HC
SNX2,6.3183,0.71026,0.38601,1.84,0.065768,0.99956,Mast,UC_vs_HC
SNX24,0.28415,1.9096,1.5229,1.2539,0.20987,,Mast,UC_vs_HC
CEP120,0.29063,0.41103,1.5976,0.25727,0.79697,,Mast,UC_vs_HC
CSNK1G3,0.86894,0.63337,1.3346,0.47458,0.63508,,Mast,UC_vs_HC
ZNF608,0.42461,1.6633,1.332,1.2487,0.21178,,Mast,UC_vs_HC
GRAMD2B,0.19126,0.86273,1.9031,0.45334,0.6503,,Mast,UC_vs_HC
ALDH7A1,0.053037,-0.40462,3.0583,-0.1323,0.89475,,Mast,UC_vs_HC
PHAX,3.6337,-1.0734,0.55913,-1.9197,0.054893,0.98197,Mast,UC_vs_HC
LMNB1,6.7787,0.16193,0.5277,0.30685,0.75895,0.99956,Mast,UC_vs_HC
MARCH3,2.9077,-0.58018,0.9275,-0.62553,0.53162,0.99956,Mast,UC_vs_HC
C5orf63,0.57422,-0.17734,1.1556,-0.15346,0.87804,,Mast,UC_vs_HC
AC011416.3,0.19931,0.8837,2.4824,0.35598,0.72186,,Mast,UC_vs_HC
PRRC1,1.1195,1.0036,0.88217,1.1376,0.25528,0.99956,Mast,UC_vs_HC
LINC01184,0.39402,1.1049,1.3102,0.84331,0.39906,,Mast,UC_vs_HC
SLC12A2,0.60969,-1.192,1.2581,-0.94745,0.34341,,Mast,UC_vs_HC
FBN2,0.0134,0.3681,4.0861,0.090086,0.92822,,Mast,UC_vs_HC
ISOC1,1.8792,0.88772,1.0811,0.82115,0.41156,0.99956,Mast,UC_vs_HC
HINT1,13.721,0.16892,0.51298,0.3293,0.74193,0.99956,Mast,UC_vs_HC
LYRM7,1.5084,0.48179,0.92341,0.52175,0.60184,0.99956,Mast,UC_vs_HC
CDC42SE2,7.0585,0.2769,0.50971,0.54324,0.58696,0.99956,Mast,UC_vs_HC
RAPGEF6,0.59335,-1.0868,1.0951,-0.99244,0.32098,,Mast,UC_vs_HC
FNIP1,3.9687,0.21271,0.60552,0.35129,0.72537,0.99956,Mast,UC_vs_HC
ACSL6,0.13279,0.73069,4.1338,0.17676,0.8597,,Mast,UC_vs_HC
CSF2,0.84196,-1.7491,1.9711,-0.88741,,,Mast,UC_vs_HC
P4HA2,0.15721,0.068316,3.9957,0.017097,0.98636,,Mast,UC_vs_HC
PDLIM4,0.11918,-0.40486,2.0464,-0.19784,0.84317,,Mast,UC_vs_HC
AC116366.3,0.22944,-0.52295,1.7746,-0.29468,0.76824,,Mast,UC_vs_HC
AC116366.1,0.55298,-0.85491,1.5785,-0.54159,0.5881,,Mast,UC_vs_HC
IRF1,27.515,0.5118,0.43714,1.1708,0.24169,0.99956,Mast,UC_vs_HC
IL5,1.1948,-3.2477,2.2818,-1.4233,0.15466,0.99956,Mast,UC_vs_HC
RAD50,0.3838,-0.37897,1.633,-0.23207,0.81648,,Mast,UC_vs_HC
IL13,20.349,0.75857,0.73878,1.0268,0.30452,0.99956,Mast,UC_vs_HC
IL4,6.7135,3.3264,1.6299,2.0409,0.041264,0.90497,Mast,UC_vs_HC
AC004039.1,0.037578,0.16073,4.0541,0.039647,0.96837,,Mast,UC_vs_HC
KIF3A,2.1888,0.74296,0.70754,1.0501,0.29369,0.99956,Mast,UC_vs_HC
SEPT8,1.2353,0.93327,1.149,0.81224,0.41665,0.99956,Mast,UC_vs_HC
SOWAHA,0.032128,0.40025,2.7752,0.14423,0.88532,,Mast,UC_vs_HC
SHROOM1,1.4519,0.29785,1.1959,0.24905,0.80332,0.99956,Mast,UC_vs_HC
UQCRQ,23.44,0.016197,0.27237,0.059468,0.95258,0.99956,Mast,UC_vs_HC
LEAP2,1.0438,-0.68878,1.0175,-0.67696,0.49843,,Mast,UC_vs_HC
AFF4,5.3375,-0.16865,0.56408,-0.29898,0.76495,0.99956,Mast,UC_vs_HC
ZCCHC10,4.3675,-0.7633,0.5238,-1.4572,0.14505,0.99956,Mast,UC_vs_HC
HSPA4,4.3008,-0.0067677,0.49575,-0.013651,0.98911,0.99956,Mast,UC_vs_HC
C5orf15,1.3563,0.31983,0.75052,0.42615,0.67,0.99956,Mast,UC_vs_HC
VDAC1,8.5445,0.45111,0.39278,1.1485,0.25075,0.99956,Mast,UC_vs_HC
AC008608.2,0.092378,-0.03005,2.0718,-0.014504,0.98843,,Mast,UC_vs_HC
TCF7,3.1201,-1.0399,0.74879,-1.3888,0.1649,0.99956,Mast,UC_vs_HC
SKP1,50.567,-0.25456,0.2204,-1.155,0.2481,0.99956,Mast,UC_vs_HC
PPP2CA,5.4963,-0.65114,0.60553,-1.0753,0.28223,0.99956,Mast,UC_vs_HC
CDKL3,0.21458,0.82571,1.7131,0.482,0.62981,,Mast,UC_vs_HC
UBE2B,12.23,0.41766,0.41748,1.0004,0.3171,0.99956,Mast,UC_vs_HC
AC109454.2,0.024934,1.088,4.0829,0.26647,0.78988,,Mast,UC_vs_HC
CDKN2AIPNL,0.70946,0.62873,1.0026,0.62707,0.53061,,Mast,UC_vs_HC
JADE2,1.2028,0.39557,0.75235,0.52578,0.59904,0.99956,Mast,UC_vs_HC
SAR1B,5.3137,0.38765,0.46738,0.82942,0.40687,0.99956,Mast,UC_vs_HC
SEC24A,2.6849,-0.059678,0.70306,-0.084883,0.93235,0.99956,Mast,UC_vs_HC
CAMLG,9.49,-0.55643,0.45007,-1.2363,0.21634,0.99956,Mast,UC_vs_HC
DDX46,10.442,-0.15769,0.40664,-0.3878,0.69817,0.99956,Mast,UC_vs_HC
C5orf24,2.7476,-0.13629,0.56768,-0.24008,0.81027,0.99956,Mast,UC_vs_HC
TXNDC15,4.1155,1.1296,0.61308,1.8426,0.065393,0.99956,Mast,UC_vs_HC
PCBD2,0.58319,2.0397,1.534,1.3296,0.18363,,Mast,UC_vs_HC
H2AFY,4.3603,0.0099366,0.65835,0.015093,0.98796,0.99956,Mast,UC_vs_HC
CXCL14,0.037578,0.16073,4.0541,0.039647,0.96837,,Mast,UC_vs_HC
SMAD5,2.193,0.52569,0.73926,0.7111,0.47702,0.99956,Mast,UC_vs_HC
AC112178.1,0.097449,0.73069,4.1338,0.17676,0.8597,,Mast,UC_vs_HC
KLHL3,0.17247,0.91554,2.6061,0.35131,0.72535,,Mast,UC_vs_HC
HNRNPA0,13.352,-0.97871,0.67035,-1.46,0.14429,0.99956,Mast,UC_vs_HC
AC106791.1,0.026237,0.024139,4.0722,0.0059277,0.99527,,Mast,UC_vs_HC
PKD2L2,0.15963,0.71309,2.0022,0.35615,0.72172,,Mast,UC_vs_HC
FAM13B,2.6855,-0.0303,0.64426,-0.047031,0.96249,0.99956,Mast,UC_vs_HC
BRD8,1.7391,-0.75756,1.0261,-0.73829,0.46034,0.99956,Mast,UC_vs_HC
CDC23,1.6022,0.77479,0.75808,1.0221,0.30676,0.99956,Mast,UC_vs_HC
GFRA3,1.6953,-0.1266,0.92301,-0.13715,0.89091,0.99956,Mast,UC_vs_HC
CDC25C,0.11458,1.2716,3.5774,0.35545,0.72225,,Mast,UC_vs_HC
FAM53C,10.657,-0.85202,0.47969,-1.7762,0.075701,0.99956,Mast,UC_vs_HC
AC104116.1,0.13279,0.73069,4.1338,0.17676,0.8597,,Mast,UC_vs_HC
KDM3B,0.96131,1.0279,0.83543,1.2304,0.21856,,Mast,UC_vs_HC
EGR1,56.639,-1.8726,0.47481,-3.9439,8.0168e-05,0.048434,Mast,UC_vs_HC
ETF1,8.963,-0.063835,0.3907,-0.16338,0.87022,0.99956,Mast,UC_vs_HC
HSPA9,10.011,-0.33456,0.40261,-0.83098,0.40598,0.99956,Mast,UC_vs_HC
CTNNA1,2.7356,-0.86627,0.58421,-1.4828,0.13812,0.99956,Mast,UC_vs_HC
LRRTM2,0.07365,-0.053317,3.1259,-0.017057,0.98639,,Mast,UC_vs_HC
SIL1,5.5941,0.49112,0.54208,0.90599,0.36494,0.99956,Mast,UC_vs_HC
AC011405.1,0.026346,1.1367,4.0708,0.27924,0.78006,,Mast,UC_vs_HC
SNHG4,0.0134,0.3681,4.0861,0.090086,0.92822,,Mast,UC_vs_HC
MATR3-1,0.90022,0.41747,1.1254,0.37095,0.71068,,Mast,UC_vs_HC
PAIP2,12.911,0.082729,0.40271,0.20543,0.83724,0.99956,Mast,UC_vs_HC
AC135457.1,0.05825,0.61256,3.152,0.19434,0.84591,,Mast,UC_vs_HC
MZB1,5.1621,1.4685,1.718,0.85477,0.39268,0.99956,Mast,UC_vs_HC
SPATA24,0.018728,0.70632,4.1361,0.17077,0.86441,,Mast,UC_vs_HC
DNAJC18,0.51811,0.50562,1.26,0.40128,0.68821,,Mast,UC_vs_HC
ECSCR,0.10737,0.16073,4.0541,0.039647,0.96837,,Mast,UC_vs_HC
TMEM173,4.0062,-0.42921,0.53134,-0.80778,0.41921,0.99956,Mast,UC_vs_HC
UBE2D2,11.073,0.77999,0.52882,1.4749,0.14023,0.99956,Mast,UC_vs_HC
CXXC5,1.7836,0.74893,0.86815,0.86266,0.38832,0.99956,Mast,UC_vs_HC
AC008667.4,0.055411,0.73069,4.1338,0.17676,0.8597,,Mast,UC_vs_HC
MALINC1,0.063693,0.080019,3.39,0.023605,0.98117,,Mast,UC_vs_HC
PURA,2.4937,0.079003,0.71123,0.11108,0.91155,0.99956,Mast,UC_vs_HC
IGIP,0.41045,0.61575,2.1572,0.28544,0.77531,,Mast,UC_vs_HC
CYSTM1,11.888,0.065611,0.29848,0.21982,0.82601,0.99956,Mast,UC_vs_HC
PFDN1,3.8993,-0.11661,0.47099,-0.2476,0.80445,0.99956,Mast,UC_vs_HC
HBEGF,0.23573,0.69039,1.806,0.38228,0.70225,,Mast,UC_vs_HC
ANKHD1,1.3832,-0.54593,0.87017,-0.62739,0.53041,0.99956,Mast,UC_vs_HC
SRA1,4.9947,-0.67187,0.49441,-1.3589,0.17417,0.99956,Mast,UC_vs_HC
EIF4EBP3,0.026346,1.1367,4.0708,0.27924,0.78006,,Mast,UC_vs_HC
APBB3,0.20208,0.53715,2.0265,0.26506,0.79096,,Mast,UC_vs_HC
SLC35A4,1.4459,0.42881,0.85561,0.50118,0.61625,0.99956,Mast,UC_vs_HC
CD14,0.233,-1.4383,1.8167,-0.7917,0.42854,,Mast,UC_vs_HC
NDUFA2,11.044,-0.21136,0.36243,-0.58319,0.55976,0.99956,Mast,UC_vs_HC
TMCO6,0.20991,-0.057274,2.9001,-0.019749,0.98424,,Mast,UC_vs_HC
IK,8.4787,0.30141,0.3266,0.92288,0.35607,0.99956,Mast,UC_vs_HC
WDR55,1.4775,0.61091,0.83927,0.7279,0.46667,0.99956,Mast,UC_vs_HC
DND1,0.14873,1.6239,2.3176,0.70069,0.4835,,Mast,UC_vs_HC
HARS,1.7559,0.22822,0.87497,0.26083,0.79422,0.99956,Mast,UC_vs_HC
HARS2,0.21039,1.0347,1.4577,0.70985,0.4778,,Mast,UC_vs_HC
ZMAT2,5.5701,-0.67021,0.59511,-1.1262,0.26008,0.99956,Mast,UC_vs_HC
TAF7,10.296,0.14428,0.34776,0.41489,0.67822,0.99956,Mast,UC_vs_HC
PCDHGA5,0.039522,0.59268,4.1488,0.14286,0.8864,,Mast,UC_vs_HC
PCDHGA6,0.018728,0.70632,4.1361,0.17077,0.86441,,Mast,UC_vs_HC
PCDHGA7,0.024934,1.088,4.0829,0.26647,0.78988,,Mast,UC_vs_HC
PCDHGB4,0.06025,0.16073,4.0541,0.039647,0.96837,,Mast,UC_vs_HC
PCDHGA8,0.052474,-0.39825,4.0401,-0.098575,0.92148,,Mast,UC_vs_HC
PCDHGA9,0.064474,0.59268,4.1488,0.14286,0.8864,,Mast,UC_vs_HC
PCDHGB6,0.12002,0.71702,2.3662,0.30303,0.76187,,Mast,UC_vs_HC
PCDHGA10,0.42769,1.8583,1.5338,1.2116,0.22567,,Mast,UC_vs_HC
PCDHGA12,0.097829,-0.31323,3.3199,-0.094348,0.92483,,Mast,UC_vs_HC
DIAPH1,3.5327,-0.87334,0.5886,-1.4838,0.13787,0.99956,Mast,UC_vs_HC
AC008781.2,0.06025,0.16073,4.0541,0.039647,0.96837,,Mast,UC_vs_HC
HDAC3,0.66733,-1.165,1.1299,-1.0311,0.30247,,Mast,UC_vs_HC
RELL2,0.068811,0.43735,3.185,0.13732,0.89078,,Mast,UC_vs_HC
FCHSD1,0.33718,1.5742,1.9231,0.81857,0.41303,,Mast,UC_vs_HC
ARAP3,0.41849,1.5711,2.0744,0.75738,0.44882,,Mast,UC_vs_HC
DELE1,1.8693,1.3126,0.8744,1.5011,0.13332,0.99956,Mast,UC_vs_HC
RNF14,0.50046,-0.47127,1.056,-0.44629,0.65539,,Mast,UC_vs_HC
GNPDA1,1.9992,0.16577,0.70821,0.23407,0.81493,0.99956,Mast,UC_vs_HC
NDFIP1,3.7241,-0.1447,0.7382,-0.19602,0.8446,0.99956,Mast,UC_vs_HC
SPRY4,0.037578,0.16073,4.0541,0.039647,0.96837,,Mast,UC_vs_HC
ARHGAP26,0.42079,0.46691,1.4141,0.33019,0.74126,,Mast,UC_vs_HC
NR3C1,8.9805,-0.41896,0.42279,-0.99094,0.32172,0.99956,Mast,UC_vs_HC
HMHB1,0.024934,1.088,4.0829,0.26647,0.78988,,Mast,UC_vs_HC
YIPF5,3.0447,0.18036,0.55644,0.32413,0.74584,0.99956,Mast,UC_vs_HC
PRELID2,1.7453,1.4972,0.9576,1.5635,0.11794,0.99956,Mast,UC_vs_HC
SH3RF2,0.18588,0.036544,1.8338,0.019929,0.9841,,Mast,UC_vs_HC
LARS,5.0513,-0.45921,0.46683,-0.98367,0.32528,0.99956,Mast,UC_vs_HC
AC091959.3,0.043089,1.2415,4.0577,0.30596,0.75964,,Mast,UC_vs_HC
RBM27,1.041,-0.34608,0.84295,-0.41056,0.6814,,Mast,UC_vs_HC
TCERG1,1.7707,-0.70773,0.87296,-0.81072,0.41753,0.99956,Mast,UC_vs_HC
PPP2R2B,0.14286,0.63817,2.629,0.24274,0.8082,,Mast,UC_vs_HC
JAKMIP2,1.5205,0.52701,0.94915,0.55524,0.57873,0.99956,Mast,UC_vs_HC
SPINK1,0.059765,0.024139,4.0722,0.0059277,0.99527,,Mast,UC_vs_HC
SCGB3A2,0.22257,1.8209,1.4216,1.2809,0.20024,,Mast,UC_vs_HC
SPINK5,0.039522,0.59268,4.1488,0.14286,0.8864,,Mast,UC_vs_HC
FBXO38,0.80982,0.74267,1.1166,0.66514,0.50596,,Mast,UC_vs_HC
ADRB2,8.7211,-1.0174,0.52165,-1.9503,0.051137,0.96096,Mast,UC_vs_HC
AC116312.1,0.0134,0.3681,4.0861,0.090086,0.92822,,Mast,UC_vs_HC
GRPEL2,0.22995,0.51296,1.4145,0.36265,0.71687,,Mast,UC_vs_HC
PCYOX1L,0.12196,0.49231,2.3967,0.20542,0.83725,,Mast,UC_vs_HC
CARMN,0.0134,0.3681,4.0861,0.090086,0.92822,,Mast,UC_vs_HC
CSNK1A1,13.85,0.3613,0.39788,0.90805,0.36385,0.99956,Mast,UC_vs_HC
ARHGEF37,0.33088,0.0090264,1.4892,0.0060614,0.99516,,Mast,UC_vs_HC
PPARGC1B,0.18365,1.5388,1.9481,0.78988,0.4296,,Mast,UC_vs_HC
PDE6A,0.24448,0.79963,2.1459,0.37264,0.70942,,Mast,UC_vs_HC
SLC26A2,7.2123,0.31654,0.49173,0.64372,0.51976,0.99956,Mast,UC_vs_HC
TIGD6,0.077856,0.72076,2.1657,0.33282,0.73927,,Mast,UC_vs_HC
HMGXB3,1.4094,1.4535,0.91406,1.5902,0.11179,0.99956,Mast,UC_vs_HC
PDGFRB,0.026346,1.1367,4.0708,0.27924,0.78006,,Mast,UC_vs_HC
CDX1,0.052922,0.24161,3.2428,0.074505,0.94061,,Mast,UC_vs_HC
SLC6A7,0.073164,-0.23944,3.3159,-0.07221,0.94244,,Mast,UC_vs_HC
CAMK2A,0.043089,1.2415,4.0577,0.30596,0.75964,,Mast,UC_vs_HC
ARSI,0.0268,0.16572,4.0548,0.040869,0.9674,,Mast,UC_vs_HC
TCOF1,1.112,-0.63098,0.93941,-0.67168,0.50179,,Mast,UC_vs_HC
CD74,13.784,0.079229,0.66958,0.11833,0.90581,0.99956,Mast,UC_vs_HC
RPS14,325.01,-0.15625,0.27159,-0.5753,0.56509,0.99956,Mast,UC_vs_HC
NDST1,0.44635,1.3361,2.134,0.62607,0.53127,,Mast,UC_vs_HC
SYNPO,0.0134,0.3681,4.0861,0.090086,0.92822,,Mast,UC_vs_HC
RBM22,4.0364,-0.74275,0.48683,-1.5257,0.12709,0.99956,Mast,UC_vs_HC
DCTN4,1.6011,-0.52116,0.7878,-0.66153,0.50827,0.99956,Mast,UC_vs_HC
SMIM3,8.3191,-0.46781,0.4249,-1.101,0.2709,0.99956,Mast,UC_vs_HC
IRGM,0.056489,0.8828,3.1215,0.28281,0.77732,,Mast,UC_vs_HC
ZNF300,0.17679,0.16254,1.7428,0.09326,0.9257,,Mast,UC_vs_HC
GPX3,0.075157,-0.26501,4,-0.066252,0.94718,,Mast,UC_vs_HC
TNIP1,2.789,0.50683,0.68307,0.74198,0.4581,0.99956,Mast,UC_vs_HC
ANXA6,4.5296,-0.038063,0.54997,-0.069209,0.94482,0.99956,Mast,UC_vs_HC
CCDC69,3.2329,0.58908,0.61001,0.96568,0.3342,0.99956,Mast,UC_vs_HC
GM2A,3.3654,0.66639,0.57007,1.169,0.24242,0.99956,Mast,UC_vs_HC
SLC36A1,0.56358,-1.1541,1.2615,-0.91485,0.36027,,Mast,UC_vs_HC
AC011337.1,0.077873,0.24265,3.4481,0.070373,0.9439,,Mast,UC_vs_HC
SPARC,0.45121,0.45469,1.2239,0.37149,0.71027,,Mast,UC_vs_HC
AC011374.2,0.38345,1.0183,1.5536,0.65543,0.51219,,Mast,UC_vs_HC
ATOX1,10.667,0.7169,0.33795,2.1213,0.033896,0.90299,Mast,UC_vs_HC
AC091982.3,0.075058,1.3326,4.0556,0.32858,0.74247,,Mast,UC_vs_HC
G3BP1,6.3003,-0.19402,0.47419,-0.40917,0.68241,0.99956,Mast,UC_vs_HC
FAM114A2,1.3476,0.085185,0.85432,0.099711,0.92057,0.99956,Mast,UC_vs_HC
MFAP3,0.29836,-1.409,1.5385,-0.91585,0.35974,,Mast,UC_vs_HC
GALNT10,0.74035,0.8161,0.99338,0.82154,0.41134,,Mast,UC_vs_HC
SAP30L,0.24891,0.60163,1.607,0.37439,0.70811,,Mast,UC_vs_HC
LARP1,3.8452,0.76214,0.62753,1.2145,0.22455,0.99956,Mast,UC_vs_HC
FAXDC2,0.065874,-0.59015,3.1911,-0.18494,0.85328,,Mast,UC_vs_HC
CNOT8,1.5631,1.8234,1.3888,1.313,0.1892,0.99956,Mast,UC_vs_HC
GEMIN5,0.44299,0.018488,1.2928,0.014301,0.98859,,Mast,UC_vs_HC
MRPL22,3.8022,-0.301,0.46368,-0.64915,0.51624,0.99956,Mast,UC_vs_HC
TIMD4,0.064474,0.59268,4.1488,0.14286,0.8864,,Mast,UC_vs_HC
HAVCR1,0.026237,0.024139,4.0722,0.0059277,0.99527,,Mast,UC_vs_HC
HAVCR2,3.0082,-0.17149,0.5243,-0.32708,0.7436,0.99956,Mast,UC_vs_HC
MED7,1.944,-0.53015,0.75204,-0.70494,0.48084,0.99956,Mast,UC_vs_HC
ITK,4.206,0.53605,0.72853,0.7358,0.46185,0.99956,Mast,UC_vs_HC
CYFIP2,0.60474,0.22852,1.0688,0.21381,0.8307,,Mast,UC_vs_HC
FNDC9,0.018728,0.70632,4.1361,0.17077,0.86441,,Mast,UC_vs_HC
ADAM19,0.22712,1.4662,2.0112,0.72903,0.46598,,Mast,UC_vs_HC
THG1L,0.99273,1.8401,0.94027,1.957,0.05035,,Mast,UC_vs_HC
LSM11,0.19999,0.045004,2.4819,0.018133,0.98553,,Mast,UC_vs_HC
CLINT1,7.4481,0.51111,0.3681,1.3885,0.16498,0.99956,Mast,UC_vs_HC
EBF1,0.078711,-0.64052,4.0239,-0.15918,0.87353,,Mast,UC_vs_HC
RNF145,6.6461,-0.0077578,0.57529,-0.013485,0.98924,0.99956,Mast,UC_vs_HC
UBLCP1,1.8482,0.21286,0.65893,0.32305,0.74666,0.99956,Mast,UC_vs_HC
TTC1,5.626,-0.16417,0.39322,-0.41751,0.6763,0.99956,Mast,UC_vs_HC
PWWP2A,0.59038,0.40965,1.0728,0.38185,0.70257,,Mast,UC_vs_HC
ZBED8,0.026237,0.024139,4.0722,0.0059277,0.99527,,Mast,UC_vs_HC
SLU7,4.1167,0.14228,0.60766,0.23414,0.81488,0.99956,Mast,UC_vs_HC
PTTG1,4.0569,0.00042997,0.87205,0.00049305,0.99961,0.99996,Mast,UC_vs_HC
MIR3142HG,2.8417,-0.051203,0.7732,-0.066222,0.9472,0.99956,Mast,UC_vs_HC
ATP10B,0.0134,0.3681,4.0861,0.090086,0.92822,,Mast,UC_vs_HC
AC113414.1,0.055411,0.73069,4.1338,0.17676,0.8597,,Mast,UC_vs_HC
CCNG1,3.9194,0.30498,0.54703,0.55751,0.57718,0.99956,Mast,UC_vs_HC
NUDCD2,3.0017,0.22158,0.50048,0.44273,0.65796,0.99956,Mast,UC_vs_HC
HMMR,0.14848,1.3509,2.3156,0.58338,0.55964,,Mast,UC_vs_HC
MAT2B,3.1688,-0.08956,0.78807,-0.11365,0.90952,0.99956,Mast,UC_vs_HC
TENM2,0.039522,0.59268,4.1488,0.14286,0.8864,,Mast,UC_vs_HC
AC008708.2,0.043089,1.2415,4.0577,0.30596,0.75964,,Mast,UC_vs_HC
RARS,2.1805,-0.3922,0.61081,-0.6421,0.52081,0.99956,Mast,UC_vs_HC
PANK3,1.855,0.15486,0.69516,0.22277,0.82371,0.99956,Mast,UC_vs_HC
SLIT3,0.018728,0.70632,4.1361,0.17077,0.86441,,Mast,UC_vs_HC
SPDL1,0.55685,0.92833,1.4697,0.63166,0.52761,,Mast,UC_vs_HC
DOCK2,3.8641,-0.34906,0.55404,-0.63003,0.52868,0.99956,Mast,UC_vs_HC
LCP2,6.9225,0.64258,0.37712,1.7039,0.088398,0.99956,Mast,UC_vs_HC
AC034199.1,0.06025,0.16073,4.0541,0.039647,0.96837,,Mast,UC_vs_HC
LINC01366,0.08611,0.46123,3.4301,0.13446,0.89304,,Mast,UC_vs_HC
KCNIP1,0.0134,0.3681,4.0861,0.090086,0.92822,,Mast,UC_vs_HC
KCNMB1,0.89901,-0.7531,0.98314,-0.76602,0.44367,,Mast,UC_vs_HC
RANBP17,0.10484,0.52598,2.354,0.22344,0.82319,,Mast,UC_vs_HC
NPM1,50.844,-0.045045,0.23055,-0.19538,0.8451,0.99956,Mast,UC_vs_HC
FGF18,0.097548,0.062978,2.2642,0.027814,0.97781,,Mast,UC_vs_HC
FBXW11,1.0184,0.93623,0.92995,1.0067,0.31406,,Mast,UC_vs_HC
STK10,1.7281,-0.48985,0.73634,-0.66524,0.5059,0.99956,Mast,UC_vs_HC
UBTD2,0.065759,0.0046698,3.3277,0.0014033,0.99888,,Mast,UC_vs_HC
AC022217.2,0.10145,0.27992,1.744,0.16051,0.87248,,Mast,UC_vs_HC
AC022217.3,0.0134,0.3681,4.0861,0.090086,0.92822,,Mast,UC_vs_HC
DUSP1,33.415,-0.32327,0.51024,-0.63356,0.52637,0.99956,Mast,UC_vs_HC
ERGIC1,2.5049,-0.59269,0.83074,-0.71345,0.47557,0.99956,Mast,UC_vs_HC
AC008429.1,0.10285,0.60091,3.5176,0.17083,0.86436,,Mast,UC_vs_HC
RPL26L1,1.585,-0.27377,0.68646,-0.39881,0.69003,0.99956,Mast,UC_vs_HC
ATP6V0E1,36.146,0.11871,0.21637,0.54866,0.58324,0.99956,Mast,UC_vs_HC
CREBRF,3.842,0.28701,0.57263,0.50122,0.61621,0.99956,Mast,UC_vs_HC
BNIP1,1.0638,-0.0034538,0.9,-0.0038375,0.99694,,Mast,UC_vs_HC
BOD1,0.85331,0.13574,1.5587,0.087082,0.93061,,Mast,UC_vs_HC
LINC01485,0.0134,0.3681,4.0861,0.090086,0.92822,,Mast,UC_vs_HC
CPEB4,7.5537,0.79322,0.44592,1.7789,0.075263,0.99956,Mast,UC_vs_HC
MSX2,0.47945,-0.85307,1.4599,-0.58433,0.559,,Mast,UC_vs_HC
SFXN1,1.416,2.8898,1.1425,2.5295,0.011422,0.72228,Mast,UC_vs_HC
HRH2,0.3144,1.1697,1.9352,0.60446,0.54554,,Mast,UC_vs_HC
THOC3,1.3198,0.33132,1.0988,0.30152,0.76302,0.99956,Mast,UC_vs_HC
SIMC1,0.20332,0.31994,1.585,0.20185,0.84003,,Mast,UC_vs_HC
KIAA1191,2.4471,0.42121,0.81677,0.5157,0.60607,0.99956,Mast,UC_vs_HC
ARL10,0.24107,-1.0582,1.3886,-0.76211,0.44599,,Mast,UC_vs_HC
NOP16,0.56375,0.37007,1.3545,0.27322,0.78468,,Mast,UC_vs_HC
HIGD2A,14.008,0.084868,0.31628,0.26833,0.78844,0.99956,Mast,UC_vs_HC
CLTB,2.3208,0.40806,1.45,0.28143,0.77838,0.99956,Mast,UC_vs_HC
FAF2,1.3597,0.31162,0.71122,0.43814,0.66128,0.99956,Mast,UC_vs_HC
RNF44,0.70568,-0.094817,1.3068,-0.072559,0.94216,,Mast,UC_vs_HC
TSPAN17,0.56945,0.70387,1.8133,0.38818,0.69788,,Mast,UC_vs_HC
HK3,0.17966,0.2733,2.4401,0.11201,0.91082,,Mast,UC_vs_HC
UIMC1,0.88827,-0.010618,0.8534,-0.012442,0.99007,,Mast,UC_vs_HC
ZNF346,0.051733,0.56404,2.8707,0.19648,0.84423,,Mast,UC_vs_HC
NSD1,3.8957,0.10736,0.51677,0.20775,0.83542,0.99956,Mast,UC_vs_HC
RAB24,0.10998,0.45522,1.7436,0.26108,0.79403,,Mast,UC_vs_HC
MXD3,0.077856,0.72076,2.1657,0.33282,0.73927,,Mast,UC_vs_HC
PRELID1,5.106,-0.35034,1.3386,-0.26172,0.79354,0.99956,Mast,UC_vs_HC
LMAN2,12.447,0.57465,0.57112,1.0062,0.31433,0.99956,Mast,UC_vs_HC
RGS14,1.0101,0.939,0.92282,1.0175,0.3089,,Mast,UC_vs_HC
F12,0.024934,1.088,4.0829,0.26647,0.78988,,Mast,UC_vs_HC
GRK6,0.56703,-0.70753,1.4082,-0.50242,0.61537,,Mast,UC_vs_HC
PRR7-AS1,0.12859,1.6131,3.3648,0.47941,0.63164,,Mast,UC_vs_HC
PRR7,1.4102,-0.51601,1.4655,-0.35211,0.72476,0.99956,Mast,UC_vs_HC
DBN1,0.16932,-0.61288,1.5374,-0.39864,0.69016,,Mast,UC_vs_HC
PDLIM7,1.178,-0.3233,1.2848,-0.25163,0.80132,0.99956,Mast,UC_vs_HC
DOK3,1.7826,1.5871,0.85733,1.8512,0.064142,0.99402,Mast,UC_vs_HC
DDX41,0.92233,-0.12131,0.84512,-0.14354,0.88586,,Mast,UC_vs_HC
FAM193B,0.40666,-0.36076,1.2034,-0.29978,0.76434,,Mast,UC_vs_HC
AC139795.3,0.07365,-0.053317,3.1259,-0.017057,0.98639,,Mast,UC_vs_HC
TMED9,8.3108,0.17762,0.37931,0.46828,0.63959,0.99956,Mast,UC_vs_HC
B4GALT7,0.82795,0.50525,1.7743,0.28476,0.77582,,Mast,UC_vs_HC
N4BP3,0.16995,1.5759,1.9305,0.81632,0.41432,,Mast,UC_vs_HC
RMND5B,0.96849,0.84999,1.0439,0.81427,0.41549,,Mast,UC_vs_HC
NHP2,6.9417,-0.11879,0.48358,-0.24565,0.80596,0.99956,Mast,UC_vs_HC
HNRNPAB,3.6759,-0.14614,0.96237,-0.15185,0.8793,0.99956,Mast,UC_vs_HC
PHYKPL,2.5688,-0.36375,0.75708,-0.48046,0.6309,0.99956,Mast,UC_vs_HC
CLK4,3.2676,0.24706,0.576,0.42892,0.66798,0.99956,Mast,UC_vs_HC
ZNF354A,0.29728,1.8717,1.3459,1.3907,0.16432,,Mast,UC_vs_HC
ZNF354B,0.043662,1.1196,2.8057,0.39906,0.68985,,Mast,UC_vs_HC
ZFP2,0.018728,0.70632,4.1361,0.17077,0.86441,,Mast,UC_vs_HC
GRM6,0.064474,0.59268,4.1488,0.14286,0.8864,,Mast,UC_vs_HC
ZNF879,0.13114,1.0692,2.3857,0.44819,0.65402,,Mast,UC_vs_HC
ZNF354C,0.15914,1.2101,3.7545,0.3223,0.74723,,Mast,UC_vs_HC
RUFY1,1.0522,-0.14788,1.1663,-0.12679,0.89911,,Mast,UC_vs_HC
HNRNPH1,33.37,0.67179,0.50478,1.3309,0.18323,0.99956,Mast,UC_vs_HC
CANX,16.669,0.18635,0.28829,0.64639,0.51803,0.99956,Mast,UC_vs_HC
MAML1,1.7907,0.37289,0.76962,0.48451,0.62802,0.99956,Mast,UC_vs_HC
LTC4S,37.025,-0.19481,1.8306,-0.10642,0.91525,0.99956,Mast,UC_vs_HC
MGAT4B,0.47236,0.85692,1.3675,0.62663,0.5309,,Mast,UC_vs_HC
SQSTM1,40.662,0.33915,0.39253,0.86402,0.38758,0.99956,Mast,UC_vs_HC
MRNIP,1.4257,0.58634,0.92891,0.63121,0.5279,0.99956,Mast,UC_vs_HC
TBC1D9B,2.5206,0.4589,0.67696,0.67789,0.49784,0.99956,Mast,UC_vs_HC
RNF130,9.1469,-0.12336,0.65789,-0.18752,0.85126,0.99956,Mast,UC_vs_HC
MAPK9,0.40248,-0.96638,1.3475,-0.71715,0.47328,,Mast,UC_vs_HC
CNOT6,0.38231,0.38874,1.372,0.28334,0.77692,,Mast,UC_vs_HC
MGAT1,2.2173,0.57663,0.65516,0.88014,0.37879,0.99956,Mast,UC_vs_HC
LINC00847,0.30335,-0.29459,1.4224,-0.20711,0.83592,,Mast,UC_vs_HC
ZFP62,0.39174,-0.69882,1.2528,-0.55782,0.57697,,Mast,UC_vs_HC
AC008443.5,0.24685,-1.2416,2.0658,-0.60104,0.54781,,Mast,UC_vs_HC
TRIM41,0.75538,0.53085,1.2603,0.42122,0.6736,,Mast,UC_vs_HC
RACK1,130.59,-0.13618,0.23349,-0.58323,0.55974,0.99956,Mast,UC_vs_HC
TRIM52,1.5158,0.19435,0.76832,0.25296,0.8003,0.99956,Mast,UC_vs_HC
AC138035.1,0.024934,1.088,4.0829,0.26647,0.78988,,Mast,UC_vs_HC
DUSP22,2.0918,1.2365,0.81374,1.5196,0.12862,0.99956,Mast,UC_vs_HC
IRF4,0.14689,0.73699,1.7742,0.41538,0.67786,,Mast,UC_vs_HC
EXOC2,0.55159,-0.14437,1.116,-0.12937,0.89707,,Mast,UC_vs_HC
HUS1B,0.032128,0.40025,2.7752,0.14423,0.88532,,Mast,UC_vs_HC
AL357054.2,0.064474,0.59268,4.1488,0.14286,0.8864,,Mast,UC_vs_HC
FOXC1,0.032128,0.40025,2.7752,0.14423,0.88532,,Mast,UC_vs_HC
GMDS,0.58345,-0.40882,2.0372,-0.20068,0.84095,,Mast,UC_vs_HC
GMDS-DT,0.67989,-0.75302,0.95329,-0.78992,0.42958,,Mast,UC_vs_HC
MYLK4,0.0134,0.3681,4.0861,0.090086,0.92822,,Mast,UC_vs_HC
WRNIP1,0.73173,1.3733,1.2888,1.0655,0.28665,,Mast,UC_vs_HC
SERPINB1,52.1,-0.066341,0.42693,-0.15539,0.87651,0.99956,Mast,UC_vs_HC
SERPINB9,6.2173,0.85182,0.64845,1.3136,0.18897,0.99956,Mast,UC_vs_HC
SERPINB6,10.074,0.15995,0.3501,0.45687,0.64776,0.99956,Mast,UC_vs_HC
LINC01011,0.050978,-0.055356,2.9247,-0.018927,0.9849,,Mast,UC_vs_HC
NQO2,2.3586,-0.22277,0.59976,-0.37144,0.71031,0.99956,Mast,UC_vs_HC
RIPK1,1.5057,-0.066645,0.81416,-0.081858,0.93476,0.99956,Mast,UC_vs_HC
AL031963.3,0.0134,0.3681,4.0861,0.090086,0.92822,,Mast,UC_vs_HC
BPHL,0.23213,-0.76199,2.0904,-0.36452,0.71547,,Mast,UC_vs_HC
TUBB2A,2.5315,-0.9309,1.0832,-0.85938,0.39013,0.99956,Mast,UC_vs_HC
PSMG4,2.7723,0.70421,0.79367,0.88729,0.37492,0.99956,Mast,UC_vs_HC
SLC22A23,0.18258,1.2712,2.2304,0.56996,0.5687,,Mast,UC_vs_HC
PXDC1,0.17038,1.0477,1.6552,0.63298,0.52674,,Mast,UC_vs_HC
FAM50B,0.39861,0.022282,1.7295,0.012884,0.98972,,Mast,UC_vs_HC
PRPF4B,8.7495,0.030053,0.41621,0.072206,0.94244,0.99956,Mast,UC_vs_HC
ECI2,2.5204,0.11021,0.59543,0.18509,0.85316,0.99956,Mast,UC_vs_HC
CDYL,0.30499,1.0451,1.4599,0.71583,0.4741,,Mast,UC_vs_HC
RPP40,0.38467,0.76447,1.1108,0.68823,0.49131,,Mast,UC_vs_HC
LYRM4,1.6378,-0.50768,0.79374,-0.63961,0.52242,0.99956,Mast,UC_vs_HC
FARS2,1.4976,-0.041791,0.64868,-0.064425,0.94863,0.99956,Mast,UC_vs_HC
AL021328.1,0.0134,0.3681,4.0861,0.090086,0.92822,,Mast,UC_vs_HC
NRN1,0.064474,0.59268,4.1488,0.14286,0.8864,,Mast,UC_vs_HC
LY86-AS1,0.055411,0.73069,4.1338,0.17676,0.8597,,Mast,UC_vs_HC
LY86,0.043089,1.2415,4.0577,0.30596,0.75964,,Mast,UC_vs_HC
RREB1,1.7458,-0.66656,0.88279,-0.75506,0.45021,0.99956,Mast,UC_vs_HC
SSR1,5.565,0.17917,0.43658,0.4104,0.68151,0.99956,Mast,UC_vs_HC
CAGE1,0.097829,-0.31323,3.3199,-0.094348,0.92483,,Mast,UC_vs_HC
RIOK1,1.713,0.32459,0.72845,0.44558,0.6559,0.99956,Mast,UC_vs_HC
DSP,0.2407,-0.96355,2.1469,-0.44881,0.65357,,Mast,UC_vs_HC
SNRNP48,2.0882,-0.55878,0.87986,-0.63507,0.52538,0.99956,Mast,UC_vs_HC
BMP6,0.0134,0.3681,4.0861,0.090086,0.92822,,Mast,UC_vs_HC
TXNDC5,0.0134,0.3681,4.0861,0.090086,0.92822,,Mast,UC_vs_HC
BLOC1S5,0.9965,1.9104,1.207,1.5828,0.11346,,Mast,UC_vs_HC
EEF1E1,3.2081,-0.19693,0.61312,-0.32119,0.74807,0.99956,Mast,UC_vs_HC
SLC35B3,0.97987,0.10828,1.047,0.10342,0.91763,,Mast,UC_vs_HC
GCNT2,0.097449,0.73069,4.1338,0.17676,0.8597,,Mast,UC_vs_HC
C6orf52,0.10737,0.16073,4.0541,0.039647,0.96837,,Mast,UC_vs_HC
PAK1IP1,1.6746,0.6222,0.96846,0.64247,0.52057,0.99956,Mast,UC_vs_HC
TMEM14C,10.974,0.15359,0.36422,0.42169,0.67325,0.99956,Mast,UC_vs_HC
AL024498.1,0.0134,0.3681,4.0861,0.090086,0.92822,,Mast,UC_vs_HC
TMEM14B,8.0367,-0.4646,0.40303,-1.1528,0.249,0.99956,Mast,UC_vs_HC
MAK,0.48379,-0.6245,2.0898,-0.29884,0.76507,,Mast,UC_vs_HC
AL357497.1,0.10737,0.16073,4.0541,0.039647,0.96837,,Mast,UC_vs_HC
SYCP2L,0.37195,1.0397,1.179,0.88185,0.37786,,Mast,UC_vs_HC
SMIM13,0.73445,-0.3905,1.002,-0.38973,0.69674,,Mast,UC_vs_HC
ERVFRD-1,1.0319,0.54627,1.085,0.50349,0.61462,,Mast,UC_vs_HC
NEDD9,6.7917,0.32885,0.42413,0.77536,0.43813,0.99956,Mast,UC_vs_HC
TMEM170B,0.25065,0.90012,1.5378,0.58534,0.55832,,Mast,UC_vs_HC
ADTRP,0.092867,0.77514,3.1445,0.2465,0.80529,,Mast,UC_vs_HC
HIVEP1,1.183,1.084,1.0635,1.0193,0.30804,0.99956,Mast,UC_vs_HC
EDN1,0.0134,0.3681,4.0861,0.090086,0.92822,,Mast,UC_vs_HC
PHACTR1,2.5541,0.47208,0.72257,0.65334,0.51354,0.99956,Mast,UC_vs_HC
AL008729.1,0.037456,0.73093,4.1338,0.17682,0.85965,,Mast,UC_vs_HC
TBC1D7,0.57109,0.011395,1.2625,0.0090263,0.9928,,Mast,UC_vs_HC
GFOD1,0.12906,0.00037184,2.325,0.00015993,0.99987,,Mast,UC_vs_HC
SIRT5,0.17631,0.032871,2.0322,0.016175,0.98709,,Mast,UC_vs_HC
AL441883.1,0.064474,0.59268,4.1488,0.14286,0.8864,,Mast,UC_vs_HC
NOL7,5.5622,0.55465,0.89475,0.6199,0.53533,0.99956,Mast,UC_vs_HC
RANBP9,0.75927,-1.0027,1.1421,-0.87788,0.38001,,Mast,UC_vs_HC
MCUR1,1.2616,0.3067,1.5318,0.20023,0.8413,0.99956,Mast,UC_vs_HC
CD83,55.141,-1.1403,0.35888,-3.1773,0.0014867,0.31914,Mast,UC_vs_HC
JARID2,6.7634,0.14358,0.35563,0.40372,0.68642,0.99956,Mast,UC_vs_HC
DTNBP1,6.3735,0.87462,0.66235,1.3205,0.18668,0.99956,Mast,UC_vs_HC
MYLIP,9.0017,-0.65973,0.37857,-1.7427,0.081384,0.99956,Mast,UC_vs_HC
GMPR,4.536,0.28664,0.83475,0.34339,0.73131,0.99956,Mast,UC_vs_HC
AL009031.1,0.026237,0.024139,4.0722,0.0059277,0.99527,,Mast,UC_vs_HC
ATXN1,10.001,0.50614,0.45138,1.1213,0.26215,0.99956,Mast,UC_vs_HC
AL137003.1,0.0134,0.3681,4.0861,0.090086,0.92822,,Mast,UC_vs_HC
AL137003.2,0.18179,0.33247,1.683,0.19754,0.8434,,Mast,UC_vs_HC
FAM8A1,0.20377,-0.15075,1.6066,-0.093832,0.92524,,Mast,UC_vs_HC
NUP153,1.232,0.20039,0.79465,0.25218,0.8009,0.99956,Mast,UC_vs_HC
AL138724.1,0.38843,0.35245,2.1656,0.16275,0.87072,,Mast,UC_vs_HC
KIF13A,0.62864,-0.16944,1.1343,-0.14937,0.88126,,Mast,UC_vs_HC
TPMT,2.2994,-0.088775,0.64782,-0.13704,0.891,0.99956,Mast,UC_vs_HC
KDM1B,0.14667,0.48901,1.8936,0.25825,0.79621,,Mast,UC_vs_HC
DEK,6.3707,-0.59151,0.60719,-0.97416,0.32998,0.99956,Mast,UC_vs_HC
RNF144B,0.044965,0.057449,3.1839,0.018044,0.9856,,Mast,UC_vs_HC
MBOAT1,0.48278,1.1873,1.6836,0.70521,0.48068,,Mast,UC_vs_HC
E2F3,1.1109,0.53718,0.83066,0.64669,0.51783,,Mast,UC_vs_HC
CDKAL1,0.85323,1.7969,1.1171,1.6086,0.10771,,Mast,UC_vs_HC
SOX4,17.466,-1.1166,0.56887,-1.9629,0.049657,0.96096,Mast,UC_vs_HC
CASC15,0.15463,0.43041,2.4018,0.17921,0.85777,,Mast,UC_vs_HC
MRS2,0.78662,0.89663,1.0437,0.85909,0.39029,,Mast,UC_vs_HC
GPLD1,0.039522,0.59268,4.1488,0.14286,0.8864,,Mast,UC_vs_HC
ALDH5A1,1.4168,-1.6139,0.9109,-1.7717,0.076437,0.99956,Mast,UC_vs_HC
TDP2,1.6519,0.27383,0.71564,0.38264,0.70199,0.99956,Mast,UC_vs_HC
ACOT13,2.7413,-0.34604,0.65112,-0.53145,0.59511,0.99956,Mast,UC_vs_HC
AL031775.1,0.018728,0.70632,4.1361,0.17077,0.86441,,Mast,UC_vs_HC
C6orf62,7.0709,0.4456,0.42707,1.0434,0.29677,0.99956,Mast,UC_vs_HC
GMNN,0.69557,-0.50825,1.1732,-0.43323,0.66485,,Mast,UC_vs_HC
RIPOR2,3.0077,1.0606,0.61115,1.7354,0.082673,0.99956,Mast,UC_vs_HC
CARMIL1,0.18524,0.052203,1.8373,0.028414,0.97733,,Mast,UC_vs_HC
SLC17A4,0.0268,0.16572,4.0548,0.040869,0.9674,,Mast,UC_vs_HC
TRIM38,3.578,0.811,0.74716,1.0854,0.27772,0.99956,Mast,UC_vs_HC
U91328.1,0.097829,-0.31323,3.3199,-0.094348,0.92483,,Mast,UC_vs_HC
HIST1H1A,0.0134,0.3681,4.0861,0.090086,0.92822,,Mast,UC_vs_HC
HIST1H3A,0.075034,0.22307,3.2718,0.068181,0.94564,,Mast,UC_vs_HC
HIST1H4B,0.018728,0.70632,4.1361,0.17077,0.86441,,Mast,UC_vs_HC
HIST1H3B,0.039522,0.59268,4.1488,0.14286,0.8864,,Mast,UC_vs_HC
HIST1H2AB,0.078493,0.052424,3.5352,0.014829,0.98817,,Mast,UC_vs_HC
HIST1H2BB,0.039522,0.59268,4.1488,0.14286,0.8864,,Mast,UC_vs_HC
HIST1H1C,4.2341,1.1969,1.0064,1.1893,0.23433,0.99956,Mast,UC_vs_HC
HIST1H4C,29.815,-0.93334,0.93068,-1.0029,0.31593,0.99956,Mast,UC_vs_HC
HIST1H2BC,0.34356,-0.39778,1.4787,-0.269,0.78793,,Mast,UC_vs_HC
HIST1H2AC,1.777,0.45536,0.97931,0.46498,0.64195,0.99956,Mast,UC_vs_HC
HIST1H1E,0.49907,-0.49958,1.31,-0.38135,0.70294,,Mast,UC_vs_HC
HIST1H2BD,0.038333,0.78366,2.7327,0.28677,0.77429,,Mast,UC_vs_HC
HIST1H2BE,0.36019,0.16262,1.3846,0.11745,0.9065,,Mast,UC_vs_HC
AL031777.3,0.10484,0.52598,2.354,0.22344,0.82319,,Mast,UC_vs_HC
HIST1H2BF,0.045528,0.19411,2.9294,0.066264,0.94717,,Mast,UC_vs_HC
HIST1H4E,0.41706,-0.53805,1.8531,-0.29035,0.77155,,Mast,UC_vs_HC
HIST1H2BG,0.42473,-0.92233,1.7059,-0.54067,0.58874,,Mast,UC_vs_HC
HIST1H2AE,0.091893,-0.19063,2.2051,-0.086452,0.93111,,Mast,UC_vs_HC
HIST1H1D,0.84826,-0.65125,1.5127,-0.43052,0.66682,,Mast,UC_vs_HC
HIST1H4F,0.06025,0.16073,4.0541,0.039647,0.96837,,Mast,UC_vs_HC
HIST1H2BH,0.098098,0.25494,2.172,0.11738,0.90656,,Mast,UC_vs_HC
HIST1H3G,0.11269,-0.36042,2.3649,-0.1524,0.87887,,Mast,UC_vs_HC
HIST1H2BI,0.06025,0.16073,4.0541,0.039647,0.96837,,Mast,UC_vs_HC
HIST1H4H,0.37645,1.5697,1.8185,0.86317,0.38804,,Mast,UC_vs_HC
BTN3A2,7.8662,0.48868,0.47481,1.0292,0.30338,0.99956,Mast,UC_vs_HC
BTN2A2,4.7016,0.30057,0.60522,0.49663,0.61945,0.99956,Mast,UC_vs_HC
BTN3A1,2.156,0.12422,0.67853,0.18307,0.85474,0.99956,Mast,UC_vs_HC
BTN3A3,1.2144,1.1129,1.0138,1.0978,0.27229,0.99956,Mast,UC_vs_HC
BTN2A1,1.4756,-1.1666,0.91772,-1.2712,0.20364,0.99956,Mast,UC_vs_HC
BTN1A1,0.037456,0.73093,4.1338,0.17682,0.85965,,Mast,UC_vs_HC
HCG11,0.25463,0.91902,1.5206,0.60436,0.5456,,Mast,UC_vs_HC
HMGN4,0.61601,0.17792,1.0265,0.17333,0.8624,,Mast,UC_vs_HC
ABT1,2.4116,-0.37832,0.69573,-0.54376,0.5866,0.99956,Mast,UC_vs_HC
ZNF322,1.337,-0.012062,0.71732,-0.016816,0.98658,0.99956,Mast,UC_vs_HC
AL513548.1,0.15914,1.2101,3.7545,0.3223,0.74723,,Mast,UC_vs_HC
HIST1H2BJ,0.11479,-0.9038,2.0992,-0.43055,0.66679,,Mast,UC_vs_HC
HIST1H2AG,0.33444,-0.63969,1.5214,-0.42047,0.67414,,Mast,UC_vs_HC
HIST1H2BK,0.0134,0.3681,4.0861,0.090086,0.92822,,Mast,UC_vs_HC
HIST1H2AH,0.08705,-0.22911,3.1221,-0.073384,0.9415,,Mast,UC_vs_HC
PRSS16,0.0134,0.3681,4.0861,0.090086,0.92822,,Mast,UC_vs_HC
ZNF391,0.039745,0.81098,2.9497,0.27494,0.78337,,Mast,UC_vs_HC
AL031118.1,0.055411,0.73069,4.1338,0.17676,0.8597,,Mast,UC_vs_HC
ZNF184,0.52399,-1.0828,1.1798,-0.91786,0.35869,,Mast,UC_vs_HC
AL009179.1,0.044965,0.057449,3.1839,0.018044,0.9856,,Mast,UC_vs_HC
HIST1H2AI,0.039522,0.59268,4.1488,0.14286,0.8864,,Mast,UC_vs_HC
HIST1H3H,0.086564,-0.45286,3.3533,-0.13505,0.89257,,Mast,UC_vs_HC
HIST1H2BM,0.039522,0.59268,4.1488,0.14286,0.8864,,Mast,UC_vs_HC
HIST1H4J,0.026237,0.024139,4.0722,0.0059277,0.99527,,Mast,UC_vs_HC
HIST1H2BN,0.49955,-0.91557,1.2902,-0.70964,0.47793,,Mast,UC_vs_HC
HIST1H2AK,0.0268,0.16572,4.0548,0.040869,0.9674,,Mast,UC_vs_HC
HIST1H2AL,0.026237,0.024139,4.0722,0.0059277,0.99527,,Mast,UC_vs_HC
HIST1H1B,0.11366,0.66915,2.2518,0.29716,0.76634,,Mast,UC_vs_HC
HIST1H4L,0.039522,0.59268,4.1488,0.14286,0.8864,,Mast,UC_vs_HC
HIST1H3J,0.018728,0.70632,4.1361,0.17077,0.86441,,Mast,UC_vs_HC
HIST1H2BO,0.0134,0.3681,4.0861,0.090086,0.92822,,Mast,UC_vs_HC
AL121944.1,2.5182,-0.30566,0.75854,-0.40296,0.68698,0.99956,Mast,UC_vs_HC
ZNF165,0.46527,0.13434,2.198,0.061117,0.95127,,Mast,UC_vs_HC
ZSCAN16-AS1,2.7022,-0.80292,0.65986,-1.2168,0.22368,0.99956,Mast,UC_vs_HC
ZSCAN16,0.46737,-0.0063133,1.8474,-0.0034174,0.99727,,Mast,UC_vs_HC
AL358933.1,0.043089,1.2415,4.0577,0.30596,0.75964,,Mast,UC_vs_HC
ZKSCAN8,0.84329,0.30904,1.2326,0.25071,0.80204,,Mast,UC_vs_HC
ZSCAN9,1.1344,0.1607,0.78571,0.20453,0.83794,0.99956,Mast,UC_vs_HC
ZKSCAN4,0.15105,0.95833,1.9424,0.49338,0.62174,,Mast,UC_vs_HC
NKAPL,0.13152,0.44249,1.8032,0.24539,0.80616,,Mast,UC_vs_HC
ZSCAN26,0.50208,0.0097575,1.2289,0.0079399,0.99366,,Mast,UC_vs_HC
PGBD1,0.32278,0.093881,1.475,0.063649,0.94925,,Mast,UC_vs_HC
ZSCAN31,0.071419,1.4897,3.2573,0.45734,0.64742,,Mast,UC_vs_HC
ZKSCAN3,0.21017,0.29105,2.0434,0.14243,0.88674,,Mast,UC_vs_HC
ZSCAN12,0.32887,0.25999,1.8704,0.139,0.88945,,Mast,UC_vs_HC
TRIM27,1.586,0.78979,0.80964,0.97549,0.32932,0.99956,Mast,UC_vs_HC
HCG15,0.10737,0.16073,4.0541,0.039647,0.96837,,Mast,UC_vs_HC
OR5V1,0.074139,0.75588,3.0953,0.24421,0.80707,,Mast,UC_vs_HC
MAS1L,0.24542,-0.56698,1.4624,-0.38769,0.69824,,Mast,UC_vs_HC
AL662860.1,7.7682,-0.77242,0.69475,-1.1118,0.26623,0.99956,Mast,UC_vs_HC
OR2I1P,0.018728,0.70632,4.1361,0.17077,0.86441,,Mast,UC_vs_HC
GABBR1,0.45673,0.4019,1.2807,0.31381,0.75366,,Mast,UC_vs_HC
ZFP57,0.20483,1.4599,1.6392,0.89058,0.37315,,Mast,UC_vs_HC
HLA-F,8.5055,0.1107,0.43021,0.25732,0.79693,0.99956,Mast,UC_vs_HC
HLA-G,0.073164,-0.23944,3.3159,-0.07221,0.94244,,Mast,UC_vs_HC
HLA-A,144.22,0.27273,0.41852,0.65167,0.51461,0.99956,Mast,UC_vs_HC
HCG9,0.026237,0.024139,4.0722,0.0059277,0.99527,,Mast,UC_vs_HC
ZNRD1,5.5504,-0.47835,0.44863,-1.0663,0.28631,0.99956,Mast,UC_vs_HC
PPP1R11,4.2225,-0.47818,0.4894,-0.97707,0.32853,0.99956,Mast,UC_vs_HC
TRIM26,0.75117,0.44452,1.2303,0.3613,0.71787,,Mast,UC_vs_HC
HCG18,2.1301,0.26761,0.7307,0.36624,0.71419,0.99956,Mast,UC_vs_HC
TRIM39,0.45592,-0.10868,1.4466,-0.075131,0.94011,,Mast,UC_vs_HC
RPP21,1.0598,-1.6584,1.1644,-1.4243,0.15437,,Mast,UC_vs_HC
HLA-E,68.367,0.1997,0.35017,0.57029,0.56848,0.99956,Mast,UC_vs_HC
GNL1,2.3021,0.32969,0.591,0.55785,0.57695,0.99956,Mast,UC_vs_HC
PRR3,0.48696,-0.90849,1.2832,-0.70801,0.47894,,Mast,UC_vs_HC
ABCF1,8.7916,-0.55628,0.43118,-1.2901,0.19701,0.99956,Mast,UC_vs_HC
PPP1R10,15.887,-1.1785,0.48725,-2.4186,0.01558,0.72228,Mast,UC_vs_HC
MRPS18B,2.1969,0.9205,0.60967,1.5099,0.13108,0.99956,Mast,UC_vs_HC
ATAT1,0.63106,0.15042,1.0171,0.14789,0.88243,,Mast,UC_vs_HC
C6orf136,0.69618,0.88209,1.0403,0.84792,0.39648,,Mast,UC_vs_HC
DHX16,1.0221,1.2445,1.0941,1.1374,0.25535,,Mast,UC_vs_HC
PPP1R18,3.9547,-0.0077542,0.57887,-0.013395,0.98931,0.99956,Mast,UC_vs_HC
NRM,0.31611,-1.4787,1.3709,-1.0787,0.28074,,Mast,UC_vs_HC
MDC1,0.43439,-0.30546,1.1901,-0.25668,0.79743,,Mast,UC_vs_HC
TUBB,12.279,-0.43446,0.38336,-1.1333,0.2571,0.99956,Mast,UC_vs_HC
AL662797.1,0.075058,1.3326,4.0556,0.32858,0.74247,,Mast,UC_vs_HC
FLOT1,7.7977,0.33191,0.5995,0.55364,0.57983,0.99956,Mast,UC_vs_HC
IER3-AS1,0.34574,-0.061654,1.621,-0.038036,0.96966,,Mast,UC_vs_HC
IER3,14.834,1.0705,0.43649,2.4525,0.014187,0.72228,Mast,UC_vs_HC
HCG20,0.0134,0.3681,4.0861,0.090086,0.92822,,Mast,UC_vs_HC
LINC00243,0.31044,-0.20888,1.9784,-0.10558,0.91592,,Mast,UC_vs_HC
DDR1-DT,0.10737,0.16073,4.0541,0.039647,0.96837,,Mast,UC_vs_HC
DDR1,0.032128,0.40025,2.7752,0.14423,0.88532,,Mast,UC_vs_HC
GTF2H4,0.12829,-0.47499,2.503,-0.18977,0.84949,,Mast,UC_vs_HC
VARS2,0.10038,0.12954,2.3154,0.055945,0.95539,,Mast,UC_vs_HC
SFTA2,0.043089,1.2415,4.0577,0.30596,0.75964,,Mast,UC_vs_HC
CCHCR1,0.62847,-1.0806,0.97269,-1.1109,0.26659,,Mast,UC_vs_HC
TCF19,0.29862,-1.2761,1.4687,-0.86884,0.38494,,Mast,UC_vs_HC
POU5F1,0.17037,0.22229,3.7711,0.058946,0.95299,,Mast,UC_vs_HC
AL662844.4,0.64782,-2.5094,1.4848,-1.69,0.091019,,Mast,UC_vs_HC
HCG27,0.064474,0.59268,4.1488,0.14286,0.8864,,Mast,UC_vs_HC
HLA-C,135.24,0.64256,0.43534,1.476,0.13995,0.99956,Mast,UC_vs_HC
HLA-B,192.22,0.4084,0.40285,1.0138,0.31068,0.99956,Mast,UC_vs_HC
AL645933.2,0.069706,-0.032991,1.9718,-0.016732,0.98665,,Mast,UC_vs_HC
MICA,0.91838,-0.54924,1.1153,-0.49245,0.6224,,Mast,UC_vs_HC
MICB,0.065133,0.40062,3.0575,0.13103,0.89576,,Mast,UC_vs_HC
DDX39B,3.2936,0.64184,0.54217,1.1838,0.23647,0.99956,Mast,UC_vs_HC
NFKBIL1,1.2009,0.28869,1.2864,0.22442,0.82243,0.99956,Mast,UC_vs_HC
TNF,5.0105,-0.82348,1.0105,-0.81493,0.41511,0.99956,Mast,UC_vs_HC
LTB,1.7087,-0.28646,1.6331,-0.17541,0.86076,0.99956,Mast,UC_vs_HC
LST1,3.6593,0.020932,0.74305,0.028171,0.97753,0.99956,Mast,UC_vs_HC
NCR3,0.32611,0.30974,1.4454,0.2143,0.83032,,Mast,UC_vs_HC
AIF1,1.6122,0.14526,0.89137,0.16296,0.87055,0.99956,Mast,UC_vs_HC
PRRC2A,2.5232,-0.71857,0.60862,-1.1807,0.23774,0.99956,Mast,UC_vs_HC
BAG6,2.7607,-0.46118,0.66004,-0.69872,0.48473,0.99956,Mast,UC_vs_HC
APOM,0.17602,-0.435,2.464,-0.17655,0.85987,,Mast,UC_vs_HC
C6orf47,1.3501,0.13061,0.82725,0.15789,0.87455,0.99956,Mast,UC_vs_HC
C6orf47-AS1,0.0134,0.3681,4.0861,0.090086,0.92822,,Mast,UC_vs_HC
GPANK1,1.7475,-0.39228,0.77629,-0.50533,0.61333,0.99956,Mast,UC_vs_HC
CSNK2B,11.232,0.12161,0.43363,0.28045,0.77913,0.99956,Mast,UC_vs_HC
LY6G5B,0.19405,0.31181,2.0114,0.15502,0.87681,,Mast,UC_vs_HC
LY6G5C,0.24555,0.11957,1.3561,0.088176,0.92974,,Mast,UC_vs_HC
ABHD16A,0.13264,-0.43253,3.9777,-0.10874,0.91341,,Mast,UC_vs_HC
MPIG6B,0.67814,0.032818,0.96069,0.034161,0.97275,,Mast,UC_vs_HC
DDAH2,16.026,-0.28166,0.28599,-0.98488,0.32468,0.99956,Mast,UC_vs_HC
CLIC1,112.41,0.20946,0.20965,0.99907,0.31776,0.99956,Mast,UC_vs_HC
MSH5,0.13251,0.14432,2.5477,0.056646,0.95483,,Mast,UC_vs_HC
VARS,0.58367,-0.10141,1.279,-0.079284,0.93681,,Mast,UC_vs_HC
LSM2,5.3971,0.004389,0.50215,0.0087405,0.99303,0.99956,Mast,UC_vs_HC
HSPA1L,0.11172,0.26596,2.2518,0.11811,0.90598,,Mast,UC_vs_HC
HSPA1A,28.039,-0.92132,0.77352,-1.1911,0.23363,0.99956,Mast,UC_vs_HC
HSPA1B,8.7551,-2.062,0.82439,-2.5012,0.012376,0.72228,Mast,UC_vs_HC
C6orf48,6.7876,-0.8362,0.66416,-1.259,0.20802,0.99956,Mast,UC_vs_HC
NEU1,6.6573,-1.0989,0.43963,-2.4996,0.012434,0.72228,Mast,UC_vs_HC
SLC44A4,0.074912,0.76495,4.1312,0.18516,0.8531,,Mast,UC_vs_HC
EHMT2,1.413,-1.0791,1.0108,-1.0675,0.28575,0.99956,Mast,UC_vs_HC
C2,0.42835,0.096841,1.2894,0.075104,0.94013,,Mast,UC_vs_HC
NELFE,3.8778,0.16813,0.487,0.34524,0.72992,0.99956,Mast,UC_vs_HC
SKIV2L,0.64811,-0.42799,0.96716,-0.44252,0.65811,,Mast,UC_vs_HC
DXO,1.0779,-0.39439,0.83626,-0.47161,0.63721,,Mast,UC_vs_HC
STK19,2.2154,0.22195,0.72091,0.30788,0.75817,0.99956,Mast,UC_vs_HC
TNXB,0.075157,-0.26501,4,-0.066252,0.94718,,Mast,UC_vs_HC
ATF6B,2.5623,-0.3347,0.60088,-0.55702,0.57752,0.99956,Mast,UC_vs_HC
FKBPL,0.40623,-0.04705,1.4204,-0.033124,0.97358,,Mast,UC_vs_HC
AL662884.4,0.088054,0.61965,2.233,0.2775,0.7814,,Mast,UC_vs_HC
PPT2,0.145,1.5736,1.8686,0.84217,0.39969,,Mast,UC_vs_HC
EGFL8,0.092867,0.77514,3.1445,0.2465,0.80529,,Mast,UC_vs_HC
AGPAT1,1.9996,-0.2627,0.87459,-0.30037,0.7639,0.99956,Mast,UC_vs_HC
RNF5,3.3235,0.11225,0.61627,0.18215,0.85546,0.99956,Mast,UC_vs_HC
AGER,0.4303,0.80717,2.3313,0.34623,0.72917,,Mast,UC_vs_HC
PBX2,1.8089,0.59359,0.72827,0.81507,0.41503,0.99956,Mast,UC_vs_HC
GPSM3,7.2897,0.32274,0.43492,0.74206,0.45805,0.99956,Mast,UC_vs_HC
NOTCH4,0.095821,-0.1337,2.2521,-0.059368,0.95266,,Mast,UC_vs_HC
AL662796.1,0.026237,0.024139,4.0722,0.0059277,0.99527,,Mast,UC_vs_HC
HLA-DRA,6.5224,-0.18868,1.0325,-0.18274,0.855,0.99956,Mast,UC_vs_HC
HLA-DRB5,3.4334,2.6951,1.7029,1.5827,0.1135,0.99956,Mast,UC_vs_HC
HLA-DRB1,11.349,0.59884,0.84338,0.71005,0.47768,0.99956,Mast,UC_vs_HC
HLA-DQA1,1.218,1.4462,1.3876,1.0423,0.29728,0.99956,Mast,UC_vs_HC
HLA-DQB1,1.2576,3.274,1.2273,2.6677,0.0076375,0.67077,Mast,UC_vs_HC
HLA-DQA2,0.17037,0.22229,3.7711,0.058946,0.95299,,Mast,UC_vs_HC
TAP2,1.0121,0.80602,1.0279,0.78413,0.43296,,Mast,UC_vs_HC
PSMB8,11.385,0.6285,0.45022,1.396,0.16271,0.99956,Mast,UC_vs_HC
PSMB8-AS1,2.9542,0.7481,0.66642,1.1226,0.26162,0.99956,Mast,UC_vs_HC
PSMB9,14.07,0.43434,0.39603,1.0967,0.27276,0.99956,Mast,UC_vs_HC
TAP1,3.9019,0.82461,0.91178,0.9044,0.36579,0.99956,Mast,UC_vs_HC
HLA-DMB,0.3155,1.2182,1.9732,0.61739,0.53697,,Mast,UC_vs_HC
HLA-DMA,3.0997,0.31553,0.62603,0.50402,0.61425,0.99956,Mast,UC_vs_HC
BRD2,20.612,-0.38049,0.38138,-0.99768,0.31844,0.99956,Mast,UC_vs_HC
HLA-DOA,0.055411,0.73069,4.1338,0.17676,0.8597,,Mast,UC_vs_HC
HLA-DPA1,7.9448,0.29598,0.50142,0.59027,0.55501,0.99956,Mast,UC_vs_HC
HLA-DPB1,6.5757,0.448,0.7997,0.56021,0.57534,0.99956,Mast,UC_vs_HC
RXRB,0.89149,0.21925,0.97458,0.22497,0.822,,Mast,UC_vs_HC
SLC39A7,2.13,0.7386,0.61953,1.1922,0.23319,0.99956,Mast,UC_vs_HC
HSD17B8,0.81817,-0.8974,1.2849,-0.69841,0.48492,,Mast,UC_vs_HC
RING1,1.5425,1.4376,0.83345,1.7249,0.08454,0.99956,Mast,UC_vs_HC
HCG25,0.20273,-0.76223,2.7487,-0.2773,0.78155,,Mast,UC_vs_HC
VPS52,0.44368,0.78656,1.9067,0.41252,0.67996,,Mast,UC_vs_HC
RPS18,418.45,-0.30863,0.29712,-1.0387,0.29893,0.99956,Mast,UC_vs_HC
B3GALT4,0.84082,0.30289,0.9994,0.30307,0.76183,,Mast,UC_vs_HC
WDR46,3.1612,0.4533,0.57412,0.78956,0.42978,0.99956,Mast,UC_vs_HC
PFDN6,3.2036,0.60141,0.58336,1.0309,0.30257,0.99956,Mast,UC_vs_HC
RGL2,1.6157,0.15124,0.71148,0.21257,0.83166,0.99956,Mast,UC_vs_HC
TAPBP,10.684,0.5215,0.37579,1.3877,0.16522,0.99956,Mast,UC_vs_HC
ZBTB22,0.20208,1.4815,1.4757,1.0039,0.31543,,Mast,UC_vs_HC
DAXX,1.5105,-0.14669,0.79101,-0.18545,0.85288,0.99956,Mast,UC_vs_HC
KIFC1,0.18362,-0.91829,2.8031,-0.3276,0.74321,,Mast,UC_vs_HC
PHF1,4.9434,0.49455,0.72678,0.68047,0.49621,0.99956,Mast,UC_vs_HC
CUTA,17.022,-0.15454,0.29974,-0.51557,0.60615,0.99956,Mast,UC_vs_HC
SYNGAP1,0.78911,2.4837,1.0824,2.2947,0.021749,,Mast,UC_vs_HC
SYNGAP1-AS1,0.077324,0.38025,2.0389,0.18649,0.85206,,Mast,UC_vs_HC
BAK1,1.1557,-0.56117,1.0306,-0.54451,0.58609,0.99956,Mast,UC_vs_HC
ITPR3,0.29029,0.92651,1.9036,0.48671,0.62646,,Mast,UC_vs_HC
UQCC2,8.0583,0.082282,0.47496,0.17324,0.86246,0.99956,Mast,UC_vs_HC
LEMD2,0.41195,1.1802,1.4381,0.82069,0.41182,,Mast,UC_vs_HC
HMGA1,3.5216,-1.1742,0.7005,-1.6763,0.093686,0.99956,Mast,UC_vs_HC
SMIM29,2.316,-0.28964,0.71603,-0.40451,0.68584,0.99956,Mast,UC_vs_HC
NUDT3,2.2852,0.70781,0.56414,1.2547,0.2096,0.99956,Mast,UC_vs_HC
RPS10,51.462,-0.026104,0.41498,-0.062905,0.94984,0.99956,Mast,UC_vs_HC
SPDEF,0.059765,0.024139,4.0722,0.0059277,0.99527,,Mast,UC_vs_HC
C6orf106,1.5176,0.68889,0.76313,0.90272,0.36667,0.99956,Mast,UC_vs_HC
AL451165.2,0.88433,-0.15439,1.0318,-0.14964,0.88105,,Mast,UC_vs_HC
SNRPC,5.0011,0.26592,0.45031,0.59053,0.55484,0.99956,Mast,UC_vs_HC
UHRF1BP1,0.33266,0.93314,1.6281,0.57315,0.56654,,Mast,UC_vs_HC
TAF11,4.2406,-1.1564,0.54088,-2.1379,0.032524,0.89594,Mast,UC_vs_HC
ANKS1A,0.24195,0.66984,1.8872,0.35495,0.72263,,Mast,UC_vs_HC
SCUBE3,0.037578,0.16073,4.0541,0.039647,0.96837,,Mast,UC_vs_HC
Z97832.2,0.024934,1.088,4.0829,0.26647,0.78988,,Mast,UC_vs_HC
ZNF76,0.89438,-0.34273,1.3279,-0.25809,0.79634,,Mast,UC_vs_HC
DEF6,1.0889,1.5896,0.98416,1.6152,0.10627,,Mast,UC_vs_HC
PPARD,3.0241,-0.49319,0.57377,-0.85956,0.39003,0.99956,Mast,UC_vs_HC
FANCE,0.08221,0.24016,3.2921,0.072951,0.94184,,Mast,UC_vs_HC
RPL10A,103.97,-0.0074537,0.26929,-0.027679,0.97792,0.99956,Mast,UC_vs_HC
FKBP5,1.2236,1.4396,0.92143,1.5624,0.1182,0.99956,Mast,UC_vs_HC
SRPK1,3.558,-0.88902,0.80169,-1.1089,0.26746,0.99956,Mast,UC_vs_HC
SLC26A8,0.026346,1.1367,4.0708,0.27924,0.78006,,Mast,UC_vs_HC
MAPK14,2.4608,0.76191,0.73167,1.0413,0.29773,0.99956,Mast,UC_vs_HC
MAPK13,0.21613,1.1559,1.9076,0.60595,0.54455,,Mast,UC_vs_HC
BRPF3,0.41034,0.25888,1.3727,0.1886,0.85041,,Mast,UC_vs_HC
PNPLA1,0.1014,1.763,3.1742,0.55541,0.57861,,Mast,UC_vs_HC
C6orf222,0.059765,0.024139,4.0722,0.0059277,0.99527,,Mast,UC_vs_HC
ETV7,0.88104,-0.074294,1.0402,-0.071421,0.94306,,Mast,UC_vs_HC
KCTD20,6.6845,-0.26814,0.46902,-0.57169,0.56753,0.99956,Mast,UC_vs_HC
STK38,1.4552,-0.5791,0.84405,-0.6861,0.49265,0.99956,Mast,UC_vs_HC
SRSF3,32.224,-0.21908,0.24031,-0.91164,0.36196,0.99956,Mast,UC_vs_HC
CDKN1A,6.6215,-0.82997,0.481,-1.7255,0.084435,0.99956,Mast,UC_vs_HC
RAB44,1.8088,-0.00021528,0.81888,-0.0002629,0.99979,0.99996,Mast,UC_vs_HC
CPNE5,0.82086,-0.35612,1.0906,-0.32652,0.74403,,Mast,UC_vs_HC
PPIL1,0.67825,2.5925,1.4639,1.771,0.076561,,Mast,UC_vs_HC
C6orf89,1.202,-0.26366,0.99344,-0.2654,0.7907,0.99956,Mast,UC_vs_HC
MTCH1,2.5049,-0.1999,0.82663,-0.24182,0.80892,0.99956,Mast,UC_vs_HC
FGD2,0.051279,1.4865,2.8551,0.52065,0.60261,,Mast,UC_vs_HC
PIM1,4.3312,2.1633,0.68994,3.1355,0.0017155,0.32388,Mast,UC_vs_HC
TMEM217,0.53755,1.1503,1.2157,0.94614,0.34407,,Mast,UC_vs_HC
TBC1D22B,0.22202,-0.24471,1.7176,-0.14247,0.88671,,Mast,UC_vs_HC
RNF8,1.2353,-1.1888,0.79513,-1.4952,0.13487,0.99956,Mast,UC_vs_HC
CMTR1,0.51579,0.79397,1.1488,0.69114,0.48948,,Mast,UC_vs_HC
CCDC167,1.8827,1.2282,0.79481,1.5453,0.12228,0.99956,Mast,UC_vs_HC
ZFAND3,1.8595,-0.083558,0.87398,-0.095606,0.92383,0.99956,Mast,UC_vs_HC
BTBD9,0.91599,1.4251,1.4642,0.9733,0.3304,,Mast,UC_vs_HC
GLO1,3.5931,-0.39107,0.61787,-0.63294,0.52677,0.99956,Mast,UC_vs_HC
DNAH8,0.068811,0.43735,3.185,0.13732,0.89078,,Mast,UC_vs_HC
SAYSD1,0.2521,-0.11737,1.3116,-0.089486,0.9287,,Mast,UC_vs_HC
KCNK5,0.56315,0.095602,2.6579,0.035969,0.97131,,Mast,UC_vs_HC
KCNK17,0.66004,1.0867,2.345,0.46343,0.64306,,Mast,UC_vs_HC
MOCS1,0.038333,0.78366,2.7327,0.28677,0.77429,,Mast,UC_vs_HC
UNC5CL,0.018728,0.70632,4.1361,0.17077,0.86441,,Mast,UC_vs_HC
OARD1,3.3206,0.28096,0.48105,0.58406,0.55918,0.99956,Mast,UC_vs_HC
NFYA,0.77604,-0.99277,1.0257,-0.96785,0.33312,,Mast,UC_vs_HC
FOXP4,0.3551,-0.07807,1.5126,-0.051613,0.95884,,Mast,UC_vs_HC
TFEB,0.071765,-0.40885,1.9685,-0.20769,0.83547,,Mast,UC_vs_HC
FRS3,0.12551,0.65893,2.5519,0.25821,0.79625,,Mast,UC_vs_HC
AL365205.1,0.30462,-1.2594,1.5227,-0.82706,0.4082,,Mast,UC_vs_HC
USP49,0.42532,0.90811,1.5033,0.60407,0.5458,,Mast,UC_vs_HC
MED20,0.56757,-0.68092,1.1246,-0.60546,0.54488,,Mast,UC_vs_HC
BYSL,0.16509,0.023651,1.9885,0.011894,0.99051,,Mast,UC_vs_HC
CCND3,2.8879,-0.049903,0.56315,-0.088613,0.92939,0.99956,Mast,UC_vs_HC
TAF8,1.8877,0.1855,0.80819,0.22952,0.81846,0.99956,Mast,UC_vs_HC
AL512274.1,0.0268,0.16572,4.0548,0.040869,0.9674,,Mast,UC_vs_HC
C6orf132,0.055411,0.73069,4.1338,0.17676,0.8597,,Mast,UC_vs_HC
MRPS10,3.0099,-0.25629,0.51337,-0.49923,0.61762,0.99956,Mast,UC_vs_HC
TRERF1,1.7897,1.2901,0.76178,1.6936,0.09035,0.99956,Mast,UC_vs_HC
UBR2,2.8763,-0.061664,0.65752,-0.093782,0.92528,0.99956,Mast,UC_vs_HC
PRPH2,0.039522,0.59268,4.1488,0.14286,0.8864,,Mast,UC_vs_HC
TBCC,1.6351,1.0202,0.95895,1.0639,0.28739,0.99956,Mast,UC_vs_HC
BICRAL,0.69763,1.0649,1.2022,0.88575,0.37575,,Mast,UC_vs_HC
RPL7L1,6.1656,-0.42518,0.43561,-0.97604,0.32905,0.99956,Mast,UC_vs_HC
C6orf226,0.86432,0.36066,1.1151,0.32344,0.74637,,Mast,UC_vs_HC
CNPY3,5.5433,0.24818,0.53338,0.46529,0.64172,0.99956,Mast,UC_vs_HC
AL035587.1,0.05825,0.61256,3.152,0.19434,0.84591,,Mast,UC_vs_HC
GNMT,0.0134,0.3681,4.0861,0.090086,0.92822,,Mast,UC_vs_HC
PEX6,0.18192,-0.098606,2.8357,-0.034774,0.97226,,Mast,UC_vs_HC
PPP2R5D,0.24954,-0.20268,1.5698,-0.12911,0.89727,,Mast,UC_vs_HC
MEA1,3.4817,-0.35167,0.50231,-0.7001,0.48386,0.99956,Mast,UC_vs_HC
KLHDC3,1.8097,-0.73702,0.86504,-0.852,0.39421,0.99956,Mast,UC_vs_HC
RRP36,0.71828,-0.23538,1.4054,-0.16748,0.86699,,Mast,UC_vs_HC
CUL7,0.1323,0.5491,3.5383,0.15519,0.87667,,Mast,UC_vs_HC
KLC4,0.31636,1.1966,2.2462,0.53273,0.59422,,Mast,UC_vs_HC
MRPL2,1.9526,0.037914,0.7252,0.052281,0.95831,0.99956,Mast,UC_vs_HC
PTK7,0.026346,1.1367,4.0708,0.27924,0.78006,,Mast,UC_vs_HC
SRF,0.78172,-1.3114,1.6681,-0.78618,0.43176,,Mast,UC_vs_HC
CUL9,0.16636,-0.16222,1.6245,-0.09986,0.92046,,Mast,UC_vs_HC
DNPH1,1.2791,0.86484,1.2843,0.67341,0.50069,0.99956,Mast,UC_vs_HC
ZNF318,0.77752,0.83727,1.4818,0.56505,0.57204,,Mast,UC_vs_HC
ABCC10,0.51174,-0.86135,1.2794,-0.67327,0.50078,,Mast,UC_vs_HC
TJAP1,0.67039,0.54228,1.6256,0.33359,0.73869,,Mast,UC_vs_HC
POLR1C,0.49928,-1.2978,1.1793,-1.1005,0.27111,,Mast,UC_vs_HC
YIPF3,3.6279,0.24552,0.57087,0.43008,0.66714,0.99956,Mast,UC_vs_HC
XPO5,0.25378,1.3014,1.3786,0.94398,0.34518,,Mast,UC_vs_HC
POLH,0.24033,0.63193,2.2829,0.27681,0.78193,,Mast,UC_vs_HC
GTPBP2,0.38318,-0.044878,1.3851,-0.032402,0.97415,,Mast,UC_vs_HC
MAD2L1BP,3.4105,-0.72208,0.62261,-1.1598,0.24615,0.99956,Mast,UC_vs_HC
RSPH9,0.077625,1.7451,3.0238,0.57712,0.56386,,Mast,UC_vs_HC
MRPS18A,1.3631,0.24569,0.99786,0.24622,0.80551,0.99956,Mast,UC_vs_HC
VEGFA,19.184,0.055247,0.5772,0.095715,0.92375,0.99956,Mast,UC_vs_HC
AL109615.3,0.050978,-0.055356,2.9247,-0.018927,0.9849,,Mast,UC_vs_HC
C6orf223,0.088201,1.2592,3.034,0.41504,0.67811,,Mast,UC_vs_HC
AL109615.2,0.0134,0.3681,4.0861,0.090086,0.92822,,Mast,UC_vs_HC
MRPL14,7.4822,-0.20932,0.40775,-0.51335,0.60771,0.99956,Mast,UC_vs_HC
TMEM63B,0.69145,0.21111,1.8334,0.11515,0.90833,,Mast,UC_vs_HC
SLC29A1,0.4056,1.6198,1.5127,1.0708,0.28426,,Mast,UC_vs_HC
HSP90AB1,124.49,-0.47171,0.19583,-2.4088,0.016006,0.72228,Mast,UC_vs_HC
SLC35B2,0.99738,0.94253,1.0446,0.90233,0.36688,,Mast,UC_vs_HC
NFKBIE,2.081,1.0749,0.99044,1.0853,0.2778,0.99956,Mast,UC_vs_HC
AARS2,0.29799,-0.54889,1.6392,-0.33484,0.73774,,Mast,UC_vs_HC
CDC5L,4.3906,0.30929,0.43899,0.70455,0.48109,0.99956,Mast,UC_vs_HC
SUPT3H,0.57636,0.28995,1.2506,0.23184,0.81666,,Mast,UC_vs_HC
RUNX2,0.16405,1.1839,2.5412,0.46587,0.64131,,Mast,UC_vs_HC
AL096865.1,0.0134,0.3681,4.0861,0.090086,0.92822,,Mast,UC_vs_HC
CLIC5,0.044965,0.057449,3.1839,0.018044,0.9856,,Mast,UC_vs_HC
ENPP4,0.53111,1.6162,1.1637,1.3888,0.16488,,Mast,UC_vs_HC
RCAN2,0.018728,0.70632,4.1361,0.17077,0.86441,,Mast,UC_vs_HC
TDRD6,0.0134,0.3681,4.0861,0.090086,0.92822,,Mast,UC_vs_HC
TNFRSF21,1.1001,0.055286,1.1757,0.047023,0.96249,,Mast,UC_vs_HC
CD2AP,2.4768,-0.23245,0.79446,-0.29259,0.76984,0.99956,Mast,UC_vs_HC
MUT,0.79135,0.33619,1.0528,0.31932,0.74948,,Mast,UC_vs_HC
CENPQ,1.0637,1.4168,1.2583,1.126,0.26019,,Mast,UC_vs_HC
MCM3,1.2652,0.072924,0.72636,0.1004,0.92003,0.99956,Mast,UC_vs_HC
PAQR8,0.024934,1.088,4.0829,0.26647,0.78988,,Mast,UC_vs_HC
EFHC1,0.74173,0.42627,1.0662,0.39981,0.6893,,Mast,UC_vs_HC
TRAM2,0.98219,1.725,1.0052,1.716,0.086169,,Mast,UC_vs_HC
TMEM14A,1.6976,-0.65631,0.69462,-0.94484,0.34474,0.99956,Mast,UC_vs_HC
GSTA4,0.18368,1.0922,2.022,0.54018,0.58907,,Mast,UC_vs_HC
ICK,1.3804,1.0168,0.89913,1.1309,0.25811,0.99956,Mast,UC_vs_HC
FBXO9,1.7041,0.11122,0.81591,0.13632,0.89157,0.99956,Mast,UC_vs_HC
ELOVL5,8.0935,0.06577,0.4571,0.14388,0.88559,0.99956,Mast,UC_vs_HC
AL034374.1,0.055411,0.73069,4.1338,0.17676,0.8597,,Mast,UC_vs_HC
GCLC,0.74486,1.4456,1.1883,1.2165,0.22379,,Mast,UC_vs_HC
LRRC1,0.12563,0.13948,1.8607,0.074962,0.94025,,Mast,UC_vs_HC
DST,2.2025,-0.94653,0.74793,-1.2655,0.20568,0.99956,Mast,UC_vs_HC
KIAA1586,1.3424,1.5393,0.8834,1.7425,0.081418,0.99956,Mast,UC_vs_HC
ZNF451,3.9446,-0.40406,0.47956,-0.84258,0.39947,0.99956,Mast,UC_vs_HC
BAG2,0.60742,-0.85964,1.0174,-0.8449,0.39817,,Mast,UC_vs_HC
PRIM2,1.947,-0.28024,0.68531,-0.40892,0.6826,0.99956,Mast,UC_vs_HC
AL021368.1,0.0134,0.3681,4.0861,0.090086,0.92822,,Mast,UC_vs_HC
AL021368.2,0.63159,0.14006,1.195,0.11721,0.9067,,Mast,UC_vs_HC
PTP4A1,5.3619,0.26546,0.54034,0.49129,0.62322,0.99956,Mast,UC_vs_HC
AL135905.1,0.026346,1.1367,4.0708,0.27924,0.78006,,Mast,UC_vs_HC
PHF3,4.126,0.055113,0.4415,0.12483,0.90066,0.99956,Mast,UC_vs_HC
LMBRD1,3.1496,0.33721,0.57647,0.58496,0.55857,0.99956,Mast,UC_vs_HC
COL9A1,0.12238,1.1192,3.4326,0.32604,0.74439,,Mast,UC_vs_HC
AL365226.2,0.17921,1.2667,2.5898,0.48911,0.62476,,Mast,UC_vs_HC
FAM135A,0.77588,2.5409,1.3763,1.8462,0.06487,,Mast,UC_vs_HC
SDHAF4,0.39105,0.38632,1.5936,0.24242,0.80845,,Mast,UC_vs_HC
AL583856.2,0.10737,0.16073,4.0541,0.039647,0.96837,,Mast,UC_vs_HC
SMAP1,4.3531,0.34215,0.64725,0.52862,0.59707,0.99956,Mast,UC_vs_HC
B3GAT2,0.3632,0.42839,1.2762,0.33568,0.73711,,Mast,UC_vs_HC
OGFRL1,0.79595,1.3563,1.2584,1.0778,0.28112,,Mast,UC_vs_HC
KHDC1,0.039522,0.59268,4.1488,0.14286,0.8864,,Mast,UC_vs_HC
AC019205.1,0.32568,0.67548,1.1888,0.56818,0.56991,,Mast,UC_vs_HC
DDX43,0.1618,0.068676,2.4522,0.028006,0.97766,,Mast,UC_vs_HC
CGAS,0.60802,-0.29693,1.2658,-0.23457,0.81454,,Mast,UC_vs_HC
MTO1,0.99323,-0.035627,0.97222,-0.036645,0.97077,,Mast,UC_vs_HC
AL603910.1,0.0134,0.3681,4.0861,0.090086,0.92822,,Mast,UC_vs_HC
EEF1A1,597.76,-0.15101,0.34392,-0.43908,0.6606,0.99956,Mast,UC_vs_HC
SLC17A5,0.4284,-0.31357,1.328,-0.23612,0.81334,,Mast,UC_vs_HC
AL590428.1,0.037578,0.16073,4.0541,0.039647,0.96837,,Mast,UC_vs_HC
CD109,0.53303,0.9603,1.2549,0.76522,0.44414,,Mast,UC_vs_HC
COX7A2,37.982,-0.14805,0.29067,-0.50936,0.6105,0.99956,Mast,UC_vs_HC
TMEM30A,2.4557,1.9152,0.81964,2.3366,0.01946,0.77254,Mast,UC_vs_HC
FILIP1,0.073164,-0.23944,3.3159,-0.07221,0.94244,,Mast,UC_vs_HC
SENP6,3.003,-0.050072,0.62092,-0.080641,0.93573,0.99956,Mast,UC_vs_HC
MYO6,0.82281,0.092798,0.9105,0.10192,0.91882,,Mast,UC_vs_HC
IRAK1BP1,0.065982,0.2043,1.955,0.1045,0.91677,,Mast,UC_vs_HC
PHIP,8.3597,0.12676,0.35489,0.35718,0.72096,0.99956,Mast,UC_vs_HC
HMGN3,18.847,-0.32708,0.36478,-0.89665,0.3699,0.99956,Mast,UC_vs_HC
HMGN3-AS1,0.024934,1.088,4.0829,0.26647,0.78988,,Mast,UC_vs_HC
LCA5,0.2155,-0.30351,1.6479,-0.18418,0.85387,,Mast,UC_vs_HC
SH3BGRL2,0.026237,0.024139,4.0722,0.0059277,0.99527,,Mast,UC_vs_HC
ELOVL4,0.037578,0.16073,4.0541,0.039647,0.96837,,Mast,UC_vs_HC
TTK,0.19545,0.72394,1.7465,0.41452,0.67849,,Mast,UC_vs_HC
BCKDHB,0.4123,0.9537,1.4057,0.67843,0.4975,,Mast,UC_vs_HC
AL359715.3,0.056306,0.20097,3.1229,0.064354,0.94869,,Mast,UC_vs_HC
AL359715.1,0.032128,0.40025,2.7752,0.14423,0.88532,,Mast,UC_vs_HC
AL359715.2,0.024934,1.088,4.0829,0.26647,0.78988,,Mast,UC_vs_HC
TENT5A,14.251,-0.28325,0.67855,-0.41744,0.67636,0.99956,Mast,UC_vs_HC
IBTK,1.9767,0.88835,0.64645,1.3742,0.16938,0.99956,Mast,UC_vs_HC
TPBG,0.0134,0.3681,4.0861,0.090086,0.92822,,Mast,UC_vs_HC
UBE3D,0.18073,0.093543,1.9739,0.04739,0.9622,,Mast,UC_vs_HC
DOPEY1,0.66322,-0.98728,1.0798,-0.91435,0.36053,,Mast,UC_vs_HC
PGM3,0.98657,-1.1702,0.92804,-1.261,0.20732,,Mast,UC_vs_HC
RWDD2A,0.34781,0.29688,1.276,0.23267,0.81602,,Mast,UC_vs_HC
CYB5R4,2.1927,-0.7555,0.84832,-0.89059,0.37315,0.99956,Mast,UC_vs_HC
CEP162,0.4085,-0.52972,1.1976,-0.44233,0.65825,,Mast,UC_vs_HC
NT5E,0.024934,1.088,4.0829,0.26647,0.78988,,Mast,UC_vs_HC
SNX14,2.8519,0.75956,0.59213,1.2828,0.19957,0.99956,Mast,UC_vs_HC
SYNCRIP,6.9656,0.166,0.47858,0.34686,0.72869,0.99956,Mast,UC_vs_HC
AL139274.2,0.20381,0.30232,3.8696,0.078128,0.93773,,Mast,UC_vs_HC
ZNF292,4.4628,0.17069,0.6104,0.27963,0.77976,0.99956,Mast,UC_vs_HC
GJB7,0.081757,1.2076,3.3757,0.35774,0.72054,,Mast,UC_vs_HC
SMIM8,0.93947,0.34208,0.87989,0.38877,0.69744,,Mast,UC_vs_HC
SLC35A1,0.46194,-0.26085,1.4031,-0.18592,0.85251,,Mast,UC_vs_HC
RARS2,1.5249,-0.36604,0.69316,-0.52808,0.59744,0.99956,Mast,UC_vs_HC
ORC3,1.2471,-0.92407,1.0776,-0.85754,0.39115,0.99956,Mast,UC_vs_HC
AKIRIN2,2.7161,0.40157,0.77064,0.52109,0.60231,0.99956,Mast,UC_vs_HC
RNGTT,1.3584,-0.14642,0.74997,-0.19523,0.84521,0.99956,Mast,UC_vs_HC
PNRC1,16.982,-0.35076,0.54102,-0.64834,0.51677,0.99956,Mast,UC_vs_HC
PM20D2,0.18461,0.95971,2.0364,0.47127,0.63745,,Mast,UC_vs_HC
UBE2J1,4.3028,0.068373,0.52156,0.13109,0.8957,0.99956,Mast,UC_vs_HC
RRAGD,0.73303,-1.4129,1.3054,-1.0823,0.2791,,Mast,UC_vs_HC
ANKRD6,0.27216,-0.063556,1.6397,-0.038762,0.96908,,Mast,UC_vs_HC
LYRM2,3.7135,-0.13867,0.68708,-0.20183,0.84005,0.99956,Mast,UC_vs_HC
MDN1,0.72278,-0.3824,1.3199,-0.28972,0.77203,,Mast,UC_vs_HC
AL096678.1,0.026237,0.024139,4.0722,0.0059277,0.99527,,Mast,UC_vs_HC
CASP8AP2,1.7411,0.30032,1.023,0.29357,0.76908,0.99956,Mast,UC_vs_HC
BACH2,0.097449,0.73069,4.1338,0.17676,0.8597,,Mast,UC_vs_HC
MAP3K7,1.7591,0.72043,0.95273,0.75618,0.44954,0.99956,Mast,UC_vs_HC
MANEA-DT,0.11247,0.84526,1.7563,0.48127,0.63032,,Mast,UC_vs_HC
MANEA,0.37679,-0.062229,1.4389,-0.043248,0.9655,,Mast,UC_vs_HC
UFL1,2.858,0.22008,0.61603,0.35726,0.7209,0.99956,Mast,UC_vs_HC
GPR63,0.037578,0.16073,4.0541,0.039647,0.96837,,Mast,UC_vs_HC
NDUFAF4,2.2535,0.31947,0.66072,0.48351,0.62873,0.99956,Mast,UC_vs_HC
KLHL32,0.055411,0.73069,4.1338,0.17676,0.8597,,Mast,UC_vs_HC
MMS22L,0.17835,-0.35713,1.5696,-0.22753,0.82001,,Mast,UC_vs_HC
FBXL4,0.4151,1.6238,1.7447,0.9307,0.35201,,Mast,UC_vs_HC
FAXC,0.038333,0.78366,2.7327,0.28677,0.77429,,Mast,UC_vs_HC
COQ3,0.11685,-1.1087,1.9555,-0.56695,0.57075,,Mast,UC_vs_HC
PNISR,20.263,0.031233,0.27994,0.11157,0.91116,0.99956,Mast,UC_vs_HC
USP45,0.59653,0.05836,1.0508,0.055542,0.95571,,Mast,UC_vs_HC
TSTD3,0.34543,2.095,1.4783,1.4172,0.15642,,Mast,UC_vs_HC
CCNC,2.7318,0.57577,0.53661,1.073,0.28327,0.99956,Mast,UC_vs_HC
ASCC3,2.5926,-0.37258,0.56477,-0.65969,0.50945,0.99956,Mast,UC_vs_HC
AL133338.1,0.069435,1.5682,3.0225,0.51884,0.60387,,Mast,UC_vs_HC
HACE1,0.14295,0.56071,1.951,0.2874,0.7738,,Mast,UC_vs_HC
PREP,0.40634,0.82955,1.1851,0.69998,0.48394,,Mast,UC_vs_HC
ATG5,2.9222,0.75379,0.70882,1.0634,0.28758,0.99956,Mast,UC_vs_HC
PRDM1,1.4535,3.1287,2.2076,1.4172,0.15641,0.99956,Mast,UC_vs_HC
CRYBG1,0.45523,2.386,1.4417,1.655,0.097917,,Mast,UC_vs_HC
RTN4IP1,0.024934,1.088,4.0829,0.26647,0.78988,,Mast,UC_vs_HC
QRSL1,0.50282,0.16091,1.4624,0.11003,0.91239,,Mast,UC_vs_HC
CD24,0.674,-0.53008,2.3427,-0.22627,0.82099,,Mast,UC_vs_HC
C6orf203,0.9837,0.75612,0.84795,0.8917,0.37255,,Mast,UC_vs_HC
BEND3,0.018728,0.70632,4.1361,0.17077,0.86441,,Mast,UC_vs_HC
PDSS2,0.84094,1.1188,1.0385,1.0773,0.28134,,Mast,UC_vs_HC
SCML4,0.092867,0.77514,3.1445,0.2465,0.80529,,Mast,UC_vs_HC
SEC63,3.2333,-0.084673,0.47857,-0.17693,0.85956,0.99956,Mast,UC_vs_HC
OSTM1,2.5643,0.015605,0.81783,0.019081,0.98478,0.99956,Mast,UC_vs_HC
SNX3,11.587,-0.33794,0.80026,-0.42228,0.67282,0.99956,Mast,UC_vs_HC
AFG1L,0.14003,0.74429,1.7076,0.43586,0.66294,,Mast,UC_vs_HC
FOXO3,3.183,-0.015789,0.52847,-0.029877,0.97616,0.99956,Mast,UC_vs_HC
ARMC2,0.0134,0.3681,4.0861,0.090086,0.92822,,Mast,UC_vs_HC
SESN1,0.22438,0.92701,1.9518,0.47494,0.63483,,Mast,UC_vs_HC
CEP57L1,0.99658,0.16771,0.89143,0.18813,0.85077,,Mast,UC_vs_HC
CD164,9.1543,0.026667,0.48296,0.055215,0.95597,0.99956,Mast,UC_vs_HC
AL359711.2,0.066322,0.021243,3.4078,0.0062337,0.99503,,Mast,UC_vs_HC
PPIL6,0.018728,0.70632,4.1361,0.17077,0.86441,,Mast,UC_vs_HC
SMPD2,0.39712,0.0046259,1.38,0.0033522,0.99733,,Mast,UC_vs_HC
MICAL1,1.2289,1.5315,0.97158,1.5763,0.11496,0.99956,Mast,UC_vs_HC
ZBTB24,0.6612,1.86,1.1639,1.598,0.11004,,Mast,UC_vs_HC
AK9,0.77424,-0.91359,1.0026,-0.91122,0.36218,,Mast,UC_vs_HC
FIG4,0.5278,-0.98472,1.1579,-0.85043,0.39509,,Mast,UC_vs_HC
WASF1,0.018728,0.70632,4.1361,0.17077,0.86441,,Mast,UC_vs_HC
CDC40,3.9133,0.27108,0.52076,0.52054,0.60269,0.99956,Mast,UC_vs_HC
DDO,0.21154,0.22502,2.825,0.079655,0.93651,,Mast,UC_vs_HC
CDK19,0.89642,0.025126,0.93182,0.026965,0.97849,,Mast,UC_vs_HC
AMD1,16.687,-0.81856,0.39029,-2.0973,0.035965,0.90299,Mast,UC_vs_HC
GTF3C6,9.3531,0.36973,0.50915,0.72617,0.46774,0.99956,Mast,UC_vs_HC
RPF2,2.017,-0.7492,0.67396,-1.1116,0.26629,0.99956,Mast,UC_vs_HC
MFSD4B,2.3681,-0.91169,0.7973,-1.1435,0.25285,0.99956,Mast,UC_vs_HC
AL080317.1,0.21991,1.0405,2.5982,0.40046,0.68882,,Mast,UC_vs_HC
AL080317.2,0.22884,1.3709,1.7999,0.76167,0.44626,,Mast,UC_vs_HC
REV3L,3.5002,-0.35673,0.50942,-0.70026,0.48376,0.99956,Mast,UC_vs_HC
AL080317.3,0.33616,1.9001,1.8365,1.0346,0.30084,,Mast,UC_vs_HC
TRAF3IP2-AS1,0.34171,0.54333,1.5795,0.34399,0.73085,,Mast,UC_vs_HC
TRAF3IP2,0.75806,1.1211,1.1195,1.0014,0.31662,,Mast,UC_vs_HC
FYN,4.3082,0.4195,0.60118,0.6978,0.4853,0.99956,Mast,UC_vs_HC
TUBE1,1.3981,-1.1854,0.76034,-1.559,0.11898,0.99956,Mast,UC_vs_HC
FAM229B,0.53206,-1.0815,1.367,-0.79115,0.42886,,Mast,UC_vs_HC
LAMA4,0.059765,0.024139,4.0722,0.0059277,0.99527,,Mast,UC_vs_HC
MARCKS,0.52789,0.16419,1.5844,0.10363,0.91747,,Mast,UC_vs_HC
LINC01268,0.19504,-0.32011,2.8252,-0.11331,0.90979,,Mast,UC_vs_HC
HDAC2,3.1455,0.38326,0.6025,0.63612,0.5247,0.99956,Mast,UC_vs_HC
NT5DC1,1.5098,0.48214,0.83563,0.57699,0.56395,0.99956,Mast,UC_vs_HC
TSPYL4,0.62578,-1.26,1.5165,-0.83088,0.40604,,Mast,UC_vs_HC
DSE,3.1591,1.4861,0.67978,2.1862,0.028804,0.88803,Mast,UC_vs_HC
TSPYL1,9.7464,0.14338,0.46923,0.30556,0.75994,0.99956,Mast,UC_vs_HC
CALHM6,0.20111,0.39597,1.8999,0.20841,0.83491,,Mast,UC_vs_HC
RWDD1,10.41,-0.22166,0.31021,-0.71455,0.47489,0.99956,Mast,UC_vs_HC
ZUP1,0.99704,1.376,0.90197,1.5256,0.12711,,Mast,UC_vs_HC
KPNA5,1.2555,0.48212,0.78851,0.61143,0.54092,0.99956,Mast,UC_vs_HC
DCBLD1,0.63637,0.35945,1.1783,0.30506,0.76032,,Mast,UC_vs_HC
GOPC,3.4035,1.1031,0.91199,1.2095,0.22647,0.99956,Mast,UC_vs_HC
NUS1,2.2568,0.34333,0.76582,0.44832,0.65392,0.99956,Mast,UC_vs_HC
CEP85L,0.9118,1.8016,1.1822,1.524,0.12752,,Mast,UC_vs_HC
MCM9,0.58095,-0.0057704,1.6482,-0.0035011,0.99721,,Mast,UC_vs_HC
ASF1A,1.5739,-0.38849,0.70504,-0.55101,0.58163,0.99956,Mast,UC_vs_HC
FAM184A,0.026237,0.024139,4.0722,0.0059277,0.99527,,Mast,UC_vs_HC
MAN1A1,0.75001,0.96855,1.2696,0.76287,0.44554,,Mast,UC_vs_HC
TBC1D32,0.51325,1.6927,1.4771,1.1459,0.25183,,Mast,UC_vs_HC
GJA1,0.064474,0.59268,4.1488,0.14286,0.8864,,Mast,UC_vs_HC
HSF2,0.86717,-0.83368,0.9704,-0.85911,0.39028,,Mast,UC_vs_HC
SERINC1,7.4626,-0.10933,0.35603,-0.30709,0.75877,0.99956,Mast,UC_vs_HC
PKIB,3.4379,0.67376,0.94195,0.71528,0.47444,0.99956,Mast,UC_vs_HC
SMPDL3A,0.82464,1.1523,1.0258,1.1233,0.26129,,Mast,UC_vs_HC
RNF217,0.0134,0.3681,4.0861,0.090086,0.92822,,Mast,UC_vs_HC
HDDC2,3.8348,0.41551,0.46631,0.89105,0.3729,0.99956,Mast,UC_vs_HC
NCOA7,3.1496,0.22535,0.57276,0.39344,0.69399,0.99956,Mast,UC_vs_HC
HINT3,1.5307,0.032323,0.75191,0.042988,0.96571,0.99956,Mast,UC_vs_HC
TRMT11,0.96322,-0.19998,0.9778,-0.20452,0.83795,,Mast,UC_vs_HC
CENPW,1.1238,-1.6002,1.1065,-1.4462,0.14811,0.99956,Mast,UC_vs_HC
RNF146,2.3456,0.072666,0.66226,0.10972,0.91263,0.99956,Mast,UC_vs_HC
ECHDC1,2.4047,0.019202,0.71559,0.026834,0.97859,0.99956,Mast,UC_vs_HC
THEMIS,0.037456,0.73093,4.1338,0.17682,0.85965,,Mast,UC_vs_HC
LAMA2,0.097449,0.73069,4.1338,0.17676,0.8597,,Mast,UC_vs_HC
AL356124.2,0.024934,1.088,4.0829,0.26647,0.78988,,Mast,UC_vs_HC
AL356124.1,0.10334,0.70554,3.5653,0.19789,0.84313,,Mast,UC_vs_HC
ARHGAP18,26.99,-0.34284,0.27632,-1.2407,0.2147,0.99956,Mast,UC_vs_HC
L3MBTL3,2.2166,0.11889,0.65891,0.18044,0.85681,0.99956,Mast,UC_vs_HC
SAMD3,0.13279,0.73069,4.1338,0.17676,0.8597,,Mast,UC_vs_HC
EPB41L2,1.4934,-0.094534,0.87914,-0.10753,0.91437,0.99956,Mast,UC_vs_HC
AKAP7,1.1057,0.77091,1.1544,0.66778,0.50427,,Mast,UC_vs_HC
MED23,1.2518,-0.035646,0.91637,-0.038899,0.96897,0.99956,Mast,UC_vs_HC
ENPP3,3.4968,0.16836,0.60135,0.27997,0.7795,0.99956,Mast,UC_vs_HC
CTGF,0.018728,0.70632,4.1361,0.17077,0.86441,,Mast,UC_vs_HC
MOXD1,0.039522,0.59268,4.1488,0.14286,0.8864,,Mast,UC_vs_HC
STX7,2.9001,-0.0089276,0.53255,-0.016764,0.98662,0.99956,Mast,UC_vs_HC
SLC18B1,0.11339,1.3029,1.9636,0.66349,0.50701,,Mast,UC_vs_HC
RPS12,453.09,-0.085612,0.19312,-0.44331,0.65754,0.99956,Mast,UC_vs_HC
TCF21,0.075157,-0.26501,4,-0.066252,0.94718,,Mast,UC_vs_HC
TBPL1,5.1562,0.070647,0.46177,0.15299,0.8784,0.99956,Mast,UC_vs_HC
SGK1,23.799,-1.1514,0.5553,-2.0735,0.03813,0.90299,Mast,UC_vs_HC
AL078590.2,0.19024,0.3648,2.619,0.13929,0.88922,,Mast,UC_vs_HC
LINC01010,0.059765,0.024139,4.0722,0.0059277,0.99527,,Mast,UC_vs_HC
AL078590.3,4.7166,-0.091523,0.41931,-0.21827,0.82722,0.99956,Mast,UC_vs_HC
HBS1L,5.1801,0.28851,0.48333,0.59692,0.55056,0.99956,Mast,UC_vs_HC
AL353596.1,0.037578,0.16073,4.0541,0.039647,0.96837,,Mast,UC_vs_HC
MYB,1.9986,0.10656,0.81245,0.13116,0.89565,0.99956,Mast,UC_vs_HC
AHI1,7.6888,0.31987,0.52633,0.60774,0.54336,0.99956,Mast,UC_vs_HC
LINC00271,0.050978,-0.055356,2.9247,-0.018927,0.9849,,Mast,UC_vs_HC
PDE7B,2.3692,0.78732,0.77727,1.0129,0.3111,0.99956,Mast,UC_vs_HC
AL138828.1,0.68322,0.1711,1.1313,0.15125,0.87978,,Mast,UC_vs_HC
MTFR2,0.19126,0.86273,1.9031,0.45334,0.6503,,Mast,UC_vs_HC
BCLAF1,10.207,0.30745,0.40056,0.76756,0.44275,0.99956,Mast,UC_vs_HC
AL023284.4,0.024934,1.088,4.0829,0.26647,0.78988,,Mast,UC_vs_HC
MAP7,0.29191,0.2627,1.7099,0.15363,0.8779,,Mast,UC_vs_HC
AL024508.2,0.08611,0.46123,3.4301,0.13446,0.89304,,Mast,UC_vs_HC
MAP3K5,1.0074,2.6094,1.2034,2.1684,0.030132,,Mast,UC_vs_HC
AL024508.1,0.055411,0.73069,4.1338,0.17676,0.8597,,Mast,UC_vs_HC
PEX7,0.17184,0.067934,4.0636,0.016718,0.98666,,Mast,UC_vs_HC
IFNGR1,5.9427,0.14725,0.44325,0.33222,0.73973,0.99956,Mast,UC_vs_HC
AL356234.3,0.064474,0.59268,4.1488,0.14286,0.8864,,Mast,UC_vs_HC
LINC02539,0.15573,1.3924,2.3779,0.58558,0.55816,,Mast,UC_vs_HC
AL357060.1,1.4855,0.65329,0.84267,0.77526,0.43818,0.99956,Mast,UC_vs_HC
TNFAIP3,99.449,0.1795,0.34856,0.51498,0.60657,0.99956,Mast,UC_vs_HC
PERP,0.17204,1.3357,1.6301,0.8194,0.41256,,Mast,UC_vs_HC
ARFGEF3,0.026237,0.024139,4.0722,0.0059277,0.99527,,Mast,UC_vs_HC
HEBP2,3.5594,2.5318,1.5991,1.5833,0.11336,0.99956,Mast,UC_vs_HC
NHSL1,0.12272,0.5683,2.2576,0.25173,0.80125,,Mast,UC_vs_HC
AL590617.2,0.18259,-0.31682,1.913,-0.16562,0.86846,,Mast,UC_vs_HC
GVQW2,0.037578,0.16073,4.0541,0.039647,0.96837,,Mast,UC_vs_HC
CCDC28A,2.9885,-0.25325,0.63208,-0.40066,0.68867,0.99956,Mast,UC_vs_HC
ECT2L,0.026346,1.1367,4.0708,0.27924,0.78006,,Mast,UC_vs_HC
REPS1,1.1856,-0.18457,0.84642,-0.21805,0.82739,0.99956,Mast,UC_vs_HC
ABRACL,16.513,0.49751,0.39956,1.2451,0.21308,0.99956,Mast,UC_vs_HC
HECA,2.7059,0.49111,0.65576,0.74892,0.4539,0.99956,Mast,UC_vs_HC
AL031772.1,0.090711,0.003449,3.4876,0.00098893,0.99921,,Mast,UC_vs_HC
TXLNB,0.21111,0.71368,2.0505,0.34806,0.7278,,Mast,UC_vs_HC
CITED2,1.8646,-0.75215,0.77919,-0.9653,0.3344,0.99956,Mast,UC_vs_HC
AL035446.1,0.037578,0.16073,4.0541,0.039647,0.96837,,Mast,UC_vs_HC
VTA1,1.532,0.01006,0.753,0.01336,0.98934,0.99956,Mast,UC_vs_HC
HIVEP2,0.084487,0.034617,2.2067,0.015687,0.98748,,Mast,UC_vs_HC
AIG1,2.941,0.52842,0.6384,0.82774,0.40782,0.99956,Mast,UC_vs_HC
ADAT2,0.45971,1.058,1.1089,0.95416,0.34,,Mast,UC_vs_HC
PEX3,1.2228,-0.35318,0.91395,-0.38644,0.69917,0.99956,Mast,UC_vs_HC
FUCA2,2.9497,0.51302,0.86553,0.59272,0.55337,0.99956,Mast,UC_vs_HC
PHACTR2,2.9719,0.69133,0.74816,0.92404,0.35547,0.99956,Mast,UC_vs_HC
LTV1,1.4426,0.143,0.70288,0.20345,0.83879,0.99956,Mast,UC_vs_HC
PLAGL1,3.9953,0.60026,0.7058,0.85047,0.39506,0.99956,Mast,UC_vs_HC
SF3B5,13.425,0.1994,0.37165,0.53651,0.59161,0.99956,Mast,UC_vs_HC
STX11,5.963,-0.25045,0.8276,-0.30262,0.76218,0.99956,Mast,UC_vs_HC
UTRN,2.7293,0.45095,0.59603,0.75658,0.4493,0.99956,Mast,UC_vs_HC
EPM2A,0.19786,0.83385,1.6156,0.51614,0.60576,,Mast,UC_vs_HC
AL023806.1,0.018728,0.70632,4.1361,0.17077,0.86441,,Mast,UC_vs_HC
FBXO30,1.0632,-0.0064106,1.1718,-0.0054706,0.99564,,Mast,UC_vs_HC
AL356599.1,0.088617,0.61465,2.1377,0.28753,0.7737,,Mast,UC_vs_HC
SHPRH,2.543,-0.51636,0.58847,-0.87746,0.38024,0.99956,Mast,UC_vs_HC
RAB32,8.2013,0.58377,0.85406,0.68352,0.49428,0.99956,Mast,UC_vs_HC
STXBP5-AS1,0.12957,-0.81586,2.4199,-0.33714,0.73601,,Mast,UC_vs_HC
LUADT1,0.104,0.55609,3.423,0.16245,0.87095,,Mast,UC_vs_HC
STXBP5,5.0573,0.46348,0.4672,0.99204,0.32118,0.99956,Mast,UC_vs_HC
SASH1,0.026237,0.024139,4.0722,0.0059277,0.99527,,Mast,UC_vs_HC
TAB2,3.1508,0.52426,0.57354,0.91408,0.36068,0.99956,Mast,UC_vs_HC
SUMO4,2.3686,-0.3664,0.67681,-0.54137,0.58826,0.99956,Mast,UC_vs_HC
ZC3H12D,0.22375,0.65873,1.5648,0.42098,0.67377,,Mast,UC_vs_HC
PPIL4,8.3985,-0.45612,0.41036,-1.1115,0.26635,0.99956,Mast,UC_vs_HC
GINM1,2.8175,0.053229,0.8167,0.065175,0.94803,0.99956,Mast,UC_vs_HC
AL078581.1,0.15005,0.44164,1.6017,0.27574,0.78275,,Mast,UC_vs_HC
KATNA1,2.43,-1.7777,1.0703,-1.6609,0.09674,0.99956,Mast,UC_vs_HC
LATS1,1.0066,-0.069338,0.91289,-0.075954,0.93946,,Mast,UC_vs_HC
NUP43,0.59912,-0.48524,1.1859,-0.40916,0.68242,,Mast,UC_vs_HC
PCMT1,9.2405,0.2683,0.34112,0.78655,0.43155,0.99956,Mast,UC_vs_HC
AL355312.2,0.065982,0.2043,1.955,0.1045,0.91677,,Mast,UC_vs_HC
ULBP2,0.018728,0.70632,4.1361,0.17077,0.86441,,Mast,UC_vs_HC
PLEKHG1,0.11082,0.78553,4.13,0.1902,0.84915,,Mast,UC_vs_HC
MTHFD1L,0.024934,1.088,4.0829,0.26647,0.78988,,Mast,UC_vs_HC
AKAP12,12.512,2.4641,0.71529,3.4449,0.00057117,0.19474,Mast,UC_vs_HC
ZBTB2,0.55242,-0.31953,1.2859,-0.24849,0.80376,,Mast,UC_vs_HC
RMND1,0.38756,-1.1285,1.2273,-0.91945,0.35786,,Mast,UC_vs_HC
ARMT1,0.60465,0.98438,1.2264,0.80268,0.42216,,Mast,UC_vs_HC
SYNE1,1.1106,-1.3717,1.6395,-0.83664,0.40279,,Mast,UC_vs_HC
FBXO5,0.11979,-0.17538,2.1644,-0.081031,0.93542,,Mast,UC_vs_HC
AL080276.2,0.0134,0.3681,4.0861,0.090086,0.92822,,Mast,UC_vs_HC
MTRF1L,1.7543,-0.70858,0.88034,-0.8049,0.42088,0.99956,Mast,UC_vs_HC
RGS17,2.8879,0.82384,0.64769,1.272,0.20338,0.99956,Mast,UC_vs_HC
AL590867.1,0.13279,0.73069,4.1338,0.17676,0.8597,,Mast,UC_vs_HC
CNKSR3,0.31424,0.098832,1.6066,0.061515,0.95095,,Mast,UC_vs_HC
SCAF8,1.1916,0.27898,0.88926,0.31372,0.75373,0.99956,Mast,UC_vs_HC
TIAM2,7.3285,-0.024196,0.5248,-0.046105,0.96323,0.99956,Mast,UC_vs_HC
AL596202.1,0.56565,-1.61,1.5364,-1.0479,0.2947,,Mast,UC_vs_HC
TFB1M,2.0335,0.82133,0.67469,1.2173,0.22347,0.99956,Mast,UC_vs_HC
CLDN20,0.19722,0.13864,2.811,0.049321,0.96066,,Mast,UC_vs_HC
AL355297.4,0.018728,0.70632,4.1361,0.17077,0.86441,,Mast,UC_vs_HC
ARID1B,11.683,-0.40879,0.39708,-1.0295,0.30325,0.99956,Mast,UC_vs_HC
AL049820.1,0.084698,0.50617,3.4933,0.1449,0.88479,,Mast,UC_vs_HC
TMEM242,2.5872,-1.1299,0.70131,-1.6111,0.10716,0.99956,Mast,UC_vs_HC
ZDHHC14,0.30876,0.70706,1.6669,0.42418,0.67143,,Mast,UC_vs_HC
SNX9,1.0005,-0.69495,1.0206,-0.68089,0.49594,,Mast,UC_vs_HC
SYNJ2,1.8514,-0.40666,1.2713,-0.31989,0.74905,0.99956,Mast,UC_vs_HC
SERAC1,0.58075,0.46186,1.4061,0.32846,0.74256,,Mast,UC_vs_HC
GTF2H5,4.6332,-0.22468,0.62795,-0.3578,0.72049,0.99956,Mast,UC_vs_HC
TULP4,0.49862,-0.80405,1.2459,-0.64534,0.51871,,Mast,UC_vs_HC
TMEM181,0.73086,1.9339,1.1731,1.6486,0.099234,,Mast,UC_vs_HC
DYNLT1,15.565,0.53199,0.28941,1.8382,0.06603,0.99956,Mast,UC_vs_HC
SYTL3,10.299,0.58212,0.46348,1.256,0.20913,0.99956,Mast,UC_vs_HC
EZR,13.772,-0.40294,0.51535,-0.78189,0.43428,0.99956,Mast,UC_vs_HC
EZR-AS1,0.10737,0.16073,4.0541,0.039647,0.96837,,Mast,UC_vs_HC
C6orf99,0.081757,1.2076,3.3757,0.35774,0.72054,,Mast,UC_vs_HC
RSPH3,0.12153,0.7432,1.8288,0.40638,0.68446,,Mast,UC_vs_HC
AL035530.2,0.10737,0.16073,4.0541,0.039647,0.96837,,Mast,UC_vs_HC
TAGAP,2.1889,0.32301,0.61159,0.52815,0.5974,0.99956,Mast,UC_vs_HC
AL356417.1,0.059765,0.024139,4.0722,0.0059277,0.99527,,Mast,UC_vs_HC
SOD2,4.5438,1.3226,0.77467,1.7074,0.087754,0.99956,Mast,UC_vs_HC
WTAP,7.2389,0.27873,0.36553,0.76254,0.44574,0.99956,Mast,UC_vs_HC
ACAT2,2.7459,0.69836,0.64573,1.0815,0.27948,0.99956,Mast,UC_vs_HC
TCP1,7.0988,-0.52555,0.37483,-1.4021,0.16089,0.99956,Mast,UC_vs_HC
MRPL18,5.5383,-0.46294,0.50204,-0.92213,0.35646,0.99956,Mast,UC_vs_HC
MAS1,0.039745,0.81098,2.9497,0.27494,0.78337,,Mast,UC_vs_HC
IGF2R,0.30425,-1.2964,1.941,-0.6679,0.5042,,Mast,UC_vs_HC
AL139393.2,0.024934,1.088,4.0829,0.26647,0.78988,,Mast,UC_vs_HC
MAP3K4,0.74402,-0.97612,1.2796,-0.76283,0.44556,,Mast,UC_vs_HC
AGPAT4,0.98207,1.0091,1.0204,0.98888,0.32272,,Mast,UC_vs_HC
PRKN,0.0134,0.3681,4.0861,0.090086,0.92822,,Mast,UC_vs_HC
CAHM,0.0134,0.3681,4.0861,0.090086,0.92822,,Mast,UC_vs_HC
QKI,5.1457,-0.033319,0.46885,-0.071066,0.94335,0.99956,Mast,UC_vs_HC
Z97205.2,0.073164,-0.23944,3.3159,-0.07221,0.94244,,Mast,UC_vs_HC
LINC00473,0.063693,0.080019,3.39,0.023605,0.98117,,Mast,UC_vs_HC
SFT2D1,14.471,-0.12264,0.30058,-0.40801,0.68327,0.99956,Mast,UC_vs_HC
MPC1,7.8057,0.10062,0.43942,0.22898,0.81888,0.99956,Mast,UC_vs_HC
RPS6KA2,0.069326,0.62141,3.2415,0.1917,0.84797,,Mast,UC_vs_HC
RNASET2,4.021,1.8074,0.80971,2.2321,0.025608,0.85793,Mast,UC_vs_HC
FGFR1OP,0.66185,1.7071,1.3224,1.2909,0.19674,,Mast,UC_vs_HC
CCR6,0.13239,0.68891,2.2025,0.31278,0.75445,,Mast,UC_vs_HC
AFDN,0.026346,1.1367,4.0708,0.27924,0.78006,,Mast,UC_vs_HC
KIF25-AS1,0.055411,0.73069,4.1338,0.17676,0.8597,,Mast,UC_vs_HC
KIF25,0.1336,-0.46919,3.6547,-0.12838,0.89785,,Mast,UC_vs_HC
FRMD1,0.043089,1.2415,4.0577,0.30596,0.75964,,Mast,UC_vs_HC
SMOC2,0.039522,0.59268,4.1488,0.14286,0.8864,,Mast,UC_vs_HC
WDR27,0.60791,0.65126,1.2204,0.53362,0.5936,,Mast,UC_vs_HC
C6orf120,0.34258,-0.62193,1.7299,-0.35952,0.7192,,Mast,UC_vs_HC
PHF10,1.8056,-0.5972,0.75806,-0.78779,0.43082,0.99956,Mast,UC_vs_HC
AL354892.2,0.069889,0.66126,3.2782,0.20171,0.84014,,Mast,UC_vs_HC
TCTE3,1.215,-0.34372,1.1203,-0.30682,0.75898,0.99956,Mast,UC_vs_HC
ERMARD,0.33762,1.2805,1.6515,0.77531,0.43815,,Mast,UC_vs_HC
FAM120B,0.5957,1.0031,1.0942,0.91676,0.35927,,Mast,UC_vs_HC
PSMB1,24.751,0.40947,0.25703,1.5931,0.11115,0.99956,Mast,UC_vs_HC
TBP,0.41755,-0.20828,1.236,-0.16851,0.86619,,Mast,UC_vs_HC
PDCD2,2.6001,0.39075,0.71457,0.54683,0.5845,0.99956,Mast,UC_vs_HC
AL731661.1,0.024934,1.088,4.0829,0.26647,0.78988,,Mast,UC_vs_HC
AC093627.5,0.018728,0.70632,4.1361,0.17077,0.86441,,Mast,UC_vs_HC
AC093627.4,0.0268,0.16572,4.0548,0.040869,0.9674,,Mast,UC_vs_HC
FAM20C,0.12379,1.2093,3.6107,0.33491,0.73769,,Mast,UC_vs_HC
AC226118.1,0.055411,0.73069,4.1338,0.17676,0.8597,,Mast,UC_vs_HC
PDGFA,0.85336,-0.68988,1.1702,-0.58952,0.55551,,Mast,UC_vs_HC
AC147651.1,0.018728,0.70632,4.1361,0.17077,0.86441,,Mast,UC_vs_HC
PRKAR1B,1.1641,0.68879,0.82553,0.83436,0.40408,0.99956,Mast,UC_vs_HC
AC147651.4,3.0494,-0.15066,0.70126,-0.21484,0.82989,0.99956,Mast,UC_vs_HC
DNAAF5,0.39375,2.2209,1.6567,1.3405,0.18007,,Mast,UC_vs_HC
SUN1,1.3319,-2.1416,0.95459,-2.2435,0.024863,0.85268,Mast,UC_vs_HC
GET4,0.024934,1.088,4.0829,0.26647,0.78988,,Mast,UC_vs_HC
AC073957.3,0.099401,-0.71959,2.0734,-0.34705,0.72855,,Mast,UC_vs_HC
ADAP1,0.63308,-1.1891,1.4843,-0.80113,0.42306,,Mast,UC_vs_HC
COX19,3.8258,-0.62896,0.59014,-1.0658,0.28652,0.99956,Mast,UC_vs_HC
C7orf50,3.3339,0.18215,0.94079,0.19361,0.84648,0.99956,Mast,UC_vs_HC
ZFAND2A,3.0098,-0.049832,0.52831,-0.094322,0.92485,0.99956,Mast,UC_vs_HC
AC091729.3,0.018728,0.70632,4.1361,0.17077,0.86441,,Mast,UC_vs_HC
MICALL2,0.24555,0.38504,1.3113,0.29362,0.76905,,Mast,UC_vs_HC
INTS1,0.5273,0.89211,1.4679,0.60776,0.54335,,Mast,UC_vs_HC
MAFK,0.60757,-1.2469,1.1919,-1.0461,0.29549,,Mast,UC_vs_HC
TMEM184A,0.068811,0.43735,3.185,0.13732,0.89078,,Mast,UC_vs_HC
PSMG3,0.99377,1.0694,0.83568,1.2797,0.20065,,Mast,UC_vs_HC
PSMG3-AS1,0.039522,0.59268,4.1488,0.14286,0.8864,,Mast,UC_vs_HC
ELFN1-AS1,0.0134,0.3681,4.0861,0.090086,0.92822,,Mast,UC_vs_HC
MAD1L1,2.5532,0.1084,0.70976,0.15272,0.87862,0.99956,Mast,UC_vs_HC
AC104129.1,0.075058,1.3326,4.0556,0.32858,0.74247,,Mast,UC_vs_HC
MRM2,0.89842,-0.39618,1.4388,-0.27536,0.78304,,Mast,UC_vs_HC
NUDT1,8.0865,-0.26987,0.37021,-0.72897,0.46602,0.99956,Mast,UC_vs_HC
SNX8,0.99203,0.40919,0.90306,0.45312,0.65046,,Mast,UC_vs_HC
EIF3B,1.8602,-0.44836,0.74536,-0.60153,0.54749,0.99956,Mast,UC_vs_HC
CHST12,3.7299,0.23065,0.9475,0.24344,0.80767,0.99956,Mast,UC_vs_HC
LFNG,3.1338,0.1241,0.62761,0.19774,0.84325,0.99956,Mast,UC_vs_HC
BRAT1,0.71018,-0.49089,1.4969,-0.32793,0.74296,,Mast,UC_vs_HC
IQCE,0.17879,0.24611,1.6316,0.15084,0.8801,,Mast,UC_vs_HC
TTYH3,1.2057,1.2425,0.97573,1.2735,0.20286,0.99956,Mast,UC_vs_HC
GNA12,0.51629,-0.62744,1.8447,-0.34013,0.73376,,Mast,UC_vs_HC
CARD11,0.25625,-0.44008,2.196,-0.2004,0.84117,,Mast,UC_vs_HC
FOXK1,0.63315,1.4334,1.184,1.2107,0.22603,,Mast,UC_vs_HC
AP5Z1,0.59432,0.10167,0.99514,0.10217,0.91862,,Mast,UC_vs_HC
RADIL,0.051733,0.56404,2.8707,0.19648,0.84423,,Mast,UC_vs_HC
RBAK-RBAKDN,0.84133,-0.52993,0.96871,-0.54705,0.58434,,Mast,UC_vs_HC
RBAK,0.67556,0.91541,1.5142,0.60454,0.54548,,Mast,UC_vs_HC
WIPI2,0.97398,-0.63526,0.93117,-0.68222,0.4951,,Mast,UC_vs_HC
SLC29A4,0.039745,0.81098,2.9497,0.27494,0.78337,,Mast,UC_vs_HC
TNRC18,1.1865,1.0223,0.82697,1.2361,0.2164,0.99956,Mast,UC_vs_HC
AC092171.4,0.026346,1.1367,4.0708,0.27924,0.78006,,Mast,UC_vs_HC
AC092171.3,0.064256,0.23411,3.1063,0.075367,0.93992,,Mast,UC_vs_HC
AC092171.5,0.06025,0.16073,4.0541,0.039647,0.96837,,Mast,UC_vs_HC
FBXL18,0.23256,2.5722,2.1094,1.2194,0.22269,,Mast,UC_vs_HC
ACTB,156.75,0.37977,0.35484,1.0703,0.2845,0.99956,Mast,UC_vs_HC
FSCN1,1.2285,-0.45865,1.302,-0.35226,0.72464,0.99956,Mast,UC_vs_HC
RNF216,2.6656,-0.97621,0.61335,-1.5916,0.11148,0.99956,Mast,UC_vs_HC
OCM,0.018728,0.70632,4.1361,0.17077,0.86441,,Mast,UC_vs_HC
CCZ1,1.9404,1.1658,0.7587,1.5366,0.12439,0.99956,Mast,UC_vs_HC
PMS2,0.79504,-0.83024,0.95298,-0.87121,0.38364,,Mast,UC_vs_HC
AIMP2,1.0684,1.0659,0.90995,1.1714,0.24145,,Mast,UC_vs_HC
EIF2AK1,2.1267,0.97206,0.85972,1.1307,0.25819,0.99956,Mast,UC_vs_HC
USP42,1.1605,1.4523,0.95911,1.5142,0.12997,0.99956,Mast,UC_vs_HC
CYTH3,1.5354,0.64511,0.93264,0.6917,0.48913,0.99956,Mast,UC_vs_HC
FAM220A,0.07365,-0.053317,3.1259,-0.017057,0.98639,,Mast,UC_vs_HC
RAC1,6.0289,-0.13663,0.6474,-0.21105,0.83285,0.99956,Mast,UC_vs_HC
DAGLB,0.37849,-0.1206,1.6101,-0.074903,0.94029,,Mast,UC_vs_HC
KDELR2,4.806,0.49148,0.59742,0.82267,0.4107,0.99956,Mast,UC_vs_HC
ZDHHC4,1.9517,0.40749,0.71921,0.56658,0.571,0.99956,Mast,UC_vs_HC
C7orf26,0.65026,0.074308,0.95706,0.077642,0.93811,,Mast,UC_vs_HC
ZNF853,0.15772,1.1176,3.5795,0.31222,0.75487,,Mast,UC_vs_HC
ZNF316,0.29873,0.93462,1.5149,0.61694,0.53727,,Mast,UC_vs_HC
ZNF12,0.81617,1.5717,1.0667,1.4734,0.14063,,Mast,UC_vs_HC
CCZ1B,0.90506,-0.054664,1.9196,-0.028477,0.97728,,Mast,UC_vs_HC
C1GALT1,1.3314,0.61454,0.72899,0.843,0.39923,0.99956,Mast,UC_vs_HC
AC004982.2,0.30346,0.72895,2.1023,0.34674,0.72879,,Mast,UC_vs_HC
MIOS,0.30636,0.49574,1.4249,0.34792,0.7279,,Mast,UC_vs_HC
RPA3,3.1543,0.15654,0.68685,0.22791,0.81972,0.99956,Mast,UC_vs_HC
UMAD1,1.9694,1.0642,0.81732,1.3021,0.19288,0.99956,Mast,UC_vs_HC
GLCCI1,0.72799,0.5092,1.0234,0.49754,0.61881,,Mast,UC_vs_HC
ICA1,1.16,1.9145,1.3837,1.3836,0.16647,0.99956,Mast,UC_vs_HC
NDUFA4,55.164,-0.037931,0.24482,-0.15494,0.87687,0.99956,Mast,UC_vs_HC
PHF14,3.346,0.48027,0.90171,0.53262,0.5943,0.99956,Mast,UC_vs_HC
THSD7A,0.32242,1.3449,1.8888,0.71203,0.47645,,Mast,UC_vs_HC
TMEM106B,2.4933,0.72903,0.76463,0.95343,0.34037,0.99956,Mast,UC_vs_HC
SCIN,1.7529,0.97749,1.0998,0.88881,0.3741,0.99956,Mast,UC_vs_HC
ARL4A,11.234,-0.33851,0.37495,-0.9028,0.36663,0.99956,Mast,UC_vs_HC
ETV1,0.039522,0.59268,4.1488,0.14286,0.8864,,Mast,UC_vs_HC
ISPD,0.31913,1.1909,1.4502,0.82116,0.41156,,Mast,UC_vs_HC
ANKMY2,0.70428,-1.4053,1.3528,-1.0388,0.29888,,Mast,UC_vs_HC
BZW2,1.7986,-0.94974,0.66844,-1.4208,0.15537,0.99956,Mast,UC_vs_HC
TSPAN13,0.32976,0.26214,1.3663,0.19186,0.84785,,Mast,UC_vs_HC
AGR2,2.1255,-0.18987,1.563,-0.12148,0.90331,0.99956,Mast,UC_vs_HC
AGR3,0.039522,0.59268,4.1488,0.14286,0.8864,,Mast,UC_vs_HC
AHR,23.45,0.97119,0.47415,2.0483,0.040532,0.90356,Mast,UC_vs_HC
AC073332.1,0.27658,0.90769,1.3021,0.69708,0.48575,,Mast,UC_vs_HC
SNX13,1.6458,0.57356,0.74833,0.76646,0.4434,0.99956,Mast,UC_vs_HC
HDAC9,0.11607,-0.43433,2.4125,-0.18003,0.85713,,Mast,UC_vs_HC
TWISTNB,12.619,0.21175,0.47418,0.44657,0.65518,0.99956,Mast,UC_vs_HC
MACC1,0.0134,0.3681,4.0861,0.090086,0.92822,,Mast,UC_vs_HC
AC004130.1,0.83052,-1.4165,1.2741,-1.1118,0.26624,,Mast,UC_vs_HC
ITGB8,1.2994,2.0726,1.6428,1.2617,0.20707,0.99956,Mast,UC_vs_HC
ABCB5,0.064474,0.59268,4.1488,0.14286,0.8864,,Mast,UC_vs_HC
SP4,2.6172,-0.72658,0.70893,-1.0249,0.30541,0.99956,Mast,UC_vs_HC
DNAH11,0.061817,1.2524,3.1942,0.39209,0.69499,,Mast,UC_vs_HC
CDCA7L,1.5055,-0.91849,0.92368,-0.99438,0.32004,0.99956,Mast,UC_vs_HC
RAPGEF5,0.10365,1.2415,4.0577,0.30596,0.75964,,Mast,UC_vs_HC
TOMM7,58.236,-0.5831,0.26024,-2.2407,0.025048,0.85398,Mast,UC_vs_HC
FAM126A,1.8129,-0.19684,0.77322,-0.25457,0.79905,0.99956,Mast,UC_vs_HC
KLHL7,0.54423,-0.74645,1.2204,-0.61163,0.54078,,Mast,UC_vs_HC
NUPL2,1.6951,-0.38323,0.72904,-0.52567,0.59912,0.99956,Mast,UC_vs_HC
AC005082.1,0.055411,0.73069,4.1338,0.17676,0.8597,,Mast,UC_vs_HC
GPNMB,0.17086,-0.49163,1.987,-0.24742,0.80458,,Mast,UC_vs_HC
MALSU1,1.3574,0.537,0.91504,0.58686,0.5573,0.99956,Mast,UC_vs_HC
IGF2BP3,0.039522,0.59268,4.1488,0.14286,0.8864,,Mast,UC_vs_HC
TRA2A,12.728,0.25675,0.40073,0.64072,0.52171,0.99956,Mast,UC_vs_HC
CCDC126,1.5317,-0.42283,1.0031,-0.42153,0.67337,0.99956,Mast,UC_vs_HC
FAM221A,0.59621,-0.019349,1.2717,-0.015214,0.98786,,Mast,UC_vs_HC
OSBPL3,0.064474,0.59268,4.1488,0.14286,0.8864,,Mast,UC_vs_HC
CYCS,49.635,-1.5335,0.38401,-3.9934,6.5129e-05,0.048434,Mast,UC_vs_HC
C7orf31,0.23312,1.8017,1.49,1.2093,0.22656,,Mast,UC_vs_HC
AC010719.1,0.026346,1.1367,4.0708,0.27924,0.78006,,Mast,UC_vs_HC
NFE2L3,2.027,2.5863,0.97496,2.6527,0.0079853,0.67077,Mast,UC_vs_HC
AC004520.1,0.25206,0.090755,2.1384,0.04244,0.96615,,Mast,UC_vs_HC
HNRNPA2B1,78.609,0.048448,0.2214,0.21882,0.82679,0.99956,Mast,UC_vs_HC
CBX3,9.9764,0.27544,0.32113,0.85775,0.39103,0.99956,Mast,UC_vs_HC
SNX10,1.4924,1.4963,0.79843,1.874,0.06093,0.98721,Mast,UC_vs_HC
AC004540.1,0.17754,1.1527,2.5945,0.44427,0.65685,,Mast,UC_vs_HC
SKAP2,7.5757,0.52003,0.41144,1.2639,0.20626,0.99956,Mast,UC_vs_HC
HOXA1,0.12893,1.0771,2.4282,0.44359,0.65734,,Mast,UC_vs_HC
HOTAIRM1,2.6211,-0.58301,0.74882,-0.77857,0.43623,0.99956,Mast,UC_vs_HC
HOXA3,0.018728,0.70632,4.1361,0.17077,0.86441,,Mast,UC_vs_HC
HOXA4,0.14446,-0.1755,3.7952,-0.046244,0.96312,,Mast,UC_vs_HC
HOXA5,0.17281,0.19552,2.0439,0.095663,0.92379,,Mast,UC_vs_HC
HOXA9,0.17184,0.067934,4.0636,0.016718,0.98666,,Mast,UC_vs_HC
HOXA10-AS,0.51575,1.2061,1.7913,0.67327,0.50078,,Mast,UC_vs_HC
HOXA10,0.45664,-0.33513,1.2459,-0.26898,0.78794,,Mast,UC_vs_HC
HOXA13,0.024934,1.088,4.0829,0.26647,0.78988,,Mast,UC_vs_HC
HIBADH,0.36038,-0.81801,1.6019,-0.51065,0.6096,,Mast,UC_vs_HC
TAX1BP1,10.135,0.22565,0.32454,0.69529,0.48688,0.99956,Mast,UC_vs_HC
JAZF1,1.5331,0.5882,0.71408,0.82371,0.4101,0.99956,Mast,UC_vs_HC
CREB5,3.3372,-3.6163,1.1341,-3.1888,0.0014286,0.31846,Mast,UC_vs_HC
TRIL,0.037578,0.16073,4.0541,0.039647,0.96837,,Mast,UC_vs_HC
AC005162.3,0.018728,0.70632,4.1361,0.17077,0.86441,,Mast,UC_vs_HC
CPVL,0.071419,1.4897,3.2573,0.45734,0.64742,,Mast,UC_vs_HC
CHN2,1.6413,0.18368,0.871,0.21088,0.83298,0.99956,Mast,UC_vs_HC
SCRN1,0.43369,0.91773,1.5008,0.6115,0.54087,,Mast,UC_vs_HC
FKBP14,0.4589,-0.67907,1.1296,-0.60114,0.54774,,Mast,UC_vs_HC
PLEKHA8,0.17192,0.45426,1.5662,0.29004,0.77179,,Mast,UC_vs_HC
MTURN,0.64801,1.5352,1.3893,1.1051,0.26913,,Mast,UC_vs_HC
AC007036.1,0.043089,1.2415,4.0577,0.30596,0.75964,,Mast,UC_vs_HC
ZNRF2,0.25612,-0.65481,1.6406,-0.39913,0.6898,,Mast,UC_vs_HC
LINC01176,0.026346,1.1367,4.0708,0.27924,0.78006,,Mast,UC_vs_HC
NOD1,0.26147,1.6797,2.9083,0.57757,0.56356,,Mast,UC_vs_HC
AC006027.1,0.055411,0.73069,4.1338,0.17676,0.8597,,Mast,UC_vs_HC
GGCT,2.839,0.090032,0.62957,0.14301,0.88629,0.99956,Mast,UC_vs_HC
GARS,1.0841,-0.91245,1.0082,-0.90499,0.36547,,Mast,UC_vs_HC
MINDY4,0.0134,0.3681,4.0861,0.090086,0.92822,,Mast,UC_vs_HC
CCDC129,0.037578,0.16073,4.0541,0.039647,0.96837,,Mast,UC_vs_HC
PDE1C,0.026346,1.1367,4.0708,0.27924,0.78006,,Mast,UC_vs_HC
LSM5,7.0924,-0.66435,0.41356,-1.6064,0.10818,0.99956,Mast,UC_vs_HC
AVL9,0.82274,-0.34495,1.1303,-0.30518,0.76023,,Mast,UC_vs_HC
AC018645.2,0.043662,1.1196,2.8057,0.39906,0.68985,,Mast,UC_vs_HC
KBTBD2,2.5724,-0.054745,0.65561,-0.083502,0.93345,0.99956,Mast,UC_vs_HC
FKBP9,0.17611,0.66834,2.6332,0.25381,0.79964,,Mast,UC_vs_HC
NT5C3A,2.1912,0.16396,0.76918,0.21316,0.8312,0.99956,Mast,UC_vs_HC
RP9,0.31632,0.40819,1.7323,0.23564,0.81371,,Mast,UC_vs_HC
BBS9,0.42114,-0.23552,1.2426,-0.18954,0.84967,,Mast,UC_vs_HC
AC008080.1,0.064474,0.59268,4.1488,0.14286,0.8864,,Mast,UC_vs_HC
DPY19L1,1.9472,0.29738,0.84487,0.35199,0.72485,0.99956,Mast,UC_vs_HC
HERPUD2,2.0346,0.9081,0.68422,1.3272,0.18444,0.99956,Mast,UC_vs_HC
AC018647.2,0.026346,1.1367,4.0708,0.27924,0.78006,,Mast,UC_vs_HC
SEPT7,26.378,0.32772,0.33546,0.97692,0.32861,0.99956,Mast,UC_vs_HC
EEPD1,0.27429,1.0603,1.9331,0.54849,0.58335,,Mast,UC_vs_HC
KIAA0895,0.039522,0.59268,4.1488,0.14286,0.8864,,Mast,UC_vs_HC
ANLN,0.039522,0.59268,4.1488,0.14286,0.8864,,Mast,UC_vs_HC
AOAH,0.081757,1.2076,3.3757,0.35774,0.72054,,Mast,UC_vs_HC
ELMO1,4.2408,0.25411,0.5324,0.47729,0.63316,0.99956,Mast,UC_vs_HC
ELMO1-AS1,0.06025,0.16073,4.0541,0.039647,0.96837,,Mast,UC_vs_HC
GPR141,1.3869,-1.116,0.86164,-1.2952,0.19525,0.99956,Mast,UC_vs_HC
EPDR1,0.079045,0.55747,4.1549,0.13417,0.89327,,Mast,UC_vs_HC
NME8,0.66293,-1.1875,1.3639,-0.8706,0.38397,,Mast,UC_vs_HC
STARD3NL,3.3863,-0.92336,0.74367,-1.2416,0.21437,0.99956,Mast,UC_vs_HC
TRGC2,0.018728,0.70632,4.1361,0.17077,0.86441,,Mast,UC_vs_HC
TRGC1,0.018728,0.70632,4.1361,0.17077,0.86441,,Mast,UC_vs_HC
TRG-AS1,0.045528,0.19411,2.9294,0.066264,0.94717,,Mast,UC_vs_HC
VPS41,3.0449,0.22043,0.53291,0.41364,0.67914,0.99956,Mast,UC_vs_HC
YAE1D1,0.20773,0.33339,1.6065,0.20752,0.8356,,Mast,UC_vs_HC
RALA,2.272,1.009,0.96405,1.0466,0.29528,0.99956,Mast,UC_vs_HC
LINC00265,0.2685,0.5681,1.8647,0.30466,0.76062,,Mast,UC_vs_HC
AC072061.1,0.0134,0.3681,4.0861,0.090086,0.92822,,Mast,UC_vs_HC
CDK13,3.1703,-0.30129,0.5989,-0.50308,0.61491,0.99956,Mast,UC_vs_HC
MPLKIP,3.8651,-0.2868,0.69996,-0.40974,0.682,0.99956,Mast,UC_vs_HC
SUGCT,0.039522,0.59268,4.1488,0.14286,0.8864,,Mast,UC_vs_HC
INHBA,0.48177,-2.1102,2.303,-0.91629,0.35952,,Mast,UC_vs_HC
INHBA-AS1,0.06025,0.16073,4.0541,0.039647,0.96837,,Mast,UC_vs_HC
C7orf25,0.051279,1.4865,2.8551,0.52065,0.60261,,Mast,UC_vs_HC
PSMA2,8.2763,0.092006,0.55246,0.16654,0.86773,0.99956,Mast,UC_vs_HC
MRPL32,5.0173,-0.28733,0.39959,-0.71906,0.4721,0.99956,Mast,UC_vs_HC
STK17A,3.7245,1.317,0.96658,1.3625,0.17304,0.99956,Mast,UC_vs_HC
COA1,3.2351,0.014986,0.55868,0.026824,0.9786,0.99956,Mast,UC_vs_HC
BLVRA,10.566,0.21099,0.34507,0.61143,0.54092,0.99956,Mast,UC_vs_HC
MRPS24,0.15303,0.53545,1.6495,0.32462,0.74547,,Mast,UC_vs_HC
URGCP,0.18957,0.37225,1.5797,0.23565,0.81371,,Mast,UC_vs_HC
UBE2D4,0.42429,-0.37829,1.2337,-0.30662,0.75913,,Mast,UC_vs_HC
AC004951.1,0.64392,-0.53451,1.1028,-0.4847,0.62789,,Mast,UC_vs_HC
LINC00957,0.070007,1.5443,1.9807,0.77969,0.43557,,Mast,UC_vs_HC
DBNL,3.737,0.82038,0.67353,1.218,0.22321,0.99956,Mast,UC_vs_HC
POLM,0.82154,0.75562,1.0557,0.71577,0.47413,,Mast,UC_vs_HC
AEBP1,0.2423,0.67829,1.5243,0.44498,0.65634,,Mast,UC_vs_HC
POLD2,1.7619,-0.99336,0.76175,-1.304,0.19222,0.99956,Mast,UC_vs_HC
YKT6,0.73055,0.76483,1.3092,0.58419,0.55909,,Mast,UC_vs_HC
CAMK2B,0.20482,0.22174,4.0222,0.055129,0.95604,,Mast,UC_vs_HC
NUDCD3,1.6659,0.39055,0.80393,0.48581,0.6271,0.99956,Mast,UC_vs_HC
DDX56,1.8597,0.70474,0.77505,0.90928,0.3632,0.99956,Mast,UC_vs_HC
TMED4,7.5771,-0.45075,0.4965,-0.90784,0.36396,0.99956,Mast,UC_vs_HC
OGDH,1.3487,0.37655,0.83957,0.4485,0.65379,0.99956,Mast,UC_vs_HC
ZMIZ2,0.75094,-0.20854,1.2693,-0.1643,0.8695,,Mast,UC_vs_HC
PPIA,37.563,-0.1509,0.28306,-0.53311,0.59396,0.99956,Mast,UC_vs_HC
H2AFV,11.566,0.53954,0.65248,0.82691,0.40829,0.99956,Mast,UC_vs_HC
PURB,4.1697,0.3037,0.47464,0.63985,0.52227,0.99956,Mast,UC_vs_HC
AC004854.2,0.55481,-0.74027,1.8459,-0.40103,0.6884,,Mast,UC_vs_HC
MYO1G,1.4958,1.5936,1.0643,1.4974,0.13429,0.99956,Mast,UC_vs_HC
SNHG15,4.115,-0.038547,0.50069,-0.076989,0.93863,0.99956,Mast,UC_vs_HC
CCM2,1.7628,1.0217,0.95303,1.0721,0.28369,0.99956,Mast,UC_vs_HC
NACAD,0.06025,0.16073,4.0541,0.039647,0.96837,,Mast,UC_vs_HC
TBRG4,1.3807,0.4605,0.79164,0.58171,0.56077,0.99956,Mast,UC_vs_HC
ADCY1,0.055411,0.73069,4.1338,0.17676,0.8597,,Mast,UC_vs_HC
TNS3,0.043662,1.1196,2.8057,0.39906,0.68985,,Mast,UC_vs_HC
HUS1,1.5296,0.095195,0.74808,0.12725,0.89874,0.99956,Mast,UC_vs_HC
C7orf69,0.024934,1.088,4.0829,0.26647,0.78988,,Mast,UC_vs_HC
SUN3,0.024934,1.088,4.0829,0.26647,0.78988,,Mast,UC_vs_HC
UPP1,2.1627,1.2758,0.90899,1.4035,0.16046,0.99956,Mast,UC_vs_HC
VWC2,0.84765,-0.003771,1.2198,-0.0030916,0.99753,,Mast,UC_vs_HC
IKZF1,5.0173,0.2582,0.49557,0.52103,0.60235,0.99956,Mast,UC_vs_HC
FIGNL1,0.41726,-0.26133,1.3112,-0.1993,0.84203,,Mast,UC_vs_HC
DDC,0.0134,0.3681,4.0861,0.090086,0.92822,,Mast,UC_vs_HC
GRB10,0.25542,2.1052,2.036,1.034,0.30115,,Mast,UC_vs_HC
COBL,0.84758,-0.084571,1.6134,-0.052417,0.9582,,Mast,UC_vs_HC
SEC61G,30.41,0.17113,0.29856,0.57317,0.56653,0.99956,Mast,UC_vs_HC
EGFR,0.059765,0.024139,4.0722,0.0059277,0.99527,,Mast,UC_vs_HC
LANCL2,0.2755,0.59951,1.1849,0.50597,0.61288,,Mast,UC_vs_HC
VOPP1,1.1033,1.9879,1.0404,1.9107,0.056043,,Mast,UC_vs_HC
ZNF713,0.239,0.29125,1.5814,0.18417,0.85388,,Mast,UC_vs_HC
NIPSNAP2,1.6913,0.72961,0.78795,0.92596,0.35447,0.99956,Mast,UC_vs_HC
MRPS17,1.2197,0.12128,1.0409,0.11651,0.90725,0.99956,Mast,UC_vs_HC
PSPH,0.12424,-0.032441,3.7298,-0.0086976,0.99306,,Mast,UC_vs_HC
CCT6A,6.3998,0.23592,0.37172,0.63466,0.52565,0.99956,Mast,UC_vs_HC
SUMF2,4.3631,0.59634,0.56729,1.0512,0.29316,0.99956,Mast,UC_vs_HC
PHKG1,0.97532,0.22575,0.96023,0.2351,0.81413,,Mast,UC_vs_HC
CHCHD2,38.944,-0.29107,0.47736,-0.60976,0.54202,0.99956,Mast,UC_vs_HC
NUPR2,0.018728,0.70632,4.1361,0.17077,0.86441,,Mast,UC_vs_HC
ZNF727,0.039637,-0.23575,2.975,-0.079243,0.93684,,Mast,UC_vs_HC
ZNF736,0.85654,-0.095325,1.0367,-0.091947,0.92674,,Mast,UC_vs_HC
ZNF680,0.72144,0.31713,1.0326,0.30711,0.75876,,Mast,UC_vs_HC
ZNF107,0.7387,1.7356,1.1014,1.5759,0.11506,,Mast,UC_vs_HC
ZNF138,1.0835,-0.56233,0.94387,-0.59577,0.55133,,Mast,UC_vs_HC
ZNF273,0.37284,-0.64986,1.2098,-0.53717,0.59115,,Mast,UC_vs_HC
ZNF117,0.26104,1.9395,1.6157,1.2004,0.22997,,Mast,UC_vs_HC
ERV3-1,0.99471,-0.63909,0.92251,-0.69277,0.48845,,Mast,UC_vs_HC
ZNF92,2.2776,-1.3042,0.82926,-1.5727,0.1158,0.99956,Mast,UC_vs_HC
VKORC1L1,0.42157,-1.0292,1.9817,-0.51937,0.6035,,Mast,UC_vs_HC
GUSB,2.8439,1.3487,0.89992,1.4987,0.13396,0.99956,Mast,UC_vs_HC
ASL,2.4562,-0.70368,0.60953,-1.1545,0.24831,0.99956,Mast,UC_vs_HC
CRCP,2.048,0.084817,0.63377,0.13383,0.89354,0.99956,Mast,UC_vs_HC
TPST1,0.20756,0.60906,1.6838,0.36171,0.71757,,Mast,UC_vs_HC
AC008267.5,0.34583,0.70049,2.0008,0.3501,0.72626,,Mast,UC_vs_HC
KCTD7,0.88483,-0.025679,1.0431,-0.024617,0.98036,,Mast,UC_vs_HC
RABGEF1,1.1898,-0.30378,0.88277,-0.34412,0.73076,0.99956,Mast,UC_vs_HC
AC027644.3,0.80696,-1.2129,1.1499,-1.0547,0.29155,,Mast,UC_vs_HC
AC073335.2,0.53002,0.22644,1.0941,0.20697,0.83604,,Mast,UC_vs_HC
TMEM248,1.8332,0.10797,0.68617,0.15735,0.87497,0.99956,Mast,UC_vs_HC
SBDS,13.619,-0.50134,0.39554,-1.2675,0.20498,0.99956,Mast,UC_vs_HC
TYW1,0.83054,-1.3114,0.97988,-1.3383,0.1808,,Mast,UC_vs_HC
AC006480.2,0.61185,0.57301,1.7178,0.33357,0.73871,,Mast,UC_vs_HC
LINC01372,0.0134,0.3681,4.0861,0.090086,0.92822,,Mast,UC_vs_HC
AUTS2,0.14907,0.96952,1.9,0.51026,0.60987,,Mast,UC_vs_HC
TYW1B,0.10834,1.4913,1.6268,0.91667,0.35931,,Mast,UC_vs_HC
POM121,1.5228,0.5818,0.83443,0.69725,0.48565,0.99956,Mast,UC_vs_HC
AC211476.2,0.032128,0.40025,2.7752,0.14423,0.88532,,Mast,UC_vs_HC
NSUN5,1.4901,0.25739,0.90809,0.28343,0.77684,0.99956,Mast,UC_vs_HC
BAZ1B,1.7979,0.6389,0.75774,0.84317,0.39914,0.99956,Mast,UC_vs_HC
BCL7B,2.0926,-0.54084,0.69993,-0.77271,0.43969,0.99956,Mast,UC_vs_HC
TBL2,0.49332,1.0938,1.6299,0.6711,0.50215,,Mast,UC_vs_HC
DNAJC30,0.25419,1.2878,1.45,0.88813,0.37447,,Mast,UC_vs_HC
BUD23,6.1237,-0.066324,0.38644,-0.17163,0.86373,0.99956,Mast,UC_vs_HC
STX1A,0.99745,-0.79849,1.0713,-0.74534,0.45607,,Mast,UC_vs_HC
ABHD11,0.71432,0.41349,1.3308,0.31072,0.75602,,Mast,UC_vs_HC
CLDN3,0.079722,-0.14159,3.5798,-0.039553,0.96845,,Mast,UC_vs_HC
CLDN4,0.91116,-1.738,1.373,-1.2658,0.20558,,Mast,UC_vs_HC
METTL27,0.064679,1.1546,1.8847,0.61261,0.54014,,Mast,UC_vs_HC
AC099398.1,0.026237,0.024139,4.0722,0.0059277,0.99527,,Mast,UC_vs_HC
ELN,0.086002,-0.50582,3.3405,-0.15142,0.87964,,Mast,UC_vs_HC
LIMK1,1.3024,0.18518,1.0673,0.1735,0.86226,0.99956,Mast,UC_vs_HC
EIF4H,9.5815,-0.54339,0.37362,-1.4544,0.14584,0.99956,Mast,UC_vs_HC
LAT2,11.616,0.15796,0.33105,0.47716,0.63325,0.99956,Mast,UC_vs_HC
RFC2,1.8781,0.68868,0.6572,1.0479,0.29469,0.99956,Mast,UC_vs_HC
CLIP2,0.79624,-0.363,0.91488,-0.39677,0.69154,,Mast,UC_vs_HC
GTF2IRD1,0.055411,0.73069,4.1338,0.17676,0.8597,,Mast,UC_vs_HC
GTF2I,4.83,0.6002,0.49542,1.2115,0.2257,0.99956,Mast,UC_vs_HC
NCF1,3.7715,0.14911,0.9751,0.15292,0.87846,0.99956,Mast,UC_vs_HC
GTF2IRD2,0.58503,-0.21688,1.1048,-0.19631,0.84436,,Mast,UC_vs_HC
RCC1L,0.79127,0.58317,1.4131,0.41269,0.67983,,Mast,UC_vs_HC
GTF2IRD2B,0.74221,-0.97954,1.5093,-0.64899,0.51634,,Mast,UC_vs_HC
AC211486.5,0.045074,1.1802,3.0256,0.39009,0.69647,,Mast,UC_vs_HC
TRIM73,0.20745,0.19798,1.576,0.12562,0.90003,,Mast,UC_vs_HC
POM121C,1.1895,-0.20484,0.95205,-0.21516,0.82964,0.99956,Mast,UC_vs_HC
HIP1,0.79401,-0.53313,1.3765,-0.3873,0.69853,,Mast,UC_vs_HC
RHBDD2,5.5256,0.37944,0.5097,0.74445,0.45661,0.99956,Mast,UC_vs_HC
POR,1.866,-0.48755,0.95984,-0.50795,0.61149,0.99956,Mast,UC_vs_HC
TMEM120A,1.8494,0.2461,0.69871,0.35222,0.72468,0.99956,Mast,UC_vs_HC
STYXL1,1.0721,-0.75523,0.88609,-0.85232,0.39404,,Mast,UC_vs_HC
MDH2,6.7468,0.21074,0.38771,0.54355,0.58675,0.99956,Mast,UC_vs_HC
HSPB1,8.197,0.082137,0.52535,0.15635,0.87576,0.99956,Mast,UC_vs_HC
YWHAG,4.9695,-0.32434,0.51062,-0.6352,0.5253,0.99956,Mast,UC_vs_HC
ZP3,0.055411,0.73069,4.1338,0.17676,0.8597,,Mast,UC_vs_HC
DTX2,0.32843,0.037513,1.4279,0.026271,0.97904,,Mast,UC_vs_HC
POMZP3,0.16861,0.011495,1.8424,0.0062389,0.99502,,Mast,UC_vs_HC
CCDC146,0.10322,0.048228,2.2737,0.021211,0.98308,,Mast,UC_vs_HC
FGL2,2.4762,0.31276,0.81303,0.38468,0.70047,0.99956,Mast,UC_vs_HC
GSAP,0.36127,0.20862,1.5044,0.13867,0.88971,,Mast,UC_vs_HC
PTPN12,2.0396,0.73399,0.66268,1.1076,0.26803,0.99956,Mast,UC_vs_HC
APTR,0.41261,0.61517,1.4934,0.41192,0.6804,,Mast,UC_vs_HC
RSBN1L,6.3416,-0.30294,0.46365,-0.65337,0.51352,0.99956,Mast,UC_vs_HC
TMEM60,0.91545,1.3901,0.89359,1.5556,0.11981,,Mast,UC_vs_HC
PHTF2,2.5869,0.89084,0.65678,1.3564,0.17498,0.99956,Mast,UC_vs_HC
AC004990.1,0.044965,0.057449,3.1839,0.018044,0.9856,,Mast,UC_vs_HC
MAGI2,0.12871,0.47513,1.7231,0.27575,0.78274,,Mast,UC_vs_HC
GNAI1,1.3661,-1.7645,1.0654,-1.6563,0.097671,0.99956,Mast,UC_vs_HC
CD36,0.026346,1.1367,4.0708,0.27924,0.78006,,Mast,UC_vs_HC
SEMA3C,0.18447,0.36659,1.5099,0.24279,0.80817,,Mast,UC_vs_HC
HGF,0.54189,0.27406,1.5621,0.17544,0.86073,,Mast,UC_vs_HC
CACNA2D1,0.86209,0.88761,1.0017,0.88614,0.37554,,Mast,UC_vs_HC
SEMA3E,0.0134,0.3681,4.0861,0.090086,0.92822,,Mast,UC_vs_HC
KIAA1324L,0.23696,1.8246,2.1091,0.8651,0.38699,,Mast,UC_vs_HC
AC005076.1,0.053145,0.6022,3.1178,0.19315,0.84684,,Mast,UC_vs_HC
DMTF1,1.8915,0.36029,0.81724,0.44086,0.65932,0.99956,Mast,UC_vs_HC
TMEM243,1.875,0.55326,0.80924,0.68368,0.49418,0.99956,Mast,UC_vs_HC
TP53TG1,2.8808,-0.63092,0.55094,-1.1452,0.25214,0.99956,Mast,UC_vs_HC
CROT,1.0177,0.34464,0.7945,0.43378,0.66445,,Mast,UC_vs_HC
ABCB1,0.86323,-0.92484,1.4698,-0.62923,0.5292,,Mast,UC_vs_HC
SLC25A40,0.38372,-0.95424,1.5416,-0.61899,0.53592,,Mast,UC_vs_HC
DBF4,1.5248,-0.95712,0.82762,-1.1565,0.24749,0.99956,Mast,UC_vs_HC
ADAM22,0.11731,0.40034,1.704,0.23494,0.81426,,Mast,UC_vs_HC
SRI,17.507,0.48801,0.28148,1.7337,0.082968,0.99956,Mast,UC_vs_HC
STEAP4,0.088458,1.0394,3.1122,0.33397,0.7384,,Mast,UC_vs_HC
GTPBP10,0.83884,1.503,1.0708,1.4037,0.16042,,Mast,UC_vs_HC
CLDN12,0.026237,0.024139,4.0722,0.0059277,0.99527,,Mast,UC_vs_HC
CDK14,0.30915,1.1976,1.6963,0.70601,0.48018,,Mast,UC_vs_HC
FZD1,0.55643,-1.0053,1.4731,-0.68246,0.49495,,Mast,UC_vs_HC
MTERF1,0.68976,1.561,1.4916,1.0465,0.29533,,Mast,UC_vs_HC
AKAP9,11.493,-0.9203,0.33594,-2.7395,0.0061533,0.62569,Mast,UC_vs_HC
CYP51A1,0.47638,-1.5779,1.4601,-1.0807,0.27984,,Mast,UC_vs_HC
KRIT1,3.0282,0.024891,0.61886,0.040221,0.96792,0.99956,Mast,UC_vs_HC
ANKIB1,1.3037,-0.09904,0.79751,-0.12419,0.90117,0.99956,Mast,UC_vs_HC
GATAD1,3.7848,0.17018,0.49691,0.34247,0.732,0.99956,Mast,UC_vs_HC
PEX1,0.66322,-0.69824,1.2218,-0.57149,0.56767,,Mast,UC_vs_HC
RBM48,1.5229,1.0019,0.97718,1.0252,0.30525,0.99956,Mast,UC_vs_HC
FAM133B,17.653,-0.71029,0.30991,-2.2919,0.021911,0.80239,Mast,UC_vs_HC
CDK6,2.1301,-0.57752,0.71728,-0.80515,0.42074,0.99956,Mast,UC_vs_HC
SAMD9,3.6332,0.41865,0.52084,0.80379,0.42152,0.99956,Mast,UC_vs_HC
SAMD9L,3.7647,-0.087058,0.68158,-0.12773,0.89836,0.99956,Mast,UC_vs_HC
HEPACAM2,0.059765,0.024139,4.0722,0.0059277,0.99527,,Mast,UC_vs_HC
VPS50,0.37389,1.0318,1.2198,0.84594,0.39759,,Mast,UC_vs_HC
BET1,1.3543,-0.065264,0.80091,-0.081487,0.93505,0.99956,Mast,UC_vs_HC
COL1A2,0.096052,0.39899,1.7215,0.23177,0.81671,,Mast,UC_vs_HC
CASD1,0.7308,-0.35521,1.1001,-0.32287,0.74679,,Mast,UC_vs_HC
PEG10,0.037578,0.16073,4.0541,0.039647,0.96837,,Mast,UC_vs_HC
PPP1R9A,0.099073,1.1774,2.0938,0.56233,0.57389,,Mast,UC_vs_HC
PON2,1.8505,2.578,1.1356,2.2701,0.023203,0.81504,Mast,UC_vs_HC
PDK4,0.088312,0.48403,3.3756,0.14339,0.88598,,Mast,UC_vs_HC
AC002451.1,0.050978,-0.055356,2.9247,-0.018927,0.9849,,Mast,UC_vs_HC
SLC25A13,0.82026,0.42949,1.0315,0.41639,0.67713,,Mast,UC_vs_HC
SEM1,20.639,-0.55129,0.31672,-1.7406,0.081747,0.99956,Mast,UC_vs_HC
SDHAF3,1.7356,1.1546,0.73485,1.5712,0.11614,0.99956,Mast,UC_vs_HC
ASNS,0.26904,0.070076,1.9528,0.035885,0.97137,,Mast,UC_vs_HC
LMTK2,0.084819,1.1537,2.1142,0.54567,0.58529,,Mast,UC_vs_HC
TECPR1,0.56054,0.10861,1.7644,0.061555,0.95092,,Mast,UC_vs_HC
BRI3,1.393,1.3806,1.1158,1.2374,0.21595,0.99956,Mast,UC_vs_HC
BAIAP2L1,0.0134,0.3681,4.0861,0.090086,0.92822,,Mast,UC_vs_HC
TRRAP,1.1759,-0.26484,0.85251,-0.31066,0.75606,0.99956,Mast,UC_vs_HC
SMURF1,0.43712,2.4018,1.5871,1.5133,0.1302,,Mast,UC_vs_HC
ARPC1A,2.1532,0.51808,0.67011,0.77313,0.43945,0.99956,Mast,UC_vs_HC
ARPC1B,11.257,0.11726,0.56293,0.20831,0.83499,0.99956,Mast,UC_vs_HC
PDAP1,5.1937,-0.39529,0.55412,-0.71337,0.47562,0.99956,Mast,UC_vs_HC
BUD31,10.075,-0.19191,0.41118,-0.46672,0.6407,0.99956,Mast,UC_vs_HC
PTCD1,0.43758,-0.65075,1.2189,-0.53386,0.59344,,Mast,UC_vs_HC
ATP5MF-PTCD1,0.026237,0.024139,4.0722,0.0059277,0.99527,,Mast,UC_vs_HC
CPSF4,0.43909,0.14831,1.6294,0.091021,0.92748,,Mast,UC_vs_HC
ATP5MF,19.071,-0.37322,0.26305,-1.4188,0.15595,0.99956,Mast,UC_vs_HC
ZNF789,0.31985,0.5017,1.2008,0.41781,0.67608,,Mast,UC_vs_HC
ZNF394,4.1946,-0.09003,0.43831,-0.2054,0.83726,0.99956,Mast,UC_vs_HC
ZKSCAN5,0.41966,-1.384,1.7537,-0.78917,0.43001,,Mast,UC_vs_HC
FAM200A,0.39892,-1.0195,1.464,-0.69636,0.48621,,Mast,UC_vs_HC
ZNF655,3.004,-0.14978,0.61619,-0.24308,0.80795,0.99956,Mast,UC_vs_HC
ZSCAN25,0.075912,0.36008,1.9154,0.18799,0.85088,,Mast,UC_vs_HC
CYP3A5,0.17305,0.0072786,1.6115,0.0045168,0.9964,,Mast,UC_vs_HC
TRIM4,0.52861,0.85273,1.2426,0.68623,0.49257,,Mast,UC_vs_HC
AC004522.2,0.037578,0.16073,4.0541,0.039647,0.96837,,Mast,UC_vs_HC
AZGP1,0.037578,0.16073,4.0541,0.039647,0.96837,,Mast,UC_vs_HC
ZKSCAN1,3.4386,0.56226,0.55241,1.0178,0.30875,0.99956,Mast,UC_vs_HC
ZSCAN21,0.41495,0.92487,1.1204,0.82552,0.40908,,Mast,UC_vs_HC
ZNF3,1.1277,0.049496,0.75341,0.065695,0.94762,0.99956,Mast,UC_vs_HC
COPS6,7.6474,-0.47706,0.35288,-1.3519,0.17641,0.99956,Mast,UC_vs_HC
MCM7,1.3762,-1.5676,0.86447,-1.8134,0.069769,0.99956,Mast,UC_vs_HC
AP4M1,0.68596,1.3235,1.1791,1.1224,0.26169,,Mast,UC_vs_HC
TAF6,1.251,-0.1315,0.81453,-0.16144,0.87174,0.99956,Mast,UC_vs_HC
AC073842.2,0.064474,0.59268,4.1488,0.14286,0.8864,,Mast,UC_vs_HC
CNPY4,0.85824,0.32164,0.93247,0.34493,0.73014,,Mast,UC_vs_HC
MBLAC1,0.024934,1.088,4.0829,0.26647,0.78988,,Mast,UC_vs_HC
LAMTOR4,22.835,-0.24333,0.28265,-0.86088,0.3893,0.99956,Mast,UC_vs_HC
C7orf43,0.15433,1.2373,1.894,0.65326,0.51359,,Mast,UC_vs_HC
STAG3,0.3048,0.01199,1.4871,0.0080622,0.99357,,Mast,UC_vs_HC
CASTOR3,0.13806,0.74369,1.9146,0.38843,0.6977,,Mast,UC_vs_HC
SPDYE3,0.24596,-0.11044,2.1793,-0.050677,0.95958,,Mast,UC_vs_HC
PILRB,1.9067,0.39045,0.87737,0.44503,0.6563,0.99956,Mast,UC_vs_HC
PILRA,0.89573,1.3156,1.5912,0.82677,0.40837,,Mast,UC_vs_HC
ZCWPW1,0.761,-0.086875,1.0639,-0.08166,0.93492,,Mast,UC_vs_HC
MEPCE,3.1611,-1.5543,0.73685,-2.1094,0.034911,0.90299,Mast,UC_vs_HC
PPP1R35,0.1119,0.89684,2.3629,0.37956,0.70427,,Mast,UC_vs_HC
AC092849.1,0.059765,0.024139,4.0722,0.0059277,0.99527,,Mast,UC_vs_HC
TSC22D4,2.1785,0.15487,0.75836,0.20421,0.83819,0.99956,Mast,UC_vs_HC
AGFG2,0.31128,1.1177,1.833,0.60975,0.54203,,Mast,UC_vs_HC
SAP25,0.55105,0.99094,1.2764,0.77633,0.43755,,Mast,UC_vs_HC
LRCH4,2.1262,-0.017854,0.88176,-0.020248,0.98385,0.99956,Mast,UC_vs_HC
PCOLCE,0.21376,-0.4028,1.9468,-0.20691,0.83608,,Mast,UC_vs_HC
MOSPD3,1.3674,0.45959,0.83242,0.55211,0.58088,0.99956,Mast,UC_vs_HC
GNB2,3.7523,0.53616,0.60454,0.88688,0.37514,0.99956,Mast,UC_vs_HC
GIGYF1,1.201,1.1341,1.1918,0.95154,0.34133,0.99956,Mast,UC_vs_HC
POP7,1.3371,0.68944,0.82064,0.84013,0.40083,0.99956,Mast,UC_vs_HC
EPHB4,0.018728,0.70632,4.1361,0.17077,0.86441,,Mast,UC_vs_HC
SLC12A9,0.074139,0.75588,3.0953,0.24421,0.80707,,Mast,UC_vs_HC
TRIP6,0.0134,0.3681,4.0861,0.090086,0.92822,,Mast,UC_vs_HC
SRRT,1.6279,-1.0616,0.69386,-1.5301,0.126,0.99956,Mast,UC_vs_HC
UFSP1,0.026237,0.024139,4.0722,0.0059277,0.99527,,Mast,UC_vs_HC
ACHE,0.0134,0.3681,4.0861,0.090086,0.92822,,Mast,UC_vs_HC
MUC12,0.5404,-1.5252,1.3035,-1.1701,0.24197,,Mast,UC_vs_HC
AC105446.1,0.0134,0.3681,4.0861,0.090086,0.92822,,Mast,UC_vs_HC
TRIM56,3.7155,1.4771,0.59553,2.4803,0.013127,0.72228,Mast,UC_vs_HC
SERPINE1,0.3983,-0.52594,1.5918,-0.33042,0.74108,,Mast,UC_vs_HC
AP1S1,0.79404,-0.5164,0.96145,-0.5371,0.5912,,Mast,UC_vs_HC
MOGAT3,0.050856,0.4354,2.975,0.14635,0.88364,,Mast,UC_vs_HC
PLOD3,1.2215,-0.69109,0.96717,-0.71455,0.47489,0.99956,Mast,UC_vs_HC
ZNHIT1,8.7671,0.28877,0.33285,0.86757,0.38563,0.99956,Mast,UC_vs_HC
CLDN15,0.41574,0.13354,1.7052,0.078311,0.93758,,Mast,UC_vs_HC
FIS1,18.398,-0.1795,0.32225,-0.55702,0.57751,0.99956,Mast,UC_vs_HC
AC006329.1,0.039522,0.59268,4.1488,0.14286,0.8864,,Mast,UC_vs_HC
IFT22,0.63225,0.87199,1.2445,0.70065,0.48352,,Mast,UC_vs_HC
CUX1,4.7449,-0.079366,0.52446,-0.15133,0.87972,0.99956,Mast,UC_vs_HC
PRKRIP1,1.3287,0.061988,0.80448,0.077054,0.93858,0.99956,Mast,UC_vs_HC
ORAI2,2.6317,0.63859,0.83089,0.76856,0.44215,0.99956,Mast,UC_vs_HC
ALKBH4,0.38587,1.0106,1.2929,0.78167,0.43441,,Mast,UC_vs_HC
LRWD1,0.23152,0.53332,1.6121,0.33082,0.74078,,Mast,UC_vs_HC
POLR2J,7.9757,0.11028,0.36036,0.30604,0.75957,0.99956,Mast,UC_vs_HC
POLR2J3,0.16772,-0.20861,1.7318,-0.12046,0.90412,,Mast,UC_vs_HC
POLR2J3-1,6.4829,-0.99096,0.40321,-2.4577,0.013983,0.72228,Mast,UC_vs_HC
RASA4,0.10907,0.58673,1.6234,0.36142,0.71778,,Mast,UC_vs_HC
POLR2J2,0.23105,-0.43855,2.8749,-0.15254,0.87876,,Mast,UC_vs_HC
FAM185A,0.22543,0.92842,2.1396,0.43393,0.66434,,Mast,UC_vs_HC
LRRC17,0.026346,1.1367,4.0708,0.27924,0.78006,,Mast,UC_vs_HC
ARMC10,0.85307,-1.7752,1.3278,-1.337,0.18124,,Mast,UC_vs_HC
NAPEPLD,0.36321,-0.30314,1.2611,-0.24039,0.81003,,Mast,UC_vs_HC
PMPCB,4.22,0.72232,0.46842,1.542,0.12307,0.99956,Mast,UC_vs_HC
DNAJC2,3.0813,0.42209,0.56447,0.74775,0.45461,0.99956,Mast,UC_vs_HC
PSMC2,4.3378,0.25738,0.50539,0.50927,0.61056,0.99956,Mast,UC_vs_HC
ORC5,0.13162,1.7865,2.2203,0.80465,0.42102,,Mast,UC_vs_HC
AC007384.1,0.40012,1.6282,1.6139,1.0089,0.31305,,Mast,UC_vs_HC
LINC01004,0.20182,-0.51164,2.2092,-0.2316,0.81685,,Mast,UC_vs_HC
KMT2E-AS1,1.7344,-1.4631,1.0741,-1.3621,0.17317,0.99956,Mast,UC_vs_HC
KMT2E,36.256,-0.0035631,0.2212,-0.016108,0.98715,0.99956,Mast,UC_vs_HC
AC005070.3,0.70093,-0.4613,1.0611,-0.43473,0.66376,,Mast,UC_vs_HC
SRPK2,3.9938,1.0104,0.57109,1.7693,0.076839,0.99956,Mast,UC_vs_HC
PUS7,0.37085,1.6156,1.3077,1.2355,0.21666,,Mast,UC_vs_HC
RINT1,0.48009,1.8772,1.415,1.3266,0.18463,,Mast,UC_vs_HC
ATXN7L1,0.30824,0.1259,1.4151,0.088968,0.92911,,Mast,UC_vs_HC
SYPL1,9.8852,-0.20381,0.35627,-0.57207,0.56728,0.99956,Mast,UC_vs_HC
NAMPT,29.588,0.28675,0.35183,0.81503,0.41506,0.99956,Mast,UC_vs_HC
AC007032.1,0.41362,-0.060995,1.7222,-0.035416,0.97175,,Mast,UC_vs_HC
AC005050.1,0.11264,0.82011,3.34,0.24554,0.80604,,Mast,UC_vs_HC
CCDC71L,4.1186,0.18401,0.72819,0.25269,0.80051,0.99956,Mast,UC_vs_HC
PIK3CG,0.51915,0.40403,1.6856,0.23969,0.81057,,Mast,UC_vs_HC
PRKAR2B,0.05825,0.61256,3.152,0.19434,0.84591,,Mast,UC_vs_HC
HBP1,7.4462,-0.50813,0.57024,-0.89107,0.37289,0.99956,Mast,UC_vs_HC
AC004492.1,0.0134,0.3681,4.0861,0.090086,0.92822,,Mast,UC_vs_HC
COG5,0.81589,0.22696,0.99122,0.22897,0.81889,,Mast,UC_vs_HC
DUS4L,0.092867,0.77514,3.1445,0.2465,0.80529,,Mast,UC_vs_HC
AC004839.1,0.059765,0.024139,4.0722,0.0059277,0.99527,,Mast,UC_vs_HC
BCAP29,4.8396,0.35649,0.53802,0.66259,0.50759,0.99956,Mast,UC_vs_HC
AC002467.1,0.70876,-0.35117,1.1346,-0.30951,0.75693,,Mast,UC_vs_HC
CBLL1,2.2177,-0.14006,0.63384,-0.22097,0.82511,0.99956,Mast,UC_vs_HC
SLC26A3,0.38865,-1.2399,1.365,-0.90836,0.36369,,Mast,UC_vs_HC
DLD,2.2641,0.38967,0.65417,0.59566,0.5514,0.99956,Mast,UC_vs_HC
LAMB1,0.089407,1.073,3.4752,0.30876,0.7575,,Mast,UC_vs_HC
AC005046.1,0.071419,1.4897,3.2573,0.45734,0.64742,,Mast,UC_vs_HC
NRCAM,0.21287,-0.28022,2.0969,-0.13363,0.89369,,Mast,UC_vs_HC
PNPLA8,18.478,-0.38046,0.4333,-0.87806,0.37991,0.99956,Mast,UC_vs_HC
THAP5,2.9628,-1.0147,0.63358,-1.6015,0.10926,0.99956,Mast,UC_vs_HC
DNAJB9,15.04,-0.55833,0.43762,-1.2758,0.20202,0.99956,Mast,UC_vs_HC
IMMP2L,0.86422,0.37833,1.0193,0.37115,0.71052,,Mast,UC_vs_HC
ZNF277,2.0449,0.62797,0.76278,0.82327,0.41036,0.99956,Mast,UC_vs_HC
IFRD1,8.652,-1.1015,0.41681,-2.6426,0.0082274,0.67156,Mast,UC_vs_HC
LSMEM1,0.34361,0.29937,1.4595,0.20511,0.83748,,Mast,UC_vs_HC
TMEM168,1.0667,0.6341,1.1046,0.57408,0.56591,,Mast,UC_vs_HC
BMT2,0.35422,1.535,1.4605,1.051,0.29328,,Mast,UC_vs_HC
GPR85,0.29216,0.69221,1.3722,0.50445,0.61395,,Mast,UC_vs_HC
SMIM30,1.7837,-0.77782,0.77039,-1.0097,0.31266,0.99956,Mast,UC_vs_HC
FOXP2,0.0134,0.3681,4.0861,0.090086,0.92822,,Mast,UC_vs_HC
TFEC,0.082834,1.1766,1.9991,0.58858,0.55614,,Mast,UC_vs_HC
TES,1.7843,1.7172,1.05,1.6354,0.10197,0.99956,Mast,UC_vs_HC
CAV2,0.097449,0.73069,4.1338,0.17676,0.8597,,Mast,UC_vs_HC
CAV1,0.11458,1.2716,3.5774,0.35545,0.72225,,Mast,UC_vs_HC
CAPZA2,7.5786,0.28039,0.36727,0.76344,0.4452,0.99956,Mast,UC_vs_HC
ST7,1.8618,-0.47336,0.7532,-0.62846,0.5297,0.99956,Mast,UC_vs_HC
AC106873.1,0.018728,0.70632,4.1361,0.17077,0.86441,,Mast,UC_vs_HC
CFTR,0.0268,0.16572,4.0548,0.040869,0.9674,,Mast,UC_vs_HC
CTTNBP2,8.4418,-0.44076,0.52274,-0.84318,0.39913,0.99956,Mast,UC_vs_HC
LSM8,10.442,0.32396,0.33498,0.96712,0.33349,0.99956,Mast,UC_vs_HC
TSPAN12,0.052583,0.46401,3.1249,0.14849,0.88196,,Mast,UC_vs_HC
ING3,2.8894,-0.39622,0.59981,-0.66057,0.50889,0.99956,Mast,UC_vs_HC
CPED1,0.090052,-0.81976,3.3835,-0.24228,0.80856,,Mast,UC_vs_HC
FAM3C,1.5059,-0.12139,0.79826,-0.15207,0.87913,0.99956,Mast,UC_vs_HC
AASS,0.18083,1.6059,1.9396,0.82796,0.40769,,Mast,UC_vs_HC
CADPS2,0.039637,-0.23575,2.975,-0.079243,0.93684,,Mast,UC_vs_HC
IQUB,0.0134,0.3681,4.0861,0.090086,0.92822,,Mast,UC_vs_HC
NDUFA5,8.1984,0.25307,0.38564,0.65623,0.51168,0.99956,Mast,UC_vs_HC
WASL,1.3043,0.77323,1.0415,0.74241,0.45784,0.99956,Mast,UC_vs_HC
AC006333.2,0.07365,-0.053317,3.1259,-0.017057,0.98639,,Mast,UC_vs_HC
POT1,0.39494,-0.56697,1.4824,-0.38246,0.70212,,Mast,UC_vs_HC
POT1-AS1,0.097449,0.73069,4.1338,0.17676,0.8597,,Mast,UC_vs_HC
GRM8,0.018728,0.70632,4.1361,0.17077,0.86441,,Mast,UC_vs_HC
ZNF800,3.2659,-0.45061,0.58997,-0.76378,0.445,0.99956,Mast,UC_vs_HC
GCC1,0.619,0.1695,1.2902,0.13138,0.89548,,Mast,UC_vs_HC
ARF5,3.5105,-0.047177,0.76129,-0.06197,0.95059,0.99956,Mast,UC_vs_HC
FSCN3,0.043089,1.2415,4.0577,0.30596,0.75964,,Mast,UC_vs_HC
SND1,3.3798,0.29031,0.56836,0.51078,0.60951,0.99956,Mast,UC_vs_HC
SND1-IT1,0.60224,0.30509,1.0857,0.28101,0.7787,,Mast,UC_vs_HC
LRRC4,0.11159,0.7888,3.2621,0.24181,0.80893,,Mast,UC_vs_HC
RBM28,2.1321,0.48487,0.61155,0.79284,0.42787,0.99956,Mast,UC_vs_HC
IMPDH1,0.21997,0.39549,2.0125,0.19651,0.84421,,Mast,UC_vs_HC
HILPDA,2.8813,2.1647,1.3418,1.6133,0.10668,0.99956,Mast,UC_vs_HC
METTL2B,1.3833,-1.0848,0.75821,-1.4308,0.15249,0.99956,Mast,UC_vs_HC
AC090114.2,0.49298,-0.14979,1.5115,-0.099097,0.92106,,Mast,UC_vs_HC
AC018638.7,0.081757,1.2076,3.3757,0.35774,0.72054,,Mast,UC_vs_HC
FAM71F2,0.084487,0.034617,2.2067,0.015687,0.98748,,Mast,UC_vs_HC
CALU,4.3495,-0.26894,0.57617,-0.46677,0.64066,0.99956,Mast,UC_vs_HC
CCDC136,0.044965,0.057449,3.1839,0.018044,0.9856,,Mast,UC_vs_HC
ATP6V1F,40.308,0.028618,0.1885,0.15182,0.87933,0.99956,Mast,UC_vs_HC
ATP6V1FNB,0.043089,1.2415,4.0577,0.30596,0.75964,,Mast,UC_vs_HC
IRF5,0.29491,1.742,1.5181,1.1475,0.25117,,Mast,UC_vs_HC
TNPO3,1.2941,-0.0612,0.82602,-0.07409,0.94094,0.99956,Mast,UC_vs_HC
SMO,0.037578,0.16073,4.0541,0.039647,0.96837,,Mast,UC_vs_HC
AHCYL2,0.56987,-0.98401,1.1983,-0.82118,0.41154,,Mast,UC_vs_HC
STRIP2,0.36173,0.30066,1.6262,0.18489,0.85332,,Mast,UC_vs_HC
SMKR1,0.039522,0.59268,4.1488,0.14286,0.8864,,Mast,UC_vs_HC
AC078846.1,0.11553,0.92892,1.625,0.57164,0.56757,,Mast,UC_vs_HC
NRF1,1.4999,-0.95802,0.94656,-1.0121,0.31149,0.99956,Mast,UC_vs_HC
UBE2H,3.8049,0.36992,0.6502,0.56894,0.5694,0.99956,Mast,UC_vs_HC
AC073320.1,0.30141,-1.0145,1.3598,-0.74602,0.45565,,Mast,UC_vs_HC
ZC3HC1,0.50452,0.23522,1.1771,0.19983,0.84161,,Mast,UC_vs_HC
KLHDC10,0.67275,2.585,1.3945,1.8537,0.063776,,Mast,UC_vs_HC
AC087071.1,0.081422,1.2197,1.981,0.61569,0.5381,,Mast,UC_vs_HC
TMEM209,0.50628,0.61064,1.5744,0.38785,0.69813,,Mast,UC_vs_HC
CEP41,0.43228,-0.29528,1.4463,-0.20416,0.83823,,Mast,UC_vs_HC
MEST,0.092378,-0.03005,2.0718,-0.014504,0.98843,,Mast,UC_vs_HC
COPG2,0.73248,1.7305,1.2845,1.3473,0.17789,,Mast,UC_vs_HC
TSGA13,0.0268,0.16572,4.0548,0.040869,0.9674,,Mast,UC_vs_HC
AC016831.7,0.72727,-0.11627,1.6381,-0.07098,0.94341,,Mast,UC_vs_HC
LINC00513,1.1319,1.9554,1.0107,1.9346,0.053035,0.96383,Mast,UC_vs_HC
AC016831.1,0.81336,0.035144,1.2547,0.02801,0.97765,,Mast,UC_vs_HC
AC016831.5,2.3279,0.55305,0.71563,0.77282,0.43963,0.99956,Mast,UC_vs_HC
AC058791.1,3.941,0.4334,0.7331,0.59119,0.55439,0.99956,Mast,UC_vs_HC
MKLN1,2.1561,1.0626,0.94709,1.122,0.26186,0.99956,Mast,UC_vs_HC
AC008264.2,0.14713,0.59006,1.9717,0.29926,0.76474,,Mast,UC_vs_HC
PODXL,0.018728,0.70632,4.1361,0.17077,0.86441,,Mast,UC_vs_HC
PLXNA4,0.081648,0.071974,3.5058,0.02053,0.98362,,Mast,UC_vs_HC
CHCHD3,3.691,0.034723,0.49627,0.069968,0.94422,0.99956,Mast,UC_vs_HC
EXOC4,1.3297,-0.79307,0.72443,-1.0948,0.27362,0.99956,Mast,UC_vs_HC
SLC35B4,0.88529,-0.021971,1.1147,-0.01971,0.98427,,Mast,UC_vs_HC
AC009275.1,0.19304,0.22195,3.9187,0.056638,0.95483,,Mast,UC_vs_HC
AKR1B1,3.2004,-0.005771,0.57761,-0.0099912,0.99203,0.99956,Mast,UC_vs_HC
AKR1B10,0.0134,0.3681,4.0861,0.090086,0.92822,,Mast,UC_vs_HC
BPGM,0.62823,0.39211,0.99913,0.39245,0.69473,,Mast,UC_vs_HC
CALD1,0.078928,0.77486,3.2615,0.23758,0.81221,,Mast,UC_vs_HC
AGBL3,0.037578,0.16073,4.0541,0.039647,0.96837,,Mast,UC_vs_HC
CYREN,0.49799,0.92667,1.2736,0.72757,0.46688,,Mast,UC_vs_HC
TMEM140,0.26709,2.5129,1.6458,1.5268,0.12681,,Mast,UC_vs_HC
AC083862.2,0.049867,1.3481,4.054,0.33255,0.73948,,Mast,UC_vs_HC
WDR91,0.54846,0.4456,1.2482,0.35698,0.72111,,Mast,UC_vs_HC
AC009542.1,0.037578,0.16073,4.0541,0.039647,0.96837,,Mast,UC_vs_HC
CNOT4,4.438,-0.39973,0.54722,-0.73047,0.4651,0.99956,Mast,UC_vs_HC
NUP205,0.65645,0.37032,1.1758,0.31495,0.7528,,Mast,UC_vs_HC
STMP1,15.628,-0.022588,0.34031,-0.066375,0.94708,0.99956,Mast,UC_vs_HC
AC015987.1,0.23164,0.24804,2.1409,0.11586,0.90776,,Mast,UC_vs_HC
MTPN,13.017,-0.39027,0.47924,-0.81434,0.41545,0.99956,Mast,UC_vs_HC
CREB3L2,6.0142,-0.084687,0.41628,-0.20344,0.83879,0.99956,Mast,UC_vs_HC
TRIM24,2.9274,-1.2623,0.58946,-2.1414,0.032238,0.89594,Mast,UC_vs_HC
SVOPL,9.3676,0.054079,0.47011,0.11504,0.90842,0.99956,Mast,UC_vs_HC
TMEM213,0.026346,1.1367,4.0708,0.27924,0.78006,,Mast,UC_vs_HC
KIAA1549,2.8498,-0.89788,0.74119,-1.2114,0.22574,0.99956,Mast,UC_vs_HC
ZC3HAV1L,0.0134,0.3681,4.0861,0.090086,0.92822,,Mast,UC_vs_HC
ZC3HAV1,5.4329,-0.1907,0.55482,-0.34371,0.73106,0.99956,Mast,UC_vs_HC
TTC26,0.10529,-0.40013,2.1992,-0.18194,0.85563,,Mast,UC_vs_HC
UBN2,1.6635,1.0634,0.9581,1.1099,0.26705,0.99956,Mast,UC_vs_HC
FMC1,3.4808,-0.41258,0.49316,-0.83661,0.40281,0.99956,Mast,UC_vs_HC
LUC7L2,3.208,-0.16476,0.56277,-0.29277,0.7697,0.99956,Mast,UC_vs_HC
AC083880.1,0.22402,-1.3518,1.6604,-0.81412,0.41557,,Mast,UC_vs_HC
HIPK2,4.0683,0.90792,0.63662,1.4262,0.15382,0.99956,Mast,UC_vs_HC
TBXAS1,5.4515,-0.15964,0.63697,-0.25063,0.8021,0.99956,Mast,UC_vs_HC
PARP12,0.88074,0.55424,0.99219,0.5586,0.57643,,Mast,UC_vs_HC
KDM7A,0.80807,1.8966,1.2825,1.4788,0.13919,,Mast,UC_vs_HC
SLC37A3,1.2772,0.81539,0.9255,0.88103,0.3783,0.99956,Mast,UC_vs_HC
MKRN1,3.4799,-0.2333,0.80417,-0.29011,0.77173,0.99956,Mast,UC_vs_HC
DENND2A,0.0134,0.3681,4.0861,0.090086,0.92822,,Mast,UC_vs_HC
ADCK2,0.60752,1.3014,1.0938,1.1898,0.23414,,Mast,UC_vs_HC
NDUFB2,33.082,0.27498,0.25831,1.0646,0.28707,0.99956,Mast,UC_vs_HC
NDUFB2-AS1,0.095563,0.23615,3.3957,0.069544,0.94456,,Mast,UC_vs_HC
BRAF,9.2303,-0.68167,0.40541,-1.6814,0.092678,0.99956,Mast,UC_vs_HC
MRPS33,3.5243,-0.12698,0.51201,-0.248,0.80414,0.99956,Mast,UC_vs_HC
AGK,0.30292,1.2388,1.5623,0.79292,0.42782,,Mast,UC_vs_HC
AC004918.1,0.6544,1.9274,1.3311,1.448,0.14762,,Mast,UC_vs_HC
KIAA1147,2.6415,1.1271,0.91368,1.2336,0.21735,0.99956,Mast,UC_vs_HC
SSBP1,15.407,0.036367,0.27379,0.13283,0.89433,0.99956,Mast,UC_vs_HC
TAS2R4,0.12009,1.1983,1.7791,0.67353,0.50061,,Mast,UC_vs_HC
TRBV14,0.037456,0.73093,4.1338,0.17682,0.85965,,Mast,UC_vs_HC
MTRNR2L6,0.052583,0.46401,3.1249,0.14849,0.88196,,Mast,UC_vs_HC
PRSS2,0.018728,0.70632,4.1361,0.17077,0.86441,,Mast,UC_vs_HC
TRBC1,1.0915,0.94212,2.059,0.45756,0.64727,,Mast,UC_vs_HC
TRBC2,0.48196,1.3492,1.8448,0.7314,0.46454,,Mast,UC_vs_HC
EPHB6,0.083202,0.61127,3.3445,0.18277,0.85498,,Mast,UC_vs_HC
GSTK1,7.7454,0.15172,0.38612,0.39294,0.69437,0.99956,Mast,UC_vs_HC
CASP2,0.79758,-0.024946,1.1252,-0.02217,0.98231,,Mast,UC_vs_HC
AC093673.1,0.73142,1.0748,1.6853,0.63774,0.52365,,Mast,UC_vs_HC
ZYX,1.8966,-0.21588,0.73802,-0.29251,0.76989,0.99956,Mast,UC_vs_HC
EPHA1,0.026346,1.1367,4.0708,0.27924,0.78006,,Mast,UC_vs_HC
EPHA1-AS1,0.049867,1.3481,4.054,0.33255,0.73948,,Mast,UC_vs_HC
TCAF1,0.96301,-0.73359,1.0262,-0.71485,0.4747,,Mast,UC_vs_HC
OR2A25,0.058365,-0.18981,1.9992,-0.094943,0.92436,,Mast,UC_vs_HC
ARHGEF35,0.12217,0.59387,1.8991,0.31271,0.7545,,Mast,UC_vs_HC
OR2A1-AS1,0.064474,0.59268,4.1488,0.14286,0.8864,,Mast,UC_vs_HC
TPK1,0.66785,-0.98018,1.1387,-0.8608,0.38935,,Mast,UC_vs_HC
AC005229.4,0.068811,0.43735,3.185,0.13732,0.89078,,Mast,UC_vs_HC
CUL1,1.7469,-0.12295,0.75328,-0.16321,0.87035,0.99956,Mast,UC_vs_HC
EZH2,2.7022,-0.32696,0.7427,-0.44024,0.65977,0.99956,Mast,UC_vs_HC
GHET1,0.037578,0.16073,4.0541,0.039647,0.96837,,Mast,UC_vs_HC
PDIA4,4.0131,0.93851,0.58835,1.5951,0.11068,0.99956,Mast,UC_vs_HC
ZNF786,0.089407,1.073,3.4752,0.30876,0.7575,,Mast,UC_vs_HC
ZNF425,0.053037,-0.40462,3.0583,-0.1323,0.89475,,Mast,UC_vs_HC
ZNF398,0.18316,0.7717,2.5408,0.30373,0.76134,,Mast,UC_vs_HC
ZNF282,0.21592,0.74051,1.4615,0.50668,0.61238,,Mast,UC_vs_HC
ZNF212,0.049867,1.3481,4.054,0.33255,0.73948,,Mast,UC_vs_HC
ZNF783,0.17777,1.0781,1.7057,0.63207,0.52734,,Mast,UC_vs_HC
ZNF777,0.055411,0.73069,4.1338,0.17676,0.8597,,Mast,UC_vs_HC
ZNF746,0.10409,0.22217,1.7822,0.12466,0.90079,,Mast,UC_vs_HC
KRBA1,0.48031,0.89072,1.4893,0.59808,0.54979,,Mast,UC_vs_HC
ZNF862,0.22113,-0.91925,2.9375,-0.31294,0.75433,,Mast,UC_vs_HC
ATP6V0E2-AS1,0.075058,1.3326,4.0556,0.32858,0.74247,,Mast,UC_vs_HC
ATP6V0E2,0.43598,-0.12146,1.3201,-0.092009,0.92669,,Mast,UC_vs_HC
AC093458.1,0.10756,1.1792,3.5163,0.33536,0.73735,,Mast,UC_vs_HC
ACTR3C,0.084698,0.50617,3.4933,0.1449,0.88479,,Mast,UC_vs_HC
LRRC61,0.13927,1.5952,3.7769,0.42236,0.67276,,Mast,UC_vs_HC
ZBED6CL,0.18591,1.0791,2.4649,0.4378,0.66153,,Mast,UC_vs_HC
RARRES2,0.059765,0.024139,4.0722,0.0059277,0.99527,,Mast,UC_vs_HC
REPIN1,1.049,0.069688,0.91226,0.07639,0.93911,,Mast,UC_vs_HC
ZNF775,0.10365,1.2415,4.0577,0.30596,0.75964,,Mast,UC_vs_HC
AC073111.5,0.2701,0.19263,1.4608,0.13187,0.89509,,Mast,UC_vs_HC
LINC00996,2.7252,0.91789,0.82132,1.1176,0.26375,0.99956,Mast,UC_vs_HC
GIMAP8,0.069889,0.66126,3.2782,0.20171,0.84014,,Mast,UC_vs_HC
GIMAP7,0.18184,1.2743,1.9765,0.64474,0.5191,,Mast,UC_vs_HC
GIMAP4,0.037456,0.73093,4.1338,0.17682,0.85965,,Mast,UC_vs_HC
GIMAP6,0.27866,0.53909,1.7778,0.30323,0.76171,,Mast,UC_vs_HC
GIMAP2,0.97356,1.3823,0.86129,1.6049,0.10852,,Mast,UC_vs_HC
GIMAP1,0.31359,-0.1639,1.395,-0.11749,0.90647,,Mast,UC_vs_HC
TMEM176B,13.008,3.9346,0.99432,3.9571,7.5858e-05,0.048434,Mast,UC_vs_HC
TMEM176A,3.8526,2.7024,0.94746,2.8523,0.0043403,0.54688,Mast,UC_vs_HC
AOC1,0.08221,0.24016,3.2921,0.072951,0.94184,,Mast,UC_vs_HC
KCNH2,2.8171,0.11952,0.69839,0.17114,0.86411,0.99956,Mast,UC_vs_HC
NOS3,0.2156,1.9614,2.6471,0.74097,0.45871,,Mast,UC_vs_HC
ATG9B,0.24345,0.097105,1.9017,0.051062,0.95928,,Mast,UC_vs_HC
ABCB8,2.6979,-0.99715,0.77839,-1.281,0.20018,0.99956,Mast,UC_vs_HC
AC010973.1,0.059765,0.024139,4.0722,0.0059277,0.99527,,Mast,UC_vs_HC
ASIC3,0.6604,2.0379,1.4341,1.4211,0.1553,,Mast,UC_vs_HC
CDK5,2.6656,0.3678,0.6951,0.52913,0.59672,0.99956,Mast,UC_vs_HC
SLC4A2,2.985,-0.062712,0.65114,-0.09631,0.92327,0.99956,Mast,UC_vs_HC
FASTK,2.338,0.29911,0.73202,0.40861,0.68282,0.99956,Mast,UC_vs_HC
TMUB1,0.77664,-0.75538,1.3493,-0.55981,0.57561,,Mast,UC_vs_HC
AGAP3,0.6294,0.03444,0.96419,0.035719,0.97151,,Mast,UC_vs_HC
AC021097.2,0.026237,0.024139,4.0722,0.0059277,0.99527,,Mast,UC_vs_HC
ABCF2,0.039637,-0.23575,2.975,-0.079243,0.93684,,Mast,UC_vs_HC
ABCF2-1,0.81055,0.73289,1.0765,0.68079,0.49601,,Mast,UC_vs_HC
CHPF2,0.8429,0.028922,1.0412,0.027778,0.97784,,Mast,UC_vs_HC
SMARCD3,0.38372,-0.6098,1.4217,-0.42894,0.66797,,Mast,UC_vs_HC
AC021097.1,0.0268,0.16572,4.0548,0.040869,0.9674,,Mast,UC_vs_HC
NUB1,3.9582,-0.058898,0.55232,-0.10664,0.91508,0.99956,Mast,UC_vs_HC
RHEB,6.883,0.1223,1.0537,0.11606,0.9076,0.99956,Mast,UC_vs_HC
PRKAG2,0.86297,-0.97013,0.95821,-1.0124,0.31133,,Mast,UC_vs_HC
PRKAG2-AS1,0.12609,0.19712,3.6087,0.054624,0.95644,,Mast,UC_vs_HC
GALNT11,2.4783,0.40439,0.64088,0.631,0.52804,0.99956,Mast,UC_vs_HC
KMT2C,6.2893,0.80063,0.39943,2.0044,0.045027,0.92793,Mast,UC_vs_HC
LINC01003,0.0134,0.3681,4.0861,0.090086,0.92822,,Mast,UC_vs_HC
ACTR3B,0.044965,0.057449,3.1839,0.018044,0.9856,,Mast,UC_vs_HC
PAXIP1-AS2,0.54294,0.54376,1.1993,0.45338,0.65027,,Mast,UC_vs_HC
PAXIP1,0.24904,1.0303,1.8501,0.5569,0.5776,,Mast,UC_vs_HC
AC093726.2,0.026346,1.1367,4.0708,0.27924,0.78006,,Mast,UC_vs_HC
PAXIP1-AS1,0.15497,-0.49335,1.8302,-0.26956,0.7875,,Mast,UC_vs_HC
AC144652.1,0.068811,0.43735,3.185,0.13732,0.89078,,Mast,UC_vs_HC
INSIG1,3.1877,-0.21552,0.81385,-0.26481,0.79116,0.99956,Mast,UC_vs_HC
AC009403.1,0.64123,-0.73571,1.1015,-0.66793,0.50418,,Mast,UC_vs_HC
RBM33,2.9375,1.139,0.73168,1.5567,0.11953,0.99956,Mast,UC_vs_HC
LINC01006,0.26785,0.19771,1.6205,0.12201,0.90289,,Mast,UC_vs_HC
RNF32,0.17289,-0.14776,1.4319,-0.10319,0.91781,,Mast,UC_vs_HC
LMBR1,0.20565,0.90876,2.0145,0.45111,0.65191,,Mast,UC_vs_HC
NOM1,0.67895,0.68721,1.2889,0.53316,0.59392,,Mast,UC_vs_HC
UBE3C,1.0207,0.48424,0.94852,0.51052,0.60969,,Mast,UC_vs_HC
DNAJB6,21.862,-0.38167,0.27155,-1.4055,0.15986,0.99956,Mast,UC_vs_HC
PTPRN2,2.1357,-0.42411,0.75191,-0.56405,0.57272,0.99956,Mast,UC_vs_HC
AC011899.2,0.49068,-0.23083,1.0594,-0.21789,0.82751,,Mast,UC_vs_HC
AC011899.3,0.12247,0.34754,1.5969,0.21764,0.82771,,Mast,UC_vs_HC
NCAPG2,0.33506,-0.33379,1.5264,-0.21867,0.8269,,Mast,UC_vs_HC
ESYT2,3.3542,0.52872,0.65563,0.80642,0.42,0.99956,Mast,UC_vs_HC
WDR60,1.274,-1.2071,1.3599,-0.88762,0.37474,0.99956,Mast,UC_vs_HC
PLCXD1,0.39267,-0.082737,1.5836,-0.052246,0.95833,,Mast,UC_vs_HC
GTPBP6,0.54975,-0.47575,1.3884,-0.34266,0.73186,,Mast,UC_vs_HC
LINC00685,1.0286,0.32493,1.0084,0.32222,0.74729,,Mast,UC_vs_HC
PPP2R3B,0.0268,0.16572,4.0548,0.040869,0.9674,,Mast,UC_vs_HC
AL672277.1,0.10285,0.60091,3.5176,0.17083,0.86436,,Mast,UC_vs_HC
CRLF2,3.1872,-1.0946,0.75117,-1.4572,0.14505,0.99956,Mast,UC_vs_HC
CSF2RA,0.24229,-1.4218,2.6294,-0.54073,0.5887,,Mast,UC_vs_HC
IL3RA,3.8921,2.8784,0.93322,3.0844,0.0020399,0.32441,Mast,UC_vs_HC
SLC25A6,21.484,-0.073438,0.43475,-0.16892,0.86586,0.99956,Mast,UC_vs_HC
LINC00106,0.026237,0.024139,4.0722,0.0059277,0.99527,,Mast,UC_vs_HC
ASMTL-AS1,0.080667,0.7043,3.3859,0.20801,0.83522,,Mast,UC_vs_HC
ASMTL,2.8615,-2.0433,0.78335,-2.6085,0.0090949,0.69146,Mast,UC_vs_HC
P2RY8,0.23295,0.08326,2.1068,0.03952,0.96848,,Mast,UC_vs_HC
AKAP17A,4.2685,0.89697,0.88156,1.0175,0.30892,0.99956,Mast,UC_vs_HC
DHRSX,0.6496,0.42423,1.2662,0.33503,0.7376,,Mast,UC_vs_HC
ZBED1,1.3014,-0.57784,0.88981,-0.64939,0.51609,0.99956,Mast,UC_vs_HC
CD99,16.671,-0.53348,0.39361,-1.3553,0.17531,0.99956,Mast,UC_vs_HC
XG,0.12752,0.6793,1.915,0.35472,0.7228,,Mast,UC_vs_HC
ARSD,1.4599,0.57027,0.85735,0.66516,0.50595,0.99956,Mast,UC_vs_HC
ARSD-AS1,0.024934,1.088,4.0829,0.26647,0.78988,,Mast,UC_vs_HC
PRKX,11.119,0.2597,0.5159,0.5034,0.61469,0.99956,Mast,UC_vs_HC
BX890604.1,0.11094,0.024162,2.2846,0.010576,0.99156,,Mast,UC_vs_HC
FAM239A,0.12228,-0.0047477,2.3711,-0.0020023,0.9984,,Mast,UC_vs_HC
FAM239B,0.051171,0.51223,3.1431,0.16297,0.87054,,Mast,UC_vs_HC
NLGN4X,0.026346,1.1367,4.0708,0.27924,0.78006,,Mast,UC_vs_HC
PUDP,0.018728,0.70632,4.1361,0.17077,0.86441,,Mast,UC_vs_HC
STS,0.10737,0.16073,4.0541,0.039647,0.96837,,Mast,UC_vs_HC
PNPLA4,0.88403,0.37378,0.91904,0.40671,0.68422,,Mast,UC_vs_HC
FAM9B,0.064474,0.59268,4.1488,0.14286,0.8864,,Mast,UC_vs_HC
TBL1X,1.5812,1.5167,1.302,1.1649,0.24405,0.99956,Mast,UC_vs_HC
SHROOM2,0.043089,1.2415,4.0577,0.30596,0.75964,,Mast,UC_vs_HC
CLDN34,0.0134,0.3681,4.0861,0.090086,0.92822,,Mast,UC_vs_HC
WWC3,1.6515,0.89262,0.76221,1.1711,0.24156,0.99956,Mast,UC_vs_HC
WWC3-AS1,0.28344,1.6219,2.9457,0.55059,0.58192,,Mast,UC_vs_HC
MID1,0.018728,0.70632,4.1361,0.17077,0.86441,,Mast,UC_vs_HC
HCCS,1.1811,0.63376,0.90752,0.69833,0.48497,0.99956,Mast,UC_vs_HC
ARHGAP6,2.3824,-0.27201,0.62191,-0.43737,0.66184,0.99956,Mast,UC_vs_HC
MSL3,1.2917,-0.57885,0.88412,-0.65472,0.51265,0.99956,Mast,UC_vs_HC
PRPS2,1.4313,0.15427,0.77585,0.19885,0.84238,0.99956,Mast,UC_vs_HC
TLR7,0.18912,0.71487,2.7278,0.26207,0.79327,,Mast,UC_vs_HC
TMSB4X,447.84,-0.5437,0.47597,-1.1423,0.25333,0.99956,Mast,UC_vs_HC
FAM9C,0.026346,1.1367,4.0708,0.27924,0.78006,,Mast,UC_vs_HC
TCEANC,0.22707,0.018418,1.6681,0.011042,0.99119,,Mast,UC_vs_HC
RAB9A,4.5388,0.24348,0.4138,0.58839,0.55627,0.99956,Mast,UC_vs_HC
TRAPPC2,1.3478,-0.5782,0.78436,-0.73716,0.46102,0.99956,Mast,UC_vs_HC
OFD1,3.6895,-0.80628,0.73359,-1.0991,0.27173,0.99956,Mast,UC_vs_HC
GPM6B,1.0457,-0.98206,1.0803,-0.9091,0.3633,,Mast,UC_vs_HC
AC003035.1,0.024934,1.088,4.0829,0.26647,0.78988,,Mast,UC_vs_HC
GEMIN8,0.60588,0.27104,1.2713,0.21319,0.83118,,Mast,UC_vs_HC
GLRA2,0.06025,0.16073,4.0541,0.039647,0.96837,,Mast,UC_vs_HC
FANCB,0.46893,0.095859,1.5682,0.061126,0.95126,,Mast,UC_vs_HC
MOSPD2,0.61612,0.85172,1.061,0.80275,0.42212,,Mast,UC_vs_HC
PIGA,4.1977,-0.45372,0.56216,-0.80711,0.41961,0.99956,Mast,UC_vs_HC
PIR,0.38218,1.0374,2.0319,0.51055,0.60966,,Mast,UC_vs_HC
CA5B,0.45364,0.036316,1.458,0.024909,0.98013,,Mast,UC_vs_HC
ZRSR2,1.2208,-0.29882,0.89359,-0.33441,0.73807,0.99956,Mast,UC_vs_HC
AP1S2,4.687,-0.63921,0.73417,-0.87066,0.38394,0.99956,Mast,UC_vs_HC
CTPS2,0.65628,-0.32027,1.3711,-0.23359,0.8153,,Mast,UC_vs_HC
SYAP1,30.458,-0.85792,0.41288,-2.0779,0.037721,0.90299,Mast,UC_vs_HC
TXLNG,1.4091,0.074819,0.7159,0.10451,0.91676,0.99956,Mast,UC_vs_HC
RBBP7,5.3271,-0.36371,0.47419,-0.76702,0.44307,0.99956,Mast,UC_vs_HC
REPS2,0.23241,1.7782,2.0806,0.85468,0.39273,,Mast,UC_vs_HC
SCML1,2.0566,-2.0098,0.98668,-2.0369,0.041658,0.90623,Mast,UC_vs_HC
RAI2,0.037578,0.16073,4.0541,0.039647,0.96837,,Mast,UC_vs_HC
BEND2,0.026237,0.024139,4.0722,0.0059277,0.99527,,Mast,UC_vs_HC
CDKL5,0.056184,0.74969,4.1322,0.18142,0.85603,,Mast,UC_vs_HC
PHKA2,0.61638,0.24854,1.7119,0.14518,0.88457,,Mast,UC_vs_HC
ADGRG2,0.059765,0.024139,4.0722,0.0059277,0.99527,,Mast,UC_vs_HC
PDHA1,2.7326,0.1241,0.53477,0.23207,0.81649,0.99956,Mast,UC_vs_HC
MAP3K15,0.018728,0.70632,4.1361,0.17077,0.86441,,Mast,UC_vs_HC
SH3KBP1,6.2119,0.544,0.64891,0.83832,0.40185,0.99956,Mast,UC_vs_HC
BCLAF3,0.88326,1.193,1.1322,1.0537,0.29203,,Mast,UC_vs_HC
EIF1AX,13.383,-0.22081,0.33562,-0.65791,0.5106,0.99956,Mast,UC_vs_HC
RPS6KA3,5.2964,-0.015351,0.41523,-0.036969,0.97051,0.99956,Mast,UC_vs_HC
CNKSR2,0.21765,1.6553,2.0909,0.79163,0.42858,,Mast,UC_vs_HC
KLHL34,0.026346,1.1367,4.0708,0.27924,0.78006,,Mast,UC_vs_HC
MBTPS2,0.079159,-0.28658,2.1515,-0.1332,0.89404,,Mast,UC_vs_HC
YY2,0.0134,0.3681,4.0861,0.090086,0.92822,,Mast,UC_vs_HC
SMS,3.4212,-0.70132,0.56046,-1.2513,0.21081,0.99956,Mast,UC_vs_HC
PHEX,0.0134,0.3681,4.0861,0.090086,0.92822,,Mast,UC_vs_HC
PRDX4,5.3117,0.41088,0.50873,0.80766,0.41929,0.99956,Mast,UC_vs_HC
ACOT9,3.0335,-0.1442,0.60213,-0.23948,0.81073,0.99956,Mast,UC_vs_HC
AC131011.1,0.026346,1.1367,4.0708,0.27924,0.78006,,Mast,UC_vs_HC
SAT1,148.86,-0.42424,0.35418,-1.1978,0.23099,0.99956,Mast,UC_vs_HC
APOO,0.75378,-0.15432,0.93951,-0.16426,0.86953,,Mast,UC_vs_HC
CXorf58,0.026346,1.1367,4.0708,0.27924,0.78006,,Mast,UC_vs_HC
KLHL15,0.89963,0.36398,0.93085,0.39102,0.69578,,Mast,UC_vs_HC
EIF2S3,8.4791,0.19429,0.45023,0.43155,0.66607,0.99956,Mast,UC_vs_HC
ZFX,2.3143,0.5394,0.60864,0.88624,0.37549,0.99956,Mast,UC_vs_HC
PDK3,0.5417,1.4585,2.0509,0.71112,0.47701,,Mast,UC_vs_HC
POLA1,0.43975,0.90627,1.3423,0.67516,0.49957,,Mast,UC_vs_HC
IL1RAPL1,5.1337,-0.85663,0.57814,-1.4817,0.13842,0.99956,Mast,UC_vs_HC
MAGEB2,0.15451,0.47042,1.9052,0.24692,0.80497,,Mast,UC_vs_HC
MAGEB4,0.059765,0.024139,4.0722,0.0059277,0.99527,,Mast,UC_vs_HC
NR0B1,0.039522,0.59268,4.1488,0.14286,0.8864,,Mast,UC_vs_HC
CXorf21,1.5876,0.61869,1.2408,0.49863,0.61804,0.99956,Mast,UC_vs_HC
GK,4.682,0.87288,0.59095,1.4771,0.13966,0.99956,Mast,UC_vs_HC
GK-AS1,0.27153,-0.99449,1.6641,-0.59763,0.55009,,Mast,UC_vs_HC
TAB3,1.5829,0.11376,0.87337,0.13026,0.89636,0.99956,Mast,UC_vs_HC
DMD,0.084698,0.50617,3.4933,0.1449,0.88479,,Mast,UC_vs_HC
PRRG1,0.037578,0.16073,4.0541,0.039647,0.96837,,Mast,UC_vs_HC
LANCL3,0.0268,0.16572,4.0548,0.040869,0.9674,,Mast,UC_vs_HC
XK,0.055411,0.73069,4.1338,0.17676,0.8597,,Mast,UC_vs_HC
CYBB,0.1621,1.573,2.496,0.63021,0.52856,,Mast,UC_vs_HC
DYNLT3,8.4779,-0.4112,0.40579,-1.0133,0.3109,0.99956,Mast,UC_vs_HC
RPGR,2.6244,-0.33382,0.86024,-0.38806,0.69797,0.99956,Mast,UC_vs_HC
TSPAN7,1.1447,0.084163,0.8347,0.10083,0.91969,0.99956,Mast,UC_vs_HC
MID1IP1,3.2771,-0.5131,0.90672,-0.56588,0.57148,0.99956,Mast,UC_vs_HC
BCOR,1.5442,0.44194,0.89572,0.4934,0.62173,0.99956,Mast,UC_vs_HC
ATP6AP2,7.2564,-0.52822,0.54723,-0.96526,0.33442,0.99956,Mast,UC_vs_HC
CXorf38,0.75229,-0.045453,1.0957,-0.041485,0.96691,,Mast,UC_vs_HC
MED14,0.32271,0.45673,1.3015,0.35092,0.72565,,Mast,UC_vs_HC
MED14OS,0.65589,0.19568,1.6517,0.11847,0.90569,,Mast,UC_vs_HC
USP9X,3.2118,0.70813,0.70066,1.0107,0.31218,0.99956,Mast,UC_vs_HC
DDX3X,51.912,-0.96603,0.34609,-2.7913,0.0052504,0.58522,Mast,UC_vs_HC
CASK,0.42088,1.3418,1.3913,0.96443,0.33483,,Mast,UC_vs_HC
GPR34,3.0497,0.2661,0.96003,0.27718,0.78164,0.99956,Mast,UC_vs_HC
GPR82,0.28129,-0.33435,1.5218,-0.21971,0.82609,,Mast,UC_vs_HC
MAOA,0.16577,-1.2199,2.124,-0.57437,0.56572,,Mast,UC_vs_HC
MAOB,12.037,-0.13789,0.43232,-0.31895,0.74977,0.99956,Mast,UC_vs_HC
EFHC2,0.98199,-0.36918,0.82681,-0.44651,0.65523,,Mast,UC_vs_HC
FUNDC1,0.79776,-0.19702,1.0891,-0.18091,0.85644,,Mast,UC_vs_HC
KDM6A,0.55572,-0.45463,1.0991,-0.41363,0.67915,,Mast,UC_vs_HC
MIR222HG,4.774,-1.2925,0.66831,-1.9339,0.053121,0.96383,Mast,UC_vs_HC
AC234772.3,0.38644,0.50818,1.6084,0.31594,0.75204,,Mast,UC_vs_HC
KRBOX4,0.69622,2.0365,1.1934,1.7064,0.087925,,Mast,UC_vs_HC
ZNF674,0.16483,0.60652,1.7446,0.34765,0.7281,,Mast,UC_vs_HC
ZNF674-AS1,0.084602,-0.60755,2.1217,-0.28636,0.7746,,Mast,UC_vs_HC
CHST7,0.026346,1.1367,4.0708,0.27924,0.78006,,Mast,UC_vs_HC
SLC9A7,0.026237,0.024139,4.0722,0.0059277,0.99527,,Mast,UC_vs_HC
RP2,1.8998,-0.023626,0.71482,-0.033052,0.97363,0.99956,Mast,UC_vs_HC
JADE3,0.11662,0.017842,3.7805,0.0047195,0.99623,,Mast,UC_vs_HC
NDUFB11,18.295,-0.63064,0.37954,-1.6616,0.096595,0.99956,Mast,UC_vs_HC
RBM10,2.0449,0.17792,0.82915,0.21459,0.83009,0.99956,Mast,UC_vs_HC
UBA1,2.4666,0.17088,0.62626,0.27286,0.78496,0.99956,Mast,UC_vs_HC
CDK16,0.80135,-1.3686,1.2157,-1.1258,0.26026,,Mast,UC_vs_HC
USP11,4.1133,-0.0057116,0.61392,-0.0093035,0.99258,0.99956,Mast,UC_vs_HC
ZNF41,0.20449,-0.29225,1.6021,-0.18242,0.85526,,Mast,UC_vs_HC
LINC01560,0.026237,0.024139,4.0722,0.0059277,0.99527,,Mast,UC_vs_HC
ARAF,1.1035,-0.29946,1.1015,-0.27186,0.78573,,Mast,UC_vs_HC
TIMP1,65.675,1.1399,0.36244,3.1451,0.0016606,0.32388,Mast,UC_vs_HC
CFP,0.052691,1.4311,4.036,0.35458,0.7229,,Mast,UC_vs_HC
ELK1,0.33229,0.31023,1.23,0.25222,0.80087,,Mast,UC_vs_HC
UXT,12.696,-0.056385,0.32299,-0.17457,0.86142,0.99956,Mast,UC_vs_HC
UXT-AS1,0.018728,0.70632,4.1361,0.17077,0.86441,,Mast,UC_vs_HC
ZNF81,0.45926,1.2183,2.0936,0.58191,0.56062,,Mast,UC_vs_HC
ZNF182,0.51353,1.1734,1.4836,0.79092,0.42899,,Mast,UC_vs_HC
ZNF630,0.1891,0.25845,2.4735,0.10449,0.91678,,Mast,UC_vs_HC
SSX5,0.075058,1.3326,4.0556,0.32858,0.74247,,Mast,UC_vs_HC
SLC38A5,0.14494,-0.3141,3.5574,-0.088293,0.92964,,Mast,UC_vs_HC
FTSJ1,1.0929,1.0979,1.5449,0.71068,0.47728,,Mast,UC_vs_HC
PORCN,0.16516,1.5189,1.6032,0.94743,0.34342,,Mast,UC_vs_HC
EBP,1.8891,1.3929,0.85614,1.627,0.10374,0.99956,Mast,UC_vs_HC
TBC1D25,0.27165,0.36821,1.4006,0.26289,0.79264,,Mast,UC_vs_HC
RBM3,13.468,0.13673,0.35525,0.38489,0.70032,0.99956,Mast,UC_vs_HC
WDR13,2.5135,-0.54567,0.66688,-0.81823,0.41322,0.99956,Mast,UC_vs_HC
WAS,4.3159,-0.48976,0.45394,-1.0789,0.28062,0.99956,Mast,UC_vs_HC
SUV39H1,0.18053,-0.76123,2.4661,-0.30868,0.75757,,Mast,UC_vs_HC
AC231533.1,0.080345,1.1224,3.1892,0.35194,0.72488,,Mast,UC_vs_HC
GATA1,1.8218,0.098719,1.0056,0.098169,0.9218,0.99956,Mast,UC_vs_HC
HDAC6,0.52854,-0.8101,1.0707,-0.75662,0.44928,,Mast,UC_vs_HC
TIMM17B,3.6153,-0.12347,0.55303,-0.22326,0.82333,0.99956,Mast,UC_vs_HC
PQBP1,4.0195,-0.018718,0.46405,-0.040336,0.96782,0.99956,Mast,UC_vs_HC
SLC35A2,0.6194,0.47963,0.93231,0.51445,0.60694,,Mast,UC_vs_HC
PIM2,2.4873,1.2414,0.94382,1.3153,0.18841,0.99956,Mast,UC_vs_HC
OTUD5,1.4458,-0.47506,0.73983,-0.64213,0.52079,0.99956,Mast,UC_vs_HC
GRIPAP1,3.0891,0.38187,0.58182,0.65633,0.51161,0.99956,Mast,UC_vs_HC
TFE3,1.232,-0.45535,0.96932,-0.46976,0.63853,0.99956,Mast,UC_vs_HC
CCDC120,0.039522,0.59268,4.1488,0.14286,0.8864,,Mast,UC_vs_HC
PRAF2,0.55655,0.11372,1.5486,0.073435,0.94146,,Mast,UC_vs_HC
WDR45,2.6692,0.00035574,0.55612,0.00063969,0.99949,0.99996,Mast,UC_vs_HC
GPKOW,0.95154,-1.7841,1.0676,-1.6711,0.094707,,Mast,UC_vs_HC
MAGIX,0.19104,0.66835,2.468,0.27081,0.78654,,Mast,UC_vs_HC
PLP2,6.9095,0.51487,0.36818,1.3984,0.16199,0.99956,Mast,UC_vs_HC
PRICKLE3,0.18227,1.1526,1.9266,0.59825,0.54967,,Mast,UC_vs_HC
SYP,0.25635,-0.82839,1.8228,-0.45445,0.6495,,Mast,UC_vs_HC
CACNA1F,0.069889,0.66126,3.2782,0.20171,0.84014,,Mast,UC_vs_HC
CCDC22,1.3059,-0.26915,0.75727,-0.35542,0.72228,0.99956,Mast,UC_vs_HC
FOXP3,0.039522,0.59268,4.1488,0.14286,0.8864,,Mast,UC_vs_HC
AC232271.1,0.097449,0.73069,4.1338,0.17676,0.8597,,Mast,UC_vs_HC
GSPT2,0.69219,-0.50662,1.4605,-0.34688,0.72869,,Mast,UC_vs_HC
MAGED1,0.74812,-0.18872,1.3988,-0.13492,0.89268,,Mast,UC_vs_HC
XAGE3,0.1205,-0.41456,3.9842,-0.10405,0.91713,,Mast,UC_vs_HC
TSPYL2,7.8649,-0.4296,0.57624,-0.74552,0.45596,0.99956,Mast,UC_vs_HC
KANTR,0.5074,0.27548,1.3612,0.20238,0.83962,,Mast,UC_vs_HC
KDM5C,1.4386,0.093634,0.82104,0.11404,0.9092,0.99956,Mast,UC_vs_HC
IQSEC2,0.19396,0.13222,2.6101,0.050658,0.9596,,Mast,UC_vs_HC
SMC1A,2.363,-0.849,0.67284,-1.2618,0.20702,0.99956,Mast,UC_vs_HC
HSD17B10,3.5744,0.82708,0.48886,1.6919,0.090672,0.99956,Mast,UC_vs_HC
HUWE1,2.8694,0.011142,0.59455,0.01874,0.98505,0.99956,Mast,UC_vs_HC
PHF8,0.82883,0.16596,0.97256,0.17064,0.86451,,Mast,UC_vs_HC
FAM120C,0.95207,2.2152,1.9349,1.1449,0.25225,,Mast,UC_vs_HC
WNK3,0.29663,1.4277,1.6039,0.89011,0.37341,,Mast,UC_vs_HC
TSR2,3.3408,0.348,0.47211,0.73711,0.46106,0.99956,Mast,UC_vs_HC
GNL3L,1.1833,0.79582,1.1705,0.67991,0.49656,0.99956,Mast,UC_vs_HC
MAGED2,7.5676,0.16869,0.37194,0.45354,0.65016,0.99956,Mast,UC_vs_HC
TRO,0.17112,0.82522,2.3145,0.35655,0.72143,,Mast,UC_vs_HC
APEX2,1.0318,0.28004,0.91922,0.30465,0.76063,,Mast,UC_vs_HC
ALAS2,0.024934,1.088,4.0829,0.26647,0.78988,,Mast,UC_vs_HC
FAM104B,3.3913,0.078584,0.65976,0.11911,0.90519,0.99956,Mast,UC_vs_HC
MTRNR2L10,0.35594,0.89784,1.331,0.67454,0.49997,,Mast,UC_vs_HC
PAGE3,0.092214,1.3196,3.3744,0.39105,0.69576,,Mast,UC_vs_HC
MAGEH1,1.2429,0.25688,0.84185,0.30514,0.76026,0.99956,Mast,UC_vs_HC
USP51,0.17006,1.3323,1.9433,0.68558,0.49298,,Mast,UC_vs_HC
RRAGB,1.2714,0.46129,1.5994,0.28841,0.77304,0.99956,Mast,UC_vs_HC
AL445472.1,0.97454,-0.86052,1.0649,-0.80807,0.41905,,Mast,UC_vs_HC
KLF8,0.032128,0.40025,2.7752,0.14423,0.88532,,Mast,UC_vs_HC
UBQLN2,1.252,0.40277,0.86285,0.46678,0.64065,0.99956,Mast,UC_vs_HC
NBDY,7.4054,0.31899,0.35568,0.89685,0.3698,0.99956,Mast,UC_vs_HC
SPIN3,0.15476,-0.52012,1.7711,-0.29366,0.76902,,Mast,UC_vs_HC
SPIN2B,0.84943,1.3269,1.0484,1.2656,0.20565,,Mast,UC_vs_HC
AL022157.1,0.08611,0.46123,3.4301,0.13446,0.89304,,Mast,UC_vs_HC
ZXDB,0.38379,1.2246,1.2997,0.94217,0.34611,,Mast,UC_vs_HC
ZXDA,0.018728,0.70632,4.1361,0.17077,0.86441,,Mast,UC_vs_HC
SPIN4,0.54959,-1.3874,1.1781,-1.1777,0.23891,,Mast,UC_vs_HC
ARHGEF9,1.2629,-0.83129,0.81743,-1.017,0.30917,0.99956,Mast,UC_vs_HC
AMER1,0.097706,0.22156,3.4618,0.064002,0.94897,,Mast,UC_vs_HC
ASB12,0.0134,0.3681,4.0861,0.090086,0.92822,,Mast,UC_vs_HC
MTMR8,0.16547,1.7789,2.4047,0.73976,0.45944,,Mast,UC_vs_HC
ZC4H2,0.27799,-0.02784,1.3272,-0.020976,0.98326,,Mast,UC_vs_HC
ZC3H12B,0.10737,0.16073,4.0541,0.039647,0.96837,,Mast,UC_vs_HC
LAS1L,1.8373,0.057861,0.7605,0.076082,0.93935,0.99956,Mast,UC_vs_HC
MSN,12.015,-0.29955,0.39123,-0.76565,0.44389,0.99956,Mast,UC_vs_HC
AL034397.3,1.2173,1.3403,1.0913,1.2281,0.21941,0.99956,Mast,UC_vs_HC
AL157700.1,0.090819,1.025,3.4223,0.29951,0.76455,,Mast,UC_vs_HC
OPHN1,0.47094,0.81532,1.347,0.6053,0.54498,,Mast,UC_vs_HC
YIPF6,3.5349,-0.41884,0.51861,-0.80761,0.41931,0.99956,Mast,UC_vs_HC
STARD8,0.16735,0.61016,1.9505,0.31283,0.75441,,Mast,UC_vs_HC
EFNB1,0.069435,1.5682,3.0225,0.51884,0.60387,,Mast,UC_vs_HC
PJA1,0.65522,0.021183,1.0578,0.020026,0.98402,,Mast,UC_vs_HC
IGBP1,6.1303,0.16959,0.48104,0.35254,0.72443,0.99956,Mast,UC_vs_HC
PDZD11,1.18,0.41096,0.97648,0.42086,0.67386,0.99956,Mast,UC_vs_HC
KIF4A,0.039522,0.59268,4.1488,0.14286,0.8864,,Mast,UC_vs_HC
DLG3,0.1262,0.18166,1.7177,0.10576,0.91577,,Mast,UC_vs_HC
SNX12,1.1333,-0.60596,0.8461,-0.71618,0.47388,0.99956,Mast,UC_vs_HC
FOXO4,0.58893,-0.30995,1.5009,-0.2065,0.8364,,Mast,UC_vs_HC
IL2RG,4.4138,0.39632,0.6784,0.58419,0.55909,0.99956,Mast,UC_vs_HC
MED12,1.0913,0.62308,0.88149,0.70684,0.47966,,Mast,UC_vs_HC
AL590764.1,0.31935,0.92212,1.417,0.65073,0.51522,,Mast,UC_vs_HC
ZMYM3,0.2697,0.034567,1.4531,0.023788,0.98102,,Mast,UC_vs_HC
NONO,4.6276,0.15537,0.48534,0.32013,0.74887,0.99956,Mast,UC_vs_HC
TAF1,1.6406,0.57238,0.79816,0.71713,0.47329,0.99956,Mast,UC_vs_HC
OGT,3.9916,-0.26296,0.66309,-0.39657,0.69169,0.99956,Mast,UC_vs_HC
GCNA,0.65821,1.0117,1.5843,0.63857,0.52311,,Mast,UC_vs_HC
CXCR3,0.052583,0.46401,3.1249,0.14849,0.88196,,Mast,UC_vs_HC
LINC00891,0.039522,0.59268,4.1488,0.14286,0.8864,,Mast,UC_vs_HC
NHSL2,0.19818,-0.41878,1.5975,-0.26214,0.79321,,Mast,UC_vs_HC
RTL5,0.089189,0.57566,1.8649,0.30868,0.75756,,Mast,UC_vs_HC
PIN4,6.3562,-0.14855,0.41981,-0.35385,0.72345,0.99956,Mast,UC_vs_HC
ERCC6L,0.018728,0.70632,4.1361,0.17077,0.86441,,Mast,UC_vs_HC
RPS4X,361.39,-0.34224,0.23081,-1.4828,0.13813,0.99956,Mast,UC_vs_HC
HDAC8,1.6194,-0.33465,0.69189,-0.48367,0.62862,0.99956,Mast,UC_vs_HC
PHKA1,0.12434,-0.20117,1.7085,-0.11775,0.90627,,Mast,UC_vs_HC
NAP1L2,0.24015,0.64475,1.7559,0.36719,0.71348,,Mast,UC_vs_HC
CHIC1,0.42692,-0.89154,1.1794,-0.75592,0.4497,,Mast,UC_vs_HC
TSIX,0.41062,0.92435,1.3103,0.70546,0.48052,,Mast,UC_vs_HC
XIST,16.971,-0.11863,0.51973,-0.22825,0.81945,0.99956,Mast,UC_vs_HC
JPX,3.4824,-0.12653,0.52015,-0.24325,0.80781,0.99956,Mast,UC_vs_HC
FTX,5.8691,0.065087,0.42284,0.15393,0.87767,0.99956,Mast,UC_vs_HC
RLIM,2.8669,0.50821,0.59903,0.84839,0.39622,0.99956,Mast,UC_vs_HC
ABCB7,1.4263,-0.86439,0.72641,-1.19,0.23406,0.99956,Mast,UC_vs_HC
UPRT,1.0713,0.21743,0.72467,0.30004,0.76415,,Mast,UC_vs_HC
ZDHHC15,0.026346,1.1367,4.0708,0.27924,0.78006,,Mast,UC_vs_HC
PBDC1,5.7938,0.14547,0.53963,0.26958,0.78748,0.99956,Mast,UC_vs_HC
MAGEE1,0.037578,0.16073,4.0541,0.039647,0.96837,,Mast,UC_vs_HC
ATRX,11.643,-0.098687,0.34871,-0.283,0.77717,0.99956,Mast,UC_vs_HC
MAGT1,5.5153,0.36708,0.47474,0.77322,0.43939,0.99956,Mast,UC_vs_HC
COX7B,20.082,-0.15604,0.2703,-0.57727,0.56376,0.99956,Mast,UC_vs_HC
ATP7A,1.2226,-0.55683,0.88504,-0.62916,0.52925,0.99956,Mast,UC_vs_HC
PGK1,16.554,0.26175,0.28174,0.92904,0.35287,0.99956,Mast,UC_vs_HC
TAF9B,0.3691,-0.92716,1.3952,-0.66453,0.50635,,Mast,UC_vs_HC
CYSLTR1,4.6958,-0.05745,0.44478,-0.12917,0.89723,0.99956,Mast,UC_vs_HC
LPAR4,0.024934,1.088,4.0829,0.26647,0.78988,,Mast,UC_vs_HC
P2RY10,2.3939,1.3523,0.61003,2.2169,0.026633,0.86723,Mast,UC_vs_HC
GPR174,0.45019,0.56278,1.8672,0.30141,0.7631,,Mast,UC_vs_HC
ITM2A,14.878,0.01441,0.32149,0.044823,0.96425,0.99956,Mast,UC_vs_HC
BRWD3,1.3979,0.4845,0.81347,0.5956,0.55144,0.99956,Mast,UC_vs_HC
AL391294.1,0.043089,1.2415,4.0577,0.30596,0.75964,,Mast,UC_vs_HC
HMGN5,0.47437,-0.4333,1.2328,-0.35147,0.72524,,Mast,UC_vs_HC
SH3BGRL,19.153,-0.13149,0.2271,-0.57899,0.56259,0.99956,Mast,UC_vs_HC
RPS6KA6,0.026346,1.1367,4.0708,0.27924,0.78006,,Mast,UC_vs_HC
HDX,0.53453,-0.28965,1.0892,-0.26593,0.79029,,Mast,UC_vs_HC
APOOL,1.2829,-0.30487,0.92641,-0.32909,0.74209,0.99956,Mast,UC_vs_HC
ZNF711,0.15069,0.15274,2.4761,0.061683,0.95082,,Mast,UC_vs_HC
POF1B,0.037578,0.16073,4.0541,0.039647,0.96837,,Mast,UC_vs_HC
CHM,1.5249,-0.18442,0.82395,-0.22382,0.8229,0.99956,Mast,UC_vs_HC
PABPC5,0.052583,0.46401,3.1249,0.14849,0.88196,,Mast,UC_vs_HC
PCDH11X,0.039745,0.81098,2.9497,0.27494,0.78337,,Mast,UC_vs_HC
DIAPH2,0.49687,-1.2422,1.3484,-0.92119,0.35695,,Mast,UC_vs_HC
DIAPH2-AS1,0.25892,0.73923,1.6334,0.45258,0.65085,,Mast,UC_vs_HC
TSPAN6,0.4332,2.0113,1.3442,1.4964,0.13456,,Mast,UC_vs_HC
SYTL4,0.18407,1.5345,2.4425,0.62824,0.52984,,Mast,UC_vs_HC
CSTF2,0.30621,1.5334,1.4991,1.0229,0.30637,,Mast,UC_vs_HC
TRMT2B,0.56466,1.2191,1.2893,0.94558,0.34437,,Mast,UC_vs_HC
CENPI,0.039522,0.59268,4.1488,0.14286,0.8864,,Mast,UC_vs_HC
TAF7L,0.13279,0.73069,4.1338,0.17676,0.8597,,Mast,UC_vs_HC
TIMM8A,0.64088,2.1565,1.1975,1.8008,0.07173,,Mast,UC_vs_HC
BTK,20.214,0.01942,0.30697,0.063265,0.94956,0.99956,Mast,UC_vs_HC
RPL36A,24.231,-0.64726,0.51536,-1.2559,0.20914,0.99956,Mast,UC_vs_HC
GLA,5.7923,-0.20469,0.57836,-0.35391,0.72341,0.99956,Mast,UC_vs_HC
HNRNPH2,6.205,0.15751,0.45091,0.34931,0.72685,0.99956,Mast,UC_vs_HC
ARMCX4,0.47697,1.5688,1.6779,0.935,0.34979,,Mast,UC_vs_HC
ARMCX1,0.99311,-1.6113,1.3468,-1.1963,0.23156,,Mast,UC_vs_HC
ARMCX6,2.3775,0.43271,0.6118,0.70726,0.4794,0.99956,Mast,UC_vs_HC
ARMCX3,12.266,-0.3418,0.28941,-1.181,0.2376,0.99956,Mast,UC_vs_HC
ARMCX2,0.53414,-0.50952,1.4876,-0.34252,0.73196,,Mast,UC_vs_HC
ZMAT1,0.91677,0.012842,0.95484,0.01345,0.98927,,Mast,UC_vs_HC
BEX5,1.0351,0.23022,0.94758,0.24296,0.80804,,Mast,UC_vs_HC
ARMCX5,0.32669,0.45317,1.212,0.3739,0.70848,,Mast,UC_vs_HC
AL035427.1,0.055411,0.73069,4.1338,0.17676,0.8597,,Mast,UC_vs_HC
GPRASP1,0.2761,0.21936,1.3952,0.15723,0.87506,,Mast,UC_vs_HC
GPRASP2,0.06025,0.16073,4.0541,0.039647,0.96837,,Mast,UC_vs_HC
BEX1,0.30132,-0.82299,1.615,-0.50959,0.61034,,Mast,UC_vs_HC
BEX4,18.922,0.095487,0.32051,0.29793,0.76576,0.99956,Mast,UC_vs_HC
TCEAL8,3.0941,0.27911,0.64172,0.43494,0.6636,0.99956,Mast,UC_vs_HC
TCEAL5,0.043089,1.2415,4.0577,0.30596,0.75964,,Mast,UC_vs_HC
BEX2,2.6878,0.5396,0.88955,0.6066,0.54412,0.99956,Mast,UC_vs_HC
TCEAL9,1.467,0.24714,0.87448,0.28261,0.77747,0.99956,Mast,UC_vs_HC
BEX3,3.7355,-0.88588,0.75701,-1.1702,0.2419,0.99956,Mast,UC_vs_HC
RAB40A,0.018728,0.70632,4.1361,0.17077,0.86441,,Mast,UC_vs_HC
TCEAL4,8.591,-0.36615,0.36406,-1.0057,0.31455,0.99956,Mast,UC_vs_HC
TCEAL3,5.653,-1.1652,0.56516,-2.0617,0.03924,0.90299,Mast,UC_vs_HC
TCEAL1,1.3132,-0.42688,0.93964,-0.4543,0.64962,0.99956,Mast,UC_vs_HC
MORF4L2,12.306,-0.49473,0.33965,-1.4566,0.14524,0.99956,Mast,UC_vs_HC
RAB9B,0.12117,0.03601,2.4648,0.01461,0.98834,,Mast,UC_vs_HC
TMSB15B-AS1,0.097449,0.73069,4.1338,0.17676,0.8597,,Mast,UC_vs_HC
TMSB15B,0.068595,1.377,2.938,0.4687,0.63928,,Mast,UC_vs_HC
TMSB15B-1,0.039745,0.81098,2.9497,0.27494,0.78337,,Mast,UC_vs_HC
SLC25A53,0.85803,-0.39006,0.89872,-0.43401,0.66428,,Mast,UC_vs_HC
FAM199X,0.9876,0.85324,0.84832,1.0058,0.31451,,Mast,UC_vs_HC
CXorf57,0.059765,0.024139,4.0722,0.0059277,0.99527,,Mast,UC_vs_HC
TBC1D8B,0.50036,-0.3241,1.7961,-0.18045,0.8568,,Mast,UC_vs_HC
MORC4,0.061817,1.2524,3.1942,0.39209,0.69499,,Mast,UC_vs_HC
RBM41,0.79203,0.3049,0.99281,0.30711,0.75876,,Mast,UC_vs_HC
PRPS1,1.6207,-0.2865,0.71665,-0.39977,0.68932,0.99956,Mast,UC_vs_HC
TSC22D3,32.331,-0.012767,0.52252,-0.024434,0.98051,0.99956,Mast,UC_vs_HC
PSMD10,1.2579,0.22515,0.85625,0.26295,0.79259,0.99956,Mast,UC_vs_HC
ATG4A,0.62929,0.8983,1.0825,0.82982,0.40664,,Mast,UC_vs_HC
NXT2,0.15097,-0.22112,1.666,-0.13272,0.89441,,Mast,UC_vs_HC
KCNE5,0.026346,1.1367,4.0708,0.27924,0.78006,,Mast,UC_vs_HC
ACSL4,34.008,-0.04253,0.34586,-0.12297,0.90213,0.99956,Mast,UC_vs_HC
TMEM164,1.5848,2.0216,0.95661,2.1133,0.034574,0.90299,Mast,UC_vs_HC
AMMECR1,0.20807,1.4453,1.6441,0.87911,0.37934,,Mast,UC_vs_HC
PAK3,0.065868,1.0247,3.2484,0.31546,0.75241,,Mast,UC_vs_HC
ALG13,14.163,-0.67192,0.33001,-2.036,0.041747,0.90623,Mast,UC_vs_HC
ALG13-AS1,0.024934,1.088,4.0829,0.26647,0.78988,,Mast,UC_vs_HC
PLS3,0.043089,1.2415,4.0577,0.30596,0.75964,,Mast,UC_vs_HC
DANT2,0.037578,0.16073,4.0541,0.039647,0.96837,,Mast,UC_vs_HC
WDR44,1.169,1.6247,0.89931,1.8066,0.070818,0.99956,Mast,UC_vs_HC
DOCK11,3.1688,-0.17052,0.65298,-0.26114,0.79398,0.99956,Mast,UC_vs_HC
IL13RA1,0.037578,0.16073,4.0541,0.039647,0.96837,,Mast,UC_vs_HC
LINC01285,0.14152,0.53663,2.6231,0.20458,0.8379,,Mast,UC_vs_HC
LONRF3,0.35269,-0.095802,1.431,-0.06695,0.94662,,Mast,UC_vs_HC
PGRMC1,1.296,-2.1359,1.284,-1.6635,0.096215,0.99956,Mast,UC_vs_HC
AC004835.1,0.043089,1.2415,4.0577,0.30596,0.75964,,Mast,UC_vs_HC
SLC25A43,0.51673,1.6064,1.4541,1.1047,0.26929,,Mast,UC_vs_HC
SLC25A5,20.167,0.29154,0.41652,0.69995,0.48396,0.99956,Mast,UC_vs_HC
CXorf56,0.9406,0.27083,0.95697,0.28301,0.77717,,Mast,UC_vs_HC
UBE2A,6.6554,-0.63418,0.46623,-1.3602,0.17376,0.99956,Mast,UC_vs_HC
NKRF,0.57928,1.712,1.2195,1.4038,0.16037,,Mast,UC_vs_HC
SEPT6,3.3208,0.50833,0.55586,0.91448,0.36047,0.99956,Mast,UC_vs_HC
RPL39,404.04,-0.3405,0.24655,-1.381,0.16726,0.99956,Mast,UC_vs_HC
UPF3B,3.8437,-0.30952,0.48581,-0.63711,0.52405,0.99956,Mast,UC_vs_HC
RNF113A,2.2886,-0.85305,0.68281,-1.2493,0.21155,0.99956,Mast,UC_vs_HC
NDUFA1,26.542,-0.060208,0.29286,-0.20559,0.83711,0.99956,Mast,UC_vs_HC
NKAP,3.606,-0.54306,0.49963,-1.0869,0.27708,0.99956,Mast,UC_vs_HC
ZBTB33,0.56996,-0.53862,1.3104,-0.41105,0.68104,,Mast,UC_vs_HC
LAMP2,1.6478,-0.033141,0.71495,-0.046355,0.96303,0.99956,Mast,UC_vs_HC
CUL4B,1.1803,0.18318,1.1017,0.16627,0.86794,0.99956,Mast,UC_vs_HC
MCTS1,4.2885,0.30852,0.44373,0.69528,0.48688,0.99956,Mast,UC_vs_HC
C1GALT1C1,0.95985,0.07571,0.96429,0.078514,0.93742,,Mast,UC_vs_HC
THOC2,4.6836,0.089659,0.44777,0.20024,0.8413,0.99956,Mast,UC_vs_HC
XIAP,6.2596,0.11587,0.50237,0.23065,0.81758,0.99956,Mast,UC_vs_HC
XIAP-AS1,0.038333,0.78366,2.7327,0.28677,0.77429,,Mast,UC_vs_HC
AL121601.1,0.026346,1.1367,4.0708,0.27924,0.78006,,Mast,UC_vs_HC
STAG2,9.007,-0.56128,0.50344,-1.1149,0.26489,0.99956,Mast,UC_vs_HC
SH2D1A,0.039522,0.59268,4.1488,0.14286,0.8864,,Mast,UC_vs_HC
TENM1,0.16858,-0.31429,2.571,-0.12224,0.90271,,Mast,UC_vs_HC
SMARCA1,0.13279,0.73069,4.1338,0.17676,0.8597,,Mast,UC_vs_HC
OCRL,0.10814,1.0997,2.2735,0.4837,0.6286,,Mast,UC_vs_HC
SASH3,1.1105,1.0118,0.85069,1.1894,0.23428,,Mast,UC_vs_HC
ZDHHC9,0.30268,-0.098392,1.604,-0.061343,0.95109,,Mast,UC_vs_HC
UTP14A,1.0497,0.021537,0.93295,0.023085,0.98158,,Mast,UC_vs_HC
BCORL1,0.20176,1.2397,1.8611,0.66612,0.50533,,Mast,UC_vs_HC
ELF4,0.61312,1.0735,1.1403,0.9414,0.3465,,Mast,UC_vs_HC
AIFM1,1.3089,0.092247,0.77432,0.11913,0.90517,0.99956,Mast,UC_vs_HC
RAB33A,2.9557,0.81516,0.85414,0.95436,0.3399,0.99956,Mast,UC_vs_HC
ZNF280C,0.077516,0.91557,2.0259,0.45194,0.65131,,Mast,UC_vs_HC
SLC25A14,0.41619,0.4797,1.3288,0.36101,0.71809,,Mast,UC_vs_HC
RBMX2,2.9318,0.22141,0.64174,0.34502,0.73008,0.99956,Mast,UC_vs_HC
ENOX2,0.58078,1.7267,1.4518,1.1894,0.23427,,Mast,UC_vs_HC
STK26,2.4396,-1.1491,0.73554,-1.5622,0.11823,0.99956,Mast,UC_vs_HC
RAP2C,2.2274,0.73687,0.69559,1.0594,0.28944,0.99956,Mast,UC_vs_HC
RAP2C-AS1,0.08939,1.3812,3.4287,0.40284,0.68707,,Mast,UC_vs_HC
MBNL3,0.64014,0.86019,1.6016,0.53709,0.5912,,Mast,UC_vs_HC
GPC3,0.055411,0.73069,4.1338,0.17676,0.8597,,Mast,UC_vs_HC
PHF6,1.9237,-0.77758,0.72602,-1.071,0.28416,0.99956,Mast,UC_vs_HC
HPRT1,4.0252,0.39247,0.52064,0.75381,0.45096,0.99956,Mast,UC_vs_HC
LINC00629,0.039522,0.59268,4.1488,0.14286,0.8864,,Mast,UC_vs_HC
FAM122B,0.99746,0.49485,0.95547,0.51792,0.60452,,Mast,UC_vs_HC
FAM122C,2.1766,-1.222,0.74189,-1.6472,0.099524,0.99956,Mast,UC_vs_HC
MOSPD1,0.50887,0.10863,1.1574,0.093856,0.92522,,Mast,UC_vs_HC
SMIM10,0.9976,1.4422,1.1501,1.2539,0.20987,,Mast,UC_vs_HC
RTL8B,0.068595,1.377,2.938,0.4687,0.63928,,Mast,UC_vs_HC
RTL8C,1.1384,0.064067,0.83684,0.076558,0.93898,0.99956,Mast,UC_vs_HC
RTL8A,1.2603,-0.69123,0.82519,-0.83767,0.40222,0.99956,Mast,UC_vs_HC
ZNF75D,0.18439,-1.2106,1.7374,-0.69682,0.48592,,Mast,UC_vs_HC
ZNF449,0.11595,0.094158,3.9011,0.024136,0.98074,,Mast,UC_vs_HC
INTS6L,1.7977,-1.1783,0.67175,-1.7541,0.079409,0.99956,Mast,UC_vs_HC
MMGT1,1.4122,-0.83193,0.8413,-0.98887,0.32273,0.99956,Mast,UC_vs_HC
SLC9A6,0.14936,0.88285,1.8531,0.47641,0.63378,,Mast,UC_vs_HC
FHL1,0.40922,0.47814,1.2401,0.38556,0.69982,,Mast,UC_vs_HC
MAP7D3,2.873,-1.1505,0.62046,-1.8543,0.063696,0.99048,Mast,UC_vs_HC
HTATSF1,2.5407,0.19478,0.73826,0.26384,0.79191,0.99956,Mast,UC_vs_HC
CD40LG,0.09364,0.7783,4.1304,0.18843,0.85054,,Mast,UC_vs_HC
ARHGEF6,15.046,0.16359,0.4111,0.39793,0.69068,0.99956,Mast,UC_vs_HC
AL683813.1,0.49628,-1.213,1.3834,-0.87683,0.38058,,Mast,UC_vs_HC
RBMX,13.769,-0.42762,0.41866,-1.0214,0.30706,0.99956,Mast,UC_vs_HC
MCF2,0.024934,1.088,4.0829,0.26647,0.78988,,Mast,UC_vs_HC
ATP11C,0.61264,-0.29176,1.5956,-0.18284,0.85492,,Mast,UC_vs_HC
LDOC1,0.28783,0.50369,1.6475,0.30573,0.75981,,Mast,UC_vs_HC
FMR1,1.149,0.77345,0.86284,0.89641,0.37004,0.99956,Mast,UC_vs_HC
AFF2,0.15844,0.82736,1.5515,0.53327,0.59385,,Mast,UC_vs_HC
IDS,24.376,0.15501,0.32923,0.47083,0.63776,0.99956,Mast,UC_vs_HC
AC244197.2,0.06025,0.16073,4.0541,0.039647,0.96837,,Mast,UC_vs_HC
LINC00893,0.18085,0.071195,1.5881,0.04483,0.96424,,Mast,UC_vs_HC
CXorf40A,2.2746,0.27963,0.94798,0.29498,0.76801,0.99956,Mast,UC_vs_HC
TMEM185A,0.18822,1.1214,1.8266,0.61391,0.53927,,Mast,UC_vs_HC
CXorf40B,1.3654,0.068509,0.89102,0.076889,0.93871,0.99956,Mast,UC_vs_HC
MAMLD1,0.026346,1.1367,4.0708,0.27924,0.78006,,Mast,UC_vs_HC
MTM1,1.4433,0.81414,0.88527,0.91965,0.35775,0.99956,Mast,UC_vs_HC
MTMR1,0.18175,2.0286,1.882,1.0779,0.28108,,Mast,UC_vs_HC
CD99L2,0.51015,-1.241,1.3179,-0.94166,0.34637,,Mast,UC_vs_HC
HMGB3,0.41799,-0.34153,2.0742,-0.16466,0.86921,,Mast,UC_vs_HC
VMA21,4.6795,-0.47153,0.4988,-0.94533,0.34449,0.99956,Mast,UC_vs_HC
PRRG3,0.018728,0.70632,4.1361,0.17077,0.86441,,Mast,UC_vs_HC
CETN2,1.5359,-0.15422,0.75729,-0.20365,0.83863,0.99956,Mast,UC_vs_HC
NSDHL,0.58612,0.049482,1.2104,0.040881,0.96739,,Mast,UC_vs_HC
ZNF185,0.026346,1.1367,4.0708,0.27924,0.78006,,Mast,UC_vs_HC
PNMA5,0.0134,0.3681,4.0861,0.090086,0.92822,,Mast,UC_vs_HC
PNMA6A,0.064474,0.59268,4.1488,0.14286,0.8864,,Mast,UC_vs_HC
ZNF275,0.62724,0.98149,0.98982,0.99158,0.3214,,Mast,UC_vs_HC
ZFP92,0.024934,1.088,4.0829,0.26647,0.78988,,Mast,UC_vs_HC
HAUS7,0.19511,0.89911,2.0213,0.44483,0.65644,,Mast,UC_vs_HC
CCNQ,0.90945,1.4405,1.1925,1.208,0.22706,,Mast,UC_vs_HC
SLC6A8,0.037578,0.16073,4.0541,0.039647,0.96837,,Mast,UC_vs_HC
BCAP31,9.0093,0.17523,0.30113,0.5819,0.56063,0.99956,Mast,UC_vs_HC
ABCD1,0.75151,0.16881,1.9315,0.087396,0.93036,,Mast,UC_vs_HC
PLXNB3,0.0134,0.3681,4.0861,0.090086,0.92822,,Mast,UC_vs_HC
SRPK3,0.10365,1.2415,4.0577,0.30596,0.75964,,Mast,UC_vs_HC
IDH3G,9.1411,0.12565,0.43772,0.28706,0.77407,0.99956,Mast,UC_vs_HC
SSR4,64.398,0.88738,0.29412,3.017,0.0025526,0.36084,Mast,UC_vs_HC
L1CAM,0.15216,-1.0369,2.4484,-0.42349,0.67194,,Mast,UC_vs_HC
ARHGAP4,1.0833,0.054193,1.0269,0.052772,0.95791,,Mast,UC_vs_HC
NAA10,6.3565,0.70874,0.63383,1.1182,0.26349,0.99956,Mast,UC_vs_HC
RENBP,4.9836,-0.40136,0.7077,-0.56714,0.57062,0.99956,Mast,UC_vs_HC
HCFC1,1.1628,0.0033432,0.89804,0.0037227,0.99703,0.99996,Mast,UC_vs_HC
TMEM187,0.12915,1.0729,1.813,0.59176,0.55401,,Mast,UC_vs_HC
IRAK1,1.0586,-0.16478,1.0699,-0.15402,0.87759,,Mast,UC_vs_HC
MECP2,7.2345,-0.012081,0.43037,-0.028071,0.97761,0.99956,Mast,UC_vs_HC
AC245140.1,0.037456,0.73093,4.1338,0.17682,0.85965,,Mast,UC_vs_HC
FLNA,4.4177,0.55208,0.73792,0.74815,0.45437,0.99956,Mast,UC_vs_HC
EMD,8.5256,-0.23426,0.41794,-0.56051,0.57513,0.99956,Mast,UC_vs_HC
RPL10,802.38,-0.030569,0.18402,-0.16612,0.86806,0.99956,Mast,UC_vs_HC
AC245140.2,1.2941,-0.038539,1.0373,-0.037151,0.97036,0.99956,Mast,UC_vs_HC
DNASE1L1,0.86675,0.66429,0.87512,0.75909,0.4478,,Mast,UC_vs_HC
TAZ,0.57522,-0.64864,1.2437,-0.52155,0.60198,,Mast,UC_vs_HC
AC244090.1,0.61112,-0.019814,1.2734,-0.015559,0.98759,,Mast,UC_vs_HC
ATP6AP1,5.3373,-0.31805,0.4905,-0.64841,0.51672,0.99956,Mast,UC_vs_HC
GDI1,2.5316,-0.53521,0.64137,-0.83447,0.40401,0.99956,Mast,UC_vs_HC
FAM50A,1.6805,0.51533,0.76665,0.67218,0.50147,0.99956,Mast,UC_vs_HC
PLXNA3,1.4448,0.11142,0.82992,0.13426,0.8932,0.99956,Mast,UC_vs_HC
LAGE3,5.2307,0.73417,0.69084,1.0627,0.28791,0.99956,Mast,UC_vs_HC
UBL4A,0.99351,-0.43747,0.89115,-0.49091,0.62349,,Mast,UC_vs_HC
SLC10A3,1.5625,1.4647,0.95332,1.5365,0.12443,0.99956,Mast,UC_vs_HC
FAM3A,0.46876,0.9013,1.2209,0.73826,0.46036,,Mast,UC_vs_HC
G6PD,2.3286,1.0032,0.65159,1.5396,0.12365,0.99956,Mast,UC_vs_HC
IKBKG,0.78065,-0.086971,0.95717,-0.090862,0.9276,,Mast,UC_vs_HC
GAB3,1.5272,0.10771,0.74623,0.14434,0.88523,0.99956,Mast,UC_vs_HC
DKC1,3.7009,0.33296,0.48564,0.68561,0.49296,0.99956,Mast,UC_vs_HC
MPP1,5.18,-0.25193,0.56135,-0.44878,0.65359,0.99956,Mast,UC_vs_HC
F8A1,0.078079,0.89427,1.8902,0.4731,0.63614,,Mast,UC_vs_HC
FUNDC2,9.1043,-0.069637,0.34788,-0.20018,0.84134,0.99956,Mast,UC_vs_HC
CMC4,0.051171,0.51223,3.1431,0.16297,0.87054,,Mast,UC_vs_HC
BRCC3,0.76519,-0.60412,0.94807,-0.63721,0.52399,,Mast,UC_vs_HC
VBP1,5.2511,-0.26296,0.46068,-0.57081,0.56813,0.99956,Mast,UC_vs_HC
RAB39B,0.24481,1.8877,2.0877,0.90419,0.36589,,Mast,UC_vs_HC
CLIC2,0.11625,0.24559,2.279,0.10776,0.91419,,Mast,UC_vs_HC
TMLHE,0.72653,-0.57877,1.0695,-0.54117,0.58839,,Mast,UC_vs_HC
SPRY3,0.15608,-0.33762,2.0026,-0.16859,0.86612,,Mast,UC_vs_HC
VAMP7,1.6172,-0.4447,0.76124,-0.58418,0.5591,0.99956,Mast,UC_vs_HC
IL9R,2.0955,1.7534,0.9017,1.9446,0.051829,0.96096,Mast,UC_vs_HC
WASIR1,0.33124,-0.52935,2.1763,-0.24324,0.80782,,Mast,UC_vs_HC
ZNF596,0.11705,0.89309,3.5064,0.2547,0.79895,,Mast,UC_vs_HC
FBXO25,0.79214,-0.63775,1.1655,-0.54718,0.58426,,Mast,UC_vs_HC
ERICH1,5.0269,0.47971,0.4993,0.96078,0.33666,0.99956,Mast,UC_vs_HC
CLN8,3.9127,0.5605,0.60808,0.92176,0.35665,0.99956,Mast,UC_vs_HC
AC100810.3,0.0134,0.3681,4.0861,0.090086,0.92822,,Mast,UC_vs_HC
AC100810.1,2.9012,0.76739,1.0626,0.72216,0.4702,0.99956,Mast,UC_vs_HC
ARHGEF10,0.026346,1.1367,4.0708,0.27924,0.78006,,Mast,UC_vs_HC
KBTBD11,0.20831,1.0054,1.576,0.63794,0.52352,,Mast,UC_vs_HC
MYOM2,0.14496,-0.14211,1.5748,-0.09024,0.9281,,Mast,UC_vs_HC
AC246817.2,0.0134,0.3681,4.0861,0.090086,0.92822,,Mast,UC_vs_HC
AC016065.1,0.20118,1.1417,2.1009,0.54343,0.58683,,Mast,UC_vs_HC
MCPH1,1.6469,0.63738,0.83572,0.76267,0.44566,0.99956,Mast,UC_vs_HC
ANGPT2,0.81218,1.4131,1.2635,1.1184,0.2634,,Mast,UC_vs_HC
AGPAT5,2.0449,-0.093766,1.0405,-0.090121,0.92819,0.99956,Mast,UC_vs_HC
DEFB1,0.052691,1.4311,4.036,0.35458,0.7229,,Mast,UC_vs_HC
DEFA6,0.079045,0.55747,4.1549,0.13417,0.89327,,Mast,UC_vs_HC
DEFA5,0.15602,0.5646,3.5972,0.15696,0.87528,,Mast,UC_vs_HC
PRAG1,0.6991,-2.0042,1.138,-1.7612,0.07821,,Mast,UC_vs_HC
CLDN23,0.13882,1.2192,1.6183,0.75339,0.45122,,Mast,UC_vs_HC
MFHAS1,1.4858,0.74086,0.77581,0.95496,0.3396,0.99956,Mast,UC_vs_HC
ERI1,1.1789,1.1253,1.2766,0.88148,0.37806,0.99956,Mast,UC_vs_HC
PPP1R3B,2.5388,1.0249,0.81362,1.2597,0.20777,0.99956,Mast,UC_vs_HC
AC022784.3,0.065868,1.0247,3.2484,0.31546,0.75241,,Mast,UC_vs_HC
AC022784.6,0.024934,1.088,4.0829,0.26647,0.78988,,Mast,UC_vs_HC
TNKS,1.6045,-0.59524,0.92126,-0.64611,0.51821,0.99956,Mast,UC_vs_HC
AC034111.1,0.11988,0.63553,3.5925,0.1769,0.85958,,Mast,UC_vs_HC
MSRA,5.4044,-0.036425,0.8265,-0.044072,0.96485,0.99956,Mast,UC_vs_HC
AC104964.4,0.065759,0.0046698,3.3277,0.0014033,0.99888,,Mast,UC_vs_HC
PINX1-1,0.3075,0.89767,1.3227,0.67867,0.49735,,Mast,UC_vs_HC
XKR6,0.10134,1.1492,2.2607,0.50832,0.61123,,Mast,UC_vs_HC
AF131216.4,0.018728,0.70632,4.1361,0.17077,0.86441,,Mast,UC_vs_HC
MTMR9,1.5028,-0.14122,0.79927,-0.17669,0.85975,0.99956,Mast,UC_vs_HC
SLC35G5,0.086487,-0.46649,3.4066,-0.13694,0.89108,,Mast,UC_vs_HC
FAM167A,0.40399,-0.039993,1.5737,-0.025413,0.97973,,Mast,UC_vs_HC
BLK,0.2254,1.3207,2.7628,0.47804,0.63262,,Mast,UC_vs_HC
NEIL2,0.40183,-0.40465,1.3598,-0.29759,0.76601,,Mast,UC_vs_HC
FDFT1,2.7385,0.36787,0.6955,0.52893,0.59685,0.99956,Mast,UC_vs_HC
CTSB,6.9357,0.60592,0.46865,1.2929,0.19604,0.99956,Mast,UC_vs_HC
FAM86B1,0.3129,1.3326,4.0556,0.32858,0.74247,,Mast,UC_vs_HC
AC145124.1,0.24465,-0.0086616,1.4808,-0.0058493,0.99533,,Mast,UC_vs_HC
LONRF1,1.8627,1.2008,0.86948,1.3811,0.16725,0.99956,Mast,UC_vs_HC
TRMT9B,0.14774,0.57731,1.8644,0.30965,0.75682,,Mast,UC_vs_HC
DLC1,6.1806,0.49535,0.45036,1.0999,0.27137,0.99956,Mast,UC_vs_HC
MICU3,0.36805,0.83332,1.5568,0.53528,0.59246,,Mast,UC_vs_HC
ZDHHC2,1.2479,0.57397,0.93999,0.61061,0.54146,0.99956,Mast,UC_vs_HC
CNOT7,2.6459,0.85751,0.56561,1.5161,0.1295,0.99956,Mast,UC_vs_HC
VPS37A,1.418,0.44674,0.69491,0.64287,0.52031,0.99956,Mast,UC_vs_HC
MTMR7,0.10365,1.2415,4.0577,0.30596,0.75964,,Mast,UC_vs_HC
MTUS1,0.055411,0.73069,4.1338,0.17676,0.8597,,Mast,UC_vs_HC
PCM1,9.4575,-0.54013,0.42633,-1.2669,0.20518,0.99956,Mast,UC_vs_HC
ASAH1,33.005,0.21801,0.27146,0.80309,0.42192,0.99956,Mast,UC_vs_HC
AC124242.1,0.10529,-0.40013,2.1992,-0.18194,0.85563,,Mast,UC_vs_HC
NAT1,0.39979,1.2151,1.3997,0.86807,0.38535,,Mast,UC_vs_HC
INTS10,1.5588,-0.14988,1.0222,-0.14663,0.88342,0.99956,Mast,UC_vs_HC
ATP6V1B2,1.7168,-0.62877,0.7406,-0.84901,0.39588,0.99956,Mast,UC_vs_HC
DOK2,1.115,-0.41138,0.9218,-0.44628,0.6554,,Mast,UC_vs_HC
XPO7,0.55648,-0.52423,1.3652,-0.38398,0.70099,,Mast,UC_vs_HC
NPM2,0.055411,0.73069,4.1338,0.17676,0.8597,,Mast,UC_vs_HC
DMTN,0.039522,0.59268,4.1488,0.14286,0.8864,,Mast,UC_vs_HC
FAM160B2,0.44536,1.1938,1.0283,1.1609,0.24567,,Mast,UC_vs_HC
NUDT18,0.2649,-0.61648,2.2726,-0.27127,0.78618,,Mast,UC_vs_HC
HR,0.064474,0.59268,4.1488,0.14286,0.8864,,Mast,UC_vs_HC
REEP4,0.90004,1.0013,1.3883,0.72128,0.47074,,Mast,UC_vs_HC
BMP1,0.28896,-0.64535,1.4987,-0.43061,0.66675,,Mast,UC_vs_HC
PHYHIP,0.063815,-0.46407,3.2326,-0.14356,0.88585,,Mast,UC_vs_HC
POLR3D,0.67243,1.7155,1.2258,1.3995,0.16166,,Mast,UC_vs_HC
SLC39A14,0.16802,1.0905,1.5066,0.72381,0.46918,,Mast,UC_vs_HC
PPP3CC,0.87658,1.2455,1.3209,0.94293,0.34572,,Mast,UC_vs_HC
AC037459.2,0.043089,1.2415,4.0577,0.30596,0.75964,,Mast,UC_vs_HC
SORBS3,0.25459,-0.9841,1.6292,-0.60404,0.54581,,Mast,UC_vs_HC
PDLIM2,1.0907,-0.69029,1.588,-0.43469,0.66379,,Mast,UC_vs_HC
C8orf58,0.076104,0.81657,3.2999,0.24745,0.80456,,Mast,UC_vs_HC
CCAR2,0.5516,-0.22178,1.1976,-0.18519,0.85308,,Mast,UC_vs_HC
AC037459.3,0.21885,-0.17173,1.5052,-0.11409,0.90916,,Mast,UC_vs_HC
BIN3,1.7408,-1.1244,1.0595,-1.0613,0.28857,0.99956,Mast,UC_vs_HC
EGR3,7.6364,-0.97534,0.68671,-1.4203,0.15551,0.99956,Mast,UC_vs_HC
PEBP4,0.0134,0.3681,4.0861,0.090086,0.92822,,Mast,UC_vs_HC
AC107959.1,0.026237,0.024139,4.0722,0.0059277,0.99527,,Mast,UC_vs_HC
RHOBTB2,0.21105,1.3868,1.3892,0.99827,0.31815,,Mast,UC_vs_HC
TNFRSF10B,1.1487,0.72564,0.94919,0.76448,0.44458,0.99956,Mast,UC_vs_HC
TNFRSF10C,0.069326,0.62141,3.2415,0.1917,0.84797,,Mast,UC_vs_HC
TNFRSF10D,0.367,-0.56867,1.8848,-0.30171,0.76287,,Mast,UC_vs_HC
TNFRSF10A,0.629,-0.056519,1.283,-0.044053,0.96486,,Mast,UC_vs_HC
CHMP7,0.89614,0.58529,0.89723,0.65234,0.51418,,Mast,UC_vs_HC
R3HCC1,1.7588,-0.59135,0.74609,-0.7926,0.42801,0.99956,Mast,UC_vs_HC
LOXL2,0.051279,1.4865,2.8551,0.52065,0.60261,,Mast,UC_vs_HC
ENTPD4,1.4977,0.048594,0.74705,0.065048,0.94814,0.99956,Mast,UC_vs_HC
SLC25A37,1.344,-0.27414,0.8256,-0.33205,0.73985,0.99956,Mast,UC_vs_HC
NKX3-1,0.2805,-0.6119,3.1129,-0.19657,0.84416,,Mast,UC_vs_HC
STC1,0.052691,1.4311,4.036,0.35458,0.7229,,Mast,UC_vs_HC
ADAM28,0.99213,2.8909,1.4709,1.9654,0.049371,,Mast,UC_vs_HC
AC120193.1,0.055411,0.73069,4.1338,0.17676,0.8597,,Mast,UC_vs_HC
ADAMDEC1,0.41519,-2.102,1.8583,-1.1311,0.25802,,Mast,UC_vs_HC
NEFM,0.064474,0.59268,4.1488,0.14286,0.8864,,Mast,UC_vs_HC
DOCK5,3.2668,0.61143,0.63815,0.95813,0.338,0.99956,Mast,UC_vs_HC
GNRH1,0.12425,0.24585,3.5282,0.06968,0.94445,,Mast,UC_vs_HC
KCTD9,1.3523,0.085417,0.75119,0.11371,0.90947,0.99956,Mast,UC_vs_HC
CDCA2,0.039522,0.59268,4.1488,0.14286,0.8864,,Mast,UC_vs_HC
PPP2R2A,5.4494,-0.58367,0.55732,-1.0473,0.29497,0.99956,Mast,UC_vs_HC
BNIP3L,10.783,0.1118,0.44026,0.25394,0.79954,0.99956,Mast,UC_vs_HC
PNMA2,0.064474,0.59268,4.1488,0.14286,0.8864,,Mast,UC_vs_HC
DPYSL2,3.0834,-2.0983,0.8189,-2.5624,0.010396,0.69258,Mast,UC_vs_HC
TRIM35,0.27822,0.23583,1.847,0.12768,0.8984,,Mast,UC_vs_HC
PTK2B,1.5482,0.35932,0.73595,0.48824,0.62538,0.99956,Mast,UC_vs_HC
EPHX2,0.12525,-0.40774,2.5343,-0.16089,0.87218,,Mast,UC_vs_HC
CLU,86.198,0.65688,0.34939,1.8801,0.0601,0.98721,Mast,UC_vs_HC
CCDC25,3.44,-0.15896,0.52045,-0.30543,0.76004,0.99956,Mast,UC_vs_HC
PBK,0.079045,0.55747,4.1549,0.13417,0.89327,,Mast,UC_vs_HC
NUGGC,0.0134,0.3681,4.0861,0.090086,0.92822,,Mast,UC_vs_HC
ELP3,0.67728,-0.37454,1.2368,-0.30284,0.76201,,Mast,UC_vs_HC
PNOC,0.19493,1.6274,2.0491,0.79421,0.42708,,Mast,UC_vs_HC
ZNF395,0.60188,1.6059,1.1118,1.4444,0.14862,,Mast,UC_vs_HC
FZD3,0.15281,-0.89725,1.8308,-0.49008,0.62408,,Mast,UC_vs_HC
EXTL3,1.2001,-0.47628,0.92022,-0.51757,0.60476,0.99956,Mast,UC_vs_HC
EXTL3-AS1,0.0134,0.3681,4.0861,0.090086,0.92822,,Mast,UC_vs_HC
INTS9,0.33053,-0.11639,1.4048,-0.082846,0.93397,,Mast,UC_vs_HC
HMBOX1,1.8879,1.145,0.74314,1.5408,0.12337,0.99956,Mast,UC_vs_HC
KIF13B,3.7839,-0.014355,0.51518,-0.027864,0.97777,0.99956,Mast,UC_vs_HC
DUSP4,2.7493,-1.4574,0.98085,-1.4858,0.13733,0.99956,Mast,UC_vs_HC
SARAF,32.173,0.025698,0.57462,0.044722,0.96433,0.99956,Mast,UC_vs_HC
AC044849.1,0.17231,0.6391,3.773,0.16939,0.86549,,Mast,UC_vs_HC
LEPROTL1,13.495,0.064084,0.33374,0.19202,0.84773,0.99956,Mast,UC_vs_HC
AC026979.2,0.99909,-0.80527,0.93277,-0.8633,0.38797,,Mast,UC_vs_HC
DCTN6,1.9789,0.14369,0.89291,0.16092,0.87216,0.99956,Mast,UC_vs_HC
GTF2E2,0.44542,-0.51999,1.3605,-0.38222,0.7023,,Mast,UC_vs_HC
GSR,1.1632,2.0494,1.2049,1.7008,0.088975,0.99956,Mast,UC_vs_HC
UBXN8,0.88873,0.20322,0.86982,0.23364,0.81526,,Mast,UC_vs_HC
PPP2CB,1.306,0.91205,0.74763,1.2199,0.22249,0.99956,Mast,UC_vs_HC
TEX15,0.18044,2.4221,3.4813,0.69575,0.48658,,Mast,UC_vs_HC
WRN,0.71396,0.74356,1.0523,0.70657,0.47983,,Mast,UC_vs_HC
AC090204.1,0.29711,1.241,1.8715,0.6631,0.50727,,Mast,UC_vs_HC
AC067838.1,0.27597,1.2039,2.9531,0.40767,0.68351,,Mast,UC_vs_HC
FUT10,0.24808,-0.06932,1.7745,-0.039064,0.96884,,Mast,UC_vs_HC
TTI2,0.51279,-0.13285,1.1753,-0.11304,0.91,,Mast,UC_vs_HC
MAK16,0.51332,-1.1604,1.3401,-0.86593,0.38653,,Mast,UC_vs_HC
RNF122,0.052474,-0.39825,4.0401,-0.098575,0.92148,,Mast,UC_vs_HC
ZNF703,0.1399,0.088922,1.9527,0.045537,0.96368,,Mast,UC_vs_HC
AC138356.1,0.024934,1.088,4.0829,0.26647,0.78988,,Mast,UC_vs_HC
ERLIN2,0.53052,0.44382,1.2041,0.3686,0.71242,,Mast,UC_vs_HC
PLPBP,2.7359,0.25442,0.63692,0.39944,0.68957,0.99956,Mast,UC_vs_HC
BRF2,0.071311,0.53435,2.125,0.25146,0.80146,,Mast,UC_vs_HC
RAB11FIP1,2.377,-0.38196,0.83868,-0.45543,0.6488,0.99956,Mast,UC_vs_HC
EIF4EBP1,1.4442,0.62433,0.9928,0.62885,0.52944,0.99956,Mast,UC_vs_HC
ASH2L,1.386,-0.2335,0.81172,-0.28766,0.7736,0.99956,Mast,UC_vs_HC
LSM1,4.3725,0.24532,0.41593,0.5898,0.55532,0.99956,Mast,UC_vs_HC
BAG4,1.0396,-1.1402,1.0322,-1.1046,0.26935,,Mast,UC_vs_HC
DDHD2,0.52605,0.71606,1.3988,0.5119,0.60872,,Mast,UC_vs_HC
PLPP5,5.8323,0.25525,0.43904,0.58138,0.56098,0.99956,Mast,UC_vs_HC
NSD3,3.74,0.58407,0.88092,0.66303,0.50731,0.99956,Mast,UC_vs_HC
AC087623.3,0.095156,0.86228,2.2414,0.38472,0.70045,,Mast,UC_vs_HC
LETM2,1.0322,-0.060226,0.86181,-0.069882,0.94429,,Mast,UC_vs_HC
FGFR1,1.4124,-2.5472,1.0516,-2.4223,0.015422,0.72228,Mast,UC_vs_HC
TACC1,16.728,-0.22321,0.39972,-0.55842,0.57656,0.99956,Mast,UC_vs_HC
AC067817.2,0.10445,-0.16075,3.5151,-0.045732,0.96352,,Mast,UC_vs_HC
PLEKHA2,5.3402,0.1315,0.52416,0.25088,0.80191,0.99956,Mast,UC_vs_HC
AC108863.1,0.70469,0.36271,0.97376,0.37248,0.70953,,Mast,UC_vs_HC
HTRA4,0.23131,-0.9084,2.056,-0.44182,0.65862,,Mast,UC_vs_HC
TM2D2,1.8575,-0.6169,0.77385,-0.79718,0.42535,0.99956,Mast,UC_vs_HC
ADAM9,0.23839,0.13012,1.8906,0.068826,0.94513,,Mast,UC_vs_HC
IDO1,0.092444,0.17622,3.5456,0.0497,0.96036,,Mast,UC_vs_HC
TCIM,0.083106,-0.23383,1.9079,-0.12256,0.90246,,Mast,UC_vs_HC
ZMAT4,0.064474,0.59268,4.1488,0.14286,0.8864,,Mast,UC_vs_HC
GOLGA7,3.7296,0.48734,0.50381,0.9673,0.3334,0.99956,Mast,UC_vs_HC
GINS4,0.586,1.4951,1.1537,1.2959,0.19501,,Mast,UC_vs_HC
AC009630.1,0.0268,0.16572,4.0548,0.040869,0.9674,,Mast,UC_vs_HC
AC009630.2,0.077778,-0.32405,3.0596,-0.10591,0.91565,,Mast,UC_vs_HC
GPAT4,2.1212,0.11797,0.68323,0.17266,0.86292,0.99956,Mast,UC_vs_HC
AC027702.1,0.0268,0.16572,4.0548,0.040869,0.9674,,Mast,UC_vs_HC
KAT6A,2.9728,-0.56278,0.58819,-0.9568,0.33867,0.99956,Mast,UC_vs_HC
AC103724.3,0.037578,0.16073,4.0541,0.039647,0.96837,,Mast,UC_vs_HC
AP3M2,0.38447,0.12718,1.455,0.087411,0.93034,,Mast,UC_vs_HC
PLAT,9.3029,0.15351,0.74271,0.20669,0.83625,0.99956,Mast,UC_vs_HC
AC083973.1,0.16713,-0.56706,3.8756,-0.14632,0.88367,,Mast,UC_vs_HC
IKBKB,4.1172,1.0728,0.71377,1.503,0.13283,0.99956,Mast,UC_vs_HC
POLB,1.7106,0.38331,0.70973,0.54007,0.58915,0.99956,Mast,UC_vs_HC
VDAC3,6.1783,-0.33052,0.428,-0.77225,0.43997,0.99956,Mast,UC_vs_HC
SLC20A2,0.93505,0.14024,1.115,0.12578,0.89991,,Mast,UC_vs_HC
SMIM19,2.7377,0.030376,0.54991,0.055239,0.95595,0.99956,Mast,UC_vs_HC
THAP1,0.99581,-0.10359,0.87076,-0.11897,0.9053,,Mast,UC_vs_HC
RNF170,0.82951,0.41093,1.1061,0.3715,0.71026,,Mast,UC_vs_HC
HOOK3,4.8936,-0.24774,0.44556,-0.55602,0.5782,0.99956,Mast,UC_vs_HC
FNTA,2.4302,1.3705,0.68512,2.0003,0.045468,0.92793,Mast,UC_vs_HC
POMK,0.026346,1.1367,4.0708,0.27924,0.78006,,Mast,UC_vs_HC
HGSNAT,1.4825,-0.36248,0.95294,-0.38038,0.70366,0.99956,Mast,UC_vs_HC
SPIDR,1.1483,0.50032,0.88457,0.56561,0.57166,0.99956,Mast,UC_vs_HC
CEBPD,0.056306,0.20097,3.1229,0.064354,0.94869,,Mast,UC_vs_HC
PRKDC,5.0803,0.36325,0.48976,0.74168,0.45828,0.99956,Mast,UC_vs_HC
MCM4,0.24169,0.92055,1.5212,0.60513,0.54509,,Mast,UC_vs_HC
UBE2V2,3.5914,-0.12652,0.49185,-0.25722,0.79701,0.99956,Mast,UC_vs_HC
AC026904.2,0.10191,1.1133,2.1596,0.51551,0.6062,,Mast,UC_vs_HC
PCMTD1,4.51,-0.23995,0.50813,-0.47222,0.63677,0.99956,Mast,UC_vs_HC
AC064807.1,0.13251,0.14432,2.5477,0.056646,0.95483,,Mast,UC_vs_HC
RB1CC1,4.2074,0.20508,0.53498,0.38334,0.70147,0.99956,Mast,UC_vs_HC
ATP6V1H,0.84882,1.1976,1.022,1.1719,0.24125,,Mast,UC_vs_HC
TCEA1,9.6908,-0.29946,0.39494,-0.75823,0.44831,0.99956,Mast,UC_vs_HC
LYPLA1,4.0261,0.060236,0.48696,0.1237,0.90155,0.99956,Mast,UC_vs_HC
MRPL15,1.954,-0.47042,0.66766,-0.70458,0.48107,0.99956,Mast,UC_vs_HC
XKR4,0.059765,0.024139,4.0722,0.0059277,0.99527,,Mast,UC_vs_HC
TMEM68,0.8928,0.45391,1.3815,0.32857,0.74248,,Mast,UC_vs_HC
TGS1,3.2019,0.40369,0.58944,0.68486,0.49343,0.99956,Mast,UC_vs_HC
LYN,3.7395,0.69946,0.56539,1.2371,0.21604,0.99956,Mast,UC_vs_HC
RPS20,84.337,-0.78678,0.37275,-2.1108,0.034793,0.90299,Mast,UC_vs_HC
PLAG1,0.37983,0.0058829,1.4198,0.0041434,0.99669,,Mast,UC_vs_HC
CHCHD7,3.7878,-0.17792,0.50548,-0.35198,0.72486,0.99956,Mast,UC_vs_HC
AC107952.2,0.026346,1.1367,4.0708,0.27924,0.78006,,Mast,UC_vs_HC
IMPAD1,1.6204,-0.60503,0.96433,-0.6274,0.53039,0.99956,Mast,UC_vs_HC
UBXN2B,0.87269,0.3426,0.89862,0.38125,0.70302,,Mast,UC_vs_HC
SDCBP,87.578,-0.72057,0.30775,-2.3414,0.01921,0.76788,Mast,UC_vs_HC
NSMAF,1.387,-0.37678,0.8686,-0.43378,0.66445,0.99956,Mast,UC_vs_HC
TOX,0.73936,-0.65059,0.93398,-0.69659,0.48606,,Mast,UC_vs_HC
AC090152.1,0.96647,0.62044,0.90111,0.68853,0.49112,,Mast,UC_vs_HC
CA8,0.14623,1.0804,2.5264,0.42763,0.66892,,Mast,UC_vs_HC
RAB2A,9.0002,0.25831,0.52284,0.49405,0.62127,0.99956,Mast,UC_vs_HC
AC068389.4,0.12958,0.43408,2.1875,0.19843,0.8427,,Mast,UC_vs_HC
CHD7,2.8179,0.54062,0.73885,0.73171,0.46435,0.99956,Mast,UC_vs_HC
AC022182.2,0.81693,-0.85116,0.98092,-0.86771,0.38555,,Mast,UC_vs_HC
ASPH,0.22745,1.3851,1.5596,0.8881,0.37449,,Mast,UC_vs_HC
GGH,0.69928,-1.5203,1.1737,-1.2953,0.19522,,Mast,UC_vs_HC
YTHDF3-AS1,0.16432,0.083625,1.9532,0.042814,0.96585,,Mast,UC_vs_HC
YTHDF3,2.3143,-1.592,0.77654,-2.0501,0.040351,0.90299,Mast,UC_vs_HC
AC011978.2,0.21022,0.90466,2.6368,0.34308,0.73153,,Mast,UC_vs_HC
CYP7B1,1.0266,0.39182,1.1348,0.34528,0.72988,,Mast,UC_vs_HC
ARMC1,1.4267,0.25458,0.88679,0.28708,0.77405,0.99956,Mast,UC_vs_HC
MTFR1,0.53404,-0.033677,1.1782,-0.028584,0.9772,,Mast,UC_vs_HC
AC055822.1,0.026346,1.1367,4.0708,0.27924,0.78006,,Mast,UC_vs_HC
PDE7A,1.0534,2.2322,1.5184,1.4701,0.14153,,Mast,UC_vs_HC
AC100812.1,0.10365,1.2415,4.0577,0.30596,0.75964,,Mast,UC_vs_HC
DNAJC5B,0.32694,0.94715,1.9784,0.47874,0.63212,,Mast,UC_vs_HC
RRS1,0.61358,1.678,1.3044,1.2864,0.19832,,Mast,UC_vs_HC
ADHFE1,0.078978,0.19903,3.3292,0.059784,0.95233,,Mast,UC_vs_HC
MYBL1,0.15772,1.1176,3.5795,0.31222,0.75487,,Mast,UC_vs_HC
VCPIP1,1.2419,0.1275,1.0176,0.12529,0.90029,0.99956,Mast,UC_vs_HC
SGK3,3.0405,-0.24105,0.61294,-0.39326,0.69412,0.99956,Mast,UC_vs_HC
C8orf44,0.72392,-1.0089,1.1951,-0.84423,0.39854,,Mast,UC_vs_HC
MCMDC2,0.05825,0.61256,3.152,0.19434,0.84591,,Mast,UC_vs_HC
COPS5,5.828,0.5895,0.41415,1.4234,0.15462,0.99956,Mast,UC_vs_HC
CSPP1,1.5253,-0.35083,0.83208,-0.42163,0.6733,0.99956,Mast,UC_vs_HC
ARFGEF1,2.2396,0.022505,0.64978,0.034636,0.97237,0.99956,Mast,UC_vs_HC
AC021321.1,0.055411,0.73069,4.1338,0.17676,0.8597,,Mast,UC_vs_HC
PREX2,0.056306,0.20097,3.1229,0.064354,0.94869,,Mast,UC_vs_HC
SULF1,0.14494,-0.3141,3.5574,-0.088293,0.92964,,Mast,UC_vs_HC
NCOA2,1.2734,-0.072162,0.76936,-0.093794,0.92527,0.99956,Mast,UC_vs_HC
TRAM1,6.5431,0.55107,0.47381,1.1631,0.2448,0.99956,Mast,UC_vs_HC
LACTB2-AS1,0.032128,0.40025,2.7752,0.14423,0.88532,,Mast,UC_vs_HC
LACTB2,0.78218,-0.0664,0.87281,-0.076076,0.93936,,Mast,UC_vs_HC
TERF1,3.6697,-0.10743,0.54088,-0.19862,0.84256,0.99956,Mast,UC_vs_HC
AC022893.1,0.0134,0.3681,4.0861,0.090086,0.92822,,Mast,UC_vs_HC
RPL7,117.06,-0.78461,0.49126,-1.5971,0.11023,0.99956,Mast,UC_vs_HC
RDH10,0.66079,0.27753,2.3014,0.12059,0.90401,,Mast,UC_vs_HC
STAU2,1.1096,0.60363,0.90483,0.66712,0.50469,,Mast,UC_vs_HC
UBE2W,1.3963,0.91134,1.0635,0.8569,0.3915,0.99956,Mast,UC_vs_HC
ELOC,11.691,-0.74924,0.35302,-2.1224,0.033806,0.90299,Mast,UC_vs_HC
TMEM70,1.6738,-0.39831,0.90731,-0.439,0.66066,0.99956,Mast,UC_vs_HC
LY96,0.65542,1.5879,1.0781,1.4728,0.14079,,Mast,UC_vs_HC
GDAP1,0.5049,-0.80437,1.1563,-0.69566,0.48664,,Mast,UC_vs_HC
CRISPLD1,0.13162,1.7865,2.2203,0.80465,0.42102,,Mast,UC_vs_HC
CASC9,0.10365,1.2415,4.0577,0.30596,0.75964,,Mast,UC_vs_HC
PEX2,3.0843,0.13413,0.54452,0.24633,0.80543,0.99956,Mast,UC_vs_HC
PKIA,0.20444,0.31145,1.982,0.15714,0.87514,,Mast,UC_vs_HC
ZC2HC1A,0.99941,0.91632,1.14,0.80381,0.42151,,Mast,UC_vs_HC
IL7,0.090693,0.53407,2.2926,0.23295,0.8158,,Mast,UC_vs_HC
AC083837.1,0.026346,1.1367,4.0708,0.27924,0.78006,,Mast,UC_vs_HC
HEY1,1.1709,1.5292,1.8473,0.82781,0.40778,0.99956,Mast,UC_vs_HC
MRPS28,2.3476,-0.23234,0.62428,-0.37218,0.70976,0.99956,Mast,UC_vs_HC
TPD52,0.25483,-0.47879,2.1269,-0.22512,0.82189,,Mast,UC_vs_HC
AC009812.1,0.032128,0.40025,2.7752,0.14423,0.88532,,Mast,UC_vs_HC
ZBTB10,0.74576,-0.26161,1.0108,-0.25881,0.79578,,Mast,UC_vs_HC
AC009812.3,0.018728,0.70632,4.1361,0.17077,0.86441,,Mast,UC_vs_HC
AC009812.4,0.12369,0.070064,3.7311,0.018778,0.98502,,Mast,UC_vs_HC
ZNF704,1.1102,0.31467,0.96794,0.32509,0.74511,,Mast,UC_vs_HC
PAG1,13.8,1.9601,0.41728,4.6973,2.6361e-06,0.005093,Mast,UC_vs_HC
AC079209.2,0.032128,0.40025,2.7752,0.14423,0.88532,,Mast,UC_vs_HC
FABP5,2.7768,0.35909,0.5348,0.67144,0.50194,0.99956,Mast,UC_vs_HC
FABP4,0.037578,0.16073,4.0541,0.039647,0.96837,,Mast,UC_vs_HC
IMPA1,3.1064,0.18265,0.554,0.32969,0.74164,0.99956,Mast,UC_vs_HC
SLC10A5,0.15152,0.75603,3.4768,0.21745,0.82786,,Mast,UC_vs_HC
ZFAND1,4.3915,-0.54816,0.56527,-0.96973,0.33218,0.99956,Mast,UC_vs_HC
CHMP4C,0.13241,0.49996,2.5115,0.19907,0.84221,,Mast,UC_vs_HC
SNX16,0.42736,0.5416,1.5397,0.35176,0.72502,,Mast,UC_vs_HC
LRRCC1,0.55218,-0.28929,1.0865,-0.26627,0.79003,,Mast,UC_vs_HC
E2F5,0.055411,0.73069,4.1338,0.17676,0.8597,,Mast,UC_vs_HC
C8orf59,16.236,-0.26883,0.28586,-0.94043,0.347,0.99956,Mast,UC_vs_HC
CA13,0.12207,0.71802,2.4418,0.29405,0.76872,,Mast,UC_vs_HC
CA1,0.25977,-0.54665,3.9562,-0.13818,0.8901,,Mast,UC_vs_HC
CA2,0.4736,-1.2652,1.5575,-0.81236,0.41658,,Mast,UC_vs_HC
AC100801.1,0.055411,0.73069,4.1338,0.17676,0.8597,,Mast,UC_vs_HC
WWP1,0.8085,1.1774,1.2485,0.94308,0.34564,,Mast,UC_vs_HC
RMDN1,0.97074,1.3789,1.1554,1.1934,0.2327,,Mast,UC_vs_HC
CPNE3,0.26368,1.7272,1.8712,0.92303,0.35599,,Mast,UC_vs_HC
AF117829.1,0.95808,1.1648,1.0787,1.0798,0.28022,,Mast,UC_vs_HC
RIPK2,5.7874,0.66726,0.64917,1.0279,0.30401,0.99956,Mast,UC_vs_HC
OSGIN2,2.1446,1.0059,0.76363,1.3173,0.18774,0.99956,Mast,UC_vs_HC
NBN,3.705,-0.035281,0.50743,-0.069529,0.94457,0.99956,Mast,UC_vs_HC
DECR1,4.3492,0.30626,0.47027,0.65125,0.51488,0.99956,Mast,UC_vs_HC
TMEM64,0.95923,0.21523,0.95572,0.2252,0.82182,,Mast,UC_vs_HC
NECAB1,0.018728,0.70632,4.1361,0.17077,0.86441,,Mast,UC_vs_HC
C8orf88,0.39448,-0.96789,1.6703,-0.57947,0.56227,,Mast,UC_vs_HC
PIP4P2,1.3956,-0.11827,1.0495,-0.11269,0.91028,0.99956,Mast,UC_vs_HC
OTUD6B-AS1,7.1022,-0.70655,0.43035,-1.6418,0.10063,0.99956,Mast,UC_vs_HC
OTUD6B,0.73873,-1.0361,1.1582,-0.89455,0.37103,,Mast,UC_vs_HC
LRRC69,0.065868,1.0247,3.2484,0.31546,0.75241,,Mast,UC_vs_HC
TRIQK,0.76571,0.057449,1.0852,0.052938,0.95778,,Mast,UC_vs_HC
LINC00535,0.026237,0.024139,4.0722,0.0059277,0.99527,,Mast,UC_vs_HC
FAM92A,0.039522,0.59268,4.1488,0.14286,0.8864,,Mast,UC_vs_HC
AC120053.1,0.069899,0.56836,2.116,0.2686,0.78824,,Mast,UC_vs_HC
RBM12B,1.679,0.073181,0.78061,0.093749,0.92531,0.99956,Mast,UC_vs_HC
AC010834.2,0.037578,0.16073,4.0541,0.039647,0.96837,,Mast,UC_vs_HC
TMEM67,0.67459,0.35379,1.0583,0.33429,0.73816,,Mast,UC_vs_HC
PDP1,0.36209,1.3231,1.9794,0.66842,0.50387,,Mast,UC_vs_HC
CDH17,0.0134,0.3681,4.0861,0.090086,0.92822,,Mast,UC_vs_HC
GEM,0.68491,-2.0521,1.1469,-1.7892,0.073577,,Mast,UC_vs_HC
RAD54B,0.018728,0.70632,4.1361,0.17077,0.86441,,Mast,UC_vs_HC
VIRMA,1.6415,-0.57222,0.68754,-0.83227,0.40525,0.99956,Mast,UC_vs_HC
DPY19L4,0.74743,-0.17892,1.4306,-0.12507,0.90047,,Mast,UC_vs_HC
INTS8,0.64295,1.8257,1.3714,1.3313,0.1831,,Mast,UC_vs_HC
CCNE2,0.36257,0.35195,1.5296,0.23008,0.81803,,Mast,UC_vs_HC
NDUFAF6,0.88781,0.39885,1.3439,0.2968,0.76662,,Mast,UC_vs_HC
TP53INP1,4.0215,0.55357,0.59407,0.93181,0.35143,0.99956,Mast,UC_vs_HC
MIR3150BHG,0.33388,-0.42334,1.8735,-0.22596,0.82124,,Mast,UC_vs_HC
PLEKHF2,6.3331,0.56813,0.68547,0.82882,0.40721,0.99956,Mast,UC_vs_HC
UQCRB,48.65,-0.19758,0.22927,-0.86177,0.38881,0.99956,Mast,UC_vs_HC
MTERF3,0.64142,0.053231,1.321,0.040296,0.96786,,Mast,UC_vs_HC
PTDSS1,1.7413,-0.72082,0.86689,-0.8315,0.40569,0.99956,Mast,UC_vs_HC
CPQ,4.0581,-0.023323,0.56812,-0.041054,0.96725,0.99956,Mast,UC_vs_HC
MTDH,10.735,0.14325,0.6307,0.22714,0.82032,0.99956,Mast,UC_vs_HC
LAPTM4B,0.63602,1.1034,1.0377,1.0633,0.28764,,Mast,UC_vs_HC
MATN2,0.11934,0.71333,2.4437,0.29191,0.77036,,Mast,UC_vs_HC
RPL30,462.26,-0.10924,0.28054,-0.38938,0.697,0.99956,Mast,UC_vs_HC
AP003352.1,0.10205,0.070466,3.6789,0.019154,0.98472,,Mast,UC_vs_HC
RIDA,0.65872,1.0745,1.352,0.7948,0.42673,,Mast,UC_vs_HC
POP1,0.10942,0.57117,1.8495,0.30882,0.75746,,Mast,UC_vs_HC
NIPAL2,0.28591,-0.080186,1.8365,-0.043664,0.96517,,Mast,UC_vs_HC
STK3,1.5667,-0.21894,0.76353,-0.28675,0.7743,0.99956,Mast,UC_vs_HC
AC104986.2,0.3391,-1.1902,1.7063,-0.69755,0.48546,,Mast,UC_vs_HC
VPS13B,0.64317,-0.30515,1.3182,-0.23149,0.81694,,Mast,UC_vs_HC
COX6C,32.268,-0.08284,0.21285,-0.38919,0.69714,0.99956,Mast,UC_vs_HC
POLR2K,13.272,-0.10907,0.27626,-0.39482,0.69298,0.99956,Mast,UC_vs_HC
SPAG1,0.63558,0.49052,1.5051,0.3259,0.7445,,Mast,UC_vs_HC
RNF19A,6.8303,0.64994,0.66513,0.97715,0.32849,0.99956,Mast,UC_vs_HC
ANKRD46,0.78561,0.4186,0.99309,0.42152,0.67338,,Mast,UC_vs_HC
PABPC1,46.285,-0.037129,0.27351,-0.13575,0.89202,0.99956,Mast,UC_vs_HC
YWHAZ,54.428,-0.37569,0.33907,-1.108,0.26786,0.99956,Mast,UC_vs_HC
AC018781.1,0.14619,0.44322,3.5882,0.12352,0.90169,,Mast,UC_vs_HC
AP003469.2,0.13279,0.73069,4.1338,0.17676,0.8597,,Mast,UC_vs_HC
AP003469.4,0.2629,0.26528,2.1158,0.12538,0.90022,,Mast,UC_vs_HC
ZNF706,11.212,0.075147,0.39177,0.19181,0.84789,0.99956,Mast,UC_vs_HC
RRM2B,1.0604,-1.1605,0.86403,-1.3431,0.17924,,Mast,UC_vs_HC
UBR5-AS1,0.66577,-0.18882,1.2018,-0.15712,0.87515,,Mast,UC_vs_HC
UBR5,4.2236,-0.05303,0.54259,-0.097734,0.92214,0.99956,Mast,UC_vs_HC
AP002852.1,0.079045,0.55747,4.1549,0.13417,0.89327,,Mast,UC_vs_HC
KLF10,8.8226,-0.29029,0.51649,-0.56205,0.57408,0.99956,Mast,UC_vs_HC
GASAL1,0.26274,-0.6803,1.6076,-0.42318,0.67216,,Mast,UC_vs_HC
AZIN1,6.5978,-0.28,0.42248,-0.66275,0.50749,0.99956,Mast,UC_vs_HC
AP003696.1,0.12078,0.12251,2.4532,0.049941,0.96017,,Mast,UC_vs_HC
AZIN1-AS1,0.093744,0.82432,2.1007,0.3924,0.69477,,Mast,UC_vs_HC
ATP6V1C1,2.2897,-0.21308,0.68348,-0.31175,0.75523,0.99956,Mast,UC_vs_HC
BAALC,0.097887,-0.27082,1.8047,-0.15006,0.88072,,Mast,UC_vs_HC
BAALC-AS1,0.075058,1.3326,4.0556,0.32858,0.74247,,Mast,UC_vs_HC
FZD6,0.068811,0.43735,3.185,0.13732,0.89078,,Mast,UC_vs_HC
SLC25A32,1.3318,0.30079,1.2655,0.23769,0.81213,0.99956,Mast,UC_vs_HC
DCAF13,3.9205,-0.23591,0.56974,-0.41407,0.67882,0.99956,Mast,UC_vs_HC
DCSTAMP,0.059765,0.024139,4.0722,0.0059277,0.99527,,Mast,UC_vs_HC
LRP12,0.76403,0.90096,1.5009,0.60029,0.54831,,Mast,UC_vs_HC
ZFPM2,0.06025,0.16073,4.0541,0.039647,0.96837,,Mast,UC_vs_HC
AC027031.2,0.50447,0.43885,1.3326,0.32932,0.74191,,Mast,UC_vs_HC
OXR1,1.5279,0.73409,0.81705,0.89846,0.36894,0.99956,Mast,UC_vs_HC
EIF3E,30.354,-0.090202,0.38357,-0.23516,0.81408,0.99956,Mast,UC_vs_HC
EMC2,3.3247,0.24016,0.49465,0.48551,0.62732,0.99956,Mast,UC_vs_HC
AC104248.1,0.039522,0.59268,4.1488,0.14286,0.8864,,Mast,UC_vs_HC
NUDCD1,0.82439,-0.1835,1.1598,-0.15822,0.87428,,Mast,UC_vs_HC
ENY2,15.9,-0.13324,0.27407,-0.48616,0.62685,0.99956,Mast,UC_vs_HC
PKHD1L1,0.064456,1.0747,3.2748,0.32817,0.74278,,Mast,UC_vs_HC
EBAG9,1.8932,0.39384,0.74434,0.52911,0.59673,0.99956,Mast,UC_vs_HC
TRPS1,1.1104,0.85907,0.8978,0.95687,0.33863,,Mast,UC_vs_HC
AF178030.1,0.0134,0.3681,4.0861,0.090086,0.92822,,Mast,UC_vs_HC
EIF3H,17.284,-0.50422,0.41333,-1.2199,0.2225,0.99956,Mast,UC_vs_HC
UTP23,2.1325,-0.64418,0.76602,-0.84094,0.40038,0.99956,Mast,UC_vs_HC
RAD21,10.005,0.19495,0.34485,0.56532,0.57186,0.99956,Mast,UC_vs_HC
RAD21-AS1,0.0134,0.3681,4.0861,0.090086,0.92822,,Mast,UC_vs_HC
AARD,0.62318,-2.183,1.226,-1.7806,0.074983,,Mast,UC_vs_HC
MED30,2.3801,0.62491,0.99167,0.63016,0.52859,0.99956,Mast,UC_vs_HC
EXT1,0.84998,2.7333,1.2665,2.1582,0.030916,,Mast,UC_vs_HC
AC023590.1,0.13719,0.8742,2.3945,0.36508,0.71505,,Mast,UC_vs_HC
NOV,0.83117,-1.8037,1.6511,-1.0924,0.27465,,Mast,UC_vs_HC
ENPP2,1.3426,1.9408,1.1919,1.6283,0.10345,0.99956,Mast,UC_vs_HC
TAF2,1.301,-0.62409,0.77479,-0.8055,0.42053,0.99956,Mast,UC_vs_HC
DSCC1,0.12966,0.058255,1.8578,0.031356,0.97499,,Mast,UC_vs_HC
AP005717.1,0.055411,0.73069,4.1338,0.17676,0.8597,,Mast,UC_vs_HC
DEPTOR,1.1116,-1.1478,0.85783,-1.3381,0.18088,,Mast,UC_vs_HC
AC091563.1,0.018728,0.70632,4.1361,0.17077,0.86441,,Mast,UC_vs_HC
MRPL13,2.4694,0.32807,0.53343,0.61502,0.53854,0.99956,Mast,UC_vs_HC
MTBP,0.082611,1.1759,3.3583,0.35015,0.72623,,Mast,UC_vs_HC
SNTB1,0.31642,1.8537,3.0555,0.60669,0.54406,,Mast,UC_vs_HC
HAS2,1.0738,-1.7718,1.5874,-1.1162,0.26435,,Mast,UC_vs_HC
ZHX2,0.63104,-0.3516,1.2584,-0.27939,0.77994,,Mast,UC_vs_HC
DERL1,5.5656,-0.10802,0.41378,-0.26107,0.79404,0.99956,Mast,UC_vs_HC
TBC1D31,0.099073,1.1774,2.0938,0.56233,0.57389,,Mast,UC_vs_HC
C8orf76,2.1492,0.17886,0.64067,0.27917,0.78011,0.99956,Mast,UC_vs_HC
ZHX1-C8orf76,0.15438,-0.075909,1.5787,-0.048082,0.96165,,Mast,UC_vs_HC
ZHX1,1.8527,-0.31061,0.6668,-0.46582,0.64134,0.99956,Mast,UC_vs_HC
ATAD2,2.2206,-0.28436,0.66119,-0.43007,0.66714,0.99956,Mast,UC_vs_HC
WDYHV1,0.47001,0.3178,1.1851,0.26817,0.78857,,Mast,UC_vs_HC
FBXO32,0.055411,0.73069,4.1338,0.17676,0.8597,,Mast,UC_vs_HC
FAM91A1,2.0769,0.63364,0.82549,0.7676,0.44272,0.99956,Mast,UC_vs_HC
TMEM65,0.24253,0.93368,1.494,0.62494,0.53201,,Mast,UC_vs_HC
TRMT12,0.44819,0.63486,1.3213,0.48049,0.63088,,Mast,UC_vs_HC
RNF139-AS1,0.25833,-0.18994,1.2917,-0.14704,0.8831,,Mast,UC_vs_HC
RNF139,2.5397,-1.0518,0.86109,-1.2214,0.22192,0.99956,Mast,UC_vs_HC
TATDN1,2.5563,-0.16299,0.60394,-0.26987,0.78726,0.99956,Mast,UC_vs_HC
AC090198.1,0.12417,0.16775,2.3408,0.071664,0.94287,,Mast,UC_vs_HC
NDUFB9,11.32,0.096469,0.31148,0.30971,0.75678,0.99956,Mast,UC_vs_HC
MTSS1,3.8862,-0.77688,0.66674,-1.1652,0.24395,0.99956,Mast,UC_vs_HC
AC100858.3,0.086596,0.64256,3.4478,0.18637,0.85216,,Mast,UC_vs_HC
ZNF572,0.097449,0.73069,4.1338,0.17676,0.8597,,Mast,UC_vs_HC
SQLE,3.2759,-0.16869,0.65645,-0.25696,0.79721,0.99956,Mast,UC_vs_HC
WASHC5,0.73219,0.62287,0.97353,0.6398,0.5223,,Mast,UC_vs_HC
NSMCE2,2.5646,0.75661,0.7452,1.0153,0.30996,0.99956,Mast,UC_vs_HC
TRIB1,0.73135,-1.2427,1.1584,-1.0728,0.28338,,Mast,UC_vs_HC
LINC00861,0.037456,0.73093,4.1338,0.17682,0.85965,,Mast,UC_vs_HC
FAM84B,0.0134,0.3681,4.0861,0.090086,0.92822,,Mast,UC_vs_HC
PCAT1,0.15037,0.3047,2.4951,0.12212,0.9028,,Mast,UC_vs_HC
PRNCR1,0.29813,-0.42274,1.9283,-0.21923,0.82647,,Mast,UC_vs_HC
MYC,3.3432,-3.0345,1.2655,-2.3979,0.016489,0.72906,Mast,UC_vs_HC
PVT1,1.7601,-0.11824,0.82345,-0.14359,0.88583,0.99956,Mast,UC_vs_HC
GSDMC,0.097449,0.73069,4.1338,0.17676,0.8597,,Mast,UC_vs_HC
FAM49B,7.735,0.42412,0.64952,0.65297,0.51378,0.99956,Mast,UC_vs_HC
ASAP1,0.79684,1.4656,1.1289,1.2982,0.19421,,Mast,UC_vs_HC
EFR3A,1.846,1.2725,0.94317,1.3492,0.17728,0.99956,Mast,UC_vs_HC
TMEM71,0.19518,1.175,2.2748,0.51655,0.60547,,Mast,UC_vs_HC
PHF20L1,3.1894,1.5815,0.62976,2.5112,0.012032,0.72228,Mast,UC_vs_HC
SLA,1.7607,1.5369,1.0583,1.4522,0.14644,0.99956,Mast,UC_vs_HC
NDRG1,1.4773,0.19787,0.8141,0.24305,0.80796,0.99956,Mast,UC_vs_HC
ST3GAL1,1.6616,0.96371,0.65227,1.4775,0.13955,0.99956,Mast,UC_vs_HC
ZFAT,0.11153,0.9943,2.205,0.45093,0.65204,,Mast,UC_vs_HC
AC083843.3,0.26145,0.69197,2.351,0.29434,0.7685,,Mast,UC_vs_HC
AC083843.2,0.056306,0.20097,3.1229,0.064354,0.94869,,Mast,UC_vs_HC
KHDRBS3,0.018728,0.70632,4.1361,0.17077,0.86441,,Mast,UC_vs_HC
LINC02055,0.0134,0.3681,4.0861,0.090086,0.92822,,Mast,UC_vs_HC
FAM135B,0.024934,1.088,4.0829,0.26647,0.78988,,Mast,UC_vs_HC
TRAPPC9,0.65589,-0.23056,1.4169,-0.16273,0.87073,,Mast,UC_vs_HC
AC107375.1,0.095156,0.86228,2.2414,0.38472,0.70045,,Mast,UC_vs_HC
CHRAC1,1.055,-0.7292,1.05,-0.69445,0.4874,,Mast,UC_vs_HC
AGO2,3.1298,-0.17428,0.64943,-0.26836,0.78842,0.99956,Mast,UC_vs_HC
PTK2,1.7066,-0.71883,0.71607,-1.0039,0.31545,0.99956,Mast,UC_vs_HC
DENND3,1.4131,1.7232,1.2192,1.4133,0.15756,0.99956,Mast,UC_vs_HC
AC040970.1,0.12293,1.1048,1.619,0.6824,0.49499,,Mast,UC_vs_HC
SLC45A4,0.22122,1.0727,1.8394,0.58317,0.55978,,Mast,UC_vs_HC
AC011676.2,0.059765,0.024139,4.0722,0.0059277,0.99527,,Mast,UC_vs_HC
PTP4A3,0.049867,1.3481,4.054,0.33255,0.73948,,Mast,UC_vs_HC
TSNARE1,0.21777,-0.30467,1.6758,-0.18181,0.85573,,Mast,UC_vs_HC
ARC,0.22124,1.2906,4.0101,0.32184,0.74757,,Mast,UC_vs_HC
JRK,0.039522,0.59268,4.1488,0.14286,0.8864,,Mast,UC_vs_HC
LY6K,0.018728,0.70632,4.1361,0.17077,0.86441,,Mast,UC_vs_HC
THEM6,0.080345,1.1224,3.1892,0.35194,0.72488,,Mast,UC_vs_HC
LYNX1,0.12394,-0.41025,2.4254,-0.16914,0.86568,,Mast,UC_vs_HC
GML,0.16126,-0.41188,2.6001,-0.15841,0.87413,,Mast,UC_vs_HC
CYP11B1,0.026237,0.024139,4.0722,0.0059277,0.99527,,Mast,UC_vs_HC
LY6E,2.8511,0.89645,0.8118,1.1043,0.26947,0.99956,Mast,UC_vs_HC
ZFP41,0.038333,0.78366,2.7327,0.28677,0.77429,,Mast,UC_vs_HC
GLI4,0.14689,0.068627,3.9433,0.017403,0.98611,,Mast,UC_vs_HC
MINCR,0.3585,-0.97898,1.4286,-0.68527,0.49317,,Mast,UC_vs_HC
ZNF696,0.037456,0.73093,4.1338,0.17682,0.85965,,Mast,UC_vs_HC
TOP1MT,0.10186,0.84857,3.2075,0.26456,0.79135,,Mast,UC_vs_HC
MAFA,0.037578,0.16073,4.0541,0.039647,0.96837,,Mast,UC_vs_HC
ZC3H3,0.11621,0.4716,2.3642,0.19948,0.84189,,Mast,UC_vs_HC
AC067930.4,0.14978,1.9169,1.857,1.0323,0.30195,,Mast,UC_vs_HC
GSDMD,3.1945,0.29426,0.84535,0.34809,0.72777,0.99956,Mast,UC_vs_HC
NAPRT,1.4027,-1.2976,1.5534,-0.83533,0.40353,0.99956,Mast,UC_vs_HC
EEF1D,67.376,-0.021677,0.24803,-0.087397,0.93036,0.99956,Mast,UC_vs_HC
TIGD5,0.15463,0.43041,2.4018,0.17921,0.85777,,Mast,UC_vs_HC
TSTA3,1.5917,0.85997,0.69406,1.239,0.21533,0.99956,Mast,UC_vs_HC
AC067930.3,0.026237,0.024139,4.0722,0.0059277,0.99527,,Mast,UC_vs_HC
ZNF623,0.058473,0.81615,1.9836,0.41145,0.68074,,Mast,UC_vs_HC
ZNF707,0.14779,0.010584,1.8522,0.0057144,0.99544,,Mast,UC_vs_HC
MAPK15,0.055411,0.73069,4.1338,0.17676,0.8597,,Mast,UC_vs_HC
FAM83H,0.061817,1.2524,3.1942,0.39209,0.69499,,Mast,UC_vs_HC
SCRIB,0.3968,-0.42191,1.2009,-0.35134,0.72533,,Mast,UC_vs_HC
PUF60,5.0335,-0.5387,0.57543,-0.93618,0.34918,0.99956,Mast,UC_vs_HC
EPPK1,0.059765,0.024139,4.0722,0.0059277,0.99527,,Mast,UC_vs_HC
PLEC,0.81732,0.36369,1.0356,0.3512,0.72544,,Mast,UC_vs_HC
PARP10,0.58522,0.92531,1.9318,0.47898,0.63195,,Mast,UC_vs_HC
GRINA,1.2944,2.1661,1.114,1.9444,0.051848,0.96096,Mast,UC_vs_HC
SPATC1,0.039522,0.59268,4.1488,0.14286,0.8864,,Mast,UC_vs_HC
AC109322.1,0.10205,0.070466,3.6789,0.019154,0.98472,,Mast,UC_vs_HC
EXOSC4,1.17,1.2782,1.5212,0.84025,0.40077,0.99956,Mast,UC_vs_HC
GPAA1,2.3612,0.30046,0.87647,0.34281,0.73174,0.99956,Mast,UC_vs_HC
CYC1,2.56,-0.24954,1.0807,-0.23092,0.81738,0.99956,Mast,UC_vs_HC
SHARPIN,1.2472,-0.82147,1.0286,-0.79861,0.42451,0.99956,Mast,UC_vs_HC
MAF1,2.4591,-0.3635,1.0953,-0.33188,0.73998,0.99956,Mast,UC_vs_HC
HGH1,0.16365,-0.65364,1.8353,-0.35615,0.72173,,Mast,UC_vs_HC
MROH1,0.79395,0.54645,1.124,0.48616,0.62686,,Mast,UC_vs_HC
BOP1,0.21375,1.3,1.5257,0.8521,0.39416,,Mast,UC_vs_HC
SCX,0.40784,1.2982,3.0154,0.43052,0.66682,,Mast,UC_vs_HC
HSF1,3.2134,-0.67727,0.60835,-1.1133,0.26559,0.99956,Mast,UC_vs_HC
DGAT1,0.75215,0.42105,1.0142,0.41516,0.67802,,Mast,UC_vs_HC
SLC52A2,1.3003,0.58036,0.9149,0.63434,0.52586,0.99956,Mast,UC_vs_HC
FBXL6,0.23756,0.64978,2.244,0.28956,0.77215,,Mast,UC_vs_HC
ADCK5,0.14111,1.1678,2.2181,0.52649,0.59855,,Mast,UC_vs_HC
CPSF1,0.84089,0.16387,0.99028,0.16548,0.86856,,Mast,UC_vs_HC
SLC39A4,1.4279,0.53614,0.85315,0.62842,0.52973,0.99956,Mast,UC_vs_HC
VPS28,23.388,0.44007,0.23408,1.88,0.060109,0.98721,Mast,UC_vs_HC
TONSL,0.45313,0.31172,1.6354,0.19061,0.84883,,Mast,UC_vs_HC
CYHR1,1.0823,1.4044,1.2236,1.1477,0.25108,,Mast,UC_vs_HC
KIFC2,0.18053,0.057253,1.8969,0.030183,0.97592,,Mast,UC_vs_HC
PPP1R16A,0.21204,-0.0086289,1.5408,-0.0056002,0.99553,,Mast,UC_vs_HC
GPT,0.039522,0.59268,4.1488,0.14286,0.8864,,Mast,UC_vs_HC
MFSD3,0.073164,-0.23944,3.3159,-0.07221,0.94244,,Mast,UC_vs_HC
RECQL4,0.055411,0.73069,4.1338,0.17676,0.8597,,Mast,UC_vs_HC
LRRC14,0.17025,0.77527,3.4744,0.22313,0.82343,,Mast,UC_vs_HC
LRRC24,0.0268,0.16572,4.0548,0.040869,0.9674,,Mast,UC_vs_HC
C8orf82,0.43126,0.83779,1.9594,0.42757,0.66896,,Mast,UC_vs_HC
ZNF251,0.094822,0.96205,2.0073,0.47927,0.63175,,Mast,UC_vs_HC
ZNF34,0.49101,1.6392,1.2963,1.2645,0.20604,,Mast,UC_vs_HC
RPL8,201.01,-0.24351,0.45733,-0.53246,0.59441,0.99956,Mast,UC_vs_HC
ZNF517,0.41981,0.75833,2.1388,0.35456,0.72292,,Mast,UC_vs_HC
ZNF7,1.4115,0.73714,1.0043,0.73397,0.46297,0.99956,Mast,UC_vs_HC
COMMD5,2.1867,-0.55758,0.71928,-0.77519,0.43823,0.99956,Mast,UC_vs_HC
ZNF250,0.22471,0.81714,1.4801,0.55209,0.58089,,Mast,UC_vs_HC
ZNF16,0.21047,0.7204,1.5538,0.46364,0.6429,,Mast,UC_vs_HC
C8orf33,2.1838,-0.088511,0.83708,-0.10574,0.91579,0.99956,Mast,UC_vs_HC
WASHC1,2.7451,-1.4086,0.95547,-1.4743,0.1404,0.99956,Mast,UC_vs_HC
CBWD1,1.1794,-0.46051,1.0746,-0.42854,0.66826,0.99956,Mast,UC_vs_HC
C9orf66,0.12117,0.03601,2.4648,0.01461,0.98834,,Mast,UC_vs_HC
DOCK8,4.5699,0.91542,0.53106,1.7238,0.08475,0.99956,Mast,UC_vs_HC
KANK1,0.37738,1.2771,4.0536,0.31506,0.75272,,Mast,UC_vs_HC
SMARCA2,3.7239,-0.46987,0.61978,-0.75813,0.44837,0.99956,Mast,UC_vs_HC
PUM3,3.2094,0.42245,0.73008,0.57863,0.56284,0.99956,Mast,UC_vs_HC
RFX3,0.71706,2.826,1.376,2.0537,0.040003,,Mast,UC_vs_HC
AL354977.2,0.043089,1.2415,4.0577,0.30596,0.75964,,Mast,UC_vs_HC
SPATA6L,0.037578,0.16073,4.0541,0.039647,0.96837,,Mast,UC_vs_HC
PLPP6,0.026346,1.1367,4.0708,0.27924,0.78006,,Mast,UC_vs_HC
CDC37L1-DT,0.12191,0.49834,2.1124,0.23591,0.8135,,Mast,UC_vs_HC
CDC37L1,2.585,0.30239,0.63254,0.47805,0.63262,0.99956,Mast,UC_vs_HC
AK3,1.6439,-0.46634,0.86983,-0.53612,0.59187,0.99956,Mast,UC_vs_HC
RCL1,0.90507,-0.15398,0.98555,-0.15624,0.87584,,Mast,UC_vs_HC
JAK2,1.8647,2.445,1.0294,2.3753,0.017535,0.7412,Mast,UC_vs_HC
RLN2,0.077873,0.24265,3.4481,0.070373,0.9439,,Mast,UC_vs_HC
RLN1,0.043089,1.2415,4.0577,0.30596,0.75964,,Mast,UC_vs_HC
AL135786.2,0.052691,1.4311,4.036,0.35458,0.7229,,Mast,UC_vs_HC
PLGRKT,9.0038,0.090325,0.49539,0.18233,0.85532,0.99956,Mast,UC_vs_HC
CD274,1.7971,0.31697,0.82763,0.38298,0.70173,0.99956,Mast,UC_vs_HC
PDCD1LG2,0.20765,0.35024,1.2995,0.26952,0.78753,,Mast,UC_vs_HC
RIC1,0.67251,0.21231,1.0608,0.20015,0.84137,,Mast,UC_vs_HC
AL136980.1,0.055411,0.73069,4.1338,0.17676,0.8597,,Mast,UC_vs_HC
ERMP1,1.0603,1.7888,0.90341,1.9801,0.047698,,Mast,UC_vs_HC
KIAA2026,2.0536,0.07853,0.6923,0.11343,0.90969,0.99956,Mast,UC_vs_HC
RANBP6,0.7153,0.2618,1.1316,0.23136,0.81703,,Mast,UC_vs_HC
UHRF2,1.2126,1.2303,0.80507,1.5282,0.12645,0.99956,Mast,UC_vs_HC
AL354707.1,0.088458,1.0394,3.1122,0.33397,0.7384,,Mast,UC_vs_HC
KDM4C,1.3724,-1.0372,0.76785,-1.3508,0.17676,0.99956,Mast,UC_vs_HC
DMAC1,3.2367,-0.56853,0.53577,-1.0611,0.28863,0.99956,Mast,UC_vs_HC
LURAP1L,0.4028,0.60968,1.4071,0.43328,0.66481,,Mast,UC_vs_HC
MPDZ,0.13339,0.96728,2.5031,0.38644,0.69917,,Mast,UC_vs_HC
AL159169.2,0.050978,-0.055356,2.9247,-0.018927,0.9849,,Mast,UC_vs_HC
ZDHHC21,2.1287,-0.25366,0.78478,-0.32322,0.74652,0.99956,Mast,UC_vs_HC
FREM1,0.54727,-1.0671,1.3133,-0.8125,0.4165,,Mast,UC_vs_HC
TTC39B,3.2479,0.92632,0.67683,1.3686,0.17112,0.99956,Mast,UC_vs_HC
SNAPC3,0.72013,-0.18513,1.0392,-0.17815,0.85861,,Mast,UC_vs_HC
PSIP1,0.51769,0.7783,1.053,0.7391,0.45984,,Mast,UC_vs_HC
CCDC171,0.05825,0.61256,3.152,0.19434,0.84591,,Mast,UC_vs_HC
BNC2,1.4107,0.5567,0.79031,0.7044,0.48118,0.99956,Mast,UC_vs_HC
CNTLN,1.9627,-0.31271,0.85147,-0.36726,0.71342,0.99956,Mast,UC_vs_HC
RRAGA,2.3602,0.84485,1.1447,0.73804,0.46049,0.99956,Mast,UC_vs_HC
HAUS6,1.1993,-0.007693,0.9015,-0.0085335,0.99319,0.99956,Mast,UC_vs_HC
PLIN2,49.015,0.58712,0.36016,1.6302,0.10307,0.99956,Mast,UC_vs_HC
DENND4C,2.3231,-0.28655,0.63671,-0.45005,0.65267,0.99956,Mast,UC_vs_HC
AL391834.2,0.19744,1.655,2.4109,0.68646,0.49243,,Mast,UC_vs_HC
RPS6,206.8,-0.41052,0.34795,-1.1798,0.23807,0.99956,Mast,UC_vs_HC
ACER2,0.064456,1.0747,3.2748,0.32817,0.74278,,Mast,UC_vs_HC
MLLT3,1.3331,0.50255,0.80813,0.62188,0.53402,0.99956,Mast,UC_vs_HC
FOCAD,0.18247,0.53718,2.0505,0.26197,0.79334,,Mast,UC_vs_HC
FOCAD-AS1,0.026346,1.1367,4.0708,0.27924,0.78006,,Mast,UC_vs_HC
HACD4,1.4028,1.0519,0.9336,1.1267,0.25987,0.99956,Mast,UC_vs_HC
KLHL9,0.93651,0.33242,0.97692,0.34027,0.73365,,Mast,UC_vs_HC
AL353732.1,0.0134,0.3681,4.0861,0.090086,0.92822,,Mast,UC_vs_HC
MTAP,2.3044,0.51028,0.6013,0.84862,0.39609,0.99956,Mast,UC_vs_HC
CDKN2A,0.064679,1.1546,1.8847,0.61261,0.54014,,Mast,UC_vs_HC
CDKN2B-AS1,0.090052,-0.81976,3.3835,-0.24228,0.80856,,Mast,UC_vs_HC
CDKN2B,0.16858,-0.11498,2.0444,-0.056242,0.95515,,Mast,UC_vs_HC
TUSC1,0.12088,-0.084413,1.5449,-0.054639,0.95643,,Mast,UC_vs_HC
CAAP1,0.93218,0.76554,1.2185,0.62826,0.52983,,Mast,UC_vs_HC
PLAA,0.8177,0.9346,0.96473,0.96877,0.33266,,Mast,UC_vs_HC
IFT74,1.4396,0.26639,0.80054,0.33276,0.73932,0.99956,Mast,UC_vs_HC
LRRC19,0.091893,-0.19063,2.2051,-0.086452,0.93111,,Mast,UC_vs_HC
MOB3B,0.063267,1.0563,2.8691,0.36816,0.71275,,Mast,UC_vs_HC
C9orf72,1.6873,1.3568,0.96412,1.4073,0.15935,0.99956,Mast,UC_vs_HC
LINGO2,0.037456,0.73093,4.1338,0.17682,0.85965,,Mast,UC_vs_HC
ACO1,0.97746,-0.5884,0.97375,-0.60426,0.54567,,Mast,UC_vs_HC
DDX58,1.528,0.57267,0.85679,0.66839,0.50389,0.99956,Mast,UC_vs_HC
TOPORS,3.6013,-0.48176,0.63733,-0.7559,0.44971,0.99956,Mast,UC_vs_HC
SMIM27,2.2025,-0.85795,0.61688,-1.3908,0.16429,0.99956,Mast,UC_vs_HC
NDUFB6,5.8453,0.38432,0.46678,0.82335,0.41031,0.99956,Mast,UC_vs_HC
AL157884.2,0.13279,0.73069,4.1338,0.17676,0.8597,,Mast,UC_vs_HC
APTX,0.88474,0.39939,0.80375,0.4969,0.61926,,Mast,UC_vs_HC
DNAJA1,77.651,-1.4928,0.30719,-4.8596,1.1763e-06,0.0034088,Mast,UC_vs_HC
SMU1,4.4897,0.16219,0.48061,0.33746,0.73577,0.99956,Mast,UC_vs_HC
B4GALT1,6.5398,0.72405,0.61937,1.169,0.2424,0.99956,Mast,UC_vs_HC
B4GALT1-AS1,0.055411,0.73069,4.1338,0.17676,0.8597,,Mast,UC_vs_HC
SPINK4,1.0278,-0.67081,1.7024,-0.39404,0.69355,,Mast,UC_vs_HC
BAG1,3.4678,-0.12994,0.95008,-0.13677,0.89121,0.99956,Mast,UC_vs_HC
CHMP5,7.9827,0.37175,0.40137,0.92621,0.35433,0.99956,Mast,UC_vs_HC
NFX1,1.5828,0.38444,0.75338,0.51029,0.60985,0.99956,Mast,UC_vs_HC
AQP3,1.4627,0.56803,1.2081,0.47019,0.63822,0.99956,Mast,UC_vs_HC
NOL6,0.33064,0.73305,1.6452,0.44558,0.6559,,Mast,UC_vs_HC
AL356489.3,0.87909,-0.05746,1.435,-0.040043,0.96806,,Mast,UC_vs_HC
AL356489.2,0.33089,-0.020665,1.5357,-0.013456,0.98926,,Mast,UC_vs_HC
PRSS3,0.24196,-0.04045,1.6259,-0.024879,0.98015,,Mast,UC_vs_HC
UBE2R2,2.1631,1.7555,0.82721,2.1222,0.033822,0.90299,Mast,UC_vs_HC
UBAP2,1.5897,-0.2236,0.91225,-0.24511,0.80637,0.99956,Mast,UC_vs_HC
DCAF12,1.3474,0.47594,0.98975,0.48087,0.63061,0.99956,Mast,UC_vs_HC
UBAP1,2.8687,-0.53478,0.60963,-0.87722,0.38037,0.99956,Mast,UC_vs_HC
NUDT2,1.3427,0.39601,0.79565,0.49772,0.61868,0.99956,Mast,UC_vs_HC
MYORG,0.055411,0.73069,4.1338,0.17676,0.8597,,Mast,UC_vs_HC
FAM219A,0.43787,0.21841,1.1976,0.18237,0.85529,,Mast,UC_vs_HC
ENHO,0.024934,1.088,4.0829,0.26647,0.78988,,Mast,UC_vs_HC
RPP25L,1.2523,0.35187,0.74662,0.47128,0.63744,0.99956,Mast,UC_vs_HC
DCTN3,9.2902,-0.070627,0.44459,-0.15886,0.87378,0.99956,Mast,UC_vs_HC
SIGMAR1,0.25316,1.1101,1.5525,0.71507,0.47456,,Mast,UC_vs_HC
GALT,1.2821,-0.040035,1.0599,-0.037772,0.96987,0.99956,Mast,UC_vs_HC
IL11RA,0.30222,-0.54989,1.8709,-0.29391,0.76882,,Mast,UC_vs_HC
AL162231.1,0.43764,1.2179,1.257,0.96887,0.33261,,Mast,UC_vs_HC
AL162231.2,0.10203,0.5493,2.386,0.23021,0.81792,,Mast,UC_vs_HC
CCL19,0.026346,1.1367,4.0708,0.27924,0.78006,,Mast,UC_vs_HC
DNAJB5,0.11566,0.22281,3.5934,0.062004,0.95056,,Mast,UC_vs_HC
VCP,8.0366,0.154,0.47882,0.32162,0.74774,0.99956,Mast,UC_vs_HC
FANCG,0.32196,0.13318,1.7634,0.075524,0.9398,,Mast,UC_vs_HC
PIGO,0.29784,-0.3515,1.3326,-0.26377,0.79196,,Mast,UC_vs_HC
STOML2,6.1006,0.55013,0.54293,1.0133,0.31093,0.99956,Mast,UC_vs_HC
FAM214B,1.4101,-0.44443,0.8131,-0.54659,0.58466,0.99956,Mast,UC_vs_HC
UNC13B,0.078493,0.052424,3.5352,0.014829,0.98817,,Mast,UC_vs_HC
RUSC2,0.31206,1.6982,1.5071,1.1268,0.25982,,Mast,UC_vs_HC
TESK1,0.27931,-0.84817,1.3998,-0.60593,0.54456,,Mast,UC_vs_HC
CD72,0.14859,0.47858,1.5265,0.31352,0.75388,,Mast,UC_vs_HC
SIT1,0.094933,0.63945,3.4398,0.1859,0.85253,,Mast,UC_vs_HC
RMRP,0.1482,-0.55805,1.8454,-0.3024,0.76235,,Mast,UC_vs_HC
CCDC107,2.6512,0.77478,1.1389,0.68029,0.49632,0.99956,Mast,UC_vs_HC
ARHGEF39,0.039745,0.81098,2.9497,0.27494,0.78337,,Mast,UC_vs_HC
TPM2,0.29494,0.87752,1.6603,0.52854,0.59712,,Mast,UC_vs_HC
TLN1,11.924,0.28558,0.38272,0.74618,0.45556,0.99956,Mast,UC_vs_HC
CREB3,3.4483,-0.2434,0.50362,-0.48331,0.62887,0.99956,Mast,UC_vs_HC
GBA2,1.1221,-1.8184,0.94307,-1.9282,0.053828,0.9689,Mast,UC_vs_HC
RGP1,0.54623,0.6508,1.2058,0.53974,0.58938,,Mast,UC_vs_HC
SPAG8,0.17459,-0.40044,1.7793,-0.22505,0.82194,,Mast,UC_vs_HC
HINT2,1.5446,0.56679,1.4593,0.3884,0.69772,0.99956,Mast,UC_vs_HC
RECK,0.32264,0.88398,2.0795,0.4251,0.67076,,Mast,UC_vs_HC
GLIPR2,4.0691,0.56244,0.48188,1.1672,0.24314,0.99956,Mast,UC_vs_HC
CLTA,6.7407,0.31755,0.93792,0.33857,0.73493,0.99956,Mast,UC_vs_HC
GNE,0.8195,0.64626,1.0671,0.60561,0.54478,,Mast,UC_vs_HC
RNF38,1.1192,0.33633,0.93358,0.36026,0.71865,0.99956,Mast,UC_vs_HC
MELK,0.079045,0.55747,4.1549,0.13417,0.89327,,Mast,UC_vs_HC
PAX5,0.15391,1.3098,3.7982,0.34484,0.73022,,Mast,UC_vs_HC
EBLN3P,1.0653,0.67678,1.1083,0.61066,0.54142,,Mast,UC_vs_HC
ZCCHC7,2.0651,0.48338,0.60889,0.79388,0.42727,0.99956,Mast,UC_vs_HC
GRHPR,2.9994,-0.52048,0.53417,-0.97437,0.32987,0.99956,Mast,UC_vs_HC
ZBTB5,0.31037,0.61378,1.497,0.41002,0.68179,,Mast,UC_vs_HC
POLR1E,1.1366,-0.42307,0.87672,-0.48257,0.6294,0.99956,Mast,UC_vs_HC
TOMM5,6.0091,-1.2911,0.66019,-1.9557,0.050503,0.96096,Mast,UC_vs_HC
FRMPD1,0.10833,0.29944,2.3458,0.12765,0.89843,,Mast,UC_vs_HC
TRMT10B,0.5172,0.34679,1.057,0.32809,0.74284,,Mast,UC_vs_HC
EXOSC3,1.8068,-0.35754,0.96647,-0.36995,0.71142,0.99956,Mast,UC_vs_HC
DCAF10,0.93243,-0.53332,1.0638,-0.50132,0.61614,,Mast,UC_vs_HC
SLC25A51,0.38597,-0.60328,1.5385,-0.39213,0.69497,,Mast,UC_vs_HC
SHB,0.22867,-0.4424,1.6876,-0.26215,0.79321,,Mast,UC_vs_HC
ALDH1B1,0.17316,-0.50543,1.7687,-0.28576,0.77506,,Mast,UC_vs_HC
CNTNAP3,0.037578,0.16073,4.0541,0.039647,0.96837,,Mast,UC_vs_HC
GLIDR,0.037456,0.73093,4.1338,0.17682,0.85965,,Mast,UC_vs_HC
FAM95B1,0.33765,-0.86507,1.3297,-0.65055,0.51533,,Mast,UC_vs_HC
AL353626.1,0.026346,1.1367,4.0708,0.27924,0.78006,,Mast,UC_vs_HC
CBWD6,0.19467,0.30104,2.0014,0.15041,0.88044,,Mast,UC_vs_HC
BX088651.4,0.0134,0.3681,4.0861,0.090086,0.92822,,Mast,UC_vs_HC
FAM27C,2.0414,-0.93689,0.6838,-1.3701,0.17065,0.99956,Mast,UC_vs_HC
AL590399.1,0.0134,0.3681,4.0861,0.090086,0.92822,,Mast,UC_vs_HC
LINC01410,0.0134,0.3681,4.0861,0.090086,0.92822,,Mast,UC_vs_HC
AL512625.3,0.27498,-1.0687,3.8975,-0.27421,0.78392,,Mast,UC_vs_HC
AL512625.1,0.28101,0.47237,2.2474,0.21018,0.83352,,Mast,UC_vs_HC
ANKRD20A4,0.086596,0.64256,3.4478,0.18637,0.85216,,Mast,UC_vs_HC
CBWD5,1.1622,-1.2521,1.2674,-0.98795,0.32318,0.99956,Mast,UC_vs_HC
AL136317.2,0.094933,0.63945,3.4398,0.1859,0.85253,,Mast,UC_vs_HC
ZNF658,0.11269,-0.36042,2.3649,-0.1524,0.87887,,Mast,UC_vs_HC
CBWD3,0.51287,0.6624,1.3169,0.50299,0.61497,,Mast,UC_vs_HC
AL161457.2,0.086596,0.64256,3.4478,0.18637,0.85216,,Mast,UC_vs_HC
PIP5K1B,0.20684,1.8485,1.4735,1.2545,0.20965,,Mast,UC_vs_HC
FAM122A,0.59405,-0.0094367,1.057,-0.008928,0.99288,,Mast,UC_vs_HC
FXN,0.81517,-0.15986,1.47,-0.10875,0.9134,,Mast,UC_vs_HC
AL358113.1,0.40282,-0.26259,1.7115,-0.15343,0.87806,,Mast,UC_vs_HC
TJP2,0.11261,-0.18244,3.4915,-0.052251,0.95833,,Mast,UC_vs_HC
APBA1,0.024934,1.088,4.0829,0.26647,0.78988,,Mast,UC_vs_HC
PTAR1,2.8837,0.29396,0.76384,0.38484,0.70035,0.99956,Mast,UC_vs_HC
MAMDC2-AS1,0.043089,1.2415,4.0577,0.30596,0.75964,,Mast,UC_vs_HC
SMC5-AS1,0.055411,0.73069,4.1338,0.17676,0.8597,,Mast,UC_vs_HC
SMC5,2.4778,0.2083,0.66104,0.31512,0.75267,0.99956,Mast,UC_vs_HC
KLF9,0.2857,0.61443,1.5249,0.40294,0.68699,,Mast,UC_vs_HC
CEMIP2,1.1185,0.63629,1.1756,0.54126,0.58833,0.99956,Mast,UC_vs_HC
ABHD17B,2.4355,1.095,0.65182,1.6799,0.09298,0.99956,Mast,UC_vs_HC
C9orf85,0.74755,0.69907,0.96213,0.72658,0.46748,,Mast,UC_vs_HC
GDA,0.018728,0.70632,4.1361,0.17077,0.86441,,Mast,UC_vs_HC
LINC01504,0.31835,2.1776,1.3452,1.6188,0.10549,,Mast,UC_vs_HC
ZFAND5,11.06,-0.75791,0.5965,-1.2706,0.20388,0.99956,Mast,UC_vs_HC
ALDH1A1,13.756,0.65719,0.7056,0.93139,0.35165,0.99956,Mast,UC_vs_HC
ANXA1,384.25,-0.21789,0.31218,-0.69794,0.48521,0.99956,Mast,UC_vs_HC
TRPM6,0.38963,1.565,2.009,0.779,0.43598,,Mast,UC_vs_HC
C9orf40,0.15448,1.1841,2.2694,0.52176,0.60184,,Mast,UC_vs_HC
C9orf41-AS1,0.026346,1.1367,4.0708,0.27924,0.78006,,Mast,UC_vs_HC
CARNMT1,0.54112,-0.18661,1.3287,-0.14044,0.88831,,Mast,UC_vs_HC
NMRK1,1.8332,-0.72667,0.78746,-0.9228,0.35611,0.99956,Mast,UC_vs_HC
OSTF1,14.897,0.57161,0.29871,1.9136,0.055667,0.98631,Mast,UC_vs_HC
PCSK5,0.05825,0.61256,3.152,0.19434,0.84591,,Mast,UC_vs_HC
RFK,0.58761,-0.42676,1.4054,-0.30365,0.7614,,Mast,UC_vs_HC
GCNT1,0.47013,1.0313,1.391,0.74137,0.45847,,Mast,UC_vs_HC
VPS13A,3.6961,-0.14414,0.62928,-0.22906,0.81883,0.99956,Mast,UC_vs_HC
GNA14,0.049867,1.3481,4.054,0.33255,0.73948,,Mast,UC_vs_HC
GNA14-AS1,0.018728,0.70632,4.1361,0.17077,0.86441,,Mast,UC_vs_HC
GNAQ,6.7721,0.47992,0.40352,1.1893,0.23431,0.99956,Mast,UC_vs_HC
CEP78,0.47725,-1.682,1.4134,-1.19,0.23404,,Mast,UC_vs_HC
PSAT1,0.024934,1.088,4.0829,0.26647,0.78988,,Mast,UC_vs_HC
TLE4,8.3803,-0.88757,0.45912,-1.9332,0.053214,0.96383,Mast,UC_vs_HC
TLE1,0.26446,0.99703,1.7947,0.55555,0.57852,,Mast,UC_vs_HC
IDNK,1.7066,0.17861,0.85978,0.20774,0.83543,0.99956,Mast,UC_vs_HC
UBQLN1,2.5595,0.44771,0.65807,0.68034,0.49629,0.99956,Mast,UC_vs_HC
AL354920.1,0.043089,1.2415,4.0577,0.30596,0.75964,,Mast,UC_vs_HC
GKAP1,0.48325,-2.283,1.5152,-1.5068,0.13187,,Mast,UC_vs_HC
KIF27,0.30063,0.48597,2.3203,0.20944,0.8341,,Mast,UC_vs_HC
C9orf64,0.45886,1.3002,1.4842,0.87602,0.38102,,Mast,UC_vs_HC
HNRNPK,33.678,-0.019892,0.23207,-0.085713,0.93169,0.99956,Mast,UC_vs_HC
AL354733.3,0.7019,-0.056867,1.2536,-0.045363,0.96382,,Mast,UC_vs_HC
RMI1,0.51636,0.99875,2.1992,0.45413,0.64973,,Mast,UC_vs_HC
SLC28A3,0.23402,-0.39403,2.1646,-0.18203,0.85556,,Mast,UC_vs_HC
AGTPBP1,0.98146,0.99767,1.2969,0.76925,0.44174,,Mast,UC_vs_HC
NAA35,1.6336,0.24635,0.67174,0.36673,0.71382,0.99956,Mast,UC_vs_HC
GOLM1,0.1188,-0.80378,2.2255,-0.36116,0.71798,,Mast,UC_vs_HC
ISCA1,4.6103,-0.85992,0.55144,-1.5594,0.1189,0.99956,Mast,UC_vs_HC
TUT7,3.288,-0.45167,0.61242,-0.73752,0.46081,0.99956,Mast,UC_vs_HC
DAPK1,2.0216,0.096804,0.80814,0.11979,0.90465,0.99956,Mast,UC_vs_HC
CTSL,1.195,0.7792,0.97694,0.79759,0.42511,0.99956,Mast,UC_vs_HC
CDK20,0.082611,1.1759,3.3583,0.35015,0.72623,,Mast,UC_vs_HC
SPIN1,1.1547,-0.52436,0.92017,-0.56985,0.56878,0.99956,Mast,UC_vs_HC
CKS2,12.911,-1.2083,0.4948,-2.442,0.014605,0.72228,Mast,UC_vs_HC
SECISBP2,4.2903,0.56527,0.55583,1.017,0.30916,0.99956,Mast,UC_vs_HC
SEMA4D,5.2597,1.6804,0.54116,3.1051,0.0019021,0.32441,Mast,UC_vs_HC
GADD45G,1.4119,2.4397,1.9386,1.2585,0.20821,0.99956,Mast,UC_vs_HC
SYK,1.7648,0.17648,0.71657,0.24629,0.80546,0.99956,Mast,UC_vs_HC
AL158071.5,0.032128,0.40025,2.7752,0.14423,0.88532,,Mast,UC_vs_HC
AUH,0.51867,2.3317,1.7934,1.3002,0.19355,,Mast,UC_vs_HC
NFIL3,0.707,1.405,1.1005,1.2767,0.20172,,Mast,UC_vs_HC
ROR2,0.065759,0.0046698,3.3277,0.0014033,0.99888,,Mast,UC_vs_HC
SPTLC1,1.8578,-0.03584,0.63824,-0.056154,0.95522,0.99956,Mast,UC_vs_HC
IARS,2.0345,-0.61619,0.88922,-0.69296,0.48834,0.99956,Mast,UC_vs_HC
NOL8,1.7061,0.1288,0.67085,0.19199,0.84775,0.99956,Mast,UC_vs_HC
CENPP,0.56864,-0.20931,1.3654,-0.15329,0.87817,,Mast,UC_vs_HC
IPPK,0.55062,1.2817,1.6585,0.77283,0.43963,,Mast,UC_vs_HC
BICD2,1.6346,0.27564,0.69706,0.39544,0.69252,0.99956,Mast,UC_vs_HC
ZNF484,0.45305,-0.17326,1.5554,-0.11139,0.91131,,Mast,UC_vs_HC
FGD3,0.65401,-1.6374,1.3103,-1.2496,0.21146,,Mast,UC_vs_HC
SUSD3,0.0134,0.3681,4.0861,0.090086,0.92822,,Mast,UC_vs_HC
CARD19,3.5801,-0.3693,0.59028,-0.62563,0.53156,0.99956,Mast,UC_vs_HC
NINJ1,9.2892,0.22455,0.51187,0.43867,0.6609,0.99956,Mast,UC_vs_HC
WNK2,0.050978,-0.055356,2.9247,-0.018927,0.9849,,Mast,UC_vs_HC
FAM120AOS,0.91448,0.17208,0.9593,0.17938,0.85764,,Mast,UC_vs_HC
FAM120A,3.9017,0.20965,0.48196,0.43499,0.66357,0.99956,Mast,UC_vs_HC
PHF2,0.5208,0.15476,1.3557,0.11415,0.90912,,Mast,UC_vs_HC
PTPDC1,0.242,0.80448,1.5425,0.52153,0.602,,Mast,UC_vs_HC
AL158152.1,0.38593,-0.73335,1.4799,-0.49555,0.62021,,Mast,UC_vs_HC
ZNF169,0.17477,0.44149,1.9292,0.22885,0.81899,,Mast,UC_vs_HC
MFSD14B,1.0109,-0.30334,1.0119,-0.29977,0.76435,,Mast,UC_vs_HC
PCAT7,0.018728,0.70632,4.1361,0.17077,0.86441,,Mast,UC_vs_HC
FBP1,2.6967,0.63206,1.0616,0.59541,0.55157,0.99956,Mast,UC_vs_HC
C9orf3,0.17507,1.8046,2.4641,0.73238,0.46394,,Mast,UC_vs_HC
FANCC,0.32627,1.8316,1.7375,1.0541,0.29182,,Mast,UC_vs_HC
PTCH1,0.081648,0.071974,3.5058,0.02053,0.98362,,Mast,UC_vs_HC
LINC00476,0.23723,0.95618,2.9466,0.3245,0.74556,,Mast,UC_vs_HC
ERCC6L2,0.78087,0.23455,1.2821,0.18295,0.85484,,Mast,UC_vs_HC
SLC35D2,0.29384,0.24642,1.5597,0.158,0.87446,,Mast,UC_vs_HC
HABP4,0.18153,0.77308,2.651,0.29162,0.77057,,Mast,UC_vs_HC
CDC14B,0.34417,1.4421,1.5999,0.90137,0.36739,,Mast,UC_vs_HC
AAED1,3.8506,0.55541,0.80674,0.68845,0.49117,0.99956,Mast,UC_vs_HC
ZNF510,0.15686,0.30273,1.6674,0.18156,0.85593,,Mast,UC_vs_HC
ZNF782,0.0985,1.2704,3.5029,0.36268,0.71684,,Mast,UC_vs_HC
MFSD14C,1.1469,0.28157,0.87575,0.32152,0.74781,0.99956,Mast,UC_vs_HC
CCDC180,0.35443,1.4066,1.7125,0.82136,0.41144,,Mast,UC_vs_HC
TDRD7,0.13795,-0.32676,1.936,-0.16878,0.86597,,Mast,UC_vs_HC
TMOD1,1.5682,0.81939,0.87826,0.93296,0.35084,0.99956,Mast,UC_vs_HC
TSTD2,1.5333,-0.41947,0.9227,-0.45461,0.64939,0.99956,Mast,UC_vs_HC
NCBP1,0.52276,0.28151,1.0426,0.26999,0.78716,,Mast,UC_vs_HC
XPA,1.7469,-0.037711,1.0976,-0.034357,0.97259,0.99956,Mast,UC_vs_HC
TRMO,1.796,-0.9141,0.72203,-1.266,0.20551,0.99956,Mast,UC_vs_HC
ANP32B,9.0226,-0.15733,0.75745,-0.20771,0.83546,0.99956,Mast,UC_vs_HC
NANS,4.7677,-0.13068,0.63427,-0.20603,0.83677,0.99956,Mast,UC_vs_HC
TRIM14,0.099968,0.64845,2.0948,0.30955,0.7569,,Mast,UC_vs_HC
CORO2A,0.0134,0.3681,4.0861,0.090086,0.92822,,Mast,UC_vs_HC
TBC1D2,0.20742,0.39238,1.401,0.28006,0.77943,,Mast,UC_vs_HC
ANKS6,0.081648,0.071974,3.5058,0.02053,0.98362,,Mast,UC_vs_HC
TGFBR1,1.6958,0.50265,0.76377,0.65811,0.51047,0.99956,Mast,UC_vs_HC
ALG2,1.5798,2.1598,0.98115,2.2012,0.027719,0.8802,Mast,UC_vs_HC
SEC61B,54.013,0.18667,0.24546,0.7605,0.44696,0.99956,Mast,UC_vs_HC
NR4A3,29.317,-0.23547,0.51255,-0.4594,0.64595,0.99956,Mast,UC_vs_HC
STX17-AS1,0.68467,-0.23378,0.98269,-0.2379,0.81196,,Mast,UC_vs_HC
STX17,2.4509,0.32697,0.62471,0.52339,0.60071,0.99956,Mast,UC_vs_HC
ERP44,6.0175,0.69674,0.47954,1.4529,0.14624,0.99956,Mast,UC_vs_HC
INVS,0.39044,0.28463,1.6315,0.17446,0.86151,,Mast,UC_vs_HC
TEX10,0.24227,1.1653,2.1696,0.5371,0.5912,,Mast,UC_vs_HC
MSANTD3,0.42665,0.56107,1.7456,0.32141,0.7479,,Mast,UC_vs_HC
MRPL50,3.3653,-0.44531,0.70385,-0.63267,0.52695,0.99956,Mast,UC_vs_HC
ZNF189,1.3979,0.72896,0.80811,0.90205,0.36703,0.99956,Mast,UC_vs_HC
TMEM246,0.50472,0.76489,1.5559,0.49159,0.62301,,Mast,UC_vs_HC
RNF20,1.0609,1.0842,0.83307,1.3014,0.19312,,Mast,UC_vs_HC
SMC2,2.158,0.061315,0.60742,0.10094,0.9196,0.99956,Mast,UC_vs_HC
OR13C4,0.018728,0.70632,4.1361,0.17077,0.86441,,Mast,UC_vs_HC
NIPSNAP3A,2.9176,-0.017774,0.69321,-0.025641,0.97954,0.99956,Mast,UC_vs_HC
NIPSNAP3B,0.0134,0.3681,4.0861,0.090086,0.92822,,Mast,UC_vs_HC
ABCA1,10.713,0.25663,0.51575,0.49759,0.61877,0.99956,Mast,UC_vs_HC
AL359182.1,0.018728,0.70632,4.1361,0.17077,0.86441,,Mast,UC_vs_HC
SLC44A1,8.3467,0.068676,0.31804,0.21594,0.82904,0.99956,Mast,UC_vs_HC
FSD1L,0.84396,1.6626,0.95189,1.7466,0.080708,,Mast,UC_vs_HC
FKTN,0.38158,0.14255,1.5712,0.090726,0.92771,,Mast,UC_vs_HC
TMEM38B,1.822,1.4202,0.89444,1.5878,0.11233,0.99956,Mast,UC_vs_HC
ZNF462,1.6499,1.0895,1.2137,0.89765,0.36937,0.99956,Mast,UC_vs_HC
RAD23B,3.2201,0.36081,0.72834,0.49539,0.62032,0.99956,Mast,UC_vs_HC
KLF4,3.59,-1.3189,0.7086,-1.8612,0.062709,0.98767,Mast,UC_vs_HC
ELP1,0.85683,0.22462,1.281,0.17536,0.8608,,Mast,UC_vs_HC
FAM206A,0.27539,-0.65494,1.6299,-0.40182,0.68781,,Mast,UC_vs_HC
CTNNAL1,0.38116,0.41332,1.6872,0.24498,0.80647,,Mast,UC_vs_HC
TMEM245,2.6286,0.13718,0.67033,0.20465,0.83785,0.99956,Mast,UC_vs_HC
FRRS1L,0.16182,-0.63385,2.6777,-0.23671,0.81288,,Mast,UC_vs_HC
AKAP2,0.16538,-0.82554,1.5629,-0.52821,0.59735,,Mast,UC_vs_HC
C9orf152,0.0134,0.3681,4.0861,0.090086,0.92822,,Mast,UC_vs_HC
TXN,44.777,-0.80517,0.33488,-2.4044,0.0162,0.72228,Mast,UC_vs_HC
SVEP1,0.097343,-0.54989,3.5051,-0.15689,0.87534,,Mast,UC_vs_HC
AL592463.1,0.039522,0.59268,4.1488,0.14286,0.8864,,Mast,UC_vs_HC
ECPAS,1.4927,1.2608,0.83572,1.5087,0.13139,0.99956,Mast,UC_vs_HC
PTGR1,0.14948,0.44145,1.9289,0.22886,0.81898,,Mast,UC_vs_HC
DNAJC25,0.1851,-1.2138,1.9615,-0.61884,0.53602,,Mast,UC_vs_HC
DNAJC25-GNG10,0.043089,1.2415,4.0577,0.30596,0.75964,,Mast,UC_vs_HC
GNG10,0.35936,1.1296,1.8033,0.62642,0.53104,,Mast,UC_vs_HC
UGCG,0.97256,0.26231,0.93393,0.28087,0.77881,,Mast,UC_vs_HC
SUSD1,0.91669,0.58163,0.858,0.67789,0.49784,,Mast,UC_vs_HC
PTBP3,6.4579,-0.22449,0.50434,-0.44513,0.65623,0.99956,Mast,UC_vs_HC
HSDL2,1.9222,0.91105,0.62115,1.4667,0.14245,0.99956,Mast,UC_vs_HC
KIAA1958,0.051171,0.51223,3.1431,0.16297,0.87054,,Mast,UC_vs_HC
INIP,1.4368,-0.15191,0.78849,-0.19266,0.84722,0.99956,Mast,UC_vs_HC
AL390067.1,0.07365,-0.053317,3.1259,-0.017057,0.98639,,Mast,UC_vs_HC
SNX30,0.13156,0.090896,1.8618,0.048821,0.96106,,Mast,UC_vs_HC
ZNF883,0.024934,1.088,4.0829,0.26647,0.78988,,Mast,UC_vs_HC
FAM225B,0.026346,1.1367,4.0708,0.27924,0.78006,,Mast,UC_vs_HC
SLC31A2,0.416,1.4634,1.5692,0.93258,0.35104,,Mast,UC_vs_HC
FKBP15,0.74628,0.31797,1.1094,0.28662,0.7744,,Mast,UC_vs_HC
SLC31A1,0.1631,-0.95693,1.9292,-0.49603,0.61987,,Mast,UC_vs_HC
CDC26,6.4137,-0.17206,0.40476,-0.42509,0.67077,0.99956,Mast,UC_vs_HC
PRPF4,1.4954,-1.5529,1.0632,-1.4606,0.14412,0.99956,Mast,UC_vs_HC
WDR31,0.0134,0.3681,4.0861,0.090086,0.92822,,Mast,UC_vs_HC
BSPRY,0.50881,-0.25608,1.2195,-0.20999,0.83368,,Mast,UC_vs_HC
HDHD3,0.69189,-0.50159,1.2758,-0.39317,0.69419,,Mast,UC_vs_HC
ALAD,0.59204,1.1351,1.2798,0.88692,0.37512,,Mast,UC_vs_HC
POLE3,4.0485,-0.72602,0.55192,-1.3154,0.18836,0.99956,Mast,UC_vs_HC
RGS3,1.8102,0.31999,0.88112,0.36316,0.71648,0.99956,Mast,UC_vs_HC
ZNF618,2.8793,0.21337,0.64803,0.32926,0.74196,0.99956,Mast,UC_vs_HC
AKNA,7.4436,-0.03535,0.57157,-0.061847,0.95068,0.99956,Mast,UC_vs_HC
WHRN,0.23145,-0.55592,3.961,-0.14035,0.88839,,Mast,UC_vs_HC
ATP6V1G1,36.624,0.028356,0.23456,0.12089,0.90378,0.99956,Mast,UC_vs_HC
TMEM268,0.1832,0.28191,1.7038,0.16546,0.86858,,Mast,UC_vs_HC
TNFSF15,0.039522,0.59268,4.1488,0.14286,0.8864,,Mast,UC_vs_HC
TNFSF8,0.0134,0.3681,4.0861,0.090086,0.92822,,Mast,UC_vs_HC
TNC,0.0134,0.3681,4.0861,0.090086,0.92822,,Mast,UC_vs_HC
PAPPA,0.078493,0.052424,3.5352,0.014829,0.98817,,Mast,UC_vs_HC
ASTN2,0.024934,1.088,4.0829,0.26647,0.78988,,Mast,UC_vs_HC
TRIM32,0.30519,0.31959,1.3033,0.24521,0.80629,,Mast,UC_vs_HC
TLR4,0.77629,3.387,1.6663,2.0326,0.042094,,Mast,UC_vs_HC
AL160272.1,0.064474,0.59268,4.1488,0.14286,0.8864,,Mast,UC_vs_HC
CDK5RAP2,2.9772,0.009096,0.62702,0.014507,0.98843,0.99956,Mast,UC_vs_HC
MEGF9,0.18894,1.3912,1.6702,0.83294,0.40488,,Mast,UC_vs_HC
FBXW2,1.9375,1.4306,0.98429,1.4534,0.1461,0.99956,Mast,UC_vs_HC
B3GNT10,0.086564,-0.45286,3.3533,-0.13505,0.89257,,Mast,UC_vs_HC
PSMD5,0.76045,-1.9353,1.3417,-1.4424,0.14919,,Mast,UC_vs_HC
PHF19,1.612,0.46687,0.98451,0.47421,0.63535,0.99956,Mast,UC_vs_HC
TRAF1,8.6204,-0.080863,0.56996,-0.14188,0.88718,0.99956,Mast,UC_vs_HC
C5,0.064474,0.59268,4.1488,0.14286,0.8864,,Mast,UC_vs_HC
CNTRL,2.6176,-0.2349,0.58161,-0.40387,0.68631,0.99956,Mast,UC_vs_HC
RAB14,5.1551,0.14386,0.52825,0.27234,0.78536,0.99956,Mast,UC_vs_HC
GSN,8.7663,0.31802,0.47746,0.66606,0.50537,0.99956,Mast,UC_vs_HC
AL513122.2,0.018728,0.70632,4.1361,0.17077,0.86441,,Mast,UC_vs_HC
GSN-AS1,0.037578,0.16073,4.0541,0.039647,0.96837,,Mast,UC_vs_HC
STOM,1.7878,0.24182,0.73017,0.33118,0.74051,0.99956,Mast,UC_vs_HC
AL359644.1,0.075034,0.22307,3.2718,0.068181,0.94564,,Mast,UC_vs_HC
TTLL11,0.10334,0.70554,3.5653,0.19789,0.84313,,Mast,UC_vs_HC
NDUFA8,4.9098,0.40092,0.40642,0.98646,0.32391,0.99956,Mast,UC_vs_HC
RBM18,1.4223,1.5003,0.79678,1.8829,0.059712,0.98721,Mast,UC_vs_HC
MRRF,0.61641,0.25421,1.1595,0.21924,0.82647,,Mast,UC_vs_HC
PTGS1,9.7013,0.037016,0.40257,0.091948,0.92674,0.99956,Mast,UC_vs_HC
AL359636.1,1.6078,2.5272,1.2818,1.9717,0.048648,0.95101,Mast,UC_vs_HC
OR1J1,0.043662,1.1196,2.8057,0.39906,0.68985,,Mast,UC_vs_HC
OR1N2,0.080545,1.272,3.3876,0.37548,0.70731,,Mast,UC_vs_HC
OR1L8,0.063924,0.64284,3.2536,0.19758,0.84337,,Mast,UC_vs_HC
AL162254.1,0.018728,0.70632,4.1361,0.17077,0.86441,,Mast,UC_vs_HC
PDCL,3.0661,-0.096117,0.53808,-0.17863,0.85823,0.99956,Mast,UC_vs_HC
RC3H2,1.8131,1.2569,1.0124,1.2414,0.21444,0.99956,Mast,UC_vs_HC
ZBTB6,0.77801,2.1037,1.3027,1.6149,0.10632,,Mast,UC_vs_HC
ZBTB26,0.88454,-0.0070066,1.3347,-0.0052496,0.99581,,Mast,UC_vs_HC
RABGAP1,1.3459,0.14826,0.76683,0.19334,0.84669,0.99956,Mast,UC_vs_HC
STRBP,1.1337,0.91494,1.25,0.73198,0.46418,0.99956,Mast,UC_vs_HC
DENND1A,0.57282,1.2915,1.1228,1.1502,0.25005,,Mast,UC_vs_HC
NEK6,2.0991,0.15791,0.89808,0.17583,0.86043,0.99956,Mast,UC_vs_HC
AL162724.2,0.026237,0.024139,4.0722,0.0059277,0.99527,,Mast,UC_vs_HC
PSMB7,8.6687,0.12744,0.3481,0.36611,0.71428,0.99956,Mast,UC_vs_HC
MIR181A2HG,0.12077,-0.051155,3.397,-0.015059,0.98799,,Mast,UC_vs_HC
RPL35,124.6,-0.23863,0.24253,-0.98393,0.32515,0.99956,Mast,UC_vs_HC
ARPC5L,1.6879,1.4961,0.97398,1.5361,0.12452,0.99956,Mast,UC_vs_HC
GOLGA1,0.5612,0.98006,1.1524,0.85042,0.39509,,Mast,UC_vs_HC
SCAI,0.87683,-0.38176,0.93298,-0.40919,0.6824,,Mast,UC_vs_HC
PPP6C,2.9201,-0.55421,0.62185,-0.89123,0.3728,0.99956,Mast,UC_vs_HC
RABEPK,1.0243,2.0389,1.0949,1.8622,0.062579,,Mast,UC_vs_HC
HSPA5,78.993,0.1727,0.46638,0.37031,0.71115,0.99956,Mast,UC_vs_HC
AL354710.2,0.080667,0.7043,3.3859,0.20801,0.83522,,Mast,UC_vs_HC
GAPVD1,2.2127,0.08218,0.72225,0.11378,0.90941,0.99956,Mast,UC_vs_HC
MAPKAP1,1.118,-0.18677,0.87103,-0.21443,0.83022,,Mast,UC_vs_HC
PBX3,1.6695,-0.11331,0.74902,-0.15127,0.87976,0.99956,Mast,UC_vs_HC
MVB12B,0.44448,-0.085738,1.5485,-0.055368,0.95585,,Mast,UC_vs_HC
ZBTB43,2.6977,-0.14942,0.58714,-0.25448,0.79912,0.99956,Mast,UC_vs_HC
ZBTB34,0.47931,0.88307,1.5831,0.55781,0.57698,,Mast,UC_vs_HC
RALGPS1,0.1753,0.66632,3.7725,0.17662,0.8598,,Mast,UC_vs_HC
SLC2A8,0.25201,0.32771,1.2356,0.26523,0.79084,,Mast,UC_vs_HC
ZNF79,0.094368,1.8738,1.9502,0.96084,0.33663,,Mast,UC_vs_HC
RPL12,291.65,-0.079326,0.20032,-0.396,0.69211,0.99956,Mast,UC_vs_HC
LRSAM1,0.28729,0.22942,1.7182,0.13352,0.89378,,Mast,UC_vs_HC
FAM129B,2.6227,-1.1119,0.66041,-1.6837,0.092239,0.99956,Mast,UC_vs_HC
STXBP1,0.059765,0.024139,4.0722,0.0059277,0.99527,,Mast,UC_vs_HC
PTRH1,0.59274,-0.48116,1.4431,-0.33342,0.73881,,Mast,UC_vs_HC
CFAP157,0.059765,0.024139,4.0722,0.0059277,0.99527,,Mast,UC_vs_HC
TOR2A,0.06239,1.1263,2.9855,0.37726,0.70598,,Mast,UC_vs_HC
SH2D3C,0.52148,0.68622,1.194,0.57474,0.56547,,Mast,UC_vs_HC
CDK9,1.2615,0.087482,1.1937,0.073285,0.94158,0.99956,Mast,UC_vs_HC
FPGS,1.1875,-0.91518,1.0443,-0.87632,0.38086,0.99956,Mast,UC_vs_HC
ENG,0.83449,0.24513,1.1003,0.22278,0.82371,,Mast,UC_vs_HC
AL162586.1,0.044965,0.057449,3.1839,0.018044,0.9856,,Mast,UC_vs_HC
AK1,0.026237,0.024139,4.0722,0.0059277,0.99527,,Mast,UC_vs_HC
ST6GALNAC6,0.039522,0.59268,4.1488,0.14286,0.8864,,Mast,UC_vs_HC
ST6GALNAC4,0.73836,0.47856,1.1586,0.41306,0.67956,,Mast,UC_vs_HC
DPM2,1.4165,0.032797,0.80871,0.040555,0.96765,0.99956,Mast,UC_vs_HC
FAM102A,2.3441,-0.34203,0.69766,-0.49026,0.62395,0.99956,Mast,UC_vs_HC
NAIF1,0.064456,1.0747,3.2748,0.32817,0.74278,,Mast,UC_vs_HC
SLC25A25,0.16859,1.0877,1.4922,0.72888,0.46607,,Mast,UC_vs_HC
SLC25A25-AS1,0.25196,0.91487,2.0544,0.44532,0.65609,,Mast,UC_vs_HC
PTGES2,0.91141,-0.83906,1.8877,-0.4445,0.65668,,Mast,UC_vs_HC
LCN2,0.46647,2.2798,2.5804,0.8835,0.37696,,Mast,UC_vs_HC
C9orf16,12.469,-0.017171,0.70006,-0.024527,0.98043,0.99956,Mast,UC_vs_HC
CIZ1,0.6681,0.022319,0.89015,0.025073,0.98,,Mast,UC_vs_HC
DNM1,0.051279,1.4865,2.8551,0.52065,0.60261,,Mast,UC_vs_HC
GOLGA2,3.9791,-0.0030832,0.49132,-0.0062754,0.99499,0.99956,Mast,UC_vs_HC
SWI5,2.6453,0.24105,0.65038,0.37063,0.71091,0.99956,Mast,UC_vs_HC
TRUB2,0.92857,0.82681,0.9948,0.83112,0.4059,,Mast,UC_vs_HC
COQ4,1.8452,0.61175,0.83181,0.73545,0.46207,0.99956,Mast,UC_vs_HC
SLC27A4,0.0134,0.3681,4.0861,0.090086,0.92822,,Mast,UC_vs_HC
URM1,1.5645,0.14749,0.77427,0.19049,0.84893,0.99956,Mast,UC_vs_HC
CERCAM,0.095395,0.86535,1.8306,0.47272,0.63641,,Mast,UC_vs_HC
ODF2,1.1312,-0.33173,1.0176,-0.32599,0.74443,0.99956,Mast,UC_vs_HC
GLE1,0.42281,1.177,1.406,0.83708,0.40255,,Mast,UC_vs_HC
AL356481.1,0.055411,0.73069,4.1338,0.17676,0.8597,,Mast,UC_vs_HC
SPTAN1,3.2968,0.22674,0.5811,0.3902,0.69639,0.99956,Mast,UC_vs_HC
WDR34,0.28441,0.59361,1.511,0.39286,0.69442,,Mast,UC_vs_HC
HMGA1P4,0.13728,0.41887,1.7308,0.24201,0.80878,,Mast,UC_vs_HC
SET,16.772,0.22493,0.2811,0.80019,0.4236,0.99956,Mast,UC_vs_HC
ZDHHC12,2.5731,-0.533,0.66542,-0.801,0.42313,0.99956,Mast,UC_vs_HC
AL441992.1,0.18814,0.55423,2.0881,0.26543,0.79068,,Mast,UC_vs_HC
ZER1,0.57972,0.86407,1.2779,0.67618,0.49893,,Mast,UC_vs_HC
TBC1D13,0.65992,0.44937,1.0278,0.4372,0.66197,,Mast,UC_vs_HC
ENDOG,0.39458,-1.3267,1.6836,-0.78802,0.43069,,Mast,UC_vs_HC
SPOUT1,1.1703,-0.63815,1.039,-0.61419,0.53909,0.99956,Mast,UC_vs_HC
KYAT1,0.051171,0.51223,3.1431,0.16297,0.87054,,Mast,UC_vs_HC
LRRC8A,0.76944,-1.1219,1.2007,-0.93442,0.35009,,Mast,UC_vs_HC
DOLK,0.57399,0.73999,1.3578,0.54501,0.58575,,Mast,UC_vs_HC
NUP188,0.88859,0.32,1.0751,0.29765,0.76597,,Mast,UC_vs_HC
SH3GLB2,0.46579,-1.1624,1.21,-0.96067,0.33672,,Mast,UC_vs_HC
MIGA2,0.53975,-0.70024,1.1211,-0.62461,0.53223,,Mast,UC_vs_HC
DOLPP1,0.38062,0.37404,1.3378,0.27959,0.77979,,Mast,UC_vs_HC
CRAT,0.29763,-1.1889,1.5641,-0.76011,0.44719,,Mast,UC_vs_HC
PTPA,1.2787,1.1964,1.0027,1.1931,0.23281,0.99956,Mast,UC_vs_HC
IER5L,0.15681,-0.83047,1.8385,-0.4517,0.65148,,Mast,UC_vs_HC
AL158151.3,0.0134,0.3681,4.0861,0.090086,0.92822,,Mast,UC_vs_HC
LINC01503,0.026346,1.1367,4.0708,0.27924,0.78006,,Mast,UC_vs_HC
AL391056.1,0.3129,1.3326,4.0556,0.32858,0.74247,,Mast,UC_vs_HC
NTMT1,2.4774,-0.13423,0.71505,-0.18772,0.85109,0.99956,Mast,UC_vs_HC
ASB6,0.36277,-0.20592,1.4971,-0.13754,0.8906,,Mast,UC_vs_HC
TOR1B,0.25349,-0.92363,1.4836,-0.62255,0.53358,,Mast,UC_vs_HC
TOR1A,0.88786,-0.53534,1.0028,-0.53386,0.59344,,Mast,UC_vs_HC
C9orf78,7.2848,-0.41487,0.39013,-1.0634,0.28759,0.99956,Mast,UC_vs_HC
USP20,0.54328,-1.4919,1.1848,-1.2593,0.20793,,Mast,UC_vs_HC
FNBP1,6.7205,0.46095,0.42826,1.0763,0.28178,0.99956,Mast,UC_vs_HC
GPR107,0.65389,0.3865,1.0344,0.37364,0.70867,,Mast,UC_vs_HC
AL360004.1,0.059765,0.024139,4.0722,0.0059277,0.99527,,Mast,UC_vs_HC
NCS1,0.81073,0.40211,1.2917,0.31131,0.75556,,Mast,UC_vs_HC
ASS1,0.14306,1.1123,1.8282,0.60841,0.54291,,Mast,UC_vs_HC
FUBP3,1.2686,1.4379,1.2131,1.1853,0.23591,0.99956,Mast,UC_vs_HC
EXOSC2,0.84607,1.0301,0.98869,1.0419,0.29747,,Mast,UC_vs_HC
ABL1,0.80712,1.6911,1.0486,1.6127,0.10681,,Mast,UC_vs_HC
NUP214,1.7997,-0.19791,0.71022,-0.27866,0.78051,0.99956,Mast,UC_vs_HC
AL157938.2,0.097449,0.73069,4.1338,0.17676,0.8597,,Mast,UC_vs_HC
AL157938.3,0.65489,-0.27869,1.3013,-0.21415,0.83043,,Mast,UC_vs_HC
FAM78A,0.28473,0.50268,1.4233,0.35318,0.72395,,Mast,UC_vs_HC
PLPP7,0.026237,0.024139,4.0722,0.0059277,0.99527,,Mast,UC_vs_HC
PRRC2B,2.8776,0.47778,0.60173,0.79401,0.42719,0.99956,Mast,UC_vs_HC
AL358781.1,0.32099,0.84502,3.9783,0.2124,0.83179,,Mast,UC_vs_HC
POMT1,0.3851,-1.2392,1.5355,-0.80701,0.41966,,Mast,UC_vs_HC
UCK1,0.51577,0.62515,1.3177,0.47442,0.6352,,Mast,UC_vs_HC
RAPGEF1,1.6109,0.24261,0.88161,0.27519,0.78317,0.99956,Mast,UC_vs_HC
MED27,1.2842,0.51577,0.85219,0.60523,0.54503,0.99956,Mast,UC_vs_HC
NTNG2,0.83182,2.1448,2.0023,1.0712,0.28409,,Mast,UC_vs_HC
SETX,3.1355,0.36443,0.58174,0.62645,0.53102,0.99956,Mast,UC_vs_HC
TTF1,2.4865,-0.70842,0.61456,-1.1527,0.24902,0.99956,Mast,UC_vs_HC
DDX31,0.30927,0.80614,1.3025,0.61893,0.53596,,Mast,UC_vs_HC
GTF3C4,0.68258,0.50054,1.4514,0.34486,0.7302,,Mast,UC_vs_HC
TSC1,1.216,1.2815,1.0484,1.2223,0.22159,0.99956,Mast,UC_vs_HC
GFI1B,0.28769,0.83444,1.8892,0.44168,0.65872,,Mast,UC_vs_HC
GTF3C5,0.31178,-0.10752,1.3245,-0.081181,0.9353,,Mast,UC_vs_HC
RALGDS,2.7151,-0.11916,0.63139,-0.18873,0.85031,0.99956,Mast,UC_vs_HC
GBGT1,0.91873,0.3195,1.0824,0.29517,0.76786,,Mast,UC_vs_HC
ABO,0.092989,0.22342,3.423,0.065271,0.94796,,Mast,UC_vs_HC
SURF6,0.72476,0.53096,0.89238,0.59499,0.55185,,Mast,UC_vs_HC
MED22,0.55593,-0.384,1.502,-0.25565,0.79822,,Mast,UC_vs_HC
RPL7A,272.11,0.048169,0.26549,0.18143,0.85603,0.99956,Mast,UC_vs_HC
SURF1,2.5708,0.39286,0.98238,0.39991,0.68922,0.99956,Mast,UC_vs_HC
SURF2,0.9997,-1.1053,0.94103,-1.1745,0.24018,,Mast,UC_vs_HC
SURF4,3.4598,0.81374,0.83899,0.96991,0.33209,0.99956,Mast,UC_vs_HC
REXO4,0.99693,-0.36557,1.3,-0.2812,0.77855,,Mast,UC_vs_HC
CACFD1,0.3522,-0.73793,1.8115,-0.40735,0.68375,,Mast,UC_vs_HC
SLC2A6,6.3136,0.63149,0.52265,1.2082,0.22695,0.99956,Mast,UC_vs_HC
ADAMTSL2,0.024934,1.088,4.0829,0.26647,0.78988,,Mast,UC_vs_HC
BRD3OS,0.039522,0.59268,4.1488,0.14286,0.8864,,Mast,UC_vs_HC
BRD3,1.6325,-1.0746,0.85807,-1.2523,0.21046,0.99956,Mast,UC_vs_HC
WDR5,0.21247,0.55113,1.4357,0.38387,0.70107,,Mast,UC_vs_HC
RXRA,0.61992,-0.97975,1.129,-0.86777,0.38552,,Mast,UC_vs_HC
COL5A1,0.09951,0.15461,2.1719,0.071184,0.94325,,Mast,UC_vs_HC
FCN1,0.055411,0.73069,4.1338,0.17676,0.8597,,Mast,UC_vs_HC
OLFM1,0.024934,1.088,4.0829,0.26647,0.78988,,Mast,UC_vs_HC
PPP1R26-AS1,0.15822,0.0048561,2.2826,0.0021275,0.9983,,Mast,UC_vs_HC
PPP1R26,0.50788,-0.022548,1.1497,-0.019612,0.98435,,Mast,UC_vs_HC
MRPS2,0.66958,-0.22286,1.0766,-0.207,0.83601,,Mast,UC_vs_HC
CAMSAP1,0.65378,1.8633,1.2326,1.5116,0.13063,,Mast,UC_vs_HC
AL355574.1,0.018728,0.70632,4.1361,0.17077,0.86441,,Mast,UC_vs_HC
UBAC1,0.84322,0.11843,1.3791,0.085874,0.93157,,Mast,UC_vs_HC
NACC2,0.23357,0.035666,1.7682,0.020171,0.98391,,Mast,UC_vs_HC
TMEM250,0.39776,-0.9419,1.4182,-0.66417,0.50658,,Mast,UC_vs_HC
QSOX2,0.24767,0.95186,1.3558,0.70205,0.48265,,Mast,UC_vs_HC
GPSM1,0.50138,0.63079,1.5073,0.41848,0.6756,,Mast,UC_vs_HC
CARD9,0.47699,-0.64845,1.224,-0.5298,0.59625,,Mast,UC_vs_HC
SNAPC4,0.32827,-0.51982,1.5025,-0.34596,0.72937,,Mast,UC_vs_HC
ENTR1,0.45008,0.19761,2.2023,0.089729,0.9285,,Mast,UC_vs_HC
PMPCA,2.0706,0.34709,0.60571,0.57302,0.56663,0.99956,Mast,UC_vs_HC
INPP5E,0.34721,1.2472,1.9313,0.64579,0.51842,,Mast,UC_vs_HC
SEC16A,1.9585,0.0084049,0.69131,0.012158,0.9903,0.99956,Mast,UC_vs_HC
NOTCH1,0.55199,1.1749,1.1732,1.0015,0.3166,,Mast,UC_vs_HC
EGFL7,1.4628,0.53168,0.81852,0.64957,0.51597,0.99956,Mast,UC_vs_HC
AGPAT2,1.4425,0.089214,1.0408,0.085714,0.93169,0.99956,Mast,UC_vs_HC
SNHG7,4.0077,-0.15688,1.2347,-0.12707,0.89889,0.99956,Mast,UC_vs_HC
LCN6,0.16804,0.1374,2.3187,0.059258,0.95275,,Mast,UC_vs_HC
TMEM141,6.2531,0.12604,0.42607,0.29581,0.76738,0.99956,Mast,UC_vs_HC
CCDC183,0.057061,0.81304,1.883,0.43178,0.6659,,Mast,UC_vs_HC
RABL6,1.1718,-0.3949,0.86759,-0.45517,0.64899,0.99956,Mast,UC_vs_HC
AJM1,0.10365,1.2415,4.0577,0.30596,0.75964,,Mast,UC_vs_HC
PHPT1,10.139,0.69918,0.33423,2.0919,0.03645,0.90299,Mast,UC_vs_HC
EDF1,36.686,-0.11858,0.22717,-0.52199,0.60168,0.99956,Mast,UC_vs_HC
TRAF2,0.93354,-0.28461,1.4372,-0.19803,0.84303,,Mast,UC_vs_HC
FBXW5,1.4638,0.79485,1.118,0.71096,0.47711,0.99956,Mast,UC_vs_HC
C8G,0.62992,1.4533,1.0984,1.3232,0.18577,,Mast,UC_vs_HC
PTGDS,0.018728,0.70632,4.1361,0.17077,0.86441,,Mast,UC_vs_HC
PAXX,3.2512,1.0441,0.76192,1.3703,0.17058,0.99956,Mast,UC_vs_HC
CLIC3,0.037456,0.73093,4.1338,0.17682,0.85965,,Mast,UC_vs_HC
ABCA2,0.045528,0.19411,2.9294,0.066264,0.94717,,Mast,UC_vs_HC
C9orf139,0.026346,1.1367,4.0708,0.27924,0.78006,,Mast,UC_vs_HC
NPDC1,0.23507,0.33735,2.5731,0.1311,0.89569,,Mast,UC_vs_HC
ENTPD2,0.059765,0.024139,4.0722,0.0059277,0.99527,,Mast,UC_vs_HC
SAPCD2,0.0134,0.3681,4.0861,0.090086,0.92822,,Mast,UC_vs_HC
UAP1L1,0.30376,0.15166,1.3537,0.11203,0.9108,,Mast,UC_vs_HC
MAN1B1-DT,0.14757,-0.3713,3.3905,-0.10951,0.9128,,Mast,UC_vs_HC
MAN1B1,1.0381,0.80562,0.89756,0.89757,0.36942,,Mast,UC_vs_HC
DPP7,8.0483,0.84642,0.79274,1.0677,0.28565,0.99956,Mast,UC_vs_HC
ANAPC2,0.54503,1.3479,1.7954,0.75076,0.4528,,Mast,UC_vs_HC
SSNA1,4.4161,-0.24966,0.47393,-0.5268,0.59833,0.99956,Mast,UC_vs_HC
TPRN,0.14295,0.48571,2.2488,0.21599,0.829,,Mast,UC_vs_HC
TMEM203,0.48267,0.67684,1.0987,0.61606,0.53785,,Mast,UC_vs_HC
NDOR1,0.0134,0.3681,4.0861,0.090086,0.92822,,Mast,UC_vs_HC
BX255925.3,0.12295,0.67947,1.846,0.36807,0.71282,,Mast,UC_vs_HC
RNF208,0.33925,1.7712,3.8202,0.46365,0.6429,,Mast,UC_vs_HC
TUBB4B,30.518,-0.78244,0.4827,-1.621,0.10503,0.99956,Mast,UC_vs_HC
FAM166A,0.064474,0.59268,4.1488,0.14286,0.8864,,Mast,UC_vs_HC
STPG3-AS1,0.039522,0.59268,4.1488,0.14286,0.8864,,Mast,UC_vs_HC
NELFB,0.97107,0.22829,0.88362,0.25836,0.79613,,Mast,UC_vs_HC
TOR4A,1.2016,0.70552,0.91224,0.77339,0.43929,0.99956,Mast,UC_vs_HC
NRARP,0.08505,0.01224,2.1359,0.0057306,0.99543,,Mast,UC_vs_HC
EXD3,3.8811,1.5677,1.2528,1.2513,0.21081,0.99956,Mast,UC_vs_HC
NOXA1,0.088458,1.0394,3.1122,0.33397,0.7384,,Mast,UC_vs_HC
ENTPD8,0.0134,0.3681,4.0861,0.090086,0.92822,,Mast,UC_vs_HC
NSMF,0.53002,0.26924,1.1031,0.24409,0.80716,,Mast,UC_vs_HC
PNPLA7,0.30924,0.061182,1.2563,0.048699,0.96116,,Mast,UC_vs_HC
MRPL41,5.0402,0.85814,0.93233,0.92042,0.35735,0.99956,Mast,UC_vs_HC
DPH7,1.1044,2.1186,1.1413,1.8563,0.063418,,Mast,UC_vs_HC
ZMYND19,0.024934,1.088,4.0829,0.26647,0.78988,,Mast,UC_vs_HC
ARRDC1,1.0105,-0.062269,1.2091,-0.0515,0.95893,,Mast,UC_vs_HC
ARRDC1-AS1,0.48047,-1.1317,1.447,-0.78206,0.43418,,Mast,UC_vs_HC
EHMT1,2.4799,0.2182,0.72943,0.29914,0.76484,0.99956,Mast,UC_vs_HC
AL954642.1,0.024934,1.088,4.0829,0.26647,0.78988,,Mast,UC_vs_HC
LINC01001,0.55379,-1.3363,1.3121,-1.0185,0.30844,,Mast,UC_vs_HC
BET1L,2.6326,-0.072484,0.63807,-0.1136,0.90956,0.99956,Mast,UC_vs_HC
AC069287.2,0.0134,0.3681,4.0861,0.090086,0.92822,,Mast,UC_vs_HC
RIC8A,2.46,-0.44834,0.6843,-0.65518,0.51235,0.99956,Mast,UC_vs_HC
SIRT3,0.42219,0.92886,1.4251,0.65177,0.51455,,Mast,UC_vs_HC
PSMD13,6.3878,0.15817,0.42395,0.37308,0.70909,0.99956,Mast,UC_vs_HC
AC136475.3,0.055411,0.73069,4.1338,0.17676,0.8597,,Mast,UC_vs_HC
PGGHG,1.506,0.23693,1.188,0.19945,0.84191,0.99956,Mast,UC_vs_HC
IFITM2,34.221,1.251,0.36296,3.4468,0.00056728,0.19474,Mast,UC_vs_HC
IFITM1,0.98893,1.7235,1.3145,1.3112,0.1898,,Mast,UC_vs_HC
AC136475.1,0.075058,1.3326,4.0556,0.32858,0.74247,,Mast,UC_vs_HC
IFITM3,17.392,1.4415,0.40639,3.5471,0.00038953,0.18815,Mast,UC_vs_HC
AC136475.5,0.15002,1.774,1.6763,1.0583,0.28994,,Mast,UC_vs_HC
B4GALNT4,0.037578,0.16073,4.0541,0.039647,0.96837,,Mast,UC_vs_HC
SIGIRR,2.1422,-0.096647,0.76951,-0.1256,0.90005,0.99956,Mast,UC_vs_HC
ANO9,0.15487,-1.008,1.6712,-0.60314,0.54641,,Mast,UC_vs_HC
PTDSS2,0.21138,-1.2548,1.6845,-0.74492,0.45632,,Mast,UC_vs_HC
RNH1,8.9017,0.071825,0.72345,0.099281,0.92092,0.99956,Mast,UC_vs_HC
HRAS,0.66203,0.81402,1.549,0.52551,0.59923,,Mast,UC_vs_HC
LRRC56,0.062512,0.55908,3.0605,0.18268,0.85505,,Mast,UC_vs_HC
RASSF7,0.40416,1.0075,2.0634,0.48824,0.62538,,Mast,UC_vs_HC
MIR210HG,0.07165,0.26407,2.0983,0.12585,0.89985,,Mast,UC_vs_HC
PHRF1,0.87691,-0.82427,0.9989,-0.82517,0.40927,,Mast,UC_vs_HC
IRF7,2.7497,0.091635,0.96773,0.094691,0.92456,0.99956,Mast,UC_vs_HC
CDHR5,0.10652,-0.38336,3.8283,-0.10014,0.92023,,Mast,UC_vs_HC
DEAF1,0.46055,2.4408,1.3853,1.7619,0.07809,,Mast,UC_vs_HC
EPS8L2,0.65857,1.1779,1.2945,0.90992,0.36286,,Mast,UC_vs_HC
TMEM80,0.47454,-0.85616,1.2656,-0.6765,0.49872,,Mast,UC_vs_HC
TALDO1,22.54,0.61405,0.33428,1.8369,0.066219,0.99956,Mast,UC_vs_HC
GATD1,0.47251,0.046831,1.2398,0.037773,0.96987,,Mast,UC_vs_HC
AP006621.3,0.24204,0.31135,1.8131,0.17173,0.86365,,Mast,UC_vs_HC
SLC25A22,0.12629,1.1551,2.3852,0.48428,0.62819,,Mast,UC_vs_HC
PIDD1,0.19817,1.2644,1.8835,0.67131,0.50202,,Mast,UC_vs_HC
RPLP2,169.09,-0.44829,0.20055,-2.2353,0.025395,0.85793,Mast,UC_vs_HC
PNPLA2,1.5343,-0.50925,0.98902,-0.51491,0.60662,0.99956,Mast,UC_vs_HC
CRACR2B,0.17281,0.19552,2.0439,0.095663,0.92379,,Mast,UC_vs_HC
CD151,2.8043,1.1291,0.64529,1.7498,0.080149,0.99956,Mast,UC_vs_HC
POLR2L,23.883,-0.31381,0.30372,-1.0332,0.30151,0.99956,Mast,UC_vs_HC
TSPAN4,3.9691,-0.60018,0.64425,-0.9316,0.35154,0.99956,Mast,UC_vs_HC
AP006623.1,0.598,-0.049683,1.5806,-0.031433,0.97492,,Mast,UC_vs_HC
CHID1,2.2201,-0.08288,0.64658,-0.12818,0.89801,0.99956,Mast,UC_vs_HC
AP2A2,1.6893,0.33067,0.79076,0.41817,0.67582,0.99956,Mast,UC_vs_HC
MUC2,0.99327,-3.5405,1.8712,-1.8921,0.05848,,Mast,UC_vs_HC
MUC5B,0.15027,-0.79731,1.9225,-0.41473,0.67834,,Mast,UC_vs_HC
TOLLIP,1.4947,0.59674,0.93857,0.6358,0.52491,0.99956,Mast,UC_vs_HC
MOB2,1.3815,-0.57684,0.90011,-0.64085,0.52162,0.99956,Mast,UC_vs_HC
DUSP8,0.51069,2.5066,1.7763,1.4111,0.15822,,Mast,UC_vs_HC
IFITM10,2.0156,-1.5643,0.94548,-1.6545,0.098029,0.99956,Mast,UC_vs_HC
AC068580.4,0.75561,1.1367,1.3219,0.85993,0.38983,,Mast,UC_vs_HC
CTSD,47.183,0.24512,0.43938,0.55788,0.57693,0.99956,Mast,UC_vs_HC
TNNI2,1.4911,0.54206,0.85317,0.63535,0.5252,0.99956,Mast,UC_vs_HC
LSP1,0.7947,0.42393,1.2419,0.34137,0.73282,,Mast,UC_vs_HC
TNNT3,0.0134,0.3681,4.0861,0.090086,0.92822,,Mast,UC_vs_HC
MRPL23,2.3128,-0.84018,1.9947,-0.42121,0.6736,0.99956,Mast,UC_vs_HC
C11orf21,0.79564,2.3778,1.0524,2.2593,0.023865,,Mast,UC_vs_HC
TSPAN32,1.6061,-0.21614,0.78997,-0.2736,0.78439,0.99956,Mast,UC_vs_HC
CD81,11.278,0.3915,0.3672,1.0662,0.28635,0.99956,Mast,UC_vs_HC
TSSC4,4.7304,0.10022,0.57542,0.17416,0.86174,0.99956,Mast,UC_vs_HC
TRPM5,0.075157,-0.26501,4,-0.066252,0.94718,,Mast,UC_vs_HC
KCNQ1,1.4815,-1.4326,0.89468,-1.6012,0.10933,0.99956,Mast,UC_vs_HC
KCNQ1OT1,11.595,-0.078605,0.42243,-0.18608,0.85238,0.99956,Mast,UC_vs_HC
CDKN1C,0.12577,0.51985,3.619,0.14365,0.88578,,Mast,UC_vs_HC
SLC22A18AS,0.71821,-0.079541,1.2783,-0.062225,0.95038,,Mast,UC_vs_HC
SLC22A18,0.70892,0.71425,1.8295,0.3904,0.69624,,Mast,UC_vs_HC
PHLDA2,5.2088,0.96879,1.5125,0.64053,0.52183,0.99956,Mast,UC_vs_HC
NAP1L4,5.4374,0.17192,0.4443,0.38694,0.6988,0.99956,Mast,UC_vs_HC
CARS,1.112,-0.51342,0.88023,-0.58327,0.55971,,Mast,UC_vs_HC
OSBPL5,0.11924,-0.26603,3.8517,-0.069068,0.94494,,Mast,UC_vs_HC
ZNF195,1.0586,-0.52413,0.97835,-0.53573,0.59215,,Mast,UC_vs_HC
CHRNA10,0.19605,0.51362,1.6689,0.30775,0.75827,,Mast,UC_vs_HC
NUP98,3.112,0.21674,0.64059,0.33834,0.7351,0.99956,Mast,UC_vs_HC
PGAP2,0.6159,-0.23887,1.2659,-0.18869,0.85033,,Mast,UC_vs_HC
RHOG,19.788,-0.065933,0.34856,-0.18916,0.84997,0.99956,Mast,UC_vs_HC
STIM1,0.72018,-1.761,1.282,-1.3737,0.16954,,Mast,UC_vs_HC
RRM1,0.9607,0.92676,1.2052,0.76898,0.4419,,Mast,UC_vs_HC
TRIM21,0.54237,0.54484,1.5862,0.3435,0.73122,,Mast,UC_vs_HC
TRIM68,0.12417,0.16775,2.3408,0.071664,0.94287,,Mast,UC_vs_HC
HBB,0.62575,1.0741,2.2329,0.48106,0.63048,,Mast,UC_vs_HC
HBD,0.032128,0.40025,2.7752,0.14423,0.88532,,Mast,UC_vs_HC
AC104389.4,0.058365,-0.18981,1.9992,-0.094943,0.92436,,Mast,UC_vs_HC
OR51M1,0.16713,-0.56706,3.8756,-0.14632,0.88367,,Mast,UC_vs_HC
UBQLNL,0.075058,1.3326,4.0556,0.32858,0.74247,,Mast,UC_vs_HC
OR52H1,0.055411,0.73069,4.1338,0.17676,0.8597,,Mast,UC_vs_HC
TRIM5,0.98483,1.2934,1.1374,1.1372,0.25547,,Mast,UC_vs_HC
TRIM22,0.42103,1.0523,1.2924,0.81422,0.41552,,Mast,UC_vs_HC
FAM160A2,0.42357,1.2468,1.1157,1.1175,0.26376,,Mast,UC_vs_HC
CAVIN3,0.024934,1.088,4.0829,0.26647,0.78988,,Mast,UC_vs_HC
SMPD1,0.91964,-0.04033,0.85791,-0.047009,0.96251,,Mast,UC_vs_HC
APBB1,0.16058,0.36915,1.5294,0.24137,0.80927,,Mast,UC_vs_HC
TRIM3,0.25167,0.23947,1.4665,0.16329,0.87029,,Mast,UC_vs_HC
ARFIP2,1.6926,1.0427,0.95278,1.0943,0.27381,0.99956,Mast,UC_vs_HC
TIMM10B,2.2675,-0.48761,0.72044,-0.67683,0.49852,0.99956,Mast,UC_vs_HC
DNHD1,0.038333,0.78366,2.7327,0.28677,0.77429,,Mast,UC_vs_HC
RRP8,1.3087,-1.2602,0.79895,-1.5773,0.11473,0.99956,Mast,UC_vs_HC
ILK,5.8717,0.44607,0.46352,0.96235,0.33587,0.99956,Mast,UC_vs_HC
TAF10,1.9035,2.9903,1.4813,2.0187,0.043519,0.92492,Mast,UC_vs_HC
TPP1,4.3483,0.021525,0.48664,0.044231,0.96472,0.99956,Mast,UC_vs_HC
DCHS1,0.090802,1.4471,2.1672,0.66772,0.50431,,Mast,UC_vs_HC
MRPL17,2.2168,0.42837,0.6142,0.69744,0.48553,0.99956,Mast,UC_vs_HC
ZNF215,0.20699,0.08852,2.0634,0.0429,0.96578,,Mast,UC_vs_HC
AC107884.1,0.043089,1.2415,4.0577,0.30596,0.75964,,Mast,UC_vs_HC
PPFIBP2,0.2604,0.49097,1.3655,0.35957,0.71917,,Mast,UC_vs_HC
CYB5R2,0.13577,-0.44058,1.8157,-0.24264,0.80828,,Mast,UC_vs_HC
EIF3F,12.804,0.10835,0.55548,0.19506,0.84534,0.99956,Mast,UC_vs_HC
RIC3,1.1119,0.13618,1.1172,0.12189,0.90299,,Mast,UC_vs_HC
TRIM66,0.186,1.9337,1.9341,0.99977,0.31742,,Mast,UC_vs_HC
RPL27A,115.86,-0.60367,0.57626,-1.0476,0.29484,0.99956,Mast,UC_vs_HC
ST5,0.050978,-0.055356,2.9247,-0.018927,0.9849,,Mast,UC_vs_HC
AKIP1,2.3795,0.12407,0.55262,0.22452,0.82235,0.99956,Mast,UC_vs_HC
TMEM9B,6.4459,-0.43286,0.60973,-0.70992,0.47775,0.99956,Mast,UC_vs_HC
NRIP3,3.1374,-0.45882,0.85342,-0.53762,0.59084,0.99956,Mast,UC_vs_HC
DENND5A,0.99056,0.036303,1.1133,0.032609,0.97399,,Mast,UC_vs_HC
TMEM41B,0.9525,-1.7515,1.1628,-1.5063,0.13198,,Mast,UC_vs_HC
IPO7,3.0497,-1.0417,0.74278,-1.4024,0.16079,0.99956,Mast,UC_vs_HC
AC132192.1,1.0879,-0.15064,1.1093,-0.1358,0.89198,,Mast,UC_vs_HC
AC132192.2,0.72918,-0.7878,1.1972,-0.65802,0.51053,,Mast,UC_vs_HC
ZNF143,1.2049,1.6026,0.84738,1.8913,0.058587,0.98721,Mast,UC_vs_HC
WEE1,1.659,-0.062762,0.91611,-0.06851,0.94538,0.99956,Mast,UC_vs_HC
SWAP70,11.132,0.4458,0.36012,1.2379,0.21575,0.99956,Mast,UC_vs_HC
AC026250.1,0.23202,-0.39833,1.528,-0.26069,0.79433,,Mast,UC_vs_HC
SBF2-AS1,0.25837,0.58678,1.5895,0.36916,0.71201,,Mast,UC_vs_HC
SBF2,0.94847,0.062326,0.88413,0.070494,0.9438,,Mast,UC_vs_HC
AC011092.2,0.18957,2.3369,1.8216,1.2828,0.19955,,Mast,UC_vs_HC
ADM,0.064474,0.59268,4.1488,0.14286,0.8864,,Mast,UC_vs_HC
AMPD3,0.50553,0.40653,1.1793,0.34474,0.73029,,Mast,UC_vs_HC
MTRNR2L8,29.357,-1.2605,0.62442,-2.0186,0.043529,0.92492,Mast,UC_vs_HC
RNF141,0.69811,-0.7044,0.97392,-0.72326,0.46952,,Mast,UC_vs_HC
MRVI1,0.075157,-0.26501,4,-0.066252,0.94718,,Mast,UC_vs_HC
CTR9,5.353,-0.81212,0.67755,-1.1986,0.23068,0.99956,Mast,UC_vs_HC
EIF4G2,23.507,-0.3212,0.25439,-1.2626,0.20673,0.99956,Mast,UC_vs_HC
ZBED5,0.85988,-0.2783,1.0156,-0.27402,0.78407,,Mast,UC_vs_HC
ZBED5-AS1,0.46273,1.4621,1.4838,0.9854,0.32443,,Mast,UC_vs_HC
AC111188.1,0.62588,0.68868,1.0845,0.63501,0.52542,,Mast,UC_vs_HC
CSNK2A3,0.024934,1.088,4.0829,0.26647,0.78988,,Mast,UC_vs_HC
USP47,4.3723,0.22641,0.46819,0.48359,0.62867,0.99956,Mast,UC_vs_HC
MICAL2,0.18586,-0.46354,2.7035,-0.17146,0.86386,,Mast,UC_vs_HC
TEAD1,0.090819,1.025,3.4223,0.29951,0.76455,,Mast,UC_vs_HC
ARNTL,0.47635,1.5645,1.3767,1.1364,0.25579,,Mast,UC_vs_HC
BTBD10,1.9966,-0.029411,0.81668,-0.036013,0.97127,0.99956,Mast,UC_vs_HC
FAR1,2.4899,-0.25138,0.62404,-0.40283,0.68707,0.99956,Mast,UC_vs_HC
RRAS2,0.42307,0.041113,2.1117,0.019469,0.98447,,Mast,UC_vs_HC
COPB1,7.1211,-0.23042,0.38413,-0.59984,0.54861,0.99956,Mast,UC_vs_HC
PSMA1,11.91,0.35251,0.31779,1.1093,0.26731,0.99956,Mast,UC_vs_HC
PDE3B,2.8719,0.80905,0.84956,0.95231,0.34094,0.99956,Mast,UC_vs_HC
CYP2R1,0.7273,0.095259,1.3553,0.070286,0.94397,,Mast,UC_vs_HC
CALCB,0.039522,0.59268,4.1488,0.14286,0.8864,,Mast,UC_vs_HC
C11orf58,20.05,-0.23802,0.2188,-1.0878,0.27667,0.99956,Mast,UC_vs_HC
PLEKHA7,0.018728,0.70632,4.1361,0.17077,0.86441,,Mast,UC_vs_HC
RPS13,252.66,-0.1998,0.22303,-0.89586,0.37033,0.99956,Mast,UC_vs_HC
PIK3C2A,2.3563,-0.15327,0.60246,-0.25441,0.79918,0.99956,Mast,UC_vs_HC
NUCB2,10.034,1.2033,0.52339,2.299,0.021504,0.80239,Mast,UC_vs_HC
NCR3LG1,0.0268,0.16572,4.0548,0.040869,0.9674,,Mast,UC_vs_HC
AC124798.1,0.018728,0.70632,4.1361,0.17077,0.86441,,Mast,UC_vs_HC
USH1C,0.018728,0.70632,4.1361,0.17077,0.86441,,Mast,UC_vs_HC
KCNC1,0.20579,1.567,1.5999,0.97942,0.32737,,Mast,UC_vs_HC
SERGEF,1.6185,-2.067,0.94045,-2.1979,0.027956,0.8802,Mast,UC_vs_HC
SAAL1,0.9051,-0.23504,1.0754,-0.21856,0.827,,Mast,UC_vs_HC
SAA1,0.043089,1.2415,4.0577,0.30596,0.75964,,Mast,UC_vs_HC
HPS5,0.58811,0.33197,1.1055,0.3003,0.76395,,Mast,UC_vs_HC
GTF2H1,0.90663,0.75003,0.99678,0.75245,0.45178,,Mast,UC_vs_HC
LDHA,25.361,0.51407,0.37708,1.3633,0.17279,0.99956,Mast,UC_vs_HC
LDHC,0.074801,1.5534,4.034,0.38508,0.70018,,Mast,UC_vs_HC
LDHAL6A,0.037578,0.16073,4.0541,0.039647,0.96837,,Mast,UC_vs_HC
TSG101,5.4438,-0.32371,0.45765,-0.70733,0.47936,0.99956,Mast,UC_vs_HC
UEVLD,0.57677,-0.019388,1.2809,-0.015136,0.98792,,Mast,UC_vs_HC
SPTY2D1OS,0.29434,-1.5458,1.9041,-0.81184,0.41688,,Mast,UC_vs_HC
SPTY2D1,6.6296,-0.545,0.50433,-1.0807,0.27985,0.99956,Mast,UC_vs_HC
PTPN5,0.026346,1.1367,4.0708,0.27924,0.78006,,Mast,UC_vs_HC
ZDHHC13,1.0497,-0.32465,0.883,-0.36766,0.71312,,Mast,UC_vs_HC
AC009652.2,0.0134,0.3681,4.0861,0.090086,0.92822,,Mast,UC_vs_HC
E2F8,0.062512,0.55908,3.0605,0.18268,0.85505,,Mast,UC_vs_HC
AC009652.1,0.075058,1.3326,4.0556,0.32858,0.74247,,Mast,UC_vs_HC
AC009549.1,0.018728,0.70632,4.1361,0.17077,0.86441,,Mast,UC_vs_HC
HTATIP2,3.7832,0.13717,0.61674,0.22241,0.82399,0.99956,Mast,UC_vs_HC
PRMT3,0.37398,-0.1628,1.3694,-0.11888,0.90537,,Mast,UC_vs_HC
NELL1,0.27922,-0.84827,3.8502,-0.22032,0.82562,,Mast,UC_vs_HC
AC090857.2,0.039522,0.59268,4.1488,0.14286,0.8864,,Mast,UC_vs_HC
ANO5,0.064474,0.59268,4.1488,0.14286,0.8864,,Mast,UC_vs_HC
FANCF,0.58721,-0.044492,1.1782,-0.037762,0.96988,,Mast,UC_vs_HC
SVIP,12.792,-0.62822,0.46253,-1.3582,0.17439,0.99956,Mast,UC_vs_HC
AC006299.1,0.059765,0.024139,4.0722,0.0059277,0.99527,,Mast,UC_vs_HC
BBOX1-AS1,0.055411,0.73069,4.1338,0.17676,0.8597,,Mast,UC_vs_HC
CCDC34,0.41444,-0.25313,1.2769,-0.19825,0.84285,,Mast,UC_vs_HC
LIN7C,1.8006,-0.70928,0.9849,-0.72016,0.47143,0.99956,Mast,UC_vs_HC
KIF18A,0.44869,1.562,2.152,0.72585,0.46793,,Mast,UC_vs_HC
METTL15,2.9937,-0.72122,0.81296,-0.88715,0.375,0.99956,Mast,UC_vs_HC
ARL14EP,1.73,-1.1005,0.80669,-1.3642,0.1725,0.99956,Mast,UC_vs_HC
MPPED2,0.17499,0.30793,1.7019,0.18093,0.85642,,Mast,UC_vs_HC
DNAJC24,1.0559,0.23786,0.9317,0.25529,0.7985,,Mast,UC_vs_HC
IMMP1L,1.8675,-0.9779,0.623,-1.5697,0.1165,0.99956,Mast,UC_vs_HC
ELP4,1.0769,0.55158,0.87899,0.62751,0.53032,,Mast,UC_vs_HC
AC131571.1,0.039522,0.59268,4.1488,0.14286,0.8864,,Mast,UC_vs_HC
PAX6,0.018728,0.70632,4.1361,0.17077,0.86441,,Mast,UC_vs_HC
RCN1,0.87324,1.0647,1.2954,0.82192,0.41112,,Mast,UC_vs_HC
WT1,0.064456,1.0747,3.2748,0.32817,0.74278,,Mast,UC_vs_HC
EIF3M,12.749,0.13384,0.3275,0.40866,0.68279,0.99956,Mast,UC_vs_HC
PRRG4,0.065868,1.0247,3.2484,0.31546,0.75241,,Mast,UC_vs_HC
QSER1,0.58395,2.965,1.331,2.2275,0.025911,,Mast,UC_vs_HC
DEPDC7,0.11085,0.44132,3.4373,0.12839,0.89784,,Mast,UC_vs_HC
TCP11L1,0.35633,-0.43654,1.9987,-0.21841,0.82711,,Mast,UC_vs_HC
LINC00294,0.23644,1.7136,2.0431,0.83873,0.40162,,Mast,UC_vs_HC
CSTF3,0.99876,0.37845,1.0355,0.36545,0.71477,,Mast,UC_vs_HC
HIPK3,1.8263,0.49702,0.67633,0.73487,0.46242,0.99956,Mast,UC_vs_HC
CD59,7.2878,-0.28832,0.33995,-0.84813,0.39637,0.99956,Mast,UC_vs_HC
FBXO3,1.1622,0.76516,0.93105,0.82183,0.41117,0.99956,Mast,UC_vs_HC
LMO2,0.090724,0.18423,2.0137,0.091485,0.92711,,Mast,UC_vs_HC
CAPRIN1,2.3234,-0.084421,0.74934,-0.11266,0.9103,0.99956,Mast,UC_vs_HC
NAT10,0.67396,-0.58396,1.0827,-0.53933,0.58966,,Mast,UC_vs_HC
CAT,2.5881,-0.64809,0.60728,-1.0672,0.28588,0.99956,Mast,UC_vs_HC
EHF,0.0134,0.3681,4.0861,0.090086,0.92822,,Mast,UC_vs_HC
APIP,1.8887,-0.81092,0.71163,-1.1395,0.25449,0.99956,Mast,UC_vs_HC
PDHX,1.1903,0.10337,0.93829,0.11017,0.91227,0.99956,Mast,UC_vs_HC
AL356215.1,0.56528,0.18547,2.2119,0.08385,0.93318,,Mast,UC_vs_HC
CD44,85.212,-0.73962,0.33329,-2.2191,0.026477,0.86701,Mast,UC_vs_HC
CD44-AS1,0.037456,0.73093,4.1338,0.17682,0.85965,,Mast,UC_vs_HC
TRIM44,4.904,0.6036,0.64887,0.93024,0.35225,0.99956,Mast,UC_vs_HC
LDLRAD3,0.045074,1.1802,3.0256,0.39009,0.69647,,Mast,UC_vs_HC
COMMD9,0.97977,0.62582,1.0307,0.60716,0.54375,,Mast,UC_vs_HC
PRR5L,0.66001,1.644,1.7144,0.95895,0.33758,,Mast,UC_vs_HC
TRAF6,0.77488,0.19207,0.94206,0.20388,0.83845,,Mast,UC_vs_HC
C11orf74,1.1897,-0.18835,0.95654,-0.19691,0.8439,0.99956,Mast,UC_vs_HC
API5,2.2397,-0.76701,0.80043,-0.95825,0.33794,0.99956,Mast,UC_vs_HC
TTC17,3.6921,0.057328,0.60138,0.095329,0.92405,0.99956,Mast,UC_vs_HC
HSD17B12,9.9092,-0.77473,0.49296,-1.5716,0.11605,0.99956,Mast,UC_vs_HC
AC087521.2,0.026237,0.024139,4.0722,0.0059277,0.99527,,Mast,UC_vs_HC
ALKBH3,0.75899,-0.78736,1.0585,-0.74384,0.45698,,Mast,UC_vs_HC
C11orf96,0.18687,-0.41191,2.5618,-0.16079,0.87226,,Mast,UC_vs_HC
ACCS,0.53507,0.30213,1.4407,0.20971,0.8339,,Mast,UC_vs_HC
EXT2,0.86929,-0.25612,1.2124,-0.21125,0.83269,,Mast,UC_vs_HC
CD82,16.912,0.12346,0.31923,0.38675,0.69894,0.99956,Mast,UC_vs_HC
TP53I11,0.32824,-0.51572,1.2302,-0.41922,0.67506,,Mast,UC_vs_HC
PRDM11,0.33637,-1.7643,1.4719,-1.1987,0.23065,,Mast,UC_vs_HC
AC103736.1,0.095048,-0.17296,2.2653,-0.076353,0.93914,,Mast,UC_vs_HC
CHST1,0.076213,1.7198,2.9352,0.58594,0.55792,,Mast,UC_vs_HC
AC044839.1,0.12775,2.0667,3.2769,0.63068,0.52825,,Mast,UC_vs_HC
SLC35C1,0.34376,1.2869,1.6532,0.77838,0.43634,,Mast,UC_vs_HC
CRY2,0.51493,0.23961,1.4683,0.16318,0.87038,,Mast,UC_vs_HC
MAPK8IP1,0.064474,0.59268,4.1488,0.14286,0.8864,,Mast,UC_vs_HC
PEX16,2.2844,0.44684,0.63354,0.70531,0.48062,0.99956,Mast,UC_vs_HC
PHF21A,0.70827,-0.78625,1.0598,-0.74186,0.45817,,Mast,UC_vs_HC
AC024475.1,0.026346,1.1367,4.0708,0.27924,0.78006,,Mast,UC_vs_HC
CREB3L1,0.059765,0.024139,4.0722,0.0059277,0.99527,,Mast,UC_vs_HC
DGKZ,2.8177,-0.4506,0.5881,-0.76619,0.44356,0.99956,Mast,UC_vs_HC
MDK,0.74578,0.2294,1.3768,0.16662,0.86767,,Mast,UC_vs_HC
AMBRA1,0.53213,1.0386,1.2362,0.84012,0.40084,,Mast,UC_vs_HC
HARBI1,0.075157,-0.26501,4,-0.066252,0.94718,,Mast,UC_vs_HC
ATG13,1.2611,-1.257,0.93292,-1.3474,0.17784,0.99956,Mast,UC_vs_HC
ARHGAP1,1.3967,-0.00049513,1.0149,-0.00048788,0.99961,0.99996,Mast,UC_vs_HC
ZNF408,0.37094,-0.76318,1.8015,-0.42363,0.67183,,Mast,UC_vs_HC
F2,0.024934,1.088,4.0829,0.26647,0.78988,,Mast,UC_vs_HC
CKAP5,1.5785,-0.018496,0.6701,-0.027602,0.97798,0.99956,Mast,UC_vs_HC
LRP4,0.42398,-1.0269,1.2818,-0.80115,0.42305,,Mast,UC_vs_HC
C11orf49,2.8921,-0.19355,0.54603,-0.35446,0.723,0.99956,Mast,UC_vs_HC
ARFGAP2,4.7062,-0.177,0.52358,-0.33806,0.73532,0.99956,Mast,UC_vs_HC
PACSIN3,0.10279,1.0533,2.2468,0.46879,0.63922,,Mast,UC_vs_HC
DDB2,2.5306,0.73093,0.64147,1.1395,0.25451,0.99956,Mast,UC_vs_HC
ACP2,0.6144,0.43782,1.4188,0.30859,0.75763,,Mast,UC_vs_HC
NR1H3,0.37539,0.033647,1.5858,0.021217,0.98307,,Mast,UC_vs_HC
MADD,1.8291,0.018754,0.8114,0.023113,0.98156,0.99956,Mast,UC_vs_HC
AC018410.1,0.039522,0.59268,4.1488,0.14286,0.8864,,Mast,UC_vs_HC
MYBPC3,0.065868,1.0247,3.2484,0.31546,0.75241,,Mast,UC_vs_HC
SPI1,2.0958,-0.085294,1.2972,-0.065754,0.94757,0.99956,Mast,UC_vs_HC
SLC39A13,0.18934,-0.13997,2.0047,-0.069821,0.94434,,Mast,UC_vs_HC
PSMC3,6.0849,-0.658,0.44864,-1.4666,0.14247,0.99956,Mast,UC_vs_HC
CELF1,3.876,-0.099676,0.46398,-0.21483,0.8299,0.99956,Mast,UC_vs_HC
NDUFS3,2.8798,0.82196,0.66099,1.2435,0.21367,0.99956,Mast,UC_vs_HC
PTPMT1,0.92817,-0.63195,1.3322,-0.47436,0.63524,,Mast,UC_vs_HC
KBTBD4,1.2244,-0.51992,0.85079,-0.6111,0.54113,0.99956,Mast,UC_vs_HC
FAM180B,0.026346,1.1367,4.0708,0.27924,0.78006,,Mast,UC_vs_HC
MTCH2,2.9385,0.35708,0.57805,0.61774,0.53675,0.99956,Mast,UC_vs_HC
FNBP4,4.7609,0.31409,0.43763,0.71771,0.47294,0.99956,Mast,UC_vs_HC
NUP160,1.6992,-0.32426,0.78551,-0.41281,0.67975,0.99956,Mast,UC_vs_HC
PTPRJ,0.25241,0.23086,1.8003,0.12823,0.89796,,Mast,UC_vs_HC
TNKS1BP1,0.16106,0.12743,2.5455,0.05006,0.96007,,Mast,UC_vs_HC
SSRP1,1.7426,-0.27606,0.82015,-0.3366,0.73642,0.99956,Mast,UC_vs_HC
PRG2,0.87482,-2.6514,1.3534,-1.9592,0.050095,,Mast,UC_vs_HC
SLC43A3,5.5652,-0.30517,0.48003,-0.63574,0.52495,0.99956,Mast,UC_vs_HC
SLC43A1,0.18272,1.1686,1.5201,0.76877,0.44203,,Mast,UC_vs_HC
TIMM10,3.7957,0.061136,0.53472,0.11433,0.90897,0.99956,Mast,UC_vs_HC
UBE2L6,5.0368,0.75542,0.62464,1.2094,0.22652,0.99956,Mast,UC_vs_HC
SERPING1,0.13953,1.2738,3.7436,0.34026,0.73366,,Mast,UC_vs_HC
YPEL4,0.097449,0.73069,4.1338,0.17676,0.8597,,Mast,UC_vs_HC
CLP1,0.65867,-2.0514,1.6875,-1.2156,0.22412,,Mast,UC_vs_HC
ZDHHC5,1.4104,-0.014606,0.78769,-0.018543,0.98521,0.99956,Mast,UC_vs_HC
MED19,1.9484,-0.77616,0.81633,-0.9508,0.34171,0.99956,Mast,UC_vs_HC
TMX2,2.0259,0.12667,0.60816,0.20828,0.83501,0.99956,Mast,UC_vs_HC
SELENOH,13.375,-0.261,0.45783,-0.57007,0.56863,0.99956,Mast,UC_vs_HC
CTNND1,1.51,0.14933,0.73544,0.20305,0.8391,0.99956,Mast,UC_vs_HC
OR5B21,0.06025,0.16073,4.0541,0.039647,0.96837,,Mast,UC_vs_HC
LPXN,7.4014,-0.16081,0.47895,-0.33576,0.73705,0.99956,Mast,UC_vs_HC
ZFP91,6.2758,-1.6404,0.6804,-2.4109,0.015912,0.72228,Mast,UC_vs_HC
AP001350.1,0.018728,0.70632,4.1361,0.17077,0.86441,,Mast,UC_vs_HC
CNTF,0.018728,0.70632,4.1361,0.17077,0.86441,,Mast,UC_vs_HC
GLYATL2,0.055411,0.73069,4.1338,0.17676,0.8597,,Mast,UC_vs_HC
AP001636.3,0.0134,0.3681,4.0861,0.090086,0.92822,,Mast,UC_vs_HC
FAM111A-DT,0.14416,0.081451,1.9317,0.042165,0.96637,,Mast,UC_vs_HC
FAM111A,2.7588,0.57891,0.61054,0.9482,0.34303,0.99956,Mast,UC_vs_HC
DTX4,0.043089,1.2415,4.0577,0.30596,0.75964,,Mast,UC_vs_HC
MPEG1,0.1559,1.2803,2.4435,0.52394,0.60032,,Mast,UC_vs_HC
OR4D9,0.28889,0.33202,2.331,0.14244,0.88673,,Mast,UC_vs_HC
OSBP,2.2885,-0.47273,0.77345,-0.61119,0.54107,0.99956,Mast,UC_vs_HC
AP000442.2,0.075217,0.85206,2.0949,0.40673,0.68421,,Mast,UC_vs_HC
PATL1,1.9417,0.10681,0.68549,0.15581,0.87618,0.99956,Mast,UC_vs_HC
STX3,6.365,0.15476,0.617,0.25082,0.80195,0.99956,Mast,UC_vs_HC
AP000640.1,0.018728,0.70632,4.1361,0.17077,0.86441,,Mast,UC_vs_HC
MRPL16,3.6306,0.75756,0.70467,1.0751,0.28235,0.99956,Mast,UC_vs_HC
TCN1,0.25162,1.7051,1.9534,0.8729,0.38272,,Mast,UC_vs_HC
MS4A3,2.6436,2.5575,1.2808,1.9967,0.045853,0.9325,Mast,UC_vs_HC
MS4A2,115.02,-0.19122,0.36565,-0.52296,0.601,0.99956,Mast,UC_vs_HC
MS4A6A,0.50403,2.3169,2.5843,0.89652,0.36998,,Mast,UC_vs_HC
MS4A4E,0.092989,0.22342,3.423,0.065271,0.94796,,Mast,UC_vs_HC
MS4A4A,0.50338,-1.1001,1.2104,-0.90889,0.36341,,Mast,UC_vs_HC
MS4A7,0.081757,1.2076,3.3757,0.35774,0.72054,,Mast,UC_vs_HC
MS4A1,0.72675,1.4015,3.3696,0.41591,0.67747,,Mast,UC_vs_HC
MS4A12,0.059765,0.024139,4.0722,0.0059277,0.99527,,Mast,UC_vs_HC
MS4A10,0.026346,1.1367,4.0708,0.27924,0.78006,,Mast,UC_vs_HC
CCDC86,0.46312,0.26347,1.3183,0.19985,0.8416,,Mast,UC_vs_HC
PTGDR2,0.2969,0.37491,1.4745,0.25426,0.7993,,Mast,UC_vs_HC
PRPF19,0.76726,-0.51538,1.0952,-0.47057,0.63795,,Mast,UC_vs_HC
TMEM109,2.0759,0.14479,0.64916,0.22304,0.8235,0.99956,Mast,UC_vs_HC
SLC15A3,0.21484,-0.77851,1.9737,-0.39445,0.69325,,Mast,UC_vs_HC
CD6,0.17283,1.2137,2.61,0.46502,0.64192,,Mast,UC_vs_HC
VPS37C,0.17725,0.24318,2.4404,0.09965,0.92062,,Mast,UC_vs_HC
PGA3,0.064474,0.59268,4.1488,0.14286,0.8864,,Mast,UC_vs_HC
VWCE,0.055411,0.73069,4.1338,0.17676,0.8597,,Mast,UC_vs_HC
DDB1,4.1687,-0.17611,0.46775,-0.37651,0.70654,0.99956,Mast,UC_vs_HC
TKFC,0.24679,-0.84891,1.6756,-0.50663,0.61242,,Mast,UC_vs_HC
CYB561A3,1.4308,0.38154,0.80407,0.47451,0.63514,0.99956,Mast,UC_vs_HC
TMEM138,1.4035,0.32043,1.0001,0.32041,0.74866,0.99956,Mast,UC_vs_HC
TMEM216,1.6413,0.081942,0.9137,0.089682,0.92854,0.99956,Mast,UC_vs_HC
CPSF7,1.679,0.4312,0.68147,0.63276,0.52689,0.99956,Mast,UC_vs_HC
AP003108.2,0.23013,1.0138,1.4861,0.68219,0.49512,,Mast,UC_vs_HC
SDHAF2,2.6473,-0.44731,0.61549,-0.72675,0.46738,0.99956,Mast,UC_vs_HC
PPP1R32,0.032128,0.40025,2.7752,0.14423,0.88532,,Mast,UC_vs_HC
TMEM258,28.943,-0.17991,0.30491,-0.59005,0.55516,0.99956,Mast,UC_vs_HC
FEN1,1.1857,-0.17308,0.83598,-0.20703,0.83598,0.99956,Mast,UC_vs_HC
FADS2,0.48327,-0.51301,1.4322,-0.3582,0.72019,,Mast,UC_vs_HC
FADS1,1.9372,-0.38462,0.86294,-0.4457,0.65581,0.99956,Mast,UC_vs_HC
FADS3,1.7683,1.2795,1.0905,1.1733,0.24068,0.99956,Mast,UC_vs_HC
BEST1,1.0109,-0.08229,0.86666,-0.094951,0.92435,,Mast,UC_vs_HC
FTH1,1124.2,0.17271,0.78885,0.21894,0.8267,0.99956,Mast,UC_vs_HC
INCENP,0.1119,0.89684,2.3629,0.37956,0.70427,,Mast,UC_vs_HC
AP003306.2,0.10085,0.65554,1.9214,0.34118,0.73297,,Mast,UC_vs_HC
ASRGL1,2.5123,0.19862,0.74064,0.26818,0.78856,0.99956,Mast,UC_vs_HC
AP003064.1,0.039522,0.59268,4.1488,0.14286,0.8864,,Mast,UC_vs_HC
AP003064.2,0.10281,0.72061,2.297,0.31372,0.75373,,Mast,UC_vs_HC
AHNAK,39.528,-0.14119,0.383,-0.36865,0.71239,0.99956,Mast,UC_vs_HC
EEF1G,0.051733,0.56404,2.8707,0.19648,0.84423,,Mast,UC_vs_HC
TUT1,0.32964,-0.57068,1.5166,-0.3763,0.7067,,Mast,UC_vs_HC
MTA2,0.74599,1.1548,1.4531,0.79472,0.42677,,Mast,UC_vs_HC
EML3,0.36139,1.4583,1.5999,0.9115,0.36203,,Mast,UC_vs_HC
ROM1,0.15518,0.027778,3.7213,0.0074647,0.99404,,Mast,UC_vs_HC
B3GAT3,2.7325,0.63839,0.55272,1.155,0.24809,0.99956,Mast,UC_vs_HC
GANAB,3.7171,0.20343,0.54739,0.37163,0.71017,0.99956,Mast,UC_vs_HC
INTS5,0.36887,0.47954,1.9513,0.24575,0.80587,,Mast,UC_vs_HC
C11orf98,0.21212,-0.52393,1.6637,-0.31493,0.75282,,Mast,UC_vs_HC
LBHD1,0.026237,0.024139,4.0722,0.0059277,0.99527,,Mast,UC_vs_HC
CSKMT,1.0933,-1.1745,1.0116,-1.1611,0.24561,,Mast,UC_vs_HC
UQCC3,1.8121,-0.3282,0.71288,-0.46039,0.64524,0.99956,Mast,UC_vs_HC
UBXN1,15.594,-0.078018,0.32164,-0.24256,0.80834,0.99956,Mast,UC_vs_HC
BSCL2,0.039522,0.59268,4.1488,0.14286,0.8864,,Mast,UC_vs_HC
HNRNPUL2,1.7115,0.022792,0.90113,0.025292,0.97982,0.99956,Mast,UC_vs_HC
TTC9C,1.7517,-0.27802,0.79785,-0.34846,0.7275,0.99956,Mast,UC_vs_HC
ZBTB3,0.12612,0.53777,2.5392,0.21179,0.83227,,Mast,UC_vs_HC
POLR2G,4.7548,0.34649,0.42582,0.81369,0.41582,0.99956,Mast,UC_vs_HC
TAF6L,0.098098,0.25494,2.172,0.11738,0.90656,,Mast,UC_vs_HC
TMEM223,0.48765,-0.12248,1.5211,-0.080523,0.93582,,Mast,UC_vs_HC
TMEM179B,5.518,0.069658,0.54387,0.12808,0.89809,0.99956,Mast,UC_vs_HC
NXF1,2.0487,-1.1342,0.72949,-1.5548,0.11999,0.99956,Mast,UC_vs_HC
STX5,4.2498,-0.63858,0.58381,-1.0938,0.27404,0.99956,Mast,UC_vs_HC
AP001160.1,0.85311,0.70816,1.0958,0.64625,0.51812,,Mast,UC_vs_HC
WDR74,1.4665,0.28168,0.67997,0.41426,0.67868,0.99956,Mast,UC_vs_HC
SLC3A2,7.0151,0.854,0.66481,1.2846,0.19894,0.99956,Mast,UC_vs_HC
SLC22A10,0.16821,0.82244,1.8583,0.44257,0.65808,,Mast,UC_vs_HC
SLC22A25,0.024934,1.088,4.0829,0.26647,0.78988,,Mast,UC_vs_HC
HRASLS5,1.2382,-0.039595,1.0144,-0.039033,0.96886,0.99956,Mast,UC_vs_HC
LGALS12,1.9889,1.7458,0.82025,2.1284,0.033305,0.90299,Mast,UC_vs_HC
RARRES3,15.887,0.74324,0.36426,2.0404,0.041307,0.90497,Mast,UC_vs_HC
HRASLS2,0.0134,0.3681,4.0861,0.090086,0.92822,,Mast,UC_vs_HC
PLA2G16,5.2731,-0.21032,0.43258,-0.48621,0.62682,0.99956,Mast,UC_vs_HC
ATL3,2.3826,0.6122,0.64618,0.94741,0.34343,0.99956,Mast,UC_vs_HC
RTN3,4.8373,-0.42567,0.57251,-0.74353,0.45716,0.99956,Mast,UC_vs_HC
C11orf95,0.14674,-1.0203,3.6393,-0.28034,0.77921,,Mast,UC_vs_HC
SPINDOC,0.18443,1.481,1.5704,0.94306,0.34565,,Mast,UC_vs_HC
MARK2,1.403,0.87794,0.85541,1.0263,0.30473,0.99956,Mast,UC_vs_HC
NAA40,0.39031,1.1218,1.5686,0.71513,0.47453,,Mast,UC_vs_HC
COX8A,26.488,-0.21033,0.32535,-0.64648,0.51797,0.99956,Mast,UC_vs_HC
OTUB1,4.5452,0.03445,0.51043,0.067492,0.94619,0.99956,Mast,UC_vs_HC
MACROD1,0.19055,0.60191,2.0027,0.30055,0.76376,,Mast,UC_vs_HC
STIP1,5.552,-0.27164,0.47149,-0.57613,0.56453,0.99956,Mast,UC_vs_HC
FERMT3,4.6686,0.54087,0.55417,0.976,0.32906,0.99956,Mast,UC_vs_HC
TRPT1,0.75271,1.0539,1.2928,0.81517,0.41497,,Mast,UC_vs_HC
NUDT22,3.1133,1.0608,0.73335,1.4466,0.14801,0.99956,Mast,UC_vs_HC
DNAJC4,3.2355,0.25512,0.847,0.3012,0.76326,0.99956,Mast,UC_vs_HC
VEGFB,3.0007,0.49753,0.81327,0.61177,0.54069,0.99956,Mast,UC_vs_HC
FKBP2,27.187,0.70365,0.30583,2.3008,0.021404,0.80239,Mast,UC_vs_HC
PPP1R14B,1.4138,-0.3337,1.0052,-0.33197,0.73991,0.99956,Mast,UC_vs_HC
AP001453.4,0.024934,1.088,4.0829,0.26647,0.78988,,Mast,UC_vs_HC
PLCB3,0.14633,0.66868,1.5863,0.42154,0.67336,,Mast,UC_vs_HC
BAD,2.2688,-0.12121,0.8778,-0.13808,0.89018,0.99956,Mast,UC_vs_HC
GPR137,0.48687,-0.55181,1.2961,-0.42573,0.67031,,Mast,UC_vs_HC
ESRRA,0.31843,0.48384,1.3749,0.3519,0.72491,,Mast,UC_vs_HC
TRMT112,21.114,0.073325,0.2764,0.26528,0.79079,0.99956,Mast,UC_vs_HC
PRDX5,12.332,0.048113,0.42989,0.11192,0.91089,0.99956,Mast,UC_vs_HC
AP003774.4,0.54644,-1.2794,1.4665,-0.87244,0.38297,,Mast,UC_vs_HC
CCDC88B,1.2697,-0.35913,0.8515,-0.42177,0.6732,0.99956,Mast,UC_vs_HC
RPS6KA4,0.5218,-0.51813,1.2864,-0.40279,0.68711,,Mast,UC_vs_HC
RASGRP2,0.73975,1.4647,1.2983,1.1282,0.25923,,Mast,UC_vs_HC
SF1,9.8607,-0.14795,0.51612,-0.28667,0.77437,0.99956,Mast,UC_vs_HC
AP001462.1,0.092989,0.22342,3.423,0.065271,0.94796,,Mast,UC_vs_HC
MAP4K2,0.52931,1.934,2.2512,0.85911,0.39028,,Mast,UC_vs_HC
MEN1,0.10777,1.4918,1.6359,0.91194,0.3618,,Mast,UC_vs_HC
EHD1,11.449,-0.66841,0.67822,-0.98553,0.32436,0.99956,Mast,UC_vs_HC
MIR194-2HG,0.13341,-0.74693,2.3054,-0.32399,0.74595,,Mast,UC_vs_HC
ATG2A,0.48327,-0.31659,2.1114,-0.14994,0.88081,,Mast,UC_vs_HC
PPP2R5B,0.3848,0.40236,1.2986,0.30984,0.75668,,Mast,UC_vs_HC
BATF2,0.024934,1.088,4.0829,0.26647,0.78988,,Mast,UC_vs_HC
ARL2,7.4384,-0.20456,0.36376,-0.56236,0.57387,0.99956,Mast,UC_vs_HC
SNX15,0.0134,0.3681,4.0861,0.090086,0.92822,,Mast,UC_vs_HC
NAALADL1,0.89758,1.3637,1.0594,1.2872,0.19802,,Mast,UC_vs_HC
CDCA5,0.0134,0.3681,4.0861,0.090086,0.92822,,Mast,UC_vs_HC
ZFPL1,1.2853,0.74824,0.83856,0.89229,0.37224,0.99956,Mast,UC_vs_HC
VPS51,2.5098,-0.66129,0.77917,-0.84871,0.39604,0.99956,Mast,UC_vs_HC
TM7SF2,0.33104,0.79702,1.4693,0.54245,0.58751,,Mast,UC_vs_HC
ZNHIT2,0.46788,0.36159,1.9766,0.18294,0.85485,,Mast,UC_vs_HC
FAU,309.52,-0.044363,0.19164,-0.23149,0.81693,0.99956,Mast,UC_vs_HC
SYVN1,1.1517,0.092661,0.84031,0.11027,0.9122,0.99956,Mast,UC_vs_HC
MRPL49,0.60774,1.6022,0.95726,1.6738,0.094179,,Mast,UC_vs_HC
AP003068.2,0.26329,0.45114,1.7491,0.25793,0.79646,,Mast,UC_vs_HC
CAPN1,3.6612,0.27163,0.64826,0.41901,0.67521,0.99956,Mast,UC_vs_HC
POLA2,0.3679,0.96485,1.3992,0.68958,0.49046,,Mast,UC_vs_HC
CDC42EP2,0.082611,1.1759,3.3583,0.35015,0.72623,,Mast,UC_vs_HC
DPF2,2.1931,0.13167,0.66166,0.199,0.84227,0.99956,Mast,UC_vs_HC
TIGD3,0.0134,0.3681,4.0861,0.090086,0.92822,,Mast,UC_vs_HC
SLC25A45,0.85216,0.38759,1.4465,0.26795,0.78874,,Mast,UC_vs_HC
FRMD8,0.71212,0.51386,1.1824,0.43459,0.66386,,Mast,UC_vs_HC
NEAT1,171.01,0.38251,0.31703,1.2065,0.22761,0.99956,Mast,UC_vs_HC
MALAT1,6598.4,-0.49983,0.24151,-2.0696,0.038489,0.90299,Mast,UC_vs_HC
AP000769.2,0.018728,0.70632,4.1361,0.17077,0.86441,,Mast,UC_vs_HC
SCYL1,1.3648,-0.62954,0.87054,-0.72316,0.46958,0.99956,Mast,UC_vs_HC
LTBP3,0.91185,0.46786,1.1815,0.39598,0.69212,,Mast,UC_vs_HC
SSSCA1,4.8035,0.30001,0.41755,0.7185,0.47245,0.99956,Mast,UC_vs_HC
FAM89B,1.1996,-0.062125,0.90123,-0.068933,0.94504,0.99956,Mast,UC_vs_HC
EHBP1L1,0.5749,1.5794,1.4145,1.1165,0.26419,,Mast,UC_vs_HC
KCNK7,0.055411,0.73069,4.1338,0.17676,0.8597,,Mast,UC_vs_HC
MAP3K11,1.6458,0.36001,0.81768,0.44028,0.65974,0.99956,Mast,UC_vs_HC
PCNX3,0.60176,-0.32098,1.3676,-0.23471,0.81444,,Mast,UC_vs_HC
SIPA1,0.56861,1.0596,1.2962,0.81751,0.41364,,Mast,UC_vs_HC
RELA,4.2276,-0.28546,0.50591,-0.56425,0.57258,0.99956,Mast,UC_vs_HC
KAT5,1.8936,-0.60084,0.69952,-0.85894,0.39038,0.99956,Mast,UC_vs_HC
RNASEH2C,6.4496,0.099728,0.91322,0.10921,0.91304,0.99956,Mast,UC_vs_HC
AP5B1,0.26009,0.3086,2.1815,0.14146,0.88751,,Mast,UC_vs_HC
OVOL1,0.055411,0.73069,4.1338,0.17676,0.8597,,Mast,UC_vs_HC
CFL1,52.801,-0.3153,0.22049,-1.43,0.15271,0.99956,Mast,UC_vs_HC
MUS81,1.0102,-0.091914,1.2914,-0.071173,0.94326,,Mast,UC_vs_HC
EFEMP2,0.095672,0.91312,2.0325,0.44925,0.65325,,Mast,UC_vs_HC
CTSW,8.0676,1.4518,0.67264,2.1584,0.0309,0.89594,Mast,UC_vs_HC
FIBP,7.5991,0.54477,0.40553,1.3434,0.17916,0.99956,Mast,UC_vs_HC
CCDC85B,4.2358,-0.87483,1.857,-0.47109,0.63758,0.99956,Mast,UC_vs_HC
FOSL1,2.1476,0.18989,0.97847,0.19407,0.84612,0.99956,Mast,UC_vs_HC
C11orf68,0.57209,0.24791,1.0098,0.2455,0.80607,,Mast,UC_vs_HC
DRAP1,27.93,-0.030337,0.2959,-0.10252,0.91834,0.99956,Mast,UC_vs_HC
SART1,1.8929,-0.012581,0.89076,-0.014124,0.98873,0.99956,Mast,UC_vs_HC
EIF1AD,1.3043,-0.063343,0.93179,-0.06798,0.9458,0.99956,Mast,UC_vs_HC
BANF1,13.244,-0.087307,0.29834,-0.29265,0.76979,0.99956,Mast,UC_vs_HC
CST6,0.69203,0.67432,1.4537,0.46387,0.64274,,Mast,UC_vs_HC
CATSPER1,5.4737,0.43889,0.42028,1.0443,0.29636,0.99956,Mast,UC_vs_HC
SF3B2,9.1384,-0.38933,0.3541,-1.0995,0.27155,0.99956,Mast,UC_vs_HC
PACS1,1.6919,0.13559,0.87905,0.15425,0.87741,0.99956,Mast,UC_vs_HC
KLC2,0.080345,1.1224,3.1892,0.35194,0.72488,,Mast,UC_vs_HC
RAB1B,2.8639,0.47429,0.62385,0.76027,0.4471,0.99956,Mast,UC_vs_HC
AP001107.1,0.18787,-0.28283,1.6652,-0.16985,0.86513,,Mast,UC_vs_HC
AP001107.2,0.018728,0.70632,4.1361,0.17077,0.86441,,Mast,UC_vs_HC
YIF1A,2.3887,0.33779,0.66739,0.50613,0.61276,0.99956,Mast,UC_vs_HC
RIN1,0.35692,0.90969,1.7361,0.52397,0.6003,,Mast,UC_vs_HC
BRMS1,1.456,-0.15156,0.74531,-0.20335,0.83886,0.99956,Mast,UC_vs_HC
B4GAT1,0.068023,1.6105,3.0061,0.53574,0.59214,,Mast,UC_vs_HC
MRPL11,3.0088,-0.33796,0.55449,-0.60949,0.5422,0.99956,Mast,UC_vs_HC
PELI3,0.12196,0.49231,2.3967,0.20542,0.83725,,Mast,UC_vs_HC
AP002748.3,0.097829,-0.31323,3.3199,-0.094348,0.92483,,Mast,UC_vs_HC
DPP3,0.34726,-0.19314,1.185,-0.16299,0.87053,,Mast,UC_vs_HC
BBS1,0.097343,-0.54989,3.5051,-0.15689,0.87534,,Mast,UC_vs_HC
ZDHHC24,0.47769,-0.20547,1.4514,-0.14157,0.88742,,Mast,UC_vs_HC
ACTN3,0.037578,0.16073,4.0541,0.039647,0.96837,,Mast,UC_vs_HC
CTSF,0.79562,0.06878,0.94734,0.072603,0.94212,,Mast,UC_vs_HC
CCS,5.3054,0.62161,0.46156,1.3468,0.17806,0.99956,Mast,UC_vs_HC
RBM14,2.114,0.13365,0.66399,0.20129,0.84047,0.99956,Mast,UC_vs_HC
RBM14-RBM4,0.026346,1.1367,4.0708,0.27924,0.78006,,Mast,UC_vs_HC
RBM4,3.438,0.46511,0.49753,0.93485,0.34987,0.99956,Mast,UC_vs_HC
RBM4B,1.0504,-0.69966,1.1752,-0.59537,0.5516,,Mast,UC_vs_HC
AP001157.1,0.78388,0.51603,1.0272,0.50237,0.61541,,Mast,UC_vs_HC
C11orf80,0.13304,1.8121,2.3086,0.78495,0.43248,,Mast,UC_vs_HC
RCE1,0.79063,0.0075155,1.375,0.005466,0.99564,,Mast,UC_vs_HC
PC,0.21689,0.16144,1.6522,0.097709,0.92216,,Mast,UC_vs_HC
LRFN4,0.34923,-0.80115,1.4968,-0.53525,0.59248,,Mast,UC_vs_HC
C11orf86,0.0268,0.16572,4.0548,0.040869,0.9674,,Mast,UC_vs_HC
KDM2A,2.6291,1.015,0.72919,1.392,0.16394,0.99956,Mast,UC_vs_HC
GRK2,4.0743,1.0283,0.8603,1.1953,0.23198,0.99956,Mast,UC_vs_HC
ANKRD13D,1.4723,1.6837,1.2564,1.3401,0.1802,0.99956,Mast,UC_vs_HC
SSH3,0.31812,1.1132,1.7112,0.65053,0.51535,,Mast,UC_vs_HC
RAD9A,0.96528,-0.23011,0.82564,-0.27871,0.78047,,Mast,UC_vs_HC
POLD4,1.092,-0.001888,0.81814,-0.0023077,0.99816,,Mast,UC_vs_HC
AP003419.2,0.16192,0.63514,3.7807,0.16799,0.86659,,Mast,UC_vs_HC
CLCF1,0.5205,1.6657,1.246,1.3369,0.18126,,Mast,UC_vs_HC
PPP1CA,6.5628,-0.11962,0.51516,-0.2322,0.81638,0.99956,Mast,UC_vs_HC
TBC1D10C,1.1742,0.28392,0.95999,0.29575,0.76742,0.99956,Mast,UC_vs_HC
CARNS1,0.06025,0.16073,4.0541,0.039647,0.96837,,Mast,UC_vs_HC
RPS6KB2,2.2336,0.26972,0.65473,0.41196,0.68037,0.99956,Mast,UC_vs_HC
RPS6KB2-AS1,0.039522,0.59268,4.1488,0.14286,0.8864,,Mast,UC_vs_HC
CORO1B,1.862,0.71677,0.99191,0.72261,0.46992,0.99956,Mast,UC_vs_HC
CABP4,0.063815,-0.46407,3.2326,-0.14356,0.88585,,Mast,UC_vs_HC
TMEM134,2.3551,0.54245,0.8459,0.64126,0.52135,0.99956,Mast,UC_vs_HC
AIP,5.6486,-0.34305,0.54976,-0.624,0.53263,0.99956,Mast,UC_vs_HC
PITPNM1,0.35885,0.74208,1.6201,0.45804,0.64692,,Mast,UC_vs_HC
CDK2AP2,6.7132,0.49425,0.64351,0.76805,0.44246,0.99956,Mast,UC_vs_HC
GSTP1,38.493,0.64741,0.30097,2.1511,0.03147,0.89594,Mast,UC_vs_HC
NDUFV1,4.0314,0.73848,0.55469,1.3313,0.18308,0.99956,Mast,UC_vs_HC
NUDT8,0.0134,0.3681,4.0861,0.090086,0.92822,,Mast,UC_vs_HC
TBX10,0.037578,0.16073,4.0541,0.039647,0.96837,,Mast,UC_vs_HC
AP003716.1,0.06025,0.16073,4.0541,0.039647,0.96837,,Mast,UC_vs_HC
UNC93B1,0.36466,1.4342,1.6577,0.86513,0.38697,,Mast,UC_vs_HC
ALDH3B1,0.73273,-0.54349,1.1398,-0.47682,0.63349,,Mast,UC_vs_HC
NDUFS8,7.4062,-0.16651,0.50483,-0.32983,0.74153,0.99956,Mast,UC_vs_HC
TCIRG1,2.4394,-0.44157,0.80146,-0.55095,0.58167,0.99956,Mast,UC_vs_HC
AP002807.1,0.093744,0.82432,2.1007,0.3924,0.69477,,Mast,UC_vs_HC
CHKA,1.1222,-0.66773,0.96188,-0.69419,0.48756,0.99956,Mast,UC_vs_HC
AP002992.1,0.026237,0.024139,4.0722,0.0059277,0.99527,,Mast,UC_vs_HC
KMT5B,2.0801,0.27959,0.60011,0.46589,0.64129,0.99956,Mast,UC_vs_HC
C11orf24,2.1155,1.1371,0.8373,1.3581,0.17443,0.99956,Mast,UC_vs_HC
LRP5,0.14125,0.34198,2.3425,0.14599,0.88393,,Mast,UC_vs_HC
PPP6R3,3.1087,0.71586,0.62772,1.1404,0.25412,0.99956,Mast,UC_vs_HC
TESMIN,0.091255,0.46547,2.2169,0.20997,0.83369,,Mast,UC_vs_HC
CPT1A,2.107,1.4183,0.70591,2.0091,0.044522,0.92492,Mast,UC_vs_HC
MRPL21,5.6261,-0.11734,0.39161,-0.29965,0.76445,0.99956,Mast,UC_vs_HC
IGHMBP2,0.45358,-1.7216,1.4495,-1.1878,0.23493,,Mast,UC_vs_HC
TPCN2,0.26684,1.4733,1.5192,0.96978,0.33216,,Mast,UC_vs_HC
CCND1,0.77457,-0.90237,1.4922,-0.60471,0.54537,,Mast,UC_vs_HC
ORAOV1,1.0556,0.66511,1.154,0.57634,0.56438,,Mast,UC_vs_HC
FADD,0.34977,1.1909,1.1904,1.0004,0.31711,,Mast,UC_vs_HC
PPFIA1,0.87604,1.4735,1.115,1.3216,0.18631,,Mast,UC_vs_HC
AP000487.1,0.14054,1.2735,3.7215,0.3422,0.7322,,Mast,UC_vs_HC
CTTN,0.045074,1.1802,3.0256,0.39009,0.69647,,Mast,UC_vs_HC
AP002387.2,0.28228,0.14122,1.8062,0.078185,0.93768,,Mast,UC_vs_HC
NADSYN1,1.888,0.099568,0.94736,0.1051,0.9163,0.99956,Mast,UC_vs_HC
FAM86C1,0.18405,0.71483,2.7199,0.26281,0.79269,,Mast,UC_vs_HC
AP002495.2,0.090039,0.56131,2.2674,0.24756,0.80448,,Mast,UC_vs_HC
RNF121,0.60088,-0.99139,1.4073,-0.70445,0.48115,,Mast,UC_vs_HC
IL18BP,0.1339,-0.57564,3.3968,-0.16947,0.86543,,Mast,UC_vs_HC
NUMA1,4.6332,-0.77018,0.56252,-1.3692,0.17095,0.99956,Mast,UC_vs_HC
AP002490.1,0.19866,1.0942,2.6424,0.41408,0.67881,,Mast,UC_vs_HC
LRTOMT,0.10332,1.0925,2.2041,0.49568,0.62012,,Mast,UC_vs_HC
LAMTOR1,9.7445,0.40163,0.33424,1.2016,0.22951,0.99956,Mast,UC_vs_HC
ANAPC15,1.7987,-1.1414,0.7129,-1.6011,0.10935,0.99956,Mast,UC_vs_HC
FOLR2,0.090916,0.62511,1.6153,0.38699,0.69876,,Mast,UC_vs_HC
INPPL1,1.6158,0.42146,0.86659,0.48635,0.62672,0.99956,Mast,UC_vs_HC
CLPB,1.2312,1.3533,0.83253,1.6256,0.10404,0.99956,Mast,UC_vs_HC
AP003785.1,0.10365,1.2415,4.0577,0.30596,0.75964,,Mast,UC_vs_HC
PDE2A,0.20089,1.0502,2.428,0.43255,0.66534,,Mast,UC_vs_HC
AP005019.1,0.52062,-1.6282,1.1222,-1.4509,0.14682,,Mast,UC_vs_HC
ARAP1,1.8269,-0.31745,0.8041,-0.39479,0.693,0.99956,Mast,UC_vs_HC
ARAP1-AS2,0.053037,-0.40462,3.0583,-0.1323,0.89475,,Mast,UC_vs_HC
STARD10,2.0939,-0.1384,0.83982,-0.1648,0.8691,0.99956,Mast,UC_vs_HC
ATG16L2,1.2937,-0.087485,0.796,-0.10991,0.91248,0.99956,Mast,UC_vs_HC
FCHSD2,1.3732,1.2391,1.002,1.2366,0.21623,0.99956,Mast,UC_vs_HC
P2RY2,0.064474,0.59268,4.1488,0.14286,0.8864,,Mast,UC_vs_HC
P2RY6,0.018728,0.70632,4.1361,0.17077,0.86441,,Mast,UC_vs_HC
RELT,3.9066,-0.20744,0.76271,-0.27198,0.78564,0.99956,Mast,UC_vs_HC
AP000763.4,0.026346,1.1367,4.0708,0.27924,0.78006,,Mast,UC_vs_HC
FAM168A,0.45748,0.39051,1.2552,0.31112,0.75571,,Mast,UC_vs_HC
AP000763.3,0.20144,0.11697,1.6962,0.068961,0.94502,,Mast,UC_vs_HC
PLEKHB1,0.10386,1.1755,2.0496,0.57353,0.56628,,Mast,UC_vs_HC
RAB6A,4.4978,-0.25836,0.59224,-0.43624,0.66266,0.99956,Mast,UC_vs_HC
MRPL48,1.5233,0.25702,0.84807,0.30306,0.76184,0.99956,Mast,UC_vs_HC
COA4,4.1117,0.36591,0.51763,0.7069,0.47963,0.99956,Mast,UC_vs_HC
PAAF1,0.90284,0.48449,1.0767,0.44999,0.65272,,Mast,UC_vs_HC
UCP2,6.4575,-0.35391,0.41362,-0.85562,0.39221,0.99956,Mast,UC_vs_HC
C2CD3,0.43714,0.2731,1.2276,0.22246,0.82396,,Mast,UC_vs_HC
PPME1,1.2235,-0.61655,1.0408,-0.59235,0.55361,0.99956,Mast,UC_vs_HC
P4HA3,0.12076,0.62246,1.8819,0.33076,0.74083,,Mast,UC_vs_HC
PGM2L1,1.5769,-1.0389,0.79429,-1.308,0.19089,0.99956,Mast,UC_vs_HC
KCNE3,1.7957,1.715,0.86103,1.9918,0.046396,0.94026,Mast,UC_vs_HC
LIPT2,0.039522,0.59268,4.1488,0.14286,0.8864,,Mast,UC_vs_HC
POLD3,0.60268,-0.78968,1.0849,-0.72788,0.46669,,Mast,UC_vs_HC
RNF169,0.86725,0.68169,0.89876,0.75848,0.44816,,Mast,UC_vs_HC
XRRA1,1.3304,0.038386,0.88778,0.043238,0.96551,0.99956,Mast,UC_vs_HC
SPCS2,30.204,0.02687,0.25635,0.10482,0.91652,0.99956,Mast,UC_vs_HC
NEU3,0.59913,-1.3685,1.4586,-0.93822,0.34813,,Mast,UC_vs_HC
SLCO2B1,1.3655,-0.10271,0.93169,-0.11024,0.91222,0.99956,Mast,UC_vs_HC
TPBGL,0.06025,0.16073,4.0541,0.039647,0.96837,,Mast,UC_vs_HC
ARRB1,1.3258,0.40758,0.75188,0.54208,0.58776,0.99956,Mast,UC_vs_HC
RPS3,302.96,-0.066621,0.23099,-0.28842,0.77303,0.99956,Mast,UC_vs_HC
KLHL35,0.0134,0.3681,4.0861,0.090086,0.92822,,Mast,UC_vs_HC
GDPD5,0.29884,1.6713,1.7747,0.94174,0.34632,,Mast,UC_vs_HC
SERPINH1,0.34849,-0.060917,1.9837,-0.030709,0.9755,,Mast,UC_vs_HC
MOGAT2,0.0134,0.3681,4.0861,0.090086,0.92822,,Mast,UC_vs_HC
UVRAG,1.7525,0.4369,1.4118,0.30946,0.75697,0.99956,Mast,UC_vs_HC
WNT11,0.026237,0.024139,4.0722,0.0059277,0.99527,,Mast,UC_vs_HC
AP000785.2,0.12774,1.0478,2.3876,0.43885,0.66077,,Mast,UC_vs_HC
THAP12,1.4088,0.56552,0.94613,0.59772,0.55003,0.99956,Mast,UC_vs_HC
GVQW3,0.086564,-0.45286,3.3533,-0.13505,0.89257,,Mast,UC_vs_HC
AP002360.1,0.49226,0.12838,1.3936,0.092119,0.9266,,Mast,UC_vs_HC
EMSY,1.2447,-0.72421,0.82051,-0.88264,0.37743,0.99956,Mast,UC_vs_HC
LRRC32,0.10737,0.16073,4.0541,0.039647,0.96837,,Mast,UC_vs_HC
TSKU,0.27774,1.3349,2.0838,0.64061,0.52178,,Mast,UC_vs_HC
ACER3,5.5916,0.16091,0.50427,0.31909,0.74966,0.99956,Mast,UC_vs_HC
CAPN5,0.16378,-1.3994,1.6544,-0.84588,0.39762,,Mast,UC_vs_HC
MYO7A,0.026346,1.1367,4.0708,0.27924,0.78006,,Mast,UC_vs_HC
PAK1,8.8957,-0.63287,0.53121,-1.1914,0.23351,0.99956,Mast,UC_vs_HC
AP003680.1,0.091273,0.023887,3.6038,0.0066283,0.99471,,Mast,UC_vs_HC
CLNS1A,7.8409,-0.030722,0.36632,-0.083866,0.93316,0.99956,Mast,UC_vs_HC
AQP11,0.1457,0.35055,2.1619,0.16215,0.87119,,Mast,UC_vs_HC
RSF1,6.4696,-0.38863,0.56925,-0.68271,0.49479,0.99956,Mast,UC_vs_HC
AAMDC,3.0589,-0.4563,0.5406,-0.84406,0.39864,0.99956,Mast,UC_vs_HC
AP002812.5,0.0134,0.3681,4.0861,0.090086,0.92822,,Mast,UC_vs_HC
INTS4,1.075,0.11996,0.89559,0.13395,0.89344,,Mast,UC_vs_HC
KCTD14,0.064474,0.59268,4.1488,0.14286,0.8864,,Mast,UC_vs_HC
NDUFC2,18.679,0.40177,0.37114,1.0825,0.27902,0.99956,Mast,UC_vs_HC
ALG8,1.3185,0.25834,0.79653,0.32433,0.74569,0.99956,Mast,UC_vs_HC
KCTD21-AS1,0.097765,1.7295,3.4408,0.50264,0.61521,,Mast,UC_vs_HC
KCTD21,0.25472,1.015,2.2106,0.45913,0.64614,,Mast,UC_vs_HC
USP35,0.15152,0.75603,3.4768,0.21745,0.82786,,Mast,UC_vs_HC
GAB2,1.4578,2.6563,1.1343,2.3418,0.01919,0.76788,Mast,UC_vs_HC
AP003086.1,0.093744,0.82432,2.1007,0.3924,0.69477,,Mast,UC_vs_HC
NARS2,0.43931,0.46981,1.6947,0.27722,0.78161,,Mast,UC_vs_HC
PRCP,1.3076,-0.3097,0.83154,-0.37244,0.70957,0.99956,Mast,UC_vs_HC
RAB30,0.46376,-0.65731,2.1584,-0.30454,0.76072,,Mast,UC_vs_HC
RAB30-AS1,3.9679,0.66889,0.62857,1.0641,0.28726,0.99956,Mast,UC_vs_HC
PCF11,6.0845,-0.60362,0.55557,-1.0865,0.27727,0.99956,Mast,UC_vs_HC
PCF11-AS1,0.10678,0.64214,2.3795,0.26986,0.78726,,Mast,UC_vs_HC
ANKRD42,1.5067,0.49033,0.81664,0.60042,0.54823,0.99956,Mast,UC_vs_HC
CCDC90B,4.8891,-0.62846,0.56061,-1.121,0.26228,0.99956,Mast,UC_vs_HC
DLG2,0.097449,0.73069,4.1338,0.17676,0.8597,,Mast,UC_vs_HC
TMEM126B,3.9807,-0.013707,0.58312,-0.023507,0.98125,0.99956,Mast,UC_vs_HC
TMEM126A,4.6493,0.093488,0.4491,0.20817,0.8351,0.99956,Mast,UC_vs_HC
CREBZF,3.3455,-0.30709,0.79442,-0.38656,0.69908,0.99956,Mast,UC_vs_HC
SYTL2,3.8634,0.82583,0.58974,1.4003,0.16142,0.99956,Mast,UC_vs_HC
PICALM,5.738,0.75236,0.5125,1.468,0.1421,0.99956,Mast,UC_vs_HC
EED,1.0687,0.94066,0.83217,1.1304,0.25832,,Mast,UC_vs_HC
HIKESHI,5.765,-0.26696,0.41967,-0.63614,0.52469,0.99956,Mast,UC_vs_HC
CCDC81,0.018728,0.70632,4.1361,0.17077,0.86441,,Mast,UC_vs_HC
ME3,0.063815,-0.46407,3.2326,-0.14356,0.88585,,Mast,UC_vs_HC
PRSS23,0.037578,0.16073,4.0541,0.039647,0.96837,,Mast,UC_vs_HC
TMEM135,0.25719,-0.044721,1.5474,-0.028902,0.97694,,Mast,UC_vs_HC
RAB38,1.5676,-1.6676,1.0524,-1.5845,0.11308,0.99956,Mast,UC_vs_HC
CTSC,4.251,0.33177,0.52317,0.63415,0.52598,0.99956,Mast,UC_vs_HC
CHORDC1,4.8612,-0.57504,0.50438,-1.1401,0.25425,0.99956,Mast,UC_vs_HC
SLC36A4,0.74392,1.5244,1.1493,1.3263,0.18473,,Mast,UC_vs_HC
SMCO4,0.28941,0.93074,1.3944,0.6675,0.50445,,Mast,UC_vs_HC
CEP295,0.8999,0.54101,0.81742,0.66185,0.50806,,Mast,UC_vs_HC
TAF1D,12.436,-0.071289,0.45543,-0.15653,0.87562,0.99956,Mast,UC_vs_HC
C11orf54,0.49842,0.88423,1.4535,0.60834,0.54296,,Mast,UC_vs_HC
MED17,1.6184,0.25103,0.74345,0.33765,0.73562,0.99956,Mast,UC_vs_HC
PANX1,0.49566,-1.1055,1.5976,-0.69196,0.48897,,Mast,UC_vs_HC
MRE11,2.1514,0.59208,0.79266,0.74695,0.45509,0.99956,Mast,UC_vs_HC
ANKRD49,2.4271,-0.44674,0.62678,-0.71276,0.47599,0.99956,Mast,UC_vs_HC
FUT4,0.40767,1.1054,1.6123,0.68559,0.49297,,Mast,UC_vs_HC
PIWIL4,0.024934,1.088,4.0829,0.26647,0.78988,,Mast,UC_vs_HC
AMOTL1,0.16246,-0.39233,1.5405,-0.25468,0.79897,,Mast,UC_vs_HC
CWC15,6.7458,-0.25833,0.4386,-0.58898,0.55587,0.99956,Mast,UC_vs_HC
SRSF8,0.98826,0.36332,0.88209,0.41189,0.68042,,Mast,UC_vs_HC
ENDOD1,1.0879,-0.66994,0.89011,-0.75265,0.45166,,Mast,UC_vs_HC
AP000787.1,0.026237,0.024139,4.0722,0.0059277,0.99527,,Mast,UC_vs_HC
SESN3,1.8513,-0.23829,0.87956,-0.27092,0.78646,0.99956,Mast,UC_vs_HC
FAM76B,1.1471,0.50548,0.81766,0.61821,0.53644,0.99956,Mast,UC_vs_HC
CEP57,3.0648,0.21804,0.59228,0.36814,0.71277,0.99956,Mast,UC_vs_HC
MTMR2,0.71402,-0.48204,1.1549,-0.41737,0.67641,,Mast,UC_vs_HC
MAML2,2.8141,-2.7551,1.1708,-2.3533,0.018608,0.75953,Mast,UC_vs_HC
CCDC82,5.2158,-0.083672,0.47292,-0.17693,0.85957,0.99956,Mast,UC_vs_HC
JRKL,1.0759,-1.1501,0.83236,-1.3817,0.16707,,Mast,UC_vs_HC
ARHGAP42,0.059765,0.024139,4.0722,0.0059277,0.99527,,Mast,UC_vs_HC
CEP126,0.12423,0.13861,1.6003,0.086615,0.93098,,Mast,UC_vs_HC
YAP1,0.026346,1.1367,4.0708,0.27924,0.78006,,Mast,UC_vs_HC
BIRC3,113.1,0.32168,0.36306,0.88603,0.3756,0.99956,Mast,UC_vs_HC
BIRC2,5.5217,-0.5872,0.43851,-1.3391,0.18054,0.99956,Mast,UC_vs_HC
TMEM123,4.1013,-0.14794,0.60591,-0.24417,0.8071,0.99956,Mast,UC_vs_HC
MMP7,0.10365,1.2415,4.0577,0.30596,0.75964,,Mast,UC_vs_HC
MMP3,0.039522,0.59268,4.1488,0.14286,0.8864,,Mast,UC_vs_HC
MMP12,0.018728,0.70632,4.1361,0.17077,0.86441,,Mast,UC_vs_HC
DCUN1D5,0.9564,0.49338,0.90703,0.54396,0.58647,,Mast,UC_vs_HC
DYNC2H1,0.19978,-1.0262,1.6941,-0.60575,0.54468,,Mast,UC_vs_HC
PDGFD,0.097449,0.73069,4.1338,0.17676,0.8597,,Mast,UC_vs_HC
CASP4,4.0662,0.8027,0.59328,1.353,0.17606,0.99956,Mast,UC_vs_HC
CASP1,2.9809,1.8215,0.88703,2.0534,0.04003,0.90299,Mast,UC_vs_HC
CARD16,7.9705,0.98619,0.71885,1.3719,0.1701,0.99956,Mast,UC_vs_HC
MSANTD4,0.42886,1.375,1.4027,0.98025,0.32696,,Mast,UC_vs_HC
KBTBD3,1.1539,0.107,1.0637,0.1006,0.91987,0.99956,Mast,UC_vs_HC
AASDHPPT,3.0819,0.46027,0.52778,0.87209,0.38316,0.99956,Mast,UC_vs_HC
AP000766.1,0.38503,-0.074454,1.4268,-0.052181,0.95838,,Mast,UC_vs_HC
CWF19L2,4.3263,-0.46456,0.58094,-0.79966,0.42391,0.99956,Mast,UC_vs_HC
ALKBH8,0.16379,2.0372,1.776,1.147,0.25136,,Mast,UC_vs_HC
SLC35F2,0.61889,0.54622,1.5817,0.34533,0.72985,,Mast,UC_vs_HC
CUL5,1.8005,1.1491,0.80297,1.4311,0.1524,0.99956,Mast,UC_vs_HC
AP002433.1,0.039745,0.81098,2.9497,0.27494,0.78337,,Mast,UC_vs_HC
ACAT1,1.3202,0.21196,0.90546,0.2341,0.81491,0.99956,Mast,UC_vs_HC
NPAT,1.3648,0.87724,0.93783,0.93539,0.34959,0.99956,Mast,UC_vs_HC
ATM,2.4556,0.84736,0.66964,1.2654,0.20573,0.99956,Mast,UC_vs_HC
C11orf65,0.051171,0.51223,3.1431,0.16297,0.87054,,Mast,UC_vs_HC
KDELC2,0.1373,0.5566,3.5699,0.15591,0.8761,,Mast,UC_vs_HC
EXPH5,0.037578,0.16073,4.0541,0.039647,0.96837,,Mast,UC_vs_HC
DDX10,1.9565,0.45072,0.71969,0.62627,0.53114,0.99956,Mast,UC_vs_HC
RDX,2.0735,0.39523,0.88704,0.44556,0.65591,0.99956,Mast,UC_vs_HC
ZC3H12C,0.080667,0.7043,3.3859,0.20801,0.83522,,Mast,UC_vs_HC
FDX1,2.2088,0.35228,0.97542,0.36116,0.71798,0.99956,Mast,UC_vs_HC
ARHGAP20,0.018728,0.70632,4.1361,0.17077,0.86441,,Mast,UC_vs_HC
LINC02550,0.0134,0.3681,4.0861,0.090086,0.92822,,Mast,UC_vs_HC
C11orf53,0.037578,0.16073,4.0541,0.039647,0.96837,,Mast,UC_vs_HC
POU2AF1,0.20208,0.53715,2.0265,0.26506,0.79096,,Mast,UC_vs_HC
LAYN,0.039522,0.59268,4.1488,0.14286,0.8864,,Mast,UC_vs_HC
SIK2,1.1833,0.23143,0.79364,0.2916,0.77059,0.99956,Mast,UC_vs_HC
PPP2R1B,0.62167,-1.1441,1.1322,-1.0105,0.31224,,Mast,UC_vs_HC
ALG9,0.16168,0.49622,2.1671,0.22898,0.81888,,Mast,UC_vs_HC
FDXACB1,0.10953,-0.059763,2.1992,-0.027175,0.97832,,Mast,UC_vs_HC
C11orf1,1.2438,-1.4833,0.90234,-1.6438,0.10022,0.99956,Mast,UC_vs_HC
CRYAB,0.3129,1.3326,4.0556,0.32858,0.74247,,Mast,UC_vs_HC
DIXDC1,0.26558,0.79738,4.1294,0.1931,0.84688,,Mast,UC_vs_HC
DLAT,0.3038,-0.92018,1.6587,-0.55476,0.57906,,Mast,UC_vs_HC
PIH1D2,0.0134,0.3681,4.0861,0.090086,0.92822,,Mast,UC_vs_HC
NKAPD1,2.2288,0.60121,0.61769,0.97332,0.33039,0.99956,Mast,UC_vs_HC
TIMM8B,7.0198,-0.10238,0.4413,-0.23199,0.81654,0.99956,Mast,UC_vs_HC
SDHD,7.104,0.40454,0.34842,1.1611,0.24561,0.99956,Mast,UC_vs_HC
IL18,10.517,-0.3198,0.46703,-0.68476,0.4935,0.99956,Mast,UC_vs_HC
BCO2,0.29509,0.56139,1.261,0.4452,0.65618,,Mast,UC_vs_HC
PTS,3.0964,-0.1123,0.67361,-0.16671,0.8676,0.99956,Mast,UC_vs_HC
AP002884.4,0.043089,1.2415,4.0577,0.30596,0.75964,,Mast,UC_vs_HC
AP002884.1,0.29607,0.078893,1.7891,0.044096,0.96483,,Mast,UC_vs_HC
TTC12,0.11924,-0.26603,3.8517,-0.069068,0.94494,,Mast,UC_vs_HC
DRD2,0.10038,0.12954,2.3154,0.055945,0.95539,,Mast,UC_vs_HC
TMPRSS5,0.064474,0.59268,4.1488,0.14286,0.8864,,Mast,UC_vs_HC
ZW10,0.37721,0.74232,1.4569,0.50953,0.61038,,Mast,UC_vs_HC
USP28,0.67616,1.5033,1.3424,1.1199,0.26276,,Mast,UC_vs_HC
ZBTB16,1.8004,-0.012043,1.0591,-0.011371,0.99093,0.99956,Mast,UC_vs_HC
NNMT,0.13503,0.22267,3.6373,0.061218,0.95119,,Mast,UC_vs_HC
AP002518.1,0.018728,0.70632,4.1361,0.17077,0.86441,,Mast,UC_vs_HC
C11orf71,0.3144,-1.4841,1.6937,-0.87625,0.3809,,Mast,UC_vs_HC
RBM7,4.4521,-0.5295,0.47236,-1.121,0.2623,0.99956,Mast,UC_vs_HC
REXO2,4.1668,0.046896,0.47854,0.097999,0.92193,0.99956,Mast,UC_vs_HC
NXPE1,0.059765,0.024139,4.0722,0.0059277,0.99527,,Mast,UC_vs_HC
CADM1,1.4615,0.14103,0.87468,0.16123,0.87191,0.99956,Mast,UC_vs_HC
LINC00900,0.35434,0.35967,1.2685,0.28354,0.77676,,Mast,UC_vs_HC
BUD13,0.80264,1.9286,1.6805,1.1476,0.25112,,Mast,UC_vs_HC
ZPR1,2.165,0.8641,0.72432,1.193,0.23288,0.99956,Mast,UC_vs_HC
SIK3,1.4516,0.040503,0.8234,0.04919,0.96077,0.99956,Mast,UC_vs_HC
AP000936.1,0.0134,0.3681,4.0861,0.090086,0.92822,,Mast,UC_vs_HC
PAFAH1B2,4.298,1.3145,0.50941,2.5805,0.0098669,0.69258,Mast,UC_vs_HC
SIDT2,0.81896,-0.58012,1.0078,-0.57566,0.56485,,Mast,UC_vs_HC
TAGLN,0.29336,-1.036,1.466,-0.70667,0.47977,,Mast,UC_vs_HC
PCSK7,3.5003,-0.39162,0.54253,-0.72184,0.47039,0.99956,Mast,UC_vs_HC
RNF214,0.75951,-0.0083349,1.1318,-0.0073641,0.99412,,Mast,UC_vs_HC
BACE1,0.075034,0.22307,3.2718,0.068181,0.94564,,Mast,UC_vs_HC
BACE1-AS,0.0268,0.16572,4.0548,0.040869,0.9674,,Mast,UC_vs_HC
CEP164,1.3919,-0.80201,0.77994,-1.0283,0.30381,0.99956,Mast,UC_vs_HC
AP001554.1,0.0134,0.3681,4.0861,0.090086,0.92822,,Mast,UC_vs_HC
TMPRSS13,0.026346,1.1367,4.0708,0.27924,0.78006,,Mast,UC_vs_HC
IL10RA,0.48074,2.6881,1.4941,1.7992,0.071993,,Mast,UC_vs_HC
TMPRSS4,0.059765,0.024139,4.0722,0.0059277,0.99527,,Mast,UC_vs_HC
JAML,0.039745,0.81098,2.9497,0.27494,0.78337,,Mast,UC_vs_HC
MPZL3,0.13491,0.7753,3.3493,0.23148,0.81694,,Mast,UC_vs_HC
MPZL2,0.10365,1.2415,4.0577,0.30596,0.75964,,Mast,UC_vs_HC
CD3E,0.29668,1.5981,2.1577,0.74066,0.4589,,Mast,UC_vs_HC
CD3D,0.32689,-0.5318,3.045,-0.17465,0.86136,,Mast,UC_vs_HC
CD3G,0.15408,0.072619,2.5289,0.028716,0.97709,,Mast,UC_vs_HC
UBE4A,1.7939,-0.0098606,0.69428,-0.014203,0.98867,0.99956,Mast,UC_vs_HC
ATP5MG,47.758,-0.092763,0.18823,-0.49281,0.62215,0.99956,Mast,UC_vs_HC
AP001267.2,0.079045,0.55747,4.1549,0.13417,0.89327,,Mast,UC_vs_HC
KMT2A,3.9798,0.64159,0.49611,1.2932,0.19593,0.99956,Mast,UC_vs_HC
TMEM25,0.088627,0.56797,2.2137,0.25657,0.79751,,Mast,UC_vs_HC
IFT46,0.32519,2.1993,1.5441,1.4243,0.15435,,Mast,UC_vs_HC
ARCN1,3.5374,-0.18401,0.5395,-0.34107,0.73305,0.99956,Mast,UC_vs_HC
PHLDB1,0.3996,-1.8392,1.8501,-0.99408,0.32018,,Mast,UC_vs_HC
DDX6,9.9969,0.21725,0.34887,0.62272,0.53347,0.99956,Mast,UC_vs_HC
AP004609.3,0.14918,0.13505,1.6291,0.0829,0.93393,,Mast,UC_vs_HC
CXCR5,0.16623,0.81596,4.1287,0.19763,0.84334,,Mast,UC_vs_HC
BCL9L,0.35494,0.18233,1.6059,0.11353,0.90961,,Mast,UC_vs_HC
AP003392.4,0.097449,0.73069,4.1338,0.17676,0.8597,,Mast,UC_vs_HC
CCDC84,1.754,0.23315,0.70317,0.33157,0.74021,0.99956,Mast,UC_vs_HC
RPS25,182.13,-0.58915,0.2742,-2.1486,0.031666,0.89594,Mast,UC_vs_HC
TRAPPC4,6.4331,0.17499,0.43246,0.40463,0.68575,0.99956,Mast,UC_vs_HC
SLC37A4,0.052922,0.24161,3.2428,0.074505,0.94061,,Mast,UC_vs_HC
HYOU1,2.0893,-0.15193,0.68874,-0.22059,0.82541,0.99956,Mast,UC_vs_HC
AP003392.6,0.23889,0.8392,1.6277,0.51558,0.60615,,Mast,UC_vs_HC
VPS11,1.1046,-0.40166,0.81447,-0.49315,0.62191,,Mast,UC_vs_HC
HMBS,0.20961,-0.42033,1.3402,-0.31363,0.7538,,Mast,UC_vs_HC
H2AFX,1.5185,-0.30999,0.83926,-0.36936,0.71186,0.99956,Mast,UC_vs_HC
DPAGT1,0.77604,0.52696,0.91203,0.57779,0.5634,,Mast,UC_vs_HC
C2CD2L,0.56194,-0.43383,1.4814,-0.29285,0.76964,,Mast,UC_vs_HC
HINFP,0.45037,-0.53786,1.3906,-0.38678,0.69892,,Mast,UC_vs_HC
NLRX1,0.08471,0.23513,1.6984,0.13844,0.88989,,Mast,UC_vs_HC
PDZD3,0.0134,0.3681,4.0861,0.090086,0.92822,,Mast,UC_vs_HC
CCDC153,0.10532,0.69126,2.3194,0.29804,0.76567,,Mast,UC_vs_HC
CBL,1.4776,1.0403,0.89929,1.1568,0.24734,0.99956,Mast,UC_vs_HC
RNF26,0.4755,-0.2828,1.281,-0.22076,0.82528,,Mast,UC_vs_HC
THY1,0.075157,-0.26501,4,-0.066252,0.94718,,Mast,UC_vs_HC
NECTIN1,0.15292,0.0067648,1.8831,0.0035923,0.99713,,Mast,UC_vs_HC
OAF,1.0679,-1.2744,1.13,-1.1277,0.25943,,Mast,UC_vs_HC
TMEM136,0.079159,-0.28658,2.1515,-0.1332,0.89404,,Mast,UC_vs_HC
ARHGEF12,2.3965,-0.50344,0.83839,-0.60048,0.54818,0.99956,Mast,UC_vs_HC
AP004147.1,0.018728,0.70632,4.1361,0.17077,0.86441,,Mast,UC_vs_HC
TBCEL,0.051171,0.51223,3.1431,0.16297,0.87054,,Mast,UC_vs_HC
TECTA,0.043089,1.2415,4.0577,0.30596,0.75964,,Mast,UC_vs_HC
SC5D,0.45248,0.91893,1.4155,0.64921,0.5162,,Mast,UC_vs_HC
SORL1,2.9131,0.13269,0.69989,0.18959,0.84963,0.99956,Mast,UC_vs_HC
UBASH3B,0.63812,0.31578,1.1383,0.27742,0.78146,,Mast,UC_vs_HC
JHY,0.095395,0.86535,1.8306,0.47272,0.63641,,Mast,UC_vs_HC
HSPA8,50.279,-1.1827,0.29241,-4.0446,5.2417e-05,0.048434,Mast,UC_vs_HC
CLMP,0.037578,0.16073,4.0541,0.039647,0.96837,,Mast,UC_vs_HC
GRAMD1B,0.35243,1.2771,4.0536,0.31506,0.75272,,Mast,UC_vs_HC
ZNF202,0.18455,1.4325,1.6628,0.8615,0.38896,,Mast,UC_vs_HC
VWA5A,48.02,-0.13485,0.36202,-0.37249,0.70953,0.99956,Mast,UC_vs_HC
OR8G5,0.11269,-0.36042,2.3649,-0.1524,0.87887,,Mast,UC_vs_HC
OR8D1,0.018728,0.70632,4.1361,0.17077,0.86441,,Mast,UC_vs_HC
OR8A1,0.12609,0.19712,3.6087,0.054624,0.95644,,Mast,UC_vs_HC
TBRG1,4.9807,-0.30401,0.48174,-0.63107,0.528,0.99956,Mast,UC_vs_HC
SIAE,0.086596,0.64256,3.4478,0.18637,0.85216,,Mast,UC_vs_HC
SPA17,0.13541,-0.61954,3.4218,-0.18106,0.85632,,Mast,UC_vs_HC
NRGN,0.33925,1.7712,3.8202,0.46365,0.6429,,Mast,UC_vs_HC
VSIG2,0.0134,0.3681,4.0861,0.090086,0.92822,,Mast,UC_vs_HC
AP000866.2,0.1639,0.70727,3.8719,0.18267,0.85506,,Mast,UC_vs_HC
MSANTD2,0.23632,0.48268,1.3946,0.34609,0.72927,,Mast,UC_vs_HC
ROBO3,0.23435,-0.42871,1.618,-0.26496,0.79104,,Mast,UC_vs_HC
CCDC15,0.16714,0.069811,1.6653,0.041922,0.96656,,Mast,UC_vs_HC
SLC37A2,0.058365,-0.18981,1.9992,-0.094943,0.92436,,Mast,UC_vs_HC
TMEM218,1.6027,0.054043,0.72883,0.07415,0.94089,0.99956,Mast,UC_vs_HC
FEZ1,0.0134,0.3681,4.0861,0.090086,0.92822,,Mast,UC_vs_HC
EI24,1.3878,0.29671,0.86361,0.34357,0.73117,0.99956,Mast,UC_vs_HC
STT3A,1.5527,0.41974,0.72029,0.58275,0.56006,0.99956,Mast,UC_vs_HC
CHEK1,0.044965,0.057449,3.1839,0.018044,0.9856,,Mast,UC_vs_HC
AP000842.3,0.026237,0.024139,4.0722,0.0059277,0.99527,,Mast,UC_vs_HC
HYLS1,0.14918,0.13505,1.6291,0.0829,0.93393,,Mast,UC_vs_HC
PUS3,0.37803,0.020765,1.4203,0.01462,0.98834,,Mast,UC_vs_HC
DDX25,0.043089,1.2415,4.0577,0.30596,0.75964,,Mast,UC_vs_HC
RPUSD4,0.86562,-1.3012,1.1166,-1.1653,0.24388,,Mast,UC_vs_HC
FAM118B,0.15453,-0.81806,2.5396,-0.32212,0.74736,,Mast,UC_vs_HC
SRPRA,5.1575,-0.033092,0.42023,-0.078748,0.93723,0.99956,Mast,UC_vs_HC
FOXRED1,0.72997,0.42751,1.1744,0.36402,0.71585,,Mast,UC_vs_HC
TIRAP,0.15257,1.4295,1.7447,0.81933,0.4126,,Mast,UC_vs_HC
AP001318.2,0.07365,-0.053317,3.1259,-0.017057,0.98639,,Mast,UC_vs_HC
DCPS,3.3871,0.32991,0.55776,0.5915,0.55419,0.99956,Mast,UC_vs_HC
GSEC,0.50443,1.4907,1.4058,1.0604,0.28898,,Mast,UC_vs_HC
ST3GAL4,2.3459,0.254,0.88108,0.28828,0.77313,0.99956,Mast,UC_vs_HC
ETS1,2.2442,1.1696,0.85019,1.3757,0.1689,0.99956,Mast,UC_vs_HC
FLI1,1.8449,1.0938,0.74135,1.4754,0.1401,0.99956,Mast,UC_vs_HC
SENCR,0.26458,2.1652,1.4757,1.4673,0.14231,,Mast,UC_vs_HC
C11orf45,0.018728,0.70632,4.1361,0.17077,0.86441,,Mast,UC_vs_HC
ARHGAP32,0.4129,1.0002,2.0285,0.49307,0.62196,,Mast,UC_vs_HC
TMEM45B,0.037578,0.16073,4.0541,0.039647,0.96837,,Mast,UC_vs_HC
NFRKB,0.49073,0.56478,1.0186,0.55446,0.57927,,Mast,UC_vs_HC
PRDM10,0.16332,1.0928,2.5575,0.42731,0.66916,,Mast,UC_vs_HC
LINC00167,0.0134,0.3681,4.0861,0.090086,0.92822,,Mast,UC_vs_HC
APLP2,4.2982,-0.3205,0.73914,-0.43361,0.66457,0.99956,Mast,UC_vs_HC
ST14,0.71643,0.59232,0.96518,0.61369,0.53942,,Mast,UC_vs_HC
ZBTB44,1.7254,0.53612,0.75432,0.71073,0.47725,0.99956,Mast,UC_vs_HC
LINC02551,0.052583,0.46401,3.1249,0.14849,0.88196,,Mast,UC_vs_HC
AP003486.1,0.21196,1.8882,1.9827,0.9523,0.34095,,Mast,UC_vs_HC
SNX19,0.67446,0.37163,1.1158,0.33305,0.7391,,Mast,UC_vs_HC
NTM,1.8705,-0.56582,1.4413,-0.39257,0.69464,0.99956,Mast,UC_vs_HC
AP003025.2,0.20184,1.2886,2.8365,0.45427,0.64963,,Mast,UC_vs_HC
JAM3,0.078978,0.19903,3.3292,0.059784,0.95233,,Mast,UC_vs_HC
NCAPD3,1.4345,0.18991,1.0323,0.18398,0.85403,0.99956,Mast,UC_vs_HC
VPS26B,1.6227,0.77637,1.1078,0.70079,0.48344,0.99956,Mast,UC_vs_HC
THYN1,4.5064,0.27197,0.47323,0.57471,0.56549,0.99956,Mast,UC_vs_HC
ACAD8,0.52886,-0.6989,1.2411,-0.56312,0.57335,,Mast,UC_vs_HC
GLB1L2,0.059765,0.024139,4.0722,0.0059277,0.99527,,Mast,UC_vs_HC
ZMYND11,2.3638,0.28929,0.63246,0.4574,0.64739,0.99956,Mast,UC_vs_HC
DIP2C,1.8322,-0.47274,0.75226,-0.62842,0.52973,0.99956,Mast,UC_vs_HC
AL358216.1,0.077408,0.073633,3.3915,0.021711,0.98268,,Mast,UC_vs_HC
PRR26,0.1119,0.89684,2.3629,0.37956,0.70427,,Mast,UC_vs_HC
LARP4B,1.1299,0.59299,1.0041,0.59054,0.55483,0.99956,Mast,UC_vs_HC
GTPBP4,3.265,-0.49444,0.52842,-0.9357,0.34943,0.99956,Mast,UC_vs_HC
IDI2,0.018728,0.70632,4.1361,0.17077,0.86441,,Mast,UC_vs_HC
IDI1,9.3804,0.039816,0.39654,0.10041,0.92002,0.99956,Mast,UC_vs_HC
WDR37,0.62051,-0.17476,1.2923,-0.13523,0.89243,,Mast,UC_vs_HC
AC024908.1,0.039522,0.59268,4.1488,0.14286,0.8864,,Mast,UC_vs_HC
AL713851.1,0.037578,0.16073,4.0541,0.039647,0.96837,,Mast,UC_vs_HC
PFKP,3.5727,0.24814,0.79397,0.31253,0.75464,0.99956,Mast,UC_vs_HC
PITRM1,0.59223,1.0593,1.2169,0.87045,0.38405,,Mast,UC_vs_HC
KLF6,73.624,0.20612,0.30807,0.66908,0.50345,0.99956,Mast,UC_vs_HC
AKR1C3,0.051279,1.4865,2.8551,0.52065,0.60261,,Mast,UC_vs_HC
NET1,0.90427,-0.53215,0.97448,-0.54609,0.58501,,Mast,UC_vs_HC
CALML3-AS1,0.026237,0.024139,4.0722,0.0059277,0.99527,,Mast,UC_vs_HC
ASB13,0.053037,-0.40462,3.0583,-0.1323,0.89475,,Mast,UC_vs_HC
FAM208B,1.6132,1.8102,1.2535,1.4442,0.14869,0.99956,Mast,UC_vs_HC
GDI2,7.1542,0.36856,0.38842,0.94888,0.34268,0.99956,Mast,UC_vs_HC
ANKRD16,0.13125,1.9186,2.2124,0.86722,0.38582,,Mast,UC_vs_HC
FBH1,1.5109,-0.037356,0.79458,-0.047014,0.9625,0.99956,Mast,UC_vs_HC
IL15RA,0.21928,1.4293,1.9951,0.71644,0.47372,,Mast,UC_vs_HC
IL2RA,1.7032,4.2933,1.5036,2.8553,0.0042995,0.54688,Mast,UC_vs_HC
RBM17,4.6273,-0.27038,0.84852,-0.31866,0.74999,0.99956,Mast,UC_vs_HC
PFKFB3,1.6957,0.94076,0.81679,1.1518,0.24941,0.99956,Mast,UC_vs_HC
AL137145.2,0.083202,0.61127,3.3445,0.18277,0.85498,,Mast,UC_vs_HC
PRKCQ,0.27606,0.058939,2.3292,0.025305,0.97981,,Mast,UC_vs_HC
LINC00707,0.039522,0.59268,4.1488,0.14286,0.8864,,Mast,UC_vs_HC
SFMBT2,0.219,0.94959,2.0536,0.4624,0.6438,,Mast,UC_vs_HC
ITIH5,0.037578,0.16073,4.0541,0.039647,0.96837,,Mast,UC_vs_HC
KIN,2.6524,-0.025776,0.5755,-0.044788,0.96428,0.99956,Mast,UC_vs_HC
ATP5F1C,19.746,0.1015,0.28613,0.35471,0.7228,0.99956,Mast,UC_vs_HC
TAF3,1.8878,-0.33296,0.83616,-0.3982,0.69049,0.99956,Mast,UC_vs_HC
GATA3,0.026237,0.024139,4.0722,0.0059277,0.99527,,Mast,UC_vs_HC
CELF2,14.981,0.50429,0.34133,1.4774,0.13956,0.99956,Mast,UC_vs_HC
USP6NL,0.51006,0.67901,1.4773,0.45963,0.64578,,Mast,UC_vs_HC
ECHDC3,0.058365,-0.18981,1.9992,-0.094943,0.92436,,Mast,UC_vs_HC
UPF2,6.9512,0.024656,0.43488,0.056697,0.95479,0.99956,Mast,UC_vs_HC
DHTKD1,0.65306,1.5886,1.0341,1.5361,0.12451,,Mast,UC_vs_HC
SEC61A2,0.20752,0.80085,1.5995,0.5007,0.61658,,Mast,UC_vs_HC
NUDT5,4.6078,0.21893,0.5876,0.37258,0.70946,0.99956,Mast,UC_vs_HC
CDC123,2.104,-0.43579,0.62698,-0.69506,0.48702,0.99956,Mast,UC_vs_HC
AL512770.1,0.039522,0.59268,4.1488,0.14286,0.8864,,Mast,UC_vs_HC
CAMK1D,0.88859,2.5903,1.5037,1.7226,0.084965,,Mast,UC_vs_HC
CCDC3,0.037578,0.16073,4.0541,0.039647,0.96837,,Mast,UC_vs_HC
OPTN,5.7553,0.12965,0.45213,0.28674,0.77431,0.99956,Mast,UC_vs_HC
PHYH,3.7257,0.089763,0.55167,0.16271,0.87075,0.99956,Mast,UC_vs_HC
SEPHS1,0.76728,-0.12634,1.2817,-0.098566,0.92148,,Mast,UC_vs_HC
BEND7,0.1327,1.7724,1.5973,1.1097,0.26714,,Mast,UC_vs_HC
PRPF18,2.6385,-0.23754,0.55725,-0.42627,0.66991,0.99956,Mast,UC_vs_HC
AL157392.5,0.22171,0.8169,2.8888,0.28279,0.77734,,Mast,UC_vs_HC
FRMD4A,0.43933,-0.33204,1.8089,-0.18356,0.85436,,Mast,UC_vs_HC
FAM107B,20.554,-0.46225,0.57089,-0.80969,0.41812,0.99956,Mast,UC_vs_HC
CDNF,0.026237,0.024139,4.0722,0.0059277,0.99527,,Mast,UC_vs_HC
HSPA14,1.007,-0.36511,0.86196,-0.42358,0.67187,,Mast,UC_vs_HC
HSPA14-1,2.5251,0.20764,0.63418,0.32742,0.74335,0.99956,Mast,UC_vs_HC
AC069544.1,0.11264,0.82011,3.34,0.24554,0.80604,,Mast,UC_vs_HC
SUV39H2,0.090802,1.4471,2.1672,0.66772,0.50431,,Mast,UC_vs_HC
DCLRE1C,1.2003,1.0726,0.93536,1.1467,0.25149,0.99956,Mast,UC_vs_HC
OLAH,0.10737,0.16073,4.0541,0.039647,0.96837,,Mast,UC_vs_HC
RPP38,1.643,1.6666,0.94598,1.7618,0.0781,0.99956,Mast,UC_vs_HC
NMT2,4.8072,-0.43938,0.51159,-0.85885,0.39042,0.99956,Mast,UC_vs_HC
FAM171A1,0.22566,-0.34078,1.7466,-0.19511,0.84531,,Mast,UC_vs_HC
MINDY3,0.67037,1.593,1.0992,1.4493,0.14727,,Mast,UC_vs_HC
PTER,1.1353,0.94968,0.9146,1.0384,0.2991,0.99956,Mast,UC_vs_HC
RSU1,3.0008,0.097156,0.56102,0.17318,0.86251,0.99956,Mast,UC_vs_HC
CUBN,0.23658,1.3787,1.7002,0.81089,0.41743,,Mast,UC_vs_HC
AC067747.1,0.11082,0.78553,4.13,0.1902,0.84915,,Mast,UC_vs_HC
TRDMT1,0.54295,-0.37595,1.1402,-0.32972,0.74161,,Mast,UC_vs_HC
VIM-AS1,1.9005,0.0055821,1.0326,0.0054058,0.99569,0.99956,Mast,UC_vs_HC
VIM,421.44,-0.1796,0.58508,-0.30697,0.75887,0.99956,Mast,UC_vs_HC
AL133415.1,0.043089,1.2415,4.0577,0.30596,0.75964,,Mast,UC_vs_HC
ST8SIA6,2.1588,-0.51971,0.69599,-0.74672,0.45523,0.99956,Mast,UC_vs_HC
ST8SIA6-AS1,0.059765,0.024139,4.0722,0.0059277,0.99527,,Mast,UC_vs_HC
HACD1,1.5893,-1.1698,0.97747,-1.1967,0.23141,0.99956,Mast,UC_vs_HC
STAM-AS1,0.29415,0.39091,1.8035,0.21675,0.8284,,Mast,UC_vs_HC
STAM,3.3957,0.1604,0.55977,0.28655,0.77446,0.99956,Mast,UC_vs_HC
TMEM236,0.090711,0.003449,3.4876,0.00098893,0.99921,,Mast,UC_vs_HC
CACNB2,0.18183,-0.89072,1.7255,-0.51622,0.6057,,Mast,UC_vs_HC
AL450384.2,0.23942,1.3134,1.5249,0.86128,0.38908,,Mast,UC_vs_HC
NSUN6,6.2666,-0.83616,0.5902,-1.4167,0.15656,0.99956,Mast,UC_vs_HC
ARL5B,19.281,-1.2317,0.788,-1.5631,0.11803,0.99956,Mast,UC_vs_HC
AL157895.1,23.711,-0.49267,0.30498,-1.6154,0.10622,0.99956,Mast,UC_vs_HC
PLXDC2,2.3253,-1.1273,0.66454,-1.6963,0.089822,0.99956,Mast,UC_vs_HC
CASC10,0.026346,1.1367,4.0708,0.27924,0.78006,,Mast,UC_vs_HC
SKIDA1,0.055411,0.73069,4.1338,0.17676,0.8597,,Mast,UC_vs_HC
MLLT10,2.2165,-0.030219,0.72436,-0.041718,0.96672,0.99956,Mast,UC_vs_HC
DNAJC1,2.3606,-0.39342,0.92617,-0.42478,0.67099,0.99956,Mast,UC_vs_HC
COMMD3,7.2674,0.075274,0.36115,0.20843,0.83489,0.99956,Mast,UC_vs_HC
BMI1,2.4264,-0.5142,0.99798,-0.51524,0.60638,0.99956,Mast,UC_vs_HC
SPAG6,0.097706,0.22156,3.4618,0.064002,0.94897,,Mast,UC_vs_HC
PIP4K2A,6.4414,0.1213,0.49426,0.24541,0.80614,0.99956,Mast,UC_vs_HC
MSRB2,2.2026,-0.28172,1.5997,-0.17611,0.86021,0.99956,Mast,UC_vs_HC
OTUD1,0.32764,0.07191,1.4304,0.050273,0.9599,,Mast,UC_vs_HC
KIAA1217,0.26558,0.79738,4.1294,0.1931,0.84688,,Mast,UC_vs_HC
ARHGAP21,1.4158,0.49423,0.66149,0.74714,0.45498,0.99956,Mast,UC_vs_HC
PRTFDC1,0.20634,0.13975,1.7401,0.080314,0.93599,,Mast,UC_vs_HC
AL512598.1,0.026346,1.1367,4.0708,0.27924,0.78006,,Mast,UC_vs_HC
THNSL1,0.09951,0.15461,2.1719,0.071184,0.94325,,Mast,UC_vs_HC
APBB1IP,2.3015,1.0358,0.84756,1.2221,0.22166,0.99956,Mast,UC_vs_HC
PDSS1,0.15834,-0.46195,2.2019,-0.20979,0.83383,,Mast,UC_vs_HC
ABI1,3.6209,-0.16059,0.59935,-0.26794,0.78874,0.99956,Mast,UC_vs_HC
ANKRD26,0.64616,-0.24099,1.1972,-0.2013,0.84046,,Mast,UC_vs_HC
YME1L1,14.507,-0.80059,0.47808,-1.6746,0.094011,0.99956,Mast,UC_vs_HC
MASTL,0.36446,1.046,1.5246,0.68611,0.49264,,Mast,UC_vs_HC
ACBD5,1.0085,0.023155,0.91453,0.02532,0.9798,,Mast,UC_vs_HC
AL160291.1,0.037578,0.16073,4.0541,0.039647,0.96837,,Mast,UC_vs_HC
RAB18,4.5199,0.8597,0.52003,1.6532,0.098293,0.99956,Mast,UC_vs_HC
WAC-AS1,1.4621,1.0494,0.9091,1.1544,0.24835,0.99956,Mast,UC_vs_HC
WAC,4.6581,0.33694,0.50624,0.66558,0.50568,0.99956,Mast,UC_vs_HC
BAMBI,0.25435,-0.47322,1.6057,-0.29471,0.76822,,Mast,UC_vs_HC
SVIL,0.52981,1.4731,1.6267,0.9056,0.36515,,Mast,UC_vs_HC
JCAD,0.17467,-0.31176,1.6907,-0.18439,0.8537,,Mast,UC_vs_HC
MTPAP,0.72618,-0.37518,1.0715,-0.35014,0.72623,,Mast,UC_vs_HC
MAP3K8,14.057,-0.28582,0.49155,-0.58148,0.56092,0.99956,Mast,UC_vs_HC
ZNF438,0.092219,-0.17888,2.023,-0.088424,0.92954,,Mast,UC_vs_HC
AL356258.1,0.064474,0.59268,4.1488,0.14286,0.8864,,Mast,UC_vs_HC
ZEB1-AS1,0.3263,1.0549,3.8138,0.27659,0.78209,,Mast,UC_vs_HC
ZEB1,0.083202,0.61127,3.3445,0.18277,0.85498,,Mast,UC_vs_HC
AL161935.3,0.0134,0.3681,4.0861,0.090086,0.92822,,Mast,UC_vs_HC
KIF5B,7.8098,0.65737,0.44771,1.4683,0.14202,0.99956,Mast,UC_vs_HC
EPC1,10.289,-0.64565,0.48743,-1.3246,0.18531,0.99956,Mast,UC_vs_HC
CCDC7,0.62873,0.69831,1.4052,0.49694,0.61923,,Mast,UC_vs_HC
ITGB1,4.9815,-0.87829,0.58517,-1.5009,0.13337,0.99956,Mast,UC_vs_HC
NRP1,0.14619,0.44322,3.5882,0.12352,0.90169,,Mast,UC_vs_HC
CUL2,2.1092,0.48923,0.82899,0.59015,0.55509,0.99956,Mast,UC_vs_HC
CREM,57.668,-0.22034,0.37178,-0.59267,0.5534,0.99956,Mast,UC_vs_HC
CCNY,1.2765,0.72901,1.0765,0.67721,0.49827,0.99956,Mast,UC_vs_HC
AL117336.3,0.23679,0.58833,2.7059,0.21743,0.82788,,Mast,UC_vs_HC
AL132657.1,0.0134,0.3681,4.0861,0.090086,0.92822,,Mast,UC_vs_HC
ZNF248,0.28841,-0.90198,1.888,-0.47774,0.63283,,Mast,UC_vs_HC
AL135791.1,0.15351,0.29515,1.9266,0.15319,0.87825,,Mast,UC_vs_HC
ZNF25,0.43298,-0.31881,1.1883,-0.26829,0.78848,,Mast,UC_vs_HC
ZNF33A,2.6127,-0.051605,0.64762,-0.079684,0.93649,0.99956,Mast,UC_vs_HC
ZNF37A,1.9516,-0.92167,0.63788,-1.4449,0.14849,0.99956,Mast,UC_vs_HC
AL117339.5,0.5976,1.1102,1.0687,1.0388,0.2989,,Mast,UC_vs_HC
LINC00839,0.026346,1.1367,4.0708,0.27924,0.78006,,Mast,UC_vs_HC
ZNF33B,0.23521,0.21838,2.0254,0.10782,0.91414,,Mast,UC_vs_HC
BMS1,2.4274,0.0052393,0.75661,0.0069247,0.99447,0.99956,Mast,UC_vs_HC
LINC01264,0.32502,0.20057,1.3726,0.14613,0.88382,,Mast,UC_vs_HC
RET,0.44136,-0.99499,1.4776,-0.6734,0.50069,,Mast,UC_vs_HC
AC010864.1,0.0134,0.3681,4.0861,0.090086,0.92822,,Mast,UC_vs_HC
CSGALNACT2,2.1855,0.94655,0.68636,1.3791,0.16787,0.99956,Mast,UC_vs_HC
HNRNPF,12.887,0.48519,0.34705,1.398,0.1621,0.99956,Mast,UC_vs_HC
AL450326.1,0.0268,0.16572,4.0548,0.040869,0.9674,,Mast,UC_vs_HC
ZNF487,0.36209,0.49399,1.1245,0.43929,0.66045,,Mast,UC_vs_HC
ZNF239,0.06025,0.16073,4.0541,0.039647,0.96837,,Mast,UC_vs_HC
ZNF485,0.069326,0.62141,3.2415,0.1917,0.84797,,Mast,UC_vs_HC
ZNF32,1.573,-0.30557,0.89862,-0.34005,0.73382,0.99956,Mast,UC_vs_HC
ZNF32-AS2,0.0134,0.3681,4.0861,0.090086,0.92822,,Mast,UC_vs_HC
CXCL12,0.037578,0.16073,4.0541,0.039647,0.96837,,Mast,UC_vs_HC
RASSF4,0.0134,0.3681,4.0861,0.090086,0.92822,,Mast,UC_vs_HC
C10orf25,0.38209,1.8762,1.5304,1.2259,0.22023,,Mast,UC_vs_HC
ZNF22,4.537,-0.67063,0.52778,-1.2707,0.20385,0.99956,Mast,UC_vs_HC
OR13A1,0.066322,0.021243,3.4078,0.0062337,0.99503,,Mast,UC_vs_HC
ALOX5,14.063,-0.031227,0.37031,-0.084327,0.9328,0.99956,Mast,UC_vs_HC
AL731567.1,0.018728,0.70632,4.1361,0.17077,0.86441,,Mast,UC_vs_HC
MARCH8,1.8896,-0.076461,0.81886,-0.093375,0.92561,0.99956,Mast,UC_vs_HC
ZFAND4,0.27831,-0.20114,1.3573,-0.14819,0.88219,,Mast,UC_vs_HC
WASHC2C,0.98807,0.018404,1.0214,0.018017,0.98563,,Mast,UC_vs_HC
AGAP4,0.26836,-0.76938,1.8301,-0.42041,0.67419,,Mast,UC_vs_HC
TIMM23,1.009,0.54283,1.315,0.41281,0.67974,,Mast,UC_vs_HC
NCOA4,8.8891,-0.045801,0.43136,-0.10618,0.91544,0.99956,Mast,UC_vs_HC
LINC00842,0.026346,1.1367,4.0708,0.27924,0.78006,,Mast,UC_vs_HC
SYT15,0.17661,-0.25552,2.0102,-0.12711,0.89885,,Mast,UC_vs_HC
AL356056.1,0.0134,0.3681,4.0861,0.090086,0.92822,,Mast,UC_vs_HC
ZNF488,0.097449,0.73069,4.1338,0.17676,0.8597,,Mast,UC_vs_HC
ANXA8,0.0134,0.3681,4.0861,0.090086,0.92822,,Mast,UC_vs_HC
AGAP9,0.13765,0.097804,3.6415,0.026858,0.97857,,Mast,UC_vs_HC
MAPK8,1.1492,0.45059,1.0304,0.43729,0.6619,0.99956,Mast,UC_vs_HC
ARHGAP22,0.42567,-0.81866,1.2882,-0.6355,0.5251,,Mast,UC_vs_HC
WDFY4,0.27508,-1.315,1.5778,-0.83345,0.40459,,Mast,UC_vs_HC
VSTM4,0.17497,0.95765,1.9483,0.49154,0.62304,,Mast,UC_vs_HC
FAM170B,0.086596,0.64256,3.4478,0.18637,0.85216,,Mast,UC_vs_HC
TMEM273,6.389,1.0004,0.56696,1.7645,0.07765,0.99956,Mast,UC_vs_HC
ERCC6,1.3424,-0.19549,1.0221,-0.19127,0.84831,0.99956,Mast,UC_vs_HC
OGDHL,0.018728,0.70632,4.1361,0.17077,0.86441,,Mast,UC_vs_HC
PARG,0.88246,0.21482,0.9767,0.21995,0.82591,,Mast,UC_vs_HC
TIMM23B,0.27974,1.6619,1.8538,0.89646,0.37001,,Mast,UC_vs_HC
AGAP6,0.25699,-1.7938,1.6256,-1.1035,0.26983,,Mast,UC_vs_HC
WASHC2A,0.92315,-0.24632,0.97064,-0.25377,0.79968,,Mast,UC_vs_HC
SGMS1,0.57497,0.57312,1.4129,0.40563,0.68501,,Mast,UC_vs_HC
SGMS1-AS1,0.05825,0.61256,3.152,0.19434,0.84591,,Mast,UC_vs_HC
A1CF,0.026237,0.024139,4.0722,0.0059277,0.99527,,Mast,UC_vs_HC
CSTF2T,1.143,-1.1735,0.98106,-1.1961,0.23165,0.99956,Mast,UC_vs_HC
ZWINT,0.15809,0.54264,4.1583,0.1305,0.89617,,Mast,UC_vs_HC
IPMK,0.61522,-0.26833,1.4063,-0.19081,0.84868,,Mast,UC_vs_HC
CISD1,1.1281,-0.62339,0.99037,-0.62945,0.52905,0.99956,Mast,UC_vs_HC
UBE2D1,3.4227,-0.81535,0.74515,-1.0942,0.27387,0.99956,Mast,UC_vs_HC
TFAM,2.3694,-0.30594,0.72586,-0.42149,0.6734,0.99956,Mast,UC_vs_HC
BICC1,0.043089,1.2415,4.0577,0.30596,0.75964,,Mast,UC_vs_HC
SLC16A9,0.0268,0.16572,4.0548,0.040869,0.9674,,Mast,UC_vs_HC
CCDC6,1.8761,-0.83856,0.81434,-1.0297,0.30313,0.99956,Mast,UC_vs_HC
ANK3,0.20069,1.0071,2.066,0.4875,0.62591,,Mast,UC_vs_HC
AL592430.1,0.018728,0.70632,4.1361,0.17077,0.86441,,Mast,UC_vs_HC
CDK1,0.43475,0.48502,4.1648,0.11646,0.90729,,Mast,UC_vs_HC
RHOBTB1,0.056306,0.20097,3.1229,0.064354,0.94869,,Mast,UC_vs_HC
ARID5B,2.421,-0.29407,0.94035,-0.31273,0.75449,0.99956,Mast,UC_vs_HC
RTKN2,0.079045,0.55747,4.1549,0.13417,0.89327,,Mast,UC_vs_HC
ADO,0.23918,0.58759,1.325,0.44347,0.65742,,Mast,UC_vs_HC
EGR2,0.43515,0.15764,1.4639,0.10768,0.91425,,Mast,UC_vs_HC
NRBF2,2.5188,0.048476,0.58101,0.083435,0.93351,0.99956,Mast,UC_vs_HC
JMJD1C,12.435,-0.7772,0.41581,-1.8691,0.061606,0.98721,Mast,UC_vs_HC
DNAJC12,0.11074,-0.68973,2.1877,-0.31528,0.75255,,Mast,UC_vs_HC
AL133551.1,0.13279,0.73069,4.1338,0.17676,0.8597,,Mast,UC_vs_HC
SIRT1,1.4738,-0.35152,0.92961,-0.37814,0.70533,0.99956,Mast,UC_vs_HC
HERC4,3.3162,0.22824,0.47938,0.47611,0.63399,0.99956,Mast,UC_vs_HC
PBLD,0.037456,0.73093,4.1338,0.17682,0.85965,,Mast,UC_vs_HC
HNRNPH3,12.871,-0.097758,0.29488,-0.33152,0.74025,0.99956,Mast,UC_vs_HC
RUFY2,1.1098,0.37,0.78567,0.47094,0.63768,,Mast,UC_vs_HC
DNA2,0.12238,1.1192,3.4326,0.32604,0.74439,,Mast,UC_vs_HC
SLC25A16,0.4912,-0.83577,1.424,-0.58691,0.55727,,Mast,UC_vs_HC
TET1,0.27814,1.1363,1.4912,0.76205,0.44603,,Mast,UC_vs_HC
CCAR1,3.8098,0.078195,0.67401,0.11601,0.90764,0.99956,Mast,UC_vs_HC
STOX1,0.043089,1.2415,4.0577,0.30596,0.75964,,Mast,UC_vs_HC
DDX50,3.962,-0.68734,0.56387,-1.219,0.22286,0.99956,Mast,UC_vs_HC
DDX21,16.407,0.11643,0.32077,0.36297,0.71663,0.99956,Mast,UC_vs_HC
KIF1BP,1.1128,-0.10721,0.90492,-0.11848,0.90569,,Mast,UC_vs_HC
SRGN,405.3,0.32631,0.30393,1.0736,0.28298,0.99956,Mast,UC_vs_HC
VPS26A,4.2837,0.018603,0.48703,0.038198,0.96953,0.99956,Mast,UC_vs_HC
SUPV3L1,1.0386,-0.38463,0.78527,-0.48981,0.62427,,Mast,UC_vs_HC
HK1,2.1005,-0.17792,0.74555,-0.23864,0.81138,0.99956,Mast,UC_vs_HC
TACR2,0.0134,0.3681,4.0861,0.090086,0.92822,,Mast,UC_vs_HC
TSPAN15,0.15907,1.2747,3.8226,0.33347,0.73878,,Mast,UC_vs_HC
FAM241B,0.07365,-0.053317,3.1259,-0.017057,0.98639,,Mast,UC_vs_HC
COL13A1,2.0682,0.90189,0.77759,1.1599,0.24611,0.99956,Mast,UC_vs_HC
H2AFY2,0.17645,1.1631,2.2918,0.50747,0.61182,,Mast,UC_vs_HC
AIFM2,0.92902,1.1334,1.3037,0.86942,0.38462,,Mast,UC_vs_HC
TYSND1,0.15059,0.66248,2.4517,0.27022,0.78699,,Mast,UC_vs_HC
SAR1A,7.3253,-0.0013651,0.36835,-0.0037059,0.99704,0.99996,Mast,UC_vs_HC
PPA1,3.4126,0.13221,0.72153,0.18324,0.85461,0.99956,Mast,UC_vs_HC
LRRC20,0.0268,0.16572,4.0548,0.040869,0.9674,,Mast,UC_vs_HC
EIF4EBP2,1.8257,0.36253,0.95972,0.37775,0.70562,0.99956,Mast,UC_vs_HC
PALD1,0.065868,1.0247,3.2484,0.31546,0.75241,,Mast,UC_vs_HC
PRF1,0.075058,1.3326,4.0556,0.32858,0.74247,,Mast,UC_vs_HC
ADAMTS14,0.85512,-0.2256,1.1598,-0.19451,0.84578,,Mast,UC_vs_HC
SGPL1,1.4245,-1.5832,1.2093,-1.3093,0.19045,0.99956,Mast,UC_vs_HC
PCBD1,3.8765,-0.36768,0.49406,-0.74419,0.45676,0.99956,Mast,UC_vs_HC
UNC5B,1.7727,0.94441,0.73049,1.2928,0.19607,0.99956,Mast,UC_vs_HC
UNC5B-AS1,0.018728,0.70632,4.1361,0.17077,0.86441,,Mast,UC_vs_HC
SLC29A3,0.1618,0.068676,2.4522,0.028006,0.97766,,Mast,UC_vs_HC
CDH23,0.097449,0.73069,4.1338,0.17676,0.8597,,Mast,UC_vs_HC
VSIR,4.2093,0.61645,0.50901,1.2111,0.22587,0.99956,Mast,UC_vs_HC
PSAP,19.251,-0.017141,0.3436,-0.049886,0.96021,0.99956,Mast,UC_vs_HC
SPOCK2,0.19778,1.1664,2.0734,0.56253,0.57375,,Mast,UC_vs_HC
ASCC1,1.7366,-0.072906,0.75991,-0.09594,0.92357,0.99956,Mast,UC_vs_HC
ANAPC16,19.753,0.050063,0.2512,0.19929,0.84203,0.99956,Mast,UC_vs_HC
DDIT4,70.255,-0.34927,0.80477,-0.434,0.66429,0.99956,Mast,UC_vs_HC
DDIT4-AS1,0.10716,0.024196,2.119,0.011419,0.99089,,Mast,UC_vs_HC
DNAJB12,4.4209,-0.10737,0.65492,-0.16395,0.86977,0.99956,Mast,UC_vs_HC
MICU1,2.554,-0.79338,0.94896,-0.83606,0.40312,0.99956,Mast,UC_vs_HC
MCU,0.49493,1.0362,1.2957,0.79972,0.42387,,Mast,UC_vs_HC
P4HA1,3.6874,-0.52313,0.59897,-0.87337,0.38246,0.99956,Mast,UC_vs_HC
AL731563.3,0.068023,1.6105,3.0061,0.53574,0.59214,,Mast,UC_vs_HC
NUDT13,0.0134,0.3681,4.0861,0.090086,0.92822,,Mast,UC_vs_HC
ECD,2.3891,0.62459,0.65297,0.95654,0.3388,0.99956,Mast,UC_vs_HC
FAM149B1,0.54827,-0.92978,1.589,-0.58514,0.55846,,Mast,UC_vs_HC
DNAJC9,2.9756,0.38225,0.58474,0.65372,0.51329,0.99956,Mast,UC_vs_HC
MRPS16,5.9508,0.99331,0.40907,2.4282,0.015173,0.72228,Mast,UC_vs_HC
AC016394.1,0.16793,1.3949,2.2832,0.61092,0.54125,,Mast,UC_vs_HC
CFAP70,0.27124,0.76062,1.5754,0.48282,0.62922,,Mast,UC_vs_HC
ANXA7,8.9729,-0.034332,0.38809,-0.088465,0.92951,0.99956,Mast,UC_vs_HC
MSS51,0.0268,0.16572,4.0548,0.040869,0.9674,,Mast,UC_vs_HC
PPP3CB,1.2544,0.63717,0.91075,0.69961,0.48417,0.99956,Mast,UC_vs_HC
USP54,0.24241,1.3321,2.1169,0.62925,0.52918,,Mast,UC_vs_HC
AC073389.1,0.44388,-1.186,1.8176,-0.6525,0.51408,,Mast,UC_vs_HC
SYNPO2L,0.018728,0.70632,4.1361,0.17077,0.86441,,Mast,UC_vs_HC
AGAP5,0.026237,0.024139,4.0722,0.0059277,0.99527,,Mast,UC_vs_HC
SEC24C,1.1149,-0.80871,1.0649,-0.75945,0.44759,,Mast,UC_vs_HC
FUT11,1.0456,1.0146,0.9583,1.0588,0.2897,,Mast,UC_vs_HC
CHCHD1,4.7756,0.53264,0.42422,1.2556,0.20927,0.99956,Mast,UC_vs_HC
ZSWIM8,1.6351,0.92068,0.87827,1.0483,0.29451,0.99956,Mast,UC_vs_HC
NDST2,0.69756,-0.45779,1.7013,-0.26908,0.78786,,Mast,UC_vs_HC
CAMK2G,1.8442,0.10883,0.92515,0.11764,0.90635,0.99956,Mast,UC_vs_HC
PLAU,4.79,-0.265,0.78585,-0.33722,0.73595,0.99956,Mast,UC_vs_HC
C10orf55,0.0134,0.3681,4.0861,0.090086,0.92822,,Mast,UC_vs_HC
VCL,3.5825,-2.007,0.76912,-2.6095,0.009068,0.69146,Mast,UC_vs_HC
AP3M1,1.4895,0.12288,0.91889,0.13373,0.89362,0.99956,Mast,UC_vs_HC
ADK,2.0235,-0.40316,0.8467,-0.47615,0.63397,0.99956,Mast,UC_vs_HC
KAT6B,3.3806,0.51469,0.63936,0.80501,0.42081,0.99956,Mast,UC_vs_HC
SAMD8,1.2064,-0.59363,0.91759,-0.64694,0.51767,0.99956,Mast,UC_vs_HC
VDAC2,13.575,-0.29634,0.43356,-0.6835,0.49429,0.99956,Mast,UC_vs_HC
COMTD1,0.35501,-0.14163,2.4584,-0.05761,0.95406,,Mast,UC_vs_HC
ZNF503,0.7827,-0.42457,1.1858,-0.35805,0.7203,,Mast,UC_vs_HC
AC010997.5,0.037578,0.16073,4.0541,0.039647,0.96837,,Mast,UC_vs_HC
LRMDA,1.6969,0.7077,1.1326,0.62485,0.53207,0.99956,Mast,UC_vs_HC
DLG5,0.12346,-0.46928,2.4725,-0.1898,0.84946,,Mast,UC_vs_HC
POLR3A,0.27312,0.02296,1.3624,0.016853,0.98655,,Mast,UC_vs_HC
RPS24,332.12,-0.073148,0.17202,-0.42523,0.67067,0.99956,Mast,UC_vs_HC
LINC00595,0.075058,1.3326,4.0556,0.32858,0.74247,,Mast,UC_vs_HC
ZMIZ1,3.0835,0.5763,0.60266,0.95626,0.33894,0.99956,Mast,UC_vs_HC
PPIF,1.8682,1.3013,0.76554,1.6998,0.089171,0.99956,Mast,UC_vs_HC
ZCCHC24,0.11339,1.3029,1.9636,0.66349,0.50701,,Mast,UC_vs_HC
EIF5AL1,0.078533,0.26278,3.2105,0.08185,0.93477,,Mast,UC_vs_HC
BX248123.1,0.026237,0.024139,4.0722,0.0059277,0.99527,,Mast,UC_vs_HC
AL132656.2,0.42047,0.65261,1.6888,0.38644,0.69917,,Mast,UC_vs_HC
NUTM2B-AS1,7.5832,0.32092,0.50891,0.6306,0.5283,0.99956,Mast,UC_vs_HC
AL135925.1,1.7568,-0.082891,1.7526,-0.047296,0.96228,0.99956,Mast,UC_vs_HC
SFTPD,0.49177,-0.5392,1.4614,-0.36896,0.71216,,Mast,UC_vs_HC
SFTPD-AS1,0.1801,0.74427,1.9916,0.37371,0.70862,,Mast,UC_vs_HC
TMEM254-AS1,0.059765,0.024139,4.0722,0.0059277,0.99527,,Mast,UC_vs_HC
TMEM254,0.44599,0.85343,1.2389,0.68886,0.49091,,Mast,UC_vs_HC
PLAC9,0.018728,0.70632,4.1361,0.17077,0.86441,,Mast,UC_vs_HC
ANXA11,14.927,0.04928,0.41612,0.11843,0.90573,0.99956,Mast,UC_vs_HC
FAM213A,1.5828,0.22111,0.97609,0.22653,0.82079,0.99956,Mast,UC_vs_HC
TSPAN14,1.3811,0.28223,0.73679,0.38305,0.70168,0.99956,Mast,UC_vs_HC
GHITM,11.9,0.18629,0.30345,0.61391,0.53927,0.99956,Mast,UC_vs_HC
C10orf99,0.14849,-0.14612,1.7628,-0.082891,0.93394,,Mast,UC_vs_HC
CDHR1,0.059765,0.024139,4.0722,0.0059277,0.99527,,Mast,UC_vs_HC
CCSER2,1.4688,1.8075,1.0246,1.764,0.077728,0.99956,Mast,UC_vs_HC
WAPL,2.6034,-0.030878,0.59053,-0.052289,0.9583,0.99956,Mast,UC_vs_HC
BMPR1A,1.264,-1.7891,1.1,-1.6264,0.10386,0.99956,Mast,UC_vs_HC
ADIRF,0.85744,-1.3656,1.3863,-0.98509,0.32458,,Mast,UC_vs_HC
GLUD1,1.6071,0.40327,0.7624,0.52894,0.59685,0.99956,Mast,UC_vs_HC
SHLD2,0.62937,0.073641,1.1102,0.06633,0.94712,,Mast,UC_vs_HC
NUTM2A-AS1,4.0602,-0.7477,0.5958,-1.2549,0.2095,0.99956,Mast,UC_vs_HC
MINPP1,0.54469,0.5101,1.011,0.50453,0.61389,,Mast,UC_vs_HC
PAPSS2,0.55054,-0.0093964,1.1938,-0.0078713,0.99372,,Mast,UC_vs_HC
ATAD1,1.7576,-1.2818,0.81296,-1.5767,0.11487,0.99956,Mast,UC_vs_HC
PTEN,2.3415,1.2399,0.95529,1.298,0.1943,0.99956,Mast,UC_vs_HC
RNLS,0.053037,-0.40462,3.0583,-0.1323,0.89475,,Mast,UC_vs_HC
LIPN,0.043089,1.2415,4.0577,0.30596,0.75964,,Mast,UC_vs_HC
ANKRD22,0.026346,1.1367,4.0708,0.27924,0.78006,,Mast,UC_vs_HC
STAMBPL1,0.076213,1.7198,2.9352,0.58594,0.55792,,Mast,UC_vs_HC
ACTA2,0.19582,0.59021,2.3983,0.2461,0.80561,,Mast,UC_vs_HC
FAS,0.090601,0.63341,2.0883,0.30332,0.76165,,Mast,UC_vs_HC
LIPA,1.901,0.27005,0.76863,0.35135,0.72533,0.99956,Mast,UC_vs_HC
IFIT2,0.41623,1.1174,1.777,0.62884,0.52946,,Mast,UC_vs_HC
IFIT3,1.5725,-0.29978,0.74679,-0.40142,0.68811,0.99956,Mast,UC_vs_HC
IFIT1,0.32821,-0.4077,1.4527,-0.28065,0.77898,,Mast,UC_vs_HC
IFIT5,0.68973,1.5335,1.4425,1.063,0.28776,,Mast,UC_vs_HC
PANK1,0.10856,0.64512,2.2875,0.28202,0.77793,,Mast,UC_vs_HC
KIF20B,2.5047,0.38821,0.55263,0.70248,0.48238,0.99956,Mast,UC_vs_HC
RPP30,2.2614,0.072076,0.73433,0.098152,0.92181,0.99956,Mast,UC_vs_HC
PCGF5,2.219,0.17206,0.59961,0.28695,0.77415,0.99956,Mast,UC_vs_HC
HECTD2,0.12295,0.67947,1.846,0.36807,0.71282,,Mast,UC_vs_HC
TNKS2-AS1,0.018728,0.70632,4.1361,0.17077,0.86441,,Mast,UC_vs_HC
TNKS2,1.384,1.4225,0.74712,1.904,0.056913,0.98721,Mast,UC_vs_HC
FGFBP3,0.056489,0.8828,3.1215,0.28281,0.77732,,Mast,UC_vs_HC
AL359198.1,0.024934,1.088,4.0829,0.26647,0.78988,,Mast,UC_vs_HC
BTAF1,1.0236,-0.98644,0.92812,-1.0628,0.28786,,Mast,UC_vs_HC
CPEB3,0.24623,0.63092,1.8371,0.34343,0.73128,,Mast,UC_vs_HC
MARCH5,1.7079,-0.69248,1.093,-0.63358,0.52635,0.99956,Mast,UC_vs_HC
IDE,0.47054,0.65709,1.0917,0.60189,0.54724,,Mast,UC_vs_HC
KIF11,0.079045,0.55747,4.1549,0.13417,0.89327,,Mast,UC_vs_HC
HHEX,0.65716,0.56387,1.0703,0.52685,0.5983,,Mast,UC_vs_HC
EXOC6,1.0858,0.27571,0.83338,0.33084,0.74077,,Mast,UC_vs_HC
MYOF,0.026346,1.1367,4.0708,0.27924,0.78006,,Mast,UC_vs_HC
CEP55,0.039522,0.59268,4.1488,0.14286,0.8864,,Mast,UC_vs_HC
FFAR4,0.059765,0.024139,4.0722,0.0059277,0.99527,,Mast,UC_vs_HC
RBP4,0.0268,0.16572,4.0548,0.040869,0.9674,,Mast,UC_vs_HC
FRA10AC1,1.5313,0.45171,0.84114,0.53702,0.59125,0.99956,Mast,UC_vs_HC
PLCE1,0.42472,0.29666,1.719,0.17258,0.86299,,Mast,UC_vs_HC
NOC3L,2.1023,1.5209,0.8536,1.7817,0.074793,0.99956,Mast,UC_vs_HC
TBC1D12,0.024934,1.088,4.0829,0.26647,0.78988,,Mast,UC_vs_HC
HELLS,0.18847,0.53967,2.0238,0.26666,0.78973,,Mast,UC_vs_HC
PDLIM1,0.39534,0.090909,1.7418,0.052193,0.95838,,Mast,UC_vs_HC
SORBS1,1.076,-0.71822,1.0963,-0.65515,0.51237,,Mast,UC_vs_HC
ALDH18A1,0.75176,-0.027108,1.0968,-0.024715,0.98028,,Mast,UC_vs_HC
TCTN3,0.78119,-0.35816,0.94498,-0.37901,0.70468,,Mast,UC_vs_HC
ENTPD1,0.60253,2.1211,1.8853,1.125,0.26058,,Mast,UC_vs_HC
ENTPD1-AS1,0.15146,0.4325,1.6435,0.26316,0.79243,,Mast,UC_vs_HC
CCNJ,0.49505,1.0738,2.4919,0.43092,0.66652,,Mast,UC_vs_HC
ZNF518A,1.6695,-1.0665,0.7155,-1.4906,0.13607,0.99956,Mast,UC_vs_HC
BLNK,0.024934,1.088,4.0829,0.26647,0.78988,,Mast,UC_vs_HC
TM9SF3,3.2412,-0.0086363,0.54733,-0.015779,0.98741,0.99956,Mast,UC_vs_HC
PIK3AP1,0.70634,-0.71918,1.0638,-0.67604,0.49902,,Mast,UC_vs_HC
LCOR,3.2686,0.082079,0.55039,0.14913,0.88145,0.99956,Mast,UC_vs_HC
ARHGAP19,0.26638,-0.76007,2.1912,-0.34687,0.72869,,Mast,UC_vs_HC
FRAT1,0.0268,0.16572,4.0548,0.040869,0.9674,,Mast,UC_vs_HC
FRAT2,0.14541,-0.95584,1.6994,-0.56245,0.57381,,Mast,UC_vs_HC
RRP12,3.5435,-1.3034,0.66178,-1.9695,0.048896,0.95101,Mast,UC_vs_HC
PGAM1,6.4333,-0.054315,0.44996,-0.12071,0.90392,0.99956,Mast,UC_vs_HC
EXOSC1,3.5101,-0.11269,0.49873,-0.22595,0.82124,0.99956,Mast,UC_vs_HC
ZDHHC16,0.34767,0.1614,1.5276,0.10565,0.91586,,Mast,UC_vs_HC
MMS19,0.26211,0.6118,1.3698,0.44663,0.65514,,Mast,UC_vs_HC
UBTD1,0.026346,1.1367,4.0708,0.27924,0.78006,,Mast,UC_vs_HC
MORN4,0.11469,0.41781,2.2125,0.18884,0.85022,,Mast,UC_vs_HC
PI4K2A,0.37831,0.12786,1.2442,0.10277,0.91815,,Mast,UC_vs_HC
AVPI1,0.47709,0.26887,1.7217,0.15616,0.8759,,Mast,UC_vs_HC
MARVELD1,0.15764,0.36958,2.0137,0.18353,0.85438,,Mast,UC_vs_HC
ZFYVE27,1.0793,1.1464,0.84748,1.3527,0.17616,,Mast,UC_vs_HC
GOLGA7B,0.0134,0.3681,4.0861,0.090086,0.92822,,Mast,UC_vs_HC
R3HCC1L,1.2029,1.07,1.1566,0.92515,0.35489,0.99956,Mast,UC_vs_HC
PYROXD2,0.31175,-0.17323,1.2617,-0.1373,0.8908,,Mast,UC_vs_HC
HPS1,1.6334,-0.088571,0.69863,-0.12678,0.89912,0.99956,Mast,UC_vs_HC
GOT1,0.18249,0.057958,1.7127,0.033841,0.973,,Mast,UC_vs_HC
AL391684.1,0.026237,0.024139,4.0722,0.0059277,0.99527,,Mast,UC_vs_HC
SLC25A28,0.59155,0.9983,1.2222,0.81678,0.41405,,Mast,UC_vs_HC
AL353719.1,0.18377,0.0040742,2.4326,0.0016748,0.99866,,Mast,UC_vs_HC
ENTPD7,0.068595,1.377,2.938,0.4687,0.63928,,Mast,UC_vs_HC
CUTC,2.324,-0.29722,0.5916,-0.5024,0.61539,0.99956,Mast,UC_vs_HC
COX15,0.79123,0.43279,1.1361,0.38095,0.70324,,Mast,UC_vs_HC
DNMBP,0.16332,0.64241,1.9357,0.33187,0.73999,,Mast,UC_vs_HC
ERLIN1,0.49876,-0.14806,1.3298,-0.11134,0.91135,,Mast,UC_vs_HC
CHUK,0.52911,1.2397,1.3152,0.9426,0.34589,,Mast,UC_vs_HC
CWF19L1,0.65365,-0.38282,1.1439,-0.33466,0.73788,,Mast,UC_vs_HC
BLOC1S2,7.8056,-0.60452,0.43295,-1.3963,0.16263,0.99956,Mast,UC_vs_HC
SCD,0.35259,-0.18719,1.3432,-0.13936,0.88917,,Mast,UC_vs_HC
OLMALINC,0.1308,-0.10737,2.4682,-0.043504,0.9653,,Mast,UC_vs_HC
SEC31B,0.13547,0.41602,1.8336,0.22688,0.82051,,Mast,UC_vs_HC
NDUFB8,17.099,-0.14815,0.26681,-0.55526,0.57871,0.99956,Mast,UC_vs_HC
HIF1AN,1.2085,0.86101,0.93125,0.92457,0.35519,0.99956,Mast,UC_vs_HC
AL138762.1,0.07365,-0.053317,3.1259,-0.017057,0.98639,,Mast,UC_vs_HC
SLF2,1.4966,-0.77211,0.72921,-1.0588,0.28967,0.99956,Mast,UC_vs_HC
MRPL43,5.6516,-0.075109,0.53491,-0.14041,0.88833,0.99956,Mast,UC_vs_HC
SEMA4G,0.097829,-0.31323,3.3199,-0.094348,0.92483,,Mast,UC_vs_HC
TWNK,0.068811,0.43735,3.185,0.13732,0.89078,,Mast,UC_vs_HC
LZTS2,0.13399,0.63798,2.1526,0.29638,0.76694,,Mast,UC_vs_HC
PDZD7,0.0134,0.3681,4.0861,0.090086,0.92822,,Mast,UC_vs_HC
SFXN3,1.6527,-0.080549,0.8616,-0.093488,0.92552,0.99956,Mast,UC_vs_HC
BTRC,0.92705,-1.0482,0.8547,-1.2264,0.22005,,Mast,UC_vs_HC
DPCD,0.32022,1.4217,1.6179,0.87875,0.37954,,Mast,UC_vs_HC
POLL,0.32723,-0.53309,1.2097,-0.44069,0.65944,,Mast,UC_vs_HC
FBXW4,0.60069,0.30459,1.0018,0.30406,0.76108,,Mast,UC_vs_HC
NPM3,1.3154,-0.4066,0.76834,-0.52919,0.59667,0.99956,Mast,UC_vs_HC
OGA,4.43,0.48171,0.5588,0.86204,0.38866,0.99956,Mast,UC_vs_HC
ARMH3,1.1579,0.45876,1.0197,0.44988,0.65279,0.99956,Mast,UC_vs_HC
HPS6,0.34268,-0.12567,1.5799,-0.079543,0.9366,,Mast,UC_vs_HC
LDB1,0.74215,-0.28337,1.0379,-0.27303,0.78483,,Mast,UC_vs_HC
PPRC1,0.78885,-0.2103,0.92908,-0.22635,0.82093,,Mast,UC_vs_HC
NOLC1,1.1678,0.28147,0.81557,0.34513,0.73,0.99956,Mast,UC_vs_HC
GBF1,1.07,-0.49851,1.2463,-0.4,0.68916,,Mast,UC_vs_HC
NFKB2,16.276,0.062663,0.41646,0.15047,0.8804,0.99956,Mast,UC_vs_HC
PSD,0.0268,0.16572,4.0548,0.040869,0.9674,,Mast,UC_vs_HC
FBXL15,1.101,0.5598,1.4389,0.38905,0.69724,,Mast,UC_vs_HC
CUEDC2,3.4798,0.50574,0.57087,0.88592,0.37566,0.99956,Mast,UC_vs_HC
C10orf95,0.052691,1.4311,4.036,0.35458,0.7229,,Mast,UC_vs_HC
MFSD13A,0.32805,-1.7958,1.6965,-1.0585,0.28981,,Mast,UC_vs_HC
ACTR1A,3.0099,-0.95833,0.56515,-1.6957,0.089942,0.99956,Mast,UC_vs_HC
SUFU,0.18934,1.0661,1.7036,0.62583,0.53143,,Mast,UC_vs_HC
TRIM8,3.9769,0.34804,0.69492,0.50083,0.61649,0.99956,Mast,UC_vs_HC
AL391121.1,0.16442,0.0434,3.77,0.011512,0.99081,,Mast,UC_vs_HC
ARL3,1.938,0.018934,0.58255,0.032503,0.97407,0.99956,Mast,UC_vs_HC
SFXN2,0.091893,-0.19063,2.2051,-0.086452,0.93111,,Mast,UC_vs_HC
WBP1L,1.5365,0.35431,0.74788,0.47375,0.63568,0.99956,Mast,UC_vs_HC
CYP17A1,0.0134,0.3681,4.0861,0.090086,0.92822,,Mast,UC_vs_HC
BORCS7,6.5793,-0.13315,0.44561,-0.2988,0.76509,0.99956,Mast,UC_vs_HC
CNNM2,0.18706,1.5396,1.5865,0.97046,0.33182,,Mast,UC_vs_HC
NT5C2,0.81122,2.1268,0.99312,2.1415,0.032234,,Mast,UC_vs_HC
PCGF6,0.19593,-0.13095,2.2078,-0.059312,0.9527,,Mast,UC_vs_HC
TAF5,0.12469,-0.71462,1.79,-0.39923,0.68972,,Mast,UC_vs_HC
ATP5MD,28.635,-0.1339,0.31271,-0.4282,0.6685,0.99956,Mast,UC_vs_HC
PDCD11,0.97653,0.33265,1.0061,0.33064,0.74092,,Mast,UC_vs_HC
CALHM2,0.43954,-0.50646,1.3299,-0.38083,0.70333,,Mast,UC_vs_HC
SH3PXD2A,1.1681,0.4062,0.90007,0.4513,0.65178,0.99956,Mast,UC_vs_HC
STN1,1.6657,0.79827,0.82748,0.9647,0.3347,0.99956,Mast,UC_vs_HC
SLK,2.2244,1.5579,0.74323,2.0961,0.03607,0.90299,Mast,UC_vs_HC
COL17A1,0.06025,0.16073,4.0541,0.039647,0.96837,,Mast,UC_vs_HC
SFR1,1.7583,0.37456,0.73292,0.51105,0.60932,0.99956,Mast,UC_vs_HC
GSTO1,17.11,1.178,0.34904,3.375,0.00073808,0.22515,Mast,UC_vs_HC
GSTO2,0.0134,0.3681,4.0861,0.090086,0.92822,,Mast,UC_vs_HC
ITPRIP,0.83969,0.36441,1.0047,0.3627,0.71683,,Mast,UC_vs_HC
XPNPEP1,0.99518,0.59836,0.9384,0.63763,0.52371,,Mast,UC_vs_HC
ADD3,2.2892,0.012582,0.66584,0.018897,0.98492,0.99956,Mast,UC_vs_HC
MXI1,0.62621,0.7126,1.3666,0.52146,0.60205,,Mast,UC_vs_HC
SMNDC1,3.7072,0.83013,0.61281,1.3546,0.17554,0.99956,Mast,UC_vs_HC
DUSP5,1.6295,-0.16687,0.80233,-0.20798,0.83525,0.99956,Mast,UC_vs_HC
SMC3,4.7072,0.23329,0.4736,0.49258,0.62231,0.99956,Mast,UC_vs_HC
PDCD4-AS1,0.15398,0.58748,1.8888,0.31104,0.75577,,Mast,UC_vs_HC
PDCD4,19.57,-0.51407,0.38101,-1.3492,0.17726,0.99956,Mast,UC_vs_HC
BBIP1,2.4615,0.70997,0.56106,1.2654,0.20572,0.99956,Mast,UC_vs_HC
AL158163.2,0.11723,1.2524,2.3428,0.53456,0.59296,,Mast,UC_vs_HC
AL158163.1,0.056306,0.20097,3.1229,0.064354,0.94869,,Mast,UC_vs_HC
SHOC2,4.9647,0.31656,0.47216,0.67046,0.50257,0.99956,Mast,UC_vs_HC
ADRA2A,0.27586,0.89657,2.249,0.39864,0.69016,,Mast,UC_vs_HC
GPAM,0.093744,0.82432,2.1007,0.3924,0.69477,,Mast,UC_vs_HC
ACSL5,0.83218,1.5881,1.1322,1.4027,0.16071,,Mast,UC_vs_HC
AL157786.1,0.06025,0.16073,4.0541,0.039647,0.96837,,Mast,UC_vs_HC
ZDHHC6,1.7814,-0.051958,0.66328,-0.078334,0.93756,0.99956,Mast,UC_vs_HC
VTI1A,1.7114,-0.12159,0.81051,-0.15001,0.88076,0.99956,Mast,UC_vs_HC
TCF7L2,0.1718,0.92978,1.9598,0.47443,0.6352,,Mast,UC_vs_HC
CASP7,0.71081,1.5988,1.1894,1.3442,0.17888,,Mast,UC_vs_HC
DCLRE1A,0.078978,0.19903,3.3292,0.059784,0.95233,,Mast,UC_vs_HC
NHLRC2,0.65771,0.58207,0.97926,0.5944,0.55224,,Mast,UC_vs_HC
CCDC186,2.5497,-0.21563,0.64858,-0.33246,0.73954,0.99956,Mast,UC_vs_HC
AFAP1L2,0.075058,1.3326,4.0556,0.32858,0.74247,,Mast,UC_vs_HC
ABLIM1,0.11451,1.8304,2.1236,0.86193,0.38873,,Mast,UC_vs_HC
FAM160B1,0.37334,0.67999,1.578,0.4309,0.66654,,Mast,UC_vs_HC
TRUB1,0.36199,-0.14743,1.2773,-0.11542,0.90811,,Mast,UC_vs_HC
GFRA1,0.026237,0.024139,4.0722,0.0059277,0.99527,,Mast,UC_vs_HC
HSPA12A,0.026346,1.1367,4.0708,0.27924,0.78006,,Mast,UC_vs_HC
SHTN1,0.039522,0.59268,4.1488,0.14286,0.8864,,Mast,UC_vs_HC
AL731557.1,2.0803,0.82668,0.99568,0.83027,0.40639,0.99956,Mast,UC_vs_HC
SLC18A2,27.696,0.59989,0.30874,1.943,0.052012,0.96096,Mast,UC_vs_HC
AL391988.1,0.032128,0.40025,2.7752,0.14423,0.88532,,Mast,UC_vs_HC
PDZD8,2.5836,1.0116,0.65392,1.5469,0.12188,0.99956,Mast,UC_vs_HC
RAB11FIP2,0.90513,0.88296,1.3667,0.64606,0.51824,,Mast,UC_vs_HC
FAM204A,6.2531,0.1836,0.42143,0.43566,0.66308,0.99956,Mast,UC_vs_HC
CACUL1,2.8232,0.59451,0.73568,0.80811,0.41903,0.99956,Mast,UC_vs_HC
NANOS1,0.064474,0.59268,4.1488,0.14286,0.8864,,Mast,UC_vs_HC
EIF3A,10.801,-0.21216,0.39221,-0.54094,0.58855,0.99956,Mast,UC_vs_HC
FAM45A,1.9186,0.72978,0.75146,0.97115,0.33147,0.99956,Mast,UC_vs_HC
SFXN4,0.76688,2.0289,1.2532,1.6189,0.10547,,Mast,UC_vs_HC
PRDX3,5.2031,-0.20775,0.52389,-0.39655,0.6917,0.99956,Mast,UC_vs_HC
GRK5,0.57534,2.4313,1.3738,1.7698,0.076762,,Mast,UC_vs_HC
RGS10,35.376,0.54097,0.42022,1.2873,0.19797,0.99956,Mast,UC_vs_HC
TIAL1,4.6314,0.76317,0.42599,1.7915,0.073214,0.99956,Mast,UC_vs_HC
BAG3,0.50414,0.60179,1.4899,0.4039,0.68628,,Mast,UC_vs_HC
INPP5F,0.13762,0.20585,1.8948,0.10864,0.91349,,Mast,UC_vs_HC
MCMBP,0.71283,-0.17754,1.1199,-0.15853,0.87404,,Mast,UC_vs_HC
SEC23IP,1.7223,-0.36836,0.77931,-0.47267,0.63645,0.99956,Mast,UC_vs_HC
WDR11-AS1,0.12407,-0.85556,2.2749,-0.37608,0.70685,,Mast,UC_vs_HC
WDR11,1.936,0.90558,0.66002,1.372,0.17005,0.99956,Mast,UC_vs_HC
AC010998.2,0.10365,1.2415,4.0577,0.30596,0.75964,,Mast,UC_vs_HC
FGFR2,0.11934,0.71333,2.4437,0.29191,0.77036,,Mast,UC_vs_HC
ATE1,1.097,0.10733,0.90388,0.11874,0.90548,,Mast,UC_vs_HC
NSMCE4A,1.3571,0.6497,0.89034,0.72972,0.46556,0.99956,Mast,UC_vs_HC
AL731566.1,0.14123,0.70644,3.715,0.19016,0.84918,,Mast,UC_vs_HC
TACC2,0.059765,0.024139,4.0722,0.0059277,0.99527,,Mast,UC_vs_HC
PLEKHA1,0.17214,1.7857,1.7009,1.0499,0.29378,,Mast,UC_vs_HC
FAM24B,0.371,0.058451,2.03,0.028794,0.97703,,Mast,UC_vs_HC
C10orf88,0.16309,0.47403,1.9476,0.24339,0.80771,,Mast,UC_vs_HC
PSTK,0.30595,-0.26657,1.5299,-0.17424,0.86168,,Mast,UC_vs_HC
IKZF5,0.69613,-1.0464,1.0891,-0.96081,0.33665,,Mast,UC_vs_HC
ACADSB,0.59941,-0.7908,1.1626,-0.68019,0.49638,,Mast,UC_vs_HC
BUB3,4.6678,0.35911,0.48646,0.73822,0.46038,0.99956,Mast,UC_vs_HC
CHST15,0.46952,-0.25943,1.2937,-0.20053,0.84107,,Mast,UC_vs_HC
OAT,3.8119,0.47478,0.7244,0.65542,0.5122,0.99956,Mast,UC_vs_HC
LHPP,1.2833,3.2589,1.2502,2.6066,0.0091435,0.69146,Mast,UC_vs_HC
AC068896.1,0.064474,0.59268,4.1488,0.14286,0.8864,,Mast,UC_vs_HC
FAM53B,0.96483,0.38268,0.88787,0.43101,0.66646,,Mast,UC_vs_HC
AL513190.1,0.039522,0.59268,4.1488,0.14286,0.8864,,Mast,UC_vs_HC
EEF1AKMT2,1.3856,-0.48755,1.0662,-0.45729,0.64746,0.99956,Mast,UC_vs_HC
ABRAXAS2,1.3359,1.135,0.87295,1.3002,0.19353,0.99956,Mast,UC_vs_HC
ZRANB1,1.8204,0.25996,0.77273,0.33642,0.73655,0.99956,Mast,UC_vs_HC
AL731577.1,0.2047,0.68513,2.2153,0.30928,0.75711,,Mast,UC_vs_HC
CTBP2,2.9821,0.42343,0.62996,0.67216,0.50148,0.99956,Mast,UC_vs_HC
AL731571.1,0.0134,0.3681,4.0861,0.090086,0.92822,,Mast,UC_vs_HC
AL158835.1,0.077873,0.24265,3.4481,0.070373,0.9439,,Mast,UC_vs_HC
EDRF1,1.245,-1.4204,0.86052,-1.6506,0.098817,0.99956,Mast,UC_vs_HC
UROS,0.97813,-0.4933,1.0129,-0.48703,0.62623,,Mast,UC_vs_HC
BCCIP,2.1876,-0.27288,0.5582,-0.48886,0.62494,0.99956,Mast,UC_vs_HC
DHX32,0.43249,-0.35562,1.6967,-0.2096,0.83398,,Mast,UC_vs_HC
ADAM12,3.8916,-1.0268,0.6448,-1.5924,0.11129,0.99956,Mast,UC_vs_HC
FOXI2,0.15595,0.59065,1.8742,0.31515,0.75265,,Mast,UC_vs_HC
CLRN3,0.037578,0.16073,4.0541,0.039647,0.96837,,Mast,UC_vs_HC
PTPRE,1.9574,0.47037,0.81225,0.5791,0.56252,0.99956,Mast,UC_vs_HC
MKI67,0.39522,0.4963,4.1646,0.11917,0.90514,,Mast,UC_vs_HC
MGMT,4.2617,-0.73232,0.57975,-1.2632,0.20653,0.99956,Mast,UC_vs_HC
C10orf143,0.37745,0.78421,1.5851,0.49474,0.62079,,Mast,UC_vs_HC
GLRX3,3.3416,-0.51872,0.58421,-0.8879,0.37459,0.99956,Mast,UC_vs_HC
PPP2R2D,0.91372,0.82736,0.98199,0.84253,0.39949,,Mast,UC_vs_HC
BNIP3,0.60766,-0.42515,1.9812,-0.21459,0.83009,,Mast,UC_vs_HC
AL162274.1,0.064474,0.59268,4.1488,0.14286,0.8864,,Mast,UC_vs_HC
DPYSL4,0.0134,0.3681,4.0861,0.090086,0.92822,,Mast,UC_vs_HC
STK32C,3.198,-0.44937,0.61529,-0.73033,0.46519,0.99956,Mast,UC_vs_HC
LRRC27,0.20251,-0.22389,2.8335,-0.079016,0.93702,,Mast,UC_vs_HC
PWWP2B,0.32854,1.019,1.5535,0.65594,0.51186,,Mast,UC_vs_HC
INPP5A,0.63769,0.78434,1.8068,0.4341,0.66422,,Mast,UC_vs_HC
MIR202HG,0.80652,1.2197,1.5624,0.78067,0.435,,Mast,UC_vs_HC
AL592071.1,0.1725,-0.026553,2.1505,-0.012347,0.99015,,Mast,UC_vs_HC
ADAM8,3.7453,1.7659,0.85862,2.0567,0.039714,0.90299,Mast,UC_vs_HC
TUBGCP2,5.8813,-0.4018,0.49653,-0.80922,0.41839,0.99956,Mast,UC_vs_HC
ZNF511,3.787,0.0080537,0.98141,0.0082063,0.99345,0.99956,Mast,UC_vs_HC
PRAP1,0.11085,0.44132,3.4373,0.12839,0.89784,,Mast,UC_vs_HC
FUOM,1.7957,0.31885,0.7671,0.41566,0.67766,0.99956,Mast,UC_vs_HC
ECHS1,6.3539,0.17224,0.43242,0.39831,0.6904,0.99956,Mast,UC_vs_HC
PAOX,0.08939,1.3812,3.4287,0.40284,0.68707,,Mast,UC_vs_HC
MTG1,0.59476,-0.56059,1.5446,-0.36293,0.71665,,Mast,UC_vs_HC
SCART1,0.059765,0.024139,4.0722,0.0059277,0.99527,,Mast,UC_vs_HC
IQSEC3,0.12798,0.90195,2.4212,0.37252,0.70951,,Mast,UC_vs_HC
SLC6A12,0.026346,1.1367,4.0708,0.27924,0.78006,,Mast,UC_vs_HC
KDM5A,5.6837,-0.22547,0.41293,-0.54603,0.58504,0.99956,Mast,UC_vs_HC
CCDC77,0.37772,-0.8387,1.2133,-0.69124,0.48942,,Mast,UC_vs_HC
NINJ2,0.08611,0.46123,3.4301,0.13446,0.89304,,Mast,UC_vs_HC
AC021054.1,0.075058,1.3326,4.0556,0.32858,0.74247,,Mast,UC_vs_HC
WNK1,5.31,0.4782,0.58013,0.8243,0.40977,0.99956,Mast,UC_vs_HC
RAD52,0.18588,0.036544,1.8338,0.019929,0.9841,,Mast,UC_vs_HC
AC004803.1,0.0268,0.16572,4.0548,0.040869,0.9674,,Mast,UC_vs_HC
ERC1,1.3295,-0.053707,0.79455,-0.067595,0.94611,0.99956,Mast,UC_vs_HC
WNT5B,0.026237,0.024139,4.0722,0.0059277,0.99527,,Mast,UC_vs_HC
FBXL14,0.039522,0.59268,4.1488,0.14286,0.8864,,Mast,UC_vs_HC
ADIPOR2,2.192,-1.0333,0.68025,-1.519,0.12875,0.99956,Mast,UC_vs_HC
CACNA2D4,1.0499,-0.12575,0.97141,-0.12945,0.897,,Mast,UC_vs_HC
DCP1B,0.29496,0.2263,1.5375,0.14719,0.88298,,Mast,UC_vs_HC
CACNA1C-AS2,0.039522,0.59268,4.1488,0.14286,0.8864,,Mast,UC_vs_HC
FKBP4,1.4502,0.68499,0.75062,0.91257,0.36147,0.99956,Mast,UC_vs_HC
ITFG2-AS1,0.16791,0.57606,1.7458,0.32997,0.74143,,Mast,UC_vs_HC
ITFG2,1.0128,-0.28291,0.86375,-0.32753,0.74326,,Mast,UC_vs_HC
RHNO1,0.7083,0.85948,1.0007,0.85886,0.39042,,Mast,UC_vs_HC
TULP3,0.28589,-1.2845,1.6313,-0.78742,0.43104,,Mast,UC_vs_HC
TSPAN9,0.12276,0.10202,2.1975,0.046427,0.96297,,Mast,UC_vs_HC
CRACR2A,0.33449,1.2066,1.4464,0.83425,0.40414,,Mast,UC_vs_HC
PARP11,0.6666,0.83489,1.1111,0.7514,0.45241,,Mast,UC_vs_HC
CCND2,5.3269,0.9077,0.54475,1.6663,0.095662,0.99956,Mast,UC_vs_HC
TIGAR,0.05825,0.61256,3.152,0.19434,0.84591,,Mast,UC_vs_HC
C12orf4,0.45449,-0.049909,1.2124,-0.041165,0.96716,,Mast,UC_vs_HC
RAD51AP1,0.13457,-0.25717,1.9366,-0.13279,0.89436,,Mast,UC_vs_HC
DYRK4,1.5851,0.22937,0.75898,0.30221,0.76249,0.99956,Mast,UC_vs_HC
AC005832.4,0.064474,0.59268,4.1488,0.14286,0.8864,,Mast,UC_vs_HC
NDUFA9,2.9524,0.035842,0.6016,0.059578,0.95249,0.99956,Mast,UC_vs_HC
GALNT8,0.059765,0.024139,4.0722,0.0059277,0.99527,,Mast,UC_vs_HC
CD9,105.58,0.060928,0.25424,0.23965,0.8106,0.99956,Mast,UC_vs_HC
PLEKHG6,0.0268,0.16572,4.0548,0.040869,0.9674,,Mast,UC_vs_HC
TNFRSF1A,0.039745,0.81098,2.9497,0.27494,0.78337,,Mast,UC_vs_HC
SCNN1A,0.077093,-0.15767,2.087,-0.075547,0.93978,,Mast,UC_vs_HC
LTBR,0.16559,0.51493,1.8997,0.27105,0.78635,,Mast,UC_vs_HC
CD27,0.30594,0.12664,2.9066,0.04357,0.96525,,Mast,UC_vs_HC
TAPBPL,2.0396,0.27428,0.91475,0.29984,0.7643,0.99956,Mast,UC_vs_HC
VAMP1,0.4661,1.4133,1.7878,0.79052,0.42922,,Mast,UC_vs_HC
MRPL51,14.049,0.20526,0.31063,0.6608,0.50874,0.99956,Mast,UC_vs_HC
NCAPD2,0.39124,1.5068,1.5164,0.99366,0.32039,,Mast,UC_vs_HC
GAPDH,92.67,0.33888,0.35564,0.95288,0.34065,0.99956,Mast,UC_vs_HC
AC006064.4,0.13279,0.73069,4.1338,0.17676,0.8597,,Mast,UC_vs_HC
IFFO1,0.32546,1.3132,1.6731,0.78485,0.43254,,Mast,UC_vs_HC
AC006064.1,0.018728,0.70632,4.1361,0.17077,0.86441,,Mast,UC_vs_HC
NOP2,0.30821,0.10202,1.7781,0.057378,0.95424,,Mast,UC_vs_HC
CHD4,8.2972,-0.33457,0.57777,-0.57907,0.56254,0.99956,Mast,UC_vs_HC
LPAR5,0.46506,-1.1817,1.7583,-0.67206,0.50155,,Mast,UC_vs_HC
ACRBP,0.28767,-0.35213,1.5882,-0.22171,0.82454,,Mast,UC_vs_HC
ING4,1.9277,1.2215,0.81989,1.4898,0.13628,0.99956,Mast,UC_vs_HC
ZNF384,0.74964,0.26462,1.087,0.24344,0.80766,,Mast,UC_vs_HC
COPS7A,1.4763,0.38481,0.81732,0.47082,0.63777,0.99956,Mast,UC_vs_HC
AC125494.2,0.024934,1.088,4.0829,0.26647,0.78988,,Mast,UC_vs_HC
MLF2,6.8297,-0.19565,0.50004,-0.39128,0.69559,0.99956,Mast,UC_vs_HC
PTMS,3.0825,0.32465,0.65636,0.49462,0.62087,0.99956,Mast,UC_vs_HC
LAG3,0.075058,1.3326,4.0556,0.32858,0.74247,,Mast,UC_vs_HC
CD4,1.2498,0.51418,0.75704,0.6792,0.49701,0.99956,Mast,UC_vs_HC
CDCA3,0.039522,0.59268,4.1488,0.14286,0.8864,,Mast,UC_vs_HC
USP5,0.89457,0.15405,0.95021,0.16212,0.87121,,Mast,UC_vs_HC
TPI1,36.833,0.13002,0.33318,0.39023,0.69636,0.99956,Mast,UC_vs_HC
SPSB2,0.50381,-0.5137,1.2331,-0.41661,0.67697,,Mast,UC_vs_HC
LRRC23,1.1399,-1.315,0.83729,-1.5705,0.11629,0.99956,Mast,UC_vs_HC
ENO2,2.744,0.26709,0.64994,0.41094,0.68111,0.99956,Mast,UC_vs_HC
ATN1,2.6811,-0.36719,0.72053,-0.50961,0.61032,0.99956,Mast,UC_vs_HC
C12orf57,24.425,-0.23977,0.32744,-0.73226,0.46401,0.99956,Mast,UC_vs_HC
PTPN6,8.8262,0.48251,0.32711,1.4751,0.1402,0.99956,Mast,UC_vs_HC
MIR200CHG,0.0268,0.16572,4.0548,0.040869,0.9674,,Mast,UC_vs_HC
PHB2,4.6042,0.4848,0.71786,0.67534,0.49946,0.99956,Mast,UC_vs_HC
EMG1,2.0654,0.27977,0.76311,0.36661,0.71391,0.99956,Mast,UC_vs_HC
EMG1-1,0.090802,1.4471,2.1672,0.66772,0.50431,,Mast,UC_vs_HC
LPCAT3,1.9542,0.68294,0.67894,1.0059,0.31447,0.99956,Mast,UC_vs_HC
C1S,0.13767,-0.14244,3.4922,-0.040788,0.96746,,Mast,UC_vs_HC
C1R,0.30585,0.46123,2.2661,0.20353,0.83872,,Mast,UC_vs_HC
C1RL,0.55356,1.1521,1.1113,1.0367,0.29988,,Mast,UC_vs_HC
C1RL-AS1,0.16213,1.2002,1.8347,0.65415,0.51302,,Mast,UC_vs_HC
CLSTN3,0.16385,0.43306,2.4486,0.17686,0.85962,,Mast,UC_vs_HC
PEX5,0.34034,-0.09209,1.3415,-0.068647,0.94527,,Mast,UC_vs_HC
NANOGNB,0.14619,0.44322,3.5882,0.12352,0.90169,,Mast,UC_vs_HC
SLC2A14,0.2107,-0.9088,2.09,-0.43483,0.66369,,Mast,UC_vs_HC
SLC2A3,41.997,-0.30086,0.50834,-0.59184,0.55396,0.99956,Mast,UC_vs_HC
FOXJ2,1.2036,0.89213,1.184,0.75348,0.45116,0.99956,Mast,UC_vs_HC
C3AR1,5.5079,0.039805,0.76251,0.052203,0.95837,0.99956,Mast,UC_vs_HC
NECAP1,2.6902,0.14945,0.69094,0.2163,0.82876,0.99956,Mast,UC_vs_HC
CLEC4A,0.049867,1.3481,4.054,0.33255,0.73948,,Mast,UC_vs_HC
LINC02449,0.0134,0.3681,4.0861,0.090086,0.92822,,Mast,UC_vs_HC
LINC00937,0.018728,0.70632,4.1361,0.17077,0.86441,,Mast,UC_vs_HC
AC092745.1,0.039522,0.59268,4.1488,0.14286,0.8864,,Mast,UC_vs_HC
RIMKLB,0.70605,-0.056441,1.1296,-0.049966,0.96015,,Mast,UC_vs_HC
PHC1,1.3812,-0.14541,0.806,-0.18041,0.85683,0.99956,Mast,UC_vs_HC
M6PR,15.411,-0.012966,0.29038,-0.044651,0.96439,0.99956,Mast,UC_vs_HC
KLRG1,7.8107,0.83176,0.40157,2.0713,0.038333,0.90299,Mast,UC_vs_HC
A2M-AS1,2.5471,1.811,0.97027,1.8664,0.061979,0.98721,Mast,UC_vs_HC
A2M,0.13314,-0.22809,2.3298,-0.097903,0.92201,,Mast,UC_vs_HC
PZP,0.11325,0.85862,2.1164,0.4057,0.68496,,Mast,UC_vs_HC
LINC00987,1.833,1.514,0.67826,2.2321,0.025608,0.85793,Mast,UC_vs_HC
LINC02367,0.059765,0.024139,4.0722,0.0059277,0.99527,,Mast,UC_vs_HC
KLRB1,0.92146,0.8697,2.4843,0.35008,0.72628,,Mast,UC_vs_HC
CLEC2D,1.0461,2.7677,1.6829,1.6447,0.10004,,Mast,UC_vs_HC
CLECL1,0.27839,-0.43008,1.6087,-0.26735,0.7892,,Mast,UC_vs_HC
CD69,134.72,-0.33746,0.59842,-0.56392,0.57281,0.99956,Mast,UC_vs_HC
KLRF1,0.032128,0.40025,2.7752,0.14423,0.88532,,Mast,UC_vs_HC
CLEC2B,5.5846,-0.11353,0.47144,-0.24082,0.80969,0.99956,Mast,UC_vs_HC
AC091814.1,0.043662,1.1196,2.8057,0.39906,0.68985,,Mast,UC_vs_HC
CLEC12A,3.7309,0.44727,0.68282,0.65504,0.51244,0.99956,Mast,UC_vs_HC
OLR1,0.50897,1.2032,2.8224,0.4263,0.66989,,Mast,UC_vs_HC
GABARAPL1,2.0356,0.066313,0.64044,0.10354,0.91753,0.99956,Mast,UC_vs_HC
KLRD1,0.10719,1.0061,2.0764,0.48455,0.628,,Mast,UC_vs_HC
AC022075.1,0.055411,0.73069,4.1338,0.17676,0.8597,,Mast,UC_vs_HC
KLRK1,0.018728,0.70632,4.1361,0.17077,0.86441,,Mast,UC_vs_HC
KLRC1,0.018728,0.70632,4.1361,0.17077,0.86441,,Mast,UC_vs_HC
MAGOHB,1.9571,0.42395,0.74768,0.56702,0.5707,0.99956,Mast,UC_vs_HC
YBX3,3.3936,-0.95599,0.7915,-1.2078,0.22712,0.99956,Mast,UC_vs_HC
PRH1,1.5782,0.23607,0.6848,0.34472,0.7303,0.99956,Mast,UC_vs_HC
TAS2R14,0.092214,1.3196,3.3744,0.39105,0.69576,,Mast,UC_vs_HC
TAS2R31,0.11111,1.9685,3.2162,0.61205,0.5405,,Mast,UC_vs_HC
TAS2R30,0.055411,0.73069,4.1338,0.17676,0.8597,,Mast,UC_vs_HC
SMIM10L1,2.5118,1.3397,0.8369,1.6008,0.10943,0.99956,Mast,UC_vs_HC
LINC01252,0.026346,1.1367,4.0708,0.27924,0.78006,,Mast,UC_vs_HC
ETV6,3.1318,-0.73606,0.76788,-0.95855,0.33778,0.99956,Mast,UC_vs_HC
BCL2L14,0.0134,0.3681,4.0861,0.090086,0.92822,,Mast,UC_vs_HC
LRP6,0.0268,0.16572,4.0548,0.040869,0.9674,,Mast,UC_vs_HC
MANSC1,0.31544,2.2348,2.2127,1.01,0.3125,,Mast,UC_vs_HC
LOH12CR2,0.27243,-0.25131,2.2738,-0.11052,0.91199,,Mast,UC_vs_HC
BORCS5,2.2077,-0.3005,0.58073,-0.51744,0.60485,0.99956,Mast,UC_vs_HC
DUSP16,1.0225,1.1448,0.86053,1.3304,0.18339,,Mast,UC_vs_HC
CREBL2,0.94996,-1.3558,1.1207,-1.2098,0.22637,,Mast,UC_vs_HC
CDKN1B,2.6013,-0.019255,0.70063,-0.027483,0.97807,0.99956,Mast,UC_vs_HC
APOLD1,1.0335,-1.7673,1.4858,-1.1895,0.23424,,Mast,UC_vs_HC
DDX47,0.10411,-0.28402,2.289,-0.12408,0.90125,,Mast,UC_vs_HC
GPRC5A,0.32168,0.35601,2.335,0.15247,0.87882,,Mast,UC_vs_HC
GPRC5D-AS1,0.051279,1.4865,2.8551,0.52065,0.60261,,Mast,UC_vs_HC
HEBP1,0.93509,0.53386,1.2052,0.44295,0.6578,,Mast,UC_vs_HC
FAM234B,0.068811,0.43735,3.185,0.13732,0.89078,,Mast,UC_vs_HC
EMP1,0.42072,-1.2633,1.5779,-0.80064,0.42334,,Mast,UC_vs_HC
LINC01559,0.0134,0.3681,4.0861,0.090086,0.92822,,Mast,UC_vs_HC
ATF7IP,2.4213,0.77184,0.79209,0.97443,0.32984,0.99956,Mast,UC_vs_HC
GUCY2C,0.0134,0.3681,4.0861,0.090086,0.92822,,Mast,UC_vs_HC
HIST4H4,0.47218,0.095748,2.2568,0.042427,0.96616,,Mast,UC_vs_HC
H2AFJ,7.3787,-0.4571,0.45019,-1.0153,0.30994,0.99956,Mast,UC_vs_HC
WBP11,6.0546,-0.75536,0.41456,-1.8221,0.068445,0.99956,Mast,UC_vs_HC
C12orf60,0.12829,-0.47499,2.503,-0.18977,0.84949,,Mast,UC_vs_HC
MGP,0.075157,-0.26501,4,-0.066252,0.94718,,Mast,UC_vs_HC
ERP27,0.0134,0.3681,4.0861,0.090086,0.92822,,Mast,UC_vs_HC
ARHGDIB,49.787,-0.34706,0.2191,-1.5841,0.11318,0.99956,Mast,UC_vs_HC
EPS8,0.60964,-1.1707,1.1236,-1.0419,0.29746,,Mast,UC_vs_HC
STRAP,7.9551,-0.06996,0.3483,-0.20087,0.8408,0.99956,Mast,UC_vs_HC
DERA,2.2425,-1.426,0.82239,-1.734,0.082918,0.99956,Mast,UC_vs_HC
MGST1,0.16758,1.1003,2.4494,0.44921,0.65328,,Mast,UC_vs_HC
PLEKHA5,1.1051,-0.23224,1.0549,-0.22016,0.82574,,Mast,UC_vs_HC
AEBP2,1.6139,0.06475,0.75512,0.085747,0.93167,0.99956,Mast,UC_vs_HC
PDE3A,0.98693,0.29299,0.90778,0.32275,0.74688,,Mast,UC_vs_HC
IAPP,0.0134,0.3681,4.0861,0.090086,0.92822,,Mast,UC_vs_HC
PYROXD1,1.2244,0.22349,0.75229,0.29708,0.76641,0.99956,Mast,UC_vs_HC
RECQL,2.8495,-0.58875,0.6784,-0.86785,0.38548,0.99956,Mast,UC_vs_HC
GOLT1B,1.7314,0.40198,0.69392,0.57929,0.56239,0.99956,Mast,UC_vs_HC
LDHB,31.748,0.19828,0.29218,0.67864,0.49737,0.99956,Mast,UC_vs_HC
CMAS,1.8305,0.53119,0.89317,0.59473,0.55203,0.99956,Mast,UC_vs_HC
ST8SIA1,0.55135,1.0833,1.5629,0.69315,0.48822,,Mast,UC_vs_HC
C2CD5,0.91996,-0.31749,1.091,-0.29101,0.77104,,Mast,UC_vs_HC
ETNK1,3.311,-0.46631,0.72983,-0.63893,0.52287,0.99956,Mast,UC_vs_HC
SOX5,0.026237,0.024139,4.0722,0.0059277,0.99527,,Mast,UC_vs_HC
BCAT1,0.70108,1.6872,1.0511,1.6052,0.10844,,Mast,UC_vs_HC
LRMP,1.4784,-0.19105,0.83454,-0.22893,0.81892,0.99956,Mast,UC_vs_HC
CASC1,0.026237,0.024139,4.0722,0.0059277,0.99527,,Mast,UC_vs_HC
ETFRF1,4.0158,-0.95315,0.76425,-1.2472,0.21234,0.99956,Mast,UC_vs_HC
KRAS,3.6321,0.25748,0.56647,0.45453,0.64945,0.99956,Mast,UC_vs_HC
AC087239.1,0.88964,-1.2625,1.4376,-0.87819,0.37984,,Mast,UC_vs_HC
RASSF8-AS1,0.026237,0.024139,4.0722,0.0059277,0.99527,,Mast,UC_vs_HC
BHLHE41,0.35571,0.62551,2.3631,0.2647,0.79124,,Mast,UC_vs_HC
SSPN,0.3101,1.2349,2.8497,0.43333,0.66478,,Mast,UC_vs_HC
AC024145.1,0.026346,1.1367,4.0708,0.27924,0.78006,,Mast,UC_vs_HC
ITPR2,3.0601,0.46658,0.73365,0.63596,0.5248,0.99956,Mast,UC_vs_HC
INTS13,0.26799,1.0656,1.2732,0.83697,0.40261,,Mast,UC_vs_HC
FGFR1OP2,6.973,-0.35327,0.41753,-0.84611,0.39749,0.99956,Mast,UC_vs_HC
TM7SF3,1.1942,2.714,1.3552,2.0027,0.045206,0.92793,Mast,UC_vs_HC
MED21,2.5994,-1.2778,0.61887,-2.0647,0.038952,0.90299,Mast,UC_vs_HC
AC092747.4,0.36378,-0.03981,1.7141,-0.023225,0.98147,,Mast,UC_vs_HC
STK38L,1.5146,-0.60125,1.1335,-0.53044,0.59581,0.99956,Mast,UC_vs_HC
PPFIBP1,0.40547,0.25678,1.2436,0.20648,0.83641,,Mast,UC_vs_HC
AC009509.1,0.064474,0.59268,4.1488,0.14286,0.8864,,Mast,UC_vs_HC
REP15,0.39628,-0.26011,3.2215,-0.080743,0.93565,,Mast,UC_vs_HC
MRPS35,1.4645,-0.67134,0.76852,-0.87354,0.38237,0.99956,Mast,UC_vs_HC
KLHL42,0.89146,0.42421,1.0214,0.41534,0.67789,,Mast,UC_vs_HC
CCDC91,3.5164,0.1621,0.50989,0.31792,0.75054,0.99956,Mast,UC_vs_HC
FAR2,1.0999,-0.16167,0.81186,-0.19914,0.84215,,Mast,UC_vs_HC
AC012150.2,0.080667,0.7043,3.3859,0.20801,0.83522,,Mast,UC_vs_HC
AC009318.1,0.055411,0.73069,4.1338,0.17676,0.8597,,Mast,UC_vs_HC
AC009318.3,0.18998,0.64138,2.7921,0.22971,0.81832,,Mast,UC_vs_HC
ERGIC2,4.5256,-0.052611,0.49765,-0.10572,0.91581,0.99956,Mast,UC_vs_HC
OVCH1-AS1,0.14831,0.45928,2.168,0.21185,0.83223,,Mast,UC_vs_HC
IPO8,0.93535,2.1134,1.0526,2.0079,0.044656,,Mast,UC_vs_HC
CAPRIN2,0.32884,-0.27304,1.4921,-0.18299,0.8548,,Mast,UC_vs_HC
LINC00941,0.1339,0.11885,2.5425,0.046744,0.96272,,Mast,UC_vs_HC
TSPAN11,0.026346,1.1367,4.0708,0.27924,0.78006,,Mast,UC_vs_HC
DDX11-AS1,0.043089,1.2415,4.0577,0.30596,0.75964,,Mast,UC_vs_HC
DDX11,0.35532,0.65715,1.3453,0.48849,0.6252,,Mast,UC_vs_HC
SINHCAF,1.9925,0.32368,0.71743,0.45117,0.65187,0.99956,Mast,UC_vs_HC
DENND5B,0.43166,1.5923,1.587,1.0033,0.31569,,Mast,UC_vs_HC
ETFBKMT,0.23697,0.31227,1.8221,0.17137,0.86393,,Mast,UC_vs_HC
AMN1,0.17521,1.6914,1.5749,1.074,0.28282,,Mast,UC_vs_HC
AC023157.3,0.4008,0.25949,1.6814,0.15433,0.87735,,Mast,UC_vs_HC
H3F3C,0.037578,0.16073,4.0541,0.039647,0.96837,,Mast,UC_vs_HC
KIAA1551,2.0529,-0.078595,0.76787,-0.10235,0.91848,0.99956,Mast,UC_vs_HC
AC016957.2,0.051171,0.51223,3.1431,0.16297,0.87054,,Mast,UC_vs_HC
BICD1,0.092891,0.74772,3.5046,0.21335,0.83105,,Mast,UC_vs_HC
DNM1L,4.1606,-0.37221,0.51687,-0.72012,0.47145,0.99956,Mast,UC_vs_HC
AC084824.5,0.043662,1.1196,2.8057,0.39906,0.68985,,Mast,UC_vs_HC
YARS2,0.66713,1.4334,0.97616,1.4685,0.14198,,Mast,UC_vs_HC
PKP2,0.0134,0.3681,4.0861,0.090086,0.92822,,Mast,UC_vs_HC
SYT10,0.039522,0.59268,4.1488,0.14286,0.8864,,Mast,UC_vs_HC
ALG10,0.48081,1.0836,1.667,0.65002,0.51568,,Mast,UC_vs_HC
ALG10B,0.48301,0.39996,1.8289,0.21869,0.82689,,Mast,UC_vs_HC
CPNE8,0.74276,0.17278,1.2673,0.13634,0.89156,,Mast,UC_vs_HC
KIF21A,0.44765,-0.97174,1.3746,-0.70691,0.47962,,Mast,UC_vs_HC
SLC2A13,0.22725,0.1366,2.9449,0.046384,0.963,,Mast,UC_vs_HC
LRRK2,0.11082,0.78553,4.13,0.1902,0.84915,,Mast,UC_vs_HC
AC090630.1,0.12859,1.6131,3.3648,0.47941,0.63164,,Mast,UC_vs_HC
GXYLT1,1.4321,0.37643,1.047,0.35952,0.71921,0.99956,Mast,UC_vs_HC
YAF2,5.4597,-0.47678,0.4694,-1.0157,0.30976,0.99956,Mast,UC_vs_HC
PPHLN1,4.6744,-0.10326,0.43086,-0.23965,0.8106,0.99956,Mast,UC_vs_HC
ZCRB1,6.0473,0.13045,0.43817,0.29771,0.76592,0.99956,Mast,UC_vs_HC
PUS7L,2.0307,1.1093,0.76985,1.4409,0.1496,0.99956,Mast,UC_vs_HC
IRAK4,3.2738,-0.36544,0.51417,-0.71073,0.47725,0.99956,Mast,UC_vs_HC
TWF1,1.3587,1.206,0.88447,1.3636,0.17271,0.99956,Mast,UC_vs_HC
TMEM117,0.063802,1.2135,3.2321,0.37544,0.70734,,Mast,UC_vs_HC
NELL2,0.026237,0.024139,4.0722,0.0059277,0.99527,,Mast,UC_vs_HC
ANO6,0.67171,-1.5223,1.433,-1.0623,0.2881,,Mast,UC_vs_HC
AC008124.1,2.0294,0.58865,0.86474,0.68072,0.49605,0.99956,Mast,UC_vs_HC
ARID2,2.5612,-0.18161,0.60984,-0.2978,0.76586,0.99956,Mast,UC_vs_HC
SCAF11,16.854,-0.00049009,0.28684,-0.0017086,0.99864,0.99996,Mast,UC_vs_HC
SLC38A1,0.92377,2.4752,1.1207,2.2085,0.027207,,Mast,UC_vs_HC
SLC38A2,9.3465,-0.14549,0.44323,-0.32824,0.74273,0.99956,Mast,UC_vs_HC
AC008014.1,0.38284,-1.4872,1.7593,-0.84532,0.39793,,Mast,UC_vs_HC
AC008035.1,0.58545,0.31284,1.4227,0.21989,0.82596,,Mast,UC_vs_HC
AMIGO2,0.19717,0.68305,1.623,0.42085,0.67386,,Mast,UC_vs_HC
PCED1B,0.095829,0.12919,2.3215,0.055648,0.95562,,Mast,UC_vs_HC
AC008083.2,0.104,0.55609,3.423,0.16245,0.87095,,Mast,UC_vs_HC
RPAP3,1.6509,-0.43497,0.82011,-0.53039,0.59584,0.99956,Mast,UC_vs_HC
AC004241.1,0.13417,-0.22479,3.3637,-0.066829,0.94672,,Mast,UC_vs_HC
RAPGEF3,0.12096,0.75695,2.4095,0.31415,0.75341,,Mast,UC_vs_HC
SLC48A1,0.23015,1.4752,1.4662,1.0062,0.31433,,Mast,UC_vs_HC
HDAC7,0.78651,-0.32273,0.95815,-0.33683,0.73625,,Mast,UC_vs_HC
VDR,0.31266,0.91534,1.4778,0.61941,0.53565,,Mast,UC_vs_HC
AC121338.2,0.064474,0.59268,4.1488,0.14286,0.8864,,Mast,UC_vs_HC
TMEM106C,1.5663,-1.5219,1.0686,-1.4243,0.15437,0.99956,Mast,UC_vs_HC
SENP1,0.38329,0.79933,1.6016,0.49908,0.61772,,Mast,UC_vs_HC
PFKM,0.1055,0.1043,1.7333,0.060177,0.95201,,Mast,UC_vs_HC
ASB8,1.9413,-0.39048,0.6519,-0.59899,0.54918,0.99956,Mast,UC_vs_HC
CCDC184,0.15976,1.0631,2.4567,0.43272,0.66522,,Mast,UC_vs_HC
AC024257.3,0.0134,0.3681,4.0861,0.090086,0.92822,,Mast,UC_vs_HC
ZNF641,0.6594,0.2989,0.95366,0.31343,0.75396,,Mast,UC_vs_HC
KANSL2,1.2126,-0.72264,0.90561,-0.79796,0.42489,0.99956,Mast,UC_vs_HC
CCNT1,3.0216,-0.29942,0.73539,-0.40716,0.68389,0.99956,Mast,UC_vs_HC
ADCY6,0.11317,-0.17155,2.3997,-0.071489,0.94301,,Mast,UC_vs_HC
CACNB3,0.026237,0.024139,4.0722,0.0059277,0.99527,,Mast,UC_vs_HC
DDX23,1.2255,0.2823,1.033,0.27328,0.78464,0.99956,Mast,UC_vs_HC
RND1,0.35277,-0.40377,1.6285,-0.24793,0.80419,,Mast,UC_vs_HC
AC073610.3,0.10737,0.16073,4.0541,0.039647,0.96837,,Mast,UC_vs_HC
FKBP11,2.095,0.70509,1.1814,0.59684,0.55061,0.99956,Mast,UC_vs_HC
ARF3,1.6885,0.12966,0.67503,0.19208,0.84768,0.99956,Mast,UC_vs_HC
DDN-AS1,0.42562,0.51991,1.3507,0.38491,0.7003,,Mast,UC_vs_HC
PRKAG1,1.8378,-0.11651,0.61158,-0.19051,0.84891,0.99956,Mast,UC_vs_HC
KMT2D,1.0418,0.93127,1.068,0.87194,0.38324,,Mast,UC_vs_HC
RHEBL1,0.248,-0.1739,1.8071,-0.096233,0.92334,,Mast,UC_vs_HC
LMBR1L,2.5994,0.49839,0.62115,0.80236,0.42235,0.99956,Mast,UC_vs_HC
AC011603.2,0.31389,0.05559,2.3383,0.023774,0.98103,,Mast,UC_vs_HC
TUBA1B,47.875,-0.85617,0.30845,-2.7758,0.0055074,0.60071,Mast,UC_vs_HC
TUBA1A,179.11,-0.95701,0.43281,-2.2112,0.027025,0.87289,Mast,UC_vs_HC
TUBA1C,8.094,-0.34403,0.47625,-0.72238,0.47006,0.99956,Mast,UC_vs_HC
AC125611.3,0.064474,0.59268,4.1488,0.14286,0.8864,,Mast,UC_vs_HC
C1QL4,0.059765,0.024139,4.0722,0.0059277,0.99527,,Mast,UC_vs_HC
SPATS2,1.1208,-0.43742,1.0566,-0.41399,0.67888,0.99956,Mast,UC_vs_HC
MCRS1,1.6288,-0.78015,0.76394,-1.0212,0.30715,0.99956,Mast,UC_vs_HC
PRPF40B,0.34998,0.4286,1.3519,0.31703,0.75122,,Mast,UC_vs_HC
FMNL3,3.6385,0.097844,0.54631,0.1791,0.85786,0.99956,Mast,UC_vs_HC
TMBIM6,35.88,0.27509,0.27355,1.0057,0.31458,0.99956,Mast,UC_vs_HC
NCKAP5L,1.4735,-0.029349,0.64752,-0.045326,0.96385,0.99956,Mast,UC_vs_HC
BCDIN3D,0.15835,-0.20423,1.8049,-0.11316,0.90991,,Mast,UC_vs_HC
FAIM2,0.44158,-1.3775,1.3619,-1.0114,0.31182,,Mast,UC_vs_HC
AQP2,0.32198,-1.0282,2.181,-0.47144,0.63733,,Mast,UC_vs_HC
AC025154.2,0.0134,0.3681,4.0861,0.090086,0.92822,,Mast,UC_vs_HC
RACGAP1,0.55687,-0.45112,1.1445,-0.39418,0.69345,,Mast,UC_vs_HC
SMARCD1,1.7073,-0.38005,0.91064,-0.41734,0.67643,0.99956,Mast,UC_vs_HC
GPD1,0.06025,0.16073,4.0541,0.039647,0.96837,,Mast,UC_vs_HC
COX14,7.0642,-0.3947,0.39272,-1.005,0.31488,0.99956,Mast,UC_vs_HC
AC074032.1,0.7802,-1.017,1.3892,-0.73208,0.46412,,Mast,UC_vs_HC
CERS5,1.0298,-0.80063,0.86037,-0.93057,0.35208,,Mast,UC_vs_HC
LIMA1,0.66168,-1.4838,1.1229,-1.3214,0.18637,,Mast,UC_vs_HC
LARP4,2.0933,0.2594,0.74565,0.34788,0.72793,0.99956,Mast,UC_vs_HC
DIP2B,0.96035,-0.21167,1.2708,-0.16657,0.86771,,Mast,UC_vs_HC
ATF1,2.1801,0.82772,0.62351,1.3275,0.18434,0.99956,Mast,UC_vs_HC
METTL7A,1.9198,0.82016,1.0247,0.80043,0.42346,0.99956,Mast,UC_vs_HC
SLC11A2,3.4098,1.1362,0.54185,2.0969,0.036003,0.90299,Mast,UC_vs_HC
LETMD1,2.9036,0.3432,0.55413,0.61936,0.53568,0.99956,Mast,UC_vs_HC
CSRNP2,0.97766,-1.16,1.0846,-1.0696,0.28482,,Mast,UC_vs_HC
TFCP2,1.41,-0.38823,0.79637,-0.4875,0.6259,0.99956,Mast,UC_vs_HC
POU6F1,0.10748,0.10852,1.7827,0.060872,0.95146,,Mast,UC_vs_HC
DAZAP2,12.259,-0.39912,0.342,-1.167,0.2432,0.99956,Mast,UC_vs_HC
SMAGP,0.59175,0.29129,1.0691,0.27247,0.78526,,Mast,UC_vs_HC
BIN2,3.6218,-0.013666,0.6488,-0.021064,0.98319,0.99956,Mast,UC_vs_HC
GALNT6,26.428,-0.031837,0.47306,-0.0673,0.94634,0.99956,Mast,UC_vs_HC
SLC4A8,0.84305,-0.385,1.0169,-0.37861,0.70498,,Mast,UC_vs_HC
SCN8A,0.059765,0.024139,4.0722,0.0059277,0.99527,,Mast,UC_vs_HC
ACVRL1,0.018728,0.70632,4.1361,0.17077,0.86441,,Mast,UC_vs_HC
ACVR1B,1.375,0.96723,0.82933,1.1663,0.2435,0.99956,Mast,UC_vs_HC
GRASP,3.8543,1.1193,0.65998,1.6959,0.089899,0.99956,Mast,UC_vs_HC
NR4A1,55.703,-0.66584,0.40088,-1.6609,0.096726,0.99956,Mast,UC_vs_HC
AC025259.3,0.61374,-0.1606,1.2525,-0.12822,0.89797,,Mast,UC_vs_HC
ATG101,4.2957,-0.44658,0.57121,-0.78181,0.43432,0.99956,Mast,UC_vs_HC
KRT86,0.3129,1.3326,4.0556,0.32858,0.74247,,Mast,UC_vs_HC
KRT81,0.039522,0.59268,4.1488,0.14286,0.8864,,Mast,UC_vs_HC
KRT72,0.31369,-0.03209,1.6079,-0.019958,0.98408,,Mast,UC_vs_HC
KRT73,0.17871,2.0302,3.5712,0.56849,0.56971,,Mast,UC_vs_HC
KRT2,0.10737,0.16073,4.0541,0.039647,0.96837,,Mast,UC_vs_HC
KRT1,13.597,-0.39642,1.0253,-0.38664,0.69902,0.99956,Mast,UC_vs_HC
KRT77,0.09951,0.15461,2.1719,0.071184,0.94325,,Mast,UC_vs_HC
KRT3,0.037578,0.16073,4.0541,0.039647,0.96837,,Mast,UC_vs_HC
KRT79,1.0797,1.3277,2.1065,0.63029,0.52851,,Mast,UC_vs_HC
KRT8,2.5707,-0.52574,1.6379,-0.32099,0.74822,0.99956,Mast,UC_vs_HC
KRT18,0.95621,-0.046366,1.4279,-0.032471,0.9741,,Mast,UC_vs_HC
EIF4B,17.923,0.19812,0.41376,0.47882,0.63206,0.99956,Mast,UC_vs_HC
AC068888.1,0.082543,-0.40166,2.1974,-0.18279,0.85496,,Mast,UC_vs_HC
TNS2,0.20714,1.4319,2.6552,0.5393,0.58968,,Mast,UC_vs_HC
SPRYD3,1.2714,0.33219,0.87146,0.38119,0.70306,0.99956,Mast,UC_vs_HC
IGFBP6,0.062512,0.55908,3.0605,0.18268,0.85505,,Mast,UC_vs_HC
CSAD,0.93,-1.2394,1.321,-0.93826,0.34811,,Mast,UC_vs_HC
ZNF740,0.56619,0.51801,0.9535,0.54327,0.58695,,Mast,UC_vs_HC
ITGB7,1.8236,-0.58748,0.92395,-0.63584,0.52488,0.99956,Mast,UC_vs_HC
MFSD5,0.63783,1.2172,1.2655,0.96179,0.33615,,Mast,UC_vs_HC
PFDN5,91.889,-0.21452,0.23436,-0.91537,0.36,0.99956,Mast,UC_vs_HC
AC073611.1,0.081757,1.2076,3.3757,0.35774,0.72054,,Mast,UC_vs_HC
C12orf10,3.0553,0.65446,0.537,1.2187,0.22294,0.99956,Mast,UC_vs_HC
AAAS,0.57247,1.6249,1.5596,1.0419,0.29748,,Mast,UC_vs_HC
SP1,1.2274,0.87516,0.82447,1.0615,0.28847,0.99956,Mast,UC_vs_HC
AMHR2,2.3579,0.24872,0.5849,0.42524,0.67066,0.99956,Mast,UC_vs_HC
PRR13,9.8664,0.44681,0.36189,1.2347,0.21695,0.99956,Mast,UC_vs_HC
PCBP2,13.973,0.042771,0.31914,0.13402,0.89339,0.99956,Mast,UC_vs_HC
MAP3K12,1.4606,0.045716,0.96956,0.047151,0.96239,0.99956,Mast,UC_vs_HC
TARBP2,0.23536,0.80994,1.45,0.55858,0.57645,,Mast,UC_vs_HC
AC023509.3,0.055411,0.73069,4.1338,0.17676,0.8597,,Mast,UC_vs_HC
ATF7,2.3628,-0.80982,0.7184,-1.1273,0.25963,0.99956,Mast,UC_vs_HC
AC023509.2,0.059765,0.024139,4.0722,0.0059277,0.99527,,Mast,UC_vs_HC
ATP5MC2,56.253,0.12236,0.24696,0.49547,0.62027,0.99956,Mast,UC_vs_HC
CALCOCO1,1.342,-0.18499,0.73569,-0.25146,0.80146,0.99956,Mast,UC_vs_HC
AC023794.3,0.10365,1.2415,4.0577,0.30596,0.75964,,Mast,UC_vs_HC
SMUG1,1.0254,0.30725,0.78426,0.39176,0.69523,,Mast,UC_vs_HC
CBX5,4.1332,-0.42067,0.5441,-0.77315,0.43943,0.99956,Mast,UC_vs_HC
AC078778.1,0.10737,0.16073,4.0541,0.039647,0.96837,,Mast,UC_vs_HC
HNRNPA1,39.65,-0.4277,0.34641,-1.2347,0.21695,0.99956,Mast,UC_vs_HC
NFE2,0.84226,0.91198,1.0233,0.8912,0.37282,,Mast,UC_vs_HC
COPZ1,5.7523,0.56971,0.42521,1.3398,0.1803,0.99956,Mast,UC_vs_HC
AC079313.1,0.066322,0.021243,3.4078,0.0062337,0.99503,,Mast,UC_vs_HC
GPR84,0.1882,0.78852,3.6827,0.21411,0.83046,,Mast,UC_vs_HC
ZNF385A,0.055411,0.73069,4.1338,0.17676,0.8597,,Mast,UC_vs_HC
ITGA5,1.3823,-0.50047,0.85031,-0.58858,0.55615,0.99956,Mast,UC_vs_HC
GTSF1,0.30446,0.52869,1.1244,0.47021,0.6382,,Mast,UC_vs_HC
NCKAP1L,5.051,0.20194,0.6031,0.33484,0.73775,0.99956,Mast,UC_vs_HC
PDE1B,0.039637,-0.23575,2.975,-0.079243,0.93684,,Mast,UC_vs_HC
MUCL1,0.026346,1.1367,4.0708,0.27924,0.78006,,Mast,UC_vs_HC
TESPA1,6.4549,0.89603,0.42685,2.0991,0.035805,0.90299,Mast,UC_vs_HC
BLOC1S1,8.8394,-0.3387,0.39307,-0.86168,0.38886,0.99956,Mast,UC_vs_HC
RDH5,0.17927,-1.0097,1.9604,-0.51505,0.60652,,Mast,UC_vs_HC
CD63,199.16,0.40037,0.24777,1.6159,0.10613,0.99956,Mast,UC_vs_HC
AC009779.2,0.31541,0.067022,1.436,0.046674,0.96277,,Mast,UC_vs_HC
GDF11,1.4263,-0.83015,0.84592,-0.98136,0.32641,0.99956,Mast,UC_vs_HC
SARNP,1.0304,-0.32423,0.96188,-0.33708,0.73606,,Mast,UC_vs_HC
AC023055.1,0.018728,0.70632,4.1361,0.17077,0.86441,,Mast,UC_vs_HC
ORMDL2,2.5423,0.58343,0.56265,1.0369,0.29977,0.99956,Mast,UC_vs_HC
DNAJC14,0.55739,-1.064,1.355,-0.78522,0.43233,,Mast,UC_vs_HC
MMP19,0.097449,0.73069,4.1338,0.17676,0.8597,,Mast,UC_vs_HC
PYM1,1.0388,0.35186,0.9717,0.36211,0.71727,,Mast,UC_vs_HC
DGKA,0.65383,0.17496,1.4507,0.12061,0.904,,Mast,UC_vs_HC
CDK2,1.0877,1.1828,1.2974,0.9117,0.36193,,Mast,UC_vs_HC
RAB5B,1.6931,0.4999,0.73334,0.68168,0.49544,0.99956,Mast,UC_vs_HC
SUOX,0.47107,0.2147,1.2323,0.17422,0.86169,,Mast,UC_vs_HC
IKZF4,0.082834,1.1766,1.9991,0.58858,0.55614,,Mast,UC_vs_HC
RPS26,171.03,-0.19481,0.52509,-0.37101,0.71063,0.99956,Mast,UC_vs_HC
ERBB3,0.096126,0.086062,2.0929,0.041121,0.9672,,Mast,UC_vs_HC
PA2G4,12.585,-0.15134,0.28924,-0.52324,0.60081,0.99956,Mast,UC_vs_HC
AC034102.4,0.0134,0.3681,4.0861,0.090086,0.92822,,Mast,UC_vs_HC
RPL41,627.43,-0.39157,0.169,-2.3169,0.020508,0.78717,Mast,UC_vs_HC
ZC3H10,0.45505,0.93448,1.3396,0.69757,0.48545,,Mast,UC_vs_HC
ESYT1,6.8384,0.075122,0.42709,0.17589,0.86038,0.99956,Mast,UC_vs_HC
AC034102.6,0.055411,0.73069,4.1338,0.17676,0.8597,,Mast,UC_vs_HC
MYL6B,2.2888,0.012013,0.58078,0.020683,0.9835,0.99956,Mast,UC_vs_HC
MYL6,115.31,0.039559,0.20025,0.19754,0.8434,0.99956,Mast,UC_vs_HC
SMARCC2,4.0361,-0.73753,0.5993,-1.2306,0.21846,0.99956,Mast,UC_vs_HC
RNF41,1.3075,0.077455,0.87211,0.088813,0.92923,0.99956,Mast,UC_vs_HC
NABP2,1.4786,-0.53449,0.95336,-0.56064,0.57505,0.99956,Mast,UC_vs_HC
SLC39A5,0.0134,0.3681,4.0861,0.090086,0.92822,,Mast,UC_vs_HC
ANKRD52,0.28738,-0.55556,1.3309,-0.41743,0.67637,,Mast,UC_vs_HC
COQ10A,0.40379,0.10502,1.3561,0.07744,0.93827,,Mast,UC_vs_HC
CS,1.4765,0.84616,0.75702,1.1178,0.26367,0.99956,Mast,UC_vs_HC
AC073896.1,0.05825,0.61256,3.152,0.19434,0.84591,,Mast,UC_vs_HC
AC073896.2,0.87368,0.66543,1.0705,0.62158,0.53422,,Mast,UC_vs_HC
AC073896.3,0.37883,-0.70704,1.3102,-0.53965,0.58944,,Mast,UC_vs_HC
CNPY2,5.6514,0.47775,0.4353,1.0975,0.27242,0.99956,Mast,UC_vs_HC
PAN2,0.45888,-0.19549,1.5413,-0.12683,0.89907,,Mast,UC_vs_HC
IL23A,0.026237,0.024139,4.0722,0.0059277,0.99527,,Mast,UC_vs_HC
STAT2,1.6086,1.1435,0.98035,1.1664,0.24346,0.99956,Mast,UC_vs_HC
APOF,0.037578,0.16073,4.0541,0.039647,0.96837,,Mast,UC_vs_HC
TIMELESS,0.63118,1.3915,1.3212,1.0532,0.29223,,Mast,UC_vs_HC
SPRYD4,0.25782,0.094932,1.3527,0.070179,0.94405,,Mast,UC_vs_HC
RBMS2,0.12686,1.1051,2.2924,0.48208,0.62975,,Mast,UC_vs_HC
BAZ2A,2.9549,0.66848,0.54377,1.2293,0.21895,0.99956,Mast,UC_vs_HC
ATP5F1B,12.632,-0.53266,0.37157,-1.4335,0.1517,0.99956,Mast,UC_vs_HC
PTGES3,18.133,-0.61705,0.41167,-1.4989,0.1339,0.99956,Mast,UC_vs_HC
NACA,185,-0.21852,0.21957,-0.99521,0.31963,0.99956,Mast,UC_vs_HC
PRIM1,0.78813,0.69294,0.94203,0.73557,0.46199,,Mast,UC_vs_HC
ZBTB39,0.20026,0.75738,2.0623,0.36725,0.71343,,Mast,UC_vs_HC
MYO1A,0.069326,0.62141,3.2415,0.1917,0.84797,,Mast,UC_vs_HC
NEMP1,0.12829,-0.47499,2.503,-0.18977,0.84949,,Mast,UC_vs_HC
NAB2,0.85512,0.01602,1.1374,0.014085,0.98876,,Mast,UC_vs_HC
STAT6,1.7492,-0.37595,0.91142,-0.41249,0.67998,0.99956,Mast,UC_vs_HC
LRP1,0.037578,0.16073,4.0541,0.039647,0.96837,,Mast,UC_vs_HC
SHMT2,2.5992,-0.022336,0.72369,-0.030864,0.97538,0.99956,Mast,UC_vs_HC
AC137834.2,0.099992,1.6356,2.9792,0.54902,0.58299,,Mast,UC_vs_HC
STAC3,0.91999,-0.75833,0.9103,-0.83305,0.40482,,Mast,UC_vs_HC
R3HDM2,1.9993,0.3361,0.79351,0.42356,0.67188,0.99956,Mast,UC_vs_HC
AC126614.1,0.018728,0.70632,4.1361,0.17077,0.86441,,Mast,UC_vs_HC
ARHGAP9,0.83227,1.6922,1.0507,1.6106,0.10727,,Mast,UC_vs_HC
MARS,1.1515,0.15174,0.85104,0.1783,0.85848,0.99956,Mast,UC_vs_HC
DDIT3,17.415,-0.26564,0.4202,-0.63217,0.52727,0.99956,Mast,UC_vs_HC
MBD6,2.525,1.0573,0.97465,1.0848,0.27801,0.99956,Mast,UC_vs_HC
DCTN2,4.4564,0.29799,0.46418,0.64196,0.5209,0.99956,Mast,UC_vs_HC
PIP4K2C,0.63262,0.35139,1.8048,0.19469,0.84563,,Mast,UC_vs_HC
DTX3,0.24835,-0.8353,1.739,-0.48034,0.63098,,Mast,UC_vs_HC
ARHGEF25,0.0268,0.16572,4.0548,0.040869,0.9674,,Mast,UC_vs_HC
OS9,5.6637,-0.50257,0.51687,-0.97233,0.33089,0.99956,Mast,UC_vs_HC
AGAP2,0.44294,1.5636,1.6551,0.94473,0.3448,,Mast,UC_vs_HC
AGAP2-AS1,0.0134,0.3681,4.0861,0.090086,0.92822,,Mast,UC_vs_HC
TSPAN31,2.5164,-1.1481,0.65072,-1.7644,0.077666,0.99956,Mast,UC_vs_HC
CDK4,5.4301,-0.44847,0.40519,-1.1068,0.26837,0.99956,Mast,UC_vs_HC
MARCH9,0.40441,0.84526,2.0061,0.42134,0.67351,,Mast,UC_vs_HC
CYP27B1,0.018728,0.70632,4.1361,0.17077,0.86441,,Mast,UC_vs_HC
METTL1,0.28576,1.1059,1.5579,0.70987,0.47778,,Mast,UC_vs_HC
EEF1AKMT3,0.069899,0.56836,2.116,0.2686,0.78824,,Mast,UC_vs_HC
TSFM,1.9258,0.48598,0.69391,0.70034,0.48371,0.99956,Mast,UC_vs_HC
AVIL,0.06025,0.16073,4.0541,0.039647,0.96837,,Mast,UC_vs_HC
AC025165.5,0.10193,0.62999,3.4199,0.18422,0.85384,,Mast,UC_vs_HC
CTDSP2,1.1092,-0.45825,0.9457,-0.48456,0.62799,,Mast,UC_vs_HC
AC084033.3,6.9245,-0.098652,0.4285,-0.23023,0.81792,0.99956,Mast,UC_vs_HC
ATP23,0.78754,0.69645,1.0983,0.63412,0.526,,Mast,UC_vs_HC
SLC16A7,0.54664,-0.16004,1.681,-0.095205,0.92415,,Mast,UC_vs_HC
FAM19A2,0.53034,2.4043,1.3829,1.7386,0.082102,,Mast,UC_vs_HC
USP15,11.521,0.32946,0.34137,0.96511,0.33449,0.99956,Mast,UC_vs_HC
MON2,1.6071,0.044167,0.77817,0.056757,0.95474,0.99956,Mast,UC_vs_HC
LINC01465,0.024934,1.088,4.0829,0.26647,0.78988,,Mast,UC_vs_HC
AC048341.1,0.28219,-1.2325,2.3518,-0.52405,0.60024,,Mast,UC_vs_HC
AC048341.2,0.16766,1.4627,1.847,0.79194,0.42839,,Mast,UC_vs_HC
PPM1H,2.0717,-0.50168,0.91879,-0.54603,0.58505,0.99956,Mast,UC_vs_HC
DPY19L2,0.28562,0.34916,1.5135,0.23069,0.81755,,Mast,UC_vs_HC
RXYLT1,0.50714,2.05,1.5271,1.3424,0.17946,,Mast,UC_vs_HC
SRGAP1,0.30194,-0.20819,3.0894,-0.067387,0.94627,,Mast,UC_vs_HC
C12orf66,0.16042,-0.6515,1.6957,-0.38421,0.70082,,Mast,UC_vs_HC
XPOT,1.4147,-0.36526,0.9431,-0.38729,0.69854,0.99956,Mast,UC_vs_HC
TBK1,3.0647,0.042631,0.64817,0.065772,0.94756,0.99956,Mast,UC_vs_HC
RASSF3,1.3726,2.0753,1.1842,1.7525,0.07968,0.99956,Mast,UC_vs_HC
GNS,4.11,0.10902,0.7058,0.15447,0.87724,0.99956,Mast,UC_vs_HC
TBC1D30,1.5278,2.1228,1.0484,2.0248,0.042891,0.92072,Mast,UC_vs_HC
LEMD3,0.9841,1.0162,0.89238,1.1387,0.25482,,Mast,UC_vs_HC
MSRB3,1.9655,0.38483,0.94522,0.40714,0.68391,0.99956,Mast,UC_vs_HC
LLPH,4.9342,-0.072838,0.46265,-0.15744,0.8749,0.99956,Mast,UC_vs_HC
TMBIM4,18.436,-0.08918,0.23703,-0.37624,0.70674,0.99956,Mast,UC_vs_HC
IRAK3,1.6388,1.6081,0.84526,1.9025,0.057106,0.98721,Mast,UC_vs_HC
HELB,1.1903,1.1179,0.96421,1.1594,0.24629,0.99956,Mast,UC_vs_HC
GRIP1,0.06025,0.16073,4.0541,0.039647,0.96837,,Mast,UC_vs_HC
CAND1,2.1133,-0.23663,0.79838,-0.29639,0.76693,0.99956,Mast,UC_vs_HC
DYRK2,1.3832,0.27322,0.87567,0.31201,0.75503,0.99956,Mast,UC_vs_HC
IFNG,0.24346,0.8503,4.128,0.20598,0.83681,,Mast,UC_vs_HC
IL26,0.018728,0.70632,4.1361,0.17077,0.86441,,Mast,UC_vs_HC
MDM1,0.55704,0.40637,0.99016,0.4104,0.68151,,Mast,UC_vs_HC
LINC02384,0.043089,1.2415,4.0577,0.30596,0.75964,,Mast,UC_vs_HC
RAP1B,14.718,-0.15216,0.3145,-0.48382,0.62851,0.99956,Mast,UC_vs_HC
AC090061.1,0.13279,0.73069,4.1338,0.17676,0.8597,,Mast,UC_vs_HC
NUP107,1.3504,1.7661,0.92762,1.9039,0.056923,0.98721,Mast,UC_vs_HC
SLC35E3,1.3765,-0.019167,1.027,-0.018664,0.98511,0.99956,Mast,UC_vs_HC
MDM2,2.9001,-0.54994,0.7462,-0.737,0.46112,0.99956,Mast,UC_vs_HC
AC025423.1,0.052922,0.24161,3.2428,0.074505,0.94061,,Mast,UC_vs_HC
AC025423.4,0.23814,-0.37596,1.7872,-0.21036,0.83339,,Mast,UC_vs_HC
CPM,19.339,-0.93276,0.58293,-1.6001,0.10957,0.99956,Mast,UC_vs_HC
CPSF6,3.0657,-0.74143,0.61522,-1.2051,0.22815,0.99956,Mast,UC_vs_HC
AC020656.2,0.055411,0.73069,4.1338,0.17676,0.8597,,Mast,UC_vs_HC
LYZ,1.6088,1.2761,1.2365,1.032,0.30208,0.99956,Mast,UC_vs_HC
AC020656.1,0.18575,0.99453,2.036,0.48846,0.62522,,Mast,UC_vs_HC
YEATS4,1.9867,0.56623,0.77018,0.73519,0.46222,0.99956,Mast,UC_vs_HC
FRS2,1.0018,0.11246,0.83253,0.13508,0.89255,,Mast,UC_vs_HC
CCT2,8.3553,-0.2458,0.4212,-0.58358,0.55951,0.99956,Mast,UC_vs_HC
RAB3IP,0.58622,-0.88556,1.116,-0.79348,0.4275,,Mast,UC_vs_HC
AC025159.1,0.98473,-1.3593,1.5161,-0.89656,0.36995,,Mast,UC_vs_HC
LINC01481,0.055411,0.73069,4.1338,0.17676,0.8597,,Mast,UC_vs_HC
CNOT2,5.0117,0.061569,0.42568,0.14464,0.885,0.99956,Mast,UC_vs_HC
KCNMB4,0.0268,0.16572,4.0548,0.040869,0.9674,,Mast,UC_vs_HC
AC025569.1,0.23998,0.46704,1.6846,0.27724,0.7816,,Mast,UC_vs_HC
PTPRB,0.9161,1.1352,0.94662,1.1992,0.23044,,Mast,UC_vs_HC
PTPRR,0.11509,0.4684,1.714,0.27328,0.78464,,Mast,UC_vs_HC
TSPAN8,0.56269,-0.34176,1.5863,-0.21545,0.82942,,Mast,UC_vs_HC
ZFC3H1,5.128,0.012929,0.50006,0.025854,0.97937,0.99956,Mast,UC_vs_HC
THAP2,9.1151,-1.7986,0.652,-2.7587,0.005804,0.60071,Mast,UC_vs_HC
TMEM19,1.1891,-0.45326,1.002,-0.45234,0.65103,0.99956,Mast,UC_vs_HC
RAB21,5.4125,0.63346,0.47625,1.3301,0.18348,0.99956,Mast,UC_vs_HC
AC089984.1,0.0134,0.3681,4.0861,0.090086,0.92822,,Mast,UC_vs_HC
TBC1D15,1.8336,0.083544,0.69715,0.11984,0.90461,0.99956,Mast,UC_vs_HC
ATXN7L3B,2.6085,-0.33158,0.57747,-0.5742,0.56583,0.99956,Mast,UC_vs_HC
GLIPR1L2,0.059765,0.024139,4.0722,0.0059277,0.99527,,Mast,UC_vs_HC
GLIPR1,0.79257,0.31454,1.3933,0.22575,0.82139,,Mast,UC_vs_HC
AC121761.1,0.0134,0.3681,4.0861,0.090086,0.92822,,Mast,UC_vs_HC
KRR1,5.7275,0.44896,0.40093,1.1198,0.2628,0.99956,Mast,UC_vs_HC
PHLDA1,7.5376,-2.2046,0.94137,-2.3419,0.019186,0.76788,Mast,UC_vs_HC
AC011611.4,0.1557,0.66895,2.3879,0.28014,0.77937,,Mast,UC_vs_HC
NAP1L1,32.646,-0.16696,0.31302,-0.53338,0.59377,0.99956,Mast,UC_vs_HC
BBS10,0.20969,-0.82149,2.7832,-0.29516,0.76787,,Mast,UC_vs_HC
OSBPL8,11.345,0.19448,0.34085,0.57055,0.5683,0.99956,Mast,UC_vs_HC
ZDHHC17,1.4818,0.64656,0.71197,0.90812,0.36381,0.99956,Mast,UC_vs_HC
CSRP2,0.026346,1.1367,4.0708,0.27924,0.78006,,Mast,UC_vs_HC
E2F7,0.13697,0.63922,3.6449,0.17537,0.86079,,Mast,UC_vs_HC
PAWR,0.13279,0.73069,4.1338,0.17676,0.8597,,Mast,UC_vs_HC
PPP1R12A,10.639,0.10473,0.30354,0.34503,0.73008,0.99956,Mast,UC_vs_HC
LIN7A,0.50795,1.7858,2.1563,0.82818,0.40757,,Mast,UC_vs_HC
CCDC59,9.2342,-0.39541,0.4255,-0.92927,0.35275,0.99956,Mast,UC_vs_HC
METTL25,0.69539,-0.90473,1.0487,-0.86272,0.38829,,Mast,UC_vs_HC
AC089998.1,0.0134,0.3681,4.0861,0.090086,0.92822,,Mast,UC_vs_HC
TMTC2,0.0134,0.3681,4.0861,0.090086,0.92822,,Mast,UC_vs_HC
C12orf29,1.8878,-0.31549,0.84896,-0.37161,0.71018,0.99956,Mast,UC_vs_HC
CEP290,1.9991,-0.33259,0.75984,-0.43771,0.6616,0.99956,Mast,UC_vs_HC
TMTC3,0.045074,1.1802,3.0256,0.39009,0.69647,,Mast,UC_vs_HC
KITLG,0.055411,0.73069,4.1338,0.17676,0.8597,,Mast,UC_vs_HC
LINC02458,0.27343,-0.0087987,2.2563,-0.0038996,0.99689,,Mast,UC_vs_HC
DUSP6,45.342,-0.58645,0.34895,-1.6806,0.092837,0.99956,Mast,UC_vs_HC
AC024909.2,0.30602,-0.29747,1.6715,-0.17796,0.85876,,Mast,UC_vs_HC
AC010201.1,0.024934,1.088,4.0829,0.26647,0.78988,,Mast,UC_vs_HC
POC1B,0.89313,1.1711,1.1592,1.0102,0.31238,,Mast,UC_vs_HC
POC1B-AS1,0.33986,-0.066843,1.6704,-0.040016,0.96808,,Mast,UC_vs_HC
AC025034.1,0.018728,0.70632,4.1361,0.17077,0.86441,,Mast,UC_vs_HC
ATP2B1,2.4992,0.54176,0.72681,0.74539,0.45603,0.99956,Mast,UC_vs_HC
ATP2B1-AS1,0.96091,-0.72764,1.5377,-0.47321,0.63606,,Mast,UC_vs_HC
LUM,0.52174,-0.149,1.3677,-0.10894,0.91325,,Mast,UC_vs_HC
DCN,0.079491,0.90196,3.3422,0.26987,0.78726,,Mast,UC_vs_HC
BTG1,38.173,0.16015,0.38268,0.41851,0.67558,0.99956,Mast,UC_vs_HC
AC025164.1,0.96114,0.27384,1.1633,0.2354,0.8139,,Mast,UC_vs_HC
CLLU1OS,0.026237,0.024139,4.0722,0.0059277,0.99527,,Mast,UC_vs_HC
LINC02397,0.14674,1.8062,3.4161,0.52874,0.59699,,Mast,UC_vs_HC
EEA1,1.7328,0.34753,0.71022,0.48932,0.62461,0.99956,Mast,UC_vs_HC
NUDT4,3.8638,-0.038003,0.5956,-0.063807,0.94912,0.99956,Mast,UC_vs_HC
UBE2N,8.6351,-0.20293,0.39243,-0.51712,0.60507,0.99956,Mast,UC_vs_HC
MRPL42,4.0998,-0.40654,0.56523,-0.71926,0.47198,0.99956,Mast,UC_vs_HC
SOCS2,3.7157,1.8439,0.91572,2.0136,0.044049,0.92492,Mast,UC_vs_HC
CRADD,0.19859,0.61243,2.0441,0.2996,0.76448,,Mast,UC_vs_HC
PLXNC1,1.2255,0.14408,1.1532,0.12493,0.90058,0.99956,Mast,UC_vs_HC
CEP83,1.5554,-1.3391,0.96317,-1.3903,0.16443,0.99956,Mast,UC_vs_HC
TMCC3,0.69424,3.0838,1.5646,1.971,0.048721,,Mast,UC_vs_HC
NDUFA12,15.206,0.18424,0.33758,0.54578,0.58522,0.99956,Mast,UC_vs_HC
NR2C1,0.71772,-0.4228,1.0843,-0.38992,0.69659,,Mast,UC_vs_HC
FGD6,0.024934,1.088,4.0829,0.26647,0.78988,,Mast,UC_vs_HC
VEZT,2.1371,-0.65245,0.6321,-1.0322,0.30198,0.99956,Mast,UC_vs_HC
METAP2,7.4818,-0.89829,0.44673,-2.0108,0.044344,0.92492,Mast,UC_vs_HC
USP44,0.1882,0.78852,3.6827,0.21411,0.83046,,Mast,UC_vs_HC
SNRPF,11.082,-0.64709,0.37218,-1.7387,0.082095,0.99956,Mast,UC_vs_HC
AMDHD1,0.064474,0.59268,4.1488,0.14286,0.8864,,Mast,UC_vs_HC
HAL,0.055411,0.73069,4.1338,0.17676,0.8597,,Mast,UC_vs_HC
LTA4H,0.75667,-0.71685,1.2765,-0.56155,0.57442,,Mast,UC_vs_HC
LINC02452,0.08611,0.46123,3.4301,0.13446,0.89304,,Mast,UC_vs_HC
ELK3,1.1994,0.82331,0.87355,0.94248,0.34595,0.99956,Mast,UC_vs_HC
CDK17,1.6105,1.2717,0.67195,1.8925,0.05842,0.98721,Mast,UC_vs_HC
CFAP54,0.41154,-0.14175,1.1408,-0.12425,0.90112,,Mast,UC_vs_HC
NEDD1,0.6606,0.16199,1.0647,0.15215,0.87907,,Mast,UC_vs_HC
LINC02453,0.26417,0.58636,1.9853,0.29535,0.76773,,Mast,UC_vs_HC
TMPO-AS1,0.084596,1.061,2.155,0.49234,0.62248,,Mast,UC_vs_HC
TMPO,2.6866,1.8633,1.2352,1.5085,0.13142,0.99956,Mast,UC_vs_HC
SLC25A3,29.845,-0.044212,0.57718,-0.076601,0.93894,0.99956,Mast,UC_vs_HC
IKBIP,2.5049,0.11195,0.76691,0.14597,0.88394,0.99956,Mast,UC_vs_HC
APAF1,0.71805,1.7144,1.219,1.4063,0.15962,,Mast,UC_vs_HC
ANKS1B,0.0134,0.3681,4.0861,0.090086,0.92822,,Mast,UC_vs_HC
UHRF1BP1L,0.92631,-0.45836,0.99918,-0.45874,0.64642,,Mast,UC_vs_HC
ACTR6,2.901,-0.34076,0.57926,-0.58827,0.55635,0.99956,Mast,UC_vs_HC
DEPDC4,0.037456,0.73093,4.1338,0.17682,0.85965,,Mast,UC_vs_HC
SCYL2,2.2519,-0.18195,0.72047,-0.25255,0.80062,0.99956,Mast,UC_vs_HC
GAS2L3,0.13279,0.73069,4.1338,0.17676,0.8597,,Mast,UC_vs_HC
UTP20,0.38443,1.9976,1.731,1.1541,0.24847,,Mast,UC_vs_HC
ARL1,4.6915,-0.17894,0.40447,-0.4424,0.6582,0.99956,Mast,UC_vs_HC
AC010205.1,0.064474,0.59268,4.1488,0.14286,0.8864,,Mast,UC_vs_HC
CHPT1,1.8314,2.0419,0.89153,2.2903,0.022001,0.80239,Mast,UC_vs_HC
SYCP3,0.26868,1.4097,2.1496,0.65578,0.51197,,Mast,UC_vs_HC
GNPTAB,8.5126,0.025673,0.39972,0.064228,0.94879,0.99956,Mast,UC_vs_HC
DRAM1,0.78099,0.50781,1.0525,0.48248,0.62947,,Mast,UC_vs_HC
AC084398.2,0.018728,0.70632,4.1361,0.17077,0.86441,,Mast,UC_vs_HC
AC079907.2,0.05825,0.61256,3.152,0.19434,0.84591,,Mast,UC_vs_HC
WASHC3,4.561,0.060155,0.50853,0.11829,0.90584,0.99956,Mast,UC_vs_HC
NUP37,1.0099,-1.014,0.98643,-1.028,0.30397,,Mast,UC_vs_HC
PARPBP,0.32871,-0.15615,1.9445,-0.080303,0.936,,Mast,UC_vs_HC
IGF1,0.0268,0.16572,4.0548,0.040869,0.9674,,Mast,UC_vs_HC
NT5DC3,0.091273,0.023887,3.6038,0.0066283,0.99471,,Mast,UC_vs_HC
HSP90B1,68.092,0.63518,0.30953,2.0521,0.040162,0.90299,Mast,UC_vs_HC
C12orf73,0.56985,1.052,1.6537,0.63615,0.52468,,Mast,UC_vs_HC
TDG,5.9861,-0.62411,0.43081,-1.4487,0.14743,0.99956,Mast,UC_vs_HC
HCFC2,1.1507,0.34149,0.98087,0.34815,0.72773,0.99956,Mast,UC_vs_HC
NFYB,2.0794,-0.20687,0.86061,-0.24037,0.81004,0.99956,Mast,UC_vs_HC
TXNRD1,2.2076,0.70924,0.62574,1.1334,0.25703,0.99956,Mast,UC_vs_HC
EID3,0.14568,1.043,2.585,0.40347,0.6866,,Mast,UC_vs_HC
CHST11,4.03,0.85357,0.54278,1.5726,0.11581,0.99956,Mast,UC_vs_HC
C12orf45,3.1944,0.43587,0.62087,0.70203,0.48266,0.99956,Mast,UC_vs_HC
ALDH1L2,0.045528,0.19411,2.9294,0.066264,0.94717,,Mast,UC_vs_HC
WASHC4,2.6887,0.67874,0.60356,1.1245,0.26078,0.99956,Mast,UC_vs_HC
APPL2,0.67733,-0.69034,1.1318,-0.60994,0.5419,,Mast,UC_vs_HC
C12orf75,0.64056,-1.0172,1.9312,-0.52672,0.59839,,Mast,UC_vs_HC
CKAP4,1.4826,0.23605,0.89344,0.2642,0.79162,0.99956,Mast,UC_vs_HC
AC079174.2,0.026346,1.1367,4.0708,0.27924,0.78006,,Mast,UC_vs_HC
TCP11L2,0.45339,0.49275,1.5139,0.32549,0.74481,,Mast,UC_vs_HC
POLR3B,0.53843,0.2692,1.2717,0.21169,0.83235,,Mast,UC_vs_HC
RIC8B,0.26416,1.0488,1.4104,0.7436,0.45712,,Mast,UC_vs_HC
AC007541.1,0.090615,-0.77327,1.915,-0.4038,0.68636,,Mast,UC_vs_HC
TMEM263,1.3555,0.091117,0.80984,0.11251,0.91042,0.99956,Mast,UC_vs_HC
MTERF2,0.60725,-0.43123,0.96043,-0.449,0.65343,,Mast,UC_vs_HC
CRY1,0.74676,0.077203,0.93968,0.082159,0.93452,,Mast,UC_vs_HC
BTBD11,0.35599,1.9546,3.8938,0.50199,0.61567,,Mast,UC_vs_HC
PWP1,3.5393,0.4718,0.48451,0.97376,0.33017,0.99956,Mast,UC_vs_HC
PRDM4,0.54333,-0.19538,1.1113,-0.17582,0.86043,,Mast,UC_vs_HC
WSCD2,0.56285,0.44249,1.115,0.39684,0.69149,,Mast,UC_vs_HC
FICD,0.71849,-0.21127,1.402,-0.15069,0.88022,,Mast,UC_vs_HC
SART3,1.8628,-1.1903,0.82545,-1.442,0.14931,0.99956,Mast,UC_vs_HC
ISCU,5.2572,0.22202,0.77213,0.28754,0.7737,0.99956,Mast,UC_vs_HC
SELPLG,1.918,2.2819,1.0451,2.1834,0.029004,0.88944,Mast,UC_vs_HC
CORO1C,1.9125,-1.0675,0.71031,-1.5028,0.13289,0.99956,Mast,UC_vs_HC
SSH1,1.1842,-0.55335,1.1429,-0.48415,0.62828,0.99956,Mast,UC_vs_HC
USP30,0.056489,0.8828,3.1215,0.28281,0.77732,,Mast,UC_vs_HC
USP30-AS1,0.13578,0.82493,2.2364,0.36886,0.71223,,Mast,UC_vs_HC
ALKBH2,0.59738,0.66933,1.0161,0.65876,0.51005,,Mast,UC_vs_HC
UNG,0.35207,1.0243,1.6604,0.61689,0.53731,,Mast,UC_vs_HC
ACACB,0.41691,0.46968,1.1891,0.39498,0.69286,,Mast,UC_vs_HC
KCTD10,0.91755,0.78319,1.0127,0.77335,0.43931,,Mast,UC_vs_HC
UBE3B,0.56346,0.20176,1.2827,0.1573,0.87501,,Mast,UC_vs_HC
MMAB,0.5642,1.1261,1.3459,0.83669,0.40277,,Mast,UC_vs_HC
MVK,0.18332,1.5033,1.6392,0.91711,0.35909,,Mast,UC_vs_HC
FAM222A,0.70543,-1.6876,1.3287,-1.2701,0.20406,,Mast,UC_vs_HC
GLTP,1.6868,-0.057832,0.95164,-0.060771,0.95154,0.99956,Mast,UC_vs_HC
TCHP,1.0678,0.31983,1.1903,0.26871,0.78816,,Mast,UC_vs_HC
GIT2,0.90541,0.09903,0.91604,0.10811,0.91391,,Mast,UC_vs_HC
ANKRD13A,1.2064,1.1514,1.2706,0.90614,0.36486,0.99956,Mast,UC_vs_HC
C12orf76,1.6851,-0.56725,0.81422,-0.69668,0.486,0.99956,Mast,UC_vs_HC
IFT81,0.093786,1.3571,3.1774,0.4271,0.66931,,Mast,UC_vs_HC
ATP2A2,5.8066,0.42953,0.54826,0.78344,0.43337,0.99956,Mast,UC_vs_HC
ANAPC7,1.0559,0.70246,0.9526,0.73741,0.46087,,Mast,UC_vs_HC
ARPC3,70.804,0.14611,0.18196,0.80299,0.42198,0.99956,Mast,UC_vs_HC
GPN3,4.3612,0.27304,0.58158,0.46948,0.63873,0.99956,Mast,UC_vs_HC
FAM216A,0.25805,0.21365,1.7427,0.1226,0.90243,,Mast,UC_vs_HC
VPS29,14.119,-0.0421,0.35902,-0.11726,0.90665,0.99956,Mast,UC_vs_HC
RAD9B,0.055411,0.73069,4.1338,0.17676,0.8597,,Mast,UC_vs_HC
PPTC7,1.8963,0.47927,0.61501,0.77928,0.43581,0.99956,Mast,UC_vs_HC
TCTN1,0.35837,-0.35834,1.6402,-0.21846,0.82707,,Mast,UC_vs_HC
HVCN1,0.69907,0.062891,0.97434,0.064547,0.94853,,Mast,UC_vs_HC
PPP1CC,5.3408,-0.41628,0.55407,-0.75131,0.45247,0.99956,Mast,UC_vs_HC
PHETA1,0.2162,0.36063,1.9018,0.18963,0.8496,,Mast,UC_vs_HC
LINC02356,0.12061,1.2935,1.6532,0.78242,0.43397,,Mast,UC_vs_HC
SH2B3,3.1431,0.75533,0.56291,1.3418,0.17965,0.99956,Mast,UC_vs_HC
ATXN2,2.4198,-0.16305,0.58814,-0.27722,0.78161,0.99956,Mast,UC_vs_HC
BRAP,0.3371,-0.71744,1.4354,-0.49982,0.6172,,Mast,UC_vs_HC
ACAD10,0.15398,-0.64776,2.3834,-0.27178,0.78579,,Mast,UC_vs_HC
ALDH2,0.53264,0.62796,1.448,0.43368,0.66452,,Mast,UC_vs_HC
MAPKAPK5-AS1,1.8708,-0.19244,0.80299,-0.23965,0.8106,0.99956,Mast,UC_vs_HC
MAPKAPK5,0.8712,0.14377,0.96313,0.14928,0.88134,,Mast,UC_vs_HC
TMEM116,0.39359,0.019977,1.1716,0.017051,0.9864,,Mast,UC_vs_HC
ERP29,14.016,0.16224,0.37302,0.43495,0.6636,0.99956,Mast,UC_vs_HC
NAA25,1.1604,-0.81013,1.0521,-0.76998,0.44131,0.99956,Mast,UC_vs_HC
AC073575.1,0.059765,0.024139,4.0722,0.0059277,0.99527,,Mast,UC_vs_HC
TRAFD1,0.90087,1.4849,1.1579,1.2824,0.19971,,Mast,UC_vs_HC
HECTD4,1.0178,-0.22906,1.105,-0.20729,0.83578,,Mast,UC_vs_HC
RPL6,196.12,-0.18721,0.1489,-1.2572,0.20866,0.99956,Mast,UC_vs_HC
PTPN11,1.0286,0.42597,1.0903,0.39068,0.69603,,Mast,UC_vs_HC
OAS1,0.26464,-1.5152,1.4929,-1.015,0.31012,,Mast,UC_vs_HC
OAS3,0.1626,1.0097,1.8422,0.54807,0.58365,,Mast,UC_vs_HC
DTX1,0.15914,1.2101,3.7545,0.3223,0.74723,,Mast,UC_vs_HC
RASAL1,0.044965,0.057449,3.1839,0.018044,0.9856,,Mast,UC_vs_HC
DDX54,1.9431,-0.23616,1.1211,-0.21064,0.83317,0.99956,Mast,UC_vs_HC
RITA1,0.39134,0.7914,1.3465,0.58774,0.55671,,Mast,UC_vs_HC
IQCD,0.059765,0.024139,4.0722,0.0059277,0.99527,,Mast,UC_vs_HC
TPCN1,1.7267,0.033498,0.74357,0.04505,0.96407,0.99956,Mast,UC_vs_HC
SLC8B1,0.55414,-1.0558,1.14,-0.92614,0.35437,,Mast,UC_vs_HC
PLBD2,0.24235,-0.83849,1.7564,-0.4774,0.63308,,Mast,UC_vs_HC
SDSL,5.5438,0.66742,0.50399,1.3243,0.18541,0.99956,Mast,UC_vs_HC
RBM19,0.92568,-0.44612,1.0077,-0.44269,0.65799,,Mast,UC_vs_HC
MED13L,2.6578,0.9913,0.71022,1.3958,0.16279,0.99956,Mast,UC_vs_HC
MAP1LC3B2,0.17619,0.19033,2.0523,0.092738,0.92611,,Mast,UC_vs_HC
C12orf49,0.61344,-0.99009,1.2255,-0.80793,0.41913,,Mast,UC_vs_HC
RNFT2,0.15721,0.068316,3.9957,0.017097,0.98636,,Mast,UC_vs_HC
FBXW8,0.33604,0.65385,2.0416,0.32027,0.74877,,Mast,UC_vs_HC
AC127164.1,0.078493,0.052424,3.5352,0.014829,0.98817,,Mast,UC_vs_HC
TESC,4.4336,0.40861,0.84913,0.48121,0.63036,0.99956,Mast,UC_vs_HC
FBXO21,0.61767,1.361,1.2918,1.0536,0.29208,,Mast,UC_vs_HC
RFC5,0.48702,0.0045977,1.219,0.0037717,0.99699,,Mast,UC_vs_HC
WSB2,1.3004,0.22172,0.83241,0.26636,0.78996,0.99956,Mast,UC_vs_HC
VSIG10,0.18122,-0.60957,1.4813,-0.41151,0.6807,,Mast,UC_vs_HC
PEBP1,30.287,-0.38129,0.4912,-0.77626,0.4376,0.99956,Mast,UC_vs_HC
TAOK3,10.142,0.46491,0.50008,0.92967,0.35254,0.99956,Mast,UC_vs_HC
SUDS3,0.88869,0.78083,1.2035,0.64881,0.51646,,Mast,UC_vs_HC
AC002070.1,0.43833,-0.77414,1.1811,-0.65544,0.51218,,Mast,UC_vs_HC
TMEM233,4.3231,-0.21785,0.93379,-0.2333,0.81553,0.99956,Mast,UC_vs_HC
PRKAB1,0.77884,0.60491,1.0605,0.57041,0.5684,,Mast,UC_vs_HC
CIT,0.24349,-0.24196,1.8199,-0.13295,0.89423,,Mast,UC_vs_HC
BICDL1,0.35048,0.82272,3.9712,0.20717,0.83588,,Mast,UC_vs_HC
RAB35,1.1198,-0.39495,1.1022,-0.35834,0.72009,0.99956,Mast,UC_vs_HC
AC004812.2,0.21822,0.0098757,2.6381,0.0037434,0.99701,,Mast,UC_vs_HC
GCN1,0.4539,-0.83604,1.0942,-0.76405,0.44483,,Mast,UC_vs_HC
RPLP0,56.449,-0.17451,0.21645,-0.80625,0.4201,0.99956,Mast,UC_vs_HC
PXN-AS1,0.52791,-0.18073,1.0266,-0.17605,0.86026,,Mast,UC_vs_HC
PXN,0.53316,-0.082742,1.1259,-0.073487,0.94142,,Mast,UC_vs_HC
AC004263.1,0.055411,0.73069,4.1338,0.17676,0.8597,,Mast,UC_vs_HC
SIRT4,0.026346,1.1367,4.0708,0.27924,0.78006,,Mast,UC_vs_HC
COX6A1,30.287,0.29529,0.22887,1.2902,0.19699,0.99956,Mast,UC_vs_HC
TRIAP1,1.1719,1.3071,1.0204,1.281,0.2002,0.99956,Mast,UC_vs_HC
GATC,1.332,1.1833,0.92196,1.2835,0.19932,0.99956,Mast,UC_vs_HC
SRSF9,4.6531,0.75508,1.0266,0.73548,0.46205,0.99956,Mast,UC_vs_HC
DYNLL1,56.571,-0.012832,0.27195,-0.047186,0.96237,0.99956,Mast,UC_vs_HC
NRAV,0.07882,0.049153,3.3113,0.014844,0.98816,,Mast,UC_vs_HC
COQ5,1.0645,0.61131,0.85316,0.71652,0.47367,,Mast,UC_vs_HC
RNF10,2.9764,-0.097548,0.64508,-0.15122,0.8798,0.99956,Mast,UC_vs_HC
POP5,5.1367,0.56671,0.53356,1.0621,0.28818,0.99956,Mast,UC_vs_HC
MLEC,3.6019,1.0134,0.91011,1.1135,0.2655,0.99956,Mast,UC_vs_HC
UNC119B,0.15765,-0.73898,1.662,-0.44463,0.65659,,Mast,UC_vs_HC
ACADS,0.92839,-1.7877,1.1955,-1.4954,0.1348,,Mast,UC_vs_HC
SPPL3,0.80097,0.23344,0.93428,0.24986,0.8027,,Mast,UC_vs_HC
C12orf43,0.92459,-0.56596,1.0729,-0.52751,0.59784,,Mast,UC_vs_HC
OASL,0.29959,0.70592,1.4498,0.48691,0.62632,,Mast,UC_vs_HC
P2RX7,0.2833,-0.63414,1.8082,-0.3507,0.72581,,Mast,UC_vs_HC
P2RX4,0.74081,-0.0195,1.0959,-0.017793,0.9858,,Mast,UC_vs_HC
CAMKK2,0.73809,-0.62235,1.1856,-0.52491,0.59964,,Mast,UC_vs_HC
ANAPC5,6.4553,-0.53832,0.37215,-1.4465,0.14803,0.99956,Mast,UC_vs_HC
RNF34,1.6897,-0.13069,0.74917,-0.17444,0.86152,0.99956,Mast,UC_vs_HC
KDM2B,0.42166,0.76286,1.8258,0.41784,0.67607,,Mast,UC_vs_HC
ORAI1,0.66737,-0.32789,1.166,-0.2812,0.77856,,Mast,UC_vs_HC
MORN3,0.11988,0.63553,3.5925,0.1769,0.85958,,Mast,UC_vs_HC
TMEM120B,0.87991,0.89464,1.1346,0.78851,0.4304,,Mast,UC_vs_HC
RHOF,1.4928,-0.56723,0.85226,-0.66555,0.5057,0.99956,Mast,UC_vs_HC
LINC01089,1.2102,0.10232,0.9067,0.11285,0.91015,0.99956,Mast,UC_vs_HC
AC084018.2,0.0134,0.3681,4.0861,0.090086,0.92822,,Mast,UC_vs_HC
SETD1B,0.51738,1.473,1.3518,1.0896,0.27587,,Mast,UC_vs_HC
PSMD9,2.1869,-0.89115,0.70887,-1.2571,0.2087,0.99956,Mast,UC_vs_HC
AC069503.2,0.026237,0.024139,4.0722,0.0059277,0.99527,,Mast,UC_vs_HC
WDR66,0.23977,0.59235,3.9185,0.15117,0.87984,,Mast,UC_vs_HC
BCL7A,0.31568,0.042319,1.3004,0.032543,0.97404,,Mast,UC_vs_HC
MLXIP,2.454,-0.24084,0.86556,-0.27824,0.78083,0.99956,Mast,UC_vs_HC
B3GNT4,0.037578,0.16073,4.0541,0.039647,0.96837,,Mast,UC_vs_HC
DIABLO-1,0.32894,-1.0134,1.822,-0.55619,0.57808,,Mast,UC_vs_HC
VPS33A,1.2476,0.083944,0.97172,0.086387,0.93116,0.99956,Mast,UC_vs_HC
CLIP1,3.4077,0.54446,0.51573,1.0557,0.29109,0.99956,Mast,UC_vs_HC
ZCCHC8,1.4343,0.72136,0.79562,0.90665,0.36459,0.99956,Mast,UC_vs_HC
RSRC2,16.832,-0.059144,0.34642,-0.17073,0.86444,0.99956,Mast,UC_vs_HC
KNTC1,0.18888,0.76296,1.7152,0.44482,0.65645,,Mast,UC_vs_HC
HCAR2,0.039745,0.81098,2.9497,0.27494,0.78337,,Mast,UC_vs_HC
HCAR3,0.33441,1.7645,2.2518,0.78357,0.43329,,Mast,UC_vs_HC
HCAR1,0.026346,1.1367,4.0708,0.27924,0.78006,,Mast,UC_vs_HC
DENR,4.806,0.082137,0.49306,0.16659,0.8677,0.99956,Mast,UC_vs_HC
CCDC62,0.0134,0.3681,4.0861,0.090086,0.92822,,Mast,UC_vs_HC
HIP1R,0.65319,-2.4365,1.7018,-1.4317,0.15223,,Mast,UC_vs_HC
VPS37B,10.946,-0.90718,0.50026,-1.8134,0.069765,0.99956,Mast,UC_vs_HC
AC027290.1,0.032128,0.40025,2.7752,0.14423,0.88532,,Mast,UC_vs_HC
ABCB9,0.055411,0.73069,4.1338,0.17676,0.8597,,Mast,UC_vs_HC
OGFOD2,0.43073,0.088756,1.2469,0.07118,0.94325,,Mast,UC_vs_HC
ARL6IP4,17.031,0.5584,0.74622,0.7483,0.45428,0.99956,Mast,UC_vs_HC
PITPNM2,0.19104,0.66835,2.468,0.27081,0.78654,,Mast,UC_vs_HC
MPHOSPH9,0.98767,0.56498,0.85056,0.66424,0.50654,,Mast,UC_vs_HC
C12orf65,1.0251,0.66527,0.80773,0.82363,0.41015,,Mast,UC_vs_HC
SBNO1,5.0145,-0.22816,0.5558,-0.4105,0.68144,0.99956,Mast,UC_vs_HC
AC137767.1,0.17324,1.0345,1.8386,0.56265,0.57368,,Mast,UC_vs_HC
KMT5A,1.4337,0.56158,0.96698,0.58076,0.5614,0.99956,Mast,UC_vs_HC
RILPL2,4.3226,0.023017,0.67262,0.03422,0.9727,0.99956,Mast,UC_vs_HC
SNRNP35,2.6699,0.17677,0.67683,0.26118,0.79395,0.99956,Mast,UC_vs_HC
RILPL1,0.0134,0.3681,4.0861,0.090086,0.92822,,Mast,UC_vs_HC
AC055713.1,0.082834,1.1766,1.9991,0.58858,0.55614,,Mast,UC_vs_HC
TMED2,7.1036,-0.014785,0.68189,-0.021682,0.9827,0.99956,Mast,UC_vs_HC
DDX55,0.84893,-0.97028,0.92698,-1.0467,0.29523,,Mast,UC_vs_HC
EIF2B1,1.4599,-0.094832,0.77627,-0.12216,0.90277,0.99956,Mast,UC_vs_HC
GTF2H3,0.96057,0.82121,0.91416,0.89832,0.36902,,Mast,UC_vs_HC
ATP6V0A2,6.9651,0.36158,0.48093,0.75183,0.45215,0.99956,Mast,UC_vs_HC
DNAH10,0.10193,0.62999,3.4199,0.18422,0.85384,,Mast,UC_vs_HC
CCDC92,1.8915,0.23867,0.7145,0.33403,0.73835,0.99956,Mast,UC_vs_HC
AC079315.1,0.018728,0.70632,4.1361,0.17077,0.86441,,Mast,UC_vs_HC
ZNF664,0.77164,0.82858,0.93699,0.8843,0.37653,,Mast,UC_vs_HC
NCOR2,3.3044,-0.91498,0.576,-1.5885,0.11217,0.99956,Mast,UC_vs_HC
AC073592.1,0.11988,0.63553,3.5925,0.1769,0.85958,,Mast,UC_vs_HC
SCARB1,0.043089,1.2415,4.0577,0.30596,0.75964,,Mast,UC_vs_HC
UBC,107.29,-0.33108,0.39238,-0.84378,0.39879,0.99956,Mast,UC_vs_HC
DHX37,0.5788,1.591,2.1502,0.73993,0.45934,,Mast,UC_vs_HC
BRI3BP,0.83777,1.2239,1.4877,0.8227,0.41068,,Mast,UC_vs_HC
THRIL,0.043089,1.2415,4.0577,0.30596,0.75964,,Mast,UC_vs_HC
AACS,0.57716,-0.49782,1.1607,-0.4289,0.668,,Mast,UC_vs_HC
LINC00944,0.026237,0.024139,4.0722,0.0059277,0.99527,,Mast,UC_vs_HC
SLC15A4,0.10788,-0.41507,3.7224,-0.11151,0.91121,,Mast,UC_vs_HC
PIWIL1,0.026237,0.024139,4.0722,0.0059277,0.99527,,Mast,UC_vs_HC
STX2,0.37922,0.71089,2.8981,0.24529,0.80623,,Mast,UC_vs_HC
RAN,23.964,0.032586,0.2655,0.12274,0.90231,0.99956,Mast,UC_vs_HC
SFSWAP,2.1929,-0.040462,0.61867,-0.065401,0.94786,0.99956,Mast,UC_vs_HC
AC117500.2,0.039522,0.59268,4.1488,0.14286,0.8864,,Mast,UC_vs_HC
ULK1,0.8451,0.99113,1.1678,0.84869,0.39605,,Mast,UC_vs_HC
PUS1,0.13241,0.49996,2.5115,0.19907,0.84221,,Mast,UC_vs_HC
EP400,1.5696,-1.0226,0.83955,-1.218,0.22323,0.99956,Mast,UC_vs_HC
DDX51,0.44727,0.98571,1.148,0.85865,0.39054,,Mast,UC_vs_HC
NOC4L,0.38692,0.31069,1.469,0.21149,0.8325,,Mast,UC_vs_HC
LINC02361,0.0134,0.3681,4.0861,0.090086,0.92822,,Mast,UC_vs_HC
FBRSL1,1.1922,-0.39449,0.90297,-0.43689,0.66219,0.99956,Mast,UC_vs_HC
POLE,0.17737,0.24572,1.56,0.15751,0.87484,,Mast,UC_vs_HC
PXMP2,0.07365,-0.053317,3.1259,-0.017057,0.98639,,Mast,UC_vs_HC
PGAM5,0.0134,0.3681,4.0861,0.090086,0.92822,,Mast,UC_vs_HC
ANKLE2,2.9561,0.96255,0.6677,1.4416,0.14942,0.99956,Mast,UC_vs_HC
GOLGA3,2.0253,0.98596,0.82031,1.2019,0.22939,0.99956,Mast,UC_vs_HC
CHFR,1.0323,0.073934,0.83039,0.089036,0.92905,,Mast,UC_vs_HC
AC127070.1,0.18377,0.0040742,2.4326,0.0016748,0.99866,,Mast,UC_vs_HC
ZNF605,0.28745,-0.7866,1.6017,-0.49112,0.62334,,Mast,UC_vs_HC
ZNF26,0.97611,1.1516,1.0817,1.0646,0.28707,,Mast,UC_vs_HC
ZNF84,1.2141,-0.023601,0.91066,-0.025916,0.97932,0.99956,Mast,UC_vs_HC
ZNF140,1.0325,-0.054482,0.86102,-0.063276,0.94955,,Mast,UC_vs_HC
ZNF891,0.56282,-2.0475,1.3166,-1.5552,0.1199,,Mast,UC_vs_HC
ZNF10,0.60655,0.37189,1.01,0.36821,0.71272,,Mast,UC_vs_HC
ZNF268,0.61414,0.10306,1.0906,0.094494,0.92472,,Mast,UC_vs_HC
TPTE2,0.043089,1.2415,4.0577,0.30596,0.75964,,Mast,UC_vs_HC
MPHOSPH8,16.039,-0.23811,0.38657,-0.61595,0.53793,0.99956,Mast,UC_vs_HC
PSPC1,1.1485,-0.21623,0.85165,-0.2539,0.79957,0.99956,Mast,UC_vs_HC
ZMYM5,2.7515,-0.5434,0.54697,-0.99346,0.32048,0.99956,Mast,UC_vs_HC
AL355001.1,0.12096,0.75695,2.4095,0.31415,0.75341,,Mast,UC_vs_HC
AL355001.2,0.0134,0.3681,4.0861,0.090086,0.92822,,Mast,UC_vs_HC
ZMYM2,5.4309,-0.415,0.63171,-0.65696,0.51121,0.99956,Mast,UC_vs_HC
CRYL1,1.4896,0.057529,0.72834,0.078987,0.93704,0.99956,Mast,UC_vs_HC
IFT88,0.93228,1.1737,1.0381,1.1306,0.25823,,Mast,UC_vs_HC
EEF1AKMT1,0.50211,1.1236,1.0504,1.0697,0.28474,,Mast,UC_vs_HC
XPO4,1.3313,0.10467,1.005,0.10415,0.91705,0.99956,Mast,UC_vs_HC
LATS2,0.46529,-0.43084,1.1367,-0.37902,0.70467,,Mast,UC_vs_HC
LATS2-AS1,0.34247,-1.1152,1.4186,-0.78609,0.43182,,Mast,UC_vs_HC
SAP18,32.497,-0.43514,0.22563,-1.9285,0.053788,0.9689,Mast,UC_vs_HC
SKA3,0.075058,1.3326,4.0556,0.32858,0.74247,,Mast,UC_vs_HC
MRPL57,11.616,0.29927,0.65794,0.45486,0.64921,0.99956,Mast,UC_vs_HC
LINC00539,0.0134,0.3681,4.0861,0.090086,0.92822,,Mast,UC_vs_HC
ZDHHC20,0.75099,-0.76479,1.0788,-0.70894,0.47836,,Mast,UC_vs_HC
MICU2,1.6767,0.16284,1.052,0.1548,0.87698,0.99956,Mast,UC_vs_HC
FGF9,0.094933,0.63945,3.4398,0.1859,0.85253,,Mast,UC_vs_HC
SACS,0.50434,0.43871,1.2015,0.36514,0.71501,,Mast,UC_vs_HC
MIPEP,0.1764,0.81795,1.486,0.55044,0.58202,,Mast,UC_vs_HC
AL359736.1,0.33044,0.047634,1.8539,0.025694,0.9795,,Mast,UC_vs_HC
SPATA13,4.964,-0.76581,0.52816,-1.45,0.14707,0.99956,Mast,UC_vs_HC
AL445985.1,0.11355,0.93126,1.6599,0.56105,0.57476,,Mast,UC_vs_HC
PARP4,5.1627,-0.11305,0.54451,-0.20762,0.83552,0.99956,Mast,UC_vs_HC
CENPJ,1.0909,-0.61726,1.0194,-0.60554,0.54482,,Mast,UC_vs_HC
PABPC3,0.039522,0.59268,4.1488,0.14286,0.8864,,Mast,UC_vs_HC
MTMR6,1.9184,0.27893,0.86062,0.32411,0.74586,0.99956,Mast,UC_vs_HC
NUP58,6.3165,-0.35492,0.57166,-0.62086,0.53469,0.99956,Mast,UC_vs_HC
ATP8A2,0.10397,1.9482,3.1875,0.61122,0.54106,,Mast,UC_vs_HC
RNF6,2.5266,0.2676,0.63365,0.42231,0.6728,0.99956,Mast,UC_vs_HC
AL138966.2,0.0134,0.3681,4.0861,0.090086,0.92822,,Mast,UC_vs_HC
CDK8,0.73214,0.84135,1.734,0.48522,0.62752,,Mast,UC_vs_HC
WASF3,0.41509,0.66002,1.5572,0.42384,0.67168,,Mast,UC_vs_HC
WASF3-AS1,0.078493,0.052424,3.5352,0.014829,0.98817,,Mast,UC_vs_HC
USP12,1.3464,-0.26263,0.84,-0.31265,0.75454,0.99956,Mast,UC_vs_HC
RPL21,264.81,-0.65847,0.34605,-1.9028,0.057062,0.98721,Mast,UC_vs_HC
RASL11A,0.064378,-0.20971,2.9518,-0.071045,0.94336,,Mast,UC_vs_HC
GTF3A,3.761,-0.56151,0.92517,-0.60692,0.5439,0.99956,Mast,UC_vs_HC
MTIF3,4.3224,-0.42868,0.49005,-0.87476,0.38171,0.99956,Mast,UC_vs_HC
LNX2,0.19461,1.2643,2.5752,0.49097,0.62345,,Mast,UC_vs_HC
POLR1D,9.5471,-0.23853,0.3585,-0.66536,0.50582,0.99956,Mast,UC_vs_HC
CDX2,0.11625,0.24559,2.279,0.10776,0.91419,,Mast,UC_vs_HC
URAD,0.10737,0.16073,4.0541,0.039647,0.96837,,Mast,UC_vs_HC
FLT3,0.13279,0.73069,4.1338,0.17676,0.8597,,Mast,UC_vs_HC
PAN3-AS1,0.037578,0.16073,4.0541,0.039647,0.96837,,Mast,UC_vs_HC
PAN3,2.0434,0.14289,0.75825,0.18844,0.85053,0.99956,Mast,UC_vs_HC
POMP,25.521,-0.24718,0.28437,-0.86923,0.38472,0.99956,Mast,UC_vs_HC
SLC46A3,2.131,0.83724,0.60521,1.3834,0.16654,0.99956,Mast,UC_vs_HC
SLC7A1,0.45011,0.30414,1.5465,0.19666,0.8441,,Mast,UC_vs_HC
UBL3,1.9601,-0.081075,0.64454,-0.12579,0.8999,0.99956,Mast,UC_vs_HC
KATNAL1,0.54463,0.50177,1.5481,0.32413,0.74584,,Mast,UC_vs_HC
HMGB1,58.634,-0.13436,0.17405,-0.77197,0.44014,0.99956,Mast,UC_vs_HC
USPL1,0.60669,-0.72993,1.1693,-0.62426,0.53246,,Mast,UC_vs_HC
ALOX5AP,54.763,0.38334,0.3197,1.1991,0.2305,0.99956,Mast,UC_vs_HC
LINC00398,0.024934,1.088,4.0829,0.26647,0.78988,,Mast,UC_vs_HC
HSPH1,8.0824,-1.2608,0.72354,-1.7425,0.081426,0.99956,Mast,UC_vs_HC
B3GLCT,0.23596,0.061427,2.6432,0.023239,0.98146,,Mast,UC_vs_HC
FRY,1.3918,1.6837,1.3846,1.2161,0.22397,0.99956,Mast,UC_vs_HC
FRY-AS1,0.050856,0.4354,2.975,0.14635,0.88364,,Mast,UC_vs_HC
ZAR1L,0.0134,0.3681,4.0861,0.090086,0.92822,,Mast,UC_vs_HC
BRCA2,0.07165,0.26407,2.0983,0.12585,0.89985,,Mast,UC_vs_HC
N4BP2L1,1.6238,-0.33649,0.71822,-0.46851,0.63942,0.99956,Mast,UC_vs_HC
N4BP2L2,20.682,-0.298,0.32846,-0.90724,0.36428,0.99956,Mast,UC_vs_HC
PDS5B,2.3232,0.2439,0.70346,0.34671,0.72881,0.99956,Mast,UC_vs_HC
STARD13,0.088617,0.61465,2.1377,0.28753,0.7737,,Mast,UC_vs_HC
AL139383.1,0.06025,0.16073,4.0541,0.039647,0.96837,,Mast,UC_vs_HC
RFC3,0.19958,1.3056,1.9827,0.65852,0.5102,,Mast,UC_vs_HC
NBEA,0.67805,-0.36487,1.7004,-0.21459,0.83009,,Mast,UC_vs_HC
SPART,5.421,0.020571,0.45605,0.045108,0.96402,0.99956,Mast,UC_vs_HC
SPART-AS1,0.12077,-0.051155,3.397,-0.015059,0.98799,,Mast,UC_vs_HC
CCNA1,0.11662,1.1872,3.6113,0.32875,0.74234,,Mast,UC_vs_HC
RFXAP,0.079722,-0.14159,3.5798,-0.039553,0.96845,,Mast,UC_vs_HC
ALG5,4.172,0.031518,0.54338,0.058004,0.95375,0.99956,Mast,UC_vs_HC
EXOSC8,7.7512,-0.22838,0.51614,-0.44246,0.65815,0.99956,Mast,UC_vs_HC
SUPT20H,3.1486,-0.75568,0.69008,-1.0951,0.27349,0.99956,Mast,UC_vs_HC
LINC02334,0.038333,0.78366,2.7327,0.28677,0.77429,,Mast,UC_vs_HC
LINC00571,0.043089,1.2415,4.0577,0.30596,0.75964,,Mast,UC_vs_HC
UFM1,9.1182,0.041606,0.33832,0.12298,0.90212,0.99956,Mast,UC_vs_HC
PROSER1,0.35034,1.7648,1.1986,1.4724,0.1409,,Mast,UC_vs_HC
NHLRC3,1.4305,0.23744,0.70638,0.33614,0.73677,0.99956,Mast,UC_vs_HC
COG6,0.37735,1.0267,1.3284,0.77292,0.43957,,Mast,UC_vs_HC
LINC00598,0.024934,1.088,4.0829,0.26647,0.78988,,Mast,UC_vs_HC
FOXO1,0.31224,1.2491,1.4254,0.87633,0.38085,,Mast,UC_vs_HC
MRPS31,3.0806,-0.55116,0.53028,-1.0394,0.29863,0.99956,Mast,UC_vs_HC
ELF1,30.861,-0.50322,0.31732,-1.5859,0.11277,0.99956,Mast,UC_vs_HC
WBP4,2.9844,0.59826,0.61733,0.96911,0.33249,0.99956,Mast,UC_vs_HC
KBTBD6,0.18706,1.5396,1.5865,0.97046,0.33182,,Mast,UC_vs_HC
AL354696.2,0.037578,0.16073,4.0541,0.039647,0.96837,,Mast,UC_vs_HC
KBTBD7,0.46877,0.089779,1.109,0.080956,0.93548,,Mast,UC_vs_HC
MTRF1,0.15593,0.8805,1.7852,0.49322,0.62186,,Mast,UC_vs_HC
NAA16,0.88678,-0.25732,0.94264,-0.27298,0.78487,,Mast,UC_vs_HC
RGCC,1.3953,0.059404,0.83571,0.071082,0.94333,0.99956,Mast,UC_vs_HC
VWA8,0.23757,0.11694,1.7233,0.067857,0.9459,,Mast,UC_vs_HC
DGKH,0.16721,-0.17753,1.5791,-0.11242,0.91049,,Mast,UC_vs_HC
AKAP11,1.7061,0.14195,0.85915,0.16522,0.86877,0.99956,Mast,UC_vs_HC
TNFSF11,0.27768,1.4272,2.2651,0.63008,0.52864,,Mast,UC_vs_HC
EPSTI1,0.70978,0.64031,1.3187,0.48557,0.62727,,Mast,UC_vs_HC
DNAJC15,6.7286,-0.18319,0.37422,-0.48953,0.62447,0.99956,Mast,UC_vs_HC
CCDC122,0.27453,0.84274,1.5157,0.55601,0.57821,,Mast,UC_vs_HC
LACC1,2.0725,-0.52316,0.71778,-0.72886,0.46609,0.99956,Mast,UC_vs_HC
LINC00284,0.06025,0.16073,4.0541,0.039647,0.96837,,Mast,UC_vs_HC
SMIM2-AS1,0.097449,0.73069,4.1338,0.17676,0.8597,,Mast,UC_vs_HC
AL589745.1,0.056489,0.8828,3.1215,0.28281,0.77732,,Mast,UC_vs_HC
AL138960.1,0.026346,1.1367,4.0708,0.27924,0.78006,,Mast,UC_vs_HC
SERP2,1.4783,0.94208,1.2679,0.74305,0.45745,0.99956,Mast,UC_vs_HC
TSC22D1,52.933,-0.87749,0.41379,-2.1206,0.033955,0.90299,Mast,UC_vs_HC
TSC22D1-AS1,0.032128,0.40025,2.7752,0.14423,0.88532,,Mast,UC_vs_HC
NUFIP1,0.80534,0.83239,1.4903,0.55854,0.57647,,Mast,UC_vs_HC
GPALPP1,1.6165,-0.25514,0.97207,-0.26248,0.79295,0.99956,Mast,UC_vs_HC
GTF2F2,2.7905,0.043668,0.58881,0.074163,0.94088,0.99956,Mast,UC_vs_HC
TPT1,461.89,-0.058037,0.27219,-0.21323,0.83115,0.99956,Mast,UC_vs_HC
AL138963.3,0.13023,0.018697,2.332,0.0080176,0.9936,,Mast,UC_vs_HC
AL138963.1,0.037578,0.16073,4.0541,0.039647,0.96837,,Mast,UC_vs_HC
SLC25A30,0.61366,0.10572,1.0891,0.097072,0.92267,,Mast,UC_vs_HC
SLC25A30-AS1,0.055411,0.73069,4.1338,0.17676,0.8597,,Mast,UC_vs_HC
COG3,1.1857,-0.13329,0.98643,-0.13512,0.89252,0.99956,Mast,UC_vs_HC
ZC3H13,5.5687,-0.42946,0.49635,-0.86525,0.3869,0.99956,Mast,UC_vs_HC
LCP1,17.88,0.47333,0.33873,1.3974,0.1623,0.99956,Mast,UC_vs_HC
RUBCNL,0.086178,1.7051,4.0089,0.42532,0.6706,,Mast,UC_vs_HC
LRCH1,2.1936,-0.86889,0.683,-1.2722,0.20331,0.99956,Mast,UC_vs_HC
ESD,7.763,0.20707,0.36807,0.56259,0.57371,0.99956,Mast,UC_vs_HC
SUCLA2,2.3649,-0.3341,0.55493,-0.60205,0.54714,0.99956,Mast,UC_vs_HC
LINC00562,0.14495,-0.031179,2.4928,-0.012508,0.99002,,Mast,UC_vs_HC
NUDT15,0.87407,-0.54577,0.92873,-0.58765,0.55677,,Mast,UC_vs_HC
MED4,5.7122,-0.55717,0.43283,-1.2873,0.198,0.99956,Mast,UC_vs_HC
ITM2B,62.207,0.40456,0.67606,0.59842,0.54956,0.99956,Mast,UC_vs_HC
RB1-DT,0.052922,0.24161,3.2428,0.074505,0.94061,,Mast,UC_vs_HC
RB1,1.2973,-1.0259,0.9525,-1.0771,0.28145,0.99956,Mast,UC_vs_HC
LPAR6,0.10422,0.65804,2.3044,0.28556,0.77522,,Mast,UC_vs_HC
RCBTB2,1.159,0.48465,0.94477,0.51298,0.60797,0.99956,Mast,UC_vs_HC
CYSLTR2,0.63487,1.8375,1.3529,1.3582,0.17439,,Mast,UC_vs_HC
AL161421.1,0.18524,-0.16895,2.7095,-0.062356,0.95028,,Mast,UC_vs_HC
FNDC3A,3.7902,0.023863,0.57115,0.041782,0.96667,0.99956,Mast,UC_vs_HC
CDADC1,1.338,1.3061,0.85954,1.5195,0.12863,0.99956,Mast,UC_vs_HC
CAB39L,0.1324,0.54211,1.6245,0.33372,0.73859,,Mast,UC_vs_HC
SETDB2,0.95671,0.13065,1.2213,0.10698,0.91481,,Mast,UC_vs_HC
PHF11,1.5447,-0.69206,0.92912,-0.74485,0.45636,0.99956,Mast,UC_vs_HC
RCBTB1,0.1951,0.7473,1.7754,0.42091,0.67382,,Mast,UC_vs_HC
ARL11,0.90583,-0.19817,1.0714,-0.18497,0.85326,,Mast,UC_vs_HC
EBPL,0.63258,0.96279,1.5891,0.60586,0.54461,,Mast,UC_vs_HC
KPNA3,1.593,0.58689,0.85634,0.68535,0.49312,0.99956,Mast,UC_vs_HC
SPRYD7,1.3674,-0.22791,0.8745,-0.26062,0.79439,0.99956,Mast,UC_vs_HC
DLEU2,0.65897,-0.60701,1.0502,-0.57802,0.56325,,Mast,UC_vs_HC
TRIM13,4.7102,-0.13249,0.529,-0.25045,0.80224,0.99956,Mast,UC_vs_HC
KCNRG,0.21309,0.54741,2.1704,0.25222,0.80087,,Mast,UC_vs_HC
RNASEH2B,6.4467,0.083379,0.62041,0.13439,0.89309,0.99956,Mast,UC_vs_HC
INTS6,17.62,-0.74411,0.38331,-1.9413,0.052226,0.96096,Mast,UC_vs_HC
INTS6-AS1,0.40936,-1.2582,1.6052,-0.78387,0.43312,,Mast,UC_vs_HC
WDFY2,4.2891,0.46824,0.64442,0.7266,0.46747,0.99956,Mast,UC_vs_HC
AL162377.3,0.10737,0.16073,4.0541,0.039647,0.96837,,Mast,UC_vs_HC
DHRS12,0.41839,0.56197,1.3398,0.41943,0.6749,,Mast,UC_vs_HC
AL162377.1,0.065133,0.40062,3.0575,0.13103,0.89576,,Mast,UC_vs_HC
ATP7B,0.06025,0.16073,4.0541,0.039647,0.96837,,Mast,UC_vs_HC
ALG11,0.38708,-0.57167,1.3049,-0.43809,0.66132,,Mast,UC_vs_HC
UTP14C,0.379,0.32914,1.8773,0.17533,0.86082,,Mast,UC_vs_HC
NEK5,0.20652,0.64251,1.6319,0.39372,0.69379,,Mast,UC_vs_HC
NEK3,0.66703,0.75029,1.5867,0.47285,0.63632,,Mast,UC_vs_HC
THSD1,0.064474,0.59268,4.1488,0.14286,0.8864,,Mast,UC_vs_HC
VPS36,5.2694,0.39319,0.45248,0.86895,0.38487,0.99956,Mast,UC_vs_HC
AL359513.1,0.039522,0.59268,4.1488,0.14286,0.8864,,Mast,UC_vs_HC
CKAP2,1.7625,-0.71035,1.1154,-0.63685,0.52422,0.99956,Mast,UC_vs_HC
HNRNPA1L2,0.0134,0.3681,4.0861,0.090086,0.92822,,Mast,UC_vs_HC
AL139089.1,0.19786,-0.76499,1.7981,-0.42544,0.67052,,Mast,UC_vs_HC
SUGT1,7.1212,-0.8042,0.41417,-1.9417,0.052172,0.96096,Mast,UC_vs_HC
OLFM4,0.14238,0.45963,2.4686,0.18619,0.85229,,Mast,UC_vs_HC
DIAPH3,0.039522,0.59268,4.1488,0.14286,0.8864,,Mast,UC_vs_HC
TDRD3,6.2439,-0.076719,0.78641,-0.097556,0.92228,0.99956,Mast,UC_vs_HC
PCDH9,0.33884,0.045237,2.3994,0.018853,0.98496,,Mast,UC_vs_HC
DACH1,1.5021,0.68292,0.88482,0.77182,0.44022,0.99956,Mast,UC_vs_HC
MZT1,2.2299,-0.4742,0.79103,-0.59947,0.54886,0.99956,Mast,UC_vs_HC
DIS3,1.6343,0.84254,0.83205,1.0126,0.31125,0.99956,Mast,UC_vs_HC
PIBF1,1.4037,0.29797,0.86063,0.34623,0.72917,0.99956,Mast,UC_vs_HC
KLF5,1.5264,2.9294,1.3269,2.2078,0.027259,0.87289,Mast,UC_vs_HC
KLF12,0.3513,0.52533,1.5517,0.33855,0.73495,,Mast,UC_vs_HC
TBC1D4,0.56439,0.86269,1.5442,0.55867,0.57639,,Mast,UC_vs_HC
COMMD6,49.706,-0.46888,0.23745,-1.9746,0.048312,0.95101,Mast,UC_vs_HC
UCHL3,2.7643,0.57285,0.53559,1.0696,0.28481,0.99956,Mast,UC_vs_HC
LMO7-AS1,0.039522,0.59268,4.1488,0.14286,0.8864,,Mast,UC_vs_HC
LMO7,0.45278,-0.92819,1.232,-0.75343,0.45119,,Mast,UC_vs_HC
KCTD12,0.12826,-0.1544,1.7731,-0.087074,0.93061,,Mast,UC_vs_HC
CLN5,1.7478,0.31084,0.67628,0.45964,0.64578,0.99956,Mast,UC_vs_HC
FBXL3,1.9737,-0.32748,0.65043,-0.50348,0.61462,0.99956,Mast,UC_vs_HC
MYCBP2,4.3152,0.74785,0.56602,1.3212,0.18642,0.99956,Mast,UC_vs_HC
SLAIN1,0.18023,-0.12774,1.6447,-0.077669,0.93809,,Mast,UC_vs_HC
EDNRB,0.82,-1.0923,0.94682,-1.1536,0.24865,,Mast,UC_vs_HC
RNF219,0.62621,-0.91945,1.1363,-0.80915,0.41843,,Mast,UC_vs_HC
RBM26,3.3054,0.50905,0.53134,0.95806,0.33803,0.99956,Mast,UC_vs_HC
RBM26-AS1,0.026346,1.1367,4.0708,0.27924,0.78006,,Mast,UC_vs_HC
NDFIP2,8.0324,0.19137,0.46379,0.41261,0.67989,0.99956,Mast,UC_vs_HC
LINC01068,0.17669,1.1563,2.6277,0.44006,0.65989,,Mast,UC_vs_HC
SPRY2,0.58007,-0.06864,1.1862,-0.057864,0.95386,,Mast,UC_vs_HC
GPC6,0.092214,1.3196,3.3744,0.39105,0.69576,,Mast,UC_vs_HC
TGDS,0.35595,-1.2406,1.2693,-0.97737,0.32838,,Mast,UC_vs_HC
GPR180,0.20944,1.7555,1.7257,1.0173,0.30903,,Mast,UC_vs_HC
ABCC4,5.2563,0.063203,0.61137,0.10338,0.91766,0.99956,Mast,UC_vs_HC
DNAJC3-DT,0.31882,2.0398,1.7738,1.1499,0.25017,,Mast,UC_vs_HC
DNAJC3,8.4042,-0.13143,0.55999,-0.23471,0.81444,0.99956,Mast,UC_vs_HC
UGGT2,0.57782,0.27777,1.3468,0.20625,0.8366,,Mast,UC_vs_HC
MBNL2,1.8758,-0.22459,0.748,-0.30026,0.76398,0.99956,Mast,UC_vs_HC
RAP2A,1.0886,0.043195,1.0211,0.042301,0.96626,,Mast,UC_vs_HC
IPO5,1.9143,-1.177,0.76094,-1.5467,0.12193,0.99956,Mast,UC_vs_HC
FARP1,0.21307,0.38706,1.4626,0.26464,0.79129,,Mast,UC_vs_HC
STK24,1.4485,0.30974,0.71867,0.43098,0.66648,0.99956,Mast,UC_vs_HC
DOCK9,0.39772,-0.40939,2.465,-0.16608,0.8681,,Mast,UC_vs_HC
UBAC2-AS1,0.16692,-0.16929,1.5776,-0.10731,0.91455,,Mast,UC_vs_HC
UBAC2,2.7803,0.41422,0.50204,0.82507,0.40933,0.99956,Mast,UC_vs_HC
GPR183,12.561,1.8156,0.44021,4.1244,3.7172e-05,0.043089,Mast,UC_vs_HC
TM9SF2,3.1713,-0.32472,0.6257,-0.51896,0.60379,0.99956,Mast,UC_vs_HC
CLYBL,0.63927,0.76559,1.105,0.69283,0.48842,,Mast,UC_vs_HC
AL355338.1,0.099773,0.070395,3.688,0.019088,0.98477,,Mast,UC_vs_HC
PCCA,0.85079,-0.39081,1.2629,-0.30946,0.75697,,Mast,UC_vs_HC
FGF14-AS2,0.12117,0.03601,2.4648,0.01461,0.98834,,Mast,UC_vs_HC
TPP2,2.8512,-0.056406,0.63916,-0.088251,0.92968,0.99956,Mast,UC_vs_HC
TEX30,3.2175,-0.076873,0.58007,-0.13252,0.89457,0.99956,Mast,UC_vs_HC
KDELC1,0.043662,1.1196,2.8057,0.39906,0.68985,,Mast,UC_vs_HC
BIVM,0.56857,0.25296,1.3236,0.19111,0.84844,,Mast,UC_vs_HC
ERCC5,0.28955,-0.78052,1.4648,-0.53287,0.59413,,Mast,UC_vs_HC
AL137246.1,0.06025,0.16073,4.0541,0.039647,0.96837,,Mast,UC_vs_HC
EFNB2,1.8457,-1.8144,0.73056,-2.4836,0.013005,0.72228,Mast,UC_vs_HC
AL138689.2,0.10522,-0.41209,2.3203,-0.1776,0.85904,,Mast,UC_vs_HC
ARGLU1,13.247,0.13829,0.47301,0.29237,0.77,0.99956,Mast,UC_vs_HC
LIG4,0.48118,1.8193,1.8851,0.96509,0.3345,,Mast,UC_vs_HC
ABHD13,0.78614,1.4466,1.2705,1.1386,0.25485,,Mast,UC_vs_HC
TNFSF13B,0.14387,1.0641,2.3195,0.45879,0.64639,,Mast,UC_vs_HC
MYO16,0.41433,-0.59202,1.5418,-0.38398,0.70099,,Mast,UC_vs_HC
IRS2,5.8674,0.44778,0.69494,0.64434,0.51935,0.99956,Mast,UC_vs_HC
RAB20,1.8654,1.3614,0.95746,1.4219,0.15507,0.99956,Mast,UC_vs_HC
NAXD,0.069326,0.62141,3.2415,0.1917,0.84797,,Mast,UC_vs_HC
CARS2,1.3172,0.65223,1.1642,0.56023,0.57532,0.99956,Mast,UC_vs_HC
ING1,0.70199,-0.17972,0.97876,-0.18362,0.85431,,Mast,UC_vs_HC
LINC00346,0.19464,-0.32155,2.6024,-0.12356,0.90166,,Mast,UC_vs_HC
ANKRD10,2.6668,-1.4475,0.74735,-1.9369,0.052762,0.96383,Mast,UC_vs_HC
AL442128.2,0.055411,0.73069,4.1338,0.17676,0.8597,,Mast,UC_vs_HC
ARHGEF7,0.63193,-1.6295,1.6599,-0.98168,0.32626,,Mast,UC_vs_HC
TUBGCP3,0.44924,0.79667,1.11,0.71775,0.47291,,Mast,UC_vs_HC
AL139384.1,0.16158,0.99839,1.7951,0.55617,0.57809,,Mast,UC_vs_HC
ATP11A,0.68832,-0.55284,1.0157,-0.54427,0.58626,,Mast,UC_vs_HC
MCF2L,0.018728,0.70632,4.1361,0.17077,0.86441,,Mast,UC_vs_HC
PCID2,2.022,-0.14037,0.60488,-0.23205,0.8165,0.99956,Mast,UC_vs_HC
CUL4A,0.93524,1.0225,1.0326,0.99028,0.32204,,Mast,UC_vs_HC
LAMP1,4.1098,0.22293,0.63151,0.35301,0.72408,0.99956,Mast,UC_vs_HC
GRTP1,0.032128,0.40025,2.7752,0.14423,0.88532,,Mast,UC_vs_HC
ADPRHL1,0.086002,-0.50582,3.3405,-0.15142,0.87964,,Mast,UC_vs_HC
DCUN1D2,0.24074,0.13287,1.596,0.083251,0.93365,,Mast,UC_vs_HC
TMCO3,0.99127,0.83141,0.92687,0.89702,0.36971,,Mast,UC_vs_HC
TFDP1,1.3168,0.16206,1.0239,0.15827,0.87424,0.99956,Mast,UC_vs_HC
TMEM255B,5.1758,0.83756,0.72079,1.162,0.24523,0.99956,Mast,UC_vs_HC
GAS6-AS1,0.69444,-0.55558,1.106,-0.50233,0.61543,,Mast,UC_vs_HC
C13orf46,0.026237,0.024139,4.0722,0.0059277,0.99527,,Mast,UC_vs_HC
RASA3,1.6401,1.4132,1.2123,1.1658,0.24371,0.99956,Mast,UC_vs_HC
CDC16,1.5123,-0.1205,0.98406,-0.12245,0.90254,0.99956,Mast,UC_vs_HC
UPF3A,2.9649,0.1408,0.75752,0.18587,0.85255,0.99956,Mast,UC_vs_HC
CHAMP1,0.44335,0.04353,1.2126,0.035898,0.97136,,Mast,UC_vs_HC
OR11G2,0.066091,1.1105,3.1849,0.34866,0.72734,,Mast,UC_vs_HC
TTC5,0.94682,0.23703,0.92458,0.25637,0.79767,,Mast,UC_vs_HC
AL356019.2,0.052922,0.24161,3.2428,0.074505,0.94061,,Mast,UC_vs_HC
CCNB1IP1,2.3498,0.045093,0.59304,0.076037,0.93939,0.99956,Mast,UC_vs_HC
AL355075.4,0.64755,-0.42641,1.0691,-0.39885,0.69001,,Mast,UC_vs_HC
PARP2,0.41731,-0.19943,1.5625,-0.12764,0.89844,,Mast,UC_vs_HC
TEP1,0.38877,-0.63453,1.429,-0.44404,0.65701,,Mast,UC_vs_HC
OSGEP,2.7603,0.47598,0.61702,0.77142,0.44046,0.99956,Mast,UC_vs_HC
AL355075.2,0.018728,0.70632,4.1361,0.17077,0.86441,,Mast,UC_vs_HC
APEX1,7.3429,0.74126,0.38607,1.92,0.054857,0.98197,Mast,UC_vs_HC
PIP4P1,0.96356,0.1692,1.2788,0.13232,0.89473,,Mast,UC_vs_HC
PNP,6.3852,-0.68229,0.49854,-1.3686,0.17113,0.99956,Mast,UC_vs_HC
ANG,0.026237,0.024139,4.0722,0.0059277,0.99527,,Mast,UC_vs_HC
RNASE6,0.20755,2.0542,1.9985,1.0279,0.30401,,Mast,UC_vs_HC
RNASE1,0.15905,-0.7911,3.7761,-0.2095,0.83406,,Mast,UC_vs_HC
RNASE2,0.043089,1.2415,4.0577,0.30596,0.75964,,Mast,UC_vs_HC
METTL17,1.6382,0.9106,1.0072,0.90409,0.36595,0.99956,Mast,UC_vs_HC
NDRG2,2.5242,0.028888,0.67186,0.042997,0.9657,0.99956,Mast,UC_vs_HC
RNASE7,0.059765,0.024139,4.0722,0.0059277,0.99527,,Mast,UC_vs_HC
ARHGEF40,3.1924,0.27945,0.56455,0.49499,0.62061,0.99956,Mast,UC_vs_HC
ZNF219,0.35106,0.040827,1.5261,0.026752,0.97866,,Mast,UC_vs_HC
TMEM253,0.026237,0.024139,4.0722,0.0059277,0.99527,,Mast,UC_vs_HC
HNRNPC,23.424,-0.085987,0.29441,-0.29206,0.77024,0.99956,Mast,UC_vs_HC
SUPT16H,4.6952,-0.4495,0.50378,-0.89225,0.37226,0.99956,Mast,UC_vs_HC
CHD8,2.2242,0.28091,0.71869,0.39086,0.6959,0.99956,Mast,UC_vs_HC
RAB2B,1.6501,-0.026964,1.0186,-0.026471,0.97888,0.99956,Mast,UC_vs_HC
TOX4,8.019,-0.13725,0.39748,-0.34531,0.72986,0.99956,Mast,UC_vs_HC
METTL3,0.95809,0.34765,0.97321,0.35722,0.72093,,Mast,UC_vs_HC
SALL2,0.068811,0.43735,3.185,0.13732,0.89078,,Mast,UC_vs_HC
OR10G3,0.024934,1.088,4.0829,0.26647,0.78988,,Mast,UC_vs_HC
TRAV14DV4,0.075058,1.3326,4.0556,0.32858,0.74247,,Mast,UC_vs_HC
TRAV30,0.039522,0.59268,4.1488,0.14286,0.8864,,Mast,UC_vs_HC
TRDC,0.071311,0.53435,2.125,0.25146,0.80146,,Mast,UC_vs_HC
TRAC,0.17451,0.17187,2.517,0.068285,0.94556,,Mast,UC_vs_HC
DAD1,42.151,-0.30737,0.33045,-0.93017,0.35228,0.99956,Mast,UC_vs_HC
ABHD4,0.7158,-0.2066,1.4382,-0.14365,0.88578,,Mast,UC_vs_HC
OXA1L,1.8403,-1.333,0.94428,-1.4116,0.15806,0.99956,Mast,UC_vs_HC
SLC7A7,0.16811,1.6214,2.4749,0.65515,0.51237,,Mast,UC_vs_HC
MRPL52,13.467,-0.1249,0.33279,-0.37533,0.70742,0.99956,Mast,UC_vs_HC
LRP10,3.2641,1.1047,0.56893,1.9418,0.052164,0.96096,Mast,UC_vs_HC
RBM23,6.4577,-0.22774,0.42265,-0.53884,0.59,0.99956,Mast,UC_vs_HC
PRMT5-AS1,0.1482,-0.55805,1.8454,-0.3024,0.76235,,Mast,UC_vs_HC
PRMT5,0.30885,-0.98132,1.4497,-0.67692,0.49846,,Mast,UC_vs_HC
HAUS4,0.052922,0.24161,3.2428,0.074505,0.94061,,Mast,UC_vs_HC
C14orf93,0.32777,-1.8023,1.7754,-1.0152,0.31001,,Mast,UC_vs_HC
PSMB5,5.3923,-0.030465,0.45752,-0.066588,0.94691,0.99956,Mast,UC_vs_HC
CDH24,0.018728,0.70632,4.1361,0.17077,0.86441,,Mast,UC_vs_HC
ACIN1,4.0562,-0.30878,0.53866,-0.57323,0.56649,0.99956,Mast,UC_vs_HC
C14orf119,3.8481,0.3388,0.51821,0.65379,0.51325,0.99956,Mast,UC_vs_HC
SLC7A8,0.068811,0.43735,3.185,0.13732,0.89078,,Mast,UC_vs_HC
RNF212B,0.024934,1.088,4.0829,0.26647,0.78988,,Mast,UC_vs_HC
HOMEZ,0.41889,1.0294,1.5555,0.66176,0.50813,,Mast,UC_vs_HC
PPP1R3E,0.54452,-1.1922,1.3775,-0.86549,0.38677,,Mast,UC_vs_HC
BCL2L2,0.56994,-0.55585,1.1542,-0.4816,0.63009,,Mast,UC_vs_HC
PABPN1,7.0529,-0.18116,0.3474,-0.52148,0.60203,0.99956,Mast,UC_vs_HC
SLC22A17,0.24318,1.3965,1.4426,0.96805,0.33302,,Mast,UC_vs_HC
NGDN,2.9161,-0.63779,0.594,-1.0737,0.28295,0.99956,Mast,UC_vs_HC
ZFHX2,0.10885,0.5561,2.273,0.24465,0.80672,,Mast,UC_vs_HC
THTPA,1.0975,0.92729,0.83242,1.114,0.26529,,Mast,UC_vs_HC
AP1G2,1.2773,0.98954,1.0152,0.97473,0.32969,0.99956,Mast,UC_vs_HC
AL135999.1,0.25242,1.1565,2.0962,0.55172,0.58114,,Mast,UC_vs_HC
JPH4,0.33394,-0.54811,1.3488,-0.40637,0.68447,,Mast,UC_vs_HC
DHRS4-AS1,0.53917,-0.48495,1.1392,-0.42568,0.67034,,Mast,UC_vs_HC
DHRS4,0.81754,0.22655,1.3004,0.17422,0.86169,,Mast,UC_vs_HC
DHRS4L2,1.6479,-0.0038038,0.8461,-0.0044957,0.99641,0.99969,Mast,UC_vs_HC
PCK2,0.074139,0.75588,3.0953,0.24421,0.80707,,Mast,UC_vs_HC
DCAF11,1.768,-0.1402,0.78663,-0.17823,0.85854,0.99956,Mast,UC_vs_HC
PSME1,24.343,0.73478,0.29903,2.4572,0.014001,0.72228,Mast,UC_vs_HC
EMC9,0.99666,0.72709,1.2105,0.60063,0.54809,,Mast,UC_vs_HC
AL136295.2,0.32451,0.18401,2.7429,0.067086,0.94651,,Mast,UC_vs_HC
PSME2,16.151,0.58811,0.35622,1.651,0.098738,0.99956,Mast,UC_vs_HC
RNF31,0.050978,-0.055356,2.9247,-0.018927,0.9849,,Mast,UC_vs_HC
AL136295.5,0.20251,-0.22389,2.8335,-0.079016,0.93702,,Mast,UC_vs_HC
IRF9,1.9862,0.62161,0.72233,0.86056,0.38948,0.99956,Mast,UC_vs_HC
REC8,0.97758,-0.51711,1.0119,-0.51102,0.60934,,Mast,UC_vs_HC
IPO4,0.077873,0.24265,3.4481,0.070373,0.9439,,Mast,UC_vs_HC
TM9SF1,0.59995,-0.20563,1.7288,-0.11894,0.90532,,Mast,UC_vs_HC
TSSK4,0.043089,1.2415,4.0577,0.30596,0.75964,,Mast,UC_vs_HC
CHMP4A,11.513,0.27652,0.30144,0.91733,0.35897,0.99956,Mast,UC_vs_HC
MDP1,0.86922,-1.0387,1.3912,-0.7466,0.45531,,Mast,UC_vs_HC
NEDD8,20.706,0.07078,0.25314,0.27961,0.77978,0.99956,Mast,UC_vs_HC
GMPR2,1.7719,0.26177,0.68777,0.38061,0.70349,0.99956,Mast,UC_vs_HC
TINF2,3.1115,0.02777,0.65799,0.042205,0.96634,0.99956,Mast,UC_vs_HC
TGM1,0.33262,0.8611,2.8702,0.30001,0.76417,,Mast,UC_vs_HC
RABGGTA,1.8667,-0.30649,0.87144,-0.35171,0.72506,0.99956,Mast,UC_vs_HC
DHRS1,1.0666,0.91342,0.84267,1.084,0.27838,,Mast,UC_vs_HC
NOP9,0.26316,-0.15073,1.6032,-0.094022,0.92509,,Mast,UC_vs_HC
CIDEB,0.54516,0.030008,1.3786,0.021767,0.98263,,Mast,UC_vs_HC
LTB4R,0.11531,0.76326,1.7737,0.43032,0.66697,,Mast,UC_vs_HC
ADCY4,0.052691,1.4311,4.036,0.35458,0.7229,,Mast,UC_vs_HC
RIPK3,0.55083,0.9517,1.1295,0.84258,0.39947,,Mast,UC_vs_HC
CBLN3,0.039522,0.59268,4.1488,0.14286,0.8864,,Mast,UC_vs_HC
KHNYN,1.1706,-0.63956,0.90939,-0.70328,0.48188,0.99956,Mast,UC_vs_HC
SDR39U1,1.1551,1.0598,0.88637,1.1956,0.23183,0.99956,Mast,UC_vs_HC
AL132800.1,0.25615,-0.52806,1.7488,-0.30195,0.76269,,Mast,UC_vs_HC
CMA1,13.666,-0.88808,0.49785,-1.7838,0.074453,0.99956,Mast,UC_vs_HC
CTSG,150.05,0.32967,0.77828,0.42358,0.67187,0.99956,Mast,UC_vs_HC
AL136018.1,0.039522,0.59268,4.1488,0.14286,0.8864,,Mast,UC_vs_HC
GZMB,0.25638,1.6663,2.7245,0.6116,0.5408,,Mast,UC_vs_HC
STXBP6,9.0913,-0.13107,0.66234,-0.1979,0.84312,0.99956,Mast,UC_vs_HC
LINC01551,0.13,1.6342,3.3369,0.48974,0.62432,,Mast,UC_vs_HC
G2E3-AS1,0.0134,0.3681,4.0861,0.090086,0.92822,,Mast,UC_vs_HC
G2E3,2.1108,0.29186,0.79591,0.36669,0.71385,0.99956,Mast,UC_vs_HC
SCFD1,4.4772,0.13202,0.44439,0.29708,0.7664,0.99956,Mast,UC_vs_HC
COCH,0.14491,0.90975,3.632,0.25048,0.80221,,Mast,UC_vs_HC
STRN3,1.3523,-0.844,0.89818,-0.93967,0.34738,0.99956,Mast,UC_vs_HC
AP4S1,1.5901,0.94556,0.94044,1.0054,0.31469,0.99956,Mast,UC_vs_HC
HECTD1,4.1778,0.34609,0.52945,0.65368,0.51332,0.99956,Mast,UC_vs_HC
AL136418.1,0.15808,-0.72954,3.5255,-0.20693,0.83606,,Mast,UC_vs_HC
HEATR5A,0.88775,2.5394,1.4072,1.8046,0.071136,,Mast,UC_vs_HC
AL139353.1,0.026237,0.024139,4.0722,0.0059277,0.99527,,Mast,UC_vs_HC
DTD2,0.15451,0.47042,1.9052,0.24692,0.80497,,Mast,UC_vs_HC
NUBPL,0.63165,-0.66792,1.3078,-0.51072,0.60955,,Mast,UC_vs_HC
ARHGAP5-AS1,0.039745,0.81098,2.9497,0.27494,0.78337,,Mast,UC_vs_HC
ARHGAP5,0.29444,0.73008,1.3687,0.53342,0.59374,,Mast,UC_vs_HC
EGLN3,0.045074,1.1802,3.0256,0.39009,0.69647,,Mast,UC_vs_HC
SPTSSA,2.4964,0.3031,0.57621,0.52602,0.59888,0.99956,Mast,UC_vs_HC
EAPP,6.281,0.39082,0.48754,0.80162,0.42277,0.99956,Mast,UC_vs_HC
SNX6,9.296,-0.31228,0.4881,-0.63979,0.52231,0.99956,Mast,UC_vs_HC
CFL2,0.35109,2.0084,1.4249,1.4094,0.15871,,Mast,UC_vs_HC
BAZ1A,11.326,-0.13194,0.57976,-0.22758,0.81997,0.99956,Mast,UC_vs_HC
AL121603.2,0.26277,-1.4305,2.1436,-0.66735,0.50455,,Mast,UC_vs_HC
SRP54,5.4501,0.14359,0.41647,0.34477,0.73027,0.99956,Mast,UC_vs_HC
FAM177A1,10.333,-0.29949,0.39348,-0.76114,0.44658,0.99956,Mast,UC_vs_HC
PPP2R3C,5.0493,-0.054707,0.44461,-0.12305,0.90207,0.99956,Mast,UC_vs_HC
KIAA0391,0.086751,1.6051,2.0739,0.77395,0.43896,,Mast,UC_vs_HC
PSMA6,2.5033,0.00051386,0.63178,0.00081335,0.99935,0.99996,Mast,UC_vs_HC
AL133163.2,0.34504,-0.37086,1.5397,-0.24087,0.80965,,Mast,UC_vs_HC
NFKBIA,196.14,-0.4129,0.8251,-0.50043,0.61678,0.99956,Mast,UC_vs_HC
RALGAPA1,10.234,-0.28881,0.46197,-0.62516,0.53187,0.99956,Mast,UC_vs_HC
BRMS1L,0.37077,0.8022,1.3346,0.60109,0.54778,,Mast,UC_vs_HC
MBIP,1.2749,-0.30818,1.0916,-0.28231,0.77771,0.99956,Mast,UC_vs_HC
MIPOL1,0.13371,0.64227,3.7185,0.17272,0.86287,,Mast,UC_vs_HC
FOXA1,0.073164,-0.23944,3.3159,-0.07221,0.94244,,Mast,UC_vs_HC
SEC23A,2.8229,-0.20821,0.60416,-0.34462,0.73038,0.99956,Mast,UC_vs_HC
GEMIN2,0.67642,1.6547,1.1269,1.4684,0.14201,,Mast,UC_vs_HC
TRAPPC6B,2.0985,0.0064062,0.7282,0.0087973,0.99298,0.99956,Mast,UC_vs_HC
PNN,16.049,-0.5643,0.29434,-1.9172,0.055212,0.98465,Mast,UC_vs_HC
MIA2,4.3932,0.42455,0.7214,0.58851,0.55619,0.99956,Mast,UC_vs_HC
AL132639.2,0.0985,1.2704,3.5029,0.36268,0.71684,,Mast,UC_vs_HC
FBXO33,1.1511,-0.49851,0.80035,-0.62286,0.53338,0.99956,Mast,UC_vs_HC
AL161752.1,0.0134,0.3681,4.0861,0.090086,0.92822,,Mast,UC_vs_HC
LINC02302,0.040199,0.011365,4.0335,0.0028176,0.99775,,Mast,UC_vs_HC
C14orf28,0.78641,2.006,1.1601,1.7291,0.083793,,Mast,UC_vs_HC
KLHL28,1.4778,0.38867,0.86862,0.44746,0.65455,0.99956,Mast,UC_vs_HC
TOGARAM1,1.4102,0.072386,0.75215,0.09624,0.92333,0.99956,Mast,UC_vs_HC
PRPF39,1.026,0.32922,0.92396,0.35632,0.7216,,Mast,UC_vs_HC
FKBP3,5.5563,-0.30363,0.44675,-0.67963,0.49674,0.99956,Mast,UC_vs_HC
FANCM,0.64679,1.4324,1.5448,0.92723,0.35381,,Mast,UC_vs_HC
MIS18BP1,2.2861,0.19785,0.66464,0.29768,0.76594,0.99956,Mast,UC_vs_HC
LINC00648,0.018728,0.70632,4.1361,0.17077,0.86441,,Mast,UC_vs_HC
RPS29,205.53,-0.58874,0.31111,-1.8924,0.05844,0.98721,Mast,UC_vs_HC
LRR1,1.7094,0.66978,0.75045,0.8925,0.37213,0.99956,Mast,UC_vs_HC
RPL36AL,150.66,-0.22699,0.23275,-0.97524,0.32944,0.99956,Mast,UC_vs_HC
MGAT2,2.0849,1.5271,0.83893,1.8203,0.06871,0.99956,Mast,UC_vs_HC
AL139099.1,0.083202,0.61127,3.3445,0.18277,0.85498,,Mast,UC_vs_HC
DNAAF2,0.63896,0.32218,1.6236,0.19844,0.8427,,Mast,UC_vs_HC
POLE2,0.055411,0.73069,4.1338,0.17676,0.8597,,Mast,UC_vs_HC
KLHDC1,0.23613,0.80936,2.1983,0.36818,0.71274,,Mast,UC_vs_HC
KLHDC2,1.8103,0.99516,0.98724,1.008,0.31344,0.99956,Mast,UC_vs_HC
NEMF,4.4832,-0.41418,0.42875,-0.96602,0.33404,0.99956,Mast,UC_vs_HC
AL627171.1,0.44779,0.11992,1.4186,0.084532,0.93263,,Mast,UC_vs_HC
ARF6,7.9007,-0.53093,0.46249,-1.148,0.25098,0.99956,Mast,UC_vs_HC
LINC01588,0.30764,0.53563,1.5161,0.3533,0.72386,,Mast,UC_vs_HC
VCPKMT,0.75661,-0.72952,0.92314,-0.79026,0.42938,,Mast,UC_vs_HC
SOS2,1.5213,0.77582,0.97461,0.79603,0.42601,0.99956,Mast,UC_vs_HC
L2HGDH,0.53725,-0.47882,1.5373,-0.31146,0.75545,,Mast,UC_vs_HC
ATP5S,2.4119,-0.32851,0.60414,-0.54377,0.5866,0.99956,Mast,UC_vs_HC
AL359397.2,0.19256,0.067934,4.0636,0.016718,0.98666,,Mast,UC_vs_HC
CDKL1,0.17996,2.293,2.4139,0.94993,0.34215,,Mast,UC_vs_HC
MAP4K5,3.1582,0.90084,0.64579,1.3949,0.16304,0.99956,Mast,UC_vs_HC
ATL1,0.82835,-0.37537,0.98445,-0.3813,0.70298,,Mast,UC_vs_HC
SAV1,3.5927,-1.0444,0.5631,-1.8547,0.063632,0.99048,Mast,UC_vs_HC
NIN,2.1998,0.86535,0.60668,1.4264,0.15376,0.99956,Mast,UC_vs_HC
PYGL,0.90926,2.1773,1.2569,1.7323,0.083227,,Mast,UC_vs_HC
ABHD12B,0.075058,1.3326,4.0556,0.32858,0.74247,,Mast,UC_vs_HC
TMX1,3.6835,0.035574,0.55124,0.064534,0.94854,0.99956,Mast,UC_vs_HC
FRMD6,0.28869,0.13748,1.5247,0.090169,0.92815,,Mast,UC_vs_HC
FRMD6-AS1,0.20643,-0.016023,1.7302,-0.0092608,0.99261,,Mast,UC_vs_HC
GNG2,5.0253,0.7444,0.65259,1.1407,0.254,0.99956,Mast,UC_vs_HC
AL358333.3,0.026237,0.024139,4.0722,0.0059277,0.99527,,Mast,UC_vs_HC
RTRAF,17.826,-0.11871,0.26067,-0.4554,0.64882,0.99956,Mast,UC_vs_HC
PTGER2,1.4279,-0.24734,0.95754,-0.25831,0.79617,0.99956,Mast,UC_vs_HC
TXNDC16,1.2646,1.4222,1.3485,1.0547,0.29156,0.99956,Mast,UC_vs_HC
ERO1A,2.0332,1.41,0.77651,1.8159,0.069392,0.99956,Mast,UC_vs_HC
AL133453.1,2.1627,0.57755,0.95207,0.60662,0.5441,0.99956,Mast,UC_vs_HC
PSMC6,6.4191,-0.275,0.42488,-0.64724,0.51748,0.99956,Mast,UC_vs_HC
STYX,0.92251,-0.26318,1.0066,-0.26146,0.79374,,Mast,UC_vs_HC
GNPNAT1,0.74464,-0.56517,1.1965,-0.47235,0.63668,,Mast,UC_vs_HC
AL139317.3,0.06239,1.1263,2.9855,0.37726,0.70598,,Mast,UC_vs_HC
FERMT2,4.086,0.50071,0.7127,0.70255,0.48234,0.99956,Mast,UC_vs_HC
DDHD1,1.2459,0.50741,0.78771,0.64416,0.51947,0.99956,Mast,UC_vs_HC
BMP4,0.052583,0.46401,3.1249,0.14849,0.88196,,Mast,UC_vs_HC
CDKN3,0.91078,-0.033914,1.0628,-0.03191,0.97454,,Mast,UC_vs_HC
CNIH1,14.542,0.4031,0.34619,1.1644,0.24427,0.99956,Mast,UC_vs_HC
GMFB,1.2608,-1.3514,1.0261,-1.317,0.18783,0.99956,Mast,UC_vs_HC
CGRRF1,1.8982,0.41352,0.79092,0.52284,0.60108,0.99956,Mast,UC_vs_HC
SAMD4A,2.9063,0.3023,0.66466,0.45482,0.64924,0.99956,Mast,UC_vs_HC
GCH1,1.29,0.27632,0.84844,0.32568,0.74467,0.99956,Mast,UC_vs_HC
WDHD1,0.18093,-0.46453,2.0608,-0.22541,0.82166,,Mast,UC_vs_HC
SOCS4,1.7388,0.79367,0.63009,1.2596,0.20781,0.99956,Mast,UC_vs_HC
MAPK1IP1L,5.5926,0.34518,0.549,0.62874,0.52952,0.99956,Mast,UC_vs_HC
LGALS3,108.52,-0.41894,0.34557,-1.2123,0.2254,0.99956,Mast,UC_vs_HC
DLGAP5,0.31618,0.51208,4.1632,0.123,0.90211,,Mast,UC_vs_HC
FBXO34,3.262,0.49292,0.70131,0.70287,0.48214,0.99956,Mast,UC_vs_HC
ATG14,0.91169,-0.1705,1.069,-0.15949,0.87328,,Mast,UC_vs_HC
KTN1-AS1,0.0134,0.3681,4.0861,0.090086,0.92822,,Mast,UC_vs_HC
KTN1,9.7023,-0.015034,0.60921,-0.024678,0.98031,0.99956,Mast,UC_vs_HC
LINC00520,0.17786,1.2288,2.4527,0.501,0.61637,,Mast,UC_vs_HC
PELI2,0.15658,0.40535,1.7426,0.23261,0.81607,,Mast,UC_vs_HC
TMEM260,0.83943,0.61671,0.97067,0.63535,0.5252,,Mast,UC_vs_HC
AL355103.1,0.055411,0.73069,4.1338,0.17676,0.8597,,Mast,UC_vs_HC
EXOC5,2.0912,1.3351,0.84913,1.5723,0.11588,0.99956,Mast,UC_vs_HC
AP5M1,1.3716,0.46154,1.0332,0.44671,0.65509,0.99956,Mast,UC_vs_HC
NAA30,0.97795,0.74929,1.2185,0.61494,0.53859,,Mast,UC_vs_HC
ARMH4,0.074139,0.75588,3.0953,0.24421,0.80707,,Mast,UC_vs_HC
ACTR10,4.0415,0.19903,0.48687,0.40879,0.68269,0.99956,Mast,UC_vs_HC
PSMA3,10.634,-0.094692,0.31953,-0.29635,0.76696,0.99956,Mast,UC_vs_HC
PSMA3-AS1,8.6954,0.39556,0.3548,1.1149,0.2649,0.99956,Mast,UC_vs_HC
AL132989.2,0.018728,0.70632,4.1361,0.17077,0.86441,,Mast,UC_vs_HC
ARID4A,5.2086,-0.16267,0.48722,-0.33387,0.73848,0.99956,Mast,UC_vs_HC
TIMM9,1.6775,0.73563,0.8651,0.85034,0.39513,0.99956,Mast,UC_vs_HC
KIAA0586,1.3964,-0.49187,0.73321,-0.67084,0.50232,0.99956,Mast,UC_vs_HC
DACT1,0.0268,0.16572,4.0548,0.040869,0.9674,,Mast,UC_vs_HC
DAAM1,0.87969,0.21382,1.065,0.20076,0.84089,,Mast,UC_vs_HC
L3HYPDH,0.39632,0.50449,1.4425,0.34973,0.72654,,Mast,UC_vs_HC
JKAMP,1.5169,0.028997,0.83234,0.034838,0.97221,0.99956,Mast,UC_vs_HC
PCNX4,5.1099,0.88298,0.42595,2.073,0.038177,0.90299,Mast,UC_vs_HC
DHRS7,10.496,0.24524,0.3219,0.76182,0.44616,0.99956,Mast,UC_vs_HC
PPM1A,3.4089,0.65118,0.71659,0.90872,0.3635,0.99956,Mast,UC_vs_HC
MNAT1,2.5104,-0.0038731,0.63506,-0.0060989,0.99513,0.99956,Mast,UC_vs_HC
SLC38A6,0.28467,-0.072405,2.1062,-0.034377,0.97258,,Mast,UC_vs_HC
PRKCH,0.22685,-0.36216,1.4692,-0.24651,0.80529,,Mast,UC_vs_HC
AL359220.1,0.0268,0.16572,4.0548,0.040869,0.9674,,Mast,UC_vs_HC
HIF1A,14.577,-0.15182,0.43424,-0.34963,0.72662,0.99956,Mast,UC_vs_HC
HIF1A-AS2,0.42213,0.45582,1.7788,0.25625,0.79775,,Mast,UC_vs_HC
SNAPC1,3.4164,-0.052606,0.53165,-0.098947,0.92118,0.99956,Mast,UC_vs_HC
RHOJ,0.14831,0.45928,2.168,0.21185,0.83223,,Mast,UC_vs_HC
PPP2R5E,2.2215,-0.035683,0.69019,-0.0517,0.95877,0.99956,Mast,UC_vs_HC
AL136038.3,0.12002,0.71702,2.3662,0.30303,0.76187,,Mast,UC_vs_HC
WDR89,0.49277,0.5126,1.3834,0.37054,0.71098,,Mast,UC_vs_HC
SGPP1,0.98699,0.36639,0.87267,0.41985,0.6746,,Mast,UC_vs_HC
SYNE2,0.50821,-0.052641,1.5531,-0.033895,0.97296,,Mast,UC_vs_HC
ESR2,0.093744,0.82432,2.1007,0.3924,0.69477,,Mast,UC_vs_HC
AL161756.1,0.15907,1.2747,3.8226,0.33347,0.73878,,Mast,UC_vs_HC
AL161756.3,0.064474,0.59268,4.1488,0.14286,0.8864,,Mast,UC_vs_HC
MTHFD1,1.5847,0.23464,0.70941,0.33075,0.74083,0.99956,Mast,UC_vs_HC
ZBTB25,1.2965,0.68254,1.0404,0.65606,0.51179,0.99956,Mast,UC_vs_HC
AKAP5,2.0191,-0.87944,0.7537,-1.1668,0.24328,0.99956,Mast,UC_vs_HC
ZBTB1,2.0827,0.26529,0.7524,0.35259,0.7244,0.99956,Mast,UC_vs_HC
HSPA2,1.3124,-1.2211,0.90827,-1.3445,0.1788,0.99956,Mast,UC_vs_HC
PPP1R36,0.026346,1.1367,4.0708,0.27924,0.78006,,Mast,UC_vs_HC
PLEKHG3,0.33248,-0.073348,1.4407,-0.050912,0.9594,,Mast,UC_vs_HC
SPTB,0.1947,-0.037395,1.6531,-0.022622,0.98195,,Mast,UC_vs_HC
CHURC1,9.0536,-0.043202,0.42033,-0.10278,0.91814,0.99956,Mast,UC_vs_HC
GPX2,0.43921,-2.1778,2.0673,-1.0535,0.29213,,Mast,UC_vs_HC
RAB15,0.018728,0.70632,4.1361,0.17077,0.86441,,Mast,UC_vs_HC
FNTB,0.26719,1.5681,2.0956,0.7483,0.45428,,Mast,UC_vs_HC
MAX,6.3705,0.57871,0.53943,1.0728,0.28335,0.99956,Mast,UC_vs_HC
AL139022.1,0.055411,0.73069,4.1338,0.17676,0.8597,,Mast,UC_vs_HC
FUT8,1.0509,-0.069108,0.84605,-0.081682,0.9349,,Mast,UC_vs_HC
GPHN,0.032128,0.40025,2.7752,0.14423,0.88532,,Mast,UC_vs_HC
FAM71D,0.018728,0.70632,4.1361,0.17077,0.86441,,Mast,UC_vs_HC
MPP5,0.86477,-0.45414,0.97491,-0.46582,0.64134,,Mast,UC_vs_HC
ATP6V1D,4.9077,0.12112,0.43368,0.27929,0.78002,0.99956,Mast,UC_vs_HC
EIF2S1,4.3591,-0.0024091,0.47297,-0.0050935,0.99594,0.99956,Mast,UC_vs_HC
TMEM229B,0.17777,1.0781,1.7057,0.63207,0.52734,,Mast,UC_vs_HC
PIGH,1.6066,0.67858,0.87737,0.77343,0.43927,0.99956,Mast,UC_vs_HC
ARG2,2.8953,-0.22349,0.79874,-0.2798,0.77963,0.99956,Mast,UC_vs_HC
VTI1B,3.7752,-0.30015,0.67456,-0.44496,0.65635,0.99956,Mast,UC_vs_HC
RDH11,3.3406,0.58883,0.57007,1.0329,0.30165,0.99956,Mast,UC_vs_HC
ZFYVE26,0.10334,0.70554,3.5653,0.19789,0.84313,,Mast,UC_vs_HC
RAD51B,0.49598,0.39821,1.2381,0.32161,0.74774,,Mast,UC_vs_HC
ZFP36L1,17.747,-0.22178,0.36857,-0.60173,0.54735,0.99956,Mast,UC_vs_HC
ACTN1,0.26254,1.1546,1.6583,0.69625,0.48628,,Mast,UC_vs_HC
DCAF5,1.7109,-0.64757,0.73768,-0.87785,0.38003,0.99956,Mast,UC_vs_HC
AL359317.2,0.059765,0.024139,4.0722,0.0059277,0.99527,,Mast,UC_vs_HC
EXD2,0.13239,0.68891,2.2025,0.31278,0.75445,,Mast,UC_vs_HC
ERH,15.475,-0.14712,0.27153,-0.54182,0.58794,0.99956,Mast,UC_vs_HC
SLC39A9,0.80412,0.67556,0.98805,0.68373,0.49415,,Mast,UC_vs_HC
SUSD6,2.7403,0.46033,0.61692,0.74617,0.45557,0.99956,Mast,UC_vs_HC
SRSF5,36.254,-0.60538,0.27186,-2.2268,0.02596,0.8598,Mast,UC_vs_HC
SLC10A1,0.080667,0.7043,3.3859,0.20801,0.83522,,Mast,UC_vs_HC
SLC8A3,1.3096,-0.44459,0.81267,-0.54708,0.58433,0.99956,Mast,UC_vs_HC
AL160191.1,0.10048,1.2209,2.2257,0.54853,0.58333,,Mast,UC_vs_HC
COX16,0.80617,0.20351,1.1811,0.1723,0.8632,,Mast,UC_vs_HC
SYNJ2BP,0.90509,-0.20052,1.0053,-0.19946,0.8419,,Mast,UC_vs_HC
MED6,2.5804,-0.086391,0.57034,-0.15147,0.8796,0.99956,Mast,UC_vs_HC
TTC9,0.10281,0.72061,2.297,0.31372,0.75373,,Mast,UC_vs_HC
MAP3K9,0.055411,0.73069,4.1338,0.17676,0.8597,,Mast,UC_vs_HC
AC004816.1,0.12077,-0.051155,3.397,-0.015059,0.98799,,Mast,UC_vs_HC
AC004825.2,0.018728,0.70632,4.1361,0.17077,0.86441,,Mast,UC_vs_HC
PCNX1,1.8051,0.47595,0.70423,0.67585,0.49913,0.99956,Mast,UC_vs_HC
AC005476.2,0.10365,1.2415,4.0577,0.30596,0.75964,,Mast,UC_vs_HC
SIPA1L1,3.5873,1.031,0.79691,1.2938,0.19575,0.99956,Mast,UC_vs_HC
DCAF4,0.50676,-0.39316,2.3235,-0.16921,0.86563,,Mast,UC_vs_HC
ZFYVE1,0.62957,-0.10047,1.0087,-0.099604,0.92066,,Mast,UC_vs_HC
AL442663.3,0.097829,-0.31323,3.3199,-0.094348,0.92483,,Mast,UC_vs_HC
RBM25,13.187,0.055104,0.31403,0.17548,0.86071,0.99956,Mast,UC_vs_HC
PSEN1,2.385,-0.59133,0.72268,-0.81824,0.41322,0.99956,Mast,UC_vs_HC
PAPLN,0.077873,0.24265,3.4481,0.070373,0.9439,,Mast,UC_vs_HC
NUMB,3.1292,0.31944,0.50917,0.62738,0.53041,0.99956,Mast,UC_vs_HC
AC005280.2,0.039745,0.81098,2.9497,0.27494,0.78337,,Mast,UC_vs_HC
RIOX1,0.058365,-0.18981,1.9992,-0.094943,0.92436,,Mast,UC_vs_HC
ACOT2,0.045528,0.19411,2.9294,0.066264,0.94717,,Mast,UC_vs_HC
ACOT4,0.55957,0.020759,1.8866,0.011004,0.99122,,Mast,UC_vs_HC
AC005225.2,0.06025,0.16073,4.0541,0.039647,0.96837,,Mast,UC_vs_HC
DNAL1,0.59782,-0.73965,1.4059,-0.52609,0.59882,,Mast,UC_vs_HC
PNMA1,0.73006,-0.58418,1.268,-0.4607,0.64501,,Mast,UC_vs_HC
ELMSAN1,2.9241,0.571,0.89593,0.63733,0.52391,0.99956,Mast,UC_vs_HC
AC005520.2,0.13327,0.7563,1.9176,0.3944,0.69329,,Mast,UC_vs_HC
PTGR2,0.36527,1.2673,1.4799,0.85631,0.39183,,Mast,UC_vs_HC
ZNF410,0.3058,-0.92224,1.7621,-0.52337,0.60072,,Mast,UC_vs_HC
AC005480.1,0.18816,0.019104,2.7271,0.0070052,0.99441,,Mast,UC_vs_HC
FAM161B,0.3143,0.31037,2.1816,0.14227,0.88687,,Mast,UC_vs_HC
COQ6,0.70038,-0.14003,1.3803,-0.10145,0.9192,,Mast,UC_vs_HC
ENTPD5,0.34059,0.51458,1.5332,0.33564,0.73715,,Mast,UC_vs_HC
BBOF1,0.097449,0.73069,4.1338,0.17676,0.8597,,Mast,UC_vs_HC
ALDH6A1,0.95656,1.5057,1.1371,1.3241,0.18547,,Mast,UC_vs_HC
LIN52,0.29995,0.057927,1.7944,0.032281,0.97425,,Mast,UC_vs_HC
ABCD4,1.1612,0.79832,0.79723,1.0014,0.31665,0.99956,Mast,UC_vs_HC
NPC2,24.756,0.012099,0.34361,0.035211,0.97191,0.99956,Mast,UC_vs_HC
ISCA2,1.2579,-0.66964,0.8956,-0.74769,0.45464,0.99956,Mast,UC_vs_HC
AREL1,1.0253,-0.65345,1.0197,-0.64082,0.52164,,Mast,UC_vs_HC
FCF1,1.5193,-0.38492,0.79897,-0.48177,0.62997,0.99956,Mast,UC_vs_HC
YLPM1,2.5699,-0.096301,0.73429,-0.13115,0.89566,0.99956,Mast,UC_vs_HC
PROX2,0.28033,-0.0144,2.8339,-0.0050813,0.99595,,Mast,UC_vs_HC
DLST,1.4592,-0.40242,0.76931,-0.52308,0.60092,0.99956,Mast,UC_vs_HC
RPS6KL1,0.22653,0.86167,1.9674,0.43797,0.66141,,Mast,UC_vs_HC
EIF2B2,1.3274,0.25181,0.71681,0.35129,0.72537,0.99956,Mast,UC_vs_HC
AL049780.1,0.026346,1.1367,4.0708,0.27924,0.78006,,Mast,UC_vs_HC
MLH3,1.5471,1.0882,0.85212,1.277,0.2016,0.99956,Mast,UC_vs_HC
ACYP1,2.1224,0.18687,0.64973,0.28762,0.77364,0.99956,Mast,UC_vs_HC
ZC2HC1C,0.06025,0.16073,4.0541,0.039647,0.96837,,Mast,UC_vs_HC
NEK9,0.84369,0.64643,1.3935,0.46389,0.64272,,Mast,UC_vs_HC
AL049780.2,0.037578,0.16073,4.0541,0.039647,0.96837,,Mast,UC_vs_HC
TMED10,11.509,0.73551,0.31065,2.3676,0.017903,0.7412,Mast,UC_vs_HC
AL691403.1,0.044965,0.057449,3.1839,0.018044,0.9856,,Mast,UC_vs_HC
FOS,163.21,-1.6147,0.59633,-2.7077,0.0067752,0.64375,Mast,UC_vs_HC
LINC01220,0.18445,-1.1838,1.6214,-0.73008,0.46534,,Mast,UC_vs_HC
AF111167.2,0.037456,0.73093,4.1338,0.17682,0.85965,,Mast,UC_vs_HC
JDP2,0.11,0.02444,2.279,0.010724,0.99144,,Mast,UC_vs_HC
BATF,4.9215,0.33486,0.61688,0.54282,0.58725,0.99956,Mast,UC_vs_HC
TTLL5,0.64375,-0.3677,1.5274,-0.24075,0.80975,,Mast,UC_vs_HC
ERG28,1.6351,-0.30437,0.94797,-0.32107,0.74816,0.99956,Mast,UC_vs_HC
IFT43,1.8599,0.30903,0.69036,0.44763,0.65442,0.99956,Mast,UC_vs_HC
AC016526.4,0.064474,0.59268,4.1488,0.14286,0.8864,,Mast,UC_vs_HC
GPATCH2L,7.7088,-0.49927,0.42006,-1.1886,0.23461,0.99956,Mast,UC_vs_HC
VASH1,0.60415,-0.84592,1.2606,-0.67102,0.50221,,Mast,UC_vs_HC
VASH1-AS1,0.10355,1.2051,2.2318,0.53994,0.58924,,Mast,UC_vs_HC
ANGEL1,0.24397,0.69553,1.596,0.4358,0.66298,,Mast,UC_vs_HC
LINC01629,0.026237,0.024139,4.0722,0.0059277,0.99527,,Mast,UC_vs_HC
IRF2BPL,2.1227,0.25161,0.72524,0.34694,0.72864,0.99956,Mast,UC_vs_HC
CIPC,0.045528,0.19411,2.9294,0.066264,0.94717,,Mast,UC_vs_HC
TMEM63C,0.12609,0.19712,3.6087,0.054624,0.95644,,Mast,UC_vs_HC
POMT2,0.075912,0.36008,1.9154,0.18799,0.85088,,Mast,UC_vs_HC
GSTZ1,0.38937,1.4661,1.1412,1.2847,0.1989,,Mast,UC_vs_HC
TMED8,1.3852,0.9464,1.0011,0.94532,0.3445,0.99956,Mast,UC_vs_HC
SAMD15,0.026346,1.1367,4.0708,0.27924,0.78006,,Mast,UC_vs_HC
VIPAS39,0.61543,-0.5385,1.1161,-0.48248,0.62947,,Mast,UC_vs_HC
AHSA1,4.7257,-0.21907,0.57388,-0.38174,0.70266,0.99956,Mast,UC_vs_HC
SPTLC2,2.2299,0.47113,0.86735,0.54319,0.587,0.99956,Mast,UC_vs_HC
ALKBH1,0.42619,-0.048913,1.3652,-0.035828,0.97142,,Mast,UC_vs_HC
SLIRP,9.3424,-0.032135,0.3132,-0.1026,0.91828,0.99956,Mast,UC_vs_HC
SNW1,7.5407,-0.026215,0.36853,-0.071134,0.94329,0.99956,Mast,UC_vs_HC
ADCK1,0.037578,0.16073,4.0541,0.039647,0.96837,,Mast,UC_vs_HC
CEP128,0.42223,-0.32359,1.3189,-0.24535,0.80618,,Mast,UC_vs_HC
TSHR,0.10737,0.16073,4.0541,0.039647,0.96837,,Mast,UC_vs_HC
AC007262.2,0.1205,-0.41456,3.9842,-0.10405,0.91713,,Mast,UC_vs_HC
GTF2A1,2.1886,-1.0168,0.71817,-1.4159,0.15681,0.99956,Mast,UC_vs_HC
AL136040.1,0.091893,-0.19063,2.2051,-0.086452,0.93111,,Mast,UC_vs_HC
STON2,0.10719,1.0061,2.0764,0.48455,0.628,,Mast,UC_vs_HC
SEL1L,4.1142,0.39955,0.49851,0.80149,0.42285,0.99956,Mast,UC_vs_HC
LINC02328,0.0134,0.3681,4.0861,0.090086,0.92822,,Mast,UC_vs_HC
GALC,14.417,0.76596,0.47733,1.6047,0.10857,0.99956,Mast,UC_vs_HC
GPR65,37.413,-0.15684,0.25725,-0.60968,0.54207,0.99956,Mast,UC_vs_HC
AL157955.1,0.032128,0.40025,2.7752,0.14423,0.88532,,Mast,UC_vs_HC
LINC01146,0.0985,1.2704,3.5029,0.36268,0.71684,,Mast,UC_vs_HC
SPATA7,0.089312,0.16008,1.8478,0.086636,0.93096,,Mast,UC_vs_HC
PTPN21,0.038333,0.78366,2.7327,0.28677,0.77429,,Mast,UC_vs_HC
ZC3H14,2.3019,-0.12818,0.6232,-0.20567,0.83705,0.99956,Mast,UC_vs_HC
TTC8,0.17204,1.3357,1.6301,0.8194,0.41256,,Mast,UC_vs_HC
FOXN3,4.3391,0.13597,0.48114,0.2826,0.77748,0.99956,Mast,UC_vs_HC
FOXN3-AS1,0.34503,1.0485,2.4501,0.42795,0.66868,,Mast,UC_vs_HC
EFCAB11,1.6416,0.36544,0.89556,0.40805,0.68323,0.99956,Mast,UC_vs_HC
TDP1,0.73558,0.20494,1.0578,0.19375,0.84637,,Mast,UC_vs_HC
PSMC1,9.2617,-0.12153,0.32711,-0.37152,0.71025,0.99956,Mast,UC_vs_HC
NRDE2,1.7683,-0.029178,0.71183,-0.040991,0.9673,0.99956,Mast,UC_vs_HC
CALM1,42.084,0.41289,0.44497,0.9279,0.35346,0.99956,Mast,UC_vs_HC
TTC7B,1.1378,0.15813,0.79151,0.19978,0.84165,0.99956,Mast,UC_vs_HC
RPS6KA5,13.362,0.10688,0.3919,0.27273,0.78506,0.99956,Mast,UC_vs_HC
DGLUCY,1.0393,0.12445,1.138,0.10936,0.91292,,Mast,UC_vs_HC
CCDC88C,0.62896,0.7611,1.2199,0.6239,0.53269,,Mast,UC_vs_HC
PPP4R3A,3.4,-0.76014,0.60893,-1.2483,0.21192,0.99956,Mast,UC_vs_HC
TC2N,0.14689,0.068627,3.9433,0.017403,0.98611,,Mast,UC_vs_HC
FBLN5,0.21136,0.024507,2.8842,0.0084968,0.99322,,Mast,UC_vs_HC
TRIP11,3.8785,0.16814,0.57186,0.29403,0.76873,0.99956,Mast,UC_vs_HC
ATXN3,2.4266,-0.69116,0.68125,-1.0145,0.31032,0.99956,Mast,UC_vs_HC
NDUFB1,16.719,-0.6235,0.32239,-1.934,0.053117,0.96383,Mast,UC_vs_HC
CPSF2,2.3332,0.29459,0.64457,0.45704,0.64764,0.99956,Mast,UC_vs_HC
RIN3,2.2625,0.61346,0.90037,0.68134,0.49566,0.99956,Mast,UC_vs_HC
LGMN,0.056489,0.8828,3.1215,0.28281,0.77732,,Mast,UC_vs_HC
GOLGA5,0.47433,-0.1678,1.3783,-0.12175,0.9031,,Mast,UC_vs_HC
ITPK1,0.61968,1.6234,1.1893,1.365,0.17226,,Mast,UC_vs_HC
ITPK1-AS1,0.056489,0.8828,3.1215,0.28281,0.77732,,Mast,UC_vs_HC
MOAP1,1.4923,0.2453,0.89505,0.27406,0.78404,0.99956,Mast,UC_vs_HC
TMEM251,2.4818,0.47827,0.58975,0.81097,0.41738,0.99956,Mast,UC_vs_HC
GON7,1.2811,0.52108,0.82959,0.62811,0.52993,0.99956,Mast,UC_vs_HC
UBR7,1.349,-0.18782,0.78338,-0.23976,0.81052,0.99956,Mast,UC_vs_HC
BTBD7,2.6512,-0.5103,0.73414,-0.6951,0.487,0.99956,Mast,UC_vs_HC
ASB2,0.043662,1.1196,2.8057,0.39906,0.68985,,Mast,UC_vs_HC
DDX24,25.661,-0.30443,0.44837,-0.67898,0.49715,0.99956,Mast,UC_vs_HC
IFI27L1,0.94052,0.23388,0.82418,0.28378,0.77658,,Mast,UC_vs_HC
IFI27,1.0577,-2.1683,1.3222,-1.6399,0.10102,,Mast,UC_vs_HC
IFI27L2,6.5217,-0.091023,0.39541,-0.2302,0.81794,0.99956,Mast,UC_vs_HC
SERPINA1,0.15057,0.87907,1.8933,0.4643,0.64244,,Mast,UC_vs_HC
DICER1,2.3053,-0.31585,0.69162,-0.45668,0.6479,0.99956,Mast,UC_vs_HC
DICER1-AS1,0.11434,0.025475,2.1345,0.011935,0.99048,,Mast,UC_vs_HC
CLMN,0.26021,-1.4514,1.6464,-0.8816,0.37799,,Mast,UC_vs_HC
SYNE3,0.48158,0.44496,1.0744,0.41416,0.67876,,Mast,UC_vs_HC
AL133467.1,0.039637,-0.23575,2.975,-0.079243,0.93684,,Mast,UC_vs_HC
SNHG10,0.35077,-0.48437,1.6462,-0.29424,0.76858,,Mast,UC_vs_HC
GLRX5,0.73967,-0.90852,2.7617,-0.32897,0.74218,,Mast,UC_vs_HC
C14orf132,0.026346,1.1367,4.0708,0.27924,0.78006,,Mast,UC_vs_HC
ATG2B,0.53777,0.18657,1.4595,0.12783,0.89828,,Mast,UC_vs_HC
GSKIP,0.52322,0.22402,1.2232,0.18315,0.85468,,Mast,UC_vs_HC
AL163051.1,0.14014,1.4894,2.1516,0.69224,0.48879,,Mast,UC_vs_HC
PAPOLA,14.181,0.089675,0.32302,0.27762,0.78131,0.99956,Mast,UC_vs_HC
VRK1,3.203,-0.050626,0.63468,-0.079766,0.93642,0.99956,Mast,UC_vs_HC
LINC01550,0.12077,-0.051155,3.397,-0.015059,0.98799,,Mast,UC_vs_HC
BCL11B,0.20986,0.24761,2.0825,0.1189,0.90535,,Mast,UC_vs_HC
SETD3,1.6845,-0.47832,0.70135,-0.68199,0.49525,0.99956,Mast,UC_vs_HC
CCNK,2.6015,-0.44199,0.64106,-0.68947,0.49053,0.99956,Mast,UC_vs_HC
CCDC85C,0.31843,-1.2299,1.581,-0.77794,0.4366,,Mast,UC_vs_HC
AL110504.1,0.0134,0.3681,4.0861,0.090086,0.92822,,Mast,UC_vs_HC
EVL,2.5688,0.71083,0.75851,0.93714,0.34869,0.99956,Mast,UC_vs_HC
DEGS2,0.2019,1.9129,1.843,1.0379,0.2993,,Mast,UC_vs_HC
YY1,6.0687,0.33533,0.53956,0.62148,0.53428,0.99956,Mast,UC_vs_HC
SLC25A29,1.0805,0.20484,1.1545,0.17743,0.85917,,Mast,UC_vs_HC
WARS,2.9979,0.48989,0.82414,0.59442,0.55223,0.99956,Mast,UC_vs_HC
WDR25,0.5875,2.2852,1.3195,1.7318,0.083306,,Mast,UC_vs_HC
BEGAIN,0.17862,0.36916,1.5245,0.24215,0.80866,,Mast,UC_vs_HC
MEG3,3.3714,-3.147,1.2168,-2.5864,0.0096996,0.69258,Mast,UC_vs_HC
MEG8,0.63341,-0.98354,1.1813,-0.8326,0.40507,,Mast,UC_vs_HC
MEG9,0.026237,0.024139,4.0722,0.0059277,0.99527,,Mast,UC_vs_HC
LINC02285,0.10944,0.022977,2.3349,0.009841,0.99215,,Mast,UC_vs_HC
PPP2R5C,4.4793,0.75235,0.50993,1.4754,0.14011,0.99956,Mast,UC_vs_HC
AL137779.1,0.21367,1.2669,2.0991,0.60354,0.54615,,Mast,UC_vs_HC
AL118558.3,0.24433,-0.84791,1.6616,-0.5103,0.60984,,Mast,UC_vs_HC
DYNC1H1,5.455,0.50011,0.41956,1.192,0.23326,0.99956,Mast,UC_vs_HC
HSP90AA1,108.79,-0.64561,0.29238,-2.2081,0.027236,0.87289,Mast,UC_vs_HC
WDR20,1.0056,-0.44433,0.97317,-0.45658,0.64797,,Mast,UC_vs_HC
MOK,0.25341,0.2265,2.1011,0.1078,0.91415,,Mast,UC_vs_HC
ZNF839,0.065133,0.40062,3.0575,0.13103,0.89576,,Mast,UC_vs_HC
CINP,1.8625,-1.1469,0.78359,-1.4637,0.14327,0.99956,Mast,UC_vs_HC
TECPR2,0.42112,0.017287,1.685,0.010259,0.99181,,Mast,UC_vs_HC
ANKRD9,1.098,0.73729,0.93864,0.78548,0.43217,,Mast,UC_vs_HC
LINC02323,0.0134,0.3681,4.0861,0.090086,0.92822,,Mast,UC_vs_HC
RCOR1,1.7704,0.71919,0.67886,1.0594,0.28941,0.99956,Mast,UC_vs_HC
TRAF3,0.91192,-0.71376,1.5392,-0.46371,0.64286,,Mast,UC_vs_HC
AMN,0.11062,-0.15864,2.328,-0.068144,0.94567,,Mast,UC_vs_HC
CDC42BPB,0.66499,1.4111,1.6606,0.84978,0.39545,,Mast,UC_vs_HC
TNFAIP2,1.3469,-0.54238,0.88598,-0.61219,0.54042,0.99956,Mast,UC_vs_HC
AL138976.2,0.026237,0.024139,4.0722,0.0059277,0.99527,,Mast,UC_vs_HC
EIF5,31.149,-0.33871,0.32898,-1.0296,0.30321,0.99956,Mast,UC_vs_HC
MARK3,3.2901,-0.45964,0.70173,-0.65501,0.51246,0.99956,Mast,UC_vs_HC
CKB,0.81054,-1.3907,1.1779,-1.1807,0.23771,,Mast,UC_vs_HC
TRMT61A,0.077655,0.083688,3.2733,0.025567,0.9796,,Mast,UC_vs_HC
BAG5,4.0081,0.39123,0.51019,0.76684,0.44318,0.99956,Mast,UC_vs_HC
KLC1,1.7437,-0.029025,0.94331,-0.030769,0.97545,0.99956,Mast,UC_vs_HC
APOPT1,3.3818,0.26532,0.6028,0.44014,0.65983,0.99956,Mast,UC_vs_HC
AL049840.1,1.6083,-0.77032,0.80824,-0.95309,0.34055,0.99956,Mast,UC_vs_HC
AL049840.2,0.42525,1.3748,1.8014,0.76318,0.44535,,Mast,UC_vs_HC
XRCC3,0.2806,0.44924,1.6582,0.27093,0.78645,,Mast,UC_vs_HC
ZFYVE21,1.8549,-1.4706,1.198,-1.2276,0.21959,0.99956,Mast,UC_vs_HC
PPP1R13B,0.080667,0.7043,3.3859,0.20801,0.83522,,Mast,UC_vs_HC
ATP5MPL,15.902,-0.20901,0.33807,-0.61826,0.5364,0.99956,Mast,UC_vs_HC
TDRD9,0.075058,1.3326,4.0556,0.32858,0.74247,,Mast,UC_vs_HC
INF2,0.30676,-0.43833,1.4161,-0.30953,0.75692,,Mast,UC_vs_HC
ADSSL1,0.026346,1.1367,4.0708,0.27924,0.78006,,Mast,UC_vs_HC
SIVA1,10.527,-0.39056,0.39015,-1.001,0.31681,0.99956,Mast,UC_vs_HC
AKT1,1.2724,0.16594,0.87142,0.19043,0.84898,0.99956,Mast,UC_vs_HC
ZBTB42,0.1325,1.5657,2.3865,0.65607,0.51178,,Mast,UC_vs_HC
AHNAK2,0.88707,-1.0915,1.4113,-0.77337,0.4393,,Mast,UC_vs_HC
CDCA4,1.17,0.21752,1.0195,0.21335,0.83105,0.99956,Mast,UC_vs_HC
GPR132,0.71257,-0.79961,1.1266,-0.70973,0.47787,,Mast,UC_vs_HC
JAG2,0.19839,1.0196,1.7722,0.57535,0.56505,,Mast,UC_vs_HC
NUDT14,5.6906,1.7228,0.70644,2.4387,0.014742,0.72228,Mast,UC_vs_HC
BRF1,0.68039,-1.1277,1.1042,-1.0213,0.30711,,Mast,UC_vs_HC
BTBD6,0.36407,-1.0229,1.4942,-0.68455,0.49363,,Mast,UC_vs_HC
PACS2,0.88542,-0.33386,1.0025,-0.33302,0.73912,,Mast,UC_vs_HC
AL928654.1,0.15658,0.39328,1.8359,0.21422,0.83038,,Mast,UC_vs_HC
MTA1,0.17347,0.13835,2.0029,0.069073,0.94493,,Mast,UC_vs_HC
CRIP2,0.0268,0.16572,4.0548,0.040869,0.9674,,Mast,UC_vs_HC
CRIP1,5.4079,-1.4241,0.53985,-2.6379,0.0083424,0.67156,Mast,UC_vs_HC
AL928654.3,0.018728,0.70632,4.1361,0.17077,0.86441,,Mast,UC_vs_HC
TEDC1,0.26412,-0.50604,1.4255,-0.35499,0.7226,,Mast,UC_vs_HC
IGHA2,14.737,0.52844,1.3449,0.39293,,,Mast,UC_vs_HC
IGHE,0.026237,0.024139,4.0722,0.0059277,0.99527,,Mast,UC_vs_HC
IGHG4,1.867,3.8826,1.6067,2.4165,0.015671,0.72228,Mast,UC_vs_HC
IGHG2,8.2026,6.4941,1.8686,3.4754,0.00051009,0.19474,Mast,UC_vs_HC
IGHGP,1.9261,4.9113,3.2316,1.5198,,,Mast,UC_vs_HC
IGHA1,148.36,-1.1943,1.2911,-0.92499,0.35497,0.99956,Mast,UC_vs_HC
IGHG1,71.603,8.9897,1.8307,4.9105,,,Mast,UC_vs_HC
IGHG3,52.137,14.137,4.849,2.9154,,,Mast,UC_vs_HC
IGHD,0.10737,0.16073,4.0541,0.039647,0.96837,,Mast,UC_vs_HC
IGHM,5.9437,-1.0295,1.5018,-0.6855,0.49303,0.99956,Mast,UC_vs_HC
FAM30A,1.5663,0.40399,0.76219,0.53004,0.59608,0.99956,Mast,UC_vs_HC
IGHV6-1,0.12077,-0.051155,3.397,-0.015059,0.98799,,Mast,UC_vs_HC
IGHV1-2,0.71275,3.409,3.9212,0.86938,,,Mast,UC_vs_HC
IGHV2-5,0.066999,-0.23352,4.0035,-0.058329,0.95349,,Mast,UC_vs_HC
IGHV3-7,0.17231,0.6391,3.773,0.16939,0.86549,,Mast,UC_vs_HC
IGHV3-11,0.064474,0.59268,4.1488,0.14286,0.8864,,Mast,UC_vs_HC
IGHV3-15,0.12077,-0.051155,3.397,-0.015059,0.98799,,Mast,UC_vs_HC
IGHV1-18,0.077873,0.24265,3.4481,0.070373,0.9439,,Mast,UC_vs_HC
IGHV3-23,0.71002,0.40038,1.229,0.32577,0.7446,,Mast,UC_vs_HC
IGHV2-26,0.62581,2.1954,3.9875,0.55056,0.58193,,Mast,UC_vs_HC
IGHV3-30,0.10467,-0.1384,3.7644,-0.036764,0.97067,,Mast,UC_vs_HC
IGHV4-31,0.0134,0.3681,4.0861,0.090086,0.92822,,Mast,UC_vs_HC
IGHV4-34,0.088458,1.0394,3.1122,0.33397,0.7384,,Mast,UC_vs_HC
IGHV4-39,0.052474,-0.39825,4.0401,-0.098575,0.92148,,Mast,UC_vs_HC
IGHV3-43,0.0134,0.3681,4.0861,0.090086,0.92822,,Mast,UC_vs_HC
IGHV1-46,0.077873,0.24265,3.4481,0.070373,0.9439,,Mast,UC_vs_HC
IGHV4-61,0.089407,1.073,3.4752,0.30876,0.7575,,Mast,UC_vs_HC
IGHV1-69,0.0134,0.3681,4.0861,0.090086,0.92822,,Mast,UC_vs_HC
IGHV3-69-1,0.064474,0.59268,4.1488,0.14286,0.8864,,Mast,UC_vs_HC
IGHV1-69D,0.0134,0.3681,4.0861,0.090086,0.92822,,Mast,UC_vs_HC
IGHV3-72,0.0134,0.3681,4.0861,0.090086,0.92822,,Mast,UC_vs_HC
IGHV3-74,0.0268,0.16572,4.0548,0.040869,0.9674,,Mast,UC_vs_HC
AC012414.5,0.22276,0.66499,1.7875,0.37202,0.70988,,Mast,UC_vs_HC
AC012414.3,2.8161,5.0302,3.9201,1.2832,0.19943,0.99956,Mast,UC_vs_HC
AC068446.2,0.043662,1.1196,2.8057,0.39906,0.68985,,Mast,UC_vs_HC
NIPA1,0.49489,0.30025,1.9298,0.15559,0.87636,,Mast,UC_vs_HC
NIPA2,1.5557,0.23072,1.0541,0.21888,0.82674,0.99956,Mast,UC_vs_HC
CYFIP1,1.0314,-0.90234,0.96648,-0.93363,0.35049,,Mast,UC_vs_HC
TUBGCP5,0.43117,0.45866,1.2114,0.37861,0.70498,,Mast,UC_vs_HC
NDN,0.21645,0.53648,1.9213,0.27923,0.78007,,Mast,UC_vs_HC
SNRPN,8.199,-0.40797,0.39557,-1.0313,0.30238,0.99956,Mast,UC_vs_HC
SNURF,0.0268,0.16572,4.0548,0.040869,0.9674,,Mast,UC_vs_HC
AC124312.1,0.31566,-0.86552,1.6742,-0.51698,0.60517,,Mast,UC_vs_HC
PWAR6,0.10669,1.5419,2.2184,0.69505,0.48703,,Mast,UC_vs_HC
UBE3A,2.3439,0.068705,1.0848,0.063337,0.9495,0.99956,Mast,UC_vs_HC
ATP10A,2.1511,0.96013,0.82532,1.1633,0.24469,0.99956,Mast,UC_vs_HC
LINC00929,0.67765,1.3997,1.7421,0.80349,0.42169,,Mast,UC_vs_HC
GABRB3,0.026237,0.024139,4.0722,0.0059277,0.99527,,Mast,UC_vs_HC
HERC2,1.4391,0.96177,0.8752,1.0989,0.2718,0.99956,Mast,UC_vs_HC
GOLGA6L7,0.037578,0.16073,4.0541,0.039647,0.96837,,Mast,UC_vs_HC
NSMCE3,2.0471,0.60045,1.1681,0.51404,0.60723,0.99956,Mast,UC_vs_HC
TJP1,0.10205,0.070466,3.6789,0.019154,0.98472,,Mast,UC_vs_HC
AC022613.2,0.026237,0.024139,4.0722,0.0059277,0.99527,,Mast,UC_vs_HC
CHRFAM7A,0.064474,0.59268,4.1488,0.14286,0.8864,,Mast,UC_vs_HC
GOLGA8R,0.026346,1.1367,4.0708,0.27924,0.78006,,Mast,UC_vs_HC
AC026150.3,0.0134,0.3681,4.0861,0.090086,0.92822,,Mast,UC_vs_HC
AC091057.3,0.043089,1.2415,4.0577,0.30596,0.75964,,Mast,UC_vs_HC
ARHGAP11B,0.11247,0.84526,1.7563,0.48127,0.63032,,Mast,UC_vs_HC
AC091057.6,0.055411,0.73069,4.1338,0.17676,0.8597,,Mast,UC_vs_HC
FAN1,0.49186,0.53554,1.1123,0.48146,0.63019,,Mast,UC_vs_HC
MTMR10,0.63321,0.95653,1.1896,0.80406,0.42136,,Mast,UC_vs_HC
LINC02352,0.43696,0.51876,1.9283,0.26902,0.78791,,Mast,UC_vs_HC
AC012236.1,0.07365,-0.053317,3.1259,-0.017057,0.98639,,Mast,UC_vs_HC
KLF13,2.4137,1.0485,0.70423,1.4888,0.13653,0.99956,Mast,UC_vs_HC
OTUD7A,0.039522,0.59268,4.1488,0.14286,0.8864,,Mast,UC_vs_HC
CHRNA7,0.037578,0.16073,4.0541,0.039647,0.96837,,Mast,UC_vs_HC
LINC02256,0.36632,-1.0879,1.6204,-0.67136,0.50199,,Mast,UC_vs_HC
AC123768.4,0.10285,0.60091,3.5176,0.17083,0.86436,,Mast,UC_vs_HC
AC123768.3,0.10737,0.16073,4.0541,0.039647,0.96837,,Mast,UC_vs_HC
GOLGA8N,0.10756,1.1792,3.5163,0.33536,0.73735,,Mast,UC_vs_HC
ARHGAP11A,0.15518,0.40579,1.532,0.26486,0.79111,,Mast,UC_vs_HC
SCG5,0.19088,0.44424,1.7079,0.26011,0.79478,,Mast,UC_vs_HC
FMN1,0.9389,-0.45312,1.0612,-0.42699,0.66939,,Mast,UC_vs_HC
RYR3,0.33913,0.31514,1.6452,0.19155,0.84809,,Mast,UC_vs_HC
AC010809.3,0.018728,0.70632,4.1361,0.17077,0.86441,,Mast,UC_vs_HC
AC010809.1,0.037578,0.16073,4.0541,0.039647,0.96837,,Mast,UC_vs_HC
AVEN,0.37387,1.1663,1.6875,0.69116,0.48946,,Mast,UC_vs_HC
EMC7,6.9372,-0.29223,0.41204,-0.70924,0.47818,0.99956,Mast,UC_vs_HC
PGBD4,0.08611,0.46123,3.4301,0.13446,0.89304,,Mast,UC_vs_HC
KATNBL1,3.4414,0.53176,0.62577,0.84977,0.39545,0.99956,Mast,UC_vs_HC
EMC4,6.7704,-0.44431,0.4069,-1.0919,0.27487,0.99956,Mast,UC_vs_HC
SLC12A6,2.1641,0.6167,0.93041,0.66282,0.50744,0.99956,Mast,UC_vs_HC
AC079203.2,0.018728,0.70632,4.1361,0.17077,0.86441,,Mast,UC_vs_HC
NOP10,16.268,-0.029029,0.33255,-0.087294,0.93044,0.99956,Mast,UC_vs_HC
LPCAT4,0.12873,0.056753,2.2993,0.024683,0.98031,,Mast,UC_vs_HC
GOLGA8A,0.36376,1.084,2.515,0.43102,0.66645,,Mast,UC_vs_HC
GOLGA8B,0.26169,-0.044242,1.3697,-0.032299,0.97423,,Mast,UC_vs_HC
AQR,1.7004,-0.23819,0.71944,-0.33107,0.74059,0.99956,Mast,UC_vs_HC
ZNF770,1.6729,0.38647,0.94502,0.40895,0.68257,0.99956,Mast,UC_vs_HC
DPH6,0.70826,-0.45683,1.0742,-0.42529,0.67063,,Mast,UC_vs_HC
C15orf41,0.1544,-0.092357,1.5819,-0.058382,0.95344,,Mast,UC_vs_HC
MEIS2,6.7277,-0.075551,0.50453,-0.14974,0.88097,0.99956,Mast,UC_vs_HC
AC078909.1,0.35937,1.489,1.5254,0.97615,0.32899,,Mast,UC_vs_HC
AC078909.2,0.055411,0.73069,4.1338,0.17676,0.8597,,Mast,UC_vs_HC
SPRED1,1.5613,0.79864,0.90973,0.87788,0.38001,0.99956,Mast,UC_vs_HC
FAM98B,0.85577,0.69988,0.99876,0.70075,0.48346,,Mast,UC_vs_HC
RASGRP1,0.12956,0.49126,1.833,0.26801,0.78869,,Mast,UC_vs_HC
THBS1,25.077,0.44845,0.70798,0.63342,0.52646,0.99956,Mast,UC_vs_HC
AC037198.2,0.082834,1.1766,1.9991,0.58858,0.55614,,Mast,UC_vs_HC
FSIP1,1.4508,-0.74994,0.73893,-1.0149,0.31015,0.99956,Mast,UC_vs_HC
AC023908.3,0.17184,0.067934,4.0636,0.016718,0.98666,,Mast,UC_vs_HC
EIF2AK4,1.834,0.60302,1.0443,0.57745,0.56364,0.99956,Mast,UC_vs_HC
SRP14,83.362,-0.036206,0.23777,-0.15227,0.87897,0.99956,Mast,UC_vs_HC
SRP14-AS1,0.21939,0.24887,1.46,0.17046,0.86465,,Mast,UC_vs_HC
BMF,0.15388,0.62963,2.4122,0.26102,0.79408,,Mast,UC_vs_HC
PAK6,0.12909,0.057395,2.2629,0.025363,0.97977,,Mast,UC_vs_HC
PLCB2,1.6258,0.88421,0.7144,1.2377,0.21583,0.99956,Mast,UC_vs_HC
INAFM2,0.27791,0.088672,1.89,0.046916,0.96258,,Mast,UC_vs_HC
CCDC9B,0.097449,0.73069,4.1338,0.17676,0.8597,,Mast,UC_vs_HC
PHGR1,5.2639,-4.648,1.764,-2.6349,,,Mast,UC_vs_HC
DISP2,0.090802,1.4471,2.1672,0.66772,0.50431,,Mast,UC_vs_HC
KNSTRN,0.29778,2.0416,1.7655,1.1564,0.24751,,Mast,UC_vs_HC
IVD,3.5088,-0.015602,0.48966,-0.031862,0.97458,0.99956,Mast,UC_vs_HC
BAHD1,0.88372,-0.94039,1.1931,-0.7882,0.43058,,Mast,UC_vs_HC
CHST14,0.37473,1.1832,1.4064,0.84124,0.40022,,Mast,UC_vs_HC
AC091045.1,0.0134,0.3681,4.0861,0.090086,0.92822,,Mast,UC_vs_HC
CCDC32,2.1194,0.66329,0.71871,0.92289,0.35607,0.99956,Mast,UC_vs_HC
RPUSD2,0.43069,1.2671,1.3129,0.96513,0.33448,,Mast,UC_vs_HC
KNL1,0.23056,0.61668,2.583,0.23874,0.8113,,Mast,UC_vs_HC
RMDN3,1.4033,-0.39287,0.89526,-0.43883,0.66079,0.99956,Mast,UC_vs_HC
GCHFR,2.9513,0.073924,0.77065,0.095923,0.92358,0.99956,Mast,UC_vs_HC
DNAJC17,1.9931,-0.5491,0.75835,-0.72407,0.46903,0.99956,Mast,UC_vs_HC
ZFYVE19,0.9519,0.44881,0.93575,0.47962,0.6315,,Mast,UC_vs_HC
PPP1R14D,0.08221,0.24016,3.2921,0.072951,0.94184,,Mast,UC_vs_HC
SPINT1-AS1,0.07797,0.031815,1.9275,0.016506,0.98683,,Mast,UC_vs_HC
SPINT1,0.39656,0.4394,1.126,0.39023,0.69637,,Mast,UC_vs_HC
RHOV,0.018728,0.70632,4.1361,0.17077,0.86441,,Mast,UC_vs_HC
VPS18,0.20711,-0.44268,1.8262,-0.2424,0.80847,,Mast,UC_vs_HC
DLL4,0.078493,0.052424,3.5352,0.014829,0.98817,,Mast,UC_vs_HC
CHAC1,0.073164,-0.23944,3.3159,-0.07221,0.94244,,Mast,UC_vs_HC
INO80,1.537,-0.28243,0.75495,-0.3741,0.70833,0.99956,Mast,UC_vs_HC
AC020661.3,0.037578,0.16073,4.0541,0.039647,0.96837,,Mast,UC_vs_HC
CHP1,3.4674,0.25823,0.6945,0.37182,0.71003,0.99956,Mast,UC_vs_HC
OIP5,0.026237,0.024139,4.0722,0.0059277,0.99527,,Mast,UC_vs_HC
NUSAP1,0.42633,-0.10536,3.0924,-0.03407,0.97282,,Mast,UC_vs_HC
NDUFAF1,0.96312,0.11703,0.87413,0.13389,0.89349,,Mast,UC_vs_HC
RTF1,6.411,0.053878,0.60283,0.089376,0.92878,0.99956,Mast,UC_vs_HC
ITPKA,0.10639,-0.0043266,2.2069,-0.0019605,0.99844,,Mast,UC_vs_HC
LTK,0.0134,0.3681,4.0861,0.090086,0.92822,,Mast,UC_vs_HC
RPAP1,0.36786,1.1633,1.8656,0.62355,0.53292,,Mast,UC_vs_HC
TYRO3,0.055411,0.73069,4.1338,0.17676,0.8597,,Mast,UC_vs_HC
MGA,2.5153,0.9928,0.629,1.5784,0.11448,0.99956,Mast,UC_vs_HC
MAPKBP1,0.17106,0.55406,2.0795,0.26644,0.7899,,Mast,UC_vs_HC
SPTBN5,0.086596,0.64256,3.4478,0.18637,0.85216,,Mast,UC_vs_HC
EHD4,3.2987,0.42112,0.55362,0.76068,0.44685,0.99956,Mast,UC_vs_HC
PLA2G4F,0.059765,0.024139,4.0722,0.0059277,0.99527,,Mast,UC_vs_HC
VPS39,0.96342,-0.41509,0.87594,-0.47388,0.63558,,Mast,UC_vs_HC
TMEM87A,4.3243,0.17275,0.44111,0.39164,0.69533,0.99956,Mast,UC_vs_HC
GANC,0.45988,-0.35122,1.3151,-0.26708,0.78941,,Mast,UC_vs_HC
CAPN3,0.076978,0.63186,3.255,0.19412,0.84608,,Mast,UC_vs_HC
ZNF106,2.6971,-0.038801,0.73451,-0.052826,0.95787,0.99956,Mast,UC_vs_HC
SNAP23,6.1567,0.098112,0.39566,0.24797,0.80416,0.99956,Mast,UC_vs_HC
AC018362.1,0.28321,0.17815,1.8883,0.094344,0.92484,,Mast,UC_vs_HC
LRRC57,1.1562,1.4962,1.346,1.1116,0.26629,0.99956,Mast,UC_vs_HC
HAUS2,0.94386,-0.74565,0.99492,-0.74945,0.45358,,Mast,UC_vs_HC
AC018362.2,0.2011,1.2767,4.016,0.31792,0.75055,,Mast,UC_vs_HC
STARD9,0.039745,0.81098,2.9497,0.27494,0.78337,,Mast,UC_vs_HC
CDAN1,0.088434,-0.001833,2.0082,-0.00091275,0.99927,,Mast,UC_vs_HC
TTBK2,1.1769,-0.13274,1.1249,-0.118,0.90606,0.99956,Mast,UC_vs_HC
UBR1,2.4556,0.08674,0.78449,0.11057,0.91196,0.99956,Mast,UC_vs_HC
TMEM62,0.35036,1.388,3.9469,0.35166,0.7251,,Mast,UC_vs_HC
CCNDBP1,9.2958,-0.23987,0.43802,-0.54762,0.58395,0.99956,Mast,UC_vs_HC
LCMT2,0.3826,0.56075,1.1987,0.46779,0.63994,,Mast,UC_vs_HC
ADAL,0.49867,0.066034,1.264,0.052244,0.95833,,Mast,UC_vs_HC
ZSCAN29,0.40416,0.53477,1.1728,0.45599,0.6484,,Mast,UC_vs_HC
TUBGCP4,1.2813,0.36308,0.91414,0.39718,0.69123,0.99956,Mast,UC_vs_HC
TP53BP1,3.2423,0.4066,0.56407,0.72082,0.47102,0.99956,Mast,UC_vs_HC
MAP1A,1.1499,-1.2761,0.94435,-1.3513,0.17661,0.99956,Mast,UC_vs_HC
PPIP5K1,0.56556,0.081944,1.6852,0.048626,0.96122,,Mast,UC_vs_HC
CKMT1B,0.0134,0.3681,4.0861,0.090086,0.92822,,Mast,UC_vs_HC
CATSPER2,0.80277,-0.97746,1.518,-0.64391,0.51963,,Mast,UC_vs_HC
CKMT1A,0.018728,0.70632,4.1361,0.17077,0.86441,,Mast,UC_vs_HC
PDIA3,18.874,0.052196,0.59392,0.087885,0.92997,0.99956,Mast,UC_vs_HC
SERF2,123.32,-0.030986,0.20846,-0.14865,0.88183,0.99956,Mast,UC_vs_HC
SERINC4,0.026346,1.1367,4.0708,0.27924,0.78006,,Mast,UC_vs_HC
HYPK,0.33138,-1.7898,1.5498,-1.1549,0.24814,,Mast,UC_vs_HC
MFAP1,3.1937,0.12925,0.57501,0.22479,0.82214,0.99956,Mast,UC_vs_HC
WDR76,0.28212,0.044881,3.0206,0.014858,0.98815,,Mast,UC_vs_HC
CASC4,1.3283,0.06149,0.77238,0.079611,0.93655,0.99956,Mast,UC_vs_HC
CTDSPL2,1.7616,0.2966,0.69186,0.4287,0.66814,0.99956,Mast,UC_vs_HC
EIF3J-DT,0.7952,-0.94603,0.95647,-0.98909,0.32262,,Mast,UC_vs_HC
EIF3J,9.183,-0.69864,0.579,-1.2066,0.22758,0.99956,Mast,UC_vs_HC
SPG11,1.4627,1.3825,0.71015,1.9467,0.051566,0.96096,Mast,UC_vs_HC
PATL2,0.30023,1.6488,1.7869,0.92269,0.35617,,Mast,UC_vs_HC
B2M,1119.6,0.28764,0.22955,1.253,0.21019,0.99956,Mast,UC_vs_HC
TRIM69,2.1564,-0.087754,0.79825,-0.10993,0.91246,0.99956,Mast,UC_vs_HC
SORD,1.4281,1.2349,0.95273,1.2962,0.19492,0.99956,Mast,UC_vs_HC
AC091117.2,0.026346,1.1367,4.0708,0.27924,0.78006,,Mast,UC_vs_HC
DUOX2,0.26087,1.3862,1.5026,0.92254,0.35625,,Mast,UC_vs_HC
DUOXA2,0.60572,-0.88237,1.1292,-0.78143,0.43455,,Mast,UC_vs_HC
DUOXA1,0.082726,0.29321,2.0658,0.14193,0.88713,,Mast,UC_vs_HC
DUOX1,0.5764,1.0406,1.0167,1.0236,0.30604,,Mast,UC_vs_HC
SHF,0.54893,-0.56303,1.3648,-0.41255,0.67994,,Mast,UC_vs_HC
AC051619.5,0.024934,1.088,4.0829,0.26647,0.78988,,Mast,UC_vs_HC
SLC28A2,0.052583,0.46401,3.1249,0.14849,0.88196,,Mast,UC_vs_HC
GATM,0.32454,-0.48119,1.3804,-0.34859,0.7274,,Mast,UC_vs_HC
AC025580.3,0.018728,0.70632,4.1361,0.17077,0.86441,,Mast,UC_vs_HC
SPATA5L1,0.46125,0.56863,1.299,0.43773,0.66159,,Mast,UC_vs_HC
C15orf48,2.7775,-0.2525,0.97831,-0.2581,0.79633,0.99956,Mast,UC_vs_HC
AC025580.1,0.018728,0.70632,4.1361,0.17077,0.86441,,Mast,UC_vs_HC
SLC30A4,0.069899,0.56836,2.116,0.2686,0.78824,,Mast,UC_vs_HC
BLOC1S6,9.5382,-0.43619,0.3867,-1.128,0.25932,0.99956,Mast,UC_vs_HC
SQOR,1.7441,0.42972,0.86826,0.49493,0.62065,0.99956,Mast,UC_vs_HC
SEMA6D,0.069435,1.5682,3.0225,0.51884,0.60387,,Mast,UC_vs_HC
MYEF2,0.40356,0.48819,1.4476,0.33723,0.73594,,Mast,UC_vs_HC
AC023355.1,0.13608,0.73237,2.5537,0.28679,0.77428,,Mast,UC_vs_HC
DUT,4.7915,-0.12631,1.0848,-0.11644,0.9073,0.99956,Mast,UC_vs_HC
CEP152,0.22117,-0.82279,1.3554,-0.60705,0.54382,,Mast,UC_vs_HC
EID1,18.788,-0.49889,0.27392,-1.8213,0.068565,0.99956,Mast,UC_vs_HC
SECISBP2L,2.5783,0.56503,0.58647,0.96345,0.33532,0.99956,Mast,UC_vs_HC
COPS2,4.7491,-0.020907,0.49204,-0.042491,0.96611,0.99956,Mast,UC_vs_HC
GALK2,1.3803,0.27127,0.82757,0.32779,0.74307,0.99956,Mast,UC_vs_HC
FAM227B,0.3587,2.4335,1.7613,1.3816,0.16708,,Mast,UC_vs_HC
AC022306.2,0.093786,1.3571,3.1774,0.4271,0.66931,,Mast,UC_vs_HC
FGF7,0.19864,-0.35125,2.7073,-0.12974,0.89677,,Mast,UC_vs_HC
DTWD1,1.7686,-1.2397,0.7688,-1.6126,0.10684,0.99956,Mast,UC_vs_HC
ATP8B4,2.7775,0.44878,0.65004,0.69038,0.48996,0.99956,Mast,UC_vs_HC
AC025040.1,0.026237,0.024139,4.0722,0.0059277,0.99527,,Mast,UC_vs_HC
SLC27A2,0.8905,1.6358,1.119,1.4619,0.14378,,Mast,UC_vs_HC
HDC,64.954,0.58909,0.33772,1.7443,0.081109,0.99956,Mast,UC_vs_HC
GABPB1,6.7301,-0.011715,0.51156,-0.022901,0.98173,0.99956,Mast,UC_vs_HC
GABPB1-AS1,4.8269,-0.21513,0.4549,-0.47292,0.63627,0.99956,Mast,UC_vs_HC
AC022087.1,0.079268,0.65281,2.1682,0.30109,0.76335,,Mast,UC_vs_HC
USP8,4.9895,-0.14177,0.46139,-0.30727,0.75863,0.99956,Mast,UC_vs_HC
TRPM7,1.764,0.8865,0.83842,1.0573,0.29035,0.99956,Mast,UC_vs_HC
SPPL2A,2.908,0.028437,0.60202,0.047236,0.96233,0.99956,Mast,UC_vs_HC
AC021752.1,0.026237,0.024139,4.0722,0.0059277,0.99527,,Mast,UC_vs_HC
AP4E1,0.32287,-0.22719,1.8404,-0.12345,0.90175,,Mast,UC_vs_HC
DMXL2,1.1739,2.1735,0.92269,2.3556,0.018492,0.75953,Mast,UC_vs_HC
LYSMD2,0.63465,0.51175,1.6266,0.31461,0.75306,,Mast,UC_vs_HC
TMOD2,0.11072,-0.3688,2.3247,-0.15864,0.87395,,Mast,UC_vs_HC
TMOD3,14.689,-0.39704,0.40794,-0.97327,0.33042,0.99956,Mast,UC_vs_HC
AC090971.2,0.018728,0.70632,4.1361,0.17077,0.86441,,Mast,UC_vs_HC
AC090971.1,0.15541,0.44089,1.9243,0.22912,0.81878,,Mast,UC_vs_HC
LEO1,48.265,0.18416,0.31942,0.57655,0.56425,0.99956,Mast,UC_vs_HC
MAPK6,24.791,-0.74103,0.35555,-2.0842,0.037145,0.90299,Mast,UC_vs_HC
AC090970.2,0.037578,0.16073,4.0541,0.039647,0.96837,,Mast,UC_vs_HC
AC023906.5,0.39322,-0.3655,1.415,-0.25831,0.79617,,Mast,UC_vs_HC
BCL2L10,0.026237,0.024139,4.0722,0.0059277,0.99527,,Mast,UC_vs_HC
GNB5,1.3318,-0.077521,0.80331,-0.096502,0.92312,0.99956,Mast,UC_vs_HC
AC023906.3,0.055411,0.73069,4.1338,0.17676,0.8597,,Mast,UC_vs_HC
CERNA1,0.052922,0.24161,3.2428,0.074505,0.94061,,Mast,UC_vs_HC
MYO5C,1.9091,-0.77388,1.0587,-0.73095,0.46481,0.99956,Mast,UC_vs_HC
MYO5A,2.2499,0.27219,0.79807,0.34106,0.73306,0.99956,Mast,UC_vs_HC
ARPP19,5.7209,0.58272,0.39695,1.468,0.14211,0.99956,Mast,UC_vs_HC
FAM214A,0.87282,0.96158,0.97656,0.98467,0.32479,,Mast,UC_vs_HC
UNC13C,0.06025,0.16073,4.0541,0.039647,0.96837,,Mast,UC_vs_HC
RSL24D1,15.356,-0.23635,0.31383,-0.75311,0.45139,0.99956,Mast,UC_vs_HC
RAB27A,2.7054,1.5842,0.68158,2.3243,0.02011,0.78717,Mast,UC_vs_HC
PIGBOS1,1.7065,-0.11674,0.69776,-0.1673,0.86713,0.99956,Mast,UC_vs_HC
PIGB,0.17309,1.9592,2.1615,0.9064,0.36472,,Mast,UC_vs_HC
CCPG1,6.2366,0.66033,0.45793,1.442,0.1493,0.99956,Mast,UC_vs_HC
C15orf65,0.090066,0.66865,3.1452,0.21259,0.83165,,Mast,UC_vs_HC
DNAAF4,0.082984,0.26536,3.3038,0.080321,0.93598,,Mast,UC_vs_HC
NEDD4,0.56117,-0.29734,1.1132,-0.2671,0.7894,,Mast,UC_vs_HC
RFX7,1.1178,1.5003,1.1724,1.2797,0.20064,,Mast,UC_vs_HC
TEX9,0.055411,0.73069,4.1338,0.17676,0.8597,,Mast,UC_vs_HC
AC084782.2,0.043089,1.2415,4.0577,0.30596,0.75964,,Mast,UC_vs_HC
MNS1,0.092559,-0.50419,2.1859,-0.23065,0.81758,,Mast,UC_vs_HC
ZNF280D,1.2389,-0.021294,0.88336,-0.024106,0.98077,0.99956,Mast,UC_vs_HC
AC090517.4,0.039637,-0.23575,2.975,-0.079243,0.93684,,Mast,UC_vs_HC
AC010999.2,0.0134,0.3681,4.0861,0.090086,0.92822,,Mast,UC_vs_HC
TCF12,1.7342,0.20581,0.82477,0.24954,0.80295,0.99956,Mast,UC_vs_HC
LINC00926,0.0985,1.2704,3.5029,0.36268,0.71684,,Mast,UC_vs_HC
POLR2M,0.84963,0.84872,1.411,0.60152,0.5475,,Mast,UC_vs_HC
LIPC,0.15914,1.2101,3.7545,0.3223,0.74723,,Mast,UC_vs_HC
ADAM10,2.3542,-0.056941,0.74516,-0.076415,0.93909,0.99956,Mast,UC_vs_HC
AC090515.2,0.0134,0.3681,4.0861,0.090086,0.92822,,Mast,UC_vs_HC
MINDY2,1.5931,1.1945,0.97108,1.2301,0.21867,0.99956,Mast,UC_vs_HC
RNF111,1.6488,0.38715,0.82034,0.47194,0.63697,0.99956,Mast,UC_vs_HC
SLTM,8.8638,-0.00048248,0.38923,-0.0012396,0.99901,0.99996,Mast,UC_vs_HC
CCNB2,0.19761,0.53229,4.1595,0.12797,0.89817,,Mast,UC_vs_HC
MYO1E,0.11595,0.094158,3.9011,0.024136,0.98074,,Mast,UC_vs_HC
GCNT3,0.15463,0.43041,2.4018,0.17921,0.85777,,Mast,UC_vs_HC
GTF2A2,7.9666,0.34023,0.33283,1.0222,0.30667,0.99956,Mast,UC_vs_HC
BNIP2,5.1285,1.1813,0.55094,2.1442,0.032016,0.89594,Mast,UC_vs_HC
ANXA2,5.2268,0.3786,0.63959,0.59194,0.55389,0.99956,Mast,UC_vs_HC
ICE2,2.5668,0.62605,0.63004,0.99367,0.32038,0.99956,Mast,UC_vs_HC
RORA-AS1,0.15932,0.69458,1.8802,0.36941,0.71182,,Mast,UC_vs_HC
RORA,0.7158,2.5613,1.6169,1.5841,0.11318,,Mast,UC_vs_HC
AC107241.1,0.059765,0.024139,4.0722,0.0059277,0.99527,,Mast,UC_vs_HC
VPS13C,10.474,-0.3297,0.38624,-0.85361,0.39332,0.99956,Mast,UC_vs_HC
AC104590.1,0.06025,0.16073,4.0541,0.039647,0.96837,,Mast,UC_vs_HC
TLN2,0.038333,0.78366,2.7327,0.28677,0.77429,,Mast,UC_vs_HC
TPM1,3.9301,1.2044,0.95205,1.265,0.20587,0.99956,Mast,UC_vs_HC
TPM1-AS,0.0134,0.3681,4.0861,0.090086,0.92822,,Mast,UC_vs_HC
LACTB,5.6553,-0.14533,0.69909,-0.20789,0.83532,0.99956,Mast,UC_vs_HC
RPS27L,25.317,-0.038837,0.23191,-0.16747,0.867,0.99956,Mast,UC_vs_HC
RAB8B,8.0704,0.62355,0.51,1.2226,0.22146,0.99956,Mast,UC_vs_HC
APH1B,2.3266,-0.13015,0.62367,-0.20868,0.83469,0.99956,Mast,UC_vs_HC
CA12,0.095156,0.86228,2.2414,0.38472,0.70045,,Mast,UC_vs_HC
AC007950.2,0.026237,0.024139,4.0722,0.0059277,0.99527,,Mast,UC_vs_HC
USP3,2.5325,1.0503,0.76942,1.3651,0.17222,0.99956,Mast,UC_vs_HC
USP3-AS1,0.071419,1.4897,3.2573,0.45734,0.64742,,Mast,UC_vs_HC
FBXL22,0.14318,0.5654,2.3716,0.23841,0.81157,,Mast,UC_vs_HC
HERC1,8.7006,0.32124,0.4278,0.75091,0.45271,0.99956,Mast,UC_vs_HC
DAPK2,1.4078,0.65705,0.94866,0.69261,0.48855,0.99956,Mast,UC_vs_HC
FAM96A,2.4975,0.046175,0.58574,0.078832,0.93717,0.99956,Mast,UC_vs_HC
SNX1,2.7339,-0.52156,0.74514,-0.69995,0.48396,0.99956,Mast,UC_vs_HC
SNX22,0.026346,1.1367,4.0708,0.27924,0.78006,,Mast,UC_vs_HC
PPIB,37.788,0.71793,0.40481,1.7735,0.07615,0.99956,Mast,UC_vs_HC
CSNK1G1,1.4861,-0.27127,0.80491,-0.33702,0.7361,0.99956,Mast,UC_vs_HC
PCLAF,0.25247,-0.0065638,2.1526,-0.0030492,0.99757,,Mast,UC_vs_HC
TRIP4,1.032,0.2195,0.91333,0.24033,0.81008,,Mast,UC_vs_HC
ZNF609,0.68827,0.59692,1.0208,0.58479,0.55869,,Mast,UC_vs_HC
OAZ2,8.3584,-0.19871,0.35895,-0.55357,0.57987,0.99956,Mast,UC_vs_HC
AC100830.3,0.25121,0.31099,2.6856,0.1158,0.90781,,Mast,UC_vs_HC
PIF1,0.1323,0.5491,3.5383,0.15519,0.87667,,Mast,UC_vs_HC
PLEKHO2,1.8566,-0.7233,0.83106,-0.87034,0.38411,0.99956,Mast,UC_vs_HC
ANKDD1A,0.2354,0.69848,1.7665,0.3954,0.69255,,Mast,UC_vs_HC
AC103691.1,0.27951,-0.29896,1.2258,-0.24389,0.80731,,Mast,UC_vs_HC
SPG21,0.7835,-0.27675,0.91746,-0.30165,0.76292,,Mast,UC_vs_HC
MTFMT,0.19547,0.44076,1.6776,0.26274,0.79275,,Mast,UC_vs_HC
RASL12,0.024934,1.088,4.0829,0.26647,0.78988,,Mast,UC_vs_HC
UBAP1L,0.22877,0.44623,1.7195,0.25951,0.79524,,Mast,UC_vs_HC
PDCD7,0.88676,-0.68666,1.2308,-0.55789,0.57692,,Mast,UC_vs_HC
CLPX,1.3164,1.3444,0.77084,1.7441,0.081143,0.99956,Mast,UC_vs_HC
PARP16,0.093945,0.89019,2.191,0.4063,0.68453,,Mast,UC_vs_HC
DPP8,1.483,1.9898,0.82462,2.413,0.015821,0.72228,Mast,UC_vs_HC
HACD3,2.3435,0.053166,0.76492,0.069505,0.94459,0.99956,Mast,UC_vs_HC
INTS14,1.0016,0.0072785,0.90356,0.0080555,0.99357,,Mast,UC_vs_HC
SLC24A1,0.38298,0.1838,1.4269,0.12881,0.89751,,Mast,UC_vs_HC
AC011939.3,0.25067,0.097461,1.8131,0.053755,0.95713,,Mast,UC_vs_HC
DENND4A,9.2301,-0.46259,0.396,-1.1682,0.24275,0.99956,Mast,UC_vs_HC
RAB11A,6.3234,-0.24809,0.41188,-0.60233,0.54695,0.99956,Mast,UC_vs_HC
MEGF11,0.20482,0.22174,4.0222,0.055129,0.95604,,Mast,UC_vs_HC
DIS3L,0.60239,-0.51932,1.3388,-0.38789,0.6981,,Mast,UC_vs_HC
TIPIN,0.37092,-0.6648,1.6475,-0.40351,0.68657,,Mast,UC_vs_HC
MAP2K1,1.2046,0.24129,0.90134,0.2677,0.78893,0.99956,Mast,UC_vs_HC
AC116913.1,0.026346,1.1367,4.0708,0.27924,0.78006,,Mast,UC_vs_HC
SNAPC5,1.3821,0.9674,0.72145,1.3409,0.17995,0.99956,Mast,UC_vs_HC
RPL4,45.364,-0.51869,0.349,-1.4862,0.13722,0.99956,Mast,UC_vs_HC
ZWILCH,0.24814,-0.34236,1.5064,-0.22727,0.82022,,Mast,UC_vs_HC
LCTL,0.2087,0.40072,1.8658,0.21477,0.82995,,Mast,UC_vs_HC
SMAD6,0.024934,1.088,4.0829,0.26647,0.78988,,Mast,UC_vs_HC
AC087482.1,0.026346,1.1367,4.0708,0.27924,0.78006,,Mast,UC_vs_HC
SMAD3,2.2488,0.29222,0.63764,0.45829,0.64675,0.99956,Mast,UC_vs_HC
AAGAB,1.1068,-0.09073,0.80904,-0.11215,0.91071,,Mast,UC_vs_HC
IQCH-AS1,0.77674,-1.5837,1.4815,-1.069,0.28508,,Mast,UC_vs_HC
C15orf61,1.4544,0.041004,1.3829,0.029652,0.97634,0.99956,Mast,UC_vs_HC
AC016355.1,0.0134,0.3681,4.0861,0.090086,0.92822,,Mast,UC_vs_HC
MAP2K5,0.15103,-0.33006,1.5562,-0.2121,0.83203,,Mast,UC_vs_HC
PIAS1,3.6008,0.059749,0.56879,0.10505,0.91634,0.99956,Mast,UC_vs_HC
AC107871.1,0.13723,0.14195,2.4833,0.057162,0.95442,,Mast,UC_vs_HC
CALML4,0.024934,1.088,4.0829,0.26647,0.78988,,Mast,UC_vs_HC
CLN6,0.17435,0.64085,2.7631,0.23193,0.81659,,Mast,UC_vs_HC
FEM1B,0.78988,-0.52507,0.97612,-0.53792,0.59064,,Mast,UC_vs_HC
ITGA11,0.34069,-1.3139,1.7102,-0.76825,0.44234,,Mast,UC_vs_HC
ANP32A,12.007,1.0274,0.31887,3.2218,0.0012737,0.3076,Mast,UC_vs_HC
GLCE,0.75255,-0.14859,1.2458,-0.11927,0.90506,,Mast,UC_vs_HC
PAQR5,3.8472,-0.048685,0.64317,-0.075696,0.93966,0.99956,Mast,UC_vs_HC
AC027237.3,0.0134,0.3681,4.0861,0.090086,0.92822,,Mast,UC_vs_HC
KIF23,0.14633,0.66868,1.5863,0.42154,0.67336,,Mast,UC_vs_HC
RPLP1,574.26,-0.25626,0.19282,-1.329,0.18385,0.99956,Mast,UC_vs_HC
DRAIC,0.055411,0.73069,4.1338,0.17676,0.8597,,Mast,UC_vs_HC
TLE3,3.8932,0.67833,0.51466,1.318,0.1875,0.99956,Mast,UC_vs_HC
UACA,0.675,2.0419,2.0136,1.0141,0.31056,,Mast,UC_vs_HC
MYO9A,1.4927,0.19202,0.84184,0.2281,0.81957,0.99956,Mast,UC_vs_HC
SENP8,0.18934,-0.13997,2.0047,-0.069821,0.94434,,Mast,UC_vs_HC
PKM,12.376,0.63917,0.35304,1.8105,0.070223,0.99956,Mast,UC_vs_HC
PARP6,0.7295,-0.99075,1.2439,-0.7965,0.42574,,Mast,UC_vs_HC
HEXA,3.0767,1.6484,0.64079,2.5725,0.010096,0.69258,Mast,UC_vs_HC
TMEM202-AS1,0.095156,0.86228,2.2414,0.38472,0.70045,,Mast,UC_vs_HC
ARIH1,8.2504,0.23351,0.49528,0.47147,0.63731,0.99956,Mast,UC_vs_HC
AC100827.4,0.055411,0.73069,4.1338,0.17676,0.8597,,Mast,UC_vs_HC
BBS4,1.3234,0.72819,0.83865,0.86829,0.38524,0.99956,Mast,UC_vs_HC
ADPGK,2.4771,0.70409,0.75201,0.93627,0.34913,0.99956,Mast,UC_vs_HC
NEO1,0.20069,-0.097098,1.5177,-0.063977,0.94899,,Mast,UC_vs_HC
NPTN,1.0456,-1.7077,1.0557,-1.6175,0.10576,,Mast,UC_vs_HC
CD276,1.3892,-0.19568,0.84046,-0.23282,0.8159,0.99956,Mast,UC_vs_HC
STOML1,0.22017,0.60684,2.0723,0.29283,0.76965,,Mast,UC_vs_HC
PML,0.86305,-0.29054,1.207,-0.24071,0.80978,,Mast,UC_vs_HC
AC010931.2,0.17184,0.067934,4.0636,0.016718,0.98666,,Mast,UC_vs_HC
CYP11A1,0.26306,1.472,1.6669,0.88311,0.37718,,Mast,UC_vs_HC
SEMA7A,2.6527,1.2362,0.73864,1.6736,0.094202,0.99956,Mast,UC_vs_HC
UBL7,0.96546,-0.14139,0.81079,-0.17438,0.86157,,Mast,UC_vs_HC
UBL7-AS1,0.9153,-0.72204,0.97225,-0.74264,0.4577,,Mast,UC_vs_HC
ARID3B,0.87964,1.5154,1.2396,1.2225,0.2215,,Mast,UC_vs_HC
CLK3,2.3284,-0.51117,0.62011,-0.82432,0.40976,0.99956,Mast,UC_vs_HC
EDC3,0.32475,0.6523,1.6597,0.39303,0.6943,,Mast,UC_vs_HC
CSK,2.5704,0.61858,0.6074,1.0184,0.30849,0.99956,Mast,UC_vs_HC
ULK3,0.99551,0.013237,0.93543,0.01415,0.98871,,Mast,UC_vs_HC
SCAMP2,5.8179,0.67443,0.47785,1.4114,0.15813,0.99956,Mast,UC_vs_HC
MPI,0.2342,1.1392,1.4608,0.77984,0.43548,,Mast,UC_vs_HC
FAM219B,0.9416,0.58231,0.9773,0.59584,0.55129,,Mast,UC_vs_HC
COX5A,7.0758,0.99028,1.1212,0.88322,0.37712,0.99956,Mast,UC_vs_HC
RPP25,0.15386,-0.16857,1.887,-0.089336,0.92882,,Mast,UC_vs_HC
SCAMP5,0.097449,0.73069,4.1338,0.17676,0.8597,,Mast,UC_vs_HC
PPCDC,1.716,1.33,0.73801,1.8021,0.071527,0.99956,Mast,UC_vs_HC
C15orf39,1.5276,-0.39741,0.80606,-0.49303,0.62199,0.99956,Mast,UC_vs_HC
COMMD4,3.3413,0.14944,0.56702,0.26355,0.79213,0.99956,Mast,UC_vs_HC
AC068338.3,0.055411,0.73069,4.1338,0.17676,0.8597,,Mast,UC_vs_HC
NEIL1,0.15449,-0.45462,1.7374,-0.26168,0.79357,,Mast,UC_vs_HC
MAN2C1,1.2803,-0.65612,1.0066,-0.65184,0.5145,0.99956,Mast,UC_vs_HC
AC068338.2,0.099073,1.1774,2.0938,0.56233,0.57389,,Mast,UC_vs_HC
SIN3A,2.062,-0.55568,0.77559,-0.71647,0.4737,0.99956,Mast,UC_vs_HC
PTPN9,0.66512,0.061088,1.2016,0.050841,0.95945,,Mast,UC_vs_HC
SNUPN,1.7755,0.42611,0.66217,0.6435,0.5199,0.99956,Mast,UC_vs_HC
IMP3,3.4965,1.5228,1.0837,1.4052,0.15998,0.99956,Mast,UC_vs_HC
AC105020.5,0.026237,0.024139,4.0722,0.0059277,0.99527,,Mast,UC_vs_HC
SNX33,0.4969,0.49166,1.3094,0.37548,0.7073,,Mast,UC_vs_HC
ODF3L1,0.058365,-0.18981,1.9992,-0.094943,0.92436,,Mast,UC_vs_HC
DNM1P35,0.0268,0.16572,4.0548,0.040869,0.9674,,Mast,UC_vs_HC
UBE2Q2,2.7194,0.39894,0.5801,0.6877,0.49164,0.99956,Mast,UC_vs_HC
FBXO22,1.6035,-1.2721,0.86756,-1.4663,0.14257,0.99956,Mast,UC_vs_HC
NRG4,0.097449,0.73069,4.1338,0.17676,0.8597,,Mast,UC_vs_HC
TMEM266,0.11693,0.14564,2.4083,0.060474,0.95178,,Mast,UC_vs_HC
ETFA,3.3449,-0.045397,0.49627,-0.091478,0.92711,0.99956,Mast,UC_vs_HC
SCAPER,1.6008,0.99614,0.73546,1.3545,0.17559,0.99956,Mast,UC_vs_HC
RCN2,1.4867,-0.38441,1.2847,-0.29923,0.76476,0.99956,Mast,UC_vs_HC
PSTPIP1,0.13136,0.84163,2.2634,0.37184,0.71001,,Mast,UC_vs_HC
TSPAN3,1.4616,-0.046127,0.7673,-0.060116,0.95206,0.99956,Mast,UC_vs_HC
PEAK1,0.13576,1.1421,3.4984,0.32647,0.74407,,Mast,UC_vs_HC
HMG20A,0.74435,0.41464,0.99674,0.41599,0.67742,,Mast,UC_vs_HC
TBC1D2B,1.1949,0.70213,1.1607,0.6049,0.54525,0.99956,Mast,UC_vs_HC
AC104758.2,0.018728,0.70632,4.1361,0.17077,0.86441,,Mast,UC_vs_HC
SH2D7,0.037456,0.73093,4.1338,0.17682,0.85965,,Mast,UC_vs_HC
CIB2,0.068811,0.43735,3.185,0.13732,0.89078,,Mast,UC_vs_HC
IDH3A,2.0538,0.446,0.78891,0.56533,0.57185,0.99956,Mast,UC_vs_HC
ACSBG1,0.018728,0.70632,4.1361,0.17077,0.86441,,Mast,UC_vs_HC
DNAJA4,0.81543,-0.64612,1.1183,-0.57777,0.56342,,Mast,UC_vs_HC
WDR61,2.4358,0.086698,0.7564,0.11462,0.90875,0.99956,Mast,UC_vs_HC
IREB2,2.6222,0.20051,0.63776,0.31439,0.75322,0.99956,Mast,UC_vs_HC
PSMA4,10.068,-0.0067454,0.38098,-0.017705,0.98587,0.99956,Mast,UC_vs_HC
ADAMTS7,1.2898,-0.31014,1.008,-0.30768,0.75832,0.99956,Mast,UC_vs_HC
MORF4L1,35.8,-0.46117,0.25394,-1.8161,0.069361,0.99956,Mast,UC_vs_HC
CTSH,0.66303,1.9032,1.4589,1.3046,0.19202,,Mast,UC_vs_HC
RASGRF1,0.11082,0.78553,4.13,0.1902,0.84915,,Mast,UC_vs_HC
TMED3,2.5556,1.218,0.9622,1.2658,0.20557,0.99956,Mast,UC_vs_HC
KIAA1024,0.0134,0.3681,4.0861,0.090086,0.92822,,Mast,UC_vs_HC
MTHFS,2.3387,0.9443,0.80545,1.1724,0.24104,0.99956,Mast,UC_vs_HC
ST20,0.78425,0.59646,1.6572,0.35991,0.71891,,Mast,UC_vs_HC
ST20-AS1,0.068023,1.6105,3.0061,0.53574,0.59214,,Mast,UC_vs_HC
BCL2A1,62.345,-0.0090331,0.39303,-0.022983,0.98166,0.99956,Mast,UC_vs_HC
ZFAND6,8.8127,0.35086,0.45402,0.77279,0.43965,0.99956,Mast,UC_vs_HC
FAH,2.2748,0.95887,0.74661,1.2843,0.19904,0.99956,Mast,UC_vs_HC
AC087761.1,0.0134,0.3681,4.0861,0.090086,0.92822,,Mast,UC_vs_HC
AC016705.2,0.097449,0.73069,4.1338,0.17676,0.8597,,Mast,UC_vs_HC
ARNT2,0.018728,0.70632,4.1361,0.17077,0.86441,,Mast,UC_vs_HC
MESD,6.5262,0.39801,0.47556,0.83693,0.40263,0.99956,Mast,UC_vs_HC
AC068870.2,0.16562,0.1163,2.6142,0.04449,0.96451,,Mast,UC_vs_HC
TLNRD1,1.4915,-0.0049984,0.94939,-0.0052648,0.9958,0.99956,Mast,UC_vs_HC
IL16,1.9745,0.67887,0.77998,0.87038,0.3841,0.99956,Mast,UC_vs_HC
STARD5,0.066545,0.44849,3.3009,0.13587,0.89193,,Mast,UC_vs_HC
AC023034.1,0.026237,0.024139,4.0722,0.0059277,0.99527,,Mast,UC_vs_HC
MEX3B,0.26612,-0.15853,2.1186,-0.074825,0.94035,,Mast,UC_vs_HC
EFL1,0.94752,0.08135,0.93483,0.087021,0.93065,,Mast,UC_vs_HC
SAXO2,0.026346,1.1367,4.0708,0.27924,0.78006,,Mast,UC_vs_HC
GOLGA6L10,0.25563,-0.24326,1.818,-0.1338,0.89356,,Mast,UC_vs_HC
GOLGA6L9,0.075912,0.36008,1.9154,0.18799,0.85088,,Mast,UC_vs_HC
RPS17,10.508,-1.3774,0.81161,-1.6971,0.08967,0.99956,Mast,UC_vs_HC
CPEB1,0.026237,0.024139,4.0722,0.0059277,0.99527,,Mast,UC_vs_HC
SNHG21,0.53661,0.83499,1.2019,0.69473,0.48723,,Mast,UC_vs_HC
FSD2,0.075217,0.85206,2.0949,0.40673,0.68421,,Mast,UC_vs_HC
WHAMM,1.4507,0.64397,0.86126,0.74771,0.45464,0.99956,Mast,UC_vs_HC
HOMER2,0.62154,-0.26867,1.2932,-0.20776,0.83542,,Mast,UC_vs_HC
RAMMET,4.4553,-1.3534,0.52307,-2.5873,0.0096717,0.69258,Mast,UC_vs_HC
C15orf40,1.9669,-0.16681,0.6669,-0.25013,0.80249,0.99956,Mast,UC_vs_HC
BTBD1,1.3666,0.39052,0.82601,0.47278,0.63637,0.99956,Mast,UC_vs_HC
AC024270.2,0.018728,0.70632,4.1361,0.17077,0.86441,,Mast,UC_vs_HC
TM6SF1,2.4014,-0.14855,0.68362,-0.21729,0.82798,0.99956,Mast,UC_vs_HC
HDGFL3,1.0075,-0.90265,1.075,-0.83966,0.4011,,Mast,UC_vs_HC
ADAMTSL3,0.097449,0.73069,4.1338,0.17676,0.8597,,Mast,UC_vs_HC
GOLGA6L4,0.28166,2.4558,2.1724,1.1305,0.25828,,Mast,UC_vs_HC
ZSCAN2,0.31071,0.27061,1.2595,0.21485,0.82988,,Mast,UC_vs_HC
WDR73,1.4269,0.65698,0.74108,0.88652,0.37534,0.99956,Mast,UC_vs_HC
NMB,0.56652,-0.81391,1.5318,-0.53134,0.59518,,Mast,UC_vs_HC
SEC11A,31.448,0.31374,0.29171,1.0755,0.28213,0.99956,Mast,UC_vs_HC
ZNF592,0.47593,-0.97918,1.2376,-0.79117,0.42885,,Mast,UC_vs_HC
PDE8A,2.8048,0.51617,0.64117,0.80504,0.42079,0.99956,Mast,UC_vs_HC
AKAP13,37.416,-0.12884,0.24567,-0.52447,0.59996,0.99956,Mast,UC_vs_HC
AC087286.3,0.10737,0.16073,4.0541,0.039647,0.96837,,Mast,UC_vs_HC
AC087286.2,0.059765,0.024139,4.0722,0.0059277,0.99527,,Mast,UC_vs_HC
AC087286.1,0.037578,0.16073,4.0541,0.039647,0.96837,,Mast,UC_vs_HC
AC021739.4,0.032128,0.40025,2.7752,0.14423,0.88532,,Mast,UC_vs_HC
AC021739.2,0.53693,0.6477,1.2143,0.53341,0.59375,,Mast,UC_vs_HC
AC021739.3,0.06025,0.16073,4.0541,0.039647,0.96837,,Mast,UC_vs_HC
KLHL25,0.06025,0.16073,4.0541,0.039647,0.96837,,Mast,UC_vs_HC
MRPL46,1.6983,0.94675,0.72154,1.3121,0.18948,0.99956,Mast,UC_vs_HC
MRPS11,2.0801,0.059058,0.59516,0.099232,0.92095,0.99956,Mast,UC_vs_HC
DET1,0.12424,-0.032441,3.7298,-0.0086976,0.99306,,Mast,UC_vs_HC
AEN,0.2414,0.54413,1.7947,0.30318,0.76175,,Mast,UC_vs_HC
ISG20,2.1469,0.9059,1.1066,0.81865,0.41298,0.99956,Mast,UC_vs_HC
HAPLN3,0.1961,0.71038,2.6903,0.26406,0.79174,,Mast,UC_vs_HC
MFGE8,0.20931,-0.53632,1.4945,-0.35886,0.7197,,Mast,UC_vs_HC
ABHD2,5.8056,-0.07175,0.41534,-0.17275,0.86285,0.99956,Mast,UC_vs_HC
FANCI,0.19165,-0.49701,1.7183,-0.28925,0.77239,,Mast,UC_vs_HC
POLG,1.2644,-0.16019,0.76452,-0.20953,0.83403,0.99956,Mast,UC_vs_HC
AC124068.2,0.54032,-1.9384,2.8611,-0.67748,0.4981,,Mast,UC_vs_HC
MIR9-3HG,0.0134,0.3681,4.0861,0.090086,0.92822,,Mast,UC_vs_HC
PEX11A,0.4045,-1.8546,1.4153,-1.3103,0.19008,,Mast,UC_vs_HC
MESP1,0.094933,0.63945,3.4398,0.1859,0.85253,,Mast,UC_vs_HC
ANPEP,1.4653,-0.5177,0.97473,-0.53112,0.59533,0.99956,Mast,UC_vs_HC
AP3S2,0.64623,1.4035,1.365,1.0282,0.30387,,Mast,UC_vs_HC
ARPIN,0.49799,0.37402,1.5691,0.23836,0.8116,,Mast,UC_vs_HC
ZNF710,0.47048,0.37856,1.4449,0.26199,0.79333,,Mast,UC_vs_HC
ZNF710-AS1,0.026346,1.1367,4.0708,0.27924,0.78006,,Mast,UC_vs_HC
IDH2,2.5659,0.11558,1.0005,0.11552,0.90803,0.99956,Mast,UC_vs_HC
SEMA4B,0.055411,0.73069,4.1338,0.17676,0.8597,,Mast,UC_vs_HC
CIB1,8.892,0.04654,0.42024,0.11075,0.91182,0.99956,Mast,UC_vs_HC
GDPGP1,0.23852,0.38561,2.0014,0.19267,0.84722,,Mast,UC_vs_HC
NGRN,0.55209,-0.29081,1.3535,-0.21486,0.82988,,Mast,UC_vs_HC
IQGAP1,16.518,0.016068,0.29237,0.054956,0.95617,0.99956,Mast,UC_vs_HC
CRTC3,3.1546,1.0637,0.6948,1.5309,0.1258,0.99956,Mast,UC_vs_HC
BLM,0.46811,1.2846,1.2637,1.0165,0.30939,,Mast,UC_vs_HC
FURIN,1.4668,0.36007,0.82858,0.43457,0.66388,0.99956,Mast,UC_vs_HC
FES,1.7735,-0.77891,1.0635,-0.7324,0.46392,0.99956,Mast,UC_vs_HC
MAN2A2,0.60847,-1.5052,1.4946,-1.0071,0.31389,,Mast,UC_vs_HC
HDDC3,1.233,2.2573,1.0479,2.1542,0.031228,0.89594,Mast,UC_vs_HC
UNC45A,1.2932,0.28515,0.76906,0.37077,0.71081,0.99956,Mast,UC_vs_HC
RCCD1,0.21112,0.019431,1.8984,0.010236,0.99183,,Mast,UC_vs_HC
PRC1,0.27548,-0.085296,2.3798,-0.035842,0.97141,,Mast,UC_vs_HC
VPS33B,0.1801,-0.70279,1.6801,-0.4183,0.67573,,Mast,UC_vs_HC
VPS33B-DT,0.037578,0.16073,4.0541,0.039647,0.96837,,Mast,UC_vs_HC
AC104035.1,0.026346,1.1367,4.0708,0.27924,0.78006,,Mast,UC_vs_HC
SLCO3A1,2.6283,0.68604,0.5906,1.1616,0.2454,0.99956,Mast,UC_vs_HC
FAM174B,0.721,-1.8281,1.253,-1.459,0.14456,,Mast,UC_vs_HC
AC106028.4,0.039522,0.59268,4.1488,0.14286,0.8864,,Mast,UC_vs_HC
AC013394.1,1.6875,1.0455,1.0381,1.0071,0.31387,0.99956,Mast,UC_vs_HC
CHD2,9.4405,0.30602,0.39903,0.76691,0.44313,0.99956,Mast,UC_vs_HC
AC103996.3,0.052691,1.4311,4.036,0.35458,0.7229,,Mast,UC_vs_HC
LINC02207,4.9478,-0.35246,0.64793,-0.54398,0.58646,0.99956,Mast,UC_vs_HC
AC103996.2,0.19185,-0.42988,2.0396,-0.21077,0.83307,,Mast,UC_vs_HC
LINC01580,0.018728,0.70632,4.1361,0.17077,0.86441,,Mast,UC_vs_HC
MCTP2,3.9722,0.4352,0.53283,0.81677,0.41406,0.99956,Mast,UC_vs_HC
LINC00924,0.0134,0.3681,4.0861,0.090086,0.92822,,Mast,UC_vs_HC
ARRDC4,1.4271,-0.96953,0.97175,-0.99772,0.31842,0.99956,Mast,UC_vs_HC
IGF1R,0.5165,0.47753,1.4769,0.32334,0.74644,,Mast,UC_vs_HC
LRRC28,0.42257,1.3045,1.0813,1.2064,0.22766,,Mast,UC_vs_HC
MEF2A,1.2584,0.23529,0.85523,0.27512,0.78323,0.99956,Mast,UC_vs_HC
LYSMD4,0.20785,1.3913,3.7948,0.36665,0.71388,,Mast,UC_vs_HC
AC090825.1,0.20319,-0.34763,2.0803,-0.16711,0.86728,,Mast,UC_vs_HC
SPATA41,0.051171,0.51223,3.1431,0.16297,0.87054,,Mast,UC_vs_HC
LINS1,0.72052,0.70162,0.95367,0.73571,0.46191,,Mast,UC_vs_HC
ASB7,0.57405,0.72688,1.8383,0.39541,0.69254,,Mast,UC_vs_HC
AC015712.2,0.081422,1.2197,1.981,0.61569,0.5381,,Mast,UC_vs_HC
LRRK1,0.352,1.4839,1.5935,0.93119,0.35176,,Mast,UC_vs_HC
CHSY1,1.9265,-0.051288,0.68564,-0.074804,0.94037,0.99956,Mast,UC_vs_HC
SELENOS,15.582,0.71228,0.46376,1.5359,0.12457,0.99956,Mast,UC_vs_HC
SNRPA1,5.9536,-0.42419,0.4326,-0.98056,0.32681,0.99956,Mast,UC_vs_HC
TM2D3,2.9364,-0.65756,0.66189,-0.99346,0.32049,0.99956,Mast,UC_vs_HC
TARSL2,0.83217,-0.89319,1.3575,-0.65798,0.51055,,Mast,UC_vs_HC
WASIR2,0.31143,-1.5864,2.7062,-0.58623,0.55772,,Mast,UC_vs_HC
POLR3K,3.5641,0.44933,0.49169,0.91384,0.3608,0.99956,Mast,UC_vs_HC
SNRNP25,1.6057,0.002235,0.84552,0.0026433,0.99789,0.99996,Mast,UC_vs_HC
RHBDF1,0.039522,0.59268,4.1488,0.14286,0.8864,,Mast,UC_vs_HC
MPG,4.9468,0.2242,1.0746,0.20864,0.83473,0.99956,Mast,UC_vs_HC
NPRL3,0.71178,-1.2688,1.1947,-1.062,0.28823,,Mast,UC_vs_HC
HBA2,0.091273,0.023887,3.6038,0.0066283,0.99471,,Mast,UC_vs_HC
HBA1,0.0268,0.16572,4.0548,0.040869,0.9674,,Mast,UC_vs_HC
Z69706.1,0.094067,0.41364,2.1596,0.19154,0.8481,,Mast,UC_vs_HC
LUC7L,3.5147,-0.30157,0.53586,-0.56277,0.57359,0.99956,Mast,UC_vs_HC
FAM234A,0.43791,0.17974,1.2644,0.14215,0.88696,,Mast,UC_vs_HC
RGS11,0.0134,0.3681,4.0861,0.090086,0.92822,,Mast,UC_vs_HC
AXIN1,0.35507,-1.1347,1.596,-0.71092,0.47714,,Mast,UC_vs_HC
MRPL28,2.1558,0.055117,0.71924,0.076633,0.93892,0.99956,Mast,UC_vs_HC
TMEM8A,1.0107,0.73417,1.1862,0.61894,0.53595,,Mast,UC_vs_HC
NME4,1.7794,-0.50214,1.1073,-0.45348,0.6502,0.99956,Mast,UC_vs_HC
DECR2,0.86237,0.54577,1.507,0.36216,0.71724,,Mast,UC_vs_HC
CAPN15,0.52337,1.8651,1.657,1.1256,0.26033,,Mast,UC_vs_HC
PIGQ,0.15658,0.76495,2.5196,0.3036,0.76143,,Mast,UC_vs_HC
NHLRC4,0.10115,1.8919,3.06,0.61829,0.53639,,Mast,UC_vs_HC
RAB40C,0.079268,0.65281,2.1682,0.30109,0.76335,,Mast,UC_vs_HC
METTL26,3.509,-0.34205,0.88705,-0.38561,0.69979,0.99956,Mast,UC_vs_HC
MCRIP2,3.2972,1.2173,1.111,1.0957,0.27322,0.99956,Mast,UC_vs_HC
WDR90,0.064474,0.59268,4.1488,0.14286,0.8864,,Mast,UC_vs_HC
AL022341.2,0.20269,0.60392,1.9895,0.30356,0.76146,,Mast,UC_vs_HC
RHOT2,0.75733,-0.77123,1.004,-0.76815,0.4424,,Mast,UC_vs_HC
STUB1,3.5559,-0.13235,1.4344,-0.092267,0.92649,0.99956,Mast,UC_vs_HC
JMJD8,0.60416,-1.0522,1.1792,-0.89231,0.37223,,Mast,UC_vs_HC
WDR24,0.21398,-0.19673,1.6877,-0.11656,0.90721,,Mast,UC_vs_HC
METRN,0.18198,-0.32834,2.0078,-0.16353,0.8701,,Mast,UC_vs_HC
FAM173A,0.84824,-0.46587,1.5968,-0.29176,0.77047,,Mast,UC_vs_HC
HAGHL,0.22302,-0.58176,2.9047,-0.20028,0.84126,,Mast,UC_vs_HC
NARFL,0.60071,0.85274,1.3481,0.63255,0.52703,,Mast,UC_vs_HC
RPUSD1,0.076667,0.83574,2.9844,0.28004,0.77945,,Mast,UC_vs_HC
CHTF18,0.10607,0.23167,2.4089,0.096173,0.92338,,Mast,UC_vs_HC
LMF1,0.54817,0.91206,1.1093,0.82217,0.41098,,Mast,UC_vs_HC
AC009041.2,0.068023,1.6105,3.0061,0.53574,0.59214,,Mast,UC_vs_HC
CACNA1H,0.089407,1.073,3.4752,0.30876,0.7575,,Mast,UC_vs_HC
TPSG1,2.6613,0.71583,0.97963,0.73072,0.46495,0.99956,Mast,UC_vs_HC
TPSB2,866,0.16481,0.82498,0.19977,0.84166,0.99956,Mast,UC_vs_HC
TPSAB1,847.7,-0.40718,0.43704,-0.93167,0.35151,0.99956,Mast,UC_vs_HC
TPSD1,8.8425,0.38816,0.77239,0.50255,0.61528,0.99956,Mast,UC_vs_HC
UBE2I,11.829,0.78788,0.50434,1.5622,0.11824,0.99956,Mast,UC_vs_HC
AL031714.1,0.25166,0.064629,1.4182,0.045572,0.96365,,Mast,UC_vs_HC
BAIAP3,0.039522,0.59268,4.1488,0.14286,0.8864,,Mast,UC_vs_HC
TSR3,0.84059,-0.076277,1.0463,-0.072903,0.94188,,Mast,UC_vs_HC
GNPTG,1.6314,1.0754,0.93927,1.145,0.25222,0.99956,Mast,UC_vs_HC
UNKL,0.29228,1.3285,1.438,0.92383,0.35557,,Mast,UC_vs_HC
C16orf91,2.2535,-0.9294,0.73231,-1.2691,0.20439,0.99956,Mast,UC_vs_HC
CCDC154,0.064474,0.59268,4.1488,0.14286,0.8864,,Mast,UC_vs_HC
CLCN7,0.61071,-0.74242,1.2041,-0.61658,0.53751,,Mast,UC_vs_HC
TELO2,0.27828,-0.64459,1.4941,-0.43143,0.66616,,Mast,UC_vs_HC
IFT140,0.065868,1.0247,3.2484,0.31546,0.75241,,Mast,UC_vs_HC
TMEM204,0.018728,0.70632,4.1361,0.17077,0.86441,,Mast,UC_vs_HC
CRAMP1,0.35068,0.12281,1.1802,0.10407,0.91712,,Mast,UC_vs_HC
AL031708.1,0.30824,1.0595,1.9687,0.53817,0.59046,,Mast,UC_vs_HC
JPT2,0.72883,-1.4745,1.308,-1.1272,0.25964,,Mast,UC_vs_HC
MAPK8IP3,0.41747,-0.51262,1.152,-0.44496,0.65635,,Mast,UC_vs_HC
AL031717.1,0.059765,0.024139,4.0722,0.0059277,0.99527,,Mast,UC_vs_HC
NME3,3.8654,0.34634,0.87811,0.39442,0.69327,0.99956,Mast,UC_vs_HC
MRPS34,2.9576,0.07678,0.86469,0.088795,0.92924,0.99956,Mast,UC_vs_HC
EME2,0.25056,1.716,1.7237,0.9955,0.31949,,Mast,UC_vs_HC
SPSB3,3.1874,0.92888,0.76195,1.2191,0.22281,0.99956,Mast,UC_vs_HC
NUBP2,1.5883,-0.44865,0.71188,-0.63023,0.52854,0.99956,Mast,UC_vs_HC
IGFALS,0.0134,0.3681,4.0861,0.090086,0.92822,,Mast,UC_vs_HC
HAGH,1.7273,-1.2849,0.98171,-1.3088,0.1906,0.99956,Mast,UC_vs_HC
FAHD1,0.33168,0.05438,1.4116,0.038525,0.96927,,Mast,UC_vs_HC
MSRB1,1.0248,0.69737,0.97179,0.71762,0.47299,,Mast,UC_vs_HC
NDUFB10,14.566,0.22205,0.45082,0.49255,0.62233,0.99956,Mast,UC_vs_HC
RPS2,128.42,-0.26474,0.74796,-0.35396,0.72337,0.99956,Mast,UC_vs_HC
SNHG9,2.7729,-0.68624,0.66705,-1.0288,0.30358,0.99956,Mast,UC_vs_HC
AC005363.2,0.06025,0.16073,4.0541,0.039647,0.96837,,Mast,UC_vs_HC
TBL3,0.35036,0.26582,2.3847,0.11147,0.91124,,Mast,UC_vs_HC
GFER,0.72273,0.97302,1.2106,0.80376,0.42153,,Mast,UC_vs_HC
ZNF598,0.58097,-0.15387,1.3938,-0.1104,0.91209,,Mast,UC_vs_HC
SLC9A3R2,0.40622,0.043412,1.2045,0.03604,0.97125,,Mast,UC_vs_HC
NTHL1,0.84899,0.69306,1.0359,0.66903,0.50347,,Mast,UC_vs_HC
TSC2,1.2917,-0.60609,0.93153,-0.65064,0.51528,0.99956,Mast,UC_vs_HC
PKD1,0.97702,-1.1227,1.5258,-0.73579,0.46186,,Mast,UC_vs_HC
RAB26,0.024934,1.088,4.0829,0.26647,0.78988,,Mast,UC_vs_HC
SNHG19,0.39565,0.24602,1.3862,0.17748,0.85913,,Mast,UC_vs_HC
TRAF7,0.77943,0.069771,1.2245,0.056979,0.95456,,Mast,UC_vs_HC
CASKIN1,0.026237,0.024139,4.0722,0.0059277,0.99527,,Mast,UC_vs_HC
MLST8,0.81631,0.77976,0.97056,0.80341,0.42174,,Mast,UC_vs_HC
BRICD5,0.065868,1.0247,3.2484,0.31546,0.75241,,Mast,UC_vs_HC
PGP,0.42274,1.278,2.0566,0.62142,0.53432,,Mast,UC_vs_HC
E4F1,0.78731,-0.61408,1.0479,-0.58603,0.55785,,Mast,UC_vs_HC
ECI1,0.51415,0.59647,1.2091,0.49332,0.62179,,Mast,UC_vs_HC
RNPS1,6.7093,-0.018478,0.39893,-0.046319,0.96306,0.99956,Mast,UC_vs_HC
AC009065.4,0.068595,1.377,2.938,0.4687,0.63928,,Mast,UC_vs_HC
TEDC2,0.052922,0.24161,3.2428,0.074505,0.94061,,Mast,UC_vs_HC
TBC1D24,0.75508,-2.191,1.4714,-1.4891,0.13647,,Mast,UC_vs_HC
ATP6V0C,0.018728,0.70632,4.1361,0.17077,0.86441,,Mast,UC_vs_HC
AMDHD2,0.57719,1.9439,1.4821,1.3116,0.18966,,Mast,UC_vs_HC
PDPK1,1.3138,0.48053,0.98706,0.48683,0.62638,0.99956,Mast,UC_vs_HC
AC093525.6,0.070007,1.5443,1.9807,0.77969,0.43557,,Mast,UC_vs_HC
AC093525.7,0.0134,0.3681,4.0861,0.090086,0.92822,,Mast,UC_vs_HC
AC093525.4,0.25472,0.87566,2.0261,0.43219,0.6656,,Mast,UC_vs_HC
KCTD5,0.57181,0.68594,1.4662,0.46782,0.63991,,Mast,UC_vs_HC
PRSS27,0.06025,0.16073,4.0541,0.039647,0.96837,,Mast,UC_vs_HC
SRRM2,13.654,0.31456,0.57408,0.54794,0.58373,0.99956,Mast,UC_vs_HC
ELOB,27.851,-0.0064143,0.24571,-0.026105,0.97917,0.99956,Mast,UC_vs_HC
PRSS21,0.31008,1.8681,2.1262,0.87862,0.37961,,Mast,UC_vs_HC
ZG16B,0.15244,0.69031,2.4796,0.2784,0.7807,,Mast,UC_vs_HC
FLYWCH2,1.7811,0.71048,0.78598,0.90394,0.36603,0.99956,Mast,UC_vs_HC
FLYWCH1,0.39786,1.346,1.8393,0.73178,0.4643,,Mast,UC_vs_HC
AC004233.4,0.06025,0.16073,4.0541,0.039647,0.96837,,Mast,UC_vs_HC
TNFRSF12A,3.233,-0.21007,0.86644,-0.24245,0.80843,0.99956,Mast,UC_vs_HC
HCFC1R1,2.0912,0.35561,0.82249,0.43236,0.66548,0.99956,Mast,UC_vs_HC
THOC6,1.2296,-0.57987,1.0591,-0.54753,0.58402,0.99956,Mast,UC_vs_HC
BICDL2,0.052922,0.24161,3.2428,0.074505,0.94061,,Mast,UC_vs_HC
MMP25,0.57927,1.935,2.1875,0.88458,0.37638,,Mast,UC_vs_HC
MMP25-AS1,0.67247,2.0201,1.2365,1.6337,0.10232,,Mast,UC_vs_HC
IL32,2.2391,1.4725,1.3854,1.0629,0.28782,0.99956,Mast,UC_vs_HC
AC108134.3,0.81261,1.3709,1.613,0.8499,0.39538,,Mast,UC_vs_HC
ZNF213-AS1,0.15961,1.1157,1.6925,0.6592,0.50977,,Mast,UC_vs_HC
ZNF213,0.098584,0.35538,2.0208,0.17586,0.86041,,Mast,UC_vs_HC
AC108134.2,0.22875,-0.76139,1.5663,-0.48612,0.62688,,Mast,UC_vs_HC
ZNF200,0.49237,1.492,1.4847,1.0049,0.31493,,Mast,UC_vs_HC
LINC00921,0.41233,0.44832,1.2872,0.3483,0.72761,,Mast,UC_vs_HC
ZNF263,0.3117,-0.28029,1.5184,-0.18459,0.85355,,Mast,UC_vs_HC
TIGD7,0.23345,-1.0592,2.0463,-0.51764,0.60471,,Mast,UC_vs_HC
ZNF75A,1.5516,-0.98363,0.84561,-1.1632,0.24474,0.99956,Mast,UC_vs_HC
ZSCAN32,0.53697,0.48567,1.1702,0.41505,0.67811,,Mast,UC_vs_HC
AC025283.2,0.026237,0.024139,4.0722,0.0059277,0.99527,,Mast,UC_vs_HC
ZNF174,0.10466,0.28311,2.3452,0.12072,0.90391,,Mast,UC_vs_HC
ZNF597,1.7337,0.43571,0.93975,0.46365,0.6429,0.99956,Mast,UC_vs_HC
NAA60,1.926,0.26216,0.64817,0.40447,0.68587,0.99956,Mast,UC_vs_HC
CLUAP1,0.99908,-1.2849,1.0539,-1.2192,0.22279,,Mast,UC_vs_HC
NLRC3,0.62262,1.1845,1.2951,0.91461,0.3604,,Mast,UC_vs_HC
SLX4,0.25504,0.54112,1.7854,0.30308,0.76183,,Mast,UC_vs_HC
DNASE1,0.48481,1.6581,1.3048,1.2708,0.2038,,Mast,UC_vs_HC
TRAP1,0.59581,-0.40915,1.359,-0.30106,0.76337,,Mast,UC_vs_HC
CREBBP,2.8116,0.026433,0.73013,0.036203,0.97112,0.99956,Mast,UC_vs_HC
ADCY9,0.24149,0.67352,2.1914,0.30735,0.75858,,Mast,UC_vs_HC
LINC01569,0.14241,0.12183,2.4687,0.04935,0.96064,,Mast,UC_vs_HC
TFAP4,0.12379,1.2093,3.6107,0.33491,0.73769,,Mast,UC_vs_HC
GLIS2,0.026346,1.1367,4.0708,0.27924,0.78006,,Mast,UC_vs_HC
GLIS2-AS1,0.075058,1.3326,4.0556,0.32858,0.74247,,Mast,UC_vs_HC
PAM16,0.30146,-0.80908,2.2623,-0.35763,0.72062,,Mast,UC_vs_HC
CORO7,1.5596,0.11563,0.76235,0.15168,0.87944,0.99956,Mast,UC_vs_HC
DNAJA3,0.89239,1.0308,1.3941,0.73942,0.45965,,Mast,UC_vs_HC
NMRAL1,1.5096,0.10743,0.8504,0.12633,0.89947,0.99956,Mast,UC_vs_HC
HMOX2,2.0081,-0.056761,0.80009,-0.070943,0.94344,0.99956,Mast,UC_vs_HC
CDIP1,1.8153,0.2517,0.87955,0.28617,0.77475,0.99956,Mast,UC_vs_HC
UBALD1,0.99184,0.66457,1.0236,0.64925,0.51618,,Mast,UC_vs_HC
MGRN1,2.3448,0.095417,0.66068,0.14442,0.88517,0.99956,Mast,UC_vs_HC
NUDT16L1,0.91514,0.20477,1.7106,0.11971,0.90472,,Mast,UC_vs_HC
ANKS3,0.30689,-0.9983,1.4213,-0.70237,0.48245,,Mast,UC_vs_HC
ZNF500,0.30549,0.19361,1.2032,0.16091,0.87217,,Mast,UC_vs_HC
SMIM22,0.5159,-1.6374,1.4713,-1.1129,0.26577,,Mast,UC_vs_HC
ROGDI,0.30999,1.1922,1.4236,0.83742,0.40236,,Mast,UC_vs_HC
GLYR1,2.7756,0.48714,0.58902,0.82702,0.40822,0.99956,Mast,UC_vs_HC
UBN1,1.0221,0.71294,1.1385,0.62624,0.53116,,Mast,UC_vs_HC
NAGPA,0.21085,0.24817,1.5127,0.16406,0.86968,,Mast,UC_vs_HC
ALG1,0.25269,0.76471,1.8446,0.41456,0.67846,,Mast,UC_vs_HC
EEF2KMT,0.13915,-0.53213,1.6227,-0.32793,0.74296,,Mast,UC_vs_HC
RBFOX1,0.037578,0.16073,4.0541,0.039647,0.96837,,Mast,UC_vs_HC
METTL22,0.26841,1.6082,1.4801,1.0865,0.27725,,Mast,UC_vs_HC
ABAT,0.47974,-1.2734,1.3167,-0.96707,0.33351,,Mast,UC_vs_HC
TMEM186,0.41731,-0.042415,1.2012,-0.035311,0.97183,,Mast,UC_vs_HC
PMM2,1.7186,-0.6888,0.9671,-0.71224,0.47632,0.99956,Mast,UC_vs_HC
AC012173.1,0.043089,1.2415,4.0577,0.30596,0.75964,,Mast,UC_vs_HC
AC022167.2,0.056306,0.20097,3.1229,0.064354,0.94869,,Mast,UC_vs_HC
CARHSP1,4.4105,-0.84586,0.62652,-1.3501,0.17699,0.99956,Mast,UC_vs_HC
AC022167.1,0.043089,1.2415,4.0577,0.30596,0.75964,,Mast,UC_vs_HC
USP7,1.7896,-0.26536,0.75023,-0.35371,0.72356,0.99956,Mast,UC_vs_HC
C16orf72,5.0601,0.063534,0.59134,0.10744,0.91444,0.99956,Mast,UC_vs_HC
AC087190.1,2.1222,-1.1799,0.82388,-1.4321,0.15212,0.99956,Mast,UC_vs_HC
ATF7IP2,0.13435,0.92828,1.8811,0.49347,0.62168,,Mast,UC_vs_HC
EMP2,0.064474,0.59268,4.1488,0.14286,0.8864,,Mast,UC_vs_HC
NUBP1,1.3918,-0.34875,0.73388,-0.47522,0.63463,0.99956,Mast,UC_vs_HC
TVP23A,0.026237,0.024139,4.0722,0.0059277,0.99527,,Mast,UC_vs_HC
CIITA,0.12542,1.5849,1.8343,0.86405,0.38756,,Mast,UC_vs_HC
DEXI,1.0938,0.31087,1.1992,0.25923,0.79546,,Mast,UC_vs_HC
CLEC16A,1.0558,0.68364,0.83205,0.82163,0.41129,,Mast,UC_vs_HC
AC007014.1,0.38034,-0.58137,1.3656,-0.42572,0.67031,,Mast,UC_vs_HC
AC007220.1,0.039745,0.81098,2.9497,0.27494,0.78337,,Mast,UC_vs_HC
SOCS1,7.041,0.79977,1.3758,0.58133,0.56102,0.99956,Mast,UC_vs_HC
AC099489.1,0.12485,1.6218,2.3595,0.68736,0.49186,,Mast,UC_vs_HC
AC099489.3,0.026346,1.1367,4.0708,0.27924,0.78006,,Mast,UC_vs_HC
LITAF,16.794,0.60692,0.57129,1.0624,0.28807,0.99956,Mast,UC_vs_HC
SNN,2.5974,-0.55435,0.69399,-0.79878,0.42442,0.99956,Mast,UC_vs_HC
TXNDC11,1.5431,0.52369,0.67999,0.77014,0.44122,0.99956,Mast,UC_vs_HC
AC007613.1,0.24367,-1.7877,2.4747,-0.7224,0.47005,,Mast,UC_vs_HC
ZC3H7A,1.9581,0.93437,0.74912,1.2473,0.21229,0.99956,Mast,UC_vs_HC
AC010654.1,0.075058,1.3326,4.0556,0.32858,0.74247,,Mast,UC_vs_HC
RSL1D1,8.3842,0.28118,0.33309,0.84416,0.39858,0.99956,Mast,UC_vs_HC
GSPT1,1.9826,0.54775,0.8479,0.64601,0.51828,0.99956,Mast,UC_vs_HC
AC007216.2,0.2162,0.59143,2.1102,0.28027,0.77927,,Mast,UC_vs_HC
NPIPB2,0.099964,-0.62886,3.4305,-0.18332,0.85455,,Mast,UC_vs_HC
TNFRSF17,0.92002,-5.4162,4.2931,-1.2616,,,Mast,UC_vs_HC
SNX29,5.3935,-0.28199,0.51693,-0.5455,0.58541,0.99956,Mast,UC_vs_HC
AC007598.2,0.043089,1.2415,4.0577,0.30596,0.75964,,Mast,UC_vs_HC
CPPED1,5.4911,-0.0090295,0.43067,-0.020966,0.98327,0.99956,Mast,UC_vs_HC
AC109597.2,0.96713,-0.67125,1.2945,-0.51855,0.60408,,Mast,UC_vs_HC
ERCC4,0.6019,1.8392,1.2481,1.4736,0.14058,,Mast,UC_vs_HC
MIR193BHG,0.0134,0.3681,4.0861,0.090086,0.92822,,Mast,UC_vs_HC
PARN,1.6904,-0.22292,0.83583,-0.2667,0.7897,0.99956,Mast,UC_vs_HC
BFAR,3.3094,0.82679,0.5288,1.5635,0.11793,0.99956,Mast,UC_vs_HC
PLA2G10,0.018728,0.70632,4.1361,0.17077,0.86441,,Mast,UC_vs_HC
NPIPA3,0.055411,0.73069,4.1338,0.17676,0.8597,,Mast,UC_vs_HC
NPIPA2,0.045074,1.1802,3.0256,0.39009,0.69647,,Mast,UC_vs_HC
NOMO1,0.32181,0.27783,1.758,0.15804,0.87442,,Mast,UC_vs_HC
NPIPA1,0.4528,1.6914,1.4349,1.1788,0.23849,,Mast,UC_vs_HC
PDXDC1,2.3955,0.015563,0.61221,0.025422,0.97972,0.99956,Mast,UC_vs_HC
NTAN1,0.777,-0.35288,1.2355,-0.28562,0.77517,,Mast,UC_vs_HC
RRN3,2.0221,-0.0060553,0.86685,-0.0069854,0.99443,0.99956,Mast,UC_vs_HC
AC126763.1,0.043089,1.2415,4.0577,0.30596,0.75964,,Mast,UC_vs_HC
NPIPA5,0.06025,0.16073,4.0541,0.039647,0.96837,,Mast,UC_vs_HC
MPV17L,0.75697,-0.0097554,1.2482,-0.0078155,0.99376,,Mast,UC_vs_HC
C16orf45,1.0088,-0.54485,0.92623,-0.58825,0.55636,,Mast,UC_vs_HC
MARF1,1.3801,-0.26477,1.0167,-0.26042,0.79454,0.99956,Mast,UC_vs_HC
NDE1,1.0995,-0.55513,0.91784,-0.60482,0.5453,,Mast,UC_vs_HC
AC026401.3,0.50846,0.16869,1.193,0.1414,0.88756,,Mast,UC_vs_HC
MYH11,0.28336,-0.27048,1.4214,-0.19028,0.84909,,Mast,UC_vs_HC
AF001548.2,0.052583,0.46401,3.1249,0.14849,0.88196,,Mast,UC_vs_HC
FOPNL,1.7126,-0.29112,0.77271,-0.37675,0.70636,0.99956,Mast,UC_vs_HC
AC130651.1,0.055411,0.73069,4.1338,0.17676,0.8597,,Mast,UC_vs_HC
ABCC1,2.4142,1.5455,0.61466,2.5144,0.011923,0.72228,Mast,UC_vs_HC
ABCC6,0.059765,0.024139,4.0722,0.0059277,0.99527,,Mast,UC_vs_HC
NOMO3,0.37939,0.50695,2.0134,0.25179,0.8012,,Mast,UC_vs_HC
AC138969.1,0.13493,0.46076,1.7901,0.2574,0.79687,,Mast,UC_vs_HC
NPIPA7,0.026237,0.024139,4.0722,0.0059277,0.99527,,Mast,UC_vs_HC
XYLT1,0.64652,0.24902,1.1946,0.20846,0.83487,,Mast,UC_vs_HC
AC109446.3,0.84337,2.8308,1.624,1.7431,0.08131,,Mast,UC_vs_HC
RPS15A,264.36,-0.082038,0.13514,-0.60707,0.54381,0.99956,Mast,UC_vs_HC
ARL6IP1,10.407,-0.78091,0.46114,-1.6934,0.090376,0.99956,Mast,UC_vs_HC
SMG1,4.8159,1.0017,0.46487,2.1547,0.031182,0.89594,Mast,UC_vs_HC
TMC7,0.059765,0.024139,4.0722,0.0059277,0.99527,,Mast,UC_vs_HC
COQ7,1.7831,0.057589,0.91924,0.062649,0.95005,0.99956,Mast,UC_vs_HC
ITPRIPL2,0.6706,-0.30627,0.98266,-0.31168,0.75529,,Mast,UC_vs_HC
AC099518.5,0.29339,-0.28828,2.6528,-0.10867,0.91347,,Mast,UC_vs_HC
TMC5,0.055411,0.73069,4.1338,0.17676,0.8597,,Mast,UC_vs_HC
GDE1,1.0596,0.88348,0.87101,1.0143,0.31044,,Mast,UC_vs_HC
CCP110,0.93171,-0.032812,0.89446,-0.036683,0.97074,,Mast,UC_vs_HC
VPS35L,0.94922,0.5448,0.94362,0.57736,0.5637,,Mast,UC_vs_HC
AC002550.2,0.0134,0.3681,4.0861,0.090086,0.92822,,Mast,UC_vs_HC
KNOP1,1.0207,-0.58283,0.86769,-0.67171,0.50177,,Mast,UC_vs_HC
IQCK,0.083202,0.61127,3.3445,0.18277,0.85498,,Mast,UC_vs_HC
AC027130.1,0.0134,0.3681,4.0861,0.090086,0.92822,,Mast,UC_vs_HC
ACSM3,0.35261,0.69021,1.3227,0.52181,0.6018,,Mast,UC_vs_HC
THUMPD1,5.043,0.3978,0.44517,0.89359,0.37154,0.99956,Mast,UC_vs_HC
ERI2,0.367,0.89422,1.2298,0.72714,0.46714,,Mast,UC_vs_HC
REXO5,1.2408,0.20969,0.78726,0.26635,0.78997,0.99956,Mast,UC_vs_HC
DCUN1D3,1.4954,0.85576,1.0809,0.79175,0.42851,0.99956,Mast,UC_vs_HC
LYRM1,2.1266,0.046045,0.66538,0.069201,0.94483,0.99956,Mast,UC_vs_HC
TMEM159,1.4311,0.58471,0.72839,0.80275,0.42212,0.99956,Mast,UC_vs_HC
METTL9,3.0591,0.12695,0.67758,0.18736,0.85138,0.99956,Mast,UC_vs_HC
IGSF6,0.16563,1.3741,3.8975,0.35256,0.72442,,Mast,UC_vs_HC
OTOA,0.13341,-0.74693,2.3054,-0.32399,0.74595,,Mast,UC_vs_HC
NPIPB4,0.15154,0.09105,1.8769,0.048511,0.96131,,Mast,UC_vs_HC
AC092119.2,0.077873,0.24265,3.4481,0.070373,0.9439,,Mast,UC_vs_HC
UQCRC2,5.9352,0.73407,0.38854,1.8893,0.058852,0.98721,Mast,UC_vs_HC
AC092119.3,0.3129,1.3326,4.0556,0.32858,0.74247,,Mast,UC_vs_HC
MOSMO,0.47389,1.2354,1.853,0.66673,0.50495,,Mast,UC_vs_HC
SDR42E2,0.84655,-1.2339,1.1255,-1.0963,0.27296,,Mast,UC_vs_HC
EEF2K,2.1439,0.82199,0.67884,1.2109,0.22595,0.99956,Mast,UC_vs_HC
POLR3E,2.8684,0.044626,0.70421,0.06337,0.94947,0.99956,Mast,UC_vs_HC
CDR2,0.56357,-1.3298,1.3677,-0.97233,0.33089,,Mast,UC_vs_HC
NPIPB5,2.0425,0.38261,0.88985,0.42998,0.66721,0.99956,Mast,UC_vs_HC
USP31,0.063815,-0.46407,3.2326,-0.14356,0.88585,,Mast,UC_vs_HC
SCNN1B,0.062512,0.55908,3.0605,0.18268,0.85505,,Mast,UC_vs_HC
COG7,0.53584,0.20684,1.155,0.17908,0.85788,,Mast,UC_vs_HC
AC008915.2,0.169,1.4938,1.8392,0.81222,0.41667,,Mast,UC_vs_HC
GGA2,1.0541,1.8367,1.0519,1.746,0.080811,,Mast,UC_vs_HC
EARS2,0.038333,0.78366,2.7327,0.28677,0.77429,,Mast,UC_vs_HC
UBFD1,0.46587,0.98257,1.3264,0.74079,0.45882,,Mast,UC_vs_HC
NDUFAB1,6.984,-0.73368,0.63537,-1.1547,0.2482,0.99956,Mast,UC_vs_HC
PALB2,0.077201,0.86235,2.0598,0.41865,0.67547,,Mast,UC_vs_HC
DCTN5,2.6652,1.3311,0.72382,1.839,0.065919,0.99956,Mast,UC_vs_HC
PLK1,0.11857,0.55363,4.157,0.13318,0.89405,,Mast,UC_vs_HC
ERN2,0.045528,0.19411,2.9294,0.066264,0.94717,,Mast,UC_vs_HC
CHP2,0.026237,0.024139,4.0722,0.0059277,0.99527,,Mast,UC_vs_HC
PRKCB,8.0232,0.50978,0.49836,1.0229,0.30636,0.99956,Mast,UC_vs_HC
RBBP6,5.9464,0.50647,0.55621,0.91057,0.36252,0.99956,Mast,UC_vs_HC
TNRC6A,2.0922,-0.21808,0.86914,-0.25091,0.80188,0.99956,Mast,UC_vs_HC
AC008731.1,0.10365,1.2415,4.0577,0.30596,0.75964,,Mast,UC_vs_HC
ARHGAP17,0.27334,-0.88053,1.2558,-0.70115,0.48321,,Mast,UC_vs_HC
LINC02175,0.20135,-0.31783,2.0199,-0.15735,0.87497,,Mast,UC_vs_HC
LCMT1,2.8842,0.42431,0.58833,0.72122,0.47077,0.99956,Mast,UC_vs_HC
LCMT1-AS2,0.06025,0.16073,4.0541,0.039647,0.96837,,Mast,UC_vs_HC
AQP8,1.0052,-0.65334,0.88321,-0.73974,0.45946,,Mast,UC_vs_HC
ZKSCAN2,0.068811,0.43735,3.185,0.13732,0.89078,,Mast,UC_vs_HC
AC008741.2,0.45329,-0.31502,1.3071,-0.241,0.80956,,Mast,UC_vs_HC
LINC02195,0.23419,1.8168,2.6482,0.68605,0.49268,,Mast,UC_vs_HC
AC109449.1,0.055411,0.73069,4.1338,0.17676,0.8597,,Mast,UC_vs_HC
NSMCE1,27.741,0.19998,0.41703,0.47954,0.63155,0.99956,Mast,UC_vs_HC
AC106739.1,8.3039,-0.24422,0.47867,-0.5102,0.60991,0.99956,Mast,UC_vs_HC
AC106739.2,0.63053,-1.2926,1.4652,-0.88217,0.37768,,Mast,UC_vs_HC
IL4R,9.4623,-0.49403,0.34621,-1.427,0.15358,0.99956,Mast,UC_vs_HC
IL21R,0.12117,0.03601,2.4648,0.01461,0.98834,,Mast,UC_vs_HC
IL21R-AS1,0.018728,0.70632,4.1361,0.17077,0.86441,,Mast,UC_vs_HC
GTF3C1,1.3081,0.69148,1.1664,0.59286,0.55328,0.99956,Mast,UC_vs_HC
KIAA0556,0.37102,-0.24693,1.3336,-0.18516,0.8531,,Mast,UC_vs_HC
XPO6,1.0259,1.6448,0.90411,1.8192,0.06888,,Mast,UC_vs_HC
AC138904.3,0.026237,0.024139,4.0722,0.0059277,0.99527,,Mast,UC_vs_HC
AC138894.1,0.0134,0.3681,4.0861,0.090086,0.92822,,Mast,UC_vs_HC
CLN3,0.66707,1.0421,1.1572,0.90051,0.36785,,Mast,UC_vs_HC
APOBR,1.9198,-0.20327,0.70791,-0.28714,0.774,0.99956,Mast,UC_vs_HC
IL27,0.026346,1.1367,4.0708,0.27924,0.78006,,Mast,UC_vs_HC
NUPR1,0.082543,-0.40166,2.1974,-0.18279,0.85496,,Mast,UC_vs_HC
AC020765.2,0.41729,0.10844,1.9651,0.055185,0.95599,,Mast,UC_vs_HC
SGF29,1.4292,0.86752,0.7943,1.0922,0.27475,0.99956,Mast,UC_vs_HC
SULT1A2,0.35552,0.4281,1.8586,0.23033,0.81783,,Mast,UC_vs_HC
SULT1A1,1.531,1.0392,1.0658,0.97502,0.32955,0.99956,Mast,UC_vs_HC
EIF3C,0.69326,-0.32748,1.1779,-0.27801,0.781,,Mast,UC_vs_HC
AC145285.2,0.059765,0.024139,4.0722,0.0059277,0.99527,,Mast,UC_vs_HC
AC145285.6,0.0134,0.3681,4.0861,0.090086,0.92822,,Mast,UC_vs_HC
ATXN2L,2.2086,0.65917,0.64391,1.0237,0.30598,0.99956,Mast,UC_vs_HC
TUFM,7.0234,0.62047,0.76727,0.80868,0.4187,0.99956,Mast,UC_vs_HC
SH2B1,0.83948,-1.3693,1.1818,-1.1587,0.24659,,Mast,UC_vs_HC
AC133550.2,0.2486,0.18802,2.8399,0.066207,0.94721,,Mast,UC_vs_HC
ATP2A1-AS1,0.0134,0.3681,4.0861,0.090086,0.92822,,Mast,UC_vs_HC
RABEP2,0.9525,-1.0202,1.0077,-1.0124,0.31133,,Mast,UC_vs_HC
CD19,0.13576,1.1421,3.4984,0.32647,0.74407,,Mast,UC_vs_HC
NFATC2IP,4.4963,0.43215,0.51643,0.8368,0.4027,0.99956,Mast,UC_vs_HC
AC109460.2,0.039522,0.59268,4.1488,0.14286,0.8864,,Mast,UC_vs_HC
AC109460.1,0.055411,0.73069,4.1338,0.17676,0.8597,,Mast,UC_vs_HC
SPNS1,4.6589,-0.4531,0.55888,-0.81073,0.41752,0.99956,Mast,UC_vs_HC
LAT,17.9,-0.61208,0.33611,-1.8211,0.068599,0.99956,Mast,UC_vs_HC
AC009093.2,0.075912,0.36008,1.9154,0.18799,0.85088,,Mast,UC_vs_HC
AC009093.6,0.055411,0.73069,4.1338,0.17676,0.8597,,Mast,UC_vs_HC
NPIPB11,0.053037,-0.40462,3.0583,-0.1323,0.89475,,Mast,UC_vs_HC
BOLA2-SMG1P6,0.15812,0.028757,1.6996,0.01692,0.9865,,Mast,UC_vs_HC
AC133555.3,0.13279,0.73069,4.1338,0.17676,0.8597,,Mast,UC_vs_HC
SPN,3.5712,-0.3123,0.57303,-0.54499,0.58576,0.99956,Mast,UC_vs_HC
QPRT,0.46818,-1.1898,1.7538,-0.67845,0.49749,,Mast,UC_vs_HC
C16orf54,2.757,0.20522,0.64112,0.32009,0.7489,0.99956,Mast,UC_vs_HC
ZG16,6.1322,-5.2931,1.7478,-3.0284,,,Mast,UC_vs_HC
KIF22,1.6902,0.78755,0.7723,1.0197,0.30785,0.99956,Mast,UC_vs_HC
AC009133.4,0.026237,0.024139,4.0722,0.0059277,0.99527,,Mast,UC_vs_HC
MAZ,2.4151,0.010223,0.63867,0.016006,0.98723,0.99956,Mast,UC_vs_HC
AC009133.1,0.43936,0.36158,1.7998,0.2009,0.84078,,Mast,UC_vs_HC
PRRT2,0.086178,1.7051,4.0089,0.42532,0.6706,,Mast,UC_vs_HC
PAGR1,0.077215,-0.61174,1.9898,-0.30744,0.75851,,Mast,UC_vs_HC
MVP,1.6548,0.37522,0.66051,0.56808,0.56998,0.99956,Mast,UC_vs_HC
CDIPT,1.6328,-0.096402,0.8114,-0.11881,0.90543,0.99956,Mast,UC_vs_HC
SEZ6L2,0.049867,1.3481,4.054,0.33255,0.73948,,Mast,UC_vs_HC
KCTD13,0.37867,0.72336,1.3588,0.53234,0.59449,,Mast,UC_vs_HC
AC120114.1,0.055411,0.73069,4.1338,0.17676,0.8597,,Mast,UC_vs_HC
TMEM219,10.261,-0.26267,0.37557,-0.69941,0.4843,0.99956,Mast,UC_vs_HC
TAOK2,0.49995,0.28645,1.3697,0.20913,0.83434,,Mast,UC_vs_HC
HIRIP3,1.4755,-0.77849,0.74171,-1.0496,0.29391,0.99956,Mast,UC_vs_HC
INO80E,1.2126,-1.6609,0.98901,-1.6793,0.093085,0.99956,Mast,UC_vs_HC
DOC2A,0.039637,-0.23575,2.975,-0.079243,0.93684,,Mast,UC_vs_HC
ALDOA,1.6225,0.025418,1.0237,0.02483,0.98019,0.99956,Mast,UC_vs_HC
PPP4C,4.79,0.23479,0.77108,0.30449,0.76076,0.99956,Mast,UC_vs_HC
TBX6,0.13665,0.70541,1.8317,0.38512,0.70015,,Mast,UC_vs_HC
YPEL3,3.4166,0.36983,0.83701,0.44185,0.6586,0.99956,Mast,UC_vs_HC
AC012645.1,0.0134,0.3681,4.0861,0.090086,0.92822,,Mast,UC_vs_HC
AC012645.2,0.0134,0.3681,4.0861,0.090086,0.92822,,Mast,UC_vs_HC
MAPK3,0.67044,-0.8346,1.1777,-0.70866,0.47853,,Mast,UC_vs_HC
CORO1A,3.515,1.0515,0.61668,1.7051,0.08817,0.99956,Mast,UC_vs_HC
AC012645.3,0.077856,0.72076,2.1657,0.33282,0.73927,,Mast,UC_vs_HC
BOLA2B,0.42334,-0.65028,1.8726,-0.34726,0.7284,,Mast,UC_vs_HC
SLX1A,0.026237,0.024139,4.0722,0.0059277,0.99527,,Mast,UC_vs_HC
SULT1A3,0.24643,1.3001,1.7671,0.73574,0.46189,,Mast,UC_vs_HC
CD2BP2,5.5624,0.50995,0.44919,1.1353,0.25626,0.99956,Mast,UC_vs_HC
AC106782.2,0.12947,-0.59806,1.8143,-0.32963,0.74168,,Mast,UC_vs_HC
TBC1D10B,0.77006,0.55035,1.0799,0.50963,0.61031,,Mast,UC_vs_HC
MYLPF,0.84398,-0.899,0.99585,-0.90274,0.36666,,Mast,UC_vs_HC
ZNF48,1.7255,-0.56488,0.76867,-0.73488,0.46241,0.99956,Mast,UC_vs_HC
SEPT1,0.90597,0.22807,1.2838,0.17766,0.85899,,Mast,UC_vs_HC
DCTPP1,2.2986,0.73245,0.54184,1.3518,0.17645,0.99956,Mast,UC_vs_HC
SEPHS2,1.998,-0.25604,1.0287,-0.24891,0.80343,0.99956,Mast,UC_vs_HC
ITGAL,0.68051,0.84527,1.0405,0.81234,0.4166,,Mast,UC_vs_HC
AC116348.1,0.0134,0.3681,4.0861,0.090086,0.92822,,Mast,UC_vs_HC
ZNF768,0.22134,0.21307,1.6015,0.13305,0.89416,,Mast,UC_vs_HC
ZNF747,0.069899,0.56836,2.116,0.2686,0.78824,,Mast,UC_vs_HC
AC002310.1,0.10391,0.62753,2.1618,0.29028,0.7716,,Mast,UC_vs_HC
ZNF764,0.30893,-0.65778,1.9349,-0.33996,0.73389,,Mast,UC_vs_HC
ZNF688,0.45322,-0.63664,1.804,-0.3529,0.72416,,Mast,UC_vs_HC
ZNF785,0.36748,-1.2902,1.5427,-0.83631,0.40298,,Mast,UC_vs_HC
AC093249.2,0.0134,0.3681,4.0861,0.090086,0.92822,,Mast,UC_vs_HC
ZNF689,0.45353,2.2122,1.4775,1.4972,0.13433,,Mast,UC_vs_HC
PRR14,1.2497,-0.2575,0.73302,-0.35129,0.72537,0.99956,Mast,UC_vs_HC
FBRS,3.9358,0.28235,0.63127,0.44727,0.65468,0.99956,Mast,UC_vs_HC
SRCAP,0.4609,0.83434,1.4476,0.57636,0.56437,,Mast,UC_vs_HC
AC106886.5,0.064474,0.59268,4.1488,0.14286,0.8864,,Mast,UC_vs_HC
PHKG2,1.9076,0.49976,0.72306,0.69117,0.48946,0.99956,Mast,UC_vs_HC
CCDC189,0.68043,0.25892,1.3456,0.19243,0.84741,,Mast,UC_vs_HC
RNF40,0.72913,0.034161,1.0345,0.033021,0.97366,,Mast,UC_vs_HC
ZNF629,0.17327,0.59272,1.8174,0.32614,0.74432,,Mast,UC_vs_HC
AC106886.3,0.0268,0.16572,4.0548,0.040869,0.9674,,Mast,UC_vs_HC
BCL7C,0.97887,-1.0418,1.1152,-0.9342,0.3502,,Mast,UC_vs_HC
MIR762HG,0.065982,0.2043,1.955,0.1045,0.91677,,Mast,UC_vs_HC
CTF1,0.084698,0.50617,3.4933,0.1449,0.88479,,Mast,UC_vs_HC
FBXL19-AS1,0.13578,0.82493,2.2364,0.36886,0.71223,,Mast,UC_vs_HC
FBXL19,0.26717,0.29347,1.6505,0.1778,0.85888,,Mast,UC_vs_HC
ORAI3,1.1695,-0.78609,1.1255,-0.69844,0.4849,0.99956,Mast,UC_vs_HC
SETD1A,0.21142,0.49029,1.537,0.319,0.74973,,Mast,UC_vs_HC
HSD3B7,0.15612,1.2345,1.8251,0.67638,0.4988,,Mast,UC_vs_HC
STX1B,0.086487,-0.46649,3.4066,-0.13694,0.89108,,Mast,UC_vs_HC
STX4,5.61,-0.25705,0.47143,-0.54526,0.58557,0.99956,Mast,UC_vs_HC
AC135050.3,0.17616,-0.68304,4.013,-0.17021,0.86485,,Mast,UC_vs_HC
AC135050.1,0.20482,0.22174,4.0222,0.055129,0.95604,,Mast,UC_vs_HC
ZNF668,0.17358,-0.39138,1.8714,-0.20914,0.83434,,Mast,UC_vs_HC
ZNF646,0.37705,-0.33524,1.3648,-0.24564,0.80596,,Mast,UC_vs_HC
VKORC1,4.3009,0.37617,0.58171,0.64666,0.51785,0.99956,Mast,UC_vs_HC
BCKDK,0.52858,0.56268,1.0804,0.52081,0.6025,,Mast,UC_vs_HC
KAT8,1.4941,0.73542,0.91686,0.8021,0.4225,0.99956,Mast,UC_vs_HC
PRSS8,0.045074,1.1802,3.0256,0.39009,0.69647,,Mast,UC_vs_HC
FUS,24.701,-0.58399,0.31139,-1.8754,0.060733,0.98721,Mast,UC_vs_HC
PYCARD,10.564,0.24988,0.75316,0.33178,0.74006,0.99956,Mast,UC_vs_HC
PYCARD-AS1,0.094832,0.8777,2.1906,0.40067,0.68867,,Mast,UC_vs_HC
TRIM72,0.07882,0.049153,3.3113,0.014844,0.98816,,Mast,UC_vs_HC
ITGAM,3.995,1.3626,0.69541,1.9593,0.050072,0.96096,Mast,UC_vs_HC
ITGAX,4.3134,-1.2187,0.59385,-2.0522,0.040152,0.90299,Mast,UC_vs_HC
ITGAD,0.052922,0.24161,3.2428,0.074505,0.94061,,Mast,UC_vs_HC
ZNF843,0.0134,0.3681,4.0861,0.090086,0.92822,,Mast,UC_vs_HC
AC026471.4,0.72271,1.043,1.511,0.69029,0.49001,,Mast,UC_vs_HC
AC026471.1,0.17052,0.49269,1.9991,0.24646,0.80533,,Mast,UC_vs_HC
ARMC5,0.80439,-0.9575,1.3434,-0.71276,0.476,,Mast,UC_vs_HC
TGFB1I1,0.87645,0.29934,0.83404,0.35891,0.71967,,Mast,UC_vs_HC
C16orf58,1.4084,-0.095828,0.84063,-0.114,0.90924,0.99956,Mast,UC_vs_HC
AC026471.2,0.36679,1.4433,1.9384,0.7446,0.45652,,Mast,UC_vs_HC
AC074050.4,0.037578,0.16073,4.0541,0.039647,0.96837,,Mast,UC_vs_HC
ZNF720,2.6703,0.13574,0.6064,0.22384,0.82288,0.99956,Mast,UC_vs_HC
ZNF267,7.7153,-0.10081,0.39212,-0.25709,0.79711,0.99956,Mast,UC_vs_HC
TP53TG3D,0.039522,0.59268,4.1488,0.14286,0.8864,,Mast,UC_vs_HC
SHCBP1,0.059765,0.024139,4.0722,0.0059277,0.99527,,Mast,UC_vs_HC
AC092368.3,0.026346,1.1367,4.0708,0.27924,0.78006,,Mast,UC_vs_HC
VPS35,6.8541,0.082771,0.3586,0.23082,0.81746,0.99956,Mast,UC_vs_HC
ORC6,0.24018,-0.76185,2.2728,-0.3352,0.73748,,Mast,UC_vs_HC
C16orf87,0.97696,-0.67099,0.98773,-0.67932,0.49693,,Mast,UC_vs_HC
GPT2,0.099887,-0.6381,2.1007,-0.30375,0.76132,,Mast,UC_vs_HC
DNAJA2,5.7586,-0.44581,0.472,-0.9445,0.34491,0.99956,Mast,UC_vs_HC
NETO2,0.08611,0.46123,3.4301,0.13446,0.89304,,Mast,UC_vs_HC
ITFG1,2.1071,1.4117,0.86896,1.6246,0.10424,0.99956,Mast,UC_vs_HC
PHKB,1.6969,0.46116,0.68738,0.6709,0.50228,0.99956,Mast,UC_vs_HC
LONP2,3.3103,0.39927,0.58614,0.68118,0.49576,0.99956,Mast,UC_vs_HC
SIAH1,1.1774,-0.5262,1.036,-0.5079,0.61152,0.99956,Mast,UC_vs_HC
N4BP1,1.0639,2.6146,1.3125,1.992,0.046366,,Mast,UC_vs_HC
AC023813.3,0.037578,0.16073,4.0541,0.039647,0.96837,,Mast,UC_vs_HC
CNEP1R1,0.52877,-0.55245,1.1922,-0.4634,0.64308,,Mast,UC_vs_HC
HEATR3,0.18316,0.41401,1.7536,0.2361,0.81336,,Mast,UC_vs_HC
TENT4B,0.65805,-0.099974,0.91893,-0.10879,0.91337,,Mast,UC_vs_HC
ADCY7,2.7769,1.3944,0.85781,1.6256,0.10404,0.99956,Mast,UC_vs_HC
BRD7,1.0515,-0.23758,0.87182,-0.27251,0.78523,,Mast,UC_vs_HC
NKD1,0.52724,0.21507,1.3991,0.15372,0.87783,,Mast,UC_vs_HC
AC007608.3,0.045528,0.19411,2.9294,0.066264,0.94717,,Mast,UC_vs_HC
SNX20,1.5464,1.4462,1.0245,1.4116,0.15806,0.99956,Mast,UC_vs_HC
NOD2,0.19179,1.4696,1.7326,0.8482,0.39633,,Mast,UC_vs_HC
AC007728.2,0.1639,0.70727,3.8719,0.18267,0.85506,,Mast,UC_vs_HC
CYLD,14.303,0.73263,0.40385,1.8141,0.06966,0.99956,Mast,UC_vs_HC
AC007728.1,0.0134,0.3681,4.0861,0.090086,0.92822,,Mast,UC_vs_HC
SALL1,0.026346,1.1367,4.0708,0.27924,0.78006,,Mast,UC_vs_HC
HNRNPA1P48,1.3,0.32778,0.89628,0.36571,0.71458,0.99956,Mast,UC_vs_HC
TOX3,0.0134,0.3681,4.0861,0.090086,0.92822,,Mast,UC_vs_HC
AC007906.2,0.037578,0.16073,4.0541,0.039647,0.96837,,Mast,UC_vs_HC
CHD9,6.0994,-0.042676,0.3731,-0.11438,0.90894,0.99956,Mast,UC_vs_HC
AC007342.4,0.055411,0.73069,4.1338,0.17676,0.8597,,Mast,UC_vs_HC
RBL2,1.9424,1.2957,0.93745,1.3822,0.16692,0.99956,Mast,UC_vs_HC
AKTIP,0.16562,0.69687,1.532,0.45487,0.6492,,Mast,UC_vs_HC
RPGRIP1L,0.078493,0.052424,3.5352,0.014829,0.98817,,Mast,UC_vs_HC
FTO,0.62825,-1.0257,1.6333,-0.62797,0.53003,,Mast,UC_vs_HC
CRNDE,0.037578,0.16073,4.0541,0.039647,0.96837,,Mast,UC_vs_HC
MMP2,0.063815,-0.46407,3.2326,-0.14356,0.88585,,Mast,UC_vs_HC
MMP2-AS1,0.227,0.83168,2.4338,0.34172,0.73256,,Mast,UC_vs_HC
LPCAT2,5.9796,-0.088542,0.41153,-0.21515,0.82965,0.99956,Mast,UC_vs_HC
AC007336.1,0.27573,-1.2126,1.657,-0.7318,0.46429,,Mast,UC_vs_HC
CAPNS2,0.037578,0.16073,4.0541,0.039647,0.96837,,Mast,UC_vs_HC
CES1,0.0268,0.16572,4.0548,0.040869,0.9674,,Mast,UC_vs_HC
AMFR,1.0738,0.12749,0.92825,0.13734,0.89076,,Mast,UC_vs_HC
AC092140.1,0.85171,0.46323,2.1939,0.21114,0.83278,,Mast,UC_vs_HC
NUDT21,2.4291,0.62892,0.71686,0.87732,0.38031,0.99956,Mast,UC_vs_HC
OGFOD1,0.77764,0.90256,1.0094,0.89418,0.37123,,Mast,UC_vs_HC
BBS2,0.6122,0.21578,1.2292,0.17554,0.86066,,Mast,UC_vs_HC
MT3,0.0134,0.3681,4.0861,0.090086,0.92822,,Mast,UC_vs_HC
MT2A,46.43,0.63528,0.49604,1.2807,0.2003,0.99956,Mast,UC_vs_HC
MT1E,0.65927,0.94589,1.4676,0.64451,0.51925,,Mast,UC_vs_HC
MT1M,0.055411,0.73069,4.1338,0.17676,0.8597,,Mast,UC_vs_HC
MT1A,0.073164,-0.23944,3.3159,-0.07221,0.94244,,Mast,UC_vs_HC
MT1F,3.7567,0.45067,0.61406,0.73393,0.46299,0.99956,Mast,UC_vs_HC
MT1G,0.85736,-2.62,2.0008,-1.3095,0.19037,,Mast,UC_vs_HC
MT1H,0.075157,-0.26501,4,-0.066252,0.94718,,Mast,UC_vs_HC
MT1X,5.2909,-0.46913,0.54867,-0.85503,0.39253,0.99956,Mast,UC_vs_HC
NUP93,0.48214,-0.33523,1.3402,-0.25013,0.80249,,Mast,UC_vs_HC
HERPUD1,21.965,0.52129,0.57659,0.90409,0.36595,0.99956,Mast,UC_vs_HC
CETP,0.1882,0.78852,3.6827,0.21411,0.83046,,Mast,UC_vs_HC
NLRC5,0.80359,0.8131,1.6037,0.50702,0.61214,,Mast,UC_vs_HC
FAM192A,3.218,0.2398,0.7542,0.31796,0.75052,0.99956,Mast,UC_vs_HC
RSPRY1,2.4862,-0.30337,0.64514,-0.47025,0.63818,0.99956,Mast,UC_vs_HC
ARL2BP,3.1563,0.82105,0.57762,1.4215,0.15519,0.99956,Mast,UC_vs_HC
PLLP,0.44861,0.42024,1.7932,0.23435,0.81472,,Mast,UC_vs_HC
CIAPIN1,1.0062,-0.23815,0.94235,-0.25272,0.80049,,Mast,UC_vs_HC
COQ9,0.55907,1.0763,1.5751,0.68332,0.49441,,Mast,UC_vs_HC
POLR2C,2.6611,-0.30361,0.95016,-0.31954,0.74932,0.99956,Mast,UC_vs_HC
ADGRG5,0.094822,0.96205,2.0073,0.47927,0.63175,,Mast,UC_vs_HC
ADGRG1,0.052922,0.24161,3.2428,0.074505,0.94061,,Mast,UC_vs_HC
ADGRG3,1.2785,3.588,1.4619,2.4543,0.014114,0.72228,Mast,UC_vs_HC
KATNB1,0.32579,-0.23061,1.591,-0.14495,0.88475,,Mast,UC_vs_HC
KIFC3,0.25314,0.34322,1.7756,0.19329,0.84673,,Mast,UC_vs_HC
ZNF319,0.40372,1.6672,2.9465,0.56582,0.57151,,Mast,UC_vs_HC
USB1,1.206,-0.73956,0.7851,-0.94198,0.3462,0.99956,Mast,UC_vs_HC
MMP15,0.0134,0.3681,4.0861,0.090086,0.92822,,Mast,UC_vs_HC
CFAP20,1.6778,-0.1046,0.70398,-0.14858,0.88188,0.99956,Mast,UC_vs_HC
CSNK2A2,0.75885,1.1692,1.161,1.0071,0.31391,,Mast,UC_vs_HC
CCDC113,0.062512,0.55908,3.0605,0.18268,0.85505,,Mast,UC_vs_HC
GINS3,0.024934,1.088,4.0829,0.26647,0.78988,,Mast,UC_vs_HC
SETD6,0.45765,1.3569,1.3248,1.0243,0.30571,,Mast,UC_vs_HC
CNOT1,3.6102,0.54531,0.60732,0.8979,0.36924,0.99956,Mast,UC_vs_HC
AC009118.3,0.19441,-0.046559,1.5262,-0.030507,0.97566,,Mast,UC_vs_HC
SLC38A7,0.2638,0.097578,1.8495,0.052758,0.95792,,Mast,UC_vs_HC
GOT2,0.56052,-0.77868,1.2587,-0.61863,0.53616,,Mast,UC_vs_HC
LINC00920,0.063924,0.64284,3.2536,0.19758,0.84337,,Mast,UC_vs_HC
TK2,1.4615,1.0804,1.1015,0.98081,0.32669,0.99956,Mast,UC_vs_HC
AC010542.2,0.37747,0.78687,1.8825,0.41798,0.67596,,Mast,UC_vs_HC
AC010542.4,0.055411,0.73069,4.1338,0.17676,0.8597,,Mast,UC_vs_HC
CKLF,31.242,0.3839,0.28669,1.3391,0.18054,0.99956,Mast,UC_vs_HC
CKLF-CMTM1,0.024934,1.088,4.0829,0.26647,0.78988,,Mast,UC_vs_HC
AC010542.5,0.037578,0.16073,4.0541,0.039647,0.96837,,Mast,UC_vs_HC
CMTM1,0.043089,1.2415,4.0577,0.30596,0.75964,,Mast,UC_vs_HC
CMTM3,2.2906,-1.2968,0.69145,-1.8755,0.06072,0.98721,Mast,UC_vs_HC
CMTM4,0.056489,0.8828,3.1215,0.28281,0.77732,,Mast,UC_vs_HC
DYNC1LI2,3.0022,0.0068572,0.55785,0.012292,0.99019,0.99956,Mast,UC_vs_HC
AC018557.1,0.16398,0.00025175,1.9154,0.00013143,0.9999,,Mast,UC_vs_HC
AC044802.1,0.097449,0.73069,4.1338,0.17676,0.8597,,Mast,UC_vs_HC
NAE1,3.0245,-0.92703,0.63476,-1.4604,0.14417,0.99956,Mast,UC_vs_HC
AC044802.2,0.088054,0.61965,2.233,0.2775,0.7814,,Mast,UC_vs_HC
PDP2,0.49293,0.1215,1.5007,0.080962,0.93547,,Mast,UC_vs_HC
RRAD,4.7677,-2.4939,0.74964,-3.3269,0.0008783,0.25453,Mast,UC_vs_HC
FAM96B,25.068,-0.15037,0.29929,-0.50243,0.61537,0.99956,Mast,UC_vs_HC
CES2,2.0308,-0.26946,0.68193,-0.39514,0.69274,0.99956,Mast,UC_vs_HC
CES4A,0.10918,1.4129,2.0223,0.69866,0.48477,,Mast,UC_vs_HC
CBFB,2.8825,0.28625,0.72748,0.39348,0.69396,0.99956,Mast,UC_vs_HC
C16orf70,0.18913,0.71426,1.446,0.49396,0.62133,,Mast,UC_vs_HC
TRADD,0.92937,-0.67954,1.6679,-0.40742,0.6837,,Mast,UC_vs_HC
FBXL8,0.068595,1.377,2.938,0.4687,0.63928,,Mast,UC_vs_HC
HSF4,0.075058,1.3326,4.0556,0.32858,0.74247,,Mast,UC_vs_HC
NOL3,0.26006,-0.1085,2.3158,-0.046853,0.96263,,Mast,UC_vs_HC
KIAA0895L,0.0134,0.3681,4.0861,0.090086,0.92822,,Mast,UC_vs_HC
E2F4,1.7245,0.11546,0.75029,0.15388,0.8777,0.99956,Mast,UC_vs_HC
ELMO3,0.43724,0.28751,1.661,0.1731,0.86258,,Mast,UC_vs_HC
LRRC29,0.23089,0.29044,2.0637,0.14073,0.88808,,Mast,UC_vs_HC
TMEM208,7.7413,0.098984,0.32923,0.30065,0.76368,0.99956,Mast,UC_vs_HC
FHOD1,5.8177,0.31875,0.50424,0.63215,0.52729,0.99956,Mast,UC_vs_HC
SLC9A5,0.16547,1.7789,2.4047,0.73976,0.45944,,Mast,UC_vs_HC
PLEKHG4,0.83939,0.14047,0.7998,0.17564,0.86058,,Mast,UC_vs_HC
KCTD19,0.38796,-0.72771,1.2604,-0.57735,0.5637,,Mast,UC_vs_HC
LRRC36,0.25817,0.96182,1.6314,0.58956,0.55548,,Mast,UC_vs_HC
TPPP3,0.30172,-1.3725,1.3775,-0.99639,0.31906,,Mast,UC_vs_HC
HSD11B2,0.026237,0.024139,4.0722,0.0059277,0.99527,,Mast,UC_vs_HC
ATP6V0D1,8.0649,0.010974,0.36928,0.029717,0.97629,0.99956,Mast,UC_vs_HC
AC009061.2,0.27239,-0.59953,3.1515,-0.19024,0.84912,,Mast,UC_vs_HC
AC027682.6,0.0134,0.3681,4.0861,0.090086,0.92822,,Mast,UC_vs_HC
RIPOR1,1.4761,-0.44911,0.89022,-0.5045,0.61391,0.99956,Mast,UC_vs_HC
AC027682.2,0.026237,0.024139,4.0722,0.0059277,0.99527,,Mast,UC_vs_HC
CTCF,1.9841,0.54686,0.85113,0.64251,0.52054,0.99956,Mast,UC_vs_HC
CARMIL2,0.092444,0.17622,3.5456,0.0497,0.96036,,Mast,UC_vs_HC
ACD,0.7877,-0.83294,0.98088,-0.84917,0.39578,,Mast,UC_vs_HC
PARD6A,0.61508,0.55856,1.6135,0.34618,0.72921,,Mast,UC_vs_HC
ENKD1,0.38692,1.5089,1.5625,0.96573,0.33418,,Mast,UC_vs_HC
C16orf86,0.38248,1.634,1.4837,1.1013,0.27077,,Mast,UC_vs_HC
GFOD2,0.4594,-0.53695,1.3163,-0.40793,0.68333,,Mast,UC_vs_HC
RANBP10,0.45798,-0.288,1.5302,-0.18821,0.85071,,Mast,UC_vs_HC
CENPT,0.49284,0.045291,1.015,0.044622,0.96441,,Mast,UC_vs_HC
THAP11,0.66882,0.97084,1.1567,0.8393,0.4013,,Mast,UC_vs_HC
NUTF2,2.1146,-0.86197,0.79548,-1.0836,0.27855,0.99956,Mast,UC_vs_HC
NRN1L,0.08611,0.46123,3.4301,0.13446,0.89304,,Mast,UC_vs_HC
PSKH1,0.4274,1.2819,1.6483,0.77774,0.43672,,Mast,UC_vs_HC
AC040162.1,0.45561,-0.50498,1.4114,-0.35779,0.7205,,Mast,UC_vs_HC
PSMB10,4.5048,-0.095553,0.62652,-0.15251,0.87878,0.99956,Mast,UC_vs_HC
LCAT,0.23737,0.76067,1.7796,0.42744,0.66906,,Mast,UC_vs_HC
SLC12A4,0.2919,0.54523,2.3561,0.23142,0.81699,,Mast,UC_vs_HC
DPEP2,0.83664,1.8967,1.3518,1.4031,0.16058,,Mast,UC_vs_HC
DUS2,0.48839,0.25036,1.083,0.23117,0.81718,,Mast,UC_vs_HC
DDX28,0.15996,0.61313,2.434,0.25191,0.80111,,Mast,UC_vs_HC
NFATC3,6.2802,1.178,0.45535,2.5869,0.009684,0.69258,Mast,UC_vs_HC
AC020978.5,0.0134,0.3681,4.0861,0.090086,0.92822,,Mast,UC_vs_HC
ESRP2,0.059765,0.024139,4.0722,0.0059277,0.99527,,Mast,UC_vs_HC
PLA2G15,0.33664,-0.42591,1.3981,-0.30464,0.76064,,Mast,UC_vs_HC
SLC7A6,0.47446,1.2744,1.7963,0.70945,0.47805,,Mast,UC_vs_HC
SLC7A6OS,1.6909,-0.51627,0.79607,-0.64852,0.51665,0.99956,Mast,UC_vs_HC
PRMT7,0.26452,1.4378,2.3739,0.6057,0.54471,,Mast,UC_vs_HC
SMPD3,0.0134,0.3681,4.0861,0.090086,0.92822,,Mast,UC_vs_HC
ZFP90,0.9897,1.5395,0.93014,1.6551,0.097904,,Mast,UC_vs_HC
AC126773.4,0.055411,0.73069,4.1338,0.17676,0.8597,,Mast,UC_vs_HC
CDH1,0.037578,0.16073,4.0541,0.039647,0.96837,,Mast,UC_vs_HC
TANGO6,0.20558,-0.29263,1.3344,-0.2193,0.82642,,Mast,UC_vs_HC
HAS3,0.045074,1.1802,3.0256,0.39009,0.69647,,Mast,UC_vs_HC
CHTF8,1.5254,0.11913,0.81566,0.14605,0.88388,0.99956,Mast,UC_vs_HC
UTP4,0.59379,-0.050365,1.0207,-0.049345,0.96064,,Mast,UC_vs_HC
SNTB2,0.79714,0.38387,0.96047,0.39967,0.6894,,Mast,UC_vs_HC
VPS4A,2.5366,0.54296,0.9559,0.56801,0.57003,0.99956,Mast,UC_vs_HC
COG8,0.075789,0.83317,1.9018,0.43809,0.66132,,Mast,UC_vs_HC
COG8-1,0.30228,2.3164,2.8865,0.8025,0.42226,,Mast,UC_vs_HC
NIP7,1.9111,-0.8532,0.75248,-1.1339,0.25686,0.99956,Mast,UC_vs_HC
TERF2,0.60982,0.70398,1.3718,0.5132,0.60781,,Mast,UC_vs_HC
CYB5B,4.4061,-0.14605,0.47657,-0.30646,0.75926,0.99956,Mast,UC_vs_HC
NFAT5,10.702,-0.25847,0.5331,-0.48485,0.62779,0.99956,Mast,UC_vs_HC
NQO1,0.75934,-0.10629,1.1851,-0.089694,0.92853,,Mast,UC_vs_HC
AC092115.2,0.078493,0.052424,3.5352,0.014829,0.98817,,Mast,UC_vs_HC
AC092115.3,0.018728,0.70632,4.1361,0.17077,0.86441,,Mast,UC_vs_HC
NOB1,1.1121,0.037727,0.80576,0.046822,0.96266,,Mast,UC_vs_HC
WWP2,0.85176,-1.0114,0.96522,-1.0478,0.29471,,Mast,UC_vs_HC
CLEC18A,0.0134,0.3681,4.0861,0.090086,0.92822,,Mast,UC_vs_HC
PDPR,0.89651,0.79974,1.0977,0.72854,0.46629,,Mast,UC_vs_HC
EXOSC6,1.0676,0.55275,1.0518,0.52552,0.59922,,Mast,UC_vs_HC
AARS,1.2994,-0.53209,0.8305,-0.64069,0.52172,0.99956,Mast,UC_vs_HC
DDX19B,1.3694,0.39563,0.79537,0.49741,0.6189,0.99956,Mast,UC_vs_HC
DDX19A,0.9496,0.017224,0.90082,0.01912,0.98475,,Mast,UC_vs_HC
ST3GAL2,1.2792,1.452,1.0384,1.3983,0.16204,0.99956,Mast,UC_vs_HC
FUK,0.1484,0.2731,3.6812,0.07419,0.94086,,Mast,UC_vs_HC
COG4,1.0942,0.734,0.99385,0.73854,0.46019,,Mast,UC_vs_HC
SF3B3,1.8921,-0.99541,0.71179,-1.3985,0.16197,0.99956,Mast,UC_vs_HC
VAC14,0.47422,-0.74979,1.2509,-0.59942,0.5489,,Mast,UC_vs_HC
VAC14-AS1,0.07365,-0.053317,3.1259,-0.017057,0.98639,,Mast,UC_vs_HC
CMTR2,1.8337,-0.519,0.86944,-0.59694,0.55055,0.99956,Mast,UC_vs_HC
CALB2,7.2734,-0.78244,0.49655,-1.5758,0.11508,0.99956,Mast,UC_vs_HC
AC010547.1,0.037578,0.16073,4.0541,0.039647,0.96837,,Mast,UC_vs_HC
PHLPP2,0.28538,-0.26696,1.4793,-0.18047,0.85679,,Mast,UC_vs_HC
AP1G1,3.4974,0.37044,0.61637,0.601,0.54784,0.99956,Mast,UC_vs_HC
ATXN1L,1.6411,0.28347,0.9344,0.30337,0.7616,0.99956,Mast,UC_vs_HC
IST1,4.8999,0.11296,0.61103,0.18488,0.85333,0.99956,Mast,UC_vs_HC
ZNF821,0.46042,0.0054491,1.4871,0.0036643,0.99708,,Mast,UC_vs_HC
DHODH,0.72392,1.2087,1.2161,0.9939,0.32027,,Mast,UC_vs_HC
TXNL4B,0.51766,-1.0596,1.4606,-0.72547,0.46817,,Mast,UC_vs_HC
DHX38,1.8649,0.51305,0.74252,0.69095,0.4896,0.99956,Mast,UC_vs_HC
LINC01572,0.024934,1.088,4.0829,0.26647,0.78988,,Mast,UC_vs_HC
AC004943.2,0.19877,0.25676,1.9361,0.13262,0.89449,,Mast,UC_vs_HC
ZFHX3,2.216,-0.34409,0.74312,-0.46304,0.64334,0.99956,Mast,UC_vs_HC
AC116667.1,0.0134,0.3681,4.0861,0.090086,0.92822,,Mast,UC_vs_HC
AC138627.1,0.026237,0.024139,4.0722,0.0059277,0.99527,,Mast,UC_vs_HC
PSMD7,9.64,0.30851,0.35247,0.87528,0.38142,0.99956,Mast,UC_vs_HC
AC009053.2,0.086178,1.7051,4.0089,0.42532,0.6706,,Mast,UC_vs_HC
NPIPB15,0.066436,-0.53992,3.1881,-0.16935,0.86552,,Mast,UC_vs_HC
GLG1,0.21206,1.3982,1.6491,0.84788,0.39651,,Mast,UC_vs_HC
RFWD3,0.45132,1.3969,1.098,1.2722,0.20329,,Mast,UC_vs_HC
MLKL,0.87526,0.63848,0.96334,0.66277,0.50748,,Mast,UC_vs_HC
FA2H,0.0134,0.3681,4.0861,0.090086,0.92822,,Mast,UC_vs_HC
WDR59,0.75815,0.09329,1.2431,0.075048,0.94018,,Mast,UC_vs_HC
ZNRF1,3.4884,1.1492,0.7149,1.6075,0.10794,0.99956,Mast,UC_vs_HC
LDHD,0.16695,0.42464,1.9054,0.22286,0.82365,,Mast,UC_vs_HC
ZFP1,0.18163,0.1971,1.5445,0.12762,0.89845,,Mast,UC_vs_HC
BCAR1,0.39037,-0.51942,1.3135,-0.39544,0.69251,,Mast,UC_vs_HC
CFDP1,5.0174,-0.43086,0.42743,-1.008,0.31345,0.99956,Mast,UC_vs_HC
AC009163.7,0.039745,0.81098,2.9497,0.27494,0.78337,,Mast,UC_vs_HC
TMEM170A,2.8244,0.51215,0.58956,0.86871,0.38501,0.99956,Mast,UC_vs_HC
CHST6,0.026346,1.1367,4.0708,0.27924,0.78006,,Mast,UC_vs_HC
TMEM231,0.069899,0.56836,2.116,0.2686,0.78824,,Mast,UC_vs_HC
GABARAPL2,15.91,0.024915,0.44774,0.055646,0.95562,0.99956,Mast,UC_vs_HC
AC025287.3,0.13279,0.73069,4.1338,0.17676,0.8597,,Mast,UC_vs_HC
ADAT1,0.63031,-0.89205,1.2544,-0.71115,0.47699,,Mast,UC_vs_HC
KARS,1.547,-0.84584,0.67415,-1.2547,0.2096,0.99956,Mast,UC_vs_HC
TERF2IP,6.2878,-1.0254,0.86989,-1.1787,0.2385,0.99956,Mast,UC_vs_HC
MON1B,0.61549,-0.45218,1.2522,-0.3611,0.71803,,Mast,UC_vs_HC
SYCE1L,0.56814,0.66273,1.8165,0.36485,0.71523,,Mast,UC_vs_HC
NUDT7,0.050978,-0.055356,2.9247,-0.018927,0.9849,,Mast,UC_vs_HC
WWOX,0.4496,1.2266,1.2812,0.95732,0.3384,,Mast,UC_vs_HC
MAF,1.5045,1.1425,1.3228,0.86372,0.38774,0.99956,Mast,UC_vs_HC
AC105411.1,0.055411,0.73069,4.1338,0.17676,0.8597,,Mast,UC_vs_HC
DYNLRB2,0.097449,0.73069,4.1338,0.17676,0.8597,,Mast,UC_vs_HC
CDYL2,0.082611,1.1759,3.3583,0.35015,0.72623,,Mast,UC_vs_HC
CMC2,8.5902,0.41126,0.40604,1.0128,0.31113,0.99956,Mast,UC_vs_HC
CENPN,0.58447,0.97837,1.1946,0.81902,0.41278,,Mast,UC_vs_HC
ATMIN,0.27286,1.3233,1.7275,0.76601,0.44367,,Mast,UC_vs_HC
C16orf46,0.055411,0.73069,4.1338,0.17676,0.8597,,Mast,UC_vs_HC
AC092718.3,0.083202,0.61127,3.3445,0.18277,0.85498,,Mast,UC_vs_HC
AC092718.5,0.14494,-0.3141,3.5574,-0.088293,0.92964,,Mast,UC_vs_HC
AC092718.1,0.22344,-0.90476,2.069,-0.4373,0.66189,,Mast,UC_vs_HC
GCSH,1.0471,0.58927,1.085,0.54313,0.58704,,Mast,UC_vs_HC
GAN,1.5807,1.9003,1.1238,1.6909,0.090847,0.99956,Mast,UC_vs_HC
CMIP,3.6589,-0.13722,0.54118,-0.25355,0.79984,0.99956,Mast,UC_vs_HC
AC099524.1,0.11117,0.19077,2.2888,0.083347,0.93358,,Mast,UC_vs_HC
PLCG2,21.006,-1.9982,0.83998,-2.3789,0.017363,0.73998,Mast,UC_vs_HC
MPHOSPH6,1.706,0.67019,0.68075,0.98449,0.32487,0.99956,Mast,UC_vs_HC
HSBP1,11.734,-0.06395,0.38762,-0.16498,0.86896,0.99956,Mast,UC_vs_HC
MLYCD,0.45944,0.01523,1.2746,0.011949,0.99047,,Mast,UC_vs_HC
MBTPS1,2.3702,-0.93292,0.77658,-1.2013,0.22962,0.99956,Mast,UC_vs_HC
HSDL1,0.44503,-0.20008,1.3763,-0.14537,0.88442,,Mast,UC_vs_HC
DNAAF1,0.75041,4.0111,3.5481,1.1305,0.25827,,Mast,UC_vs_HC
TAF1C,0.49645,-0.13976,1.3465,-0.1038,0.91733,,Mast,UC_vs_HC
AC009123.1,0.064474,0.59268,4.1488,0.14286,0.8864,,Mast,UC_vs_HC
ATP2C2,0.17061,-0.16933,2.6579,-0.063706,0.9492,,Mast,UC_vs_HC
TLDC1,0.21475,1.3281,1.7402,0.76317,0.44536,,Mast,UC_vs_HC
COTL1,6.4068,0.30026,0.56886,0.52783,0.59761,0.99956,Mast,UC_vs_HC
KLHL36,1.2739,0.39147,0.92456,0.42341,0.67199,0.99956,Mast,UC_vs_HC
USP10,2.7016,0.078599,0.60945,0.12897,0.89738,0.99956,Mast,UC_vs_HC
CRISPLD2,0.74241,1.1879,1.6202,0.7332,0.46344,,Mast,UC_vs_HC
ZDHHC7,0.17954,-0.64738,1.7088,-0.37884,0.7048,,Mast,UC_vs_HC
KIAA0513,0.1193,2.1242,1.9329,1.099,0.27178,,Mast,UC_vs_HC
FAM92B,0.024934,1.088,4.0829,0.26647,0.78988,,Mast,UC_vs_HC
GSE1,4.4856,-0.15476,0.72898,-0.2123,0.83187,0.99956,Mast,UC_vs_HC
AC092127.1,0.0134,0.3681,4.0861,0.090086,0.92822,,Mast,UC_vs_HC
GINS2,0.92299,1.3221,1.1653,1.1346,0.25655,,Mast,UC_vs_HC
C16orf74,0.10584,-0.06982,3.6994,-0.018873,0.98494,,Mast,UC_vs_HC
EMC8,0.50065,1.3153,1.196,1.0997,0.27147,,Mast,UC_vs_HC
COX4I1,62.574,0.1006,0.21802,0.46144,0.64449,0.99956,Mast,UC_vs_HC
IRF8,0.063924,0.64284,3.2536,0.19758,0.84337,,Mast,UC_vs_HC
AC135012.1,0.024934,1.088,4.0829,0.26647,0.78988,,Mast,UC_vs_HC
LINC01082,0.037578,0.16073,4.0541,0.039647,0.96837,,Mast,UC_vs_HC
MTHFSD,0.36182,-0.67156,1.7948,-0.37417,0.70828,,Mast,UC_vs_HC
FBXO31,0.20707,0.49514,1.3581,0.3646,0.71541,,Mast,UC_vs_HC
MAP1LC3B,11.589,-0.007002,0.68495,-0.010223,0.99184,0.99956,Mast,UC_vs_HC
ZCCHC14,0.15365,0.82429,1.6916,0.4873,0.62605,,Mast,UC_vs_HC
AC010536.1,0.064474,0.59268,4.1488,0.14286,0.8864,,Mast,UC_vs_HC
KLHDC4,0.62359,-0.62451,0.97758,-0.63884,0.52293,,Mast,UC_vs_HC
AC126696.1,0.0134,0.3681,4.0861,0.090086,0.92822,,Mast,UC_vs_HC
SLC7A5,5.4266,0.38809,0.48806,0.79517,0.42652,0.99956,Mast,UC_vs_HC
CA5A,0.0134,0.3681,4.0861,0.090086,0.92822,,Mast,UC_vs_HC
BANP,0.58398,0.537,1.2352,0.43477,0.66373,,Mast,UC_vs_HC
ZFPM1,0.052583,0.46401,3.1249,0.14849,0.88196,,Mast,UC_vs_HC
ZC3H18,2.2846,0.36475,0.61515,0.59295,0.55322,0.99956,Mast,UC_vs_HC
CYBA,25.998,0.32827,1.356,0.24209,0.80871,0.99956,Mast,UC_vs_HC
MVD,0.73952,-1.8702,1.366,-1.3691,0.17096,,Mast,UC_vs_HC
SNAI3-AS1,0.0268,0.16572,4.0548,0.040869,0.9674,,Mast,UC_vs_HC
SNAI3,0.50529,1.3219,2.4624,0.53683,0.59138,,Mast,UC_vs_HC
RNF166,1.3222,0.36261,0.92539,0.39184,0.69518,0.99956,Mast,UC_vs_HC
CTU2,0.46144,-0.89907,1.4034,-0.64066,0.52175,,Mast,UC_vs_HC
PIEZO1,0.76161,-0.54984,1.0419,-0.5277,0.59771,,Mast,UC_vs_HC
AC138028.4,0.026346,1.1367,4.0708,0.27924,0.78006,,Mast,UC_vs_HC
AC138028.1,0.24448,-0.071635,1.6186,-0.044258,0.9647,,Mast,UC_vs_HC
APRT,10.021,-0.14005,0.44002,-0.31828,0.75027,0.99956,Mast,UC_vs_HC
GALNS,0.14619,0.44322,3.5882,0.12352,0.90169,,Mast,UC_vs_HC
TRAPPC2L,2.672,0.7651,0.58096,1.317,0.18785,0.99956,Mast,UC_vs_HC
CBFA2T3,1.2431,0.43882,1.0461,0.41949,0.67486,0.99956,Mast,UC_vs_HC
AC092384.2,0.024934,1.088,4.0829,0.26647,0.78988,,Mast,UC_vs_HC
AC135782.1,0.0134,0.3681,4.0861,0.090086,0.92822,,Mast,UC_vs_HC
ACSF3,0.70854,-0.23693,1.2085,-0.19604,0.84458,,Mast,UC_vs_HC
AC009113.1,0.21136,0.024507,2.8842,0.0084968,0.99322,,Mast,UC_vs_HC
ZNF778,0.34706,0.33137,1.2418,0.26684,0.78959,,Mast,UC_vs_HC
ANKRD11,4.8202,-0.33933,0.56938,-0.59597,0.5512,0.99956,Mast,UC_vs_HC
AC137932.3,0.46523,-0.62573,1.4153,-0.44213,0.65839,,Mast,UC_vs_HC
SPG7,2.9472,0.32326,0.61986,0.52151,0.60201,0.99956,Mast,UC_vs_HC
AC092123.1,0.051171,0.51223,3.1431,0.16297,0.87054,,Mast,UC_vs_HC
RPL13,225.59,-0.0083721,0.81141,-0.010318,0.99177,0.99956,Mast,UC_vs_HC
CPNE7,0.037456,0.73093,4.1338,0.17682,0.85965,,Mast,UC_vs_HC
CHMP1A,1.6199,-0.31933,0.8623,-0.37032,0.71115,0.99956,Mast,UC_vs_HC
SPATA33,0.43003,0.11274,1.0698,0.10538,0.91607,,Mast,UC_vs_HC
CDK10,1.3895,-1.0869,1.1092,-0.97993,0.32712,0.99956,Mast,UC_vs_HC
LINC02166,0.075058,1.3326,4.0556,0.32858,0.74247,,Mast,UC_vs_HC
SPATA2L,0.71277,1.2089,1.5571,0.77633,0.43755,,Mast,UC_vs_HC
VPS9D1,0.49654,0.93962,1.3399,0.70123,0.48316,,Mast,UC_vs_HC
ZNF276,0.85003,0.59123,0.96172,0.61476,0.53871,,Mast,UC_vs_HC
FANCA,0.38256,0.41843,1.4226,0.29413,0.76866,,Mast,UC_vs_HC
SPIRE2,0.026346,1.1367,4.0708,0.27924,0.78006,,Mast,UC_vs_HC
TCF25,17.88,-0.13553,0.26909,-0.50365,0.61451,0.99956,Mast,UC_vs_HC
MC1R,0.026237,0.024139,4.0722,0.0059277,0.99527,,Mast,UC_vs_HC
TUBB3,0.097449,0.73069,4.1338,0.17676,0.8597,,Mast,UC_vs_HC
DEF8,1.3826,-1.1818,0.77357,-1.5277,0.12659,0.99956,Mast,UC_vs_HC
CENPBD1,0.081648,0.071974,3.5058,0.02053,0.98362,,Mast,UC_vs_HC
DBNDD1,0.026237,0.024139,4.0722,0.0059277,0.99527,,Mast,UC_vs_HC
GAS8,0.19377,0.48343,1.3344,0.36229,0.71714,,Mast,UC_vs_HC
FAM157C,0.24224,-1.2962,1.3928,-0.93064,0.35204,,Mast,UC_vs_HC
AC133919.1,0.1152,1.2697,2.173,0.58429,0.55902,,Mast,UC_vs_HC
LINC02193,0.090802,1.4471,2.1672,0.66772,0.50431,,Mast,UC_vs_HC
AC240565.1,0.097706,0.22156,3.4618,0.064002,0.94897,,Mast,UC_vs_HC
RPH3AL,0.25837,-1.0428,2.2001,-0.47399,0.63551,,Mast,UC_vs_HC
AC141424.1,0.0134,0.3681,4.0861,0.090086,0.92822,,Mast,UC_vs_HC
RFLNB,5.0282,3.9844,1.2057,3.3046,0.00095123,0.26254,Mast,UC_vs_HC
VPS53,4.1821,0.67863,0.57865,1.1728,0.24088,0.99956,Mast,UC_vs_HC
AC015853.1,0.039522,0.59268,4.1488,0.14286,0.8864,,Mast,UC_vs_HC
FAM57A,0.47551,-0.39468,1.7461,-0.22603,0.82118,,Mast,UC_vs_HC
GEMIN4,0.40921,-0.20621,1.7662,-0.11675,0.90705,,Mast,UC_vs_HC
GLOD4,3.5277,-0.54021,0.55768,-0.96867,0.33271,0.99956,Mast,UC_vs_HC
MRM3,1.2735,-0.23861,0.94845,-0.25158,0.80137,0.99956,Mast,UC_vs_HC
TIMM22,1.2332,-0.82853,0.83038,-0.99777,0.31839,0.99956,Mast,UC_vs_HC
ABR,1.2803,1.413,0.9781,1.4446,0.14857,0.99956,Mast,UC_vs_HC
YWHAE,19.291,0.033403,0.34986,0.095474,0.92394,0.99956,Mast,UC_vs_HC
CRK,3.604,0.65155,0.75257,0.86577,0.38662,0.99956,Mast,UC_vs_HC
MYO1C,1.0588,-0.23008,1.2226,-0.18819,0.85072,,Mast,UC_vs_HC
INPP5K,0.98052,0.44912,1.012,0.44378,0.6572,,Mast,UC_vs_HC
PITPNA-AS1,0.96353,0.46446,0.91748,0.50623,0.61269,,Mast,UC_vs_HC
PITPNA,0.83926,-0.53182,0.85846,-0.61951,0.53558,,Mast,UC_vs_HC
SLC43A2,0.77527,2.0175,1.0787,1.8703,0.061439,,Mast,UC_vs_HC
SCARF1,0.043662,1.1196,2.8057,0.39906,0.68985,,Mast,UC_vs_HC
RILP,0.50051,-0.12353,1.5839,-0.07799,0.93784,,Mast,UC_vs_HC
PRPF8,4.9965,-0.34312,0.50227,-0.68314,0.49452,0.99956,Mast,UC_vs_HC
TLCD2,0.37925,-0.082542,1.4341,-0.057558,0.9541,,Mast,UC_vs_HC
MIR22HG,6.3863,-0.8928,0.48693,-1.8335,0.066722,0.99956,Mast,UC_vs_HC
WDR81,0.46902,-0.1208,1.368,-0.088304,0.92963,,Mast,UC_vs_HC
SERPINF2,0.0134,0.3681,4.0861,0.090086,0.92822,,Mast,UC_vs_HC
SERPINF1,0.66154,-0.042493,0.95737,-0.044385,0.9646,,Mast,UC_vs_HC
SMYD4,0.6338,0.45303,1.1794,0.38411,0.7009,,Mast,UC_vs_HC
RPA1,0.73566,0.7327,1.0596,0.69151,0.48925,,Mast,UC_vs_HC
DPH1,0.037578,0.16073,4.0541,0.039647,0.96837,,Mast,UC_vs_HC
AC090617.5,0.06025,0.16073,4.0541,0.039647,0.96837,,Mast,UC_vs_HC
HIC1,0.47863,0.62274,1.123,0.55451,0.57923,,Mast,UC_vs_HC
SMG6,1.1671,-0.58711,0.81307,-0.72209,0.47024,0.99956,Mast,UC_vs_HC
SRR,0.17346,0.71685,2.4797,0.28909,0.77251,,Mast,UC_vs_HC
TSR1,1.9331,-1.1903,0.78714,-1.5122,0.13049,0.99956,Mast,UC_vs_HC
SGSM2,0.97158,-0.015763,1.0382,-0.015182,0.98789,,Mast,UC_vs_HC
MNT,1.1286,0.14592,0.95365,0.15301,0.87839,0.99956,Mast,UC_vs_HC
METTL16,1.0253,0.87358,0.93949,0.92984,0.35245,,Mast,UC_vs_HC
PAFAH1B1,7.6404,0.63366,0.38956,1.6266,0.10382,0.99956,Mast,UC_vs_HC
CLUH,0.11998,0.29998,1.8186,0.16495,0.86898,,Mast,UC_vs_HC
AC005696.1,0.064474,0.59268,4.1488,0.14286,0.8864,,Mast,UC_vs_HC
RAP1GAP2,0.88783,-0.77809,0.86277,-0.90185,0.36714,,Mast,UC_vs_HC
ASPA,0.037578,0.16073,4.0541,0.039647,0.96837,,Mast,UC_vs_HC
TRPV1,0.097449,0.73069,4.1338,0.17676,0.8597,,Mast,UC_vs_HC
SHPK,0.19393,-0.95366,2.3989,-0.39754,0.69097,,Mast,UC_vs_HC
CTNS,1.1875,0.61074,0.95154,0.64184,0.52097,0.99956,Mast,UC_vs_HC
TAX1BP3,1.2387,0.13138,0.78624,0.16709,0.8673,0.99956,Mast,UC_vs_HC
EMC6,4.1019,1.0619,1.0225,1.0386,0.29899,0.99956,Mast,UC_vs_HC
P2RX5,0.19096,-0.24188,1.6905,-0.14309,0.88622,,Mast,UC_vs_HC
ITGAE,3.3818,-0.60234,0.48702,-1.2368,0.21616,0.99956,Mast,UC_vs_HC
HASPIN,0.032128,0.40025,2.7752,0.14423,0.88532,,Mast,UC_vs_HC
NCBP3,2.6258,0.22879,0.56724,0.40335,0.68669,0.99956,Mast,UC_vs_HC
CAMKK1,0.77666,-0.00067304,0.9826,-0.00068496,0.99945,,Mast,UC_vs_HC
P2RX1,9.6421,-0.50517,0.34474,-1.4654,0.14282,0.99956,Mast,UC_vs_HC
ATP2A3,5.1631,0.23132,0.75381,0.30687,0.75894,0.99956,Mast,UC_vs_HC
ZZEF1,1.1122,0.29416,0.93204,0.31561,0.7523,,Mast,UC_vs_HC
CYB5D2,1.1036,-0.090602,1.3534,-0.066945,0.94663,,Mast,UC_vs_HC
ANKFY1,0.57255,0.4914,1.3895,0.35364,0.72361,,Mast,UC_vs_HC
UBE2G1,0.80214,-0.064339,1.1116,-0.057877,0.95385,,Mast,UC_vs_HC
SPNS3,0.064456,1.0747,3.2748,0.32817,0.74278,,Mast,UC_vs_HC
MYBBP1A,0.27038,-0.99788,1.6779,-0.59472,0.55203,,Mast,UC_vs_HC
GGT6,0.039522,0.59268,4.1488,0.14286,0.8864,,Mast,UC_vs_HC
PELP1,0.97639,-0.82504,1.0166,-0.8116,0.41702,,Mast,UC_vs_HC
ARRB2,4.9628,-0.52437,0.53071,-0.98806,0.32312,0.99956,Mast,UC_vs_HC
MED11,1.9484,-0.28871,0.64598,-0.44693,0.65492,0.99956,Mast,UC_vs_HC
CXCL16,3.6736,-0.060738,0.54273,-0.11191,0.91089,0.99956,Mast,UC_vs_HC
ZMYND15,0.051733,0.56404,2.8707,0.19648,0.84423,,Mast,UC_vs_HC
VMO1,0.28887,-0.27354,1.9008,-0.14391,0.88557,,Mast,UC_vs_HC
PSMB6,14.644,0.54819,0.27671,1.9811,0.04758,0.94764,Mast,UC_vs_HC
AC233723.1,0.0134,0.3681,4.0861,0.090086,0.92822,,Mast,UC_vs_HC
PLD2,0.54426,1.3486,1.4742,0.91481,0.36029,,Mast,UC_vs_HC
MINK1,0.71628,-1.297,1.1886,-1.0912,0.27517,,Mast,UC_vs_HC
CHRNE,1.2253,-0.97502,1.0278,-0.94867,0.34279,0.99956,Mast,UC_vs_HC
C17orf107,1.4831,0.1542,1.009,0.15283,0.87853,0.99956,Mast,UC_vs_HC
GP1BA,0.1949,0.79738,4.1294,0.1931,0.84688,,Mast,UC_vs_HC
SLC25A11,3.0135,0.63646,0.71104,0.89511,0.37073,0.99956,Mast,UC_vs_HC
RNF167,2.2242,0.16644,0.71007,0.2344,0.81467,0.99956,Mast,UC_vs_HC
PFN1,19.978,-0.1912,0.79015,-0.24198,0.8088,0.99956,Mast,UC_vs_HC
ENO3,0.56916,-0.24102,1.3984,-0.17235,0.86316,,Mast,UC_vs_HC
SPAG7,9.068,0.29518,0.40804,0.72341,0.46943,0.99956,Mast,UC_vs_HC
CAMTA2,0.73359,0.71502,1.2504,0.57183,0.56744,,Mast,UC_vs_HC
AC004771.3,0.13,1.6342,3.3369,0.48974,0.62432,,Mast,UC_vs_HC
INCA1,0.026237,0.024139,4.0722,0.0059277,0.99527,,Mast,UC_vs_HC
KIF1C,0.23626,0.87328,1.1927,0.73218,0.46406,,Mast,UC_vs_HC
ZFP3,0.10356,-0.17567,1.6601,-0.10582,0.91573,,Mast,UC_vs_HC
ZNF232,0.17372,1.3985,1.979,0.70667,0.47977,,Mast,UC_vs_HC
USP6,0.08611,0.46123,3.4301,0.13446,0.89304,,Mast,UC_vs_HC
ZNF594,0.08221,0.24016,3.2921,0.072951,0.94184,,Mast,UC_vs_HC
AC087500.1,0.037578,0.16073,4.0541,0.039647,0.96837,,Mast,UC_vs_HC
SCIMP,0.043089,1.2415,4.0577,0.30596,0.75964,,Mast,UC_vs_HC
RABEP1,1.3965,1.0773,0.94665,1.138,0.25512,0.99956,Mast,UC_vs_HC
NUP88,1.0758,-0.017861,0.84506,-0.021135,0.98314,,Mast,UC_vs_HC
AC015727.1,0.018728,0.70632,4.1361,0.17077,0.86441,,Mast,UC_vs_HC
RPAIN,7.426,-0.12717,0.32426,-0.39218,0.69492,0.99956,Mast,UC_vs_HC
AC004148.2,0.08221,0.24016,3.2921,0.072951,0.94184,,Mast,UC_vs_HC
C1QBP,3.0232,0.31758,1.39,0.22848,0.81927,0.99956,Mast,UC_vs_HC
DHX33,0.23863,-0.35732,1.3845,-0.25808,0.79635,,Mast,UC_vs_HC
DERL2,4.6017,0.23336,0.48182,0.48434,0.62815,0.99956,Mast,UC_vs_HC
MIS12,1.8279,1.0762,0.74788,1.4389,0.15017,0.99956,Mast,UC_vs_HC
NLRP1,0.38762,1.247,1.7944,0.69495,0.48709,,Mast,UC_vs_HC
WSCD1,0.018728,0.70632,4.1361,0.17077,0.86441,,Mast,UC_vs_HC
AIPL1,0.026346,1.1367,4.0708,0.27924,0.78006,,Mast,UC_vs_HC
PITPNM3,0.31128,-0.1395,1.6099,-0.086649,0.93095,,Mast,UC_vs_HC
KIAA0753,0.30944,1.3541,1.5067,0.89875,0.36879,,Mast,UC_vs_HC
TXNDC17,8.3963,0.42952,0.50475,0.85095,0.3948,0.99956,Mast,UC_vs_HC
MED31,2.658,-0.40966,0.58222,-0.70363,0.48167,0.99956,Mast,UC_vs_HC
C17orf100,0.074139,0.75588,3.0953,0.24421,0.80707,,Mast,UC_vs_HC
XAF1,2.6916,0.29853,0.57422,0.51989,0.60314,0.99956,Mast,UC_vs_HC
FBXO39,0.059765,0.024139,4.0722,0.0059277,0.99527,,Mast,UC_vs_HC
ALOX12-AS1,0.47023,0.92696,1.2403,0.74738,0.45484,,Mast,UC_vs_HC
AC040977.1,0.15518,0.14135,2.6699,0.052943,0.95778,,Mast,UC_vs_HC
RNASEK,3.5427,-0.63311,0.51384,-1.2321,0.21791,0.99956,Mast,UC_vs_HC
C17orf49,0.69086,-0.50867,1.4293,-0.35588,0.72193,,Mast,UC_vs_HC
SLC16A13,0.077873,0.24265,3.4481,0.070373,0.9439,,Mast,UC_vs_HC
CLEC10A,0.026346,1.1367,4.0708,0.27924,0.78006,,Mast,UC_vs_HC
ASGR1,0.0134,0.3681,4.0861,0.090086,0.92822,,Mast,UC_vs_HC
DLG4,0.24054,-0.25752,1.6097,-0.15998,0.8729,,Mast,UC_vs_HC
ACADVL,4.3922,0.2753,0.90185,0.30526,0.76017,0.99956,Mast,UC_vs_HC
DVL2,0.68124,0.57275,1.1145,0.5139,0.60732,,Mast,UC_vs_HC
PHF23,1.9794,1.7912,0.76912,2.3289,0.019862,0.78314,Mast,UC_vs_HC
GABARAP,2.1808,0.82067,0.70383,1.166,0.24361,0.99956,Mast,UC_vs_HC
CTDNEP1,2.0742,0.52946,0.86187,0.61431,0.53901,0.99956,Mast,UC_vs_HC
ELP5,2.3235,0.97067,0.67841,1.4308,0.15249,0.99956,Mast,UC_vs_HC
CLDN7,0.39298,-2.1292,1.8888,-1.1273,0.25963,,Mast,UC_vs_HC
EIF5A,10.296,0.7831,0.57951,1.3513,0.1766,0.99956,Mast,UC_vs_HC
GPS2,0.82689,0.41791,1.2426,0.33631,0.73663,,Mast,UC_vs_HC
NEURL4,0.17015,0.74521,1.7406,0.42813,0.66855,,Mast,UC_vs_HC
ACAP1,3.6081,2.57,0.80119,3.2078,0.0013377,0.31012,Mast,UC_vs_HC
KCTD11,0.17283,1.2137,2.61,0.46502,0.64192,,Mast,UC_vs_HC
TMEM256-PLSCR3,0.043089,1.2415,4.0577,0.30596,0.75964,,Mast,UC_vs_HC
TMEM256,7.5978,-0.31905,0.35585,-0.89658,0.36994,0.99956,Mast,UC_vs_HC
TMEM102,0.090066,0.66865,3.1452,0.21259,0.83165,,Mast,UC_vs_HC
CHRNB1,0.47332,-0.10996,1.1205,-0.098137,0.92182,,Mast,UC_vs_HC
ZBTB4,2.8739,0.37225,0.5891,0.6319,0.52745,0.99956,Mast,UC_vs_HC
SLC35G6,0.026237,0.024139,4.0722,0.0059277,0.99527,,Mast,UC_vs_HC
POLR2A,7.527,-1.4775,0.53341,-2.77,0.0056059,0.60071,Mast,UC_vs_HC
TNFSF12,2.4358,0.59538,1.0279,0.57923,0.56244,0.99956,Mast,UC_vs_HC
AC016876.3,0.039522,0.59268,4.1488,0.14286,0.8864,,Mast,UC_vs_HC
TNFSF13,0.037578,0.16073,4.0541,0.039647,0.96837,,Mast,UC_vs_HC
SENP3,0.14841,0.046786,1.6549,0.028271,0.97745,,Mast,UC_vs_HC
EIF4A1,12.576,-0.11529,0.45281,-0.25462,0.79902,0.99956,Mast,UC_vs_HC
CD68,4.967,-0.60174,0.5559,-1.0825,0.27904,0.99956,Mast,UC_vs_HC
AC016876.1,0.12229,-0.13679,1.5495,-0.088277,0.92966,,Mast,UC_vs_HC
MPDU1,1.491,0.15638,0.81874,0.191,0.84853,0.99956,Mast,UC_vs_HC
SOX15,0.0268,0.16572,4.0548,0.040869,0.9674,,Mast,UC_vs_HC
FXR2,0.35599,1.4254,1.2965,1.0995,0.27157,,Mast,UC_vs_HC
SAT2,9.4708,0.34036,0.31697,1.0738,0.28293,0.99956,Mast,UC_vs_HC
ATP1B2,0.059765,0.024139,4.0722,0.0059277,0.99527,,Mast,UC_vs_HC
TP53,0.89632,0.76387,1.1765,0.64929,0.51615,,Mast,UC_vs_HC
WRAP53,0.52006,-0.45319,1.2335,-0.36741,0.71332,,Mast,UC_vs_HC
EFNB3,0.026346,1.1367,4.0708,0.27924,0.78006,,Mast,UC_vs_HC
DNAH2,0.039522,0.59268,4.1488,0.14286,0.8864,,Mast,UC_vs_HC
KDM6B,47.321,-0.0094633,0.44883,-0.021084,0.98318,0.99956,Mast,UC_vs_HC
TMEM88,3.1615,-1.9123,0.9119,-2.097,0.03599,0.90299,Mast,UC_vs_HC
NAA38,10.654,-0.089072,0.40734,-0.21867,0.82691,0.99956,Mast,UC_vs_HC
CYB5D1,2.3208,-1.7127,0.80155,-2.1368,0.032616,0.89594,Mast,UC_vs_HC
CHD3,3.9275,0.80862,0.71435,1.132,0.25765,0.99956,Mast,UC_vs_HC
RNF227,0.15046,-0.1011,2.5698,-0.039341,0.96862,,Mast,UC_vs_HC
KCNAB3,0.024934,1.088,4.0829,0.26647,0.78988,,Mast,UC_vs_HC
TRAPPC1,13.461,0.050758,0.46051,0.11022,0.91223,0.99956,Mast,UC_vs_HC
CNTROB,0.70994,-0.40841,1.0335,-0.39517,0.69272,,Mast,UC_vs_HC
GUCY2D,0.10365,1.2415,4.0577,0.30596,0.75964,,Mast,UC_vs_HC
PER1,6.0479,0.0026851,0.42091,0.0063793,0.99491,0.99956,Mast,UC_vs_HC
VAMP2,11.963,-0.23972,0.44099,-0.5436,0.58672,0.99956,Mast,UC_vs_HC
TMEM107,2.6605,-0.81014,0.65187,-1.2428,0.21395,0.99956,Mast,UC_vs_HC
BORCS6,0.75948,0.51005,1.5333,0.33265,0.7394,,Mast,UC_vs_HC
AURKB,0.079159,-0.28658,2.1515,-0.1332,0.89404,,Mast,UC_vs_HC
LINC00324,0.80849,-0.79571,1.4512,-0.54833,0.58346,,Mast,UC_vs_HC
CTC1,0.55837,1.0034,1.3897,0.72206,0.47026,,Mast,UC_vs_HC
PFAS,0.41401,-0.4949,1.6495,-0.30004,0.76415,,Mast,UC_vs_HC
SLC25A35,0.21644,0.22183,1.5337,0.14464,0.885,,Mast,UC_vs_HC
RANGRF,1.6393,0.0050727,0.71625,0.0070824,0.99435,0.99956,Mast,UC_vs_HC
KRBA2,0.57223,1.2932,1.4344,0.90157,0.36729,,Mast,UC_vs_HC
RPL26,296.85,-0.14622,0.29414,-0.49711,0.61911,0.99956,Mast,UC_vs_HC
NDEL1,9.7007,-0.52032,0.43691,-1.1909,0.23369,0.99956,Mast,UC_vs_HC
MYH10,0.21716,-0.42724,1.9498,-0.21913,0.82655,,Mast,UC_vs_HC
MFSD6L,0.14636,-0.10211,2.5012,-0.040826,0.96743,,Mast,UC_vs_HC
PIK3R6,3.1275,0.032537,0.62142,0.052359,0.95824,0.99956,Mast,UC_vs_HC
PIK3R5,0.16509,0.023651,1.9885,0.011894,0.99051,,Mast,UC_vs_HC
STX8,4.13,0.026235,0.45418,0.057764,0.95394,0.99956,Mast,UC_vs_HC
USP43,0.064474,0.59268,4.1488,0.14286,0.8864,,Mast,UC_vs_HC
RCVRN,0.026237,0.024139,4.0722,0.0059277,0.99527,,Mast,UC_vs_HC
GAS7,1.8613,-0.007819,0.72858,-0.010732,0.99144,0.99956,Mast,UC_vs_HC
AC005291.1,0.026346,1.1367,4.0708,0.27924,0.78006,,Mast,UC_vs_HC
SCO1,0.68214,-0.28609,1.0586,-0.27026,0.78696,,Mast,UC_vs_HC
ADPRM,0.49785,-0.14306,1.0354,-0.13817,0.8901,,Mast,UC_vs_HC
TMEM220,3.1489,0.21822,1.0671,0.20449,0.83797,0.99956,Mast,UC_vs_HC
TMEM220-AS1,0.83711,-0.40643,1.0122,-0.40155,0.68802,,Mast,UC_vs_HC
AC015908.3,0.026237,0.024139,4.0722,0.0059277,0.99527,,Mast,UC_vs_HC
TMEM238L,0.066322,0.021243,3.4078,0.0062337,0.99503,,Mast,UC_vs_HC
AC015908.2,0.22054,-0.64405,2.075,-0.31039,0.75626,,Mast,UC_vs_HC
ZNF18,0.31712,0.62687,1.9998,0.31347,0.75393,,Mast,UC_vs_HC
MAP2K4,0.6168,-1.2916,1.8387,-0.70244,0.48241,,Mast,UC_vs_HC
ARHGAP44,0.11159,0.7888,3.2621,0.24181,0.80893,,Mast,UC_vs_HC
ELAC2,0.98995,0.031918,1.0017,0.031864,0.97458,,Mast,UC_vs_HC
AC005304.1,0.0134,0.3681,4.0861,0.090086,0.92822,,Mast,UC_vs_HC
AC005304.3,0.039522,0.59268,4.1488,0.14286,0.8864,,Mast,UC_vs_HC
COX10,0.52989,-0.12958,1.486,-0.087199,0.93051,,Mast,UC_vs_HC
AC005224.1,0.055411,0.73069,4.1338,0.17676,0.8597,,Mast,UC_vs_HC
AC005224.3,0.039522,0.59268,4.1488,0.14286,0.8864,,Mast,UC_vs_HC
PMP22,10.689,0.039532,0.3682,0.10736,0.9145,0.99956,Mast,UC_vs_HC
AC005703.3,0.039522,0.59268,4.1488,0.14286,0.8864,,Mast,UC_vs_HC
TVP23C,0.87587,0.62606,1.0294,0.60817,0.54307,,Mast,UC_vs_HC
AC005838.2,0.73292,-0.67302,1.2045,-0.55877,0.57632,,Mast,UC_vs_HC
TRIM16,0.30314,-0.56243,1.7378,-0.32365,0.74621,,Mast,UC_vs_HC
ZNF286A,0.10737,0.16073,4.0541,0.039647,0.96837,,Mast,UC_vs_HC
LINC02087,0.090819,1.025,3.4223,0.29951,0.76455,,Mast,UC_vs_HC
ADORA2B,0.57419,-0.37386,1.9129,-0.19545,0.84504,,Mast,UC_vs_HC
ZSWIM7,2.171,-0.45809,0.94895,-0.48274,0.62928,0.99956,Mast,UC_vs_HC
TTC19,3.7138,-0.051726,0.59115,-0.0875,0.93027,0.99956,Mast,UC_vs_HC
AC002553.2,0.096601,0.26735,2.2176,0.12056,0.90404,,Mast,UC_vs_HC
NCOR1,6.508,0.28133,0.55815,0.50404,0.61423,0.99956,Mast,UC_vs_HC
AC002553.1,0.21185,0.68907,1.6173,0.42608,0.67005,,Mast,UC_vs_HC
PIGL,0.55117,-0.36044,1.2614,-0.28576,0.77506,,Mast,UC_vs_HC
CENPV,0.037578,0.16073,4.0541,0.039647,0.96837,,Mast,UC_vs_HC
UBB,151.37,-0.25348,0.18165,-1.3955,0.16287,0.99956,Mast,UC_vs_HC
AC093484.2,0.095706,0.65013,3.3939,0.19156,0.84809,,Mast,UC_vs_HC
TRPV2,2.483,-0.34837,0.79053,-0.44069,0.65944,0.99956,Mast,UC_vs_HC
AC093484.4,0.059765,0.024139,4.0722,0.0059277,0.99527,,Mast,UC_vs_HC
LRRC75A,5.9586,2.7287,0.97362,2.8026,0.0050694,0.58522,Mast,UC_vs_HC
ZNF287,0.051279,1.4865,2.8551,0.52065,0.60261,,Mast,UC_vs_HC
ZNF624,0.16349,0.59138,1.7561,0.33676,0.7363,,Mast,UC_vs_HC
CCDC144A,1.1638,0.28916,0.97591,0.2963,0.767,0.99956,Mast,UC_vs_HC
AC098850.3,0.35172,-0.45979,1.3606,-0.33793,0.73542,,Mast,UC_vs_HC
AC098850.1,0.018728,0.70632,4.1361,0.17077,0.86441,,Mast,UC_vs_HC
TNFRSF13B,0.30385,0.43081,4.0171,0.10725,0.91459,,Mast,UC_vs_HC
AC104024.1,0.039522,0.59268,4.1488,0.14286,0.8864,,Mast,UC_vs_HC
MPRIP,1.0954,-0.62259,0.89638,-0.69456,0.48733,,Mast,UC_vs_HC
MPRIP-AS1,0.46466,-0.20306,2.3235,-0.087393,0.93036,,Mast,UC_vs_HC
FLCN,1.286,0.68262,0.96414,0.70801,0.47894,0.99956,Mast,UC_vs_HC
COPS3,4.5001,-0.0060762,0.48075,-0.012639,0.98992,0.99956,Mast,UC_vs_HC
NT5M,0.024934,1.088,4.0829,0.26647,0.78988,,Mast,UC_vs_HC
MED9,0.066091,1.1105,3.1849,0.34866,0.72734,,Mast,UC_vs_HC
PEMT,0.27382,-0.3557,1.5456,-0.23013,0.81799,,Mast,UC_vs_HC
RAI1,0.54464,0.22359,1.2016,0.18607,0.85239,,Mast,UC_vs_HC
SMCR5,2.6447,0.97568,0.69737,1.3991,0.16179,0.99956,Mast,UC_vs_HC
SREBF1,1.7276,2.4666,0.92236,2.6742,0.0074905,0.67077,Mast,UC_vs_HC
TOM1L2,0.52021,0.5185,1.1487,0.45138,0.65172,,Mast,UC_vs_HC
DRC3,0.17168,2.0526,2.2247,0.92265,0.35619,,Mast,UC_vs_HC
ATPAF2,1.0181,-0.69889,1.1169,-0.62572,0.5315,,Mast,UC_vs_HC
GID4,0.23564,0.085098,1.7549,0.048491,0.96133,,Mast,UC_vs_HC
DRG2,1.5229,-0.24129,0.84279,-0.2863,0.77465,0.99956,Mast,UC_vs_HC
MYO15A,0.039637,-0.23575,2.975,-0.079243,0.93684,,Mast,UC_vs_HC
AC087164.1,0.30215,1.9416,1.8507,1.0491,0.29413,,Mast,UC_vs_HC
ALKBH5,2.2982,0.49473,0.80834,0.61203,0.54052,0.99956,Mast,UC_vs_HC
FLII,2.4314,0.20444,0.68067,0.30036,0.76391,0.99956,Mast,UC_vs_HC
MIEF2,0.1625,1.3301,2.1006,0.63319,0.52661,,Mast,UC_vs_HC
TOP3A,0.31091,1.3567,1.5786,0.8594,0.39012,,Mast,UC_vs_HC
SMCR8,0.79275,0.95562,1.066,0.89642,0.37003,,Mast,UC_vs_HC
SHMT1,0.24757,0.57255,1.4565,0.39311,0.69424,,Mast,UC_vs_HC
LINC02076,0.024934,1.088,4.0829,0.26647,0.78988,,Mast,UC_vs_HC
ZNF286B,0.043089,1.2415,4.0577,0.30596,0.75964,,Mast,UC_vs_HC
TRIM16L,0.12895,0.55318,4.1573,0.13306,0.89414,,Mast,UC_vs_HC
TVP23B,1.3914,-1.6337,0.88753,-1.8407,0.065665,0.99956,Mast,UC_vs_HC
AC107982.3,0.27988,1.1067,2.2106,0.50066,0.61661,,Mast,UC_vs_HC
PRPSAP2,5.276,0.98546,0.42836,2.3006,0.021417,0.80239,Mast,UC_vs_HC
FAM83G,0.3037,-0.77732,1.5237,-0.51014,0.60996,,Mast,UC_vs_HC
GRAP,0.20963,-0.45203,1.5383,-0.29385,0.76887,,Mast,UC_vs_HC
AC007952.4,1.3214,-1.328,0.93769,-1.4162,0.15672,0.99956,Mast,UC_vs_HC
GRAPL,0.10334,0.70554,3.5653,0.19789,0.84313,,Mast,UC_vs_HC
AC007952.6,0.097449,0.73069,4.1338,0.17676,0.8597,,Mast,UC_vs_HC
EPN2,1.3436,-0.035424,1.1247,-0.031495,0.97487,0.99956,Mast,UC_vs_HC
B9D1,0.024934,1.088,4.0829,0.26647,0.78988,,Mast,UC_vs_HC
MAPK7,0.59766,0.65831,1.528,0.43082,0.6666,,Mast,UC_vs_HC
MFAP4,0.23781,-0.16922,1.9895,-0.085059,0.93221,,Mast,UC_vs_HC
SLC47A1,0.038333,0.78366,2.7327,0.28677,0.77429,,Mast,UC_vs_HC
ALDH3A2,1.5699,1.6588,0.90898,1.8249,0.068013,0.99956,Mast,UC_vs_HC
ALDH3A1,0.10737,0.16073,4.0541,0.039647,0.96837,,Mast,UC_vs_HC
ULK2,0.11545,-0.17149,2.4063,-0.071268,0.94318,,Mast,UC_vs_HC
AKAP10,0.71822,0.37284,1.3591,0.27433,0.78383,,Mast,UC_vs_HC
SPECC1,8.0995,0.033161,0.4389,0.075555,0.93977,0.99956,Mast,UC_vs_HC
LGALS9B,0.018728,0.70632,4.1361,0.17077,0.86441,,Mast,UC_vs_HC
CCDC144NL,0.1205,0.60697,2.2466,0.27017,0.78703,,Mast,UC_vs_HC
USP22,2.7712,0.51314,0.58039,0.88414,0.37662,0.99956,Mast,UC_vs_HC
AC087393.2,0.018728,0.70632,4.1361,0.17077,0.86441,,Mast,UC_vs_HC
DHRS7B,1.9335,-0.10411,0.8666,-0.12014,0.90438,0.99956,Mast,UC_vs_HC
TMEM11,2.1413,-0.65589,0.66226,-0.99038,0.32199,0.99956,Mast,UC_vs_HC
NATD1,0.42009,1.4606,1.6701,0.87454,0.38182,,Mast,UC_vs_HC
MAP2K3,6.134,0.057418,0.49178,0.11676,0.90705,0.99956,Mast,UC_vs_HC
C17orf51,0.039522,0.59268,4.1488,0.14286,0.8864,,Mast,UC_vs_HC
MTRNR2L1,5.0973,0.44632,1.4664,0.30436,0.76085,0.99956,Mast,UC_vs_HC
WSB1,21.273,-0.49503,0.40791,-1.2136,0.22491,0.99956,Mast,UC_vs_HC
KSR1,0.59508,0.83714,1.1385,0.7353,0.46216,,Mast,UC_vs_HC
LGALS9,3.7707,0.12889,0.6024,0.21396,0.83058,0.99956,Mast,UC_vs_HC
NOS2,0.026346,1.1367,4.0708,0.27924,0.78006,,Mast,UC_vs_HC
LYRM9,0.33397,-0.36615,1.2464,-0.29377,0.76893,,Mast,UC_vs_HC
NLK,2.1768,1.9769,1.3994,1.4127,0.15774,0.99956,Mast,UC_vs_HC
TMEM97,0.23272,0.025054,1.8547,0.013508,0.98922,,Mast,UC_vs_HC
IFT20,3.3964,0.033326,0.51302,0.064959,0.94821,0.99956,Mast,UC_vs_HC
TNFAIP1,0.25133,1.6949,1.4968,1.1323,0.25749,,Mast,UC_vs_HC
POLDIP2,0.66418,0.71137,1.2484,0.56981,0.5688,,Mast,UC_vs_HC
TMEM199,0.77644,-0.56547,1.0035,-0.56348,0.5731,,Mast,UC_vs_HC
SARM1,0.50382,-0.96033,1.2015,-0.79929,0.42412,,Mast,UC_vs_HC
SLC46A1,0.095943,-0.56855,1.7394,-0.32686,0.74378,,Mast,UC_vs_HC
AC005726.1,0.083202,0.61127,3.3445,0.18277,0.85498,,Mast,UC_vs_HC
UNC119,0.87091,0.23618,1.0085,0.23419,0.81484,,Mast,UC_vs_HC
PIGS,1.1266,0.44562,1.2944,0.34427,0.73065,0.99956,Mast,UC_vs_HC
ALDOC,0.476,0.15129,1.1093,0.13638,0.89152,,Mast,UC_vs_HC
SPAG5,0.34006,-0.50437,1.3856,-0.36401,0.71585,,Mast,UC_vs_HC
AC005726.5,0.32645,-0.70449,2.2073,-0.31917,0.7496,,Mast,UC_vs_HC
SGK494,0.46334,0.36128,1.4891,0.24262,0.8083,,Mast,UC_vs_HC
KIAA0100,1.4241,-0.41484,0.8752,-0.474,0.6355,0.99956,Mast,UC_vs_HC
SDF2,4.556,-0.24491,0.4355,-0.56236,0.57387,0.99956,Mast,UC_vs_HC
SUPT6H,4.4895,-0.26462,0.5316,-0.49778,0.61864,0.99956,Mast,UC_vs_HC
PROCA1,0.64241,0.54835,0.99612,0.55049,0.58199,,Mast,UC_vs_HC
RAB34,3.9616,0.27024,0.57496,0.47002,0.63834,0.99956,Mast,UC_vs_HC
RPL23A,154.97,-0.42765,0.35278,-1.2123,0.22541,0.99956,Mast,UC_vs_HC
AC010761.1,0.11388,0.84656,1.8154,0.46633,0.64098,,Mast,UC_vs_HC
TLCD1,0.052583,0.46401,3.1249,0.14849,0.88196,,Mast,UC_vs_HC
NEK8,0.99882,-0.84292,1.0652,-0.79129,0.42877,,Mast,UC_vs_HC
AC010761.2,0.13279,0.73069,4.1338,0.17676,0.8597,,Mast,UC_vs_HC
TRAF4,1.4035,1.1025,0.90742,1.2149,0.22439,0.99956,Mast,UC_vs_HC
FAM222B,1.2886,-0.32894,0.79444,-0.41405,0.67884,0.99956,Mast,UC_vs_HC
ERAL1,1.0502,-0.68252,1.2077,-0.56515,0.57197,,Mast,UC_vs_HC
FLOT2,0.83675,1.0102,1.0827,0.9331,0.35077,,Mast,UC_vs_HC
AC024267.6,0.0134,0.3681,4.0861,0.090086,0.92822,,Mast,UC_vs_HC
DHRS13,0.073164,-0.23944,3.3159,-0.07221,0.94244,,Mast,UC_vs_HC
PHF12,0.9886,0.76062,1.0426,0.72953,0.46568,,Mast,UC_vs_HC
AC024267.5,0.039522,0.59268,4.1488,0.14286,0.8864,,Mast,UC_vs_HC
PIPOX,0.097449,0.73069,4.1338,0.17676,0.8597,,Mast,UC_vs_HC
SEZ6,0.13371,0.64227,3.7185,0.17272,0.86287,,Mast,UC_vs_HC
MYO18A,0.099287,-0.030994,3.5953,-0.0086206,0.99312,,Mast,UC_vs_HC
NUFIP2,7.4292,-0.55287,0.47289,-1.1691,0.24235,0.99956,Mast,UC_vs_HC
AC068025.2,0.059765,0.024139,4.0722,0.0059277,0.99527,,Mast,UC_vs_HC
TAOK1,2.059,0.40882,0.59324,0.68913,0.49074,0.99956,Mast,UC_vs_HC
ABHD15-AS1,0.018728,0.70632,4.1361,0.17077,0.86441,,Mast,UC_vs_HC
ABHD15,0.335,1.34,1.4174,0.94539,0.34446,,Mast,UC_vs_HC
TP53I13,1.2268,-0.30574,2.2378,-0.13662,0.89133,0.99956,Mast,UC_vs_HC
GIT1,0.4539,1.5155,1.3729,1.1039,0.26964,,Mast,UC_vs_HC
ANKRD13B,0.064474,0.59268,4.1488,0.14286,0.8864,,Mast,UC_vs_HC
CORO6,0.0134,0.3681,4.0861,0.090086,0.92822,,Mast,UC_vs_HC
SSH2,2.4684,0.0034153,0.63439,0.0053835,0.9957,0.99956,Mast,UC_vs_HC
AC023389.1,0.032128,0.40025,2.7752,0.14423,0.88532,,Mast,UC_vs_HC
NSRP1,4.8303,-0.35542,0.56546,-0.62856,0.52964,0.99956,Mast,UC_vs_HC
AC104984.3,0.50908,0.13739,1.2728,0.10794,0.91404,,Mast,UC_vs_HC
BLMH,2.1678,0.091622,0.87571,0.10463,0.91667,0.99956,Mast,UC_vs_HC
TMIGD1,0.050978,-0.055356,2.9247,-0.018927,0.9849,,Mast,UC_vs_HC
CPD,1.2585,1.1187,0.85526,1.3081,0.19085,0.99956,Mast,UC_vs_HC
GOSR1,5.888,0.017292,0.44917,0.038498,0.96929,0.99956,Mast,UC_vs_HC
CRLF3,1.6089,-1.4958,0.9507,-1.5733,0.11564,0.99956,Mast,UC_vs_HC
AC127024.5,0.097343,-0.54989,3.5051,-0.15689,0.87534,,Mast,UC_vs_HC
AC127024.6,0.07365,-0.053317,3.1259,-0.017057,0.98639,,Mast,UC_vs_HC
ATAD5,0.585,0.038759,1.0292,0.037658,0.96996,,Mast,UC_vs_HC
AC130324.1,0.026346,1.1367,4.0708,0.27924,0.78006,,Mast,UC_vs_HC
TEFM,0.47821,-0.20976,1.1657,-0.17993,0.85721,,Mast,UC_vs_HC
RNF135,0.25122,0.46599,1.4745,0.31604,0.75197,,Mast,UC_vs_HC
AC138207.7,0.043089,1.2415,4.0577,0.30596,0.75964,,Mast,UC_vs_HC
NF1,1.7139,1.4091,0.9336,1.5093,0.13121,0.99956,Mast,UC_vs_HC
EVI2B,6.0258,0.3195,0.57415,0.55647,0.57789,0.99956,Mast,UC_vs_HC
EVI2A,2.0869,1.4751,0.75948,1.9423,0.052099,0.96096,Mast,UC_vs_HC
RAB11FIP4,0.45381,1.9089,1.2303,1.5516,0.12076,,Mast,UC_vs_HC
COPRS,0.96759,0.59582,1.8051,0.33007,0.74135,,Mast,UC_vs_HC
UTP6,2.7608,0.35067,0.54672,0.64141,0.52126,0.99956,Mast,UC_vs_HC
SUZ12,2.9911,0.13159,0.65297,0.20153,0.84029,0.99956,Mast,UC_vs_HC
LRRC37B,0.30395,0.53887,1.4691,0.3668,0.71377,,Mast,UC_vs_HC
AC116407.2,0.34376,0.28265,1.6311,0.17329,0.86242,,Mast,UC_vs_HC
RHOT1,1.0394,2.0359,1.0604,1.9199,0.054875,,Mast,UC_vs_HC
C17orf75,0.49082,-1.4269,1.322,-1.0793,0.28043,,Mast,UC_vs_HC
ZNF207,11.913,0.22316,0.32262,0.69169,0.48913,0.99956,Mast,UC_vs_HC
AC005899.6,0.21758,1.7936,2.0074,0.89349,0.37159,,Mast,UC_vs_HC
AC005899.7,0.068811,0.43735,3.185,0.13732,0.89078,,Mast,UC_vs_HC
AC005899.8,0.037578,0.16073,4.0541,0.039647,0.96837,,Mast,UC_vs_HC
PSMD11,6.5328,-0.16373,0.43699,-0.37468,0.7079,0.99956,Mast,UC_vs_HC
CDK5R1,0.055411,0.73069,4.1338,0.17676,0.8597,,Mast,UC_vs_HC
MYO1D,0.65865,1.0318,1.117,0.92375,0.35562,,Mast,UC_vs_HC
AC084809.2,0.08611,0.46123,3.4301,0.13446,0.89304,,Mast,UC_vs_HC
TMEM98,0.20783,-0.73369,1.6653,-0.44057,0.65953,,Mast,UC_vs_HC
SPACA3,0.5569,-0.17883,1.388,-0.12884,0.89748,,Mast,UC_vs_HC
CCL2,5.3092,-2.9644,1.0277,-2.8845,0.0039208,0.52849,Mast,UC_vs_HC
CCL13,0.12077,-0.051155,3.397,-0.015059,0.98799,,Mast,UC_vs_HC
CCL1,2.2957,0.85945,2.4505,0.35072,,,Mast,UC_vs_HC
CCT6B,0.062512,0.55908,3.0605,0.18268,0.85505,,Mast,UC_vs_HC
ZNF830,3.869,-0.28278,0.4579,-0.61755,0.53687,0.99956,Mast,UC_vs_HC
LIG3,1.1688,0.12719,0.84729,0.15011,0.88067,0.99956,Mast,UC_vs_HC
RFFL,1.6135,0.44999,0.97846,0.4599,0.64559,0.99956,Mast,UC_vs_HC
RAD51D,0.91159,-0.63499,0.95464,-0.66517,0.50594,,Mast,UC_vs_HC
NLE1,0.039745,0.81098,2.9497,0.27494,0.78337,,Mast,UC_vs_HC
SLC35G3,0.026237,0.024139,4.0722,0.0059277,0.99527,,Mast,UC_vs_HC
AC022916.1,0.063924,0.64284,3.2536,0.19758,0.84337,,Mast,UC_vs_HC
SLFN5,6.5212,0.24166,0.49634,0.48688,0.62634,0.99956,Mast,UC_vs_HC
AC022706.1,0.6566,0.50118,1.0532,0.47586,0.63418,,Mast,UC_vs_HC
SLFN11,1.544,-0.41115,0.91491,-0.44939,0.65315,0.99956,Mast,UC_vs_HC
AC060766.4,0.051171,0.51223,3.1431,0.16297,0.87054,,Mast,UC_vs_HC
SLFN12,1.6493,0.88447,0.98832,0.89492,0.37083,0.99956,Mast,UC_vs_HC
SLFN13,0.57948,0.97598,1.5302,0.6378,0.5236,,Mast,UC_vs_HC
SLFN12L,0.078978,0.19903,3.3292,0.059784,0.95233,,Mast,UC_vs_HC
LINC02001,1.3462,1.1777,0.72366,1.6274,0.10366,0.99956,Mast,UC_vs_HC
PEX12,0.045074,1.1802,3.0256,0.39009,0.69647,,Mast,UC_vs_HC
AP2B1,4.5572,-0.33798,0.43425,-0.77832,0.43638,0.99956,Mast,UC_vs_HC
TAF15,4.7837,-0.42547,0.43903,-0.96911,0.33249,0.99956,Mast,UC_vs_HC
CCL5,3.391,1.667,1.4859,1.1219,0.2619,0.99956,Mast,UC_vs_HC
CCL23,1.0669,1.5303,0.87361,1.7517,0.079821,,Mast,UC_vs_HC
CCL18,0.097439,-0.67714,3.6152,-0.1873,0.85142,,Mast,UC_vs_HC
CCL3,0.51334,1.9989,1.4809,1.3498,0.17709,,Mast,UC_vs_HC
CCL4,66.122,1.6491,1.0602,1.5555,0.11983,0.99956,Mast,UC_vs_HC
AC243829.1,0.12238,1.1192,3.4326,0.32604,0.74439,,Mast,UC_vs_HC
CCL3L1,0.48192,0.60614,2.99,0.20272,0.83935,,Mast,UC_vs_HC
CCL4L2,12.804,1.7092,1.3321,1.2831,0.19946,0.99956,Mast,UC_vs_HC
ZNHIT3,3.6508,-0.25326,0.56387,-0.44914,0.65333,0.99956,Mast,UC_vs_HC
MYO19,0.88833,-0.20025,1.3338,-0.15014,0.88066,,Mast,UC_vs_HC
PIGW,0.039522,0.59268,4.1488,0.14286,0.8864,,Mast,UC_vs_HC
GGNBP2,6.121,0.84044,0.47586,1.7661,0.077375,0.99956,Mast,UC_vs_HC
DHRS11,0.23267,-0.39454,2.8073,-0.14054,0.88823,,Mast,UC_vs_HC
MRM1,0.077516,0.91557,2.0259,0.45194,0.65131,,Mast,UC_vs_HC
AC243830.2,0.018728,0.70632,4.1361,0.17077,0.86441,,Mast,UC_vs_HC
AATF,2.6616,0.45297,0.66885,0.67723,0.49826,0.99956,Mast,UC_vs_HC
ACACA,0.41448,0.70484,1.2611,0.55892,0.57622,,Mast,UC_vs_HC
TADA2A,0.5684,0.019423,1.0317,0.018826,0.98498,,Mast,UC_vs_HC
DUSP14,8.0067,-2.0844,0.78524,-2.6544,0.0079445,0.67077,Mast,UC_vs_HC
SYNRG,2.3157,-0.17076,0.64861,-0.26328,0.79234,0.99956,Mast,UC_vs_HC
DDX52,2.6793,0.069058,0.63408,0.10891,0.91327,0.99956,Mast,UC_vs_HC
TBC1D3L,0.13279,0.73069,4.1338,0.17676,0.8597,,Mast,UC_vs_HC
TBC1D3D,0.049867,1.3481,4.054,0.33255,0.73948,,Mast,UC_vs_HC
MRPL45,0.84372,0.45645,0.96431,0.47334,0.63597,,Mast,UC_vs_HC
SOCS7,0.46624,-1.022,1.5455,-0.66125,0.50845,,Mast,UC_vs_HC
ARHGAP23,0.026237,0.024139,4.0722,0.0059277,0.99527,,Mast,UC_vs_HC
AC006449.6,0.43008,0.91692,1.4596,0.62821,0.52986,,Mast,UC_vs_HC
AC006449.2,0.057061,0.81304,1.883,0.43178,0.6659,,Mast,UC_vs_HC
MLLT6,2.5889,0.3398,0.67674,0.50211,0.61559,0.99956,Mast,UC_vs_HC
CISD3,1.6552,0.88338,1.1033,0.80068,0.42331,0.99956,Mast,UC_vs_HC
PCGF2,0.024934,1.088,4.0829,0.26647,0.78988,,Mast,UC_vs_HC
PSMB3,12.36,0.10592,0.32331,0.32762,0.7432,0.99956,Mast,UC_vs_HC
PIP4K2B,0.49737,0.49711,1.1017,0.45122,0.65183,,Mast,UC_vs_HC
CWC25,6.789,-0.073588,0.44134,-0.16674,0.86758,0.99956,Mast,UC_vs_HC
RPL23,126.86,-0.26024,0.32554,-0.7994,0.42406,0.99956,Mast,UC_vs_HC
LASP1,4.6143,0.12983,0.57461,0.22594,0.82125,0.99956,Mast,UC_vs_HC
AC006441.1,0.024934,1.088,4.0829,0.26647,0.78988,,Mast,UC_vs_HC
LINC00672,1.0456,0.9306,0.98277,0.94692,0.34368,,Mast,UC_vs_HC
RPL19,344.12,-0.072883,0.21299,-0.34219,0.73221,0.99956,Mast,UC_vs_HC
STAC2,0.026346,1.1367,4.0708,0.27924,0.78006,,Mast,UC_vs_HC
FBXL20,0.88587,-0.35809,0.92844,-0.38569,0.69972,,Mast,UC_vs_HC
MED1,1.4251,0.429,0.70756,0.60631,0.54431,0.99956,Mast,UC_vs_HC
CDK12,3.8366,0.56475,0.57094,0.98915,0.32259,0.99956,Mast,UC_vs_HC
AC009283.1,0.13279,0.73069,4.1338,0.17676,0.8597,,Mast,UC_vs_HC
PPP1R1B,0.091893,-0.19063,2.2051,-0.086452,0.93111,,Mast,UC_vs_HC
STARD3,1.2647,0.062572,0.9928,0.063026,0.94975,0.99956,Mast,UC_vs_HC
TCAP,0.24984,0.92946,2.8618,0.32478,0.74535,,Mast,UC_vs_HC
PGAP3,0.30147,0.51919,1.4376,0.36114,0.71799,,Mast,UC_vs_HC
ERBB2,0.093763,0.23985,3.4362,0.0698,0.94435,,Mast,UC_vs_HC
MIEN1,5.6414,-0.039103,0.48777,-0.080166,0.93611,0.99956,Mast,UC_vs_HC
IKZF3,4.6373,0.48539,0.52918,0.91724,0.35902,0.99956,Mast,UC_vs_HC
GSDMB,0.1148,1.3972,2.1005,0.66517,0.50594,,Mast,UC_vs_HC
ORMDL3,0.77552,0.62509,0.89664,0.69715,0.48571,,Mast,UC_vs_HC
AC090844.2,0.026346,1.1367,4.0708,0.27924,0.78006,,Mast,UC_vs_HC
PSMD3,1.681,1.003,0.62598,1.6022,0.10911,0.99956,Mast,UC_vs_HC
MED24,0.46132,-0.48509,1.2135,-0.39974,0.68935,,Mast,UC_vs_HC
THRA,0.5453,-0.44687,1.8805,-0.23764,0.81216,,Mast,UC_vs_HC
NR1D1,0.16667,-0.40975,1.8366,-0.2231,0.82346,,Mast,UC_vs_HC
MSL1,1.2571,1.021,0.82489,1.2378,0.2158,0.99956,Mast,UC_vs_HC
CASC3,1.3971,0.03994,0.87216,0.045794,0.96347,0.99956,Mast,UC_vs_HC
WIPF2,6.7223,-0.12231,0.445,-0.27486,0.78342,0.99956,Mast,UC_vs_HC
CDC6,0.14159,1.7842,3.7081,0.48117,0.6304,,Mast,UC_vs_HC
RARA,8.1202,0.54997,0.56801,0.96823,0.33293,0.99956,Mast,UC_vs_HC
RARA-AS1,0.34855,0.84548,1.566,0.53991,0.58926,,Mast,UC_vs_HC
TOP2A,0.53252,0.49018,4.0951,0.1197,0.90472,,Mast,UC_vs_HC
IGFBP4,0.13482,0.70664,3.7516,0.18836,0.8506,,Mast,UC_vs_HC
CCR7,0.42486,0.28047,2.4587,0.11407,0.90918,,Mast,UC_vs_HC
SMARCE1,3.3596,-0.071466,0.53157,-0.13444,0.89305,0.99956,Mast,UC_vs_HC
AC073508.3,0.039522,0.59268,4.1488,0.14286,0.8864,,Mast,UC_vs_HC
KRT10,7.7505,1.1134,1.3405,0.83059,0.40621,0.99956,Mast,UC_vs_HC
TMEM99,0.44065,-0.41823,1.2988,-0.32201,0.74745,,Mast,UC_vs_HC
KRT20,0.90991,0.057219,1.8606,0.030753,0.97547,,Mast,UC_vs_HC
KRT19,6.1943,0.065357,0.86226,0.075797,0.93958,0.99956,Mast,UC_vs_HC
EIF1,286.61,-0.73491,0.22503,-3.2659,0.0010913,0.27501,Mast,UC_vs_HC
HAP1,0.037578,0.16073,4.0541,0.039647,0.96837,,Mast,UC_vs_HC
JUP,1.1,0.10711,0.89953,0.11908,0.90521,,Mast,UC_vs_HC
P3H4,0.051171,0.51223,3.1431,0.16297,0.87054,,Mast,UC_vs_HC
FKBP10,0.17871,2.0302,3.5712,0.56849,0.56971,,Mast,UC_vs_HC
NT5C3B,0.68296,0.41348,1.1901,0.34742,0.72828,,Mast,UC_vs_HC
KLHL11,0.087323,1.3759,3.0939,0.44472,0.65652,,Mast,UC_vs_HC
ACLY,2.0594,1.26,0.77067,1.6349,0.10207,0.99956,Mast,UC_vs_HC
TTC25,0.043089,1.2415,4.0577,0.30596,0.75964,,Mast,UC_vs_HC
CNP,0.87753,0.18137,1.0386,0.17463,0.86137,,Mast,UC_vs_HC
DNAJC7,9.2078,0.21347,0.35037,0.60926,0.54235,0.99956,Mast,UC_vs_HC
NKIRAS2,0.96875,1.2136,1.1266,1.0773,0.28135,,Mast,UC_vs_HC
C17orf113,0.0134,0.3681,4.0861,0.090086,0.92822,,Mast,UC_vs_HC
DHX58,0.23202,-0.21802,1.8583,-0.11732,0.90661,,Mast,UC_vs_HC
KAT2A,0.50299,1.3945,2.0138,0.6925,0.48863,,Mast,UC_vs_HC
HSPB9,0.064474,0.59268,4.1488,0.14286,0.8864,,Mast,UC_vs_HC
RAB5C,4.9777,-0.20291,0.42545,-0.47693,0.63341,0.99956,Mast,UC_vs_HC
HCRT,0.018728,0.70632,4.1361,0.17077,0.86441,,Mast,UC_vs_HC
GHDC,1.1032,-1.3705,1.0326,-1.3273,0.1844,,Mast,UC_vs_HC
STAT5B,2.6191,1.3787,0.66507,2.0731,0.038165,0.90299,Mast,UC_vs_HC
AC099811.4,0.018728,0.70632,4.1361,0.17077,0.86441,,Mast,UC_vs_HC
STAT5A,2.3514,0.66316,0.83402,0.79513,0.42654,0.99956,Mast,UC_vs_HC
STAT3,11.926,-0.018512,0.35119,-0.05271,0.95796,0.99956,Mast,UC_vs_HC
CAVIN1,3.1826,-0.74098,0.78903,-0.93911,0.34767,0.99956,Mast,UC_vs_HC
ATP6V0A1,1.9323,0.07699,0.86151,0.089366,0.92879,0.99956,Mast,UC_vs_HC
NAGLU,0.62366,-0.21163,1.1695,-0.18096,0.8564,,Mast,UC_vs_HC
HSD17B1,0.090501,-0.17291,2.2702,-0.076162,0.93929,,Mast,UC_vs_HC
AC067852.2,0.089613,1.4351,1.8731,0.76617,0.44357,,Mast,UC_vs_HC
COASY,0.6908,0.62139,0.96842,0.64165,0.5211,,Mast,UC_vs_HC
MLX,1.716,0.041724,0.65926,0.06329,0.94954,0.99956,Mast,UC_vs_HC
PSMC3IP,0.062512,0.55908,3.0605,0.18268,0.85505,,Mast,UC_vs_HC
RETREG3,0.38873,-0.79272,1.7008,-0.46609,0.64115,,Mast,UC_vs_HC
TUBG1,0.89672,0.33984,1.0542,0.32238,0.74716,,Mast,UC_vs_HC
TUBG2,0.088627,0.56797,2.2137,0.25657,0.79751,,Mast,UC_vs_HC
CCR10,0.091273,0.023887,3.6038,0.0066283,0.99471,,Mast,UC_vs_HC
AC100793.2,0.14916,0.86277,2.3538,0.36655,0.71396,,Mast,UC_vs_HC
EZH1,1.0111,0.98016,1.0043,0.97597,0.32908,,Mast,UC_vs_HC
VPS25,1.637,-0.20073,0.66328,-0.30263,0.76217,0.99956,Mast,UC_vs_HC
COA3,3.9303,0.53261,0.45983,1.1583,0.24675,0.99956,Mast,UC_vs_HC
CNTD1,0.12686,1.1051,2.2924,0.48208,0.62975,,Mast,UC_vs_HC
BECN1,3.1118,0.94583,0.61526,1.5373,0.12422,0.99956,Mast,UC_vs_HC
PSME3,1.33,-0.12681,0.78116,-0.16233,0.87104,0.99956,Mast,UC_vs_HC
AOC2,0.026237,0.024139,4.0722,0.0059277,0.99527,,Mast,UC_vs_HC
AARSD1,0.24625,-1.079,1.5974,-0.67546,0.49938,,Mast,UC_vs_HC
PTGES3L,0.018728,0.70632,4.1361,0.17077,0.86441,,Mast,UC_vs_HC
RUNDC1,0.46085,-0.064012,1.851,-0.034581,0.97241,,Mast,UC_vs_HC
RPL27,79.532,-0.31861,0.26483,-1.2031,0.22895,0.99956,Mast,UC_vs_HC
IFI35,2.1568,1.2489,0.66263,1.8847,0.05947,0.98721,Mast,UC_vs_HC
VAT1,5.9799,-0.13298,0.49226,-0.27014,0.78705,0.99956,Mast,UC_vs_HC
BRCA1,0.88473,0.77507,1.2,0.64589,0.51835,,Mast,UC_vs_HC
AC060780.1,0.74718,0.50175,1.1003,0.45603,0.64837,,Mast,UC_vs_HC
NBR1,1.4558,0.060859,0.93757,0.064912,0.94824,0.99956,Mast,UC_vs_HC
TMEM106A,1.1599,0.27953,0.92606,0.30185,0.76277,0.99956,Mast,UC_vs_HC
LINC00854,0.0134,0.3681,4.0861,0.090086,0.92822,,Mast,UC_vs_HC
LINC00910,0.051279,1.4865,2.8551,0.52065,0.60261,,Mast,UC_vs_HC
ARL4D,0.46878,-0.50136,1.5852,-0.31628,0.75179,,Mast,UC_vs_HC
DHX8,1.8448,-0.29486,1.0724,-0.27496,0.78335,0.99956,Mast,UC_vs_HC
DUSP3,1.5824,0.7429,0.74303,0.99983,0.31739,0.99956,Mast,UC_vs_HC
PYY,0.0268,0.16572,4.0548,0.040869,0.9674,,Mast,UC_vs_HC
TMEM101,1.4563,0.40589,0.75841,0.53519,0.59252,0.99956,Mast,UC_vs_HC
LSM12,1.512,-0.50699,0.72095,-0.70322,0.48192,0.99956,Mast,UC_vs_HC
G6PC3,0.6828,-0.88123,1.1637,-0.7573,0.44887,,Mast,UC_vs_HC
HDAC5,0.67225,1.5472,1.4411,1.0736,0.28299,,Mast,UC_vs_HC
ASB16,0.039522,0.59268,4.1488,0.14286,0.8864,,Mast,UC_vs_HC
ASB16-AS1,1.1151,1.1896,1.4223,0.83638,0.40294,,Mast,UC_vs_HC
TMUB2,2.1394,-0.79836,0.63009,-1.2671,0.20513,0.99956,Mast,UC_vs_HC
ATXN7L3,0.78075,0.43683,0.99021,0.44115,0.65911,,Mast,UC_vs_HC
UBTF,1.5654,0.94769,1.0487,0.90368,0.36616,0.99956,Mast,UC_vs_HC
AC003102.1,0.1577,0.22224,3.7922,0.058606,0.95327,,Mast,UC_vs_HC
SLC4A1,0.039522,0.59268,4.1488,0.14286,0.8864,,Mast,UC_vs_HC
SLC25A39,3.6797,0.24081,0.59351,0.40574,0.68494,0.99956,Mast,UC_vs_HC
GRN,5.2069,0.43457,0.44434,0.97801,0.32807,0.99956,Mast,UC_vs_HC
ITGA2B,2.725,2.156,1.1557,1.8656,0.062098,0.98721,Mast,UC_vs_HC
GPATCH8,2.4752,-0.038001,0.64051,-0.05933,0.95269,0.99956,Mast,UC_vs_HC
FZD2,0.23979,-1.0107,1.6177,-0.62478,0.53212,,Mast,UC_vs_HC
CCDC43,2.3901,-0.43638,0.69958,-0.62377,0.53278,0.99956,Mast,UC_vs_HC
DBF4B,0.083861,0.35793,1.905,0.18789,0.85096,,Mast,UC_vs_HC
EFTUD2,1.6515,-0.85383,0.74624,-1.1442,0.25255,0.99956,Mast,UC_vs_HC
DCAKD,0.65803,-1.3973,1.3881,-1.0066,0.31411,,Mast,UC_vs_HC
NMT1,5.13,0.11124,0.67369,0.16512,0.86885,0.99956,Mast,UC_vs_HC
ACBD4,0.37313,0.73204,1.4268,0.51308,0.6079,,Mast,UC_vs_HC
AC142472.1,0.27136,1.6388,1.5477,1.0589,0.28967,,Mast,UC_vs_HC
HEXIM1,8.041,-0.36856,0.43719,-0.84301,0.39923,0.99956,Mast,UC_vs_HC
AC138150.1,0.27024,-0.13511,1.6962,-0.079656,0.93651,,Mast,UC_vs_HC
HEXIM2,0.33268,0.62194,1.2626,0.49258,0.62231,,Mast,UC_vs_HC
AC008105.3,3.203,-0.62499,0.64108,-0.97491,0.32961,0.99956,Mast,UC_vs_HC
FMNL1,6.4957,0.62581,0.5701,1.0977,0.27233,0.99956,Mast,UC_vs_HC
MAP3K14,0.72039,0.68779,1.1032,0.62344,0.533,,Mast,UC_vs_HC
ARHGAP27,0.88048,2.3172,1.0615,2.1829,0.029044,,Mast,UC_vs_HC
PLEKHM1,1.1036,0.017628,0.9142,0.019282,0.98462,,Mast,UC_vs_HC
AC091132.2,0.037578,0.16073,4.0541,0.039647,0.96837,,Mast,UC_vs_HC
AC091132.1,0.0134,0.3681,4.0861,0.090086,0.92822,,Mast,UC_vs_HC
AC091132.5,0.12191,0.49834,2.1124,0.23591,0.8135,,Mast,UC_vs_HC
LINC02210-CRHR1,0.10737,0.16073,4.0541,0.039647,0.96837,,Mast,UC_vs_HC
KANSL1,4.7853,0.051204,0.46121,0.11102,0.9116,0.99956,Mast,UC_vs_HC
KANSL1-AS1,1.6387,1.0805,1.2268,0.88074,0.37846,0.99956,Mast,UC_vs_HC
ARL17B,0.1248,0.20052,1.8244,0.10991,0.91248,,Mast,UC_vs_HC
LRRC37A,0.050978,-0.055356,2.9247,-0.018927,0.9849,,Mast,UC_vs_HC
LRRC37A2,0.10955,1.058,2.2803,0.46396,0.64268,,Mast,UC_vs_HC
ARL17A,0.29471,-0.42125,1.4461,-0.2913,0.77082,,Mast,UC_vs_HC
FAM215B,1.4179,-0.31331,1.3031,-0.24043,0.81,0.99956,Mast,UC_vs_HC
NSF,1.2254,0.11078,0.7564,0.14646,0.88356,0.99956,Mast,UC_vs_HC
GOSR2,1.9794,0.11773,0.63954,0.18408,0.85395,0.99956,Mast,UC_vs_HC
AC005670.2,0.052583,0.46401,3.1249,0.14849,0.88196,,Mast,UC_vs_HC
CDC27,2.183,0.071155,0.65213,0.10911,0.91311,0.99956,Mast,UC_vs_HC
MYL4,0.56719,1.4335,1.9286,0.74327,0.45732,,Mast,UC_vs_HC
ITGB3,0.24112,0.35155,2.1275,0.16524,0.86875,,Mast,UC_vs_HC
EFCAB13,0.45423,-0.25261,1.4897,-0.16957,0.86535,,Mast,UC_vs_HC
AC040934.1,0.097449,0.73069,4.1338,0.17676,0.8597,,Mast,UC_vs_HC
NPEPPS,2.8905,1.1645,0.71997,1.6174,0.10579,0.99956,Mast,UC_vs_HC
AC025682.1,0.037456,0.73093,4.1338,0.17682,0.85965,,Mast,UC_vs_HC
KPNB1,5.8757,0.30325,0.52744,0.57494,0.56533,0.99956,Mast,UC_vs_HC
TBKBP1,0.026346,1.1367,4.0708,0.27924,0.78006,,Mast,UC_vs_HC
OSBPL7,0.35311,-0.054256,1.6716,-0.032458,0.97411,,Mast,UC_vs_HC
MRPL10,0.86047,-0.51183,1.0194,-0.50211,0.61559,,Mast,UC_vs_HC
SCRN2,1.279,0.31959,0.83403,0.38318,0.70158,0.99956,Mast,UC_vs_HC
SP2,0.3613,-0.22063,1.4724,-0.14985,0.88088,,Mast,UC_vs_HC
SP2-AS1,0.1891,0.25845,2.4735,0.10449,0.91678,,Mast,UC_vs_HC
PNPO,0.46951,0.29479,1.4427,0.20433,0.83809,,Mast,UC_vs_HC
CDK5RAP3,6.603,0.99401,0.47477,2.0937,0.036289,0.90299,Mast,UC_vs_HC
COPZ2,0.34564,0.32214,2.0557,0.15671,0.87548,,Mast,UC_vs_HC
NFE2L1,1.2708,-0.1883,0.78979,-0.23841,0.81156,0.99956,Mast,UC_vs_HC
CBX1,2.0786,-0.35789,0.69861,-0.51229,0.60845,0.99956,Mast,UC_vs_HC
SNX11,0.8915,0.07194,0.89172,0.080676,0.9357,,Mast,UC_vs_HC
SKAP1,8.2621,0.24352,0.72553,0.33564,0.73714,0.99956,Mast,UC_vs_HC
SKAP1-AS1,0.11716,1.3193,3.5191,0.3749,0.70773,,Mast,UC_vs_HC
AC090627.1,0.0134,0.3681,4.0861,0.090086,0.92822,,Mast,UC_vs_HC
HOXB2,1.1513,-0.010811,1.2132,-0.0089108,0.99289,0.99956,Mast,UC_vs_HC
HOXB-AS1,0.9948,0.62126,0.86925,0.71471,0.47479,,Mast,UC_vs_HC
HOXB3,0.27828,2.2191,1.4602,1.5197,0.12858,,Mast,UC_vs_HC
HOXB-AS3,0.12623,1.0683,2.2376,0.47742,0.63306,,Mast,UC_vs_HC
HOXB4,0.52504,0.63894,1.3258,0.48193,0.62985,,Mast,UC_vs_HC
HOXB5,0.018728,0.70632,4.1361,0.17077,0.86441,,Mast,UC_vs_HC
HOXB6,0.51707,0.51847,1.3871,0.37379,0.70856,,Mast,UC_vs_HC
HOXB7,0.23533,1.5359,2.013,0.76299,0.44547,,Mast,UC_vs_HC
HOXB9,0.059765,0.024139,4.0722,0.0059277,0.99527,,Mast,UC_vs_HC
AC103702.2,0.13279,0.73069,4.1338,0.17676,0.8597,,Mast,UC_vs_HC
PRAC1,0.077778,-0.32405,3.0596,-0.10591,0.91565,,Mast,UC_vs_HC
HOXB13,0.043089,1.2415,4.0577,0.30596,0.75964,,Mast,UC_vs_HC
CALCOCO2,6.8101,-0.075123,0.41518,-0.18094,0.85641,0.99956,Mast,UC_vs_HC
ATP5MC1,15.835,0.14686,0.37205,0.39473,0.69304,0.99956,Mast,UC_vs_HC
UBE2Z,2.2283,0.57908,0.6636,0.87264,0.38286,0.99956,Mast,UC_vs_HC
SNF8,4.3688,1.1345,0.87629,1.2947,0.19542,0.99956,Mast,UC_vs_HC
GNGT2,0.051171,0.51223,3.1431,0.16297,0.87054,,Mast,UC_vs_HC
ABI3,0.15865,0.98397,2.3585,0.4172,0.67653,,Mast,UC_vs_HC
ZNF652,1.0245,-0.11221,0.85826,-0.13074,0.89598,,Mast,UC_vs_HC
PHB,6.6727,0.0069588,0.39114,0.017791,0.98581,0.99956,Mast,UC_vs_HC
NGFR,0.039745,0.81098,2.9497,0.27494,0.78337,,Mast,UC_vs_HC
SPOP,3.705,0.24548,0.57172,0.42938,0.66765,0.99956,Mast,UC_vs_HC
SLC35B1,3.0574,-0.21717,0.79789,-0.27218,0.78549,0.99956,Mast,UC_vs_HC
FAM117A,0.9659,0.5383,1.1997,0.44868,0.65366,,Mast,UC_vs_HC
KAT7,1.0998,-1.9981,1.014,-1.9705,0.048782,,Mast,UC_vs_HC
ITGA3,0.42862,-0.16031,1.2484,-0.12841,0.89783,,Mast,UC_vs_HC
PDK2,0.61209,-0.48128,1.3323,-0.36125,0.71791,,Mast,UC_vs_HC
SAMD14,0.29211,1.1274,1.6114,0.69964,0.48416,,Mast,UC_vs_HC
PPP1R9B,0.69181,0.051513,1.4036,0.036702,0.97072,,Mast,UC_vs_HC
COL1A1,0.33968,1.2005,3.2661,0.36754,0.71321,,Mast,UC_vs_HC
TMEM92,0.10365,1.2415,4.0577,0.30596,0.75964,,Mast,UC_vs_HC
XYLT2,0.071873,0.57792,2.0042,0.28836,0.77307,,Mast,UC_vs_HC
MRPL27,4.0542,0.39352,0.57543,0.68386,0.49406,0.99956,Mast,UC_vs_HC
LRRC59,4.4418,-0.61394,0.58205,-1.0548,0.29152,0.99956,Mast,UC_vs_HC
ACSF2,0.45451,1.3754,1.3231,1.0396,0.29854,,Mast,UC_vs_HC
RSAD1,1.0547,-0.29227,1.1117,-0.2629,0.79263,,Mast,UC_vs_HC
EPN3,0.018728,0.70632,4.1361,0.17077,0.86441,,Mast,UC_vs_HC
SPATA20,0.51627,-1.1123,1.2279,-0.90588,0.365,,Mast,UC_vs_HC
ABCC3,0.099964,-0.62886,3.4305,-0.18332,0.85455,,Mast,UC_vs_HC
ANKRD40,1.3929,0.54255,0.88312,0.61436,0.53898,0.99956,Mast,UC_vs_HC
AC005921.2,1.5287,0.3708,1.1573,0.32039,0.74867,0.99956,Mast,UC_vs_HC
LUC7L3,14.759,0.0080942,0.30343,0.026676,0.97872,0.99956,Mast,UC_vs_HC
LINC00483,0.0134,0.3681,4.0861,0.090086,0.92822,,Mast,UC_vs_HC
TOB1,4.6171,-0.61878,0.52355,-1.1819,0.23724,0.99956,Mast,UC_vs_HC
AC005920.1,0.052922,0.24161,3.2428,0.074505,0.94061,,Mast,UC_vs_HC
SPAG9,5.667,-0.46253,0.4646,-0.99556,0.31947,0.99956,Mast,UC_vs_HC
NME1,4.1148,1.5033,0.48701,3.0868,0.0020235,0.32441,Mast,UC_vs_HC
NME2,0.84783,-2.0101,1.496,-1.3437,0.17905,,Mast,UC_vs_HC
MBTD1,0.6818,0.32184,1.1348,0.28363,0.7767,,Mast,UC_vs_HC
UTP18,1.662,-1.529,0.90116,-1.6967,0.089745,0.99956,Mast,UC_vs_HC
TOM1L1,0.0134,0.3681,4.0861,0.090086,0.92822,,Mast,UC_vs_HC
COX11,2.0402,0.089492,0.94746,0.094455,0.92475,0.99956,Mast,UC_vs_HC
STXBP4,1.0157,-0.038014,0.86946,-0.043721,0.96513,,Mast,UC_vs_HC
MMD,0.24335,1.1815,1.8101,0.65274,0.51393,,Mast,UC_vs_HC
PCTP,1.7645,0.021691,0.88661,0.024465,0.98048,0.99956,Mast,UC_vs_HC
C17orf67,0.059765,0.024139,4.0722,0.0059277,0.99527,,Mast,UC_vs_HC
DGKE,0.088163,1.5875,2.0985,0.75652,0.44934,,Mast,UC_vs_HC
TRIM25,0.77989,0.35666,1.0472,0.34059,0.73341,,Mast,UC_vs_HC
AC015912.3,0.2858,-0.029657,1.8148,-0.016341,0.98696,,Mast,UC_vs_HC
COIL,2.3341,-0.82365,0.69677,-1.1821,0.23717,0.99956,Mast,UC_vs_HC
SCPEP1,0.87756,0.93796,1.0235,0.91647,0.35942,,Mast,UC_vs_HC
AC007114.1,0.064456,1.0747,3.2748,0.32817,0.74278,,Mast,UC_vs_HC
AKAP1,0.6171,1.0644,1.2765,0.8338,0.40439,,Mast,UC_vs_HC
AC007114.2,0.23038,-0.91359,2.8984,-0.3152,0.75261,,Mast,UC_vs_HC
MSI2,6.8501,0.3302,0.4872,0.67776,0.49792,0.99956,Mast,UC_vs_HC
MRPS23,3.9504,0.22089,0.45865,0.48161,0.63009,0.99956,Mast,UC_vs_HC
VEZF1,2.7182,0.16129,0.55811,0.28899,0.77259,0.99956,Mast,UC_vs_HC
AC015813.2,0.026237,0.024139,4.0722,0.0059277,0.99527,,Mast,UC_vs_HC
AC015813.1,0.15341,-0.79927,1.8215,-0.43881,0.6608,,Mast,UC_vs_HC
SRSF1,4.4325,-0.4947,0.48643,-1.017,0.30915,0.99956,Mast,UC_vs_HC
AC015813.3,0.15721,0.068316,3.9957,0.017097,0.98636,,Mast,UC_vs_HC
DYNLL2,2.8315,-0.33212,0.66433,-0.49993,0.61712,0.99956,Mast,UC_vs_HC
MKS1,0.171,0.0056014,1.5923,0.0035177,0.99719,,Mast,UC_vs_HC
LPO,0.026237,0.024139,4.0722,0.0059277,0.99527,,Mast,UC_vs_HC
TSPOAP1,0.10918,1.4129,2.0223,0.69866,0.48477,,Mast,UC_vs_HC
TSPOAP1-AS1,0.35785,1.2933,1.9033,0.6795,0.49682,,Mast,UC_vs_HC
AC004687.1,5.0798,0.22364,0.57933,0.38603,0.69947,0.99956,Mast,UC_vs_HC
SUPT4H1,8.8409,-0.34697,0.351,-0.98852,0.3229,0.99956,Mast,UC_vs_HC
RNF43,0.17494,-0.6921,4.0126,-0.17248,0.86306,,Mast,UC_vs_HC
MTMR4,0.92001,-1.058,1.1345,-0.93264,0.35101,,Mast,UC_vs_HC
SEPT4,0.06025,0.16073,4.0541,0.039647,0.96837,,Mast,UC_vs_HC
TEX14,0.35255,-1.6309,1.559,-1.0461,0.29551,,Mast,UC_vs_HC
RAD51C,2.2596,0.28028,0.64555,0.43418,0.66416,0.99956,Mast,UC_vs_HC
TRIM37,0.34578,0.33143,1.1511,0.28791,0.77341,,Mast,UC_vs_HC
AC099850.1,0.037578,0.16073,4.0541,0.039647,0.96837,,Mast,UC_vs_HC
SKA2,2.7976,-0.91476,0.61158,-1.4957,0.13472,0.99956,Mast,UC_vs_HC
PRR11,0.25443,1.0129,2.258,0.44857,0.65374,,Mast,UC_vs_HC
SMG8,0.0134,0.3681,4.0861,0.090086,0.92822,,Mast,UC_vs_HC
GDPD1,0.086487,-0.46649,3.4066,-0.13694,0.89108,,Mast,UC_vs_HC
YPEL2,0.49897,0.91779,1.161,0.79052,0.42922,,Mast,UC_vs_HC
DHX40,0.86024,0.57278,1.0666,0.537,0.59127,,Mast,UC_vs_HC
AC091271.1,1.5947,-1.3462,0.98923,-1.3609,0.17354,0.99956,Mast,UC_vs_HC
CLTC,5.9786,0.6238,0.44138,1.4133,0.15756,0.99956,Mast,UC_vs_HC
PTRH2,1.7268,-0.21551,0.71822,-0.30006,0.76413,0.99956,Mast,UC_vs_HC
VMP1,27.004,0.096942,0.45155,0.21469,0.83001,0.99956,Mast,UC_vs_HC
TUBD1,0.58538,-0.17584,1.0783,-0.16307,0.87047,,Mast,UC_vs_HC
RPS6KB1,0.72326,0.051776,1.0845,0.047742,0.96192,,Mast,UC_vs_HC
RNFT1,2.0492,0.72295,0.70308,1.0283,0.30383,0.99956,Mast,UC_vs_HC
RNFT1-DT,0.080345,1.1224,3.1892,0.35194,0.72488,,Mast,UC_vs_HC
HEATR6,0.74881,-0.44712,0.92589,-0.48291,0.62916,,Mast,UC_vs_HC
CA4,0.071765,-0.40885,1.9685,-0.20769,0.83547,,Mast,UC_vs_HC
USP32,0.86266,0.57346,0.98184,0.58407,0.55917,,Mast,UC_vs_HC
APPBP2,1.104,-0.39339,0.90202,-0.43612,0.66275,,Mast,UC_vs_HC
PPM1D,0.63854,0.84495,1.289,0.65553,0.51212,,Mast,UC_vs_HC
BCAS3,0.61381,0.61865,1.0736,0.57622,0.56447,,Mast,UC_vs_HC
NACA2,0.15324,-0.23899,2.4769,-0.096488,0.92313,,Mast,UC_vs_HC
INTS2,0.0134,0.3681,4.0861,0.090086,0.92822,,Mast,UC_vs_HC
MED13,4.5535,-0.25485,0.57438,-0.4437,0.65726,0.99956,Mast,UC_vs_HC
METTL2A,1.0497,-0.13998,0.83779,-0.16709,0.8673,,Mast,UC_vs_HC
TLK2,1.1176,0.96626,1.0002,0.96606,0.33401,,Mast,UC_vs_HC
MRC2,0.037578,0.16073,4.0541,0.039647,0.96837,,Mast,UC_vs_HC
TANC2,0.056489,0.8828,3.1215,0.28281,0.77732,,Mast,UC_vs_HC
CYB561,1.1844,-1.3717,1.1915,-1.1512,0.24964,0.99956,Mast,UC_vs_HC
ACE,0.51174,-1.9689,1.5276,-1.2889,0.19742,,Mast,UC_vs_HC
DCAF7,4.4692,0.57637,0.57426,1.0037,0.31553,0.99956,Mast,UC_vs_HC
TACO1,0.32416,-1.287,1.6707,-0.77032,0.44111,,Mast,UC_vs_HC
MAP3K3,0.56856,0.087525,1.3214,0.066239,0.94719,,Mast,UC_vs_HC
STRADA,0.99257,-0.22024,0.96075,-0.22924,0.81868,,Mast,UC_vs_HC
LIMD2,5.6582,0.72751,0.71255,1.021,0.30726,0.99956,Mast,UC_vs_HC
CCDC47,3.7478,-0.16406,0.53493,-0.3067,0.75907,0.99956,Mast,UC_vs_HC
DDX42,2.9783,0.80063,0.59765,1.3396,0.18036,0.99956,Mast,UC_vs_HC
FTSJ3,0.80465,-0.65475,1.0584,-0.61859,0.53618,,Mast,UC_vs_HC
PSMC5,9.9022,-0.16807,0.30054,-0.55922,0.57601,0.99956,Mast,UC_vs_HC
SMARCD2,1.4356,-0.56792,0.9663,-0.58773,0.55672,0.99956,Mast,UC_vs_HC
GH1,0.064474,0.59268,4.1488,0.14286,0.8864,,Mast,UC_vs_HC
CD79B,1.4923,0.94003,0.96413,0.97501,0.32956,0.99956,Mast,UC_vs_HC
PRR29-AS1,0.10737,0.16073,4.0541,0.039647,0.96837,,Mast,UC_vs_HC
ICAM2,2.0415,0.79375,0.63139,1.2572,0.2087,0.99956,Mast,UC_vs_HC
ERN1,2.0663,0.94387,0.83046,1.1366,0.25573,0.99956,Mast,UC_vs_HC
SNHG25,1.4368,0.29009,0.98197,0.29542,0.76767,0.99956,Mast,UC_vs_HC
TEX2,0.9861,1.1397,1.2706,0.89698,0.36973,,Mast,UC_vs_HC
PECAM1,0.19323,1.859,2.5592,0.72642,0.46758,,Mast,UC_vs_HC
MILR1,1.2411,1.164,0.91397,1.2735,0.20283,0.99956,Mast,UC_vs_HC
POLG2,1.9816,-0.32358,0.74759,-0.43283,0.66514,0.99956,Mast,UC_vs_HC
DDX5,124,-0.75302,0.30228,-2.4911,0.012733,0.72228,Mast,UC_vs_HC
CEP95,1.1253,-0.50745,0.84865,-0.59795,0.54987,0.99956,Mast,UC_vs_HC
SMURF2,0.9342,-0.074574,0.97776,-0.076271,0.9392,,Mast,UC_vs_HC
AC103810.5,0.097829,-0.31323,3.3199,-0.094348,0.92483,,Mast,UC_vs_HC
GNA13,2.9283,0.024924,0.66067,0.037725,0.96991,0.99956,Mast,UC_vs_HC
AC037487.2,0.27573,-1.0237,1.7002,-0.60208,0.54712,,Mast,UC_vs_HC
RGS9,0.21953,-0.96126,1.9301,-0.49803,0.61847,,Mast,UC_vs_HC
PRKCA,2.2596,-0.54746,0.83373,-0.65665,0.51141,0.99956,Mast,UC_vs_HC
HELZ,2.9342,0.040103,0.65575,0.061156,0.95123,0.99956,Mast,UC_vs_HC
PSMD12,4.8324,-1.0363,0.62213,-1.6658,0.095754,0.99956,Mast,UC_vs_HC
PITPNC1,0.34294,1.4273,1.5734,0.90717,0.36432,,Mast,UC_vs_HC
NOL11,2.0084,0.24914,0.70126,0.35528,0.72238,0.99956,Mast,UC_vs_HC
BPTF,9.7148,-0.49431,0.43499,-1.1364,0.25581,0.99956,Mast,UC_vs_HC
C17orf58,1.0187,-0.22121,1.2494,-0.17705,0.85947,,Mast,UC_vs_HC
KPNA2,6.9235,-0.87832,0.50584,-1.7363,0.082503,0.99956,Mast,UC_vs_HC
AC005332.7,0.27087,0.23249,1.4346,0.16205,0.87126,,Mast,UC_vs_HC
AC005332.4,0.72701,0.09257,1.6267,0.056907,0.95462,,Mast,UC_vs_HC
AC005332.8,0.026346,1.1367,4.0708,0.27924,0.78006,,Mast,UC_vs_HC
AC005332.5,0.14797,-0.48833,1.9153,-0.25497,0.79875,,Mast,UC_vs_HC
AC005332.1,0.21061,0.81933,1.6011,0.51172,0.60884,,Mast,UC_vs_HC
AMZ2,1.4828,-0.43465,0.80287,-0.54137,0.58825,0.99956,Mast,UC_vs_HC
ARSG,0.98149,1.3813,1.0263,1.3458,0.17836,,Mast,UC_vs_HC
WIPI1,0.9266,1.5618,1.1301,1.382,0.16697,,Mast,UC_vs_HC
PRKAR1A,13.004,-0.1132,0.48456,-0.23362,0.81528,0.99956,Mast,UC_vs_HC
FAM20A,0.10094,0.18776,2.0529,0.091463,0.92712,,Mast,UC_vs_HC
ABCA8,0.037578,0.16073,4.0541,0.039647,0.96837,,Mast,UC_vs_HC
ABCA5,1.1235,0.080822,0.97814,0.082628,0.93415,0.99956,Mast,UC_vs_HC
MAP2K6,0.52238,-0.26454,1.0633,-0.24879,0.80352,,Mast,UC_vs_HC
KCNJ2-AS1,0.20785,1.3913,3.7948,0.36665,0.71388,,Mast,UC_vs_HC
KCNJ2,1.0184,3.5054,2.0217,1.7339,0.082937,,Mast,UC_vs_HC
SOX9,0.059765,0.024139,4.0722,0.0059277,0.99527,,Mast,UC_vs_HC
LINC00511,0.86346,-0.35322,1.0455,-0.33786,0.73547,,Mast,UC_vs_HC
SLC39A11,3.3858,0.69386,0.56359,1.2311,0.21827,0.99956,Mast,UC_vs_HC
SSTR2,2.1871,-0.068567,1.1512,-0.059563,0.9525,0.99956,Mast,UC_vs_HC
COG1,0.57559,-0.9676,1.3883,-0.69695,0.48584,,Mast,UC_vs_HC
FAM104A,1.3999,-0.16301,0.79572,-0.20486,0.83768,0.99956,Mast,UC_vs_HC
C17orf80,0.21483,-0.19379,1.8206,-0.10644,0.91523,,Mast,UC_vs_HC
CDC42EP4,0.90335,1.3346,0.97432,1.3697,0.17077,,Mast,UC_vs_HC
SDK2,0.19591,-0.32133,1.7119,-0.1877,0.85111,,Mast,UC_vs_HC
RPL38,94.648,-0.36497,0.31489,-1.159,0.24644,0.99956,Mast,UC_vs_HC
AC100786.1,0.76194,-0.39353,1.1614,-0.33885,0.73472,,Mast,UC_vs_HC
TTYH2,1.6572,0.29085,0.86889,0.33474,0.73782,0.99956,Mast,UC_vs_HC
DNAI2,0.19239,1.9567,1.8645,1.0494,0.29399,,Mast,UC_vs_HC
GPRC5C,0.36334,1.1534,1.6964,0.6799,0.49657,,Mast,UC_vs_HC
CD300A,5.853,0.51937,0.51412,1.0102,0.31239,0.99956,Mast,UC_vs_HC
CD300LB,0.10737,0.16073,4.0541,0.039647,0.96837,,Mast,UC_vs_HC
CD300C,1.5723,0.99021,1.2634,0.78376,0.43318,0.99956,Mast,UC_vs_HC
CD300E,0.026346,1.1367,4.0708,0.27924,0.78006,,Mast,UC_vs_HC
RAB37,5.6718,0.38094,0.47722,0.79825,0.42473,0.99956,Mast,UC_vs_HC
CD300LF,1.2095,0.54162,0.80269,0.67476,0.49983,0.99956,Mast,UC_vs_HC
SLC9A3R1,3.0919,-0.31857,0.6217,-0.51242,0.60835,0.99956,Mast,UC_vs_HC
NAT9,1.9451,-1.0103,0.68217,-1.4811,0.13859,0.99956,Mast,UC_vs_HC
TMEM104,0.27906,0.42041,1.4563,0.28869,0.77282,,Mast,UC_vs_HC
GRIN2C,0.11085,0.44132,3.4373,0.12839,0.89784,,Mast,UC_vs_HC
FDXR,0.27028,-0.63442,1.6883,-0.37576,0.70709,,Mast,UC_vs_HC
MRPL58,1.4615,0.2649,0.81351,0.32562,0.74471,0.99956,Mast,UC_vs_HC
KCTD2,0.2417,-0.43293,1.8314,-0.2364,0.81312,,Mast,UC_vs_HC
ATP5PD,14.151,0.20102,0.36517,0.55048,0.58199,0.99956,Mast,UC_vs_HC
SLC16A5,0.34843,-0.2266,1.6226,-0.13966,0.88893,,Mast,UC_vs_HC
ARMC7,0.30017,1.3295,1.4596,0.91089,0.36236,,Mast,UC_vs_HC
NT5C,2.9178,0.33178,1.1044,0.30043,0.76385,0.99956,Mast,UC_vs_HC
JPT1,11.724,0.40305,0.63337,0.63635,0.52455,0.99956,Mast,UC_vs_HC
SUMO2,54.008,0.12288,0.16142,0.76124,0.44651,0.99956,Mast,UC_vs_HC
NUP85,0.69504,-0.26277,1.1753,-0.22358,0.82309,,Mast,UC_vs_HC
GGA3,1.0904,0.11765,0.85103,0.13825,0.89005,,Mast,UC_vs_HC
MRPS7,3.6154,0.072356,0.55491,0.13039,0.89626,0.99956,Mast,UC_vs_HC
MIF4GD,1.2593,-0.3509,0.79772,-0.43988,0.66003,0.99956,Mast,UC_vs_HC
AC022211.2,0.050978,-0.055356,2.9247,-0.018927,0.9849,,Mast,UC_vs_HC
SLC25A19,0.86465,-0.16524,0.84652,-0.1952,0.84524,,Mast,UC_vs_HC
GRB2,5.8304,0.25435,0.49155,0.51745,0.60484,0.99956,Mast,UC_vs_HC
TMEM94,0.3349,1.1316,1.3956,0.81084,0.41746,,Mast,UC_vs_HC
TSEN54,3.8539,1.452,0.6958,2.0867,0.036913,0.90299,Mast,UC_vs_HC
LLGL2,1.2588,1.3518,0.84963,1.591,0.1116,0.99956,Mast,UC_vs_HC
MYO15B,0.94673,-0.57774,0.96899,-0.59623,0.55102,,Mast,UC_vs_HC
RECQL5,0.088749,0.015342,2.1558,0.0071168,0.99432,,Mast,UC_vs_HC
SMIM5,0.026346,1.1367,4.0708,0.27924,0.78006,,Mast,UC_vs_HC
SAP30BP,3.7218,0.16952,0.51958,0.32627,0.74422,0.99956,Mast,UC_vs_HC
AC087749.2,0.043089,1.2415,4.0577,0.30596,0.75964,,Mast,UC_vs_HC
GALK1,1.1354,0.97343,1.2693,0.7669,0.44314,0.99956,Mast,UC_vs_HC
H3F3B,442.37,-0.77301,0.25086,-3.0814,0.0020603,0.32441,Mast,UC_vs_HC
UNK,1.1195,0.49935,0.96207,0.51903,0.60374,0.99956,Mast,UC_vs_HC
UNC13D,4.1327,0.4872,0.53694,0.90737,0.36421,0.99956,Mast,UC_vs_HC
WBP2,4.4326,-0.018267,0.50332,-0.036292,0.97105,0.99956,Mast,UC_vs_HC
TRIM47,0.079268,0.65281,2.1682,0.30109,0.76335,,Mast,UC_vs_HC
TRIM65,0.16731,0.97214,2.6405,0.36817,0.71275,,Mast,UC_vs_HC
MRPL38,0.16183,-0.15946,2.3193,-0.068753,0.94519,,Mast,UC_vs_HC
FBF1,0.31611,0.5993,1.5259,0.39276,0.69449,,Mast,UC_vs_HC
ACOX1,1.1667,-0.074849,0.82585,-0.090633,0.92778,0.99956,Mast,UC_vs_HC
TEN1,1.9179,0.94557,0.68925,1.3719,0.1701,0.99956,Mast,UC_vs_HC
CDK3,0.26769,-1.1266,1.3236,-0.85119,0.39466,,Mast,UC_vs_HC
EVPL,0.72889,0.12174,1.102,0.11047,0.91203,,Mast,UC_vs_HC
SRP68,2.0978,0.054408,0.59604,0.091283,0.92727,0.99956,Mast,UC_vs_HC
EXOC7,4.6394,-0.84088,0.54789,-1.5348,0.12484,0.99956,Mast,UC_vs_HC
FOXJ1,0.19284,0.97464,1.7683,0.55116,0.58152,,Mast,UC_vs_HC
RNF157,0.037578,0.16073,4.0541,0.039647,0.96837,,Mast,UC_vs_HC
UBALD2,2.964,0.87065,0.96508,0.90215,0.36698,0.99956,Mast,UC_vs_HC
QRICH2,0.037578,0.16073,4.0541,0.039647,0.96837,,Mast,UC_vs_HC
PRPSAP1,1.7845,0.49631,0.63924,0.77641,0.43751,0.99956,Mast,UC_vs_HC
SPHK1,0.47025,1.5364,1.3769,1.1159,0.26448,,Mast,UC_vs_HC
UBE2O,0.30234,1.3658,1.3693,0.99748,0.31853,,Mast,UC_vs_HC
RHBDF2,0.38883,0.42318,1.2687,0.33357,0.73871,,Mast,UC_vs_HC
AC015802.6,0.032128,0.40025,2.7752,0.14423,0.88532,,Mast,UC_vs_HC
ST6GALNAC1,0.15152,0.75603,3.4768,0.21745,0.82786,,Mast,UC_vs_HC
AC005837.1,0.056184,0.74969,4.1322,0.18142,0.85603,,Mast,UC_vs_HC
MXRA7,0.12378,-0.23238,2.4126,-0.09632,0.92327,,Mast,UC_vs_HC
JMJD6,7.7535,-0.54029,0.52703,-1.0252,0.30529,0.99956,Mast,UC_vs_HC
METTL23,2.9392,1.2756,0.75129,1.6979,0.089535,0.99956,Mast,UC_vs_HC
SRSF2,16.899,-0.29467,0.42568,-0.69223,0.48879,0.99956,Mast,UC_vs_HC
MFSD11,1.41,0.30995,0.85411,0.3629,0.71668,0.99956,Mast,UC_vs_HC
SEC14L1,2.6243,0.25552,0.61932,0.41258,0.67991,0.99956,Mast,UC_vs_HC
SEPT9,6.3496,-0.5096,0.37943,-1.3431,0.17925,0.99956,Mast,UC_vs_HC
AC111182.1,0.10205,0.070466,3.6789,0.019154,0.98472,,Mast,UC_vs_HC
LINC01973,0.043089,1.2415,4.0577,0.30596,0.75964,,Mast,UC_vs_HC
TNRC6C,1.9807,0.31272,0.77521,0.4034,0.68666,0.99956,Mast,UC_vs_HC
TMC6,2.6241,-0.57947,0.81123,-0.7143,0.47504,0.99956,Mast,UC_vs_HC
TMC8,4.3008,-1.0683,0.64783,-1.6491,0.09913,0.99956,Mast,UC_vs_HC
C17orf99,0.11458,1.2716,3.5774,0.35545,0.72225,,Mast,UC_vs_HC
SYNGR2,4.284,0.99635,0.74574,1.3361,0.18153,0.99956,Mast,UC_vs_HC
TK1,0.11857,0.55363,4.157,0.13318,0.89405,,Mast,UC_vs_HC
AFMID,0.23411,0.53709,1.6254,0.33045,0.74106,,Mast,UC_vs_HC
BIRC5,0.23315,1.1886,4.064,0.29246,0.76994,,Mast,UC_vs_HC
AC087645.2,0.0268,0.16572,4.0548,0.040869,0.9674,,Mast,UC_vs_HC
SOCS3,1.7603,1.3399,0.87184,1.5368,0.12434,0.99956,Mast,UC_vs_HC
PGS1,0.96875,0.85685,0.95088,0.90112,0.36753,,Mast,UC_vs_HC
DNAH17,0.064474,0.59268,4.1488,0.14286,0.8864,,Mast,UC_vs_HC
LINC02081,0.075058,1.3326,4.0556,0.32858,0.74247,,Mast,UC_vs_HC
CYTH1,3.2495,1.1807,0.70578,1.6729,0.094342,0.99956,Mast,UC_vs_HC
USP36,2.2601,0.25528,0.70499,0.36211,0.71727,0.99956,Mast,UC_vs_HC
TIMP2,0.19808,1.7209,2.7141,0.63407,0.52604,,Mast,UC_vs_HC
LGALS3BP,0.17326,-0.51207,1.7887,-0.28628,0.77466,,Mast,UC_vs_HC
CANT1,0.93468,-0.39252,1.0386,-0.37794,0.70547,,Mast,UC_vs_HC
ENGASE,0.51785,-1.3215,1.1298,-1.1697,0.24214,,Mast,UC_vs_HC
CBX8,0.018728,0.70632,4.1361,0.17077,0.86441,,Mast,UC_vs_HC
CBX4,0.70594,0.20847,1.0817,0.19272,0.84717,,Mast,UC_vs_HC
LINC01978,0.10737,0.16073,4.0541,0.039647,0.96837,,Mast,UC_vs_HC
TBC1D16,0.23634,1.2589,1.4685,0.85726,0.3913,,Mast,UC_vs_HC
CCDC40,0.23694,-0.7329,1.6944,-0.43253,0.66535,,Mast,UC_vs_HC
GAA,0.17448,-0.74273,1.4477,-0.51304,0.60792,,Mast,UC_vs_HC
EIF4A3,8.0912,-1.291,0.84664,-1.5248,0.1273,0.99956,Mast,UC_vs_HC
CARD14,0.0134,0.3681,4.0861,0.090086,0.92822,,Mast,UC_vs_HC
AC087741.1,0.018728,0.70632,4.1361,0.17077,0.86441,,Mast,UC_vs_HC
SGSH,0.35254,0.44214,2.6354,0.16777,0.86677,,Mast,UC_vs_HC
SLC26A11,0.026237,0.024139,4.0722,0.0059277,0.99527,,Mast,UC_vs_HC
RNF213,5.9368,0.010905,0.4035,0.027025,0.97844,0.99956,Mast,UC_vs_HC
AC124319.2,0.20453,0.010471,1.647,0.0063575,0.99493,,Mast,UC_vs_HC
ENDOV,1.649,-0.462,0.90171,-0.51236,0.6084,0.99956,Mast,UC_vs_HC
RPTOR,0.43746,-0.93507,1.4926,-0.62647,0.53101,,Mast,UC_vs_HC
AC016245.1,0.0134,0.3681,4.0861,0.090086,0.92822,,Mast,UC_vs_HC
CHMP6,0.77494,0.24349,1.0685,0.22787,0.81975,,Mast,UC_vs_HC
BAIAP2-DT,0.0134,0.3681,4.0861,0.090086,0.92822,,Mast,UC_vs_HC
BAIAP2,1.2391,-0.56509,0.83139,-0.67969,0.4967,0.99956,Mast,UC_vs_HC
AATK,0.086487,-0.46649,3.4066,-0.13694,0.89108,,Mast,UC_vs_HC
CEP131,0.55409,-0.32327,1.6831,-0.19207,0.84769,,Mast,UC_vs_HC
TEPSIN,0.47092,0.76179,1.2004,0.63459,0.5257,,Mast,UC_vs_HC
AC027601.1,0.0134,0.3681,4.0861,0.090086,0.92822,,Mast,UC_vs_HC
NDUFAF8,2.3882,0.72233,1.3432,0.53778,0.59073,0.99956,Mast,UC_vs_HC
SLC38A10,1.9453,0.42862,0.84324,0.5083,0.61124,0.99956,Mast,UC_vs_HC
ACTG1,68.266,0.34948,0.36993,0.94472,0.3448,0.99956,Mast,UC_vs_HC
AC139149.1,0.018728,0.70632,4.1361,0.17077,0.86441,,Mast,UC_vs_HC
FAAP100,0.51095,-0.90831,1.4024,-0.64768,0.51719,,Mast,UC_vs_HC
NPLOC4,1.2394,0.19356,0.85836,0.2255,0.82159,0.99956,Mast,UC_vs_HC
TSPAN10,0.069889,0.66126,3.2782,0.20171,0.84014,,Mast,UC_vs_HC
PDE6G,0.54108,0.96759,1.5357,0.63008,0.52864,,Mast,UC_vs_HC
OXLD1,1.3278,0.36048,0.9074,0.39727,0.69117,0.99956,Mast,UC_vs_HC
CCDC137,1.0099,1.868,1.1221,1.6647,0.095971,,Mast,UC_vs_HC
ARL16,2.8027,-0.24916,0.59646,-0.41774,0.67614,0.99956,Mast,UC_vs_HC
HGS,1.8794,1.6252,0.82495,1.97,0.048836,0.95101,Mast,UC_vs_HC
AC139530.1,0.096506,-0.37972,1.9335,-0.19639,0.84431,,Mast,UC_vs_HC
MRPL12,0.42836,0.25792,1.7895,0.14413,0.8854,,Mast,UC_vs_HC
SLC25A10,0.0134,0.3681,4.0861,0.090086,0.92822,,Mast,UC_vs_HC
MCRIP1,4.0793,-0.0057834,0.6016,-0.0096133,0.99233,0.99956,Mast,UC_vs_HC
P4HB,7.618,0.63782,0.56954,1.1199,0.26276,0.99956,Mast,UC_vs_HC
ARHGDIA,9.8657,-0.22132,0.38307,-0.57775,0.56343,0.99956,Mast,UC_vs_HC
AC145207.2,0.12989,0.62538,3.5597,0.17568,0.86054,,Mast,UC_vs_HC
AC145207.5,0.19652,1.2156,1.9295,0.62998,0.52871,,Mast,UC_vs_HC
ALYREF,1.5774,1.3588,1.1182,1.2152,0.22429,0.99956,Mast,UC_vs_HC
ANAPC11,10.717,-0.24205,0.31432,-0.77006,0.44127,0.99956,Mast,UC_vs_HC
PCYT2,0.84141,0.9626,1.4341,0.6712,0.50209,,Mast,UC_vs_HC
SIRT7,2.0332,1.112,0.82292,1.3513,0.17659,0.99956,Mast,UC_vs_HC
MAFG,2.7879,-0.94128,0.75317,-1.2498,0.21139,0.99956,Mast,UC_vs_HC
MAFG-DT,0.037578,0.16073,4.0541,0.039647,0.96837,,Mast,UC_vs_HC
PYCR1,0.14318,1.1819,3.6659,0.32241,0.74714,,Mast,UC_vs_HC
ASPSCR1,0.71152,1.4663,1.2394,1.183,0.2368,,Mast,UC_vs_HC
CENPX,4.2845,-0.47031,0.49117,-0.95753,0.3383,0.99956,Mast,UC_vs_HC
LRRC45,0.1569,0.67163,2.6521,0.25325,0.80008,,Mast,UC_vs_HC
DCXR,5.3901,0.26156,0.73205,0.3573,0.72087,0.99956,Mast,UC_vs_HC
RFNG,0.45878,0.23793,1.7875,0.13311,0.89411,,Mast,UC_vs_HC
GPS1,1.7247,0.088585,0.77747,0.11394,0.90929,0.99956,Mast,UC_vs_HC
DUS1L,0.73458,-0.12461,0.98621,-0.12636,0.89945,,Mast,UC_vs_HC
FASN,0.75524,2.1195,1.954,1.0847,0.27805,,Mast,UC_vs_HC
CCDC57,2.1529,-0.56733,0.65206,-0.87005,0.38427,0.99956,Mast,UC_vs_HC
AC129510.2,0.026237,0.024139,4.0722,0.0059277,0.99527,,Mast,UC_vs_HC
SLC16A3,4.6762,0.63875,0.52708,1.2119,0.22557,0.99956,Mast,UC_vs_HC
CSNK1D,5.3586,-0.087907,0.43692,-0.2012,0.84055,0.99956,Mast,UC_vs_HC
AC132872.3,0.11247,0.84526,1.7563,0.48127,0.63032,,Mast,UC_vs_HC
AC132872.1,0.18151,0.87198,1.6581,0.52589,0.59896,,Mast,UC_vs_HC
CD7,1.9952,2.6094,1.0131,2.5756,0.010007,0.69258,Mast,UC_vs_HC
SECTM1,0.0134,0.3681,4.0861,0.090086,0.92822,,Mast,UC_vs_HC
OGFOD3,1.1142,0.70339,1.3857,0.50761,0.61173,,Mast,UC_vs_HC
HEXDC,1.3097,1.3051,1.236,1.0559,0.29101,0.99956,Mast,UC_vs_HC
CYBC1,3.182,-0.14252,0.60249,-0.23655,0.81301,0.99956,Mast,UC_vs_HC
NARF,4.2985,-0.19466,0.51235,-0.37993,0.70399,0.99956,Mast,UC_vs_HC
FOXK2,0.64168,0.16131,1.3455,0.11989,0.90457,,Mast,UC_vs_HC
AC124283.1,0.33201,0.70946,1.1947,0.59386,0.5526,,Mast,UC_vs_HC
WDR45B,8.8793,-0.48417,0.43238,-1.1198,0.26281,0.99956,Mast,UC_vs_HC
RAB40B,0.45801,-0.82681,1.6395,-0.50431,0.61405,,Mast,UC_vs_HC
FN3KRP,1.8342,-1.0828,0.72626,-1.4909,0.13598,0.99956,Mast,UC_vs_HC
FN3K,0.29397,-0.18976,1.5846,-0.11975,0.90468,,Mast,UC_vs_HC
TBCD,2.3836,-0.38377,0.60016,-0.63944,0.52254,0.99956,Mast,UC_vs_HC
B3GNTL1,0.37596,0.39492,1.7138,0.23043,0.81776,,Mast,UC_vs_HC
METRNL,3.4429,0.50237,0.79055,0.63548,0.52512,0.99956,Mast,UC_vs_HC
AC130371.2,0.024934,1.088,4.0829,0.26647,0.78988,,Mast,UC_vs_HC
AC144831.1,0.16835,1.0422,2.7093,0.38466,0.70049,,Mast,UC_vs_HC
USP14,3.4758,-0.15531,0.54038,-0.28742,0.77379,0.99956,Mast,UC_vs_HC
THOC1,2.5189,-0.22206,0.69507,-0.31948,0.74936,0.99956,Mast,UC_vs_HC
AP000845.1,0.097829,-0.31323,3.3199,-0.094348,0.92483,,Mast,UC_vs_HC
COLEC12,0.026346,1.1367,4.0708,0.27924,0.78006,,Mast,UC_vs_HC
CLUL1,0.026346,1.1367,4.0708,0.27924,0.78006,,Mast,UC_vs_HC
TYMS,0.60284,-0.59226,2.533,-0.23382,0.81513,,Mast,UC_vs_HC
ENOSF1,1.2243,-0.67852,1.1369,-0.59681,0.55064,0.99956,Mast,UC_vs_HC
YES1,2.6266,0.81549,0.95614,0.8529,0.39371,0.99956,Mast,UC_vs_HC
AP001020.3,0.23199,1.3412,1.6888,0.7942,0.42708,,Mast,UC_vs_HC
AP001020.1,0.07365,-0.053317,3.1259,-0.017057,0.98639,,Mast,UC_vs_HC
AP000894.4,0.0134,0.3681,4.0861,0.090086,0.92822,,Mast,UC_vs_HC
ADCYAP1,27.92,0.13538,1.0914,0.12404,0.90128,0.99956,Mast,UC_vs_HC
LINC00470,0.018728,0.70632,4.1361,0.17077,0.86441,,Mast,UC_vs_HC
METTL4,1.333,-0.19671,1.1051,-0.17801,0.85872,0.99956,Mast,UC_vs_HC
NDC80,0.44498,1.2073,3.2801,0.36807,0.71282,,Mast,UC_vs_HC
SMCHD1,5.3142,0.71029,0.59827,1.1872,0.23514,0.99956,Mast,UC_vs_HC
AP001011.1,0.06025,0.16073,4.0541,0.039647,0.96837,,Mast,UC_vs_HC
EMILIN2,1.981,0.69046,0.72025,0.95864,0.33774,0.99956,Mast,UC_vs_HC
LPIN2,2.2882,-0.66992,0.74384,-0.90061,0.36779,0.99956,Mast,UC_vs_HC
AP000919.4,0.14815,0.22321,2.23,0.10009,0.92027,,Mast,UC_vs_HC
AP000919.2,0.052583,0.46401,3.1249,0.14849,0.88196,,Mast,UC_vs_HC
AP000919.3,0.039522,0.59268,4.1488,0.14286,0.8864,,Mast,UC_vs_HC
MYOM1,0.19319,-0.1163,1.6414,-0.070853,0.94351,,Mast,UC_vs_HC
AP005329.3,1.2687,-2.2131,1.0668,-2.0745,0.038033,0.90299,Mast,UC_vs_HC
MYL12A,67.338,0.10441,0.21463,0.48649,0.62662,0.99956,Mast,UC_vs_HC
AP005329.1,0.088458,1.0394,3.1122,0.33397,0.7384,,Mast,UC_vs_HC
MYL12B,56.526,0.15566,0.22341,0.69674,0.48596,0.99956,Mast,UC_vs_HC
TGIF1,9.6028,-0.71104,0.90453,-0.78608,0.43182,0.99956,Mast,UC_vs_HC
GAPLINC,0.13279,0.73069,4.1338,0.17676,0.8597,,Mast,UC_vs_HC
DLGAP1-AS1,2.4282,0.48471,0.77929,0.62199,0.53395,0.99956,Mast,UC_vs_HC
DLGAP1-AS2,0.043089,1.2415,4.0577,0.30596,0.75964,,Mast,UC_vs_HC
AP002478.1,0.026346,1.1367,4.0708,0.27924,0.78006,,Mast,UC_vs_HC
DLGAP1-AS3,0.0134,0.3681,4.0861,0.090086,0.92822,,Mast,UC_vs_HC
LINC00526,0.23227,0.73716,2.962,0.24888,0.80346,,Mast,UC_vs_HC
LINC00667,1.9691,0.24235,0.62104,0.39024,0.69636,0.99956,Mast,UC_vs_HC
ZBTB14,0.24749,0.4591,2.0916,0.21949,0.82627,,Mast,UC_vs_HC
PTPRM,0.0134,0.3681,4.0861,0.090086,0.92822,,Mast,UC_vs_HC
AP001094.3,0.0134,0.3681,4.0861,0.090086,0.92822,,Mast,UC_vs_HC
RAB12,0.31965,1.1318,2.3199,0.48787,0.62564,,Mast,UC_vs_HC
MTCL1,1.1107,1.6043,1.1955,1.342,0.1796,,Mast,UC_vs_HC
NDUFV2,13.599,0.70464,0.37735,1.8673,0.061857,0.98721,Mast,UC_vs_HC
AP005899.1,0.039745,0.81098,2.9497,0.27494,0.78337,,Mast,UC_vs_HC
NDUFV2-AS1,0.31874,-0.95745,1.6196,-0.59118,0.5544,,Mast,UC_vs_HC
ANKRD12,15.396,0.029027,0.37285,0.077852,0.93795,0.99956,Mast,UC_vs_HC
TWSG1,1.098,0.0085247,0.93485,0.0091188,0.99272,,Mast,UC_vs_HC
RALBP1,3.0019,0.31947,0.87632,0.36456,0.71544,0.99956,Mast,UC_vs_HC
PPP4R1,0.95306,1.0698,1.0057,1.0638,0.28744,,Mast,UC_vs_HC
RAB31,1.4455,2.57,1.4824,1.7337,0.082971,0.99956,Mast,UC_vs_HC
AC006238.1,0.12895,0.55318,4.1573,0.13306,0.89414,,Mast,UC_vs_HC
VAPA,25.713,-0.097048,0.37656,-0.25772,0.79662,0.99956,Mast,UC_vs_HC
NAPG,3.0774,-0.28199,0.67115,-0.42016,0.67437,0.99956,Mast,UC_vs_HC
PIEZO2,0.074801,1.5534,4.034,0.38508,0.70018,,Mast,UC_vs_HC
GNAL,0.026237,0.024139,4.0722,0.0059277,0.99527,,Mast,UC_vs_HC
CHMP1B,10.409,-0.6124,0.45773,-1.3379,0.18092,0.99956,Mast,UC_vs_HC
MPPE1,2.4538,0.024846,0.64825,0.038328,0.96943,0.99956,Mast,UC_vs_HC
AP001269.4,0.0134,0.3681,4.0861,0.090086,0.92822,,Mast,UC_vs_HC
IMPA2,0.21016,1.064,1.8023,0.59035,0.55496,,Mast,UC_vs_HC
TUBB6,3.055,-1.3367,0.79261,-1.6865,0.091705,0.99956,Mast,UC_vs_HC
AFG3L2,2.0571,-0.39756,1.0174,-0.39077,0.69596,0.99956,Mast,UC_vs_HC
PRELID3A,0.018728,0.70632,4.1361,0.17077,0.86441,,Mast,UC_vs_HC
SPIRE1,0.67953,2.1449,1.3863,1.5472,0.1218,,Mast,UC_vs_HC
PSMG2,6.5067,0.15586,0.3947,0.39489,0.69292,0.99956,Mast,UC_vs_HC
CEP76,0.39088,0.33539,1.9454,0.1724,0.86312,,Mast,UC_vs_HC
PTPN2,3.8163,0.71856,0.64607,1.1122,0.26605,0.99956,Mast,UC_vs_HC
SEH1L,0.75302,-0.35874,1.0076,-0.35605,0.7218,,Mast,UC_vs_HC
AP002449.1,0.018728,0.70632,4.1361,0.17077,0.86441,,Mast,UC_vs_HC
CEP192,1.2688,0.83675,1.1064,0.75626,0.44949,0.99956,Mast,UC_vs_HC
LDLRAD4,2.8391,1.337,0.80712,1.6565,0.097628,0.99956,Mast,UC_vs_HC
FAM210A,0.6975,1.0303,1.2452,0.82746,0.40798,,Mast,UC_vs_HC
RNMT,7.0991,0.022396,0.48845,0.04585,0.96343,0.99956,Mast,UC_vs_HC
ZNF519,0.26559,-0.51544,2.6428,-0.19504,0.84536,,Mast,UC_vs_HC
ROCK1,6.0778,0.31605,0.41637,0.75906,0.44782,0.99956,Mast,UC_vs_HC
GREB1L,0.11802,0.023118,2.4344,0.0094963,0.99242,,Mast,UC_vs_HC
ESCO1,2.6092,-0.10952,0.77651,-0.14104,0.88784,0.99956,Mast,UC_vs_HC
SNRPD1,11.225,-0.32187,0.35903,-0.8965,0.36998,0.99956,Mast,UC_vs_HC
ABHD3,1.8451,-0.2769,0.85236,-0.32486,0.74529,0.99956,Mast,UC_vs_HC
MIB1,1.17,-0.91387,1.0414,-0.87754,0.3802,0.99956,Mast,UC_vs_HC
GATA6,0.037578,0.16073,4.0541,0.039647,0.96837,,Mast,UC_vs_HC
RBBP8,11.784,-0.95141,0.65413,-1.4545,0.14582,0.99956,Mast,UC_vs_HC
CABLES1,0.0268,0.16572,4.0548,0.040869,0.9674,,Mast,UC_vs_HC
TMEM241,0.28244,-0.54798,1.4186,-0.38628,0.69929,,Mast,UC_vs_HC
AC011731.1,0.0134,0.3681,4.0861,0.090086,0.92822,,Mast,UC_vs_HC
RIOK3,5.0114,0.095452,0.51171,0.18653,0.85203,0.99956,Mast,UC_vs_HC
RMC1,1.3278,-0.049234,0.89634,-0.054927,0.9562,0.99956,Mast,UC_vs_HC
NPC1,0.80457,2.1972,1.4206,1.5466,0.12196,,Mast,UC_vs_HC
TTC39C,0.10944,0.022977,2.3349,0.009841,0.99215,,Mast,UC_vs_HC
OSBPL1A,2.5419,0.65203,0.81253,0.80246,0.42228,0.99956,Mast,UC_vs_HC
AC023983.2,0.10737,0.16073,4.0541,0.039647,0.96837,,Mast,UC_vs_HC
IMPACT,2.4288,0.81527,0.70975,1.1487,0.25069,0.99956,Mast,UC_vs_HC
HRH4,0.55783,1.5208,1.8637,0.816,0.4145,,Mast,UC_vs_HC
AC007922.1,0.20637,-0.038289,1.3923,-0.027501,0.97806,,Mast,UC_vs_HC
ZNF521,2.0223,-0.23714,0.74956,-0.31637,0.75172,0.99956,Mast,UC_vs_HC
SS18,2.119,-0.7272,0.73078,-0.9951,0.31969,0.99956,Mast,UC_vs_HC
TAF4B,0.17226,0.30245,1.7308,0.17475,0.86128,,Mast,UC_vs_HC
KCTD1,0.18576,-0.62574,2.0344,-0.30758,0.7584,,Mast,UC_vs_HC
PCAT18,0.056306,0.20097,3.1229,0.064354,0.94869,,Mast,UC_vs_HC
CDH2,0.059765,0.024139,4.0722,0.0059277,0.99527,,Mast,UC_vs_HC
DSC2,0.095048,-0.17296,2.2653,-0.076353,0.93914,,Mast,UC_vs_HC
DSG2,0.08705,-0.22911,3.1221,-0.073384,0.9415,,Mast,UC_vs_HC
TRAPPC8,0.69239,0.5619,1.1691,0.4806,0.6308,,Mast,UC_vs_HC
AC022960.1,0.11566,0.22281,3.5934,0.062004,0.95056,,Mast,UC_vs_HC
AC009831.1,0.078079,0.89427,1.8902,0.4731,0.63614,,Mast,UC_vs_HC
RNF125,1.0852,1.7189,1.1465,1.4993,0.1338,,Mast,UC_vs_HC
AC011825.4,0.0134,0.3681,4.0861,0.090086,0.92822,,Mast,UC_vs_HC
RNF138,1.5242,-0.86979,0.78319,-1.1106,0.26675,0.99956,Mast,UC_vs_HC
AC011825.2,0.0134,0.3681,4.0861,0.090086,0.92822,,Mast,UC_vs_HC
GAREM1,0.082611,1.1759,3.3583,0.35015,0.72623,,Mast,UC_vs_HC
KLHL14,0.039522,0.59268,4.1488,0.14286,0.8864,,Mast,UC_vs_HC
MAPRE2,4.0073,-0.59673,0.5844,-1.0211,0.30721,0.99956,Mast,UC_vs_HC
ZNF397,1.6496,-0.72144,0.70688,-1.0206,0.30745,0.99956,Mast,UC_vs_HC
ZSCAN30,0.32918,0.32625,1.1976,0.27241,0.78531,,Mast,UC_vs_HC
AC011815.2,0.051171,0.51223,3.1431,0.16297,0.87054,,Mast,UC_vs_HC
ZNF24,5.1318,-0.20218,0.41478,-0.48744,0.62595,0.99956,Mast,UC_vs_HC
ZNF396,0.069435,1.5682,3.0225,0.51884,0.60387,,Mast,UC_vs_HC
AC007998.4,0.0134,0.3681,4.0861,0.090086,0.92822,,Mast,UC_vs_HC
INO80C,2.7924,-1.1607,0.62057,-1.8704,0.061422,0.98721,Mast,UC_vs_HC
GALNT1,1.74,0.74461,0.7417,1.0039,0.31541,0.99956,Mast,UC_vs_HC
C18orf21,1.0182,-0.80536,0.95403,-0.84417,0.39857,,Mast,UC_vs_HC
RPRD1A,1.3479,0.10019,0.83442,0.12007,0.90443,0.99956,Mast,UC_vs_HC
SLC39A6,1.5257,0.24531,0.93534,0.26227,0.79311,0.99956,Mast,UC_vs_HC
ELP2,3.1152,0.01078,0.57218,0.018841,0.98497,0.99956,Mast,UC_vs_HC
MOCOS,0.026346,1.1367,4.0708,0.27924,0.78006,,Mast,UC_vs_HC
FHOD3,0.097449,0.73069,4.1338,0.17676,0.8597,,Mast,UC_vs_HC
TPGS2,1.9608,-0.27945,0.82973,-0.33679,0.73627,0.99956,Mast,UC_vs_HC
KIAA1328,0.65676,-0.3687,1.2025,-0.30662,0.75913,,Mast,UC_vs_HC
CELF4,0.0134,0.3681,4.0861,0.090086,0.92822,,Mast,UC_vs_HC
PIK3C3,1.4958,-0.70874,0.79035,-0.89674,0.36986,0.99956,Mast,UC_vs_HC
LINC00907,0.024934,1.088,4.0829,0.26647,0.78988,,Mast,UC_vs_HC
SETBP1,0.11082,0.78553,4.13,0.1902,0.84915,,Mast,UC_vs_HC
SLC14A1,0.25974,-0.24871,2.7958,-0.088957,0.92912,,Mast,UC_vs_HC
EPG5,1.5254,-0.69418,1.0594,-0.65524,0.51232,0.99956,Mast,UC_vs_HC
PSTPIP2,4.2436,0.94842,0.46245,2.0509,0.040281,0.90299,Mast,UC_vs_HC
ATP5F1A,9.5872,0.25043,0.36033,0.695,0.48706,0.99956,Mast,UC_vs_HC
HAUS1,1.6724,-0.26433,0.71048,-0.37204,0.70986,0.99956,Mast,UC_vs_HC
C18orf25,1.4883,-0.75661,0.89044,-0.8497,0.39549,0.99956,Mast,UC_vs_HC
RNF165,0.10737,0.16073,4.0541,0.039647,0.96837,,Mast,UC_vs_HC
PIAS2,1.2573,-0.23601,0.92376,-0.25549,0.79834,0.99956,Mast,UC_vs_HC
KATNAL2,0.077873,0.24265,3.4481,0.070373,0.9439,,Mast,UC_vs_HC
HDHD2,1.1851,-0.99284,0.81001,-1.2257,0.22031,0.99956,Mast,UC_vs_HC
IER3IP1,4.4514,-0.09768,0.49012,-0.1993,0.84203,0.99956,Mast,UC_vs_HC
SMAD2,2.2736,0.54588,0.63616,0.85808,0.39085,0.99956,Mast,UC_vs_HC
CTIF,0.23799,1.3144,4.0521,0.32437,0.74566,,Mast,UC_vs_HC
SMAD7,2.1741,0.35837,0.65093,0.55055,0.58194,0.99956,Mast,UC_vs_HC
DYM,1.6226,1.1431,0.78046,1.4647,0.14301,0.99956,Mast,UC_vs_HC
C18orf32,1.0975,-0.10521,1.1016,-0.095507,0.92391,,Mast,UC_vs_HC
AC100778.3,0.086002,-0.50582,3.3405,-0.15142,0.87964,,Mast,UC_vs_HC
RPL17,11.772,-0.54291,0.55436,-0.97935,0.32741,0.99956,Mast,UC_vs_HC
LIPG,0.026346,1.1367,4.0708,0.27924,0.78006,,Mast,UC_vs_HC
ACAA2,2.6896,0.017599,0.6349,0.02772,0.97789,0.99956,Mast,UC_vs_HC
SNHG22,0.1039,-0.37094,2.2654,-0.16374,0.86994,,Mast,UC_vs_HC
MBD1,1.4758,0.48103,0.82247,0.58486,0.55864,0.99956,Mast,UC_vs_HC
CXXC1,2.1025,-0.30299,0.73149,-0.41421,0.67872,0.99956,Mast,UC_vs_HC
MRO,0.18548,1.5183,3.924,0.38693,0.69881,,Mast,UC_vs_HC
ME2,1.5205,1.5636,0.93149,1.6786,0.093223,0.99956,Mast,UC_vs_HC
ELAC1,0.43907,0.93768,1.1353,0.82596,0.40883,,Mast,UC_vs_HC
SMAD4,0.95722,-0.33314,0.99359,-0.33528,0.73741,,Mast,UC_vs_HC
MEX3C,1.4319,-0.030543,1.1246,-0.027158,0.97833,0.99956,Mast,UC_vs_HC
MBD2,1.2667,-0.60133,0.93195,-0.64523,0.51878,0.99956,Mast,UC_vs_HC
AC093462.1,0.13316,1.0531,2.1057,0.50013,0.61699,,Mast,UC_vs_HC
POLI,0.8232,-0.28097,1.0796,-0.26025,0.79467,,Mast,UC_vs_HC
C18orf54,0.20463,-0.18322,1.7053,-0.10744,0.91444,,Mast,UC_vs_HC
RAB27B,27.492,-1.5874,0.40351,-3.9339,8.3565e-05,0.048434,Mast,UC_vs_HC
AC098848.1,0.14229,0.57555,2.6802,0.21474,0.82997,,Mast,UC_vs_HC
CCDC68,0.72556,0.52584,1.3501,0.38947,0.69693,,Mast,UC_vs_HC
TCF4,0.77379,0.31336,1.1376,0.27546,0.78296,,Mast,UC_vs_HC
TXNL1,11.475,-0.043509,0.35459,-0.1227,0.90234,0.99956,Mast,UC_vs_HC
WDR7,0.84977,1.8216,1.1031,1.6513,0.098687,,Mast,UC_vs_HC
FECH,0.75849,0.011976,1.1596,0.010327,0.99176,,Mast,UC_vs_HC
AC100847.1,0.0134,0.3681,4.0861,0.090086,0.92822,,Mast,UC_vs_HC
NARS,5.1425,-0.13012,0.42169,-0.30857,0.75765,0.99956,Mast,UC_vs_HC
AC027097.1,0.29463,0.252,1.256,0.20064,0.84098,,Mast,UC_vs_HC
ATP8B1,0.099395,0.7163,2.314,0.30955,0.7569,,Mast,UC_vs_HC
NEDD4L,0.52446,0.56362,2.0946,0.26908,0.78786,,Mast,UC_vs_HC
ALPK2,0.039522,0.59268,4.1488,0.14286,0.8864,,Mast,UC_vs_HC
MALT1,4.3559,0.61282,0.56846,1.078,0.28102,0.99956,Mast,UC_vs_HC
AC104365.3,0.064474,0.59268,4.1488,0.14286,0.8864,,Mast,UC_vs_HC
LINC01926,0.018728,0.70632,4.1361,0.17077,0.86441,,Mast,UC_vs_HC
ZNF532,0.069435,1.5682,3.0225,0.51884,0.60387,,Mast,UC_vs_HC
SEC11C,9.1972,0.30602,0.50462,0.60644,0.54422,0.99956,Mast,UC_vs_HC
LMAN1,8.4098,0.12226,0.43691,0.27983,0.7796,0.99956,Mast,UC_vs_HC
CCBE1,0.11618,0.75597,3.3339,0.22675,0.82062,,Mast,UC_vs_HC
PMAIP1,2.2362,-0.98611,0.81323,-1.2126,0.22529,0.99956,Mast,UC_vs_HC
CDH20,0.026237,0.024139,4.0722,0.0059277,0.99527,,Mast,UC_vs_HC
RNF152,0.058473,0.81615,1.9836,0.41145,0.68074,,Mast,UC_vs_HC
PIGN,0.68599,1.0259,1.103,0.93009,0.35233,,Mast,UC_vs_HC
KIAA1468,0.92299,-0.3231,0.9017,-0.35832,0.7201,,Mast,UC_vs_HC
TNFRSF11A,0.059765,0.024139,4.0722,0.0059277,0.99527,,Mast,UC_vs_HC
ZCCHC2,0.72982,1.6565,1.0311,1.6066,0.10815,,Mast,UC_vs_HC
AC064801.1,0.032128,0.40025,2.7752,0.14423,0.88532,,Mast,UC_vs_HC
PHLPP1,0.19415,-0.36267,2.1229,-0.17084,0.86435,,Mast,UC_vs_HC
BCL2,1.513,1.8698,0.93998,1.9892,0.046684,0.94225,Mast,UC_vs_HC
KDSR,2.2383,-0.67346,0.66115,-1.0186,0.30838,0.99956,Mast,UC_vs_HC
AC036176.1,0.42257,0.16542,2.0254,0.081669,0.93491,,Mast,UC_vs_HC
VPS4B,5.762,-0.68204,0.48552,-1.4048,0.16009,0.99956,Mast,UC_vs_HC
SERPINB2,0.81642,2.251,2.7832,0.80878,0.41864,,Mast,UC_vs_HC
SERPINB8,0.40564,0.59325,1.0854,0.54657,0.58467,,Mast,UC_vs_HC
DSEL,0.11683,0.29509,1.7625,0.16743,0.86704,,Mast,UC_vs_HC
TMX3,1.6238,-0.26263,0.71673,-0.36642,0.71405,0.99956,Mast,UC_vs_HC
CCDC102B,0.56119,2.0809,1.3934,1.4934,0.13533,,Mast,UC_vs_HC
CD226,1.3873,0.088763,0.83049,0.10688,0.91488,0.99956,Mast,UC_vs_HC
RTTN,0.40251,0.30815,1.3936,0.22111,0.825,,Mast,UC_vs_HC
SOCS6,1.7862,-1.4626,1.0455,-1.399,0.16183,0.99956,Mast,UC_vs_HC
LINC01909,0.038333,0.78366,2.7327,0.28677,0.77429,,Mast,UC_vs_HC
FBXO15,0.059765,0.024139,4.0722,0.0059277,0.99527,,Mast,UC_vs_HC
TIMM21,0.32196,-0.24325,1.6078,-0.15129,0.87974,,Mast,UC_vs_HC
CYB5A,2.9067,-1.3041,0.64864,-2.0105,0.044374,0.92492,Mast,UC_vs_HC
CNDP2,2.1128,0.20276,0.82075,0.24704,0.80488,0.99956,Mast,UC_vs_HC
LINC00909,0.84696,-0.40277,1.0378,-0.38811,0.69793,,Mast,UC_vs_HC
ZNF407,0.66077,0.31023,1.0112,0.3068,0.759,,Mast,UC_vs_HC
AC015819.1,0.043089,1.2415,4.0577,0.30596,0.75964,,Mast,UC_vs_HC
ZADH2,0.92661,0.33137,1.2321,0.26895,0.78797,,Mast,UC_vs_HC
TSHZ1,0.2625,0.69812,1.5359,0.45454,0.64944,,Mast,UC_vs_HC
AC103808.3,0.026346,1.1367,4.0708,0.27924,0.78006,,Mast,UC_vs_HC
ZNF516,0.567,1.3715,1.3625,1.0066,0.31414,,Mast,UC_vs_HC
AC018413.1,0.018728,0.70632,4.1361,0.17077,0.86441,,Mast,UC_vs_HC
ZNF236,0.46127,1.7249,1.379,1.2508,0.21101,,Mast,UC_vs_HC
MBP,5.151,-0.26309,0.79816,-0.32962,0.74169,0.99956,Mast,UC_vs_HC
AC018529.2,0.026237,0.024139,4.0722,0.0059277,0.99527,,Mast,UC_vs_HC
GALR1,0.055411,0.73069,4.1338,0.17676,0.8597,,Mast,UC_vs_HC
ATP9B,1.4196,-0.8802,0.88764,-0.99162,0.32138,0.99956,Mast,UC_vs_HC
NFATC1,3.5074,-0.46847,0.65474,-0.71551,0.47429,0.99956,Mast,UC_vs_HC
CTDP1,0.40547,-0.62351,1.7028,-0.36617,0.71424,,Mast,UC_vs_HC
AC114341.1,0.052583,0.46401,3.1249,0.14849,0.88196,,Mast,UC_vs_HC
PQLC1,2.5095,0.032336,0.70638,0.045778,0.96349,0.99956,Mast,UC_vs_HC
HSBP1L1,0.87197,-0.052589,1.4742,-0.035673,0.97154,,Mast,UC_vs_HC
TXNL4A,3.5574,-2.5697e-05,1.0922,-2.3528e-05,0.99998,0.99998,Mast,UC_vs_HC
RBFA,1.0775,0.093335,0.84501,0.11045,0.91205,,Mast,UC_vs_HC
RBFADN,0.045074,1.1802,3.0256,0.39009,0.69647,,Mast,UC_vs_HC
ADNP2,1.6312,0.098618,1.0366,0.09514,0.9242,0.99956,Mast,UC_vs_HC
PARD6G-AS1,0.21966,0.036871,3.8736,0.0095185,0.99241,,Mast,UC_vs_HC
PARD6G,0.080345,1.1224,3.1892,0.35194,0.72488,,Mast,UC_vs_HC
AL034548.1,0.026346,1.1367,4.0708,0.27924,0.78006,,Mast,UC_vs_HC
C20orf96,0.25463,0.91902,1.5206,0.60436,0.5456,,Mast,UC_vs_HC
ZCCHC3,1.0236,-1.0941,0.80727,-1.3553,0.17533,,Mast,UC_vs_HC
NRSN2-AS1,0.13279,0.73069,4.1338,0.17676,0.8597,,Mast,UC_vs_HC
SOX12,0.084487,0.034617,2.2067,0.015687,0.98748,,Mast,UC_vs_HC
NRSN2,0.25774,-0.1091,2.2239,-0.049059,0.96087,,Mast,UC_vs_HC
TRIB3,0.2841,1.4137,1.962,0.72053,0.4712,,Mast,UC_vs_HC
RBCK1,2.7608,-0.11616,0.81575,-0.1424,0.88676,0.99956,Mast,UC_vs_HC
TBC1D20,1.3703,0.78787,0.81483,0.96691,0.33359,0.99956,Mast,UC_vs_HC
CSNK2A1,7.1452,0.2419,0.4738,0.51056,0.60966,0.99956,Mast,UC_vs_HC
FAM110A,8.6652,1.2079,0.77425,1.5601,0.11874,0.99956,Mast,UC_vs_HC
PSMF1,4.1319,-0.44034,0.46141,-0.95432,0.33992,0.99956,Mast,UC_vs_HC
TMEM74B,0.61004,0.41924,1.0507,0.39903,0.68987,,Mast,UC_vs_HC
SNPH,0.055411,0.73069,4.1338,0.17676,0.8597,,Mast,UC_vs_HC
SDCBP2,0.09464,0.40399,1.6665,0.24241,0.80846,,Mast,UC_vs_HC
SDCBP2-AS1,0.094933,0.63945,3.4398,0.1859,0.85253,,Mast,UC_vs_HC
AL136531.1,0.063924,0.64284,3.2536,0.19758,0.84337,,Mast,UC_vs_HC
FKBP1A,7.6051,0.67632,0.60811,1.1122,0.26607,0.99956,Mast,UC_vs_HC
NSFL1C,3.2139,0.15008,0.49404,0.30378,0.7613,0.99956,Mast,UC_vs_HC
AL117335.1,0.063267,1.0563,2.8691,0.36816,0.71275,,Mast,UC_vs_HC
SIRPA,0.89145,0.94446,1.0638,0.88783,0.37463,,Mast,UC_vs_HC
STK35,0.73848,1.0062,1.6434,0.61229,0.54035,,Mast,UC_vs_HC
AL121899.1,0.25599,-0.060857,1.6683,-0.036478,0.9709,,Mast,UC_vs_HC
SNRPB,14.248,-0.26941,0.26641,-1.0112,0.3119,0.99956,Mast,UC_vs_HC
NOP56,5.4608,0.054913,0.48313,0.11366,0.90951,0.99956,Mast,UC_vs_HC
IDH3B,2.6619,-0.76954,0.71683,-1.0735,0.28304,0.99956,Mast,UC_vs_HC
CPXM1,0.089407,1.073,3.4752,0.30876,0.7575,,Mast,UC_vs_HC
PCED1A,0.2702,1.2004,1.6561,0.72483,0.46856,,Mast,UC_vs_HC
VPS16,1.1802,0.016894,0.74441,0.022695,0.98189,0.99956,Mast,UC_vs_HC
PTPRA,2.0331,2.0822,0.82865,2.5128,0.011978,0.72228,Mast,UC_vs_HC
MRPS26,1.5898,-0.42519,1.1649,-0.365,0.71511,0.99956,Mast,UC_vs_HC
OXT,0.0134,0.3681,4.0861,0.090086,0.92822,,Mast,UC_vs_HC
UBOX5,0.25718,0.67759,2.3377,0.28985,0.77193,,Mast,UC_vs_HC
FASTKD5,0.96732,-0.070011,0.85917,-0.081486,0.93506,,Mast,UC_vs_HC
LZTS3,0.092444,0.17622,3.5456,0.0497,0.96036,,Mast,UC_vs_HC
DDRGK1,2.5618,0.70076,0.86416,0.81092,0.41741,0.99956,Mast,UC_vs_HC
ITPA,2.9445,0.61615,0.69445,0.88726,0.37494,0.99956,Mast,UC_vs_HC
C20orf194,0.63732,1.2423,1.1916,1.0426,0.29713,,Mast,UC_vs_HC
ATRN,0.26602,-1.0547,1.4064,-0.74995,0.45329,,Mast,UC_vs_HC
C20orf27,1.0319,0.18192,0.91129,0.19963,0.84177,,Mast,UC_vs_HC
CENPB,0.68326,0.061016,0.93467,0.065281,0.94795,,Mast,UC_vs_HC
CDC25B,0.34868,-0.35855,1.4945,-0.23991,0.8104,,Mast,UC_vs_HC
LINC01730,0.026346,1.1367,4.0708,0.27924,0.78006,,Mast,UC_vs_HC
AP5S1,0.70963,1.9696,1.5087,1.3055,0.19173,,Mast,UC_vs_HC
MAVS,1.4687,0.84395,0.8448,0.999,0.3178,0.99956,Mast,UC_vs_HC
AL353194.1,0.43001,0.44217,1.9044,0.23218,0.8164,,Mast,UC_vs_HC
PANK2,1.1795,-0.022687,1.2782,-0.017749,0.98584,0.99956,Mast,UC_vs_HC
RNF24,0.60866,0.77921,1.8038,0.43199,0.66575,,Mast,UC_vs_HC
SMOX,0.039637,-0.23575,2.975,-0.079243,0.93684,,Mast,UC_vs_HC
LINC01433,0.026237,0.024139,4.0722,0.0059277,0.99527,,Mast,UC_vs_HC
PRNP,17.303,-0.8379,0.52333,-1.6011,0.10936,0.99956,Mast,UC_vs_HC
AL133396.2,0.026237,0.024139,4.0722,0.0059277,0.99527,,Mast,UC_vs_HC
RASSF2,5.3832,-0.1679,0.60556,-0.27726,0.78158,0.99956,Mast,UC_vs_HC
SLC23A2,0.31894,-1.4953,1.5725,-0.95087,0.34167,,Mast,UC_vs_HC
AL121890.4,0.055411,0.73069,4.1338,0.17676,0.8597,,Mast,UC_vs_HC
TMEM230,6.9174,-0.33605,0.48127,-0.69827,0.48501,0.99956,Mast,UC_vs_HC
PCNA,1.8832,-0.35893,0.74092,-0.48444,0.62807,0.99956,Mast,UC_vs_HC
CDS2,1.7642,0.020573,0.75173,0.027367,0.97817,0.99956,Mast,UC_vs_HC
LINC00654,0.026346,1.1367,4.0708,0.27924,0.78006,,Mast,UC_vs_HC
GPCPD1,1.6941,-0.0057609,0.86513,-0.0066591,0.99469,0.99956,Mast,UC_vs_HC
SHLD1,0.39152,0.40426,1.075,0.37606,0.70687,,Mast,UC_vs_HC
CHGB,0.0134,0.3681,4.0861,0.090086,0.92822,,Mast,UC_vs_HC
TRMT6,1.5434,-1.8732,0.95864,-1.954,0.050703,0.96096,Mast,UC_vs_HC
MCM8,0.24445,-0.65349,1.6236,-0.4025,0.68731,,Mast,UC_vs_HC
AL035461.2,0.039522,0.59268,4.1488,0.14286,0.8864,,Mast,UC_vs_HC
CRLS1,0.59155,1.3465,1.4143,0.95206,0.34106,,Mast,UC_vs_HC
LRRN4,0.0268,0.16572,4.0548,0.040869,0.9674,,Mast,UC_vs_HC
AL118505.1,0.018728,0.70632,4.1361,0.17077,0.86441,,Mast,UC_vs_HC
FERMT1,0.32738,-0.56633,1.4895,-0.3802,0.70379,,Mast,UC_vs_HC
CASC20,0.0134,0.3681,4.0861,0.090086,0.92822,,Mast,UC_vs_HC
BMP2,0.050978,-0.055356,2.9247,-0.018927,0.9849,,Mast,UC_vs_HC
TMX4,6.8667,0.87668,0.47761,1.8356,0.066421,0.99956,Mast,UC_vs_HC
PLCB1,0.10398,1.0769,3.5724,0.30146,0.76307,,Mast,UC_vs_HC
PLCB4,0.06025,0.16073,4.0541,0.039647,0.96837,,Mast,UC_vs_HC
MKKS,0.57721,-0.65181,1.5448,-0.42194,0.67307,,Mast,UC_vs_HC
SLX4IP,0.35483,0.36343,1.2337,0.29459,0.76831,,Mast,UC_vs_HC
JAG1,0.39669,-1.5719,1.3434,-1.1701,0.24197,,Mast,UC_vs_HC
LINC01752,0.026237,0.024139,4.0722,0.0059277,0.99527,,Mast,UC_vs_HC
BTBD3,0.043089,1.2415,4.0577,0.30596,0.75964,,Mast,UC_vs_HC
SPTLC3,0.018728,0.70632,4.1361,0.17077,0.86441,,Mast,UC_vs_HC
AL050320.1,0.026237,0.024139,4.0722,0.0059277,0.99527,,Mast,UC_vs_HC
AL121782.1,0.0134,0.3681,4.0861,0.090086,0.92822,,Mast,UC_vs_HC
TASP1,0.60482,0.23468,1.0767,0.21796,0.82746,,Mast,UC_vs_HC
ESF1,3.4467,-0.70556,0.51909,-1.3592,0.17407,0.99956,Mast,UC_vs_HC
NDUFAF5,0.56207,-0.26275,1.1387,-0.23075,0.81751,,Mast,UC_vs_HC
MACROD2,0.026237,0.024139,4.0722,0.0059277,0.99527,,Mast,UC_vs_HC
KIF16B,0.33648,-0.022904,1.2099,-0.018931,0.9849,,Mast,UC_vs_HC
SNRPB2,11.765,0.31275,0.32738,0.95531,0.33942,0.99956,Mast,UC_vs_HC
DSTN,13.197,-0.3245,0.32126,-1.0101,0.31245,0.99956,Mast,UC_vs_HC
RRBP1,8.8711,0.8226,0.66571,1.2357,0.21658,0.99956,Mast,UC_vs_HC
SNX5,9.6083,0.55555,0.3572,1.5553,0.11987,0.99956,Mast,UC_vs_HC
MGME1,2.0136,1.5919,0.70065,2.2721,0.023081,0.81504,Mast,UC_vs_HC
PET117,0.26288,-0.82023,1.7987,-0.45601,0.64838,,Mast,UC_vs_HC
KAT14,0.32721,-0.63672,2.06,-0.30909,0.75726,,Mast,UC_vs_HC
ZNF133,0.088749,0.015342,2.1558,0.0071168,0.99432,,Mast,UC_vs_HC
DZANK1,0.23323,0.89139,2.0592,0.43287,0.66511,,Mast,UC_vs_HC
POLR3F,0.4824,0.68184,1.3383,0.50947,0.61042,,Mast,UC_vs_HC
RBBP9,0.20518,-1.4094,1.5809,-0.89149,0.37267,,Mast,UC_vs_HC
SEC23B,1.6957,0.65453,0.65982,0.99198,0.32121,0.99956,Mast,UC_vs_HC
SMIM26,11.799,-0.27132,0.40031,-0.67779,0.49791,0.99956,Mast,UC_vs_HC
DTD1,2.7011,-0.14036,0.60575,-0.23171,0.81676,0.99956,Mast,UC_vs_HC
AL035563.1,0.0134,0.3681,4.0861,0.090086,0.92822,,Mast,UC_vs_HC
SLC24A3,2.2317,0.6553,1.051,0.62348,0.53297,0.99956,Mast,UC_vs_HC
AL049647.1,0.037456,0.73093,4.1338,0.17682,0.85965,,Mast,UC_vs_HC
RIN2,0.045074,1.1802,3.0256,0.39009,0.69647,,Mast,UC_vs_HC
NAA20,4.1749,-0.094576,0.52589,-0.17984,0.85728,0.99956,Mast,UC_vs_HC
CRNKL1,1.7861,-0.17849,0.67493,-0.26446,0.79143,0.99956,Mast,UC_vs_HC
RALGAPA2,0.61752,1.8933,1.2648,1.497,0.1344,,Mast,UC_vs_HC
KIZ,1.2529,1.0465,0.78381,1.3352,0.18181,0.99956,Mast,UC_vs_HC
XRN2,6.6444,0.085266,0.4389,0.19427,0.84596,0.99956,Mast,UC_vs_HC
NXT1,6.6614,-0.24972,0.98538,-0.25342,0.79994,0.99956,Mast,UC_vs_HC
LINC01431,0.0134,0.3681,4.0861,0.090086,0.92822,,Mast,UC_vs_HC
GZF1,0.56669,0.66811,1.3586,0.49178,0.62288,,Mast,UC_vs_HC
NAPB,0.44833,1.1457,1.3291,0.86203,0.38867,,Mast,UC_vs_HC
CST3,23.942,0.45223,0.64355,0.7027,0.48224,0.99956,Mast,UC_vs_HC
CST7,6.5262,-0.44433,0.71858,-0.61835,0.53634,0.99956,Mast,UC_vs_HC
APMAP,2.4219,-0.23708,0.87921,-0.26965,0.78743,0.99956,Mast,UC_vs_HC
ACSS1,0.72446,1.6204,1.4851,1.0912,0.27521,,Mast,UC_vs_HC
ENTPD6,0.41818,1.893,2.6,0.72807,0.46657,,Mast,UC_vs_HC
AL035252.3,0.06025,0.16073,4.0541,0.039647,0.96837,,Mast,UC_vs_HC
PYGB,0.79989,-0.65666,1.2946,-0.50721,0.61201,,Mast,UC_vs_HC
AL121772.3,0.018728,0.70632,4.1361,0.17077,0.86441,,Mast,UC_vs_HC
ABHD12,0.43562,-1.5714,1.5329,-1.0251,0.30533,,Mast,UC_vs_HC
GINS1,0.086002,-0.50582,3.3405,-0.15142,0.87964,,Mast,UC_vs_HC
NINL,0.043089,1.2415,4.0577,0.30596,0.75964,,Mast,UC_vs_HC
NANP,0.211,-0.40098,1.8465,-0.21716,0.82808,,Mast,UC_vs_HC
ZNF337-AS1,0.069326,0.62141,3.2415,0.1917,0.84797,,Mast,UC_vs_HC
ZNF337,0.35472,0.096221,1.7589,0.054707,0.95637,,Mast,UC_vs_HC
FAM182B,0.039637,-0.23575,2.975,-0.079243,0.93684,,Mast,UC_vs_HC
LINC01733,0.018728,0.70632,4.1361,0.17077,0.86441,,Mast,UC_vs_HC
LINC01597,0.21964,-0.45985,1.4797,-0.31076,0.75598,,Mast,UC_vs_HC
DEFB119,0.074801,1.5534,4.034,0.38508,0.70018,,Mast,UC_vs_HC
REM1,0.018728,0.70632,4.1361,0.17077,0.86441,,Mast,UC_vs_HC
HM13,4.4728,0.95969,0.51489,1.8639,0.06234,0.98721,Mast,UC_vs_HC
ID1,0.24013,-1.8327,3.82,-0.47976,0.6314,,Mast,UC_vs_HC
BCL2L1,1.7539,0.38568,0.69702,0.55332,0.58004,0.99956,Mast,UC_vs_HC
ABALON,0.0134,0.3681,4.0861,0.090086,0.92822,,Mast,UC_vs_HC
TPX2,0.15809,0.54264,4.1583,0.1305,0.89617,,Mast,UC_vs_HC
DUSP15,0.064456,1.0747,3.2748,0.32817,0.74278,,Mast,UC_vs_HC
TTLL9,0.22579,1.6186,2.5689,0.6301,0.52863,,Mast,UC_vs_HC
PDRG1,0.84998,-0.025043,1.1227,-0.022306,0.9822,,Mast,UC_vs_HC
HCK,0.026346,1.1367,4.0708,0.27924,0.78006,,Mast,UC_vs_HC
TM9SF4,1.8685,0.2129,0.74913,0.2842,0.77626,0.99956,Mast,UC_vs_HC
PLAGL2,0.73695,-0.74341,0.93067,-0.7988,0.42441,,Mast,UC_vs_HC
POFUT1,0.43521,-1.4412,1.2665,-1.138,0.25512,,Mast,UC_vs_HC
KIF3B,0.19218,-0.19677,1.9276,-0.10208,0.91869,,Mast,UC_vs_HC
ASXL1,1.2633,0.027005,0.80771,0.033434,0.97333,0.99956,Mast,UC_vs_HC
NOL4L,1.0448,-0.96292,1.0169,-0.94694,0.34367,,Mast,UC_vs_HC
COMMD7,3.3631,-0.18804,0.83338,-0.22564,0.82148,0.99956,Mast,UC_vs_HC
MAPRE1,11.674,-0.21603,0.32014,-0.67481,0.4998,0.99956,Mast,UC_vs_HC
AL035071.1,1.432,-0.055598,0.81925,-0.067864,0.94589,0.99956,Mast,UC_vs_HC
CDK5RAP1,1.4595,-0.28238,0.86839,-0.32518,0.74505,0.99956,Mast,UC_vs_HC
SNTA1,0.043089,1.2415,4.0577,0.30596,0.75964,,Mast,UC_vs_HC
CBFA2T2,0.98451,1.0287,0.94497,1.0886,0.27634,,Mast,UC_vs_HC
NECAB3,0.24099,0.7486,1.5479,0.48363,0.62865,,Mast,UC_vs_HC
PXMP4,0.68288,0.29041,0.99265,0.29257,0.76985,,Mast,UC_vs_HC
ZNF341,0.026346,1.1367,4.0708,0.27924,0.78006,,Mast,UC_vs_HC
CHMP4B,3.0151,-0.19438,0.6763,-0.28742,0.77379,0.99956,Mast,UC_vs_HC
AL034549.1,0.2745,0.7508,1.6143,0.4651,0.64186,,Mast,UC_vs_HC
RALY,2.7426,-0.25712,0.77762,-0.33065,0.74091,0.99956,Mast,UC_vs_HC
EIF2S2,11.632,0.089872,0.40459,0.22213,0.82421,0.99956,Mast,UC_vs_HC
ASIP,0.024934,1.088,4.0829,0.26647,0.78988,,Mast,UC_vs_HC
AHCY,0.76166,-0.14386,1.1622,-0.12378,0.90149,,Mast,UC_vs_HC
ITCH,1.287,0.68827,0.92228,0.74627,0.4555,0.99956,Mast,UC_vs_HC
ITCH-AS1,0.22734,0.3809,1.9865,0.19174,0.84794,,Mast,UC_vs_HC
DYNLRB1,14.701,-0.17568,0.3605,-0.48733,0.62603,0.99956,Mast,UC_vs_HC
MAP1LC3A,1.2961,2.2517,2.2189,1.0148,0.31019,0.99956,Mast,UC_vs_HC
PIGU,0.10629,0.62446,3.6358,0.17175,0.86363,,Mast,UC_vs_HC
NCOA6,0.75193,-0.094942,1.0024,-0.094717,0.92454,,Mast,UC_vs_HC
TP53INP2,1.7777,0.080792,0.9433,0.085648,0.93175,0.99956,Mast,UC_vs_HC
GGT7,0.27687,1.6391,2.0594,0.79594,0.42606,,Mast,UC_vs_HC
ACSS2,0.34449,0.2847,2.0123,0.14148,0.88749,,Mast,UC_vs_HC
GSS,2.152,0.31592,0.65846,0.4798,0.63137,0.99956,Mast,UC_vs_HC
MYH7B,0.18966,1.3979,2.6501,0.52748,0.59786,,Mast,UC_vs_HC
TRPC4AP,2.697,0.72252,0.63598,1.1361,0.25592,0.99956,Mast,UC_vs_HC
EDEM2,5.6649,0.16697,0.5292,0.31552,0.75237,0.99956,Mast,UC_vs_HC
PROCR,3.4009,0.16444,0.58638,0.28043,0.77915,0.99956,Mast,UC_vs_HC
MMP24OS,1.6848,0.40779,0.83556,0.48804,0.62552,0.99956,Mast,UC_vs_HC
AL121753.1,0.039745,0.81098,2.9497,0.27494,0.78337,,Mast,UC_vs_HC
EIF6,7.5776,-0.0074051,0.3622,-0.020445,0.98369,0.99956,Mast,UC_vs_HC
UQCC1,0.35935,0.19015,1.9424,0.097895,0.92202,,Mast,UC_vs_HC
CEP250,1.1689,0.33482,0.81236,0.41216,0.68022,0.99956,Mast,UC_vs_HC
FO393401.1,1.4625,0.16665,0.83817,0.19883,0.8424,0.99956,Mast,UC_vs_HC
ERGIC3,5.5216,0.55034,0.41398,1.3294,0.18371,0.99956,Mast,UC_vs_HC
SPAG4,0.48319,1.1866,1.4498,0.81844,0.41311,,Mast,UC_vs_HC
CPNE1,3.5631,-0.779,0.57641,-1.3515,0.17655,0.99956,Mast,UC_vs_HC
RBM12,3.1806,-0.15232,0.57985,-0.26269,0.79279,0.99956,Mast,UC_vs_HC
NFS1,0.12236,-0.22028,2.1429,-0.1028,0.91812,,Mast,UC_vs_HC
ROMO1,15.999,-0.13721,0.34652,-0.39596,0.69213,0.99956,Mast,UC_vs_HC
RBM39,44.995,-0.19911,0.26452,-0.75272,0.45162,0.99956,Mast,UC_vs_HC
PHF20,18.333,-0.08662,0.36415,-0.23787,0.81198,0.99956,Mast,UC_vs_HC
SCAND1,3.9292,-0.13182,1.5712,-0.083897,0.93314,0.99956,Mast,UC_vs_HC
CNBD2,0.31296,0.60694,1.7485,0.34712,0.7285,,Mast,UC_vs_HC
NORAD,9.2243,-0.026686,0.41637,-0.064093,0.9489,0.99956,Mast,UC_vs_HC
AL035420.3,0.038333,0.78366,2.7327,0.28677,0.77429,,Mast,UC_vs_HC
EPB41L1,2.7059,-0.52559,0.67218,-0.78191,0.43427,0.99956,Mast,UC_vs_HC
AAR2,0.42844,0.45733,1.2444,0.36752,0.71323,,Mast,UC_vs_HC
DLGAP4,1.5662,0.15285,0.73197,0.20882,0.83459,0.99956,Mast,UC_vs_HC
MYL9,0.11366,0.66915,2.2518,0.29716,0.76634,,Mast,UC_vs_HC
TGIF2,3.5059,-0.18628,0.57498,-0.32398,0.74595,0.99956,Mast,UC_vs_HC
RAB5IF,2.5515,-0.3118,1.5517,-0.20095,0.84074,0.99956,Mast,UC_vs_HC
SLA2,0.050856,0.4354,2.975,0.14635,0.88364,,Mast,UC_vs_HC
NDRG3,0.64471,0.87083,1.2916,0.67423,0.50017,,Mast,UC_vs_HC
DSN1,0.24031,0.23288,1.4882,0.15648,0.87566,,Mast,UC_vs_HC
SOGA1,1.4574,0.31196,0.74565,0.41837,0.67568,0.99956,Mast,UC_vs_HC
TLDC2,0.37285,-1.4716,1.5333,-0.95973,0.33719,,Mast,UC_vs_HC
SAMHD1,0.48571,0.12093,1.3418,0.090123,0.92819,,Mast,UC_vs_HC
RBL1,0.2727,0.6183,1.8659,0.33138,0.74036,,Mast,UC_vs_HC
MROH8,0.14612,0.023574,2.5791,0.0091403,0.99271,,Mast,UC_vs_HC
RPN2,8.9298,0.37544,0.43053,0.87203,0.38319,0.99956,Mast,UC_vs_HC
MANBAL,0.59373,0.82328,1.0815,0.76127,0.44649,,Mast,UC_vs_HC
SRC,0.77752,1.4154,1.0706,1.3221,0.18612,,Mast,UC_vs_HC
BLCAP,1.0511,0.52485,0.922,0.56925,0.56918,,Mast,UC_vs_HC
AL162293.1,0.018728,0.70632,4.1361,0.17077,0.86441,,Mast,UC_vs_HC
CTNNBL1,18.729,-0.066319,0.30484,-0.21755,0.82778,0.99956,Mast,UC_vs_HC
VSTM2L,0.039637,-0.23575,2.975,-0.079243,0.93684,,Mast,UC_vs_HC
TTI1,0.32633,0.10958,1.9318,0.056723,0.95477,,Mast,UC_vs_HC
RPRD1B,1.2222,0.23867,1.3576,0.17581,0.86045,0.99956,Mast,UC_vs_HC
AL391095.1,0.024934,1.088,4.0829,0.26647,0.78988,,Mast,UC_vs_HC
RALGAPB,1.1619,0.61845,0.74306,0.8323,0.40524,0.99956,Mast,UC_vs_HC
ACTR5,0.42116,-0.9676,1.7044,-0.5677,0.57024,,Mast,UC_vs_HC
PPP1R16B,0.31559,2.0588,1.5767,1.3058,0.19164,,Mast,UC_vs_HC
FAM83D,0.06025,0.16073,4.0541,0.039647,0.96837,,Mast,UC_vs_HC
AL023803.1,0.06025,0.16073,4.0541,0.039647,0.96837,,Mast,UC_vs_HC
DHX35,0.14643,0.085221,1.9182,0.044427,0.96456,,Mast,UC_vs_HC
MAFB,0.13261,0.87194,1.7993,0.48461,0.62795,,Mast,UC_vs_HC
TOP1,5.1668,0.010315,0.46294,0.022282,0.98222,0.99956,Mast,UC_vs_HC
PLCG1,0.071202,-0.40861,3.4364,-0.11891,0.90535,,Mast,UC_vs_HC
ZHX3,0.037456,0.73093,4.1338,0.17682,0.85965,,Mast,UC_vs_HC
CHD6,2.0533,0.21935,0.74069,0.29614,0.76713,0.99956,Mast,UC_vs_HC
SRSF6,8.1755,-0.63292,0.52306,-1.21,0.22627,0.99956,Mast,UC_vs_HC
L3MBTL1,0.25014,-0.59422,1.45,-0.4098,0.68195,,Mast,UC_vs_HC
Z98752.4,0.052922,0.24161,3.2428,0.074505,0.94061,,Mast,UC_vs_HC
IFT52,1.3216,-0.28439,0.89132,-0.31907,0.74967,0.99956,Mast,UC_vs_HC
MYBL2,0.039522,0.59268,4.1488,0.14286,0.8864,,Mast,UC_vs_HC
TOX2,0.043089,1.2415,4.0577,0.30596,0.75964,,Mast,UC_vs_HC
OSER1,2.2902,-0.62197,0.67633,-0.91963,0.35777,0.99956,Mast,UC_vs_HC
OSER1-DT,0.74837,-1.6238,1.0322,-1.5732,0.11567,,Mast,UC_vs_HC
FITM2,0.12699,0.54115,2.5193,0.2148,0.82992,,Mast,UC_vs_HC
HNF4A,0.075157,-0.26501,4,-0.066252,0.94718,,Mast,UC_vs_HC
TTPAL,1.7202,-0.39656,0.74806,-0.53012,0.59603,0.99956,Mast,UC_vs_HC
SERINC3,10.858,-0.29042,0.38438,-0.75556,0.44991,0.99956,Mast,UC_vs_HC
PKIG,4.2159,-0.5971,0.48878,-1.2216,0.22186,0.99956,Mast,UC_vs_HC
ADA,0.018728,0.70632,4.1361,0.17077,0.86441,,Mast,UC_vs_HC
YWHAB,18.207,0.4936,0.32154,1.5351,0.12475,0.99956,Mast,UC_vs_HC
PABPC1L,0.16296,1.5777,2.0057,0.78662,0.43151,,Mast,UC_vs_HC
TOMM34,0.71144,0.92053,1.2408,0.7419,0.45815,,Mast,UC_vs_HC
STK4,22.311,0.096693,0.33743,0.28656,0.77445,0.99956,Mast,UC_vs_HC
PI3,0.48908,2.3952,2.5688,0.93244,0.35111,,Mast,UC_vs_HC
SLPI,0.20731,2.0828,3.9786,0.52352,0.60062,,Mast,UC_vs_HC
SDC4,0.70483,0.24253,1.3187,0.18392,0.85408,,Mast,UC_vs_HC
SYS1,2.7025,-0.8368,0.55669,-1.5032,0.13279,0.99956,Mast,UC_vs_HC
PIGT,3.4224,0.23545,0.51825,0.45433,0.64959,0.99956,Mast,UC_vs_HC
AL031663.3,0.052583,0.46401,3.1249,0.14849,0.88196,,Mast,UC_vs_HC
WFDC2,0.20007,-0.14047,2.8308,-0.049621,0.96042,,Mast,UC_vs_HC
WFDC10A,0.068023,1.6105,3.0061,0.53574,0.59214,,Mast,UC_vs_HC
DNTTIP1,1.7069,-0.078527,1.0222,-0.076823,0.93876,0.99956,Mast,UC_vs_HC
UBE2C,0.42157,0.79022,4.0451,0.19535,0.84512,,Mast,UC_vs_HC
TNNC2,0.079045,0.55747,4.1549,0.13417,0.89327,,Mast,UC_vs_HC
SNX21,0.026237,0.024139,4.0722,0.0059277,0.99527,,Mast,UC_vs_HC
ACOT8,1.4217,-1.3081,1.0394,-1.2585,0.20821,0.99956,Mast,UC_vs_HC
ZSWIM3,0.12909,0.057395,2.2629,0.025363,0.97977,,Mast,UC_vs_HC
NEURL2,0.043089,1.2415,4.0577,0.30596,0.75964,,Mast,UC_vs_HC
CTSA,1.2833,0.0073194,0.86389,0.0084727,0.99324,0.99956,Mast,UC_vs_HC
PLTP,0.11085,0.44132,3.4373,0.12839,0.89784,,Mast,UC_vs_HC
PCIF1,1.7532,0.32843,0.67543,0.48625,0.62679,0.99956,Mast,UC_vs_HC
ZNF335,1.1151,-1.4495,0.9268,-1.564,0.11783,,Mast,UC_vs_HC
SLC12A5,0.043089,1.2415,4.0577,0.30596,0.75964,,Mast,UC_vs_HC
NCOA5,0.53976,0.58091,1.5506,0.37464,0.70793,,Mast,UC_vs_HC
CD40,0.32182,1.1736,1.7908,0.65531,0.51227,,Mast,UC_vs_HC
SLC35C2,1.0508,-0.20831,0.76431,-0.27255,0.7852,,Mast,UC_vs_HC
ELMO2,0.46651,1.3122,1.1723,1.1193,0.263,,Mast,UC_vs_HC
ZNF334,0.11566,0.22281,3.5934,0.062004,0.95056,,Mast,UC_vs_HC
TP53RK,0.54306,1.4263,1.3195,1.0809,0.27973,,Mast,UC_vs_HC
AL031055.1,0.039522,0.59268,4.1488,0.14286,0.8864,,Mast,UC_vs_HC
SLC2A10,0.799,-0.051163,1.0845,-0.047176,0.96237,,Mast,UC_vs_HC
ZMYND8,3.0127,0.47693,0.68737,0.69385,0.48777,0.99956,Mast,UC_vs_HC
AL031666.2,0.026237,0.024139,4.0722,0.0059277,0.99527,,Mast,UC_vs_HC
NCOA3,2.2651,0.81067,0.82454,0.98318,0.32552,0.99956,Mast,UC_vs_HC
SULF2,0.30961,1.6345,1.5395,1.0617,0.28838,,Mast,UC_vs_HC
PREX1,0.34765,0.59244,1.6043,0.36929,0.71191,,Mast,UC_vs_HC
ARFGEF2,0.46515,0.43652,1.1292,0.38657,0.69907,,Mast,UC_vs_HC
CSE1L,1.931,1.3233,0.99994,1.3233,0.18572,0.99956,Mast,UC_vs_HC
STAU1,5.6409,0.043018,0.53727,0.080068,0.93618,0.99956,Mast,UC_vs_HC
DDX27,9.4573,-0.86288,0.42303,-2.0397,0.041376,0.90497,Mast,UC_vs_HC
ZNFX1,2.9356,-0.14786,0.63684,-0.23217,0.81641,0.99956,Mast,UC_vs_HC
ZFAS1,36.948,-0.58901,0.24632,-2.3912,0.016794,0.72906,Mast,UC_vs_HC
KCNB1,0.018728,0.70632,4.1361,0.17077,0.86441,,Mast,UC_vs_HC
PTGIS,0.10737,0.16073,4.0541,0.039647,0.96837,,Mast,UC_vs_HC
B4GALT5,16.094,0.081439,0.37154,0.21919,0.8265,0.99956,Mast,UC_vs_HC
SLC9A8,1.0828,-1.0378,0.92539,-1.1215,0.26208,,Mast,UC_vs_HC
SPATA2,0.33545,-1.6179,2.4031,-0.67326,0.50078,,Mast,UC_vs_HC
RNF114,4.4937,-0.7625,0.54925,-1.3883,0.16506,0.99956,Mast,UC_vs_HC
SNAI1,0.0134,0.3681,4.0861,0.090086,0.92822,,Mast,UC_vs_HC
UBE2V1,0.72943,-0.45979,1.075,-0.42772,0.66886,,Mast,UC_vs_HC
TMEM189,0.81501,0.48678,1.054,0.46183,0.6442,,Mast,UC_vs_HC
LINC01273,0.0134,0.3681,4.0861,0.090086,0.92822,,Mast,UC_vs_HC
CEBPB-AS1,0.043662,1.1196,2.8057,0.39906,0.68985,,Mast,UC_vs_HC
CEBPB,2.2978,0.6222,0.99868,0.62302,0.53327,0.99956,Mast,UC_vs_HC
PTPN1,4.0992,-0.93963,0.55513,-1.6926,0.090527,0.99956,Mast,UC_vs_HC
AL133230.1,0.13279,0.73069,4.1338,0.17676,0.8597,,Mast,UC_vs_HC
RIPOR3,0.026237,0.024139,4.0722,0.0059277,0.99527,,Mast,UC_vs_HC
BCAS4,0.44258,-0.56089,1.7655,-0.31771,0.75071,,Mast,UC_vs_HC
ADNP,2.6723,-0.22037,0.69065,-0.31908,0.74967,0.99956,Mast,UC_vs_HC
ADNP-AS1,0.09951,0.15461,2.1719,0.071184,0.94325,,Mast,UC_vs_HC
DPM1,2.8631,-1.2137,0.80633,-1.5052,0.13227,0.99956,Mast,UC_vs_HC
MOCS3,0.30528,1.9297,1.9235,1.0032,0.31577,,Mast,UC_vs_HC
NFATC2,1.4988,1.3536,0.95308,1.4202,0.15554,0.99956,Mast,UC_vs_HC
ATP9A,0.15914,1.2101,3.7545,0.3223,0.74723,,Mast,UC_vs_HC
SALL4,0.051171,0.51223,3.1431,0.16297,0.87054,,Mast,UC_vs_HC
ZFP64,0.30862,-0.079137,1.6928,-0.046749,0.96271,,Mast,UC_vs_HC
TSHZ2,0.026346,1.1367,4.0708,0.27924,0.78006,,Mast,UC_vs_HC
ZNF217,1.3465,1.0058,1.0659,0.94355,0.3454,0.99956,Mast,UC_vs_HC
BCAS1,0.056306,0.20097,3.1229,0.064354,0.94869,,Mast,UC_vs_HC
PFDN4,2.3993,0.21323,0.6044,0.3528,0.72424,0.99956,Mast,UC_vs_HC
DOK5,0.024934,1.088,4.0829,0.26647,0.78988,,Mast,UC_vs_HC
FAM210B,0.81372,1.5607,1.3878,1.1246,0.26075,,Mast,UC_vs_HC
AURKA,7.5657,0.16287,0.4816,0.33818,0.73523,0.99956,Mast,UC_vs_HC
CSTF1,2.0585,0.46258,0.70207,0.65888,0.50998,0.99956,Mast,UC_vs_HC
CASS4,0.98676,-0.85005,0.99869,-0.85116,0.39468,,Mast,UC_vs_HC
RTF2,13.602,-0.083098,0.27822,-0.29867,0.76519,0.99956,Mast,UC_vs_HC
FAM209A,0.073164,-0.23944,3.3159,-0.07221,0.94244,,Mast,UC_vs_HC
FAM209B,0.0268,0.16572,4.0548,0.040869,0.9674,,Mast,UC_vs_HC
BMP7,0.39792,2.6752,1.5778,1.6956,0.089971,,Mast,UC_vs_HC
RAE1,2.5609,0.014781,0.60947,0.024252,0.98065,0.99956,Mast,UC_vs_HC
MTRNR2L3,0.052691,1.4311,4.036,0.35458,0.7229,,Mast,UC_vs_HC
AL109955.1,0.037578,0.16073,4.0541,0.039647,0.96837,,Mast,UC_vs_HC
RBM38,1.2813,-0.77197,0.99775,-0.77371,0.4391,0.99956,Mast,UC_vs_HC
PCK1,0.097343,-0.54989,3.5051,-0.15689,0.87534,,Mast,UC_vs_HC
ZBP1,0.42901,1.503,1.7543,0.85674,0.39159,,Mast,UC_vs_HC
PMEPA1,5.2369,-0.98258,0.5891,-1.6679,0.095327,0.99956,Mast,UC_vs_HC
NKILA,0.12425,0.24585,3.5282,0.06968,0.94445,,Mast,UC_vs_HC
RAB22A,0.8293,0.083875,1.0594,0.079169,0.9369,,Mast,UC_vs_HC
VAPB,0.86886,0.62073,0.95877,0.64742,0.51736,,Mast,UC_vs_HC
STX16,2.1382,0.036056,0.62106,0.058056,0.9537,0.99956,Mast,UC_vs_HC
NPEPL1,0.77309,0.95614,1.7933,0.53317,0.59392,,Mast,UC_vs_HC
GNAS,15.807,-0.12537,0.39684,-0.31593,0.75206,0.99956,Mast,UC_vs_HC
NELFCD,1.5763,0.09895,0.85735,0.11541,0.90812,0.99956,Mast,UC_vs_HC
CTSZ,1.1763,-0.37476,1.2165,-0.30806,0.75804,0.99956,Mast,UC_vs_HC
TUBB1,0.026346,1.1367,4.0708,0.27924,0.78006,,Mast,UC_vs_HC
ATP5F1E,99.167,-0.090153,0.21163,-0.42599,0.67011,0.99956,Mast,UC_vs_HC
PRELID3B,2.1939,-0.42982,0.61556,-0.69825,0.48502,0.99956,Mast,UC_vs_HC
ZNF831,0.026346,1.1367,4.0708,0.27924,0.78006,,Mast,UC_vs_HC
EDN3,0.0134,0.3681,4.0861,0.090086,0.92822,,Mast,UC_vs_HC
SYCP2,0.10281,0.72061,2.297,0.31372,0.75373,,Mast,UC_vs_HC
FAM217B,0.79877,-0.34051,1.1898,-0.28619,0.77473,,Mast,UC_vs_HC
PPP1R3D,0.49498,0.40047,1.4209,0.28184,0.77806,,Mast,UC_vs_HC
TAF4,0.42486,-0.64743,1.5912,-0.40688,0.6841,,Mast,UC_vs_HC
AL137077.2,0.039522,0.59268,4.1488,0.14286,0.8864,,Mast,UC_vs_HC
LSM14B,0.49431,0.94631,1.4473,0.65385,0.51321,,Mast,UC_vs_HC
PSMA7,25.061,0.41268,0.34106,1.21,0.22628,0.99956,Mast,UC_vs_HC
SS18L1,0.49936,-1.2071,1.4096,-0.85632,0.39182,,Mast,UC_vs_HC
MTG2,1.1915,0.24597,0.83542,0.29443,0.76843,0.99956,Mast,UC_vs_HC
OSBPL2,1.3241,0.10316,0.88503,0.11656,0.90721,0.99956,Mast,UC_vs_HC
ADRM1,6.3305,-0.52979,0.47495,-1.1155,0.26465,0.99956,Mast,UC_vs_HC
LAMA5,0.0268,0.16572,4.0548,0.040869,0.9674,,Mast,UC_vs_HC
AL121832.2,0.22317,0.33614,1.9436,0.17295,0.86269,,Mast,UC_vs_HC
RPS21,143.08,-0.28236,0.20685,-1.365,0.17224,0.99956,Mast,UC_vs_HC
CABLES2,0.0134,0.3681,4.0861,0.090086,0.92822,,Mast,UC_vs_HC
RBBP8NL,0.059765,0.024139,4.0722,0.0059277,0.99527,,Mast,UC_vs_HC
BX640514.2,0.039522,0.59268,4.1488,0.14286,0.8864,,Mast,UC_vs_HC
SLCO4A1,0.1887,0.47376,1.9584,0.24191,0.80885,,Mast,UC_vs_HC
AL357033.3,0.018728,0.70632,4.1361,0.17077,0.86441,,Mast,UC_vs_HC
MRGBP,0.55114,0.92783,1.5717,0.59035,0.55496,,Mast,UC_vs_HC
OGFR,2.0945,0.49302,0.75625,0.65193,0.51445,0.99956,Mast,UC_vs_HC
COL9A3,0.08939,1.3812,3.4287,0.40284,0.68707,,Mast,UC_vs_HC
TCFL5,0.018728,0.70632,4.1361,0.17077,0.86441,,Mast,UC_vs_HC
DIDO1,2.0184,-0.32615,0.70975,-0.45953,0.64586,0.99956,Mast,UC_vs_HC
AL117379.1,0.037456,0.73093,4.1338,0.17682,0.85965,,Mast,UC_vs_HC
GID8,1.9265,-0.13259,0.73462,-0.18048,0.85677,0.99956,Mast,UC_vs_HC
SLC17A9,0.46887,0.20766,1.0322,0.20119,0.84055,,Mast,UC_vs_HC
HAR1A,0.038333,0.78366,2.7327,0.28677,0.77429,,Mast,UC_vs_HC
YTHDF1,0.75133,1.8084,1.3784,1.3119,0.18954,,Mast,UC_vs_HC
BIRC7,0.24205,1.0641,2.3052,0.46162,0.64435,,Mast,UC_vs_HC
ARFGAP1,0.47529,-0.49103,1.4436,-0.34015,0.73374,,Mast,UC_vs_HC
EEF1A2,0.018728,0.70632,4.1361,0.17077,0.86441,,Mast,UC_vs_HC
PPDPF,25.033,0.12849,0.78197,0.16432,0.86948,0.99956,Mast,UC_vs_HC
PTK6,0.13328,0.304,2.4732,0.12292,0.90217,,Mast,UC_vs_HC
FNDC11,0.080545,1.272,3.3876,0.37548,0.70731,,Mast,UC_vs_HC
HELZ2,0.84348,0.011448,1.2004,0.0095368,0.99239,,Mast,UC_vs_HC
GMEB2,0.38248,-1.6001,1.57,-1.0191,0.30814,,Mast,UC_vs_HC
MHENCR,0.069889,0.66126,3.2782,0.20171,0.84014,,Mast,UC_vs_HC
STMN3,0.20241,-0.59975,1.9951,-0.30061,0.76371,,Mast,UC_vs_HC
ARFRP1,2.0688,-0.55206,0.77364,-0.71358,0.47549,0.99956,Mast,UC_vs_HC
SLC2A4RG,0.53856,1.7717,1.8305,0.96788,0.3331,,Mast,UC_vs_HC
ZBTB46,0.24953,0.46389,2.1437,0.2164,0.82867,,Mast,UC_vs_HC
AL118506.1,0.14297,0.013523,2.5608,0.0052807,0.99579,,Mast,UC_vs_HC
TPD52L2,1.7812,-0.35355,1.1561,-0.30581,0.75975,0.99956,Mast,UC_vs_HC
DNAJC5,0.49058,0.14965,1.1153,0.13418,0.89326,,Mast,UC_vs_HC
UCKL1,0.73685,-0.27746,1.1344,-0.24459,0.80678,,Mast,UC_vs_HC
UCKL1-AS1,0.043089,1.2415,4.0577,0.30596,0.75964,,Mast,UC_vs_HC
ZNF512B,0.28182,0.096427,1.5903,0.060637,0.95165,,Mast,UC_vs_HC
SAMD10,0.085184,0.55419,3.2621,0.16989,0.8651,,Mast,UC_vs_HC
PRPF6,5.227,-0.56757,0.47176,-1.2031,0.22894,0.99956,Mast,UC_vs_HC
TCEA2,1.3296,0.71342,1.1042,0.6461,0.51822,0.99956,Mast,UC_vs_HC
RGS19,3.8218,1.4351,0.82231,1.7452,0.080944,0.99956,Mast,UC_vs_HC
OPRL1,0.21069,-0.14275,1.7437,-0.081864,0.93475,,Mast,UC_vs_HC
PCMTD2,0.52296,-0.76971,1.3307,-0.57841,0.56299,,Mast,UC_vs_HC
LINC00266-1,0.06025,0.16073,4.0541,0.039647,0.96837,,Mast,UC_vs_HC
AC016588.2,0.10527,1.0178,3.388,0.30041,0.76386,,Mast,UC_vs_HC
MIER2,0.77835,1.3069,1.3285,0.98368,0.32527,,Mast,UC_vs_HC
SHC2,0.037578,0.16073,4.0541,0.039647,0.96837,,Mast,UC_vs_HC
TPGS1,0.24726,-1.2529,1.5849,-0.79056,0.4292,,Mast,UC_vs_HC
CDC34,0.82167,2.4982,1.3771,1.8141,0.069659,,Mast,UC_vs_HC
GZMM,0.20785,1.3913,3.7948,0.36665,0.71388,,Mast,UC_vs_HC
BSG,6.8635,0.23319,0.46534,0.50111,0.61629,0.99956,Mast,UC_vs_HC
HCN2,0.032128,0.40025,2.7752,0.14423,0.88532,,Mast,UC_vs_HC
POLRMT,0.1754,0.19165,1.4188,0.13507,0.89256,,Mast,UC_vs_HC
FGF22,0.1557,0.66895,2.3879,0.28014,0.77937,,Mast,UC_vs_HC
RNF126,0.64819,-0.83588,1.4071,-0.59406,0.55247,,Mast,UC_vs_HC
FSTL3,0.11872,1.6541,2.0455,0.80868,0.4187,,Mast,UC_vs_HC
PRSS57,0.29103,0.70366,2.3007,0.30584,0.75972,,Mast,UC_vs_HC
MISP,0.22625,-0.34385,1.7118,-0.20087,0.8408,,Mast,UC_vs_HC
PTBP1,4.4295,-0.043399,0.55905,-0.077629,0.93812,0.99956,Mast,UC_vs_HC
CFD,2.1849,1.637,1.5004,1.091,0.27526,0.99956,Mast,UC_vs_HC
MED16,0.90693,0.67772,0.97741,0.69338,0.48807,,Mast,UC_vs_HC
R3HDM4,3.2581,0.57072,0.69353,0.82292,0.41055,0.99956,Mast,UC_vs_HC
ARID3A,0.64189,0.33894,1.4488,0.23394,0.81503,,Mast,UC_vs_HC
WDR18,1.206,1.5344,1.0899,1.4078,0.1592,0.99956,Mast,UC_vs_HC
AC004528.1,0.06025,0.16073,4.0541,0.039647,0.96837,,Mast,UC_vs_HC
TMEM259,2.2593,0.82184,0.92046,0.89286,0.37193,0.99956,Mast,UC_vs_HC
CNN2,3.3281,0.41405,0.58553,0.70713,0.47948,0.99956,Mast,UC_vs_HC
ABCA7,0.61091,0.52631,1.2508,0.42077,0.67393,,Mast,UC_vs_HC
ARHGAP45,1.2685,1.3136,0.86002,1.5274,0.12667,0.99956,Mast,UC_vs_HC
POLR2E,3.7887,-0.58121,0.50733,-1.1456,0.25196,0.99956,Mast,UC_vs_HC
GPX4,50.019,0.21314,0.49794,0.42805,0.66862,0.99956,Mast,UC_vs_HC
SBNO2,0.58691,2.1856,1.3863,1.5766,0.11489,,Mast,UC_vs_HC
STK11,0.99,0.85623,1.3101,0.65357,0.51339,,Mast,UC_vs_HC
ATP5F1D,6.1439,0.21129,0.90413,0.23369,0.81523,0.99956,Mast,UC_vs_HC
MIDN,15.92,-0.34067,0.39485,-0.86278,0.38826,0.99956,Mast,UC_vs_HC
CIRBP,35.126,0.11452,0.26117,0.43847,0.66105,0.99956,Mast,UC_vs_HC
C19orf24,0.94476,-0.022391,1.0852,-0.020633,0.98354,,Mast,UC_vs_HC
MUM1,3.3267,0.023998,0.66414,0.036134,0.97118,0.99956,Mast,UC_vs_HC
NDUFS7,7.3809,0.18359,0.54929,0.33423,0.73821,0.99956,Mast,UC_vs_HC
GAMT,0.56739,-0.1233,1.5888,-0.077603,0.93814,,Mast,UC_vs_HC
DAZAP1,1.5688,0.50941,0.77578,0.65665,0.51141,0.99956,Mast,UC_vs_HC
RPS15,207.14,-0.5027,0.41421,-1.2136,0.22489,0.99956,Mast,UC_vs_HC
AC027307.3,0.13371,0.64227,3.7185,0.17272,0.86287,,Mast,UC_vs_HC
AC027307.2,0.083106,-0.23383,1.9079,-0.12256,0.90246,,Mast,UC_vs_HC
C19orf25,4.1137,-0.074146,0.59367,-0.12489,0.90061,0.99956,Mast,UC_vs_HC
REEP6,0.17162,0.49582,1.9618,0.25273,0.80048,,Mast,UC_vs_HC
AC027307.1,0.018728,0.70632,4.1361,0.17077,0.86441,,Mast,UC_vs_HC
MEX3D,0.026237,0.024139,4.0722,0.0059277,0.99527,,Mast,UC_vs_HC
MBD3,0.36951,-0.38067,1.9096,-0.19935,0.84199,,Mast,UC_vs_HC
UQCR11,26.938,-0.03529,0.34611,-0.10196,0.91879,0.99956,Mast,UC_vs_HC
TCF3,0.84004,-0.19253,1.0238,-0.18806,0.85083,,Mast,UC_vs_HC
ATP8B3,0.1604,0.80027,1.5721,0.50904,0.61072,,Mast,UC_vs_HC
REXO1,1.4766,1.5417,1.2286,1.2549,0.20953,0.99956,Mast,UC_vs_HC
AC012615.2,0.097449,0.73069,4.1338,0.17676,0.8597,,Mast,UC_vs_HC
KLF16,0.52818,-0.072325,1.0585,-0.068329,0.94552,,Mast,UC_vs_HC
AC012615.1,0.14863,0.20051,1.5152,0.13233,0.89473,,Mast,UC_vs_HC
ABHD17A,2.2838,1.7266,1.5839,1.0901,0.27568,0.99956,Mast,UC_vs_HC
SCAMP4,0.54332,1.5684,1.3322,1.1773,0.23907,,Mast,UC_vs_HC
CSNK1G2,0.85558,1.5383,1.1425,1.3465,0.17815,,Mast,UC_vs_HC
BTBD2,0.53918,0.63515,1.312,0.48411,0.62831,,Mast,UC_vs_HC
MKNK2,5.13,-0.28981,0.70195,-0.41286,0.67971,0.99956,Mast,UC_vs_HC
MOB3A,2.4578,0.29982,0.60601,0.49474,0.62078,0.99956,Mast,UC_vs_HC
IZUMO4,0.039522,0.59268,4.1488,0.14286,0.8864,,Mast,UC_vs_HC
AP3D1,1.2193,1.0858,0.91524,1.1863,0.23549,0.99956,Mast,UC_vs_HC
DOT1L,2.6093,1.2424,0.90458,1.3735,0.1696,0.99956,Mast,UC_vs_HC
PLEKHJ1,1.5051,0.79524,1.0041,0.792,0.42836,0.99956,Mast,UC_vs_HC
SF3A2,1.4868,-0.23593,0.84311,-0.27983,0.77961,0.99956,Mast,UC_vs_HC
JSRP1,0.0268,0.16572,4.0548,0.040869,0.9674,,Mast,UC_vs_HC
OAZ1,92.788,-0.16852,0.20603,-0.81794,0.41339,0.99956,Mast,UC_vs_HC
PEAK3,0.069326,0.62141,3.2415,0.1917,0.84797,,Mast,UC_vs_HC
LINGO3,0.076667,0.83574,2.9844,0.28004,0.77945,,Mast,UC_vs_HC
LSM7,10.872,-0.24308,0.50502,-0.48134,0.63027,0.99956,Mast,UC_vs_HC
SPPL2B,0.33637,0.0034459,1.551,0.0022217,0.99823,,Mast,UC_vs_HC
TIMM13,5.0435,0.022778,0.58096,0.039208,0.96872,0.99956,Mast,UC_vs_HC
LMNB2,0.1248,0.20052,1.8244,0.10991,0.91248,,Mast,UC_vs_HC
GADD45B,90.809,-0.70179,0.55481,-1.2649,0.2059,0.99956,Mast,UC_vs_HC
GNG7,0.57304,-0.28007,1.2244,-0.22874,0.81907,,Mast,UC_vs_HC
SLC39A3,1.049,0.15121,1.3397,0.11287,0.91014,,Mast,UC_vs_HC
SGTA,1.2748,0.55811,0.8611,0.64814,0.51689,0.99956,Mast,UC_vs_HC
THOP1,0.17598,0.2807,2.4411,0.11499,0.90845,,Mast,UC_vs_HC
ZNF554,0.026346,1.1367,4.0708,0.27924,0.78006,,Mast,UC_vs_HC
ZNF555,0.15882,2.0902,1.7858,1.1705,0.2418,,Mast,UC_vs_HC
ZNF556,0.050978,-0.055356,2.9247,-0.018927,0.9849,,Mast,UC_vs_HC
ZNF57,0.15442,-0.16363,1.9336,-0.084625,0.93256,,Mast,UC_vs_HC
ZNF77,0.1597,1.4855,2.3594,0.62962,0.52894,,Mast,UC_vs_HC
AC005944.1,0.043089,1.2415,4.0577,0.30596,0.75964,,Mast,UC_vs_HC
AES,3.9423,-0.10513,0.6237,-0.16856,0.86614,0.99956,Mast,UC_vs_HC
GNA11,0.038333,0.78366,2.7327,0.28677,0.77429,,Mast,UC_vs_HC
KF456478.1,0.024934,1.088,4.0829,0.26647,0.78988,,Mast,UC_vs_HC
GNA15,6.5213,0.84941,0.76206,1.1146,0.26501,0.99956,Mast,UC_vs_HC
AC005264.1,0.22506,0.23841,1.5118,0.1577,0.87469,,Mast,UC_vs_HC
S1PR4,0.53287,1.0828,1.4106,0.76763,0.44271,,Mast,UC_vs_HC
NCLN,0.34811,-0.21161,1.4915,-0.14188,0.88718,,Mast,UC_vs_HC
NFIC,2.2364,-0.88533,0.67,-1.3214,0.18637,0.99956,Mast,UC_vs_HC
SMIM24,0.53948,-1.8275,1.5653,-1.1675,0.243,,Mast,UC_vs_HC
DOHH,0.45422,0.22825,1.5446,0.14777,0.88252,,Mast,UC_vs_HC
FZR1,1.1978,0.56586,1.0944,0.51703,0.60513,0.99956,Mast,UC_vs_HC
MFSD12,0.22193,0.76926,1.9128,0.40216,0.68757,,Mast,UC_vs_HC
HMG20B,1.0125,0.22468,1.2525,0.17939,0.85763,,Mast,UC_vs_HC
CACTIN,0.23139,0.33594,2.0894,0.16078,0.87227,,Mast,UC_vs_HC
PIP5K1C,0.65101,1.0674,1.1214,0.95189,0.34115,,Mast,UC_vs_HC
TJP3,0.064378,-0.20971,2.9518,-0.071045,0.94336,,Mast,UC_vs_HC
APBA3,0.29517,1.9254,1.8363,1.0485,0.2944,,Mast,UC_vs_HC
MRPL54,11.32,-0.038348,0.36448,-0.10521,0.91621,0.99956,Mast,UC_vs_HC
MATK,1.8136,0.93992,1.0787,0.87131,0.38358,0.99956,Mast,UC_vs_HC
ATCAY,0.0134,0.3681,4.0861,0.090086,0.92822,,Mast,UC_vs_HC
DAPK3,0.18577,0.61715,1.7497,0.35272,0.7243,,Mast,UC_vs_HC
EEF2,31.037,-0.25742,0.26777,-0.96135,0.33638,0.99956,Mast,UC_vs_HC
PIAS4,1.0456,1.8397,1.1474,1.6034,0.10885,,Mast,UC_vs_HC
ZBTB7A,3.8993,0.88966,0.55226,1.6109,0.10719,0.99956,Mast,UC_vs_HC
MAP2K2,0.67298,-0.13294,1.1132,-0.11942,0.90494,,Mast,UC_vs_HC
SIRT6,0.65699,-0.14821,0.95116,-0.15582,0.87618,,Mast,UC_vs_HC
ANKRD24,0.0134,0.3681,4.0861,0.090086,0.92822,,Mast,UC_vs_HC
EBI3,0.32094,2.1001,1.424,1.4748,0.14027,,Mast,UC_vs_HC
YJU2,0.91956,-0.67019,0.94919,-0.70607,0.48015,,Mast,UC_vs_HC
SHD,0.018728,0.70632,4.1361,0.17077,0.86441,,Mast,UC_vs_HC
FSD1,0.018728,0.70632,4.1361,0.17077,0.86441,,Mast,UC_vs_HC
STAP2,0.15243,-0.25687,1.838,-0.13976,0.88885,,Mast,UC_vs_HC
MPND,0.12829,-0.47499,2.503,-0.18977,0.84949,,Mast,UC_vs_HC
AC007292.2,0.052474,-0.39825,4.0401,-0.098575,0.92148,,Mast,UC_vs_HC
SH3GL1,0.89753,1.6803,1.1009,1.5263,0.12693,,Mast,UC_vs_HC
CHAF1A,0.057061,0.81304,1.883,0.43178,0.6659,,Mast,UC_vs_HC
UBXN6,0.91696,0.198,1.2142,0.16307,0.87046,,Mast,UC_vs_HC
AC011498.1,0.018728,0.70632,4.1361,0.17077,0.86441,,Mast,UC_vs_HC
HDGFL2,1.2694,-1.7283,1.2894,-1.3404,0.18012,0.99956,Mast,UC_vs_HC
PLIN5,0.097449,0.73069,4.1338,0.17676,0.8597,,Mast,UC_vs_HC
AC011498.4,0.097449,0.73069,4.1338,0.17676,0.8597,,Mast,UC_vs_HC
LRG1,0.026346,1.1367,4.0708,0.27924,0.78006,,Mast,UC_vs_HC
SEMA6B,0.68494,-2.6275,1.4008,-1.8757,0.06069,,Mast,UC_vs_HC
TNFAIP8L1,2.2624,0.097071,0.76313,0.1272,0.89878,0.99956,Mast,UC_vs_HC
MYDGF,6.1462,0.60283,0.86772,0.69473,0.48723,0.99956,Mast,UC_vs_HC
DPP9,1.0006,-0.69075,1.0408,-0.66365,0.50692,,Mast,UC_vs_HC
DPP9-AS1,0.3129,1.3326,4.0556,0.32858,0.74247,,Mast,UC_vs_HC
FEM1A,1.4425,1.4353,0.90561,1.5849,0.11299,0.99956,Mast,UC_vs_HC
AC005523.2,0.85027,-0.4252,1.0498,-0.40503,0.68546,,Mast,UC_vs_HC
TICAM1,1.1219,-0.26854,1.0038,-0.26753,0.78906,0.99956,Mast,UC_vs_HC
AC027319.1,0.043089,1.2415,4.0577,0.30596,0.75964,,Mast,UC_vs_HC
PLIN3,2.6349,-0.94987,0.65883,-1.4417,0.14937,0.99956,Mast,UC_vs_HC
ARRDC5,0.37868,-0.40417,1.8475,-0.21876,0.82683,,Mast,UC_vs_HC
UHRF1,0.093744,0.82432,2.1007,0.3924,0.69477,,Mast,UC_vs_HC
KDM4B,0.9293,0.24752,0.95545,0.25906,0.79559,,Mast,UC_vs_HC
TINCR,0.19066,-0.12004,1.593,-0.075353,0.93993,,Mast,UC_vs_HC
SAFB2,4.3292,-1.4165,0.61088,-2.3188,0.020404,0.78717,Mast,UC_vs_HC
SAFB,4.375,-0.11975,0.56484,-0.21201,0.8321,0.99956,Mast,UC_vs_HC
RPL36,179.91,-0.44849,0.22655,-1.9797,0.047742,0.94764,Mast,UC_vs_HC
C19orf70,10.059,-0.17664,0.30956,-0.57062,0.56826,0.99956,Mast,UC_vs_HC
HSD11B1L,0.094933,0.63945,3.4398,0.1859,0.85253,,Mast,UC_vs_HC
LONP1,0.5529,0.80801,1.6006,0.50482,0.61368,,Mast,UC_vs_HC
PRR22,0.0134,0.3681,4.0861,0.090086,0.92822,,Mast,UC_vs_HC
DUS3L,0.72907,-0.27403,1.4411,-0.19015,0.84919,,Mast,UC_vs_HC
FUT6,0.0134,0.3681,4.0861,0.090086,0.92822,,Mast,UC_vs_HC
NDUFA11,14.238,-0.21128,0.34723,-0.60849,0.54286,0.99956,Mast,UC_vs_HC
VMAC,0.3138,0.045016,2.1938,0.020519,0.98363,,Mast,UC_vs_HC
AC104532.2,0.56379,-0.018961,1.2666,-0.014971,0.98806,,Mast,UC_vs_HC
CAPS,0.093744,0.82432,2.1007,0.3924,0.69477,,Mast,UC_vs_HC
RANBP3,0.83415,0.28173,1.0672,0.26398,0.79179,,Mast,UC_vs_HC
RFX2,1.8199,-1.654,0.83265,-1.9865,0.046982,0.94225,Mast,UC_vs_HC
AC011444.2,0.21991,-0.99993,2.1575,-0.46347,0.64303,,Mast,UC_vs_HC
MLLT1,2.5594,0.4717,0.72175,0.65355,0.5134,0.99956,Mast,UC_vs_HC
AC011471.2,0.60557,0.64581,1.3456,0.47994,0.63127,,Mast,UC_vs_HC
CLPP,1.5117,-0.045984,0.94876,-0.048467,0.96134,0.99956,Mast,UC_vs_HC
ALKBH7,5.4348,0.32658,0.8895,0.36715,0.71351,0.99956,Mast,UC_vs_HC
PSPN,0.14385,0.50762,3.7975,0.13367,0.89366,,Mast,UC_vs_HC
GTF2F1,3.6082,0.35176,0.52186,0.67405,0.50028,0.99956,Mast,UC_vs_HC
KHSRP,1.9124,1.0421,0.84688,1.2305,0.21852,0.99956,Mast,UC_vs_HC
SLC25A23,0.089407,1.073,3.4752,0.30876,0.7575,,Mast,UC_vs_HC
CRB3,0.13531,0.82096,3.508,0.23403,0.81496,,Mast,UC_vs_HC
DENND1C,0.85693,-1.2496,0.99394,-1.2572,0.20869,,Mast,UC_vs_HC
AC010503.4,0.12001,-0.56116,3.6531,-0.15361,0.87791,,Mast,UC_vs_HC
TNFSF9,0.07165,0.26407,2.0983,0.12585,0.89985,,Mast,UC_vs_HC
CD70,0.42914,2.9093,2.9918,0.97241,0.33085,,Mast,UC_vs_HC
TNFSF14,1.5367,0.0045675,0.86437,0.0052842,0.99578,0.99956,Mast,UC_vs_HC
GPR108,2.5959,-0.078713,0.7204,-0.10926,0.91299,0.99956,Mast,UC_vs_HC
TRIP10,1.5845,-1.6269,0.93964,-1.7314,0.083382,0.99956,Mast,UC_vs_HC
SH2D3A,0.45363,0.97786,1.3819,0.70761,0.47919,,Mast,UC_vs_HC
VAV1,2.598,0.32244,0.67739,0.476,0.63408,0.99956,Mast,UC_vs_HC
ADGRE1,0.32461,1.9602,1.8782,1.0436,0.29665,,Mast,UC_vs_HC
ZNF557,0.56139,0.41174,1.2455,0.33059,0.74096,,Mast,UC_vs_HC
INSR,0.39791,-0.19842,1.4984,-0.13242,0.89465,,Mast,UC_vs_HC
ARHGEF18,0.17112,0.82522,2.3145,0.35655,0.72143,,Mast,UC_vs_HC
PEX11G,0.33577,-0.2981,2.1567,-0.13822,0.89007,,Mast,UC_vs_HC
ZNF358,0.41288,0.21208,1.6275,0.13031,0.89632,,Mast,UC_vs_HC
MCOLN1,0.93194,0.5313,1.2202,0.43542,0.66326,,Mast,UC_vs_HC
PNPLA6,0.95,1.3538,1.2298,1.1009,0.27095,,Mast,UC_vs_HC
XAB2,0.88937,-0.18126,1.088,-0.1666,0.86769,,Mast,UC_vs_HC
PET100,10.501,-0.45773,0.43502,-1.0522,0.29271,0.99956,Mast,UC_vs_HC
AC008763.2,0.055411,0.73069,4.1338,0.17676,0.8597,,Mast,UC_vs_HC
PCP2,0.11674,0.4231,2.286,0.18508,0.85316,,Mast,UC_vs_HC
STXBP2,6.3059,0.19937,0.5821,0.3425,0.73198,0.99956,Mast,UC_vs_HC
CLEC4M,0.026237,0.024139,4.0722,0.0059277,0.99527,,Mast,UC_vs_HC
EVI5L,0.11251,1.3828,3.3105,0.41769,0.67617,,Mast,UC_vs_HC
PRR36,0.0134,0.3681,4.0861,0.090086,0.92822,,Mast,UC_vs_HC
AC010336.1,0.075058,1.3326,4.0556,0.32858,0.74247,,Mast,UC_vs_HC
MAP2K7,1.0618,2.0098,1.0976,1.8312,0.067071,,Mast,UC_vs_HC
SNAPC2,0.60966,0.36804,1.2547,0.29332,0.76928,,Mast,UC_vs_HC
CTXN1,0.3129,1.3326,4.0556,0.32858,0.74247,,Mast,UC_vs_HC
TIMM44,0.92374,0.1828,0.86887,0.21039,0.83336,,Mast,UC_vs_HC
ELAVL1,2.6426,-0.35922,0.7078,-0.50751,0.6118,0.99956,Mast,UC_vs_HC
CERS4,2.3173,0.97356,0.75136,1.2957,0.19507,0.99956,Mast,UC_vs_HC
AC022146.2,0.024934,1.088,4.0829,0.26647,0.78988,,Mast,UC_vs_HC
CD320,0.58475,0.85876,1.4869,0.57755,0.56356,,Mast,UC_vs_HC
NDUFA7,1.0567,0.071463,0.99701,0.071678,0.94286,,Mast,UC_vs_HC
RPS28,366.71,-0.34772,0.21508,-1.6167,0.10594,0.99956,Mast,UC_vs_HC
ANGPTL4,0.039522,0.59268,4.1488,0.14286,0.8864,,Mast,UC_vs_HC
RAB11B-AS1,0.31613,-0.75192,1.5021,-0.50057,0.61667,,Mast,UC_vs_HC
RAB11B,3.0091,0.18971,0.67717,0.28015,0.77936,0.99956,Mast,UC_vs_HC
MARCH2,1.2096,0.94276,1.4109,0.66819,0.50401,0.99956,Mast,UC_vs_HC
HNRNPM,11.792,-0.20447,0.60169,-0.33984,0.73398,0.99956,Mast,UC_vs_HC
ZNF414,0.12966,0.058255,1.8578,0.031356,0.97499,,Mast,UC_vs_HC
MYO1F,3.0403,0.58693,0.77969,0.75277,0.45159,0.99956,Mast,UC_vs_HC
ADAMTS10,0.16952,1.5196,2.3825,0.63784,0.52358,,Mast,UC_vs_HC
ZNF558,0.23782,-0.26426,1.6933,-0.15606,0.87599,,Mast,UC_vs_HC
ZNF317,0.97178,0.58967,1.0946,0.53872,0.59008,,Mast,UC_vs_HC
OR7D2,0.06025,0.16073,4.0541,0.039647,0.96837,,Mast,UC_vs_HC
AC011451.1,0.12236,1.0183,1.7731,0.5743,0.56576,,Mast,UC_vs_HC
ZNF699,0.49374,-0.061961,1.2832,-0.048288,0.96149,,Mast,UC_vs_HC
ZNF559,0.48891,-0.57452,1.072,-0.53595,0.592,,Mast,UC_vs_HC
ZNF266,0.58935,0.64495,1.564,0.41238,0.68006,,Mast,UC_vs_HC
ZNF426,1.6342,-0.84496,0.75838,-1.1142,0.26521,0.99956,Mast,UC_vs_HC
ZNF121,1.3218,-0.19345,1.0458,-0.18497,0.85325,0.99956,Mast,UC_vs_HC
ZNF561,0.54976,-0.55122,1.3083,-0.42131,0.67353,,Mast,UC_vs_HC
ZNF562,1.8172,-0.32594,0.78609,-0.41463,0.67841,0.99956,Mast,UC_vs_HC
ZNF846,0.72638,-0.020726,0.95538,-0.021694,0.98269,,Mast,UC_vs_HC
FBXL12,1.4048,-0.13727,0.75909,-0.18084,0.85649,0.99956,Mast,UC_vs_HC
UBL5,38.788,-0.25351,0.30136,-0.84121,0.40023,0.99956,Mast,UC_vs_HC
PIN1,4.8765,-0.21477,0.8281,-0.25935,0.79536,0.99956,Mast,UC_vs_HC
OLFM2,0.032128,0.40025,2.7752,0.14423,0.88532,,Mast,UC_vs_HC
C19orf66,2.761,1.4741,0.60767,2.4259,0.015271,0.72228,Mast,UC_vs_HC
AC020931.1,0.043089,1.2415,4.0577,0.30596,0.75964,,Mast,UC_vs_HC
PPAN,1.3614,1.3255,1.0645,1.2452,0.21304,0.99956,Mast,UC_vs_HC
P2RY11,0.099773,0.070395,3.688,0.019088,0.98477,,Mast,UC_vs_HC
EIF3G,14.217,-0.21041,0.45768,-0.45975,0.6457,0.99956,Mast,UC_vs_HC
DNMT1,1.5599,-1.3068,0.92618,-1.4109,0.15827,0.99956,Mast,UC_vs_HC
S1PR2,0.73891,0.16194,1.4095,0.11489,0.90853,,Mast,UC_vs_HC
MRPL4,1.7371,0.046844,0.76501,0.061233,0.95117,0.99956,Mast,UC_vs_HC
AC011511.2,0.0134,0.3681,4.0861,0.090086,0.92822,,Mast,UC_vs_HC
ICAM1,15.173,-0.24142,0.41693,-0.57904,0.56256,0.99956,Mast,UC_vs_HC
AC011511.5,0.07165,0.26407,2.0983,0.12585,0.89985,,Mast,UC_vs_HC
ICAM4,0.97134,1.1462,1.0979,1.044,0.29647,,Mast,UC_vs_HC
ICAM5,0.032128,0.40025,2.7752,0.14423,0.88532,,Mast,UC_vs_HC
AC011511.1,0.039745,0.81098,2.9497,0.27494,0.78337,,Mast,UC_vs_HC
FDX2,0.27831,-0.022789,1.6598,-0.01373,0.98905,,Mast,UC_vs_HC
RAVER1,0.11469,0.41781,2.2125,0.18884,0.85022,,Mast,UC_vs_HC
ICAM3,2.5086,1.1727,0.79941,1.467,0.14238,0.99956,Mast,UC_vs_HC
TYK2,1.1729,-1.4244,1.0894,-1.3075,0.19103,0.99956,Mast,UC_vs_HC
CDC37,12.256,-0.93262,0.39351,-2.37,0.017787,0.7412,Mast,UC_vs_HC
PDE4A,5.8039,-0.31303,0.57582,-0.54363,0.5867,0.99956,Mast,UC_vs_HC
KEAP1,0.8466,2.0086,0.90411,2.2216,0.026312,,Mast,UC_vs_HC
ATG4D,0.56127,0.91248,1.0428,0.87501,0.38157,,Mast,UC_vs_HC
KRI1,0.98418,0.13355,1.418,0.094177,0.92497,,Mast,UC_vs_HC
CDKN2D,1.4214,0.053681,0.92593,0.057975,0.95377,0.99956,Mast,UC_vs_HC
AP1M2,0.0134,0.3681,4.0861,0.090086,0.92822,,Mast,UC_vs_HC
SLC44A2,2.2515,1.0762,0.88079,1.2219,0.22176,0.99956,Mast,UC_vs_HC
ILF3-DT,3.7391,-2.3768,0.68714,-3.459,0.00054213,0.19474,Mast,UC_vs_HC
ILF3,5.9366,-0.027823,0.52331,-0.053167,0.9576,0.99956,Mast,UC_vs_HC
QTRT1,1.9,-0.93646,0.89653,-1.0445,0.29623,0.99956,Mast,UC_vs_HC
DNM2,0.98159,-0.80964,0.91672,-0.88319,0.37713,,Mast,UC_vs_HC
TMED1,1.4364,0.27122,0.89985,0.3014,0.76311,0.99956,Mast,UC_vs_HC
C19orf38,0.14111,1.2766,3.7478,0.34063,0.73338,,Mast,UC_vs_HC
CARM1,0.13163,-0.83107,2.3129,-0.35932,0.71936,,Mast,UC_vs_HC
YIPF2,1.7454,0.048952,0.70168,0.069764,0.94438,0.99956,Mast,UC_vs_HC
TIMM29,0.32293,0.59055,1.6847,0.35053,0.72594,,Mast,UC_vs_HC
SMARCA4,1.9834,0.64375,0.84269,0.76393,0.44491,0.99956,Mast,UC_vs_HC
LDLR,2.6729,1.6482,1.1697,1.4091,0.1588,0.99956,Mast,UC_vs_HC
SPC24,0.13022,0.53839,2.4827,0.21685,0.82832,,Mast,UC_vs_HC
KANK2,1.7218,-0.37347,0.71323,-0.52364,0.60053,0.99956,Mast,UC_vs_HC
DOCK6,0.14308,-0.34458,1.7177,-0.20061,0.84101,,Mast,UC_vs_HC
AC011472.1,0.018728,0.70632,4.1361,0.17077,0.86441,,Mast,UC_vs_HC
RAB3D,0.78673,0.99357,1.5041,0.66056,0.50889,,Mast,UC_vs_HC
TMEM205,3.0454,-0.23338,0.54023,-0.432,0.66574,0.99956,Mast,UC_vs_HC
CCDC159,1.3041,-0.64791,0.84619,-0.76568,0.44387,0.99956,Mast,UC_vs_HC
PLPPR2,0.089504,0.59646,2.0297,0.29387,0.76886,,Mast,UC_vs_HC
AC024575.1,0.018728,0.70632,4.1361,0.17077,0.86441,,Mast,UC_vs_HC
SWSAP1,0.40764,1.2422,1.7024,0.7297,0.46557,,Mast,UC_vs_HC
EPOR,1.3221,0.17152,1.0855,0.15801,0.87445,0.99956,Mast,UC_vs_HC
RGL3,0.096353,1.8192,2.0412,0.89127,0.37278,,Mast,UC_vs_HC
CCDC151,0.064456,1.0747,3.2748,0.32817,0.74278,,Mast,UC_vs_HC
PRKCSH,2.06,-0.93883,0.66392,-1.4141,0.15734,0.99956,Mast,UC_vs_HC
ZNF653,0.040199,0.011365,4.0335,0.0028176,0.99775,,Mast,UC_vs_HC
ECSIT,0.54933,-0.077802,1.3161,-0.059116,0.95286,,Mast,UC_vs_HC
ELOF1,2.2236,0.21492,0.71757,0.29952,0.76455,0.99956,Mast,UC_vs_HC
ZNF627,0.12764,1.0954,2.271,0.48236,0.62955,,Mast,UC_vs_HC
ACP5,6.7033,1.7649,0.77234,2.2851,0.022309,0.80814,Mast,UC_vs_HC
ZNF823,0.3087,-0.18723,1.6356,-0.11447,0.90886,,Mast,UC_vs_HC
ZNF441,0.20184,-1.4428,1.6046,-0.89916,0.36856,,Mast,UC_vs_HC
ZNF491,0.0134,0.3681,4.0861,0.090086,0.92822,,Mast,UC_vs_HC
ZNF440,1.6218,0.048071,0.69052,0.069616,0.9445,0.99956,Mast,UC_vs_HC
ZNF439,0.79971,-0.67112,1.4365,-0.46719,0.64036,,Mast,UC_vs_HC
ZNF69,0.44303,0.074389,1.2854,0.057873,0.95385,,Mast,UC_vs_HC
ZNF700,0.31618,1.8132,1.6765,1.0815,0.27946,,Mast,UC_vs_HC
ZNF763,0.0134,0.3681,4.0861,0.090086,0.92822,,Mast,UC_vs_HC
ZNF433,0.205,-0.14375,1.3762,-0.10445,0.91681,,Mast,UC_vs_HC
ZNF844,1.0673,-0.85074,0.91067,-0.93419,0.35021,,Mast,UC_vs_HC
ZNF788P,0.052583,0.46401,3.1249,0.14849,0.88196,,Mast,UC_vs_HC
ZNF625,0.026346,1.1367,4.0708,0.27924,0.78006,,Mast,UC_vs_HC
ZNF136,1.4844,-0.0094638,0.94451,-0.01002,0.99201,0.99956,Mast,UC_vs_HC
ZNF44,1.3094,0.67706,0.96345,0.70275,0.48221,0.99956,Mast,UC_vs_HC
ZNF563,0.18825,1.4883,2.0224,0.7359,0.46179,,Mast,UC_vs_HC
ZNF442,0.073164,-0.23944,3.3159,-0.07221,0.94244,,Mast,UC_vs_HC
ZNF799,0.20446,1.1406,2.0762,0.54939,0.58274,,Mast,UC_vs_HC
ZNF443,0.12077,-0.051155,3.397,-0.015059,0.98799,,Mast,UC_vs_HC
ZNF564,0.16014,1.3727,2.314,0.5932,0.55305,,Mast,UC_vs_HC
ZNF490,0.12281,0.31225,2.5145,0.12418,0.90117,,Mast,UC_vs_HC
ZNF791,2.533,0.35512,0.6358,0.55855,0.57647,0.99956,Mast,UC_vs_HC
MAN2B1,0.82175,-0.48259,1.1706,-0.41224,0.68016,,Mast,UC_vs_HC
WDR83,0.9561,0.053044,1.0667,0.049728,0.96034,,Mast,UC_vs_HC
WDR83OS,25.104,-0.44899,0.25682,-1.7483,0.08041,0.99956,Mast,UC_vs_HC
DHPS,4.0838,-0.46785,0.67436,-0.69376,0.48783,0.99956,Mast,UC_vs_HC
FBXW9,0.16278,0.22213,3.839,0.057861,0.95386,,Mast,UC_vs_HC
TNPO2,0.62916,0.8453,0.95527,0.88488,0.37622,,Mast,UC_vs_HC
TRIR,17.624,0.27426,0.72049,0.38066,0.70346,0.99956,Mast,UC_vs_HC
ASNA1,3.8294,0.071092,0.53204,0.13362,0.8937,0.99956,Mast,UC_vs_HC
HOOK2,1.1773,0.24224,0.80968,0.29919,0.7648,0.99956,Mast,UC_vs_HC
AC018761.3,0.026237,0.024139,4.0722,0.0059277,0.99527,,Mast,UC_vs_HC
JUNB,94.917,-1.3544,0.79419,-1.7054,0.088122,0.99956,Mast,UC_vs_HC
PRDX2,6.1597,0.26929,0.425,0.63361,0.52634,0.99956,Mast,UC_vs_HC
THSD8,0.081757,1.2076,3.3757,0.35774,0.72054,,Mast,UC_vs_HC
RNASEH2A,0.28116,0.83039,2.3392,0.35498,0.7226,,Mast,UC_vs_HC
DNASE2,1.3776,-0.051719,0.99992,-0.051723,0.95875,0.99956,Mast,UC_vs_HC
KLF1,0.3129,1.3326,4.0556,0.32858,0.74247,,Mast,UC_vs_HC
GCDH,1.2088,0.41902,1.0166,0.41218,0.6802,0.99956,Mast,UC_vs_HC
FARSA,1.4701,0.54308,0.68079,0.79772,0.42503,0.99956,Mast,UC_vs_HC
CALR,31.871,0.74031,0.39072,1.8947,0.058126,0.98721,Mast,UC_vs_HC
AC092069.1,1.846,0.36184,0.8355,0.43308,0.66496,0.99956,Mast,UC_vs_HC
RAD23A,6.9767,-0.20839,0.36748,-0.56709,0.57065,0.99956,Mast,UC_vs_HC
GADD45GIP1,4.9882,-0.6172,0.96665,-0.63849,0.52316,0.99956,Mast,UC_vs_HC
NFIX,0.50749,-2.2003,1.5152,-1.4522,0.14645,,Mast,UC_vs_HC
AC138474.1,0.10365,1.2415,4.0577,0.30596,0.75964,,Mast,UC_vs_HC
LYL1,1.7096,-0.66267,1.248,-0.531,0.59542,0.99956,Mast,UC_vs_HC
TRMT1,3.4389,-0.19199,0.73565,-0.26097,0.79411,0.99956,Mast,UC_vs_HC
NACC1,1.034,1.6024,0.87545,1.8304,0.067193,,Mast,UC_vs_HC
STX10,3.6774,0.17972,0.48687,0.36913,0.71203,0.99956,Mast,UC_vs_HC
IER2,49.251,-0.74674,0.73013,-1.0228,0.30643,0.99956,Mast,UC_vs_HC
CACNA1A,0.13861,0.66051,2.3681,0.27892,0.78031,,Mast,UC_vs_HC
CCDC130,2.3428,0.37691,0.64314,0.58604,0.55785,0.99956,Mast,UC_vs_HC
MRI1,0.30386,0.85186,1.2135,0.70199,0.48268,,Mast,UC_vs_HC
C19orf53,16.957,0.12862,0.34625,0.37146,0.7103,0.99956,Mast,UC_vs_HC
ZSWIM4,2.7273,-0.77294,0.65952,-1.172,0.24121,0.99956,Mast,UC_vs_HC
AC020916.1,42.584,-0.62305,0.42323,-1.4721,0.14099,0.99956,Mast,UC_vs_HC
NANOS3,0.51846,1.4395,1.5278,0.94224,0.34607,,Mast,UC_vs_HC
CC2D1A,0.56311,-1.1111,1.3372,-0.83091,0.40602,,Mast,UC_vs_HC
DCAF15,1.0401,0.8987,0.87191,1.0307,0.30267,,Mast,UC_vs_HC
RFX1,3.1483,-0.30214,0.56843,-0.53153,0.59505,0.99956,Mast,UC_vs_HC
IL27RA,1.707,0.048355,0.88868,0.054412,0.95661,0.99956,Mast,UC_vs_HC
MISP3,0.077655,0.083688,3.2733,0.025567,0.9796,,Mast,UC_vs_HC
SAMD1,0.59733,0.38395,1.0529,0.36467,0.71535,,Mast,UC_vs_HC
PRKACA,0.81667,-0.24367,0.96603,-0.25224,0.80086,,Mast,UC_vs_HC
ASF1B,0.0134,0.3681,4.0861,0.090086,0.92822,,Mast,UC_vs_HC
AC022098.1,0.20223,-0.44682,2.7965,-0.15978,0.87306,,Mast,UC_vs_HC
ADGRL1,1.0061,-0.73966,1.0714,-0.69039,0.48995,,Mast,UC_vs_HC
AC011509.2,0.037456,0.73093,4.1338,0.17682,0.85965,,Mast,UC_vs_HC
AC011509.1,0.018728,0.70632,4.1361,0.17077,0.86441,,Mast,UC_vs_HC
LINC01841,0.026237,0.024139,4.0722,0.0059277,0.99527,,Mast,UC_vs_HC
LINC01842,0.3129,1.3326,4.0556,0.32858,0.74247,,Mast,UC_vs_HC
ADGRE5,10.484,-0.073162,0.44212,-0.16548,0.86857,0.99956,Mast,UC_vs_HC
AC008569.1,0.069435,1.5682,3.0225,0.51884,0.60387,,Mast,UC_vs_HC
DDX39A,6.5321,0.026942,0.49698,0.054211,0.95677,0.99956,Mast,UC_vs_HC
PKN1,1.9662,0.79327,0.99427,0.79784,0.42497,0.99956,Mast,UC_vs_HC
GIPC1,0.49146,0.94966,1.2112,0.78408,0.433,,Mast,UC_vs_HC
DNAJB1,19.658,-2.4996,0.55356,-4.5156,6.3136e-06,0.0091484,Mast,UC_vs_HC
TECR,4.0357,-0.26407,0.53548,-0.49315,0.62191,0.99956,Mast,UC_vs_HC
NDUFB7,14.598,-0.013777,0.37396,-0.036841,0.97061,0.99956,Mast,UC_vs_HC
CLEC17A,0.081757,1.2076,3.3757,0.35774,0.72054,,Mast,UC_vs_HC
ADGRE3,0.14424,2.3202,1.9847,1.169,0.24239,,Mast,UC_vs_HC
ZNF333,0.48511,0.74784,1.2243,0.61082,0.54132,,Mast,UC_vs_HC
ADGRE2,12.501,-0.3085,0.39657,-0.77792,0.43662,0.99956,Mast,UC_vs_HC
ILVBL,1.0521,-0.56561,0.97399,-0.58071,0.56144,,Mast,UC_vs_HC
NOTCH3,0.064474,0.59268,4.1488,0.14286,0.8864,,Mast,UC_vs_HC
EPHX3,0.0134,0.3681,4.0861,0.090086,0.92822,,Mast,UC_vs_HC
BRD4,5.065,0.20375,0.50633,0.4024,0.68739,0.99956,Mast,UC_vs_HC
AC005776.2,0.073164,-0.23944,3.3159,-0.07221,0.94244,,Mast,UC_vs_HC
AKAP8,1.5495,0.036464,0.73339,0.04972,0.96035,0.99956,Mast,UC_vs_HC
AKAP8L,1.4313,0.18169,1.0738,0.1692,0.86564,0.99956,Mast,UC_vs_HC
WIZ,0.2767,-1.18,1.6565,-0.71234,0.47626,,Mast,UC_vs_HC
RASAL3,1.6285,-0.00092999,0.991,-0.00093844,0.99925,0.99996,Mast,UC_vs_HC
PGLYRP2,0.45979,0.73994,3.3093,0.2236,0.82307,,Mast,UC_vs_HC
CYP4F22,0.1961,0.71038,2.6903,0.26406,0.79174,,Mast,UC_vs_HC
CYP4F8,0.052474,-0.39825,4.0401,-0.098575,0.92148,,Mast,UC_vs_HC
CYP4F3,0.064474,0.59268,4.1488,0.14286,0.8864,,Mast,UC_vs_HC
AC004597.1,0.10756,1.1792,3.5163,0.33536,0.73735,,Mast,UC_vs_HC
OR10H1,0.018728,0.70632,4.1361,0.17077,0.86441,,Mast,UC_vs_HC
LINC01764,0.12965,0.0084215,2.305,0.0036536,0.99708,,Mast,UC_vs_HC
CYP4F2,0.026346,1.1367,4.0708,0.27924,0.78006,,Mast,UC_vs_HC
TPM4,15.89,0.25071,0.6217,0.40326,0.68676,0.99956,Mast,UC_vs_HC
RAB8A,5.6697,0.45439,0.47139,0.96394,0.33508,0.99956,Mast,UC_vs_HC
AC008894.2,0.043089,1.2415,4.0577,0.30596,0.75964,,Mast,UC_vs_HC
HSH2D,1.0211,2.3422,1.3844,1.6918,0.090684,,Mast,UC_vs_HC
FAM32A,4.3288,0.042495,0.53368,0.079627,0.93653,0.99956,Mast,UC_vs_HC
AP1M1,1.3373,0.42342,1.2053,0.3513,0.72536,0.99956,Mast,UC_vs_HC
AC020911.2,0.21475,0.73062,2.1231,0.34413,0.73075,,Mast,UC_vs_HC
KLF2,2.9709,0.2582,0.7157,0.36076,0.71828,0.99956,Mast,UC_vs_HC
AC020917.3,0.026237,0.024139,4.0722,0.0059277,0.99527,,Mast,UC_vs_HC
EPS15L1,1.4482,0.76918,0.91295,0.84253,0.39949,0.99956,Mast,UC_vs_HC
AC020917.2,0.024934,1.088,4.0829,0.26647,0.78988,,Mast,UC_vs_HC
CHERP,1.0197,-0.50498,1.0629,-0.47511,0.63471,,Mast,UC_vs_HC
AC008764.6,0.24421,0.022298,2.1347,0.010446,0.99167,,Mast,UC_vs_HC
SLC35E1,0.7684,0.49568,0.97467,0.50856,0.61106,,Mast,UC_vs_HC
AC008764.8,0.63919,0.053482,1.2993,0.041162,0.96717,,Mast,UC_vs_HC
MED26,1.3207,0.64061,1.0042,0.63791,0.52353,0.99956,Mast,UC_vs_HC
AC008764.2,0.026346,1.1367,4.0708,0.27924,0.78006,,Mast,UC_vs_HC
SMIM7,5.7293,0.15483,0.38254,0.40474,0.68567,0.99956,Mast,UC_vs_HC
SIN3B,0.63645,-0.8969,1.0015,-0.89555,0.37049,,Mast,UC_vs_HC
F2RL3,0.21128,0.1067,1.914,0.055744,0.95555,,Mast,UC_vs_HC
CPAMD8,0.21269,0.40224,1.4526,0.27691,0.78185,,Mast,UC_vs_HC
HAUS8,0.87266,-2.09,1.064,-1.9644,0.049485,,Mast,UC_vs_HC
MYO9B,5.3752,0.50486,0.5182,0.97424,0.32993,0.99956,Mast,UC_vs_HC
USE1,4.1355,-0.17844,0.61633,-0.28952,0.77218,0.99956,Mast,UC_vs_HC
OCEL1,1.1222,1.0127,1.1994,0.84432,0.39849,0.99956,Mast,UC_vs_HC
NR2F6,0.079159,-0.28658,2.1515,-0.1332,0.89404,,Mast,UC_vs_HC
BABAM1,2.0554,0.41925,0.75666,0.55408,0.57952,0.99956,Mast,UC_vs_HC
ANKLE1,0.06025,0.16073,4.0541,0.039647,0.96837,,Mast,UC_vs_HC
ABHD8,0.30604,0.86996,1.6769,0.51878,0.60391,,Mast,UC_vs_HC
MRPL34,4.4246,0.088957,0.57061,0.1559,0.87611,0.99956,Mast,UC_vs_HC
DDA1,2.4875,-0.2681,0.58218,-0.46051,0.64515,0.99956,Mast,UC_vs_HC
ANO8,0.024934,1.088,4.0829,0.26647,0.78988,,Mast,UC_vs_HC
GTPBP3,0.19221,-0.29384,2.0211,-0.14539,0.88441,,Mast,UC_vs_HC
PLVAP,0.043089,1.2415,4.0577,0.30596,0.75964,,Mast,UC_vs_HC
BST2,32.533,0.53161,0.21624,2.4583,0.013958,0.72228,Mast,UC_vs_HC
BISPR,0.20782,0.21213,2.4738,0.085748,0.93167,,Mast,UC_vs_HC
MVB12A,1.4025,-0.31749,0.91775,-0.34595,0.72938,0.99956,Mast,UC_vs_HC
SLC27A1,0.33559,0.17035,1.3727,0.1241,0.90124,,Mast,UC_vs_HC
AC010618.3,0.42772,1.222,1.3889,0.87987,0.37893,,Mast,UC_vs_HC
PGLS,3.167,-0.44525,0.90302,-0.49307,0.62196,0.99956,Mast,UC_vs_HC
FAM129C,0.11082,0.78553,4.13,0.1902,0.84915,,Mast,UC_vs_HC
COLGALT1,0.19639,0.2161,1.5783,0.13692,0.8911,,Mast,UC_vs_HC
MAP1S,0.50994,-0.094344,1.0168,-0.092785,0.92607,,Mast,UC_vs_HC
FCHO1,0.12906,0.00037184,2.325,0.00015993,0.99987,,Mast,UC_vs_HC
JAK3,0.9557,0.83774,1.1766,0.71197,0.47648,,Mast,UC_vs_HC
RPL18A,187.2,-0.15124,0.20525,-0.73684,0.46122,0.99956,Mast,UC_vs_HC
CCDC124,2.0309,-1.7688,0.8456,-2.0918,0.036455,0.90299,Mast,UC_vs_HC
KCNN1,0.26234,-0.72082,1.8717,-0.38511,0.70016,,Mast,UC_vs_HC
ARRDC2,1.4801,1.3867,0.92594,1.4976,0.13424,0.99956,Mast,UC_vs_HC
IL12RB1,0.25068,-0.13232,1.2748,-0.1038,0.91733,,Mast,UC_vs_HC
MAST3,0.22681,0.1652,1.5156,0.109,0.91321,,Mast,UC_vs_HC
PIK3R2,0.12009,1.1983,1.7791,0.67353,0.50061,,Mast,UC_vs_HC
IFI30,0.88612,-0.92902,1.4191,-0.65466,0.51268,,Mast,UC_vs_HC
MPV17L2,0.27651,1.0565,1.8285,0.57783,0.56338,,Mast,UC_vs_HC
RAB3A,0.065982,0.2043,1.955,0.1045,0.91677,,Mast,UC_vs_HC
AC008397.2,0.071202,-0.40861,3.4364,-0.11891,0.90535,,Mast,UC_vs_HC
PDE4C,0.026237,0.024139,4.0722,0.0059277,0.99527,,Mast,UC_vs_HC
AC008397.1,0.0134,0.3681,4.0861,0.090086,0.92822,,Mast,UC_vs_HC
IQCN,1.9389,-0.64922,1.1144,-0.58256,0.56019,0.99956,Mast,UC_vs_HC
JUND,182.38,-0.52406,0.58731,-0.89232,0.37222,0.99956,Mast,UC_vs_HC
LSM4,4.8486,1.144,1.0296,1.1111,0.26652,0.99956,Mast,UC_vs_HC
PGPEP1,2.1404,0.54578,0.62263,0.87658,0.38072,0.99956,Mast,UC_vs_HC
GDF15,0.58677,1.1041,1.1272,0.97946,0.32735,,Mast,UC_vs_HC
LRRC25,0.29338,0.87497,1.5955,0.5484,0.58342,,Mast,UC_vs_HC
SSBP4,1.6274,0.95051,0.94726,1.0034,0.31565,0.99956,Mast,UC_vs_HC
ISYNA1,1.1069,0.91704,1.0878,0.84305,0.3992,,Mast,UC_vs_HC
ELL,1.1345,0.73529,0.8653,0.84975,0.39546,0.99956,Mast,UC_vs_HC
FKBP8,6.3037,-0.018387,0.42579,-0.043185,0.96555,0.99956,Mast,UC_vs_HC
KXD1,1.7754,0.73285,0.70443,1.0403,0.29818,0.99956,Mast,UC_vs_HC
AC005253.1,0.20021,0.017055,2.6456,0.0064465,0.99486,,Mast,UC_vs_HC
UBA52,116.77,-0.0048818,0.23157,-0.021082,0.98318,0.99956,Mast,UC_vs_HC
REX1BD,6.3001,-0.20044,1.3417,-0.1494,0.88124,0.99956,Mast,UC_vs_HC
KLHL26,0.25672,1.309,2.8149,0.46504,0.6419,,Mast,UC_vs_HC
CRTC1,0.15105,0.95833,1.9424,0.49338,0.62174,,Mast,UC_vs_HC
UPF1,1.7978,-0.27399,0.7846,-0.34921,0.72693,0.99956,Mast,UC_vs_HC
COPE,15.828,0.17811,0.41561,0.42855,0.66825,0.99956,Mast,UC_vs_HC
DDX49,1.3014,-0.64695,1.009,-0.64117,0.52141,0.99956,Mast,UC_vs_HC
HOMER3,0.95365,1.0727,1.06,1.012,0.31153,,Mast,UC_vs_HC
SUGP2,2.1487,0.72028,0.74031,0.97295,0.33058,0.99956,Mast,UC_vs_HC
ARMC6,0.22276,0.66499,1.7875,0.37202,0.70988,,Mast,UC_vs_HC
SLC25A42,0.24404,0.72925,1.7368,0.41989,0.67456,,Mast,UC_vs_HC
TMEM161A,0.8052,0.54721,1.1771,0.46488,0.64202,,Mast,UC_vs_HC
MEF2B,0.3129,1.3326,4.0556,0.32858,0.74247,,Mast,UC_vs_HC
BORCS8,1.8558,-0.56285,0.70957,-0.79322,0.42765,0.99956,Mast,UC_vs_HC
RFXANK,2.2401,-0.34097,0.65298,-0.52218,0.60154,0.99956,Mast,UC_vs_HC
NR2C2AP,0.77114,1.493,1.4552,1.026,0.3049,,Mast,UC_vs_HC
SUGP1,0.56911,-0.093019,1.1446,-0.081265,0.93523,,Mast,UC_vs_HC
MAU2,0.69409,0.063472,1.1338,0.055984,0.95535,,Mast,UC_vs_HC
GATAD2A,1.6322,-0.26241,0.78047,-0.33621,0.73671,0.99956,Mast,UC_vs_HC
NDUFA13,12.609,-0.08969,0.34924,-0.25682,0.79732,0.99956,Mast,UC_vs_HC
YJEFN3,0.066436,-0.53992,3.1881,-0.16935,0.86552,,Mast,UC_vs_HC
PBX4,0.0134,0.3681,4.0861,0.090086,0.92822,,Mast,UC_vs_HC
AC002306.1,0.0134,0.3681,4.0861,0.090086,0.92822,,Mast,UC_vs_HC
LPAR2,0.043662,1.1196,2.8057,0.39906,0.68985,,Mast,UC_vs_HC
GMIP,0.65741,0.29658,0.98414,0.30136,0.76314,,Mast,UC_vs_HC
ATP13A1,0.44332,-0.12395,1.7478,-0.070916,0.94346,,Mast,UC_vs_HC
ZNF101,0.80587,0.64836,1.0079,0.64329,0.52004,,Mast,UC_vs_HC
ZNF14,0.18722,-1.0311,1.6258,-0.6342,0.52595,,Mast,UC_vs_HC
ZNF506,1.8333,-0.087048,0.76893,-0.11321,0.90987,0.99956,Mast,UC_vs_HC
ZNF253,0.25184,0.67676,1.7341,0.39026,0.69635,,Mast,UC_vs_HC
ZNF93,0.19894,-0.20898,1.8621,-0.11223,0.91064,,Mast,UC_vs_HC
ZNF682,0.32152,0.25077,1.7982,0.13946,0.88909,,Mast,UC_vs_HC
ZNF90,0.17493,0.89981,1.8252,0.49299,0.62202,,Mast,UC_vs_HC
AC011447.3,0.19936,-0.54455,1.5603,-0.349,0.72709,,Mast,UC_vs_HC
ZNF486,0.35599,1.9546,3.8938,0.50199,0.61567,,Mast,UC_vs_HC
ZNF737,0.43292,0.73111,1.5654,0.46703,0.64048,,Mast,UC_vs_HC
AC010636.2,0.026346,1.1367,4.0708,0.27924,0.78006,,Mast,UC_vs_HC
ZNF626,0.74882,0.41713,1.2468,0.33457,0.73795,,Mast,UC_vs_HC
ZNF66,0.26896,0.13763,1.8813,0.07316,0.94168,,Mast,UC_vs_HC
ZNF85,0.44871,-0.55215,1.3766,-0.40111,0.68834,,Mast,UC_vs_HC
ZNF430,4.2136,0.40368,0.62285,0.64811,0.51691,0.99956,Mast,UC_vs_HC
ZNF714,0.89865,-0.52007,1.1495,-0.45243,0.65096,,Mast,UC_vs_HC
ZNF431,3.4658,0.0052799,0.55975,0.0094326,0.99247,0.99956,Mast,UC_vs_HC
ZNF708,1.7195,0.47724,0.94403,0.50554,0.61318,0.99956,Mast,UC_vs_HC
ZNF738,0.68635,0.36068,0.93004,0.38781,0.69816,,Mast,UC_vs_HC
ZNF493,1.4076,-0.97801,0.94833,-1.0313,0.3024,0.99956,Mast,UC_vs_HC
ZNF429,0.6167,-0.12085,1.2133,-0.099605,0.92066,,Mast,UC_vs_HC
ZNF100,1.5711,0.40559,0.74225,0.54643,0.58477,0.99956,Mast,UC_vs_HC
ZNF43,1.6247,0.99146,0.96405,1.0284,0.30374,0.99956,Mast,UC_vs_HC
ZNF208,0.12753,0.21333,3.6884,0.057838,0.95388,,Mast,UC_vs_HC
ZNF257,0.26807,-0.7802,1.7349,-0.44972,0.65291,,Mast,UC_vs_HC
ZNF492,0.13764,-0.36354,2.5004,-0.1454,0.8844,,Mast,UC_vs_HC
ZNF730,0.055411,0.73069,4.1338,0.17676,0.8597,,Mast,UC_vs_HC
ZNF724,0.27915,0.012784,2.3253,0.0054979,0.99561,,Mast,UC_vs_HC
AC092329.1,0.026346,1.1367,4.0708,0.27924,0.78006,,Mast,UC_vs_HC
ZNF91,1.9392,0.10934,0.79589,0.13738,0.89073,0.99956,Mast,UC_vs_HC
LINC01224,0.026237,0.024139,4.0722,0.0059277,0.99527,,Mast,UC_vs_HC
ZNF675,1.665,-0.036198,0.75477,-0.047959,0.96175,0.99956,Mast,UC_vs_HC
ZNF681,0.24222,-0.45579,1.5292,-0.29805,0.76566,,Mast,UC_vs_HC
ZNF726,0.12957,-0.81586,2.4199,-0.33714,0.73601,,Mast,UC_vs_HC
ZNF254,1.1477,0.82974,0.7848,1.0573,0.2904,0.99956,Mast,UC_vs_HC
AC092279.1,0.44926,1.5908,1.4461,1.1001,0.2713,,Mast,UC_vs_HC
LINC00662,0.55398,-0.73036,1.5374,-0.47506,0.63474,,Mast,UC_vs_HC
AC006504.1,0.12471,0.54144,2.5141,0.21536,0.82948,,Mast,UC_vs_HC
AC006504.5,0.49659,0.32964,1.188,0.27747,0.78142,,Mast,UC_vs_HC
AC005616.1,0.043089,1.2415,4.0577,0.30596,0.75964,,Mast,UC_vs_HC
AC079466.1,0.064474,0.59268,4.1488,0.14286,0.8864,,Mast,UC_vs_HC
UQCRFS1,6.6047,0.32632,0.84972,0.38403,0.70095,0.99956,Mast,UC_vs_HC
POP4,1.9621,0.3797,0.7711,0.49241,0.62243,0.99956,Mast,UC_vs_HC
PLEKHF1,0.024934,1.088,4.0829,0.26647,0.78988,,Mast,UC_vs_HC
C19orf12,0.84631,0.30287,1.249,0.2425,0.8084,,Mast,UC_vs_HC
CCNE1,0.097449,0.73069,4.1338,0.17676,0.8597,,Mast,UC_vs_HC
URI1,0.98069,1.4119,0.85129,1.6585,0.097209,,Mast,UC_vs_HC
AC008507.2,0.018728,0.70632,4.1361,0.17077,0.86441,,Mast,UC_vs_HC
TSHZ3,0.063802,1.2135,3.2321,0.37544,0.70734,,Mast,UC_vs_HC
ZNF507,0.37027,0.16394,1.3669,0.11994,0.90453,,Mast,UC_vs_HC
DPY19L3,0.22525,0.66173,1.5178,0.43599,0.66284,,Mast,UC_vs_HC
PDCD5,6.1184,-0.037822,0.50014,-0.075624,0.93972,0.99956,Mast,UC_vs_HC
ANKRD27,2.0915,0.055175,0.88071,0.062648,0.95005,0.99956,Mast,UC_vs_HC
RGS9BP,0.055411,0.73069,4.1338,0.17676,0.8597,,Mast,UC_vs_HC
AC008736.1,0.018728,0.70632,4.1361,0.17077,0.86441,,Mast,UC_vs_HC
NUDT19,0.33492,-0.26631,1.3714,-0.1942,0.84602,,Mast,UC_vs_HC
SLC7A9,0.026237,0.024139,4.0722,0.0059277,0.99527,,Mast,UC_vs_HC
CEP89,0.52952,-0.95763,1.7361,-0.55158,0.58124,,Mast,UC_vs_HC
FAAP24,0.17289,0.34796,2.391,0.14552,0.8843,,Mast,UC_vs_HC
RHPN2,0.0134,0.3681,4.0861,0.090086,0.92822,,Mast,UC_vs_HC
GPATCH1,0.60364,-0.72317,1.2341,-0.58601,0.55787,,Mast,UC_vs_HC
CEBPA,0.082834,1.1766,1.9991,0.58858,0.55614,,Mast,UC_vs_HC
CEBPG,2.2877,0.54532,0.72087,0.75647,0.44937,0.99956,Mast,UC_vs_HC
PEPD,5.5519,0.39426,0.74542,0.5289,0.59687,0.99956,Mast,UC_vs_HC
KCTD15,0.55611,0.9782,1.1841,0.82609,0.40875,,Mast,UC_vs_HC
LSM14A,3.7141,0.21887,0.53509,0.40903,0.68252,0.99956,Mast,UC_vs_HC
KIAA0355,1.3085,1.0405,1.1325,0.91872,0.35824,0.99956,Mast,UC_vs_HC
GPI,1.6326,-0.18681,0.74238,-0.25163,0.80132,0.99956,Mast,UC_vs_HC
PDCD2L,0.058927,0.042455,3.1255,0.013584,0.98916,,Mast,UC_vs_HC
UBA2,3.4071,-1.0054,0.81201,-1.2381,0.21566,0.99956,Mast,UC_vs_HC
ZNF302,2.0208,-0.3565,0.92354,-0.38602,0.69949,0.99956,Mast,UC_vs_HC
AC020910.4,0.039745,0.81098,2.9497,0.27494,0.78337,,Mast,UC_vs_HC
ZNF181,0.3558,0.5383,1.2197,0.44133,0.65897,,Mast,UC_vs_HC
ZNF599,0.026237,0.024139,4.0722,0.0059277,0.99527,,Mast,UC_vs_HC
AC008555.2,0.064474,0.59268,4.1488,0.14286,0.8864,,Mast,UC_vs_HC
AC008555.5,0.1472,0.2053,1.8528,0.1108,0.91177,,Mast,UC_vs_HC
ZNF30,0.069706,-0.032991,1.9718,-0.016732,0.98665,,Mast,UC_vs_HC
ZNF792,0.19511,0.89911,2.0213,0.44483,0.65644,,Mast,UC_vs_HC
GRAMD1A,1.0502,-0.026457,0.90511,-0.029231,0.97668,,Mast,UC_vs_HC
AC020907.3,0.037578,0.16073,4.0541,0.039647,0.96837,,Mast,UC_vs_HC
SCN1B,0.10737,0.16073,4.0541,0.039647,0.96837,,Mast,UC_vs_HC
FXYD3,1.0764,-2.1607,1.7964,-1.2028,0.22905,,Mast,UC_vs_HC
FXYD1,1.6157,-0.034777,0.74533,-0.046659,0.96278,0.99956,Mast,UC_vs_HC
FXYD7,0.35016,-0.31568,1.8747,-0.1684,0.86627,,Mast,UC_vs_HC
FXYD5,41.827,0.076192,0.23893,0.31889,0.74981,0.99956,Mast,UC_vs_HC
LSR,0.76508,0.45621,1.589,0.28711,0.77403,,Mast,UC_vs_HC
USF2,4.5928,0.063291,0.68974,0.091761,0.92689,0.99956,Mast,UC_vs_HC
MAG,0.61902,-0.76527,2.6073,-0.29351,0.76913,,Mast,UC_vs_HC
CD22,7.8271,0.050952,0.3726,0.13675,0.89123,0.99956,Mast,UC_vs_HC
FFAR1,0.37118,1.8871,1.7264,1.093,0.27437,,Mast,UC_vs_HC
FFAR3,0.51787,-0.26624,1.5438,-0.17246,0.86308,,Mast,UC_vs_HC
GPR42,0.1902,0.77937,1.8358,0.42455,0.67117,,Mast,UC_vs_HC
FFAR2,0.49978,1.1318,3.2959,0.34341,0.73129,,Mast,UC_vs_HC
DMKN,0.44732,2.2584,1.4663,1.5402,0.12352,,Mast,UC_vs_HC
TMEM147-AS1,0.14911,0.54201,1.7888,0.303,0.76189,,Mast,UC_vs_HC
TMEM147,5.6275,-0.050499,0.80309,-0.06288,0.94986,0.99956,Mast,UC_vs_HC
HAUS5,0.039637,-0.23575,2.975,-0.079243,0.93684,,Mast,UC_vs_HC
RBM42,2.7005,0.56051,0.87341,0.64175,0.52104,0.99956,Mast,UC_vs_HC
ETV2,0.12604,0.57149,2.1295,0.26837,0.78842,,Mast,UC_vs_HC
COX6B1,29.853,-0.00018823,0.20789,-0.00090542,0.99928,0.99996,Mast,UC_vs_HC
ZBTB32,1.1071,0.63841,1.1258,0.56709,0.57065,,Mast,UC_vs_HC
KMT2B,1.2221,1.6522,0.99317,1.6635,0.096205,0.99956,Mast,UC_vs_HC
IGFLR1,1.0887,0.34633,1.1916,0.29063,0.77133,,Mast,UC_vs_HC
U2AF1L4,1.1753,0.41261,0.73821,0.55893,0.57621,0.99956,Mast,UC_vs_HC
PSENEN,3.2975,-0.033503,0.55045,-0.060866,0.95147,0.99956,Mast,UC_vs_HC
LIN37,0.12238,1.2589,3.5721,0.35244,0.72451,,Mast,UC_vs_HC
PROSER3,0.31916,0.10119,2.4774,0.040845,0.96742,,Mast,UC_vs_HC
ARHGAP33,0.52264,0.82422,1.0253,0.8039,0.42146,,Mast,UC_vs_HC
APLP1,0.19781,-0.93589,2.8428,-0.32921,0.74199,,Mast,UC_vs_HC
NFKBID,22.519,-0.10809,0.54988,-0.19657,0.84416,0.99956,Mast,UC_vs_HC
HCST,20.022,0.89779,0.44295,2.0268,0.042679,0.91958,Mast,UC_vs_HC
TYROBP,56.916,0.37803,0.23866,1.584,0.1132,0.99956,Mast,UC_vs_HC
SDHAF1,0.31787,-0.54144,2.4631,-0.21982,0.82601,,Mast,UC_vs_HC
ALKBH6,0.24153,-0.73707,3.6782,-0.20039,0.84118,,Mast,UC_vs_HC
AC002116.2,0.026237,0.024139,4.0722,0.0059277,0.99527,,Mast,UC_vs_HC
THAP8,0.18513,0.57286,3.7136,0.15426,0.87741,,Mast,UC_vs_HC
WDR62,0.19576,0.91592,1.8495,0.49523,0.62044,,Mast,UC_vs_HC
POLR2I,5.8953,0.08842,0.39341,0.22476,0.82217,0.99956,Mast,UC_vs_HC
TBCB,6.2963,0.45445,0.77904,0.58334,0.55966,0.99956,Mast,UC_vs_HC
CAPNS1,4.3726,0.29911,0.50993,0.58657,0.55749,0.99956,Mast,UC_vs_HC
COX7A1,3.184,-0.53178,0.53686,-0.99054,0.32191,0.99956,Mast,UC_vs_HC
ZNF565,0.50123,0.40389,1.7119,0.23594,0.81348,,Mast,UC_vs_HC
ZNF146,1.8004,-0.014169,0.72477,-0.01955,0.9844,0.99956,Mast,UC_vs_HC
LINC00665,0.12849,0.25147,1.4652,0.17163,0.86373,,Mast,UC_vs_HC
ZFP14,1.0188,-0.09479,1.0313,-0.091911,0.92677,,Mast,UC_vs_HC
ZFP82,0.43343,1.4706,1.2565,1.1704,0.24183,,Mast,UC_vs_HC
ZNF566,0.33545,0.31865,1.1089,0.28736,0.77383,,Mast,UC_vs_HC
ZNF260,0.53829,1.3788,1.534,0.89881,0.36875,,Mast,UC_vs_HC
ZNF529,1.3095,0.21389,1.2057,0.17739,0.8592,0.99956,Mast,UC_vs_HC
ZNF529-AS1,0.48133,0.53717,1.2507,0.42948,0.66757,,Mast,UC_vs_HC
ZNF382,0.43934,-0.049776,1.2032,-0.041369,0.967,,Mast,UC_vs_HC
ZNF461,0.21144,1.3903,2.0867,0.66625,0.50525,,Mast,UC_vs_HC
LINC01534,0.10355,1.2051,2.2318,0.53994,0.58924,,Mast,UC_vs_HC
ZNF567,0.78053,0.99374,1.0469,0.94921,0.34251,,Mast,UC_vs_HC
ZNF850,0.33756,0.21767,1.7364,0.12536,0.90024,,Mast,UC_vs_HC
AC020928.3,0.097449,0.73069,4.1338,0.17676,0.8597,,Mast,UC_vs_HC
AC020928.1,0.36573,0.24287,1.1638,0.20869,0.83469,,Mast,UC_vs_HC
ZNF790,0.73234,0.42076,0.92294,0.45589,0.64847,,Mast,UC_vs_HC
ZNF345,0.94005,1.1223,2.0145,0.55714,0.57743,,Mast,UC_vs_HC
ZNF829,0.25008,-1.5994,2.1126,-0.75707,0.44901,,Mast,UC_vs_HC
ZNF568,0.67544,-0.11353,1.0441,-0.10873,0.91341,,Mast,UC_vs_HC
ZNF420,0.58721,1.123,1.1812,0.95068,0.34177,,Mast,UC_vs_HC
ZNF585A,0.43628,-1.1535,1.6444,-0.70147,0.48301,,Mast,UC_vs_HC
ZNF585B,0.0268,0.16572,4.0548,0.040869,0.9674,,Mast,UC_vs_HC
ZNF383,0.70631,0.18327,0.96455,0.19,0.84931,,Mast,UC_vs_HC
AC016590.1,0.026346,1.1367,4.0708,0.27924,0.78006,,Mast,UC_vs_HC
HKR1,0.56842,-0.71492,1.2331,-0.57975,0.56208,,Mast,UC_vs_HC
ZNF527,0.20629,0.15062,1.4343,0.10501,0.91637,,Mast,UC_vs_HC
ZNF569,0.31812,0.26849,1.4403,0.18642,0.85212,,Mast,UC_vs_HC
ZNF570,0.38039,-0.16223,1.4103,-0.11503,0.90842,,Mast,UC_vs_HC
ZNF793-AS1,0.13155,1.5354,2.1957,0.69928,0.48438,,Mast,UC_vs_HC
ZNF793,0.22473,-0.5783,1.5091,-0.3832,0.70157,,Mast,UC_vs_HC
ZNF571-AS1,0.20615,0.72645,1.6974,0.42797,0.66867,,Mast,UC_vs_HC
ZNF540,0.12207,-0.41012,1.9063,-0.21514,0.82966,,Mast,UC_vs_HC
ZNF571,0.48678,-0.57505,1.3055,-0.44048,0.65959,,Mast,UC_vs_HC
ZFP30,0.1042,1.073,1.7617,0.6091,0.54246,,Mast,UC_vs_HC
ZNF781,0.40658,-0.079261,1.316,-0.060229,0.95197,,Mast,UC_vs_HC
ZNF607,0.05825,0.61256,3.152,0.19434,0.84591,,Mast,UC_vs_HC
AC093227.1,0.14822,0.43251,2.4386,0.17736,0.85923,,Mast,UC_vs_HC
ZNF573,0.10442,1.167,1.9897,0.58653,0.55752,,Mast,UC_vs_HC
SIPA1L3,0.48606,-0.36615,1.355,-0.27023,0.78699,,Mast,UC_vs_HC
SPINT2,8.9449,0.29968,0.62365,0.48053,0.63085,0.99956,Mast,UC_vs_HC
PPP1R14A,0.077101,0.071944,3.5089,0.020503,0.98364,,Mast,UC_vs_HC
C19orf33,0.39622,-0.99245,1.3132,-0.75572,0.44981,,Mast,UC_vs_HC
YIF1B,1.2131,0.37188,0.95956,0.38756,0.69834,0.99956,Mast,UC_vs_HC
KCNK6,2.3842,-0.30168,0.66927,-0.45076,0.65216,0.99956,Mast,UC_vs_HC
CATSPERG,0.62193,1.5083,1.5919,0.94747,0.3434,,Mast,UC_vs_HC
PSMD8,12.744,0.46505,0.46024,1.0104,0.31228,0.99956,Mast,UC_vs_HC
FAM98C,0.8126,1.4441,0.99344,1.4536,0.14606,,Mast,UC_vs_HC
RASGRP4,3.4345,0.86097,0.49235,1.7487,0.080343,0.99956,Mast,UC_vs_HC
RYR1,0.44462,1.5592,1.7614,0.88516,0.37607,,Mast,UC_vs_HC
MAP4K1,0.45222,0.28083,1.3888,0.20221,0.83975,,Mast,UC_vs_HC
AC008649.1,0.026237,0.024139,4.0722,0.0059277,0.99527,,Mast,UC_vs_HC
EIF3K,41.535,-0.071006,0.20506,-0.34627,0.72914,0.99956,Mast,UC_vs_HC
ACTN4,10.63,0.43716,0.3635,1.2026,0.22912,0.99956,Mast,UC_vs_HC
CAPN12,0.41855,0.4098,1.4078,0.29109,0.77098,,Mast,UC_vs_HC
AC022144.1,0.066545,0.44849,3.3009,0.13587,0.89193,,Mast,UC_vs_HC
LGALS4,2.0381,-1.8676,1.2406,-1.5055,0.1322,0.99956,Mast,UC_vs_HC
ECH1,9.8391,0.41669,0.38771,1.0747,0.28249,0.99956,Mast,UC_vs_HC
HNRNPL,4.5005,-0.097197,0.50709,-0.19168,0.848,0.99956,Mast,UC_vs_HC
RINL,0.82528,0.67281,1.213,0.55468,0.57911,,Mast,UC_vs_HC
SIRT2,2.4779,-0.031437,0.61841,-0.050835,0.95946,0.99956,Mast,UC_vs_HC
NFKBIB,4.5356,0.62509,0.58618,1.0664,0.28625,0.99956,Mast,UC_vs_HC
SARS2,0.10365,1.2415,4.0577,0.30596,0.75964,,Mast,UC_vs_HC
MRPS12,2.0959,1.0145,0.7247,1.3998,0.16156,0.99956,Mast,UC_vs_HC
FBXO27,0.30774,-0.010319,1.7961,-0.0057452,0.99542,,Mast,UC_vs_HC
ACP7,0.086178,1.7051,4.0089,0.42532,0.6706,,Mast,UC_vs_HC
PAK4,0.37326,0.13493,1.371,0.098416,0.9216,,Mast,UC_vs_HC
AC011443.1,0.12272,0.5683,2.2576,0.25173,0.80125,,Mast,UC_vs_HC
LRFN1,0.063924,0.64284,3.2536,0.19758,0.84337,,Mast,UC_vs_HC
GMFG,22.063,0.38364,0.22526,1.7031,0.08855,0.99956,Mast,UC_vs_HC
AC011445.2,0.026346,1.1367,4.0708,0.27924,0.78006,,Mast,UC_vs_HC
SAMD4B,3.8583,-0.038608,0.53053,-0.072772,0.94199,0.99956,Mast,UC_vs_HC
PAF1,2.2444,-0.2168,0.63018,-0.34402,0.73083,0.99956,Mast,UC_vs_HC
MED29,3.4833,-1.0021,0.76893,-1.3033,0.19247,0.99956,Mast,UC_vs_HC
ZFP36,73.156,-0.33633,0.53333,-0.63061,0.52829,0.99956,Mast,UC_vs_HC
PLEKHG2,0.8872,0.35241,1.5114,0.23316,0.81563,,Mast,UC_vs_HC
RPS16,107.36,-0.095963,0.28658,-0.33486,0.73773,0.99956,Mast,UC_vs_HC
SUPT5H,2.8247,-0.54198,0.55522,-0.97616,0.32899,0.99956,Mast,UC_vs_HC
TIMM50,0.81078,0.16126,1.1003,0.14656,0.88348,,Mast,UC_vs_HC
DLL3,0.052922,0.24161,3.2428,0.074505,0.94061,,Mast,UC_vs_HC
EID2B,0.21202,0.044546,2.1811,0.020423,0.98371,,Mast,UC_vs_HC
EID2,0.21447,0.35096,1.5255,0.23006,0.81805,,Mast,UC_vs_HC
CLC,12.019,2.3851,1.6043,1.4868,0.13708,0.99956,Mast,UC_vs_HC
DYRK1B,0.42542,1.1859,1.2181,0.97357,0.33027,,Mast,UC_vs_HC
FBL,4.4132,-0.99452,0.60596,-1.6412,0.10075,0.99956,Mast,UC_vs_HC
FCGBP,1.3502,-4.1491,2.3125,-1.7942,0.072782,0.99956,Mast,UC_vs_HC
PSMC4,4.6949,-0.14012,0.44057,-0.31805,0.75045,0.99956,Mast,UC_vs_HC
ZNF546,0.13751,1.5952,2.4275,0.65712,0.51111,,Mast,UC_vs_HC
ZNF780B,0.81365,0.65302,1.1565,0.56468,0.57229,,Mast,UC_vs_HC
ZNF780A,1.0669,0.44345,0.88994,0.49829,0.61828,,Mast,UC_vs_HC
AC005614.1,0.097449,0.73069,4.1338,0.17676,0.8597,,Mast,UC_vs_HC
MAP3K10,0.17409,1.1237,2.3641,0.47533,0.63455,,Mast,UC_vs_HC
AKT2,2.7687,1.0485,0.76173,1.3764,0.16869,0.99956,Mast,UC_vs_HC
C19orf47,0.069326,0.62141,3.2415,0.1917,0.84797,,Mast,UC_vs_HC
PLD3,4.4701,-0.16328,0.64943,-0.25141,0.80149,0.99956,Mast,UC_vs_HC
PRX,0.10215,-0.13112,1.6567,-0.079143,0.93692,,Mast,UC_vs_HC
SERTAD1,25.819,-1.1343,0.54318,-2.0883,0.036768,0.90299,Mast,UC_vs_HC
SERTAD3,3.0013,0.4874,0.5527,0.88185,0.37786,0.99956,Mast,UC_vs_HC
BLVRB,3.5019,-1.068,0.54084,-1.9747,0.048298,0.95101,Mast,UC_vs_HC
SHKBP1,2.0616,0.2704,0.86487,0.31265,0.75455,0.99956,Mast,UC_vs_HC
LTBP4,0.47031,0.84739,1.1626,0.72889,0.46607,,Mast,UC_vs_HC
NUMBL,0.092214,1.3196,3.3744,0.39105,0.69576,,Mast,UC_vs_HC
COQ8B,0.56286,0.68589,1.1744,0.58406,0.55918,,Mast,UC_vs_HC
ITPKC,0.33202,0.83373,1.855,0.44944,0.65312,,Mast,UC_vs_HC
C19orf54,0.069435,1.5682,3.0225,0.51884,0.60387,,Mast,UC_vs_HC
SNRPA,1.899,-0.17555,0.79497,-0.22082,0.82523,0.99956,Mast,UC_vs_HC
MIA-RAB4B,0.039522,0.59268,4.1488,0.14286,0.8864,,Mast,UC_vs_HC
RAB4B,0.28978,0.24894,1.3776,0.1807,0.8566,,Mast,UC_vs_HC
AC008537.4,0.026237,0.024139,4.0722,0.0059277,0.99527,,Mast,UC_vs_HC
EGLN2,0.0268,0.16572,4.0548,0.040869,0.9674,,Mast,UC_vs_HC
AXL,0.024934,1.088,4.0829,0.26647,0.78988,,Mast,UC_vs_HC
HNRNPUL1,3.8167,-0.81154,0.58863,-1.3787,0.16799,0.99956,Mast,UC_vs_HC
TGFB1,6.9209,0.30283,1.029,0.2943,0.76853,0.99956,Mast,UC_vs_HC
CCDC97,2.1943,-0.018835,0.64938,-0.029005,0.97686,0.99956,Mast,UC_vs_HC
AC011462.1,0.0134,0.3681,4.0861,0.090086,0.92822,,Mast,UC_vs_HC
TMEM91,2.1408,-0.3542,0.72545,-0.48824,0.62538,0.99956,Mast,UC_vs_HC
B9D2,0.86802,0.91426,1.2639,0.72335,0.46946,,Mast,UC_vs_HC
EXOSC5,1.9326,0.11298,0.72125,0.15664,0.87553,0.99956,Mast,UC_vs_HC
B3GNT8,0.37004,-0.25662,1.502,-0.17085,0.86434,,Mast,UC_vs_HC
DMAC2,1.1611,-0.45832,0.85592,-0.53546,0.59233,0.99956,Mast,UC_vs_HC
LINC01480,0.18153,0.77308,2.651,0.29162,0.77057,,Mast,UC_vs_HC
AC243960.1,0.069584,0.4626,3.1998,0.14457,0.88505,,Mast,UC_vs_HC
CEACAM21,0.024934,1.088,4.0829,0.26647,0.78988,,Mast,UC_vs_HC
CEACAM7,0.21525,-0.87975,2.8241,-0.31152,0.75541,,Mast,UC_vs_HC
CEACAM5,0.31304,1.3275,2.3324,0.56915,0.56926,,Mast,UC_vs_HC
CEACAM6,0.073164,-0.23944,3.3159,-0.07221,0.94244,,Mast,UC_vs_HC
RPS19,199.57,-0.13764,0.2512,-0.54794,0.58373,0.99956,Mast,UC_vs_HC
CD79A,1.3964,1.7688,1.628,1.0864,0.27728,0.99956,Mast,UC_vs_HC
ARHGEF1,3.0133,0.96004,0.62266,1.5418,0.12311,0.99956,Mast,UC_vs_HC
AC010616.1,0.018728,0.70632,4.1361,0.17077,0.86441,,Mast,UC_vs_HC
RABAC1,16.392,0.30025,0.58939,0.50943,0.61045,0.99956,Mast,UC_vs_HC
GRIK5,0.055411,0.73069,4.1338,0.17676,0.8597,,Mast,UC_vs_HC
ZNF574,0.4296,0.72811,1.6508,0.44107,0.65916,,Mast,UC_vs_HC
POU2F2,1.2303,1.6959,0.8969,1.8908,0.058645,0.98721,Mast,UC_vs_HC
DEDD2,0.66382,1.1108,1.0857,1.0231,0.30625,,Mast,UC_vs_HC
ZNF526,0.14115,1.7072,2.1687,0.78721,0.43116,,Mast,UC_vs_HC
GSK3A,2.2804,0.22775,1.0844,0.21004,0.83364,0.99956,Mast,UC_vs_HC
ERF,6.2109,-1.2941,0.62573,-2.0681,0.038628,0.90299,Mast,UC_vs_HC
CIC,1.1842,0.02698,0.91244,0.029569,0.97641,0.99956,Mast,UC_vs_HC
PAFAH1B3,1.7589,0.88448,0.70591,1.253,0.21022,0.99956,Mast,UC_vs_HC
MEGF8,0.47325,1.3231,1.5779,0.83852,0.40174,,Mast,UC_vs_HC
CNFN,0.044965,0.057449,3.1839,0.018044,0.9856,,Mast,UC_vs_HC
LIPE-AS1,0.42006,1.3965,1.3684,1.0206,0.30746,,Mast,UC_vs_HC
LIPE,0.35303,0.65221,1.9921,0.3274,0.74337,,Mast,UC_vs_HC
CEACAM1,0.64048,1.3449,1.3243,1.0155,0.30987,,Mast,UC_vs_HC
CD177,0.037578,0.16073,4.0541,0.039647,0.96837,,Mast,UC_vs_HC
LYPD3,0.039745,0.81098,2.9497,0.27494,0.78337,,Mast,UC_vs_HC
PHLDB3,0.46805,0.61273,1.2735,0.48115,0.63041,,Mast,UC_vs_HC
ETHE1,2.3282,-0.51438,0.75938,-0.67737,0.49817,0.99956,Mast,UC_vs_HC
ZNF575,0.0268,0.16572,4.0548,0.040869,0.9674,,Mast,UC_vs_HC
XRCC1,1.474,0.050404,0.81176,0.062092,0.95049,0.99956,Mast,UC_vs_HC
PINLYP,0.24764,0.96244,1.515,0.63527,0.52526,,Mast,UC_vs_HC
IRGQ,2.7328,0.30256,0.55137,0.54875,0.58317,0.99956,Mast,UC_vs_HC
ZNF576,0.62048,0.963,1.1567,0.83256,0.40509,,Mast,UC_vs_HC
ZNF428,4.9764,0.13106,0.92143,0.14223,0.8869,0.99956,Mast,UC_vs_HC
PLAUR,40.466,0.025845,0.43981,0.058765,0.95314,0.99956,Mast,UC_vs_HC
SMG9,0.35249,0.69209,1.1672,0.59294,0.55322,,Mast,UC_vs_HC
KCNN4,0.11518,0.069591,3.7961,0.018332,0.98537,,Mast,UC_vs_HC
ZNF283,0.21115,0.25732,1.3472,0.191,0.84853,,Mast,UC_vs_HC
AC006213.2,0.18869,0.5092,2.0788,0.24495,0.8065,,Mast,UC_vs_HC
ZNF45,0.17618,0.0055285,2.4793,0.0022299,0.99822,,Mast,UC_vs_HC
ZNF221,0.12769,-0.097117,1.756,-0.055306,0.95589,,Mast,UC_vs_HC
ZNF155,0.18683,1.0092,1.5274,0.66075,0.50877,,Mast,UC_vs_HC
ZNF230,0.50926,0.036072,1.0737,0.033596,0.9732,,Mast,UC_vs_HC
ZNF222,0.34067,-0.40156,1.1918,-0.33692,0.73618,,Mast,UC_vs_HC
ZNF223,0.29114,0.39168,1.8057,0.21692,0.82827,,Mast,UC_vs_HC
ZNF224,2.862,-0.27753,0.62809,-0.44186,0.65859,0.99956,Mast,UC_vs_HC
ZNF225,0.22114,0.1289,4.0547,0.03179,0.97464,,Mast,UC_vs_HC
ZNF234,0.16202,0.29687,1.8851,0.15748,0.87487,,Mast,UC_vs_HC
ZNF226,0.85121,1.2791,0.95274,1.3426,0.17941,,Mast,UC_vs_HC
ZNF227,0.78476,-1.1659,1.6678,-0.69905,0.48452,,Mast,UC_vs_HC
ZNF235,0.50384,-0.524,1.1738,-0.4464,0.6553,,Mast,UC_vs_HC
ZNF233,0.1982,-0.72525,1.7611,-0.41182,0.68047,,Mast,UC_vs_HC
ZNF112,0.037578,0.16073,4.0541,0.039647,0.96837,,Mast,UC_vs_HC
ZNF285,0.0134,0.3681,4.0861,0.090086,0.92822,,Mast,UC_vs_HC
ZNF180,0.18417,1.3582,1.6136,0.84173,0.39994,,Mast,UC_vs_HC
PVR,0.052922,0.24161,3.2428,0.074505,0.94061,,Mast,UC_vs_HC
BCL3,7.8769,0.69522,0.49199,1.4131,0.15763,0.99956,Mast,UC_vs_HC
CBLC,0.0134,0.3681,4.0861,0.090086,0.92822,,Mast,UC_vs_HC
BCAM,0.06025,0.16073,4.0541,0.039647,0.96837,,Mast,UC_vs_HC
NECTIN2,1.4245,-0.10693,0.90885,-0.11765,0.90634,0.99956,Mast,UC_vs_HC
AC011481.2,0.16713,-0.56706,3.8756,-0.14632,0.88367,,Mast,UC_vs_HC
TOMM40,0.48394,1.0585,1.2607,0.83956,0.40115,,Mast,UC_vs_HC
APOE,4.1809,2.4956,1.6677,1.4965,0.13454,0.99956,Mast,UC_vs_HC
APOC1,5.5419,0.54655,1.143,0.47819,0.63251,0.99956,Mast,UC_vs_HC
APOC2,0.93194,0.15367,1.1624,0.13221,0.89482,,Mast,UC_vs_HC
CLPTM1,1.0174,-0.095218,0.94216,-0.10106,0.9195,,Mast,UC_vs_HC
RELB,3.4054,0.19201,0.72072,0.26642,0.78992,0.99956,Mast,UC_vs_HC
CLASRP,0.77286,0.32181,1.1803,0.27265,0.78512,,Mast,UC_vs_HC
ZNF296,0.13132,0.40479,1.7768,0.22781,0.81979,,Mast,UC_vs_HC
GEMIN7,0.99472,-0.50207,1.0753,-0.4669,0.64057,,Mast,UC_vs_HC
MARK4,0.20265,0.3002,1.6788,0.17882,0.85808,,Mast,UC_vs_HC
PPP1R37,1.1559,-1.1765,0.92852,-1.267,0.20515,0.99956,Mast,UC_vs_HC
AC005757.1,0.045074,1.1802,3.0256,0.39009,0.69647,,Mast,UC_vs_HC
TRAPPC6A,2.9506,-0.1274,0.52941,-0.24065,0.80983,0.99956,Mast,UC_vs_HC
BLOC1S3,0.21014,-0.28002,2.1464,-0.13046,0.8962,,Mast,UC_vs_HC
EXOC3L2,0.13,1.6342,3.3369,0.48974,0.62432,,Mast,UC_vs_HC
CKM,0.16813,1.184,3.7988,0.31168,0.75528,,Mast,UC_vs_HC
ERCC2,0.032128,0.40025,2.7752,0.14423,0.88532,,Mast,UC_vs_HC
PPP1R13L,0.087446,0.80594,3.1507,0.2558,0.79811,,Mast,UC_vs_HC
CD3EAP,0.28261,-0.41134,1.298,-0.3169,0.75132,,Mast,UC_vs_HC
ERCC1,5.2521,0.027628,0.52837,0.05229,0.9583,0.99956,Mast,UC_vs_HC
FOSB,229.53,-0.77109,0.36013,-2.1411,0.032264,0.89594,Mast,UC_vs_HC
RTN2,0.63754,0.063793,0.97955,0.065125,0.94807,,Mast,UC_vs_HC
PPM1N,0.53833,0.56367,1.425,0.39557,0.69242,,Mast,UC_vs_HC
VASP,9.6516,-0.20998,0.52755,-0.39803,0.69061,0.99956,Mast,UC_vs_HC
OPA3,3.016,-0.77503,0.79544,-0.97434,0.32989,0.99956,Mast,UC_vs_HC
EML2,2.4587,0.5473,0.57081,0.95881,0.33765,0.99956,Mast,UC_vs_HC
GIPR,0.16025,0.58812,2.014,0.29202,0.77027,,Mast,UC_vs_HC
SNRPD2,17.18,-0.064255,0.29772,-0.21583,0.82912,0.99956,Mast,UC_vs_HC
QPCTL,0.18957,0.37225,1.5797,0.23565,0.81371,,Mast,UC_vs_HC
FBXO46,0.37262,0.58137,1.355,0.42906,0.66788,,Mast,UC_vs_HC
SIX5,0.22332,0.59274,1.6339,0.36278,0.71677,,Mast,UC_vs_HC
DMPK,0.23159,-0.050256,2.2075,-0.022766,0.98184,,Mast,UC_vs_HC
DMWD,0.62599,0.16359,1.4178,0.11538,0.90814,,Mast,UC_vs_HC
SYMPK,1.547,-0.037118,0.74077,-0.050108,0.96004,0.99956,Mast,UC_vs_HC
AC092301.1,0.069706,-0.032991,1.9718,-0.016732,0.98665,,Mast,UC_vs_HC
FOXA3,0.0134,0.3681,4.0861,0.090086,0.92822,,Mast,UC_vs_HC
IRF2BP1,0.27812,1.5977,1.8131,0.88117,0.37823,,Mast,UC_vs_HC
MYPOP,0.21678,-0.58425,2.1184,-0.2758,0.7827,,Mast,UC_vs_HC
CCDC61,0.079159,-0.28658,2.1515,-0.1332,0.89404,,Mast,UC_vs_HC
PPP5C,0.26903,-0.48712,1.7764,-0.27422,0.78392,,Mast,UC_vs_HC
PNMA8C,0.043089,1.2415,4.0577,0.30596,0.75964,,Mast,UC_vs_HC
PPP5D1,0.15233,-0.42297,2.4803,-0.17053,0.86459,,Mast,UC_vs_HC
PNMA8B,0.069326,0.62141,3.2415,0.1917,0.84797,,Mast,UC_vs_HC
CALM3,13.34,-0.27327,0.32596,-0.83836,0.40183,0.99956,Mast,UC_vs_HC
PRKD2,1.3762,1.6732,0.9367,1.7862,0.07406,0.99956,Mast,UC_vs_HC
STRN4,0.58877,0.56533,1.2475,0.45316,0.65044,,Mast,UC_vs_HC
FKRP,0.49328,1.4859,1.8062,0.82269,0.41068,,Mast,UC_vs_HC
SLC1A5,3.7882,-0.59026,0.49885,-1.1832,0.23671,0.99956,Mast,UC_vs_HC
AP2S1,9.553,-0.32974,0.40669,-0.8108,0.41748,0.99956,Mast,UC_vs_HC
ARHGAP35,0.53179,0.73003,1.3283,0.54961,0.58259,,Mast,UC_vs_HC
NPAS1,0.039522,0.59268,4.1488,0.14286,0.8864,,Mast,UC_vs_HC
TMEM160,3.1799,-1.3213,2.237,-0.59066,0.55475,0.99956,Mast,UC_vs_HC
ZC3H4,1.8787,0.70052,0.72821,0.96198,0.33606,0.99956,Mast,UC_vs_HC
SAE1,1.544,0.20661,0.69923,0.29549,0.76762,0.99956,Mast,UC_vs_HC
BBC3,0.32803,-0.25449,1.4157,-0.17976,0.85734,,Mast,UC_vs_HC
CCDC9,1.0693,0.90086,0.97032,0.92841,0.35319,,Mast,UC_vs_HC
INAFM1,0.41721,0.31155,1.6855,0.18484,0.85336,,Mast,UC_vs_HC
C5AR1,2.0627,3.3044,1.0836,3.0494,0.0022927,0.34073,Mast,UC_vs_HC
C5AR2,0.61561,1.9178,2.1083,0.90969,0.36299,,Mast,UC_vs_HC
DHX34,0.2444,0.2011,1.3796,0.14577,0.8841,,Mast,UC_vs_HC
KPTN,0.055411,0.73069,4.1338,0.17676,0.8597,,Mast,UC_vs_HC
NAPA-AS1,0.09951,0.15461,2.1719,0.071184,0.94325,,Mast,UC_vs_HC
NAPA,3.0254,-0.12945,0.63308,-0.20448,0.83798,0.99956,Mast,UC_vs_HC
AC010519.1,0.45647,-1.3076,2.1402,-0.61098,0.54121,,Mast,UC_vs_HC
AC010331.1,0.088458,1.0394,3.1122,0.33397,0.7384,,Mast,UC_vs_HC
BICRA,0.18969,-0.25952,1.4507,-0.17889,0.85802,,Mast,UC_vs_HC
EHD2,0.018728,0.70632,4.1361,0.17077,0.86441,,Mast,UC_vs_HC
NOP53,9.6156,-0.54637,1.268,-0.43088,0.66655,0.99956,Mast,UC_vs_HC
SELENOW,18.103,0.0189,0.33179,0.056965,0.95457,0.99956,Mast,UC_vs_HC
CRX,0.038333,0.78366,2.7327,0.28677,0.77429,,Mast,UC_vs_HC
ELSPBP1,0.35484,-0.87649,2.4154,-0.36288,0.7167,,Mast,UC_vs_HC
PLA2G4C,0.018728,0.70632,4.1361,0.17077,0.86441,,Mast,UC_vs_HC
LIG1,1.0561,-0.4117,1.1729,-0.351,0.72559,,Mast,UC_vs_HC
ZSWIM9,0.15865,0.98397,2.3585,0.4172,0.67653,,Mast,UC_vs_HC
CARD8,3.3716,0.34549,0.4953,0.69755,0.48546,0.99956,Mast,UC_vs_HC
CARD8-AS1,1.3701,0.010487,1.2476,0.0084061,0.99329,0.99956,Mast,UC_vs_HC
ZNF114,0.14286,0.63817,2.629,0.24274,0.8082,,Mast,UC_vs_HC
EMP3,63.261,-0.18886,0.42222,-0.44731,0.65465,0.99956,Mast,UC_vs_HC
TMEM143,0.12474,0.63517,2.4981,0.25426,0.79929,,Mast,UC_vs_HC
KDELR1,6.9135,0.20106,0.36914,0.54467,0.58598,0.99956,Mast,UC_vs_HC
GRWD1,1.3092,-0.70233,0.89073,-0.78849,0.43041,0.99956,Mast,UC_vs_HC
KCNJ14,0.1081,1.5178,3.5651,0.42572,0.67031,,Mast,UC_vs_HC
AC008403.2,0.026237,0.024139,4.0722,0.0059277,0.99527,,Mast,UC_vs_HC
CYTH2,1.9891,0.49335,0.76687,0.64332,0.52001,0.99956,Mast,UC_vs_HC
LMTK3,0.032128,0.40025,2.7752,0.14423,0.88532,,Mast,UC_vs_HC
SULT2B1,0.0134,0.3681,4.0861,0.090086,0.92822,,Mast,UC_vs_HC
FAM83E,0.032128,0.40025,2.7752,0.14423,0.88532,,Mast,UC_vs_HC
RPL18,241.11,-0.14839,0.19753,-0.75125,0.4525,0.99956,Mast,UC_vs_HC
AC022154.1,0.024934,1.088,4.0829,0.26647,0.78988,,Mast,UC_vs_HC
SPHK2,0.21998,0.049592,1.4106,0.035157,0.97195,,Mast,UC_vs_HC
DBP,0.079159,-0.28658,2.1515,-0.1332,0.89404,,Mast,UC_vs_HC
CA11,0.081757,1.2076,3.3757,0.35774,0.72054,,Mast,UC_vs_HC
FUT2,0.056306,0.20097,3.1229,0.064354,0.94869,,Mast,UC_vs_HC
MAMSTR,0.018728,0.70632,4.1361,0.17077,0.86441,,Mast,UC_vs_HC
IZUMO1,0.0134,0.3681,4.0861,0.090086,0.92822,,Mast,UC_vs_HC
FUT1,0.055411,0.73069,4.1338,0.17676,0.8597,,Mast,UC_vs_HC
BCAT2,0.48991,-1.9682,1.6228,-1.2128,0.2252,,Mast,UC_vs_HC
HSD17B14,0.40142,-0.79335,1.7564,-0.4517,0.65148,,Mast,UC_vs_HC
PLEKHA4,0.13097,-0.81094,2.3549,-0.34436,0.73058,,Mast,UC_vs_HC
PPP1R15A,81.756,-1.0084,0.35241,-2.8613,0.0042185,0.54688,Mast,UC_vs_HC
TULP2,0.075157,-0.26501,4,-0.066252,0.94718,,Mast,UC_vs_HC
NUCB1,5.5682,0.62646,0.60869,1.0292,0.30339,0.99956,Mast,UC_vs_HC
DHDH,0.11923,-0.40634,2.4489,-0.16593,0.86821,,Mast,UC_vs_HC
BAX,8.5251,0.52519,0.43316,1.2125,0.22533,0.99956,Mast,UC_vs_HC
FTL,575.8,0.058828,0.42222,0.13933,0.88919,0.99956,Mast,UC_vs_HC
GYS1,0.1119,0.89684,2.3629,0.37956,0.70427,,Mast,UC_vs_HC
RUVBL2,1.5302,0.89799,1.1932,0.75259,0.4517,0.99956,Mast,UC_vs_HC
KCNA7,0.0134,0.3681,4.0861,0.090086,0.92822,,Mast,UC_vs_HC
SNRNP70,4.6047,-0.29259,0.63418,-0.46137,0.64453,0.99956,Mast,UC_vs_HC
LIN7B,0.17446,0.36942,1.6752,0.22053,0.82546,,Mast,UC_vs_HC
C19orf73,0.024934,1.088,4.0829,0.26647,0.78988,,Mast,UC_vs_HC
PPFIA3,0.14494,-0.3141,3.5574,-0.088293,0.92964,,Mast,UC_vs_HC
TRPM4,0.0134,0.3681,4.0861,0.090086,0.92822,,Mast,UC_vs_HC
SLC6A16,0.026346,1.1367,4.0708,0.27924,0.78006,,Mast,UC_vs_HC
CD37,39.361,0.17192,0.21277,0.80798,0.4191,0.99956,Mast,UC_vs_HC
AC010643.1,0.018728,0.70632,4.1361,0.17077,0.86441,,Mast,UC_vs_HC
PIH1D1,3.7955,0.020633,0.66313,0.031115,0.97518,0.99956,Mast,UC_vs_HC
ALDH16A1,1.1534,0.73628,0.96086,0.76628,0.44351,0.99956,Mast,UC_vs_HC
FLT3LG,0.35771,-0.64109,2.1348,-0.30031,0.76394,,Mast,UC_vs_HC
RPL13A,127.21,-0.67001,0.46161,-1.4515,0.14665,0.99956,Mast,UC_vs_HC
RPS11,129.58,-0.099842,0.34148,-0.29238,0.76999,0.99956,Mast,UC_vs_HC
FCGRT,2.7854,0.65857,0.62594,1.0521,0.29274,0.99956,Mast,UC_vs_HC
RCN3,0.13764,-0.36354,2.5004,-0.1454,0.8844,,Mast,UC_vs_HC
NOSIP,3.7841,0.28299,0.60221,0.46993,0.6384,0.99956,Mast,UC_vs_HC
PRRG2,0.11085,0.44132,3.4373,0.12839,0.89784,,Mast,UC_vs_HC
PRR12,0.83507,0.19193,1.0524,0.18237,0.85529,,Mast,UC_vs_HC
RRAS,0.59767,0.35695,1.4593,0.2446,0.80677,,Mast,UC_vs_HC
SCAF1,0.99073,-0.0097057,0.90136,-0.010768,0.99141,,Mast,UC_vs_HC
IRF3,3.9011,-0.47655,0.56772,-0.83941,0.40124,0.99956,Mast,UC_vs_HC
BCL2L12,0.35272,-0.62305,1.5898,-0.39191,0.69513,,Mast,UC_vs_HC
PRMT1,6.2476,0.22356,0.4803,0.46547,0.6416,0.99956,Mast,UC_vs_HC
AP2A1,1.315,-0.14864,0.73995,-0.20087,0.8408,0.99956,Mast,UC_vs_HC
FUZ,0.55573,1.8994,1.1608,1.6362,0.10179,,Mast,UC_vs_HC
AC006942.1,0.0134,0.3681,4.0861,0.090086,0.92822,,Mast,UC_vs_HC
MED25,0.36644,-0.44601,1.4385,-0.31006,0.75652,,Mast,UC_vs_HC
PTOV1-AS1,0.064679,1.1546,1.8847,0.61261,0.54014,,Mast,UC_vs_HC
PTOV1,1.4775,0.30171,0.70161,0.43002,0.66718,0.99956,Mast,UC_vs_HC
PNKP,1.9876,0.32637,0.74551,0.43778,0.66155,0.99956,Mast,UC_vs_HC
AKT1S1,0.71488,-0.6075,1.1287,-0.53824,0.59041,,Mast,UC_vs_HC
TBC1D17,0.56605,2.4615,1.3769,1.7878,0.073813,,Mast,UC_vs_HC
IL4I1,0.064474,0.59268,4.1488,0.14286,0.8864,,Mast,UC_vs_HC
NUP62,1.8579,0.36959,0.66187,0.55841,0.57657,0.99956,Mast,UC_vs_HC
ATF5,1.6306,-0.40197,0.80855,-0.49715,0.61908,0.99956,Mast,UC_vs_HC
VRK3,1.6071,0.15563,0.89014,0.17484,0.86121,0.99956,Mast,UC_vs_HC
ZNF473,0.12248,0.4768,1.7706,0.26928,0.78771,,Mast,UC_vs_HC
AC010624.3,0.018728,0.70632,4.1361,0.17077,0.86441,,Mast,UC_vs_HC
MYH14,0.22003,-0.30305,1.6663,-0.18187,0.85568,,Mast,UC_vs_HC
KCNC3,0.0134,0.3681,4.0861,0.090086,0.92822,,Mast,UC_vs_HC
NR1H2,4.1922,-0.52013,0.6534,-0.79604,0.42601,0.99956,Mast,UC_vs_HC
POLD1,0.078978,0.19903,3.3292,0.059784,0.95233,,Mast,UC_vs_HC
SPIB,0.037578,0.16073,4.0541,0.039647,0.96837,,Mast,UC_vs_HC
EMC10,3.6867,0.11684,0.52796,0.22131,0.82485,0.99956,Mast,UC_vs_HC
AC020909.2,0.024934,1.088,4.0829,0.26647,0.78988,,Mast,UC_vs_HC
JOSD2,1.51,0.92352,0.96185,0.96015,0.33698,0.99956,Mast,UC_vs_HC
LRRC4B,0.16604,1.4405,2.2394,0.64324,0.52007,,Mast,UC_vs_HC
SYT3,0.039522,0.59268,4.1488,0.14286,0.8864,,Mast,UC_vs_HC
C19orf81,0.13197,0.143,3.7372,0.038265,0.96948,,Mast,UC_vs_HC
CLEC11A,0.48944,-0.41223,1.6219,-0.25417,0.79936,,Mast,UC_vs_HC
C19orf48,0.5464,-0.66692,1.302,-0.51224,0.60848,,Mast,UC_vs_HC
KLK1,0.1604,-0.81242,2.1904,-0.3709,0.71071,,Mast,UC_vs_HC
KLK13,0.026346,1.1367,4.0708,0.27924,0.78006,,Mast,UC_vs_HC
CTU1,0.082611,1.1759,3.3583,0.35015,0.72623,,Mast,UC_vs_HC
SIGLEC9,0.16691,1.4614,1.8936,0.77173,0.44027,,Mast,UC_vs_HC
SIGLEC7,0.40893,0.68023,1.1027,0.61688,0.53731,,Mast,UC_vs_HC
CD33,5.5513,-0.058165,0.41667,-0.13959,0.88898,0.99956,Mast,UC_vs_HC
IGLON5,0.024934,1.088,4.0829,0.26647,0.78988,,Mast,UC_vs_HC
VSIG10L,0.026346,1.1367,4.0708,0.27924,0.78006,,Mast,UC_vs_HC
ETFB,7.1206,0.59289,0.58099,1.0205,0.3075,0.99956,Mast,UC_vs_HC
AC008750.8,0.026346,1.1367,4.0708,0.27924,0.78006,,Mast,UC_vs_HC
CLDND2,1.0969,0.87328,1.0336,0.84489,0.39817,,Mast,UC_vs_HC
NKG7,4.048,0.67868,0.6395,1.0613,0.28857,0.99956,Mast,UC_vs_HC
C19orf84,0.088458,1.0394,3.1122,0.33397,0.7384,,Mast,UC_vs_HC
SIGLEC10,3.1287,-0.24055,0.62986,-0.38191,0.70253,0.99956,Mast,UC_vs_HC
SIGLEC8,3.7491,-0.64534,0.48411,-1.333,0.18252,0.99956,Mast,UC_vs_HC
SIGLEC12,0.29107,2.2169,2.2294,0.99438,0.32004,,Mast,UC_vs_HC
SIGLEC6,1.9085,-0.17526,0.70401,-0.24895,0.8034,0.99956,Mast,UC_vs_HC
AC020914.1,0.018728,0.70632,4.1361,0.17077,0.86441,,Mast,UC_vs_HC
ZNF175,0.58365,-0.078899,1.0996,-0.071754,0.9428,,Mast,UC_vs_HC
SIGLEC5,0.0134,0.3681,4.0861,0.090086,0.92822,,Mast,UC_vs_HC
SIGLEC14,0.6133,0.43262,1.1312,0.38245,0.70213,,Mast,UC_vs_HC
SPACA6,0.78293,-0.15549,1.1589,-0.13417,0.89327,,Mast,UC_vs_HC
HAS1,0.083184,1.1062,2.1528,0.51383,0.60737,,Mast,UC_vs_HC
FPR1,0.63819,1.9173,1.2975,1.4777,0.13949,,Mast,UC_vs_HC
FPR3,0.14104,0.7636,1.7301,0.44137,0.65894,,Mast,UC_vs_HC
ZNF577,1.1248,0.37007,0.89896,0.41167,0.68058,0.99956,Mast,UC_vs_HC
ZNF649,2.0705,0.28422,0.80364,0.35367,0.72359,0.99956,Mast,UC_vs_HC
ZNF613,0.056489,0.8828,3.1215,0.28281,0.77732,,Mast,UC_vs_HC
ZNF350,1.5209,-0.49189,0.85783,-0.57341,0.56636,0.99956,Mast,UC_vs_HC
ZNF615,0.78049,0.17938,1.1355,0.15798,0.87447,,Mast,UC_vs_HC
ZNF614,0.47768,0.89651,1.4422,0.62162,0.5342,,Mast,UC_vs_HC
ZNF432,0.51298,-0.094889,1.3118,-0.072336,0.94233,,Mast,UC_vs_HC
AC011468.5,0.037578,0.16073,4.0541,0.039647,0.96837,,Mast,UC_vs_HC
ZNF841,0.31031,0.12065,1.2496,0.096552,0.92308,,Mast,UC_vs_HC
ZNF616,0.024934,1.088,4.0829,0.26647,0.78988,,Mast,UC_vs_HC
ZNF836,0.73772,0.19795,1.2531,0.15797,0.87448,,Mast,UC_vs_HC
AC010320.1,0.026346,1.1367,4.0708,0.27924,0.78006,,Mast,UC_vs_HC
PPP2R1A,1.6828,0.023341,0.63538,0.036736,0.9707,0.99956,Mast,UC_vs_HC
AC010320.2,0.024934,1.088,4.0829,0.26647,0.78988,,Mast,UC_vs_HC
ZNF766,1.0656,-0.24547,0.85744,-0.28628,0.77466,,Mast,UC_vs_HC
ZNF480,1.1361,0.68621,0.71996,0.95312,0.34053,0.99956,Mast,UC_vs_HC
ZNF880,1.1402,0.994,0.89758,1.1074,0.26811,0.99956,Mast,UC_vs_HC
ZNF528,1.3246,-0.1602,0.89284,-0.17943,0.8576,0.99956,Mast,UC_vs_HC
ZNF578,0.11918,-0.40486,2.0464,-0.19784,0.84317,,Mast,UC_vs_HC
ZNF808,0.37048,-0.0091821,1.3246,-0.0069322,0.99447,,Mast,UC_vs_HC
ZNF701,0.98137,-0.88872,1.0409,-0.85378,0.39323,,Mast,UC_vs_HC
ZNF83,1.9939,0.8388,0.73229,1.1455,0.25202,0.99956,Mast,UC_vs_HC
ZNF611,1.1655,0.63513,0.79761,0.79629,0.42586,0.99956,Mast,UC_vs_HC
ZNF600,1.7095,-0.87122,0.79932,-1.0899,0.27574,0.99956,Mast,UC_vs_HC
ZNF28,0.11111,1.9685,3.2162,0.61205,0.5405,,Mast,UC_vs_HC
ZNF468,0.039637,-0.23575,2.975,-0.079243,0.93684,,Mast,UC_vs_HC
ZNF888,0.20888,-0.13414,1.407,-0.095336,0.92405,,Mast,UC_vs_HC
ZNF816-ZNF321P,0.12609,0.19712,3.6087,0.054624,0.95644,,Mast,UC_vs_HC
ZNF816,0.22368,1.0897,2.0666,0.52728,0.598,,Mast,UC_vs_HC
ZNF160,1.1003,-0.051242,0.81076,-0.063203,0.94961,,Mast,UC_vs_HC
ZNF415,0.15063,-0.11321,1.8806,-0.060201,0.952,,Mast,UC_vs_HC
ZNF347,0.26803,-1.3694,1.7245,-0.79407,0.42715,,Mast,UC_vs_HC
ZNF665,0.29804,-1.5221,1.7146,-0.88773,0.37469,,Mast,UC_vs_HC
ZNF677,1.2247,0.071333,0.78133,0.091297,0.92726,0.99956,Mast,UC_vs_HC
AC092070.3,0.13279,0.73069,4.1338,0.17676,0.8597,,Mast,UC_vs_HC
ZNF845,0.31058,-0.27187,1.767,-0.15386,0.87772,,Mast,UC_vs_HC
ZNF525,0.44788,-2.3376,1.7637,-1.3254,0.18503,,Mast,UC_vs_HC
ZNF765,0.42022,1.158,1.2602,0.91887,0.35817,,Mast,UC_vs_HC
ZNF761,0.26698,0.66329,1.3554,0.48936,0.62459,,Mast,UC_vs_HC
ZNF813,0.3976,1.0572,2.8887,0.36596,0.71439,,Mast,UC_vs_HC
ZNF331,43.907,-0.6266,0.52531,-1.1928,0.23294,0.99956,Mast,UC_vs_HC
NLRP12,0.024934,1.088,4.0829,0.26647,0.78988,,Mast,UC_vs_HC
AC008440.1,0.12672,0.59389,1.8988,0.31276,0.75446,,Mast,UC_vs_HC
MYADM,60.74,-0.71015,0.33111,-2.1447,0.031973,0.89594,Mast,UC_vs_HC
AC008440.2,0.66975,-0.5814,1.7611,-0.33013,0.74131,,Mast,UC_vs_HC
CACNG8,1.4692,0.99194,1.2884,0.76991,0.44135,0.99956,Mast,UC_vs_HC
CACNG6,0.27075,2.1056,2.0898,1.0076,0.31365,,Mast,UC_vs_HC
NDUFA3,13.223,-0.14448,0.3526,-0.40974,0.68199,0.99956,Mast,UC_vs_HC
TFPT,2.1474,0.63723,0.78815,0.80852,0.41879,0.99956,Mast,UC_vs_HC
PRPF31,2.97,0.54306,0.63562,0.85437,0.3929,0.99956,Mast,UC_vs_HC
AC245052.4,0.0134,0.3681,4.0861,0.090086,0.92822,,Mast,UC_vs_HC
CNOT3,0.51534,0.28891,1.3107,0.22042,0.82554,,Mast,UC_vs_HC
LENG1,2.1052,0.31597,0.58827,0.53712,0.59119,0.99956,Mast,UC_vs_HC
TMC4,0.12502,0.37257,3.3677,0.11063,0.91191,,Mast,UC_vs_HC
MBOAT7,5.6789,0.36898,0.51251,0.71994,0.47156,0.99956,Mast,UC_vs_HC
TSEN34,1.2869,-0.12529,1.0698,-0.11711,0.90677,0.99956,Mast,UC_vs_HC
RPS9,147.69,0.046721,0.36502,0.128,0.89815,0.99956,Mast,UC_vs_HC
LILRB3,0.18939,0.98037,1.592,0.61582,0.53802,,Mast,UC_vs_HC
LILRA6,0.06025,0.16073,4.0541,0.039647,0.96837,,Mast,UC_vs_HC
LILRB2,0.19827,1.3836,3.8473,0.35963,0.71913,,Mast,UC_vs_HC
LILRA5,0.026346,1.1367,4.0708,0.27924,0.78006,,Mast,UC_vs_HC
LAIR1,5.1606,-0.11752,0.53619,-0.21917,0.82652,0.99956,Mast,UC_vs_HC
AC245884.8,0.026346,1.1367,4.0708,0.27924,0.78006,,Mast,UC_vs_HC
LENG8-AS1,0.29108,-0.29516,1.5492,-0.19053,0.84889,,Mast,UC_vs_HC
LENG8,5.2358,0.32967,0.54357,0.60649,0.54419,0.99956,Mast,UC_vs_HC
LENG9,0.35081,0.61941,1.6523,0.37488,0.70775,,Mast,UC_vs_HC
CDC42EP5,0.11802,0.023118,2.4344,0.0094963,0.99242,,Mast,UC_vs_HC
LILRA2,0.089407,1.073,3.4752,0.30876,0.7575,,Mast,UC_vs_HC
LILRB1,0.052691,1.4311,4.036,0.35458,0.7229,,Mast,UC_vs_HC
LILRB4,0.069435,1.5682,3.0225,0.51884,0.60387,,Mast,UC_vs_HC
NLRP7,0.024934,1.088,4.0829,0.26647,0.78988,,Mast,UC_vs_HC
NLRP2,0.068023,1.6105,3.0061,0.53574,0.59214,,Mast,UC_vs_HC
AC011476.3,0.06025,0.16073,4.0541,0.039647,0.96837,,Mast,UC_vs_HC
RDH13,0.43543,0.92708,1.6281,0.56942,0.56907,,Mast,UC_vs_HC
EPS8L1,0.090693,0.53407,2.2926,0.23295,0.8158,,Mast,UC_vs_HC
PPP1R12C,0.91276,-1.4259,1.3391,-1.0648,0.28697,,Mast,UC_vs_HC
SYT5,0.094933,0.63945,3.4398,0.1859,0.85253,,Mast,UC_vs_HC
TMEM86B,0.12238,1.1192,3.4326,0.32604,0.74439,,Mast,UC_vs_HC
PPP6R1,1.4334,-1.0317,0.89017,-1.159,0.24644,0.99956,Mast,UC_vs_HC
HSPBP1,0.97983,0.15611,0.90986,0.17157,0.86377,,Mast,UC_vs_HC
BRSK1,0.0134,0.3681,4.0861,0.090086,0.92822,,Mast,UC_vs_HC
KMT5C,2.0607,0.35988,1.0215,0.35229,0.72462,0.99956,Mast,UC_vs_HC
COX6B2,0.063815,-0.46407,3.2326,-0.14356,0.88585,,Mast,UC_vs_HC
IL11,0.018728,0.70632,4.1361,0.17077,0.86441,,Mast,UC_vs_HC
TMEM238,0.13328,0.304,2.4732,0.12292,0.90217,,Mast,UC_vs_HC
RPL28,266.86,0.188,0.14205,1.3235,0.18567,0.99956,Mast,UC_vs_HC
UBE2S,9.3868,-0.40328,1.0919,-0.36935,0.71187,0.99956,Mast,UC_vs_HC
ISOC2,1.7304,-1.0804,0.99394,-1.0869,0.27706,0.99956,Mast,UC_vs_HC
ZNF628,0.12457,-0.071378,2.3792,-0.030001,0.97607,,Mast,UC_vs_HC
NAT14,0.15701,1.0852,2.1952,0.49436,0.62105,,Mast,UC_vs_HC
SSC5D,0.1687,-0.77769,1.8468,-0.42111,0.67367,,Mast,UC_vs_HC
ZNF579,0.15124,0.19683,1.9879,0.099011,0.92113,,Mast,UC_vs_HC
FIZ1,0.28267,0.40281,1.3288,0.30314,0.76178,,Mast,UC_vs_HC
ZNF524,0.67672,-0.065998,1.3528,-0.048786,0.96109,,Mast,UC_vs_HC
ZNF865,0.11,0.02444,2.279,0.010724,0.99144,,Mast,UC_vs_HC
ZNF784,0.1234,-0.14595,2.4217,-0.060267,0.95194,,Mast,UC_vs_HC
ZNF580,2.0135,-0.24733,0.81282,-0.30429,0.7609,0.99956,Mast,UC_vs_HC
ZNF581,0.9016,-0.19344,1.2102,-0.15985,0.873,,Mast,UC_vs_HC
CCDC106,0.19725,1.0941,2.6169,0.41807,0.67589,,Mast,UC_vs_HC
U2AF2,2.0245,-0.7437,0.80647,-0.92217,0.35644,0.99956,Mast,UC_vs_HC
AC008735.2,0.082421,0.097071,3.5877,0.027057,0.97841,,Mast,UC_vs_HC
EPN1,1.0659,-0.14615,0.80358,-0.18188,0.85568,,Mast,UC_vs_HC
ZNF787,1.1176,-0.37424,1.0201,-0.36687,0.71372,,Mast,UC_vs_HC
ZNF444,0.41814,-0.43507,1.7109,-0.25429,0.79927,,Mast,UC_vs_HC
ZSCAN5A,0.55829,0.065255,1.1355,0.057469,0.95417,,Mast,UC_vs_HC
EDDM13,0.061817,1.2524,3.1942,0.39209,0.69499,,Mast,UC_vs_HC
ZNF582,0.40816,-0.14232,1.6315,-0.087232,0.93049,,Mast,UC_vs_HC
ZNF582-AS1,0.1673,2.0438,2.4861,0.8221,0.41102,,Mast,UC_vs_HC
ZNF583,0.80089,-0.95273,1.334,-0.71418,0.47512,,Mast,UC_vs_HC
ZNF667,0.69782,-0.63785,1.2006,-0.53127,0.59523,,Mast,UC_vs_HC
ZNF667-AS1,5.0599,-0.53516,0.57157,-0.9363,0.34912,0.99956,Mast,UC_vs_HC
ZNF471,0.18355,0.45207,1.6952,0.26667,0.78972,,Mast,UC_vs_HC
AC005498.2,0.038333,0.78366,2.7327,0.28677,0.77429,,Mast,UC_vs_HC
ZFP28,0.41928,1.0716,1.5872,0.67517,0.49957,,Mast,UC_vs_HC
AC005498.3,0.0134,0.3681,4.0861,0.090086,0.92822,,Mast,UC_vs_HC
ZNF470,0.064474,0.59268,4.1488,0.14286,0.8864,,Mast,UC_vs_HC
ZNF71,0.2807,1.5177,1.716,0.88447,0.37645,,Mast,UC_vs_HC
AC006115.1,0.043089,1.2415,4.0577,0.30596,0.75964,,Mast,UC_vs_HC
AC007228.2,0.12472,0.06926,3.8443,0.018016,0.98563,,Mast,UC_vs_HC
PEG3,0.026346,1.1367,4.0708,0.27924,0.78006,,Mast,UC_vs_HC
ZNF264,1.3332,-0.36691,0.76908,-0.47708,0.63331,0.99956,Mast,UC_vs_HC
AURKC,0.0134,0.3681,4.0861,0.090086,0.92822,,Mast,UC_vs_HC
ZNF805,0.21253,0.75971,1.7292,0.43933,0.66042,,Mast,UC_vs_HC
AC005261.3,0.19641,-0.41268,1.739,-0.2373,0.81242,,Mast,UC_vs_HC
ZNF460-AS1,0.12369,0.070064,3.7311,0.018778,0.98502,,Mast,UC_vs_HC
ZNF460,0.47235,0.72059,1.5928,0.4524,0.65098,,Mast,UC_vs_HC
AC005261.1,1.91,-0.30115,0.68991,-0.4365,0.66247,0.99956,Mast,UC_vs_HC
ZNF543,0.10281,0.72061,2.297,0.31372,0.75373,,Mast,UC_vs_HC
ZNF304,0.23427,-0.43153,1.7108,-0.25224,0.80085,,Mast,UC_vs_HC
ZNF547,0.24775,0.96881,1.6685,0.58067,0.56147,,Mast,UC_vs_HC
TRAPPC2B,9.0302,-0.28446,0.54108,-0.52573,0.59908,0.99956,Mast,UC_vs_HC
ZNF548,1.0282,-0.70789,0.96867,-0.73078,0.46491,,Mast,UC_vs_HC
ZNF17,0.43033,0.22342,1.4243,0.15687,0.87535,,Mast,UC_vs_HC
ZNF749,0.095943,-0.56855,1.7394,-0.32686,0.74378,,Mast,UC_vs_HC
AC004076.2,0.13869,0.22394,2.2167,0.10102,0.91953,,Mast,UC_vs_HC
ZNF772,0.057061,0.81304,1.883,0.43178,0.6659,,Mast,UC_vs_HC
ZNF419,0.67164,0.78359,1.2191,0.64274,0.52039,,Mast,UC_vs_HC
ZNF773,0.22893,1.3636,1.3826,0.98627,0.324,,Mast,UC_vs_HC
ZNF549,0.44042,0.02079,1.4734,0.01411,0.98874,,Mast,UC_vs_HC
ZNF550,0.37135,1.6552,1.5651,1.0576,0.29023,,Mast,UC_vs_HC
ZNF416,0.089407,1.073,3.4752,0.30876,0.7575,,Mast,UC_vs_HC
ZIK1,0.090916,0.62511,1.6153,0.38699,0.69876,,Mast,UC_vs_HC
ZNF530,0.026237,0.024139,4.0722,0.0059277,0.99527,,Mast,UC_vs_HC
ZNF134,1.0795,0.080892,0.92844,0.087127,0.93057,,Mast,UC_vs_HC
ZNF211,0.32061,0.43143,1.311,0.32907,0.7421,,Mast,UC_vs_HC
ZNF551,1.0226,-0.98808,1.2216,-0.80887,0.41859,,Mast,UC_vs_HC
ZNF154,1.2812,0.44492,0.85624,0.51962,0.60333,0.99956,Mast,UC_vs_HC
ZNF671,0.35516,-0.41183,1.5392,-0.26756,0.78904,,Mast,UC_vs_HC
ZNF776,0.54025,0.71392,1.7016,0.41956,0.67481,,Mast,UC_vs_HC
ZNF586,0.65051,0.077834,1.2275,0.063406,0.94944,,Mast,UC_vs_HC
ZNF552,0.74322,-0.61828,1.2968,-0.47678,0.63352,,Mast,UC_vs_HC
ZNF587B,0.1473,-0.14066,1.9237,-0.073119,0.94171,,Mast,UC_vs_HC
ZNF814,1.1016,-0.69255,0.72548,-0.9546,0.33978,,Mast,UC_vs_HC
ZNF587,1.5019,0.11599,0.91451,0.12684,0.89907,0.99956,Mast,UC_vs_HC
ZNF417,0.23193,1.5194,1.8135,0.8378,0.40214,,Mast,UC_vs_HC
ZNF418,0.32412,-0.08311,2.1983,-0.037806,0.96984,,Mast,UC_vs_HC
ZNF256,0.54628,1.1874,1.4553,0.81589,0.41456,,Mast,UC_vs_HC
C19orf18,0.038333,0.78366,2.7327,0.28677,0.77429,,Mast,UC_vs_HC
ZNF606,0.51615,1.0906,1.693,0.64416,0.51947,,Mast,UC_vs_HC
ZSCAN1,0.026346,1.1367,4.0708,0.27924,0.78006,,Mast,UC_vs_HC
ZNF135,0.5345,-0.23689,1.3771,-0.17203,0.86342,,Mast,UC_vs_HC
ZSCAN18,2.3669,0.44617,0.64975,0.68668,0.49228,0.99956,Mast,UC_vs_HC
ZNF329,0.81227,0.54459,1.0827,0.50301,0.61496,,Mast,UC_vs_HC
ZNF274,1.9537,-0.62025,0.76864,-0.80695,0.4197,0.99956,Mast,UC_vs_HC
ZNF544,1.3613,-0.090406,1.2641,-0.071517,0.94299,0.99956,Mast,UC_vs_HC
AC020915.3,0.61208,-0.76868,0.95365,-0.80604,0.42022,,Mast,UC_vs_HC
ZNF8,0.20436,-0.12992,1.9621,-0.066216,0.94721,,Mast,UC_vs_HC
AC020915.1,0.15451,0.91261,2.4517,0.37224,0.70972,,Mast,UC_vs_HC
ERVK3-1,1.1773,0.7491,1.1031,0.67909,0.49708,0.99956,Mast,UC_vs_HC
AC010642.2,2.1452,-1.2406,0.76256,-1.6269,0.10376,0.99956,Mast,UC_vs_HC
ZSCAN22,0.043089,1.2415,4.0577,0.30596,0.75964,,Mast,UC_vs_HC
A1BG,5.1238,-0.88794,0.59305,-1.4972,0.13433,0.99956,Mast,UC_vs_HC
A1BG-AS1,0.37923,-0.79738,1.5814,-0.50423,0.6141,,Mast,UC_vs_HC
ZNF497,0.055411,0.73069,4.1338,0.17676,0.8597,,Mast,UC_vs_HC
ZNF837,0.0134,0.3681,4.0861,0.090086,0.92822,,Mast,UC_vs_HC
RPS5,123.04,0.16776,0.26528,0.63238,0.52714,0.99956,Mast,UC_vs_HC
ZNF584,0.037578,0.16073,4.0541,0.039647,0.96837,,Mast,UC_vs_HC
AC012313.1,0.16762,-0.4098,3.6808,-0.11133,0.91135,,Mast,UC_vs_HC
ZNF132,0.0134,0.3681,4.0861,0.090086,0.92822,,Mast,UC_vs_HC
AC012313.8,0.039522,0.59268,4.1488,0.14286,0.8864,,Mast,UC_vs_HC
ZNF324B,0.35036,1.388,3.9469,0.35166,0.7251,,Mast,UC_vs_HC
ZNF324,1.0066,0.83327,1.2335,0.67554,0.49933,,Mast,UC_vs_HC
ZNF446,0.38138,-0.48396,1.3017,-0.37181,0.71004,,Mast,UC_vs_HC
AC012313.7,0.018728,0.70632,4.1361,0.17077,0.86441,,Mast,UC_vs_HC
SLC27A5,0.82806,0.22499,0.90928,0.24744,0.80457,,Mast,UC_vs_HC
ZBTB45,0.090819,1.025,3.4223,0.29951,0.76455,,Mast,UC_vs_HC
TRIM28,3.5081,-0.5706,0.58105,-0.98201,0.32609,0.99956,Mast,UC_vs_HC
CHMP2A,14.177,0.021702,0.2722,0.07973,0.93645,0.99956,Mast,UC_vs_HC
UBE2M,1.1113,1.2231,1.1878,1.0297,0.30315,,Mast,UC_vs_HC
MZF1-AS1,0.50635,1.0841,1.2914,0.83946,0.40121,,Mast,UC_vs_HC
MZF1,0.12895,-0.48111,1.5653,-0.30735,0.75857,,Mast,UC_vs_HC
RPS4Y1,36.12,0.0041282,0.3068,0.013456,0.98926,0.99956,Mast,UC_vs_HC
AC006157.1,0.14482,0.21997,3.7257,0.059042,0.95292,,Mast,UC_vs_HC
ZFY,4.1662,0.59439,0.65015,0.91423,0.36059,0.99956,Mast,UC_vs_HC
LINC00278,0.018728,0.70632,4.1361,0.17077,0.86441,,Mast,UC_vs_HC
PCDH11Y,0.10737,0.16073,4.0541,0.039647,0.96837,,Mast,UC_vs_HC
TTTY15,0.86431,-0.062156,1.1415,-0.054451,0.95658,,Mast,UC_vs_HC
USP9Y,0.20534,0.89661,1.7511,0.51202,0.60864,,Mast,UC_vs_HC
DDX3Y,14.422,-0.54446,0.56719,-0.95992,0.3371,0.99956,Mast,UC_vs_HC
UTY,0.99729,-0.16191,0.88264,-0.18343,0.85446,,Mast,UC_vs_HC
TMSB4Y,0.037456,0.73093,4.1338,0.17682,0.85965,,Mast,UC_vs_HC
TTTY14,0.23217,0.24544,1.7711,0.13858,0.88978,,Mast,UC_vs_HC
KDM5D,0.68987,0.55864,1.1547,0.4838,0.62852,,Mast,UC_vs_HC
EIF1AY,3.4377,0.3086,0.56587,0.54535,0.58551,0.99956,Mast,UC_vs_HC
AP000547.3,0.090615,-0.77327,1.915,-0.4038,0.68636,,Mast,UC_vs_HC
IL17RA,0.4313,0.11109,1.0961,0.10135,0.91927,,Mast,UC_vs_HC
HDHD5,0.37408,0.37849,1.3154,0.28773,0.77356,,Mast,UC_vs_HC
ADA2,0.026346,1.1367,4.0708,0.27924,0.78006,,Mast,UC_vs_HC
ATP6V1E1,5.2398,-0.10222,0.43207,-0.23658,0.81298,0.99956,Mast,UC_vs_HC
BCL2L13,1.3471,-0.13563,0.71487,-0.18972,0.84953,0.99956,Mast,UC_vs_HC
BID,2.236,0.65648,0.73666,0.89116,0.37285,0.99956,Mast,UC_vs_HC
LINC00528,0.064456,1.0747,3.2748,0.32817,0.74278,,Mast,UC_vs_HC
MICAL3,1.177,-0.2622,0.86123,-0.30445,0.76078,0.99956,Mast,UC_vs_HC
PEX26,0.82559,0.22287,0.98862,0.22543,0.82164,,Mast,UC_vs_HC
AC008079.2,0.026237,0.024139,4.0722,0.0059277,0.99527,,Mast,UC_vs_HC
USP18,0.20961,-0.18183,1.9996,-0.090935,0.92754,,Mast,UC_vs_HC
TMEM191B,0.21179,0.015924,1.88,0.0084698,0.99324,,Mast,UC_vs_HC
DGCR6,0.27655,0.18083,2.9377,0.061555,0.95092,,Mast,UC_vs_HC
AC007326.4,0.043089,1.2415,4.0577,0.30596,0.75964,,Mast,UC_vs_HC
DGCR2,0.34954,-0.19699,1.2999,-0.15154,0.87955,,Mast,UC_vs_HC
ESS2,0.39549,0.065762,1.1563,0.056873,0.95465,,Mast,UC_vs_HC
LINC01311,0.039522,0.59268,4.1488,0.14286,0.8864,,Mast,UC_vs_HC
SLC25A1,1.1336,0.80322,1.0788,0.74453,0.45656,0.99956,Mast,UC_vs_HC
HIRA,0.58509,0.20153,1.0838,0.18595,0.85248,,Mast,UC_vs_HC
C22orf39,2.7243,0.45817,0.87814,0.52175,0.60184,0.99956,Mast,UC_vs_HC
MRPL40,5.4694,0.19909,0.44724,0.44515,0.65621,0.99956,Mast,UC_vs_HC
UFD1,4.6216,0.12066,0.48612,0.24822,0.80397,0.99956,Mast,UC_vs_HC
CDC45,0.039522,0.59268,4.1488,0.14286,0.8864,,Mast,UC_vs_HC
LINC00895,0.043089,1.2415,4.0577,0.30596,0.75964,,Mast,UC_vs_HC
TBX1,0.0268,0.16572,4.0548,0.040869,0.9674,,Mast,UC_vs_HC
GNB1L,0.28611,1.9099,1.7514,1.0905,0.27548,,Mast,UC_vs_HC
RTL10,0.45055,0.12104,1.2281,0.098559,0.92149,,Mast,UC_vs_HC
TXNRD2,0.45336,-0.72555,1.3632,-0.53223,0.59456,,Mast,UC_vs_HC
COMT,7.1512,0.035364,0.50915,0.069458,0.94463,0.99956,Mast,UC_vs_HC
TANGO2,0.51554,0.62083,1.2073,0.51424,0.60709,,Mast,UC_vs_HC
AC006547.3,0.045074,1.1802,3.0256,0.39009,0.69647,,Mast,UC_vs_HC
DGCR8,0.6085,-0.066794,1.1359,-0.058804,0.95311,,Mast,UC_vs_HC
TRMT2A,0.79313,0.37396,0.93405,0.40037,0.68888,,Mast,UC_vs_HC
RANBP1,4.6993,0.030054,0.9989,0.030087,0.976,0.99956,Mast,UC_vs_HC
ZDHHC8,0.26722,-1.3175,1.3514,-0.9749,0.32961,,Mast,UC_vs_HC
CCDC188,0.065982,0.2043,1.955,0.1045,0.91677,,Mast,UC_vs_HC
RTN4R,0.10737,0.16073,4.0541,0.039647,0.96837,,Mast,UC_vs_HC
DGCR6L,1.4944,0.27622,1.114,0.24796,0.80417,0.99956,Mast,UC_vs_HC
ZNF74,0.051733,0.56404,2.8707,0.19648,0.84423,,Mast,UC_vs_HC
KLHL22,0.092673,-0.87669,3.3167,-0.26433,0.79153,,Mast,UC_vs_HC
MED15,1.004,-0.021892,1.0831,-0.020213,0.98387,,Mast,UC_vs_HC
PI4KA,1.3539,-0.30467,0.72729,-0.41891,0.67528,0.99956,Mast,UC_vs_HC
SNAP29,1.5152,0.016934,0.75426,0.022452,0.98209,0.99956,Mast,UC_vs_HC
CRKL,0.90868,0.94347,0.89994,1.0484,0.29447,,Mast,UC_vs_HC
LINC01637,0.67527,-0.3653,1.2836,-0.28458,0.77596,,Mast,UC_vs_HC
AIFM3,0.10285,0.60091,3.5176,0.17083,0.86436,,Mast,UC_vs_HC
LZTR1,0.52115,-0.50161,1.348,-0.37212,0.7098,,Mast,UC_vs_HC
THAP7,1.123,-0.087962,0.89693,-0.09807,0.92188,0.99956,Mast,UC_vs_HC
THAP7-AS1,0.15581,-0.14087,1.8954,-0.074324,0.94075,,Mast,UC_vs_HC
P2RX6,0.024934,1.088,4.0829,0.26647,0.78988,,Mast,UC_vs_HC
SLC7A4,0.17063,0.62389,2.1961,0.28409,0.77634,,Mast,UC_vs_HC
HIC2,0.29539,-0.4523,1.5197,-0.29762,0.76599,,Mast,UC_vs_HC
TMEM191C,0.20185,1.5307,2.0877,0.73319,0.46344,,Mast,UC_vs_HC
UBE2L3,10.487,0.1659,0.32653,0.50808,0.6114,0.99956,Mast,UC_vs_HC
YDJC,0.59498,-0.5728,1.5091,-0.37957,0.70426,,Mast,UC_vs_HC
SDF2L1,9.9418,0.40055,1.2667,0.31622,0.75184,0.99956,Mast,UC_vs_HC
PPIL2,1.2041,0.91021,1.0033,0.90718,0.36431,0.99956,Mast,UC_vs_HC
YPEL1,0.37846,0.63491,1.275,0.49795,0.61852,,Mast,UC_vs_HC
MAPK1,15.039,-0.18509,0.34462,-0.53708,0.59121,0.99956,Mast,UC_vs_HC
PPM1F,0.34944,1.6489,1.503,1.0971,0.27261,,Mast,UC_vs_HC
AC245452.1,0.5305,1.3442,1.374,0.97828,0.32794,,Mast,UC_vs_HC
TOP3B,0.38508,0.61607,1.4341,0.42958,0.6675,,Mast,UC_vs_HC
IGLVI-70,0.064474,0.59268,4.1488,0.14286,0.8864,,Mast,UC_vs_HC
IGLV4-69,0.018728,0.70632,4.1361,0.17077,0.86441,,Mast,UC_vs_HC
IGLV10-54,0.026237,0.024139,4.0722,0.0059277,0.99527,,Mast,UC_vs_HC
IGLV6-57,0.17194,-0.17494,1.7662,-0.099054,0.9211,,Mast,UC_vs_HC
AC245060.6,0.29235,0.058866,1.2227,0.048143,0.9616,,Mast,UC_vs_HC
AC245060.5,0.53179,-0.5416,1.6239,-0.33351,0.73875,,Mast,UC_vs_HC
IGLV1-51,0.052922,0.24161,3.2428,0.074505,0.94061,,Mast,UC_vs_HC
IGLV1-47,0.14708,1.0593,2.3958,0.44216,0.65837,,Mast,UC_vs_HC
IGLV1-44,0.026346,1.1367,4.0708,0.27924,0.78006,,Mast,UC_vs_HC
IGLV7-43,0.30819,-1.385,3.9139,-0.35387,,,Mast,UC_vs_HC
IGLV1-40,0.28608,1.4191,2.8653,0.49528,0.6204,,Mast,UC_vs_HC
ZNF280B,0.27584,-0.05077,1.7697,-0.028688,0.97711,,Mast,UC_vs_HC
IGLV2-23,0.038333,0.78366,2.7327,0.28677,0.77429,,Mast,UC_vs_HC
IGLV3-21,0.088458,1.0394,3.1122,0.33397,0.7384,,Mast,UC_vs_HC
IGLV3-19,0.2948,-1.3394,3.9163,-0.34201,,,Mast,UC_vs_HC
IGLV3-16,0.0134,0.3681,4.0861,0.090086,0.92822,,Mast,UC_vs_HC
IGLV2-14,0.24657,0.097881,2.8758,0.034036,0.97285,,Mast,UC_vs_HC
IGLV2-11,0.13034,0.9291,2.3096,0.40229,0.68747,,Mast,UC_vs_HC
IGLV2-8,0.17635,1.4197,3.6892,0.38483,0.70036,,Mast,UC_vs_HC
IGLV3-1,0.052691,1.4311,4.036,0.35458,0.7229,,Mast,UC_vs_HC
IGLL5,0.14965,-0.21813,1.7421,-0.12521,0.90036,,Mast,UC_vs_HC
IGLC2,127.18,-3.6005,1.1753,-3.0634,0.0021884,0.33379,Mast,UC_vs_HC
IGLC3,158.2,-4.254,1.2418,-3.4258,0.00061306,0.19741,Mast,UC_vs_HC
IGLC6,0.026237,0.024139,4.0722,0.0059277,0.99527,,Mast,UC_vs_HC
IGLC7,0.3435,-2.135,3.9502,-0.54049,0.58886,,Mast,UC_vs_HC
GNAZ,0.018728,0.70632,4.1361,0.17077,0.86441,,Mast,UC_vs_HC
BCR,0.28647,1.2193,1.8219,0.66922,0.50335,,Mast,UC_vs_HC
AP000345.2,0.0134,0.3681,4.0861,0.090086,0.92822,,Mast,UC_vs_HC
DRICH1,0.0134,0.3681,4.0861,0.090086,0.92822,,Mast,UC_vs_HC
ZNF70,0.10411,-0.28402,2.289,-0.12408,0.90125,,Mast,UC_vs_HC
VPREB3,0.2469,0.81059,2.9621,0.27366,0.78435,,Mast,UC_vs_HC
C22orf15,0.075058,1.3326,4.0556,0.32858,0.74247,,Mast,UC_vs_HC
CHCHD10,2.1304,1.4874,1.6408,0.90649,0.36468,0.99956,Mast,UC_vs_HC
SMARCB1,2.1215,-0.63322,1.022,-0.61962,0.53551,0.99956,Mast,UC_vs_HC
DERL3,1.8731,1.1212,1.5099,0.74257,0.45774,0.99956,Mast,UC_vs_HC
SLC2A11,0.32425,-0.24173,1.5461,-0.15635,0.87576,,Mast,UC_vs_HC
AP000350.7,0.026346,1.1367,4.0708,0.27924,0.78006,,Mast,UC_vs_HC
MIF,10.454,0.70923,1.1853,0.59837,0.54959,0.99956,Mast,UC_vs_HC
MIF-AS1,0.15727,0.8638,2.3297,0.37078,0.7108,,Mast,UC_vs_HC
AP000350.6,0.065982,0.2043,1.955,0.1045,0.91677,,Mast,UC_vs_HC
GSTT2B,0.53213,-0.33145,1.4089,-0.23526,0.81401,,Mast,UC_vs_HC
DDT,12.1,0.45357,0.73505,0.61706,0.5372,0.99956,Mast,UC_vs_HC
CABIN1,0.87841,-0.17382,0.91393,-0.19019,0.84916,,Mast,UC_vs_HC
SPECC1L,0.59944,-0.45509,1.1556,-0.39381,0.69372,,Mast,UC_vs_HC
ADORA2A-AS1,0.097343,-0.54989,3.5051,-0.15689,0.87534,,Mast,UC_vs_HC
UPB1,0.097449,0.73069,4.1338,0.17676,0.8597,,Mast,UC_vs_HC
GUCD1,1.3478,-0.42269,0.89965,-0.46984,0.63847,0.99956,Mast,UC_vs_HC
SNRPD3,12.093,0.089538,0.37513,0.23869,0.81135,0.99956,Mast,UC_vs_HC
GGT1,0.35436,-0.37673,1.9966,-0.18869,0.85034,,Mast,UC_vs_HC
LRRC75B,0.039637,-0.23575,2.975,-0.079243,0.93684,,Mast,UC_vs_HC
KIAA1671,0.0134,0.3681,4.0861,0.090086,0.92822,,Mast,UC_vs_HC
AL022323.3,0.13023,0.018697,2.332,0.0080176,0.9936,,Mast,UC_vs_HC
AL022323.4,0.059765,0.024139,4.0722,0.0059277,0.99527,,Mast,UC_vs_HC
CRYBB2,0.11468,-0.40918,3.7409,-0.10938,0.9129,,Mast,UC_vs_HC
LRP5L,0.49546,2.3065,2.4686,0.93437,0.35011,,Mast,UC_vs_HC
GRK3,0.4904,0.88148,1.2145,0.72582,0.46795,,Mast,UC_vs_HC
ASPHD2,0.068811,0.43735,3.185,0.13732,0.89078,,Mast,UC_vs_HC
HPS4,1.8664,-0.42327,0.63543,-0.66612,0.50534,0.99956,Mast,UC_vs_HC
SRRD,0.45288,0.94406,1.6692,0.56557,0.57169,,Mast,UC_vs_HC
TFIP11,1.3054,-0.17923,0.94376,-0.18991,0.84938,0.99956,Mast,UC_vs_HC
TPST2,5.1478,-0.60174,0.57913,-1.0391,0.29878,0.99956,Mast,UC_vs_HC
CRYBB1,0.19197,-1.0103,1.8714,-0.53983,0.58931,,Mast,UC_vs_HC
CRYBA4,0.053037,-0.40462,3.0583,-0.1323,0.89475,,Mast,UC_vs_HC
MIAT,0.59083,1.1307,1.204,0.93908,0.34769,,Mast,UC_vs_HC
Z99774.1,0.039522,0.59268,4.1488,0.14286,0.8864,,Mast,UC_vs_HC
MIATNB,0.071873,0.57792,2.0042,0.28836,0.77307,,Mast,UC_vs_HC
LINC01422,0.018728,0.70632,4.1361,0.17077,0.86441,,Mast,UC_vs_HC
MN1,0.043089,1.2415,4.0577,0.30596,0.75964,,Mast,UC_vs_HC
PITPNB,4.2521,-0.24426,0.51075,-0.47824,0.63248,0.99956,Mast,UC_vs_HC
TTC28,0.68273,0.10415,1.1767,0.088504,0.92948,,Mast,UC_vs_HC
CHEK2,0.55233,0.13422,1.0697,0.12547,0.90015,,Mast,UC_vs_HC
HSCB,1.5682,-1.234,0.82642,-1.4932,0.13538,0.99956,Mast,UC_vs_HC
CCDC117,0.65586,-0.086634,1.4495,-0.059768,0.95234,,Mast,UC_vs_HC
XBP1,15.79,0.5607,0.62752,0.89351,0.37158,0.99956,Mast,UC_vs_HC
Z93930.2,2.6447,-2.4947,0.81001,-3.0799,0.0020709,0.32441,Mast,UC_vs_HC
ZNRF3,0.09027,0.95165,3.4499,0.27585,0.78267,,Mast,UC_vs_HC
KREMEN1,2.1177,-0.12618,0.64296,-0.19624,0.84442,0.99956,Mast,UC_vs_HC
EMID1,1.2586,0.86656,1.0181,0.85118,0.39467,0.99956,Mast,UC_vs_HC
RHBDD3,0.56597,0.67455,1.2649,0.53329,0.59383,,Mast,UC_vs_HC
AL031186.1,0.024934,1.088,4.0829,0.26647,0.78988,,Mast,UC_vs_HC
EWSR1,6.7528,0.54604,0.39349,1.3877,0.16523,0.99956,Mast,UC_vs_HC
GAS2L1,0.15087,-1.1134,1.6556,-0.67254,0.50124,,Mast,UC_vs_HC
RASL10A,0.16653,0.0015285,3.9852,0.00038355,0.99969,,Mast,UC_vs_HC
AP1B1,0.43872,-0.97241,1.3408,-0.72524,0.46831,,Mast,UC_vs_HC
THOC5,0.55114,-1.0273,1.2531,-0.81979,0.41234,,Mast,UC_vs_HC
NIPSNAP1,0.73696,-0.4506,1.1219,-0.40165,0.68794,,Mast,UC_vs_HC
NF2,0.87393,0.42921,1.1551,0.37158,0.7102,,Mast,UC_vs_HC
ZMAT5,1.3857,-0.021824,0.88886,-0.024553,0.98041,0.99956,Mast,UC_vs_HC
UQCR10,24.331,0.026244,0.28245,0.092916,0.92597,0.99956,Mast,UC_vs_HC
ASCC2,1.6856,-0.46096,0.81598,-0.56491,0.57213,0.99956,Mast,UC_vs_HC
MTMR3,0.79007,-0.068538,0.95643,-0.071661,0.94287,,Mast,UC_vs_HC
AC003681.1,1.2697,-0.2085,0.77645,-0.26853,0.78829,0.99956,Mast,UC_vs_HC
LIF-AS1,0.20015,-0.23543,1.6981,-0.13864,0.88973,,Mast,UC_vs_HC
LIF,18.144,0.06004,0.43504,0.13801,0.89023,0.99956,Mast,UC_vs_HC
AC004264.1,0.18958,-0.18569,2.4386,-0.076144,0.9393,,Mast,UC_vs_HC
OSM,5.4215,1.3904,0.67953,2.0461,0.040747,0.90487,Mast,UC_vs_HC
CASTOR1,0.23303,0.13516,1.8106,0.074649,0.94049,,Mast,UC_vs_HC
TBC1D10A,1.1312,0.91296,0.87335,1.0454,0.29586,0.99956,Mast,UC_vs_HC
SF3A1,2.8186,0.21912,0.83356,0.26288,0.79264,0.99956,Mast,UC_vs_HC
CCDC157,1.2512,1.5686,1.2585,1.2464,0.21261,0.99956,Mast,UC_vs_HC
RNF215,0.19055,0.60191,2.0027,0.30055,0.76376,,Mast,UC_vs_HC
SEC14L2,0.18516,-0.66432,1.8868,-0.35209,0.72477,,Mast,UC_vs_HC
MTFP1,0.20787,1.0859,1.9699,0.55123,0.58148,,Mast,UC_vs_HC
PES1,0.67528,-0.18301,1.078,-0.16976,0.8652,,Mast,UC_vs_HC
TCN2,0.59568,-1.0894,1.1212,-0.97161,0.33124,,Mast,UC_vs_HC
SLC35E4,1.0502,0.48927,1.2765,0.3833,0.7015,,Mast,UC_vs_HC
DUSP18,1.8255,0.47394,0.82281,0.576,0.56461,0.99956,Mast,UC_vs_HC
MORC2-AS1,0.37797,0.051302,1.4938,0.034343,0.9726,,Mast,UC_vs_HC
MORC2,0.33235,-0.32203,1.5165,-0.21236,0.83183,,Mast,UC_vs_HC
SMTN,0.11469,0.41781,2.2125,0.18884,0.85022,,Mast,UC_vs_HC
SELENOM,3.0789,-1.1023,0.9823,-1.1221,0.2618,0.99956,Mast,UC_vs_HC
RNF185,0.48597,2.4678,1.4029,1.759,0.078571,,Mast,UC_vs_HC
LIMK2,1.8627,1.1362,0.97022,1.1711,0.24155,0.99956,Mast,UC_vs_HC
PIK3IP1,0.80454,1.48,1.4338,1.0323,0.30195,,Mast,UC_vs_HC
PIK3IP1-AS1,0.055411,0.73069,4.1338,0.17676,0.8597,,Mast,UC_vs_HC
PATZ1,0.33091,-0.46069,1.4275,-0.32272,0.74691,,Mast,UC_vs_HC
DRG1,1.5495,0.78572,0.69306,1.1337,0.25692,0.99956,Mast,UC_vs_HC
EIF4ENIF1,0.33511,1.3104,1.374,0.95377,0.3402,,Mast,UC_vs_HC
SFI1,0.64285,-0.24224,1.0723,-0.2259,0.82128,,Mast,UC_vs_HC
PISD,0.82066,0.85558,0.99597,0.85904,0.39032,,Mast,UC_vs_HC
PRR14L,1.1134,2.5323,1.071,2.3645,0.018053,,Mast,UC_vs_HC
DEPDC5,1.4488,0.81233,0.88986,0.91287,0.36131,0.99956,Mast,UC_vs_HC
YWHAH,1.5366,-0.26099,0.91191,-0.2862,0.77472,0.99956,Mast,UC_vs_HC
RFPL3S,0.026237,0.024139,4.0722,0.0059277,0.99527,,Mast,UC_vs_HC
AL021937.1,0.037578,0.16073,4.0541,0.039647,0.96837,,Mast,UC_vs_HC
RTCB,3.3026,0.67537,0.5277,1.2798,0.2006,0.99956,Mast,UC_vs_HC
FBXO7,3.4241,-0.090126,0.51057,-0.17652,0.85989,0.99956,Mast,UC_vs_HC
SYN3,0.026346,1.1367,4.0708,0.27924,0.78006,,Mast,UC_vs_HC
TIMP3,7.5713,-0.56509,0.60748,-0.93021,0.35226,0.99956,Mast,UC_vs_HC
LARGE1,0.0134,0.3681,4.0861,0.090086,0.92822,,Mast,UC_vs_HC
HMGXB4,2.541,0.29948,0.55658,0.53807,0.59053,0.99956,Mast,UC_vs_HC
TOM1,1.1954,-0.07999,0.83867,-0.095376,0.92402,0.99956,Mast,UC_vs_HC
Z82244.2,0.06025,0.16073,4.0541,0.039647,0.96837,,Mast,UC_vs_HC
HMOX1,0.39515,0.60037,1.7654,0.34007,0.7338,,Mast,UC_vs_HC
MCM5,0.97512,-0.42188,0.86036,-0.49035,0.62389,,Mast,UC_vs_HC
RASD2,0.064474,0.59268,4.1488,0.14286,0.8864,,Mast,UC_vs_HC
MB,0.037578,0.16073,4.0541,0.039647,0.96837,,Mast,UC_vs_HC
APOL6,2.9653,0.85062,0.65298,1.3027,0.19268,0.99956,Mast,UC_vs_HC
RBFOX2,0.52449,-1.0328,1.2066,-0.85598,0.39201,,Mast,UC_vs_HC
Z95114.4,0.051171,0.51223,3.1431,0.16297,0.87054,,Mast,UC_vs_HC
Z95114.1,0.055411,0.73069,4.1338,0.17676,0.8597,,Mast,UC_vs_HC
APOL3,0.31125,-0.011177,1.3718,-0.0081482,0.9935,,Mast,UC_vs_HC
APOL4,0.45934,0.87254,1.4239,0.61279,0.54002,,Mast,UC_vs_HC
APOL2,1.4118,0.74856,0.87159,0.85884,0.39043,0.99956,Mast,UC_vs_HC
APOL1,0.7271,1.6066,1.1626,1.3819,0.16701,,Mast,UC_vs_HC
MYH9,6.2547,0.23445,0.51758,0.45297,0.65057,0.99956,Mast,UC_vs_HC
AL022313.2,0.037578,0.16073,4.0541,0.039647,0.96837,,Mast,UC_vs_HC
TXN2,4.3212,-0.03668,0.48796,-0.075169,0.94008,0.99956,Mast,UC_vs_HC
EIF3D,13.335,-0.062266,0.44977,-0.13844,0.88989,0.99956,Mast,UC_vs_HC
IFT27,1.8655,0.56861,0.72428,0.78507,0.43241,0.99956,Mast,UC_vs_HC
PVALB,2.4037,-1.422,0.56362,-2.523,0.011635,0.72228,Mast,UC_vs_HC
NCF4,10.872,-0.18578,0.43008,-0.43197,0.66576,0.99956,Mast,UC_vs_HC
CSF2RB,12.931,0.58095,0.50149,1.1584,0.24668,0.99956,Mast,UC_vs_HC
TST,0.65457,-0.23934,1.5031,-0.15923,0.87349,,Mast,UC_vs_HC
MPST,1.1317,-0.22457,1.1455,-0.19604,0.84458,0.99956,Mast,UC_vs_HC
KCTD17,0.14779,0.32752,1.4296,0.2291,0.81879,,Mast,UC_vs_HC
IL2RB,0.14318,1.1819,3.6659,0.32241,0.74714,,Mast,UC_vs_HC
C1QTNF6,0.13697,0.63922,3.6449,0.17537,0.86079,,Mast,UC_vs_HC
RAC2,36.646,0.086997,0.23869,0.36448,0.7155,0.99956,Mast,UC_vs_HC
CYTH4,3.6613,0.54643,0.4918,1.1111,0.26653,0.99956,Mast,UC_vs_HC
MFNG,2.2221,0.93272,0.7014,1.3298,0.18359,0.99956,Mast,UC_vs_HC
CDC42EP1,0.059765,0.024139,4.0722,0.0059277,0.99527,,Mast,UC_vs_HC
LGALS2,0.058365,-0.18981,1.9992,-0.094943,0.92436,,Mast,UC_vs_HC
GGA1,3.4589,0.24531,0.60916,0.4027,0.68717,0.99956,Mast,UC_vs_HC
SH3BP1,0.74137,-0.26576,1.1559,-0.22991,0.81816,,Mast,UC_vs_HC
LGALS1,54.373,0.090425,0.60846,0.14861,0.88186,0.99956,Mast,UC_vs_HC
NOL12,0.62511,0.75593,1.1624,0.65032,0.51548,,Mast,UC_vs_HC
TRIOBP,1.1002,0.94069,1.1097,0.84767,0.39662,,Mast,UC_vs_HC
H1F0,2.1115,-0.22091,0.8956,-0.24666,0.80517,0.99956,Mast,UC_vs_HC
GCAT,0.24287,0.10819,1.8642,0.058036,0.95372,,Mast,UC_vs_HC
ANKRD54,0.38232,-0.21001,1.2079,-0.17387,0.86197,,Mast,UC_vs_HC
EIF3L,13.103,-0.17199,0.36459,-0.47174,0.63711,0.99956,Mast,UC_vs_HC
MICALL1,0.25951,-1.0861,1.7283,-0.62843,0.52972,,Mast,UC_vs_HC
POLR2F,6.2546,-0.5553,0.41971,-1.3231,0.18581,0.99956,Mast,UC_vs_HC
PICK1,0.24436,0.33346,1.454,0.22934,0.81861,,Mast,UC_vs_HC
PLA2G6,0.58865,0.0044178,1.145,0.0038583,0.99692,,Mast,UC_vs_HC
AL022322.2,0.22282,-0.59184,2.079,-0.28467,0.77589,,Mast,UC_vs_HC
MAFF,4.592,0.097817,0.63481,0.15409,0.87754,0.99956,Mast,UC_vs_HC
TMEM184B,0.43094,0.40286,1.3998,0.2878,0.7735,,Mast,UC_vs_HC
CSNK1E,1.6007,0.45633,0.78043,0.58471,0.55874,0.99956,Mast,UC_vs_HC
TPTEP2-CSNK1E,0.0134,0.3681,4.0861,0.090086,0.92822,,Mast,UC_vs_HC
KDELR3,0.037456,0.73093,4.1338,0.17682,0.85965,,Mast,UC_vs_HC
DDX17,21.294,0.70458,0.35145,2.0048,0.044988,0.92793,Mast,UC_vs_HC
CBY1,0.58822,0.52647,0.91466,0.57559,0.56489,,Mast,UC_vs_HC
TOMM22,9.1059,0.4827,0.36684,1.3158,0.18824,0.99956,Mast,UC_vs_HC
JOSD1,6.6484,0.14072,0.5535,0.25424,0.79931,0.99956,Mast,UC_vs_HC
GTPBP1,1.7385,0.21982,0.6493,0.33855,0.73495,0.99956,Mast,UC_vs_HC
SUN2,1.9915,0.72197,0.71128,1.015,0.31009,0.99956,Mast,UC_vs_HC
AL021707.1,0.12661,-0.40933,2.5037,-0.16349,0.87013,,Mast,UC_vs_HC
AL021707.6,0.50731,0.66046,1.7299,0.3818,0.70261,,Mast,UC_vs_HC
AL021707.7,0.071202,-0.40861,3.4364,-0.11891,0.90535,,Mast,UC_vs_HC
DNAL4,0.46834,2.1307,1.6646,1.28,0.20056,,Mast,UC_vs_HC
NPTXR,0.037578,0.16073,4.0541,0.039647,0.96837,,Mast,UC_vs_HC
CBX6,1.4173,-0.38038,0.76044,-0.50022,0.61692,0.99956,Mast,UC_vs_HC
APOBEC3A,1.0507,3.2544,1.2565,2.5901,0.0095951,,Mast,UC_vs_HC
APOBEC3B,0.0134,0.3681,4.0861,0.090086,0.92822,,Mast,UC_vs_HC
APOBEC3C,4.2611,0.39468,0.53136,0.74277,0.45762,0.99956,Mast,UC_vs_HC
APOBEC3D,0.055411,0.73069,4.1338,0.17676,0.8597,,Mast,UC_vs_HC
APOBEC3F,0.16004,0.20363,2.4485,0.083166,0.93372,,Mast,UC_vs_HC
APOBEC3G,2.2559,1.3163,0.70083,1.8782,0.060353,0.98721,Mast,UC_vs_HC
APOBEC3H,0.15854,-0.025503,2.433,-0.010482,0.99164,,Mast,UC_vs_HC
CBX7,1.0885,-0.2438,0.88879,-0.27431,0.78385,,Mast,UC_vs_HC
AL031846.2,0.37476,0.4249,1.3493,0.3149,0.75284,,Mast,UC_vs_HC
AL022326.1,0.06025,0.16073,4.0541,0.039647,0.96837,,Mast,UC_vs_HC
RPL3,245.79,-0.26747,0.44335,-0.60328,0.54632,0.99956,Mast,UC_vs_HC
SYNGR1,0.50381,0.47871,1.2497,0.38305,0.70168,,Mast,UC_vs_HC
TAB1,0.25884,0.40642,1.3388,0.30357,0.76146,,Mast,UC_vs_HC
MGAT3,0.17873,1.2665,1.7756,0.71327,0.47568,,Mast,UC_vs_HC
MIEF1,0.64065,1.3094,1.2507,1.047,0.29512,,Mast,UC_vs_HC
ATF4,15.41,-0.00012835,0.31833,-0.0004032,0.99968,0.99996,Mast,UC_vs_HC
RPS19BP1,7.2665,0.25629,0.56887,0.45053,0.65233,0.99956,Mast,UC_vs_HC
CACNA1I,0.0268,0.16572,4.0548,0.040869,0.9674,,Mast,UC_vs_HC
ENTHD1,0.46813,1.289,1.7252,0.74717,0.45496,,Mast,UC_vs_HC
GRAP2,10.306,0.30171,0.36088,0.83604,0.40313,0.99956,Mast,UC_vs_HC
Z82206.1,0.75858,0.62953,1.0018,0.62842,0.52973,,Mast,UC_vs_HC
FAM83F,0.50261,-1.4938,1.6679,-0.89558,0.37048,,Mast,UC_vs_HC
Z83847.1,0.037578,0.16073,4.0541,0.039647,0.96837,,Mast,UC_vs_HC
TNRC6B,11.541,0.034014,0.335,0.10153,0.91913,0.99956,Mast,UC_vs_HC
ADSL,0.77337,1.6488,1.2224,1.3488,0.17739,,Mast,UC_vs_HC
AL022238.4,0.055411,0.73069,4.1338,0.17676,0.8597,,Mast,UC_vs_HC
SGSM3,0.2376,0.65764,2.0663,0.31828,0.75027,,Mast,UC_vs_HC
AL022238.2,1.1695,-1.4305,0.83455,-1.7141,0.08651,0.99956,Mast,UC_vs_HC
MKL1,0.61892,0.39967,1.0982,0.36394,0.7159,,Mast,UC_vs_HC
AL022238.3,0.06025,0.16073,4.0541,0.039647,0.96837,,Mast,UC_vs_HC
AL031594.1,0.11533,0.29599,2.2402,0.13213,0.89488,,Mast,UC_vs_HC
SLC25A17,0.82587,-0.6904,1.0404,-0.6636,0.50695,,Mast,UC_vs_HC
ST13,20.406,-0.18398,0.24082,-0.76398,0.44488,0.99956,Mast,UC_vs_HC
XPNPEP3,0.59366,0.26039,1.0326,0.25218,0.8009,,Mast,UC_vs_HC
RBX1,19.716,0.4192,0.30535,1.3728,0.1698,0.99956,Mast,UC_vs_HC
EP300,2.9229,-0.053832,0.57965,-0.092869,0.92601,0.99956,Mast,UC_vs_HC
EP300-AS1,0.018728,0.70632,4.1361,0.17077,0.86441,,Mast,UC_vs_HC
L3MBTL2,1.4397,0.66692,0.83532,0.7984,0.42464,0.99956,Mast,UC_vs_HC
AL035681.1,0.026237,0.024139,4.0722,0.0059277,0.99527,,Mast,UC_vs_HC
RANGAP1,1.7634,-0.65575,0.75864,-0.86437,0.38738,0.99956,Mast,UC_vs_HC
ZC3H7B,0.81079,-0.38923,1.0319,-0.37718,0.70604,,Mast,UC_vs_HC
TEF,0.12538,-0.035185,1.9885,-0.017694,0.98588,,Mast,UC_vs_HC
TOB2,4.2532,-0.1652,0.58012,-0.28476,0.77583,0.99956,Mast,UC_vs_HC
PHF5A,2.1162,-0.025177,0.60906,-0.041337,0.96703,0.99956,Mast,UC_vs_HC
ACO2,2.9786,0.039222,0.60912,0.064391,0.94866,0.99956,Mast,UC_vs_HC
POLR3H,1.0227,1.5782,1.2326,1.2804,0.20042,,Mast,UC_vs_HC
PMM1,0.56219,0.15546,1.0542,0.14747,0.88276,,Mast,UC_vs_HC
DESI1,1.6358,1.3375,0.79151,1.6898,0.091071,0.99956,Mast,UC_vs_HC
XRCC6,10.19,-0.31487,0.39701,-0.79309,0.42773,0.99956,Mast,UC_vs_HC
SNU13,17.814,-0.35189,0.28577,-1.2314,0.21818,0.99956,Mast,UC_vs_HC
C22orf46,0.50952,-0.77004,0.98897,-0.77862,0.4362,,Mast,UC_vs_HC
MEI1,1.1016,-0.21395,0.84411,-0.25346,0.79991,,Mast,UC_vs_HC
CCDC134,0.065759,0.0046698,3.3277,0.0014033,0.99888,,Mast,UC_vs_HC
AL021453.1,0.37737,-0.099007,2.3968,-0.041309,0.96705,,Mast,UC_vs_HC
SREBF2,0.54989,-0.19145,1.2266,-0.15608,0.87597,,Mast,UC_vs_HC
SHISA8,0.055411,0.73069,4.1338,0.17676,0.8597,,Mast,UC_vs_HC
TNFRSF13C,0.20932,1.33,4.0052,0.33208,0.73983,,Mast,UC_vs_HC
CENPM,0.28647,0.82109,2.3727,0.34605,0.7293,,Mast,UC_vs_HC
WBP2NL,0.12213,1.1202,3.5534,0.31525,0.75257,,Mast,UC_vs_HC
NAGA,0.29169,-0.45985,1.5085,-0.30483,0.7605,,Mast,UC_vs_HC
PHETA2,0.097829,-0.31323,3.3199,-0.094348,0.92483,,Mast,UC_vs_HC
SMDT1,11,-0.081882,0.53169,-0.154,0.87761,0.99956,Mast,UC_vs_HC
NDUFA6,11.614,0.24897,0.32757,0.76005,0.44722,0.99956,Mast,UC_vs_HC
TCF20,0.68804,1.2349,1.1986,1.0303,0.30286,,Mast,UC_vs_HC
NFAM1,0.26453,-1.2269,1.7011,-0.72128,0.47074,,Mast,UC_vs_HC
AL022316.1,0.026237,0.024139,4.0722,0.0059277,0.99527,,Mast,UC_vs_HC
RRP7A,4.7392,-0.36747,0.48609,-0.75598,0.44966,0.99956,Mast,UC_vs_HC
POLDIP3,1.5341,-0.16959,0.85677,-0.19794,0.84309,0.99956,Mast,UC_vs_HC
Z93241.1,1.0411,-2.7348,1.0713,-2.5526,0.010691,,Mast,UC_vs_HC
CYB5R3,5.1837,-0.23922,0.50851,-0.47044,0.63804,0.99956,Mast,UC_vs_HC
ATP5MGL,0.056184,0.74969,4.1322,0.18142,0.85603,,Mast,UC_vs_HC
ARFGAP3,7.5078,0.31582,0.49045,0.64393,0.51962,0.99956,Mast,UC_vs_HC
PACSIN2,3.5307,-0.34693,0.58536,-0.59268,0.55339,0.99956,Mast,UC_vs_HC
TTLL1,0.25636,-0.55671,1.5247,-0.36513,0.71501,,Mast,UC_vs_HC
BIK,0.032128,0.40025,2.7752,0.14423,0.88532,,Mast,UC_vs_HC
MCAT,0.414,0.025505,1.3397,0.019038,0.98481,,Mast,UC_vs_HC
TSPO,18.134,0.30205,0.60607,0.49838,0.61822,0.99956,Mast,UC_vs_HC
TTLL12,0.36728,0.65496,1.7971,0.36447,0.71551,,Mast,UC_vs_HC
SCUBE1,0.14036,0.4135,1.6123,0.25646,0.79759,,Mast,UC_vs_HC
SAMM50,2.998,-0.027663,0.73752,-0.037508,0.97008,0.99956,Mast,UC_vs_HC
PARVB,4.9218,0.48682,0.49704,0.97944,0.32736,0.99956,Mast,UC_vs_HC
PARVG,4.578,0.227,0.59246,0.38314,0.70161,0.99956,Mast,UC_vs_HC
AL031595.2,0.15592,0.85742,1.8725,0.45791,0.64702,,Mast,UC_vs_HC
RTL6,0.20819,1.5221,1.6605,0.91664,0.35933,,Mast,UC_vs_HC
PRR5,0.22143,0.73011,1.3501,0.54077,0.58866,,Mast,UC_vs_HC
ARHGAP8,0.043089,1.2415,4.0577,0.30596,0.75964,,Mast,UC_vs_HC
NUP50-DT,0.20667,1.5183,1.6477,0.92147,0.3568,,Mast,UC_vs_HC
NUP50,2.6852,0.67307,0.66241,1.0161,0.30959,0.99956,Mast,UC_vs_HC
KIAA0930,0.7343,0.8827,1.0562,0.83571,0.40332,,Mast,UC_vs_HC
FAM118A,0.46,0.23518,1.3289,0.17698,0.85952,,Mast,UC_vs_HC
LINC01589,0.86961,2.6865,1.52,1.7675,0.07715,,Mast,UC_vs_HC
ATXN10,4.8051,1.1257,0.64223,1.7528,0.079629,0.99956,Mast,UC_vs_HC
BX537318.1,0.15658,0.76495,2.5196,0.3036,0.76143,,Mast,UC_vs_HC
PRR34,0.089613,1.4351,1.8731,0.76617,0.44357,,Mast,UC_vs_HC
PRR34-AS1,4.2651,-0.6704,0.72796,-0.92093,0.35709,0.99956,Mast,UC_vs_HC
MIRLET7BHG,0.78552,-0.44712,1.2897,-0.34669,0.72882,,Mast,UC_vs_HC
AL121672.1,0.026346,1.1367,4.0708,0.27924,0.78006,,Mast,UC_vs_HC
PPARA,0.66543,1.2319,1.0315,1.1944,0.23233,,Mast,UC_vs_HC
CDPF1,0.34261,1.2678,1.309,0.96858,0.33276,,Mast,UC_vs_HC
TTC38,0.81386,0.35523,1.0513,0.33791,0.73543,,Mast,UC_vs_HC
GTSE1,0.19363,1.2068,4.0438,0.29844,0.76537,,Mast,UC_vs_HC
TRMU,0.65787,0.24654,1.0667,0.23113,0.81721,,Mast,UC_vs_HC
CELSR1,0.026237,0.024139,4.0722,0.0059277,0.99527,,Mast,UC_vs_HC
GRAMD4,0.481,-0.41182,1.2046,-0.34186,0.73245,,Mast,UC_vs_HC
CERK,1.006,0.93662,0.8224,1.1389,0.25475,,Mast,UC_vs_HC
AL118516.1,1.797,-1.3393,0.84479,-1.5854,0.11287,0.99956,Mast,UC_vs_HC
TBC1D22A,1.6278,0.2694,0.81588,0.3302,0.74125,0.99956,Mast,UC_vs_HC
TBC1D22A-AS1,0.055411,0.73069,4.1338,0.17676,0.8597,,Mast,UC_vs_HC
C22orf34,0.12685,1.4278,2.2255,0.64154,0.52117,,Mast,UC_vs_HC
Z97192.1,0.076667,0.83574,2.9844,0.28004,0.77945,,Mast,UC_vs_HC
BRD1,0.41103,-0.78435,1.6745,-0.4684,0.6395,,Mast,UC_vs_HC
Z98885.3,0.39159,1.1562,1.9694,0.58707,0.55716,,Mast,UC_vs_HC
ZBED4,0.53195,1.2648,1.0186,1.2417,0.21435,,Mast,UC_vs_HC
ALG12,0.30558,-0.36309,1.3883,-0.26153,0.79369,,Mast,UC_vs_HC
CRELD2,2.0382,0.29316,1.1091,0.26433,0.79153,0.99956,Mast,UC_vs_HC
PIM3,8.7825,0.41991,0.66474,0.63169,0.52759,0.99956,Mast,UC_vs_HC
MLC1,0.087446,0.80594,3.1507,0.2558,0.79811,,Mast,UC_vs_HC
MOV10L1,0.026346,1.1367,4.0708,0.27924,0.78006,,Mast,UC_vs_HC
PANX2,0.075058,1.3326,4.0556,0.32858,0.74247,,Mast,UC_vs_HC
TRABD,2.5384,1.1841,1.2886,0.91888,0.35816,0.99956,Mast,UC_vs_HC
AL022328.4,0.13328,0.304,2.4732,0.12292,0.90217,,Mast,UC_vs_HC
SELENOO,0.41584,0.29899,1.5903,0.18801,0.85087,,Mast,UC_vs_HC
AL022328.2,0.024934,1.088,4.0829,0.26647,0.78988,,Mast,UC_vs_HC
TUBGCP6,0.58731,-1.0235,1.4189,-0.72132,0.47071,,Mast,UC_vs_HC
HDAC10,0.99977,0.88793,1.5534,0.57161,0.56759,,Mast,UC_vs_HC
MAPK12,0.54373,0.28489,1.4857,0.19175,0.84794,,Mast,UC_vs_HC
MAPK11,0.15037,0.3047,2.4951,0.12212,0.9028,,Mast,UC_vs_HC
PLXNB2,0.0268,0.16572,4.0548,0.040869,0.9674,,Mast,UC_vs_HC
DENND6B,0.59246,-0.26503,1.0988,-0.2412,0.8094,,Mast,UC_vs_HC
PPP6R2,1.1595,0.45297,1.1237,0.4031,0.68688,0.99956,Mast,UC_vs_HC
SBF1,0.63909,-1.1097,1.1739,-0.94525,0.34453,,Mast,UC_vs_HC
LMF2,1.8711,-0.15357,0.66896,-0.22957,0.81843,0.99956,Mast,UC_vs_HC
NCAPH2,0.75905,-1.1321,1.386,-0.81679,0.41405,,Mast,UC_vs_HC
U62317.3,0.056184,0.74969,4.1322,0.18142,0.85603,,Mast,UC_vs_HC
TYMP,3.8588,-0.06999,0.95774,-0.073079,0.94174,0.99956,Mast,UC_vs_HC
ODF3B,0.65314,1.5868,1.6245,0.97674,0.3287,,Mast,UC_vs_HC
U62317.2,0.24434,0.13626,2.97,0.045879,0.96341,,Mast,UC_vs_HC
U62317.5,0.081422,1.2197,1.981,0.61569,0.5381,,Mast,UC_vs_HC
KLHDC7B,0.51291,0.63345,1.2436,0.50936,0.6105,,Mast,UC_vs_HC
CHKB,0.52403,1.1186,1.4724,0.75973,0.44742,,Mast,UC_vs_HC
CHKB-DT,0.079045,0.55747,4.1549,0.13417,0.89327,,Mast,UC_vs_HC
ARSA,2.0773,1.8604,0.9834,1.8918,0.058518,0.98721,Mast,UC_vs_HC
RABL2B,0.81719,0.50306,1.3151,0.38253,0.70207,,Mast,UC_vs_HC
GATD3B,0.10737,0.16073,4.0541,0.039647,0.96837,,Mast,UC_vs_HC
FP565260.1,0.065759,0.0046698,3.3277,0.0014033,0.99888,,Mast,UC_vs_HC
FP565260.6,0.19304,0.22195,3.9187,0.056638,0.95483,,Mast,UC_vs_HC
SIK1B,0.3129,-0.091311,1.7628,-0.051799,0.95869,,Mast,UC_vs_HC
U2AF1L5,0.40097,-0.11631,2.6044,-0.044658,0.96438,,Mast,UC_vs_HC
CU638689.4,0.16376,-0.076084,2.5234,-0.030151,0.97595,,Mast,UC_vs_HC
CU634019.6,0.039522,0.59268,4.1488,0.14286,0.8864,,Mast,UC_vs_HC
SMIM11B,0.055411,0.73069,4.1338,0.17676,0.8597,,Mast,UC_vs_HC
FP236383.1,0.059765,0.024139,4.0722,0.0059277,0.99527,,Mast,UC_vs_HC
CR381653.1,0.069706,-0.032991,1.9718,-0.016732,0.98665,,Mast,UC_vs_HC
RBM11,0.13279,0.73069,4.1338,0.17676,0.8597,,Mast,UC_vs_HC
HSPA13,3.8143,0.51167,0.47834,1.0697,0.28476,0.99956,Mast,UC_vs_HC
SAMSN1,67.207,0.26416,0.4469,0.59109,0.55446,0.99956,Mast,UC_vs_HC
SAMSN1-AS1,0.13279,0.73069,4.1338,0.17676,0.8597,,Mast,UC_vs_HC
AF127577.4,0.10365,1.2415,4.0577,0.30596,0.75964,,Mast,UC_vs_HC
NRIP1,4.4254,-0.26687,0.46984,-0.568,0.57004,0.99956,Mast,UC_vs_HC
AF127577.1,0.081757,1.2076,3.3757,0.35774,0.72054,,Mast,UC_vs_HC
USP25,0.53605,-0.8695,1.2434,-0.69927,0.48438,,Mast,UC_vs_HC
MIR99AHG,0.18248,1.5484,1.5421,1.0041,0.31533,,Mast,UC_vs_HC
CXADR,0.33667,0.11875,1.5821,0.075057,0.94017,,Mast,UC_vs_HC
BTG3,6.3854,0.042973,0.83356,0.051553,0.95888,0.99956,Mast,UC_vs_HC
C21orf91,6.1564,0.38721,0.49268,0.78592,0.43192,0.99956,Mast,UC_vs_HC
AL109761.1,0.075058,1.3326,4.0556,0.32858,0.74247,,Mast,UC_vs_HC
CHODL,0.082834,1.1766,1.9991,0.58858,0.55614,,Mast,UC_vs_HC
LINC01684,0.039745,0.81098,2.9497,0.27494,0.78337,,Mast,UC_vs_HC
MIR155HG,1.8936,-0.96349,0.97604,-0.98714,0.32357,0.99956,Mast,UC_vs_HC
MRPL39,1.1623,0.27111,0.76672,0.3536,0.72364,0.99956,Mast,UC_vs_HC
ATP5PF,23.325,0.0082057,0.28317,0.028978,0.97688,0.99956,Mast,UC_vs_HC
GABPA,0.58883,0.26256,1.4341,0.18309,0.85473,,Mast,UC_vs_HC
APP,0.08705,-0.22911,3.1221,-0.073384,0.9415,,Mast,UC_vs_HC
N6AMT1,0.57173,1.8905,1.1444,1.6519,0.098565,,Mast,UC_vs_HC
LTN1,2.1319,0.60359,0.65135,0.92667,0.3541,0.99956,Mast,UC_vs_HC
RWDD2B,0.737,-0.020042,1.072,-0.018695,0.98508,,Mast,UC_vs_HC
AF129075.2,0.038333,0.78366,2.7327,0.28677,0.77429,,Mast,UC_vs_HC
USP16,9.369,-1.036,0.37047,-2.7964,0.0051668,0.58522,Mast,UC_vs_HC
CCT8,10.825,0.14147,0.41791,0.33851,0.73498,0.99956,Mast,UC_vs_HC
MAP3K7CL,0.18071,0.76585,2.6823,0.28552,0.77525,,Mast,UC_vs_HC
AF124730.1,0.097449,0.73069,4.1338,0.17676,0.8597,,Mast,UC_vs_HC
BACH1,5.7141,0.30019,0.46694,0.64289,0.5203,0.99956,Mast,UC_vs_HC
BACH1-AS1,0.068811,0.43735,3.185,0.13732,0.89078,,Mast,UC_vs_HC
BACH1-IT2,0.13328,0.304,2.4732,0.12292,0.90217,,Mast,UC_vs_HC
TIAM1,2.5698,-0.1281,0.88774,-0.1443,0.88526,0.99956,Mast,UC_vs_HC
AP000251.1,0.039522,0.59268,4.1488,0.14286,0.8864,,Mast,UC_vs_HC
SOD1,23.503,-0.093703,0.25551,-0.36673,0.71382,0.99956,Mast,UC_vs_HC
SCAF4,0.92107,-0.31572,0.86694,-0.36417,0.71573,,Mast,UC_vs_HC
MIS18A,0.53049,-0.15991,1.1666,-0.13707,0.89098,,Mast,UC_vs_HC
URB1,0.19238,0.31302,1.6848,0.18579,0.85261,,Mast,UC_vs_HC
URB1-AS1,0.084819,1.1537,2.1142,0.54567,0.58529,,Mast,UC_vs_HC
EVA1C,0.15485,0.19268,1.8874,0.10209,0.91869,,Mast,UC_vs_HC
TCP10L,0.032128,0.40025,2.7752,0.14423,0.88532,,Mast,UC_vs_HC
CFAP298,4.2921,0.46796,0.73437,0.63723,0.52398,0.99956,Mast,UC_vs_HC
SYNJ1,0.25905,0.79983,1.4244,0.56151,0.57445,,Mast,UC_vs_HC
PAXBP1-AS1,0.091273,0.023887,3.6038,0.0066283,0.99471,,Mast,UC_vs_HC
PAXBP1,1.8718,0.88491,0.79943,1.1069,0.26833,0.99956,Mast,UC_vs_HC
C21orf62-AS1,0.16662,-0.17495,1.6299,-0.10734,0.91452,,Mast,UC_vs_HC
OLIG1,0.15286,0.78819,3.5597,0.22142,0.82476,,Mast,UC_vs_HC
IFNAR2,1.9607,2.2519,0.9895,2.2758,0.022857,0.81504,Mast,UC_vs_HC
IL10RB-DT,1.2807,-0.19672,0.77432,-0.25405,0.79945,0.99956,Mast,UC_vs_HC
IL10RB,0.36963,1.104,1.2087,0.91337,0.36105,,Mast,UC_vs_HC
IFNAR1,3.4847,-0.309,0.52094,-0.59315,0.55308,0.99956,Mast,UC_vs_HC
IFNGR2,3.9058,0.72041,0.70385,1.0235,0.30606,0.99956,Mast,UC_vs_HC
TMEM50B,3.7962,0.23438,0.47945,0.48884,0.62496,0.99956,Mast,UC_vs_HC
DNAJC28,0.25462,0.092353,2.2361,0.041301,0.96706,,Mast,UC_vs_HC
GART,0.87015,0.67401,0.97423,0.69185,0.48903,,Mast,UC_vs_HC
SON,36.341,-0.55989,0.26001,-2.1534,0.031291,0.89594,Mast,UC_vs_HC
DONSON,0.096011,0.7455,2.2763,0.32751,0.74329,,Mast,UC_vs_HC
CRYZL1,2.2683,-0.20229,0.86513,-0.23382,0.81512,0.99956,Mast,UC_vs_HC
ITSN1,0.11953,-0.75116,4.0175,-0.18697,0.85168,,Mast,UC_vs_HC
ATP5PO,17.738,0.18028,0.35365,0.50976,0.61022,0.99956,Mast,UC_vs_HC
LINC00649,0.15767,1.8012,2.4837,0.72524,0.46831,,Mast,UC_vs_HC
MRPS6,20.471,-0.013295,0.34854,-0.038146,0.96957,0.99956,Mast,UC_vs_HC
SLC5A3,7.2835,-0.045646,0.40524,-0.11264,0.91032,0.99956,Mast,UC_vs_HC
LINC00310,0.081757,1.2076,3.3757,0.35774,0.72054,,Mast,UC_vs_HC
KCNE1,0.043089,1.2415,4.0577,0.30596,0.75964,,Mast,UC_vs_HC
RCAN1,0.055411,0.73069,4.1338,0.17676,0.8597,,Mast,UC_vs_HC
CLIC6,0.045074,1.1802,3.0256,0.39009,0.69647,,Mast,UC_vs_HC
LINC01426,0.11116,1.4028,2.2862,0.6136,0.53948,,Mast,UC_vs_HC
RUNX1,4.0007,1.7142,0.63221,2.7114,0.0067008,0.64375,Mast,UC_vs_HC
SETD4,1.197,-0.14297,0.85024,-0.16815,0.86646,0.99956,Mast,UC_vs_HC
CBR1,1.7474,0.4166,0.78545,0.5304,0.59584,0.99956,Mast,UC_vs_HC
DOPEY2,0.1716,0.41658,1.7995,0.23149,0.81693,,Mast,UC_vs_HC
AP000692.2,0.10391,0.62753,2.1618,0.29028,0.7716,,Mast,UC_vs_HC
MORC3,5.1632,0.37872,0.50483,0.75019,0.45314,0.99956,Mast,UC_vs_HC
CHAF1B,0.065868,1.0247,3.2484,0.31546,0.75241,,Mast,UC_vs_HC
AP000695.2,0.40638,0.8201,2.4527,0.33437,0.7381,,Mast,UC_vs_HC
HLCS,0.21506,-0.77028,1.8214,-0.42289,0.67237,,Mast,UC_vs_HC
PIGP,0.78856,-0.61532,1.1877,-0.51806,0.60441,,Mast,UC_vs_HC
TTC3,3.672,-0.060529,0.75277,-0.080409,0.93591,0.99956,Mast,UC_vs_HC
VPS26C,1.0066,1.4048,0.88903,1.5802,0.11407,,Mast,UC_vs_HC
DYRK1A,4.2017,-0.0071957,0.53904,-0.013349,0.98935,0.99956,Mast,UC_vs_HC
KCNJ15,0.043089,1.2415,4.0577,0.30596,0.75964,,Mast,UC_vs_HC
ERG,0.93991,-1.8247,1.361,-1.3407,0.18002,,Mast,UC_vs_HC
ETS2,2.7569,-0.37558,0.83959,-0.44734,0.65463,0.99956,Mast,UC_vs_HC
PSMG1,2.6041,1.2961,0.73731,1.7579,0.078765,0.99956,Mast,UC_vs_HC
BRWD1,1.4297,-0.75046,0.7939,-0.94528,0.34452,0.99956,Mast,UC_vs_HC
AF129408.1,0.10186,0.84857,3.2075,0.26456,0.79135,,Mast,UC_vs_HC
BRWD1-AS2,0.055411,0.73069,4.1338,0.17676,0.8597,,Mast,UC_vs_HC
HMGN1,15.586,-0.1669,0.77401,-0.21562,0.82928,0.99956,Mast,UC_vs_HC
WRB,0.80671,-0.95239,1.4203,-0.67057,0.50249,,Mast,UC_vs_HC
SH3BGR,0.059765,0.024139,4.0722,0.0059277,0.99527,,Mast,UC_vs_HC
LINC00323,1.2066,0.18901,0.98004,0.19286,0.84707,0.99956,Mast,UC_vs_HC
BACE2,8.6696,0.84713,0.37493,2.2594,0.023857,0.82801,Mast,UC_vs_HC
PLAC4,0.36832,-0.44099,1.3087,-0.33697,0.73614,,Mast,UC_vs_HC
BACE2-IT1,0.1284,0.53781,2.5368,0.21201,0.8321,,Mast,UC_vs_HC
MX2,1.2758,0.48253,0.77324,0.62404,0.5326,0.99956,Mast,UC_vs_HC
MX1,0.088458,1.0394,3.1122,0.33397,0.7384,,Mast,UC_vs_HC
TMPRSS2,0.11705,0.89309,3.5064,0.2547,0.79895,,Mast,UC_vs_HC
PRDM15,0.051171,0.51223,3.1431,0.16297,0.87054,,Mast,UC_vs_HC
ZBTB21,1.756,-0.8372,0.74752,-1.12,0.26273,0.99956,Mast,UC_vs_HC
ABCG1,0.74626,0.92975,1.2764,0.72844,0.46635,,Mast,UC_vs_HC
TFF3,3.7221,-4.0095,1.2222,-3.2807,0.0010356,0.27283,Mast,UC_vs_HC
TFF1,0.31016,1.5685,2.6579,0.59012,0.55511,,Mast,UC_vs_HC
RSPH1,0.037578,0.16073,4.0541,0.039647,0.96837,,Mast,UC_vs_HC
SLC37A1,0.11074,-0.68973,2.1877,-0.31528,0.75255,,Mast,UC_vs_HC
WDR4,0.28323,-1.1696,1.8171,-0.64364,0.51981,,Mast,UC_vs_HC
NDUFV3,3.6968,0.30468,0.54296,0.56114,0.5747,0.99956,Mast,UC_vs_HC
PKNOX1,1.3135,0.20824,0.83956,0.24803,0.80411,0.99956,Mast,UC_vs_HC
U2AF1,0.90362,-0.47481,1.353,-0.35093,0.72564,,Mast,UC_vs_HC
FRGCA,0.059765,0.024139,4.0722,0.0059277,0.99527,,Mast,UC_vs_HC
LINC01679,0.055411,0.73069,4.1338,0.17676,0.8597,,Mast,UC_vs_HC
SIK1,0.41567,-0.82475,1.3662,-0.60366,0.54607,,Mast,UC_vs_HC
RRP1B,2.0694,1.1714,0.79755,1.4687,0.14192,0.99956,Mast,UC_vs_HC
PDXK,1.853,-0.089198,0.81044,-0.11006,0.91236,0.99956,Mast,UC_vs_HC
CSTB,28.534,-0.027642,0.34751,-0.079543,0.9366,0.99956,Mast,UC_vs_HC
RRP1,0.72136,0.96324,1.1106,0.86732,0.38577,,Mast,UC_vs_HC
AGPAT3,0.60183,-0.14294,1.1003,-0.12991,0.89664,,Mast,UC_vs_HC
TRAPPC10,0.8408,2.1863,1.2159,1.7981,0.072168,,Mast,UC_vs_HC
PWP2,0.0134,0.3681,4.0861,0.090086,0.92822,,Mast,UC_vs_HC
GATD3A,0.18405,0.14415,3.9107,0.03686,0.9706,,Mast,UC_vs_HC
LINC01678,0.7091,-1.0544,1.0969,-0.96129,0.33641,,Mast,UC_vs_HC
ICOSLG,0.30881,1.1449,1.8185,0.62959,0.52896,,Mast,UC_vs_HC
AP001059.3,0.0134,0.3681,4.0861,0.090086,0.92822,,Mast,UC_vs_HC
PFKL,1.8002,-0.84636,0.82347,-1.0278,0.30405,0.99956,Mast,UC_vs_HC
C21orf2,0.93085,-0.7696,1.2822,-0.60024,0.54835,,Mast,UC_vs_HC
AP001062.1,0.0134,0.3681,4.0861,0.090086,0.92822,,Mast,UC_vs_HC
TRPM2,0.19801,0.60792,1.6701,0.364,0.71585,,Mast,UC_vs_HC
LRRC3,0.095395,0.86535,1.8306,0.47272,0.63641,,Mast,UC_vs_HC
UBE2G2,2.6266,0.60342,0.62901,0.95931,0.3374,0.99956,Mast,UC_vs_HC
SUMO3,2.7427,-0.13901,0.77637,-0.17905,0.8579,0.99956,Mast,UC_vs_HC
PTTG1IP,4.0557,-0.212,0.5563,-0.38109,0.70314,0.99956,Mast,UC_vs_HC
ITGB2,1.0779,0.17373,0.90273,0.19244,0.84739,,Mast,UC_vs_HC
ITGB2-AS1,0.026237,0.024139,4.0722,0.0059277,0.99527,,Mast,UC_vs_HC
LINC01547,0.037578,0.16073,4.0541,0.039647,0.96837,,Mast,UC_vs_HC
FAM207A,0.9606,0.42904,1.2891,0.33282,0.73927,,Mast,UC_vs_HC
AP001505.1,0.070007,1.5443,1.9807,0.77969,0.43557,,Mast,UC_vs_HC
ADARB1,1.9828,0.64621,0.75916,0.85122,0.39465,0.99956,Mast,UC_vs_HC
POFUT2,1.4241,-0.083699,0.89247,-0.093784,0.92528,0.99956,Mast,UC_vs_HC
COL18A1,3.5221,0.4805,0.98022,0.49019,0.624,0.99956,Mast,UC_vs_HC
COL18A1-AS2,0.13279,0.73069,4.1338,0.17676,0.8597,,Mast,UC_vs_HC
SLC19A1,0.059765,0.024139,4.0722,0.0059277,0.99527,,Mast,UC_vs_HC
PCBP3,0.024934,1.088,4.0829,0.26647,0.78988,,Mast,UC_vs_HC
COL6A1,0.045074,1.1802,3.0256,0.39009,0.69647,,Mast,UC_vs_HC
COL6A2,0.0268,0.16572,4.0548,0.040869,0.9674,,Mast,UC_vs_HC
SPATC1L,0.2362,-0.29199,1.6204,-0.1802,0.857,,Mast,UC_vs_HC
LSS,0.2472,-0.24447,1.6391,-0.14915,0.88144,,Mast,UC_vs_HC
MCM3AP-AS1,0.052583,0.46401,3.1249,0.14849,0.88196,,Mast,UC_vs_HC
MCM3AP,0.96843,-0.088643,0.9031,-0.098155,0.92181,,Mast,UC_vs_HC
YBEY,1.1612,-0.23041,1.0788,-0.21357,0.83088,0.99956,Mast,UC_vs_HC
C21orf58,0.056489,0.8828,3.1215,0.28281,0.77732,,Mast,UC_vs_HC
PCNT,0.82099,-0.72873,1.2126,-0.60094,0.54788,,Mast,UC_vs_HC
DIP2A,2.0628,-0.65516,0.73818,-0.88754,0.37479,0.99956,Mast,UC_vs_HC
PRMT2,9.8568,-0.044892,0.36812,-0.12195,0.90294,0.99956,Mast,UC_vs_HC
MT-ND1,528.39,-0.37093,0.50597,-0.73311,0.46349,0.99956,Mast,UC_vs_HC
MT-ND2,429.62,-0.68591,0.37958,-1.807,0.070756,0.99956,Mast,UC_vs_HC
MT-CO1,1468.2,-0.49727,0.35621,-1.396,0.16271,0.99956,Mast,UC_vs_HC
MT-CO2,1366.1,-0.57942,0.41248,-1.4047,0.1601,0.99956,Mast,UC_vs_HC
MT-ATP8,14.919,-1.2105,0.56587,-2.1392,0.032418,0.89594,Mast,UC_vs_HC
MT-ATP6,1292.7,-0.58212,0.55546,-1.048,0.29464,0.99956,Mast,UC_vs_HC
MT-CO3,1183.4,-0.45429,0.52842,-0.85971,0.38995,0.99956,Mast,UC_vs_HC
MT-ND3,1427.5,-1.3012,0.52589,-2.4742,0.013352,0.72228,Mast,UC_vs_HC
MT-ND4L,77.415,-1.1773,0.4695,-2.5077,0.012153,0.72228,Mast,UC_vs_HC
MT-ND4,840.12,-0.91877,0.38733,-2.372,0.01769,0.7412,Mast,UC_vs_HC
MT-ND5,173.67,-0.75285,0.38745,-1.9431,0.052007,0.96096,Mast,UC_vs_HC
MT-ND6,9.206,-0.97225,0.63405,-1.5334,0.12518,0.99956,Mast,UC_vs_HC
MT-CYB,1044.1,-1.2666,0.53012,-2.3893,0.016883,0.72906,Mast,UC_vs_HC
BX004987.1,0.024934,1.088,4.0829,0.26647,0.78988,,Mast,UC_vs_HC
MAFIP,0.0134,0.3681,4.0861,0.090086,0.92822,,Mast,UC_vs_HC
AC011043.1,0.13279,0.73069,4.1338,0.17676,0.8597,,Mast,UC_vs_HC
AL592183.1,0.80359,0.60603,1.1758,0.51544,0.60625,,Mast,UC_vs_HC
AL354822.1,0.10823,0.65622,1.6695,0.39307,0.69427,,Mast,UC_vs_HC
AC240274.1,0.1841,-0.17171,2.4325,-0.070591,0.94372,,Mast,UC_vs_HC
