column_name,tipo_celular,gen,comparacion,log2FC,padj
B_cell__NUDT1__UC_vs_CD,B cell,NUDT1,UC_vs_CD,1.5321,0.025226
CD4__DHRS3__UC_vs_HC,CD4,DHRS3,UC_vs_HC,-1.2963,0.02826
CD4__FBLIM1__UC_vs_HC,CD4,FBLIM1,UC_vs_HC,-1.3635,0.029605
CD4__UBXN10-AS1__UC_vs_HC,CD4,UBXN10-AS1,UC_vs_HC,4.7187,6.2321e-06
CD4__UBXN11__UC_vs_HC,CD4,UBXN11,UC_vs_HC,-1.3581,0.011594
CD4__SESN2__UC_vs_HC,CD4,SESN2,UC_vs_HC,-1.3587,0.034481
CD4__SYNC__UC_vs_HC,CD4,SYNC,UC_vs_HC,1.2961,0.019161
CD4__KIAA0319L__UC_vs_HC,CD4,KIAA0319L,UC_vs_HC,1.5555,0.0083755
CD4__SMAP2__UC_vs_HC,CD4,SMAP2,UC_vs_HC,1.2988,0.0095091
CD4__HIVEP3__UC_vs_HC,CD4,HIVEP3,UC_vs_HC,2.028,0.0078867
CD4__GUCA2A__UC_vs_HC,CD4,GUCA2A,UC_vs_HC,-3.9596,0.01586
CD4__PLK3__UC_vs_HC,CD4,PLK3,UC_vs_HC,-1.3445,0.0044533
CD4__CTH__UC_vs_HC,CD4,CTH,UC_vs_HC,-2.3317,0.00077273
CD4__GBP5__UC_vs_HC,CD4,GBP5,UC_vs_HC,1.1508,0.0038967
CD4__FAM102B__UC_vs_HC,CD4,FAM102B,UC_vs_HC,-1.8389,0.0075534
CD4__WDR47__UC_vs_HC,CD4,WDR47,UC_vs_HC,-1.1204,0.022647
CD4__AMPD2__UC_vs_HC,CD4,AMPD2,UC_vs_HC,-1.2103,0.00052224
CD4__CHI3L2__UC_vs_HC,CD4,CHI3L2,UC_vs_HC,3.0177,1.333e-06
CD4__CD160__UC_vs_HC,CD4,CD160,UC_vs_HC,-2.741,0.034017
CD4__ACP6__UC_vs_HC,CD4,ACP6,UC_vs_HC,1.546,0.012204
CD4__AC245297.3__UC_vs_HC,CD4,AC245297.3,UC_vs_HC,-1.4326,0.0027054
CD4__MCL1__UC_vs_HC,CD4,MCL1,UC_vs_HC,-1.141,0.02072
CD4__SELENBP1__UC_vs_HC,CD4,SELENBP1,UC_vs_HC,-3.8927,0.042661
CD4__PMVK__UC_vs_HC,CD4,PMVK,UC_vs_HC,1.0415,0.010151
CD4__SYT11__UC_vs_HC,CD4,SYT11,UC_vs_HC,1.6332,0.0010717
CD4__LMNA__UC_vs_HC,CD4,LMNA,UC_vs_HC,-2.8697,5.7831e-17
CD4__ETV3__UC_vs_HC,CD4,ETV3,UC_vs_HC,-1.2413,0.011446
CD4__SLAMF7__UC_vs_HC,CD4,SLAMF7,UC_vs_HC,-1.4941,0.027271
CD4__F5__UC_vs_HC,CD4,F5,UC_vs_HC,1.956,0.019447
CD4__SELL__UC_vs_HC,CD4,SELL,UC_vs_HC,1.5951,0.0045006
CD4__RGS16__UC_vs_HC,CD4,RGS16,UC_vs_HC,-2.4021,0.00088942
CD4__IVNS1ABP__UC_vs_HC,CD4,IVNS1ABP,UC_vs_HC,-1.2728,0.0023533
CD4__RGS2__UC_vs_HC,CD4,RGS2,UC_vs_HC,-1.0961,0.019311
CD4__ZNF281__UC_vs_HC,CD4,ZNF281,UC_vs_HC,1.2401,0.0026546
CD4__AL359834.1__UC_vs_HC,CD4,AL359834.1,UC_vs_HC,4.6675,0.020587
CD4__ELF3__UC_vs_HC,CD4,ELF3,UC_vs_HC,-4.625,0.00011178
CD4__G0S2__UC_vs_HC,CD4,G0S2,UC_vs_HC,5.4913,0.01172
CD4__LINC00467__UC_vs_HC,CD4,LINC00467,UC_vs_HC,2.3539,0.045542
CD4__CENPF__UC_vs_HC,CD4,CENPF,UC_vs_HC,1.4927,0.039323
CD4__GNG4__UC_vs_HC,CD4,GNG4,UC_vs_HC,3.07,0.02202
CD4__EDARADD__UC_vs_HC,CD4,EDARADD,UC_vs_HC,-2.3987,0.004397
CD4__CHML__UC_vs_HC,CD4,CHML,UC_vs_HC,-1.6809,0.029268
CD4__KLF11__UC_vs_HC,CD4,KLF11,UC_vs_HC,-1.592,0.018081
CD4__TRIB2__UC_vs_HC,CD4,TRIB2,UC_vs_HC,1.1794,0.00041926
CD4__TOGARAM2__UC_vs_HC,CD4,TOGARAM2,UC_vs_HC,2.079,0.021317
CD4__YPEL5__UC_vs_HC,CD4,YPEL5,UC_vs_HC,-1.1002,0.0060696
CD4__THADA__UC_vs_HC,CD4,THADA,UC_vs_HC,1.5369,0.0022237
CD4__LINC01943__UC_vs_HC,CD4,LINC01943,UC_vs_HC,1.3378,0.035522
CD4__RGPD2__UC_vs_HC,CD4,RGPD2,UC_vs_HC,-2.2741,0.049211
CD4__FABP1__UC_vs_HC,CD4,FABP1,UC_vs_HC,-5.7249,2.0042e-10
CD4__IL1R2__UC_vs_HC,CD4,IL1R2,UC_vs_HC,2.7778,2.9103e-05
CD4__IL1R1__UC_vs_HC,CD4,IL1R1,UC_vs_HC,2.0308,0.001851
CD4__MIR4435-2HG__UC_vs_HC,CD4,MIR4435-2HG,UC_vs_HC,1.8212,0.0021687
CD4__AC108463.3__UC_vs_HC,CD4,AC108463.3,UC_vs_HC,2.389,0.012722
CD4__AC068491.3__UC_vs_HC,CD4,AC068491.3,UC_vs_HC,1.9438,0.012722
CD4__AC017002.3__UC_vs_HC,CD4,AC017002.3,UC_vs_HC,3.2562,1.1025e-07
CD4__CHCHD5__UC_vs_HC,CD4,CHCHD5,UC_vs_HC,1.0432,0.015275
CD4__CXCR4__UC_vs_HC,CD4,CXCR4,UC_vs_HC,-1.129,0.018317
CD4__ZEB2__UC_vs_HC,CD4,ZEB2,UC_vs_HC,1.1725,0.048614
CD4__NR4A2__UC_vs_HC,CD4,NR4A2,UC_vs_HC,-1.2663,0.0093556
CD4__LY75__UC_vs_HC,CD4,LY75,UC_vs_HC,1.3557,0.0024958
CD4__INPP1__UC_vs_HC,CD4,INPP1,UC_vs_HC,1.4801,0.020141
CD4__NAB1__UC_vs_HC,CD4,NAB1,UC_vs_HC,1.557,0.00059198
CD4__PGAP1__UC_vs_HC,CD4,PGAP1,UC_vs_HC,-2.1767,0.011868
CD4__CTLA4__UC_vs_HC,CD4,CTLA4,UC_vs_HC,1.2583,0.00052224
CD4__STK16__UC_vs_HC,CD4,STK16,UC_vs_HC,1.1583,0.028185
CD4__CCL20__UC_vs_HC,CD4,CCL20,UC_vs_HC,2.5214,0.00023488
CD4__PASK__UC_vs_HC,CD4,PASK,UC_vs_HC,1.0751,0.037237
CD4__ANKRD28__UC_vs_HC,CD4,ANKRD28,UC_vs_HC,-1.373,0.0085484
CD4__SGO1__UC_vs_HC,CD4,SGO1,UC_vs_HC,2.284,0.036862
CD4__CSRNP1__UC_vs_HC,CD4,CSRNP1,UC_vs_HC,-1.399,0.00035546
CD4__SIDT1-AS1__UC_vs_HC,CD4,SIDT1-AS1,UC_vs_HC,-2.3573,0.018434
CD4__TSC22D2__UC_vs_HC,CD4,TSC22D2,UC_vs_HC,-1.2031,0.013608
CD4__MLF1__UC_vs_HC,CD4,MLF1,UC_vs_HC,-2.1552,0.00093733
CD4__TRIM59__UC_vs_HC,CD4,TRIM59,UC_vs_HC,1.2665,0.02202
CD4__CCDC50__UC_vs_HC,CD4,CCDC50,UC_vs_HC,2.0299,0.0052245
CD4__ZBTB49__UC_vs_HC,CD4,ZBTB49,UC_vs_HC,-1.7512,0.0043992
CD4__CD38__UC_vs_HC,CD4,CD38,UC_vs_HC,2.1911,0.00011899
CD4__TBC1D19__UC_vs_HC,CD4,TBC1D19,UC_vs_HC,-1.0222,0.018081
CD4__TXK__UC_vs_HC,CD4,TXK,UC_vs_HC,1.6468,0.0077569
CD4__HOPX__UC_vs_HC,CD4,HOPX,UC_vs_HC,-1.5487,0.012133
CD4__SPINK2__UC_vs_HC,CD4,SPINK2,UC_vs_HC,-2.2792,8.0458e-06
CD4__CXCL8__UC_vs_HC,CD4,CXCL8,UC_vs_HC,5.8706,0.037237
CD4__CCNG2__UC_vs_HC,CD4,CCNG2,UC_vs_HC,1.5392,0.012007
CD4__CXCL13__UC_vs_HC,CD4,CXCL13,UC_vs_HC,6.2919,0.039323
CD4__PTPN13__UC_vs_HC,CD4,PTPN13,UC_vs_HC,2.5709,2.4038e-05
CD4__FAM13A__UC_vs_HC,CD4,FAM13A,UC_vs_HC,-1.9335,0.0049586
CD4__TIFA__UC_vs_HC,CD4,TIFA,UC_vs_HC,1.6125,0.0063228
CD4__TNIP3__UC_vs_HC,CD4,TNIP3,UC_vs_HC,1.5322,0.001389
CD4__SPRY1__UC_vs_HC,CD4,SPRY1,UC_vs_HC,-1.1827,0.045205
CD4__OTULIN__UC_vs_HC,CD4,OTULIN,UC_vs_HC,1.3502,0.04989
CD4__AC025171.3__UC_vs_HC,CD4,AC025171.3,UC_vs_HC,-1.8047,0.0045539
CD4__MSH3__UC_vs_HC,CD4,MSH3,UC_vs_HC,-1.0106,0.017717
CD4__SSBP2__UC_vs_HC,CD4,SSBP2,UC_vs_HC,-1.2137,0.00106
CD4__GRAMD2B__UC_vs_HC,CD4,GRAMD2B,UC_vs_HC,1.8222,0.00088942
CD4__TGFBI__UC_vs_HC,CD4,TGFBI,UC_vs_HC,-2.8996,0.036817
CD4__EGR1__UC_vs_HC,CD4,EGR1,UC_vs_HC,-2.4565,0.0025223
CD4__ATOX1__UC_vs_HC,CD4,ATOX1,UC_vs_HC,1.1479,0.0083755
CD4__HAVCR2__UC_vs_HC,CD4,HAVCR2,UC_vs_HC,1.9875,9.1194e-05
CD4__ADAM19__UC_vs_HC,CD4,ADAM19,UC_vs_HC,1.2562,0.0058011
CD4__TUBB2A__UC_vs_HC,CD4,TUBB2A,UC_vs_HC,-1.5876,0.0059673
CD4__ADTRP__UC_vs_HC,CD4,ADTRP,UC_vs_HC,2.4536,4.7634e-05
CD4__RNF144B__UC_vs_HC,CD4,RNF144B,UC_vs_HC,2.8121,0.010121
CD4__SOX4__UC_vs_HC,CD4,SOX4,UC_vs_HC,2.4779,0.01461
CD4__AL121944.1__UC_vs_HC,CD4,AL121944.1,UC_vs_HC,-2.1876,1.3803e-05
CD4__ZNF165__UC_vs_HC,CD4,ZNF165,UC_vs_HC,-3.9551,4.0282e-05
CD4__TRIM39__UC_vs_HC,CD4,TRIM39,UC_vs_HC,-1.3301,0.045205
CD4__LTA__UC_vs_HC,CD4,LTA,UC_vs_HC,1.5345,0.02857
CD4__NEU1__UC_vs_HC,CD4,NEU1,UC_vs_HC,-1.7334,8.0458e-06
CD4__ETV7__UC_vs_HC,CD4,ETV7,UC_vs_HC,2.1983,0.0044519
CD4__CDKN1A__UC_vs_HC,CD4,CDKN1A,UC_vs_HC,-1.1625,0.00052224
CD4__PRDM1__UC_vs_HC,CD4,PRDM1,UC_vs_HC,1.3454,0.00088233
CD4__MAN1A1__UC_vs_HC,CD4,MAN1A1,UC_vs_HC,1.0033,0.02202
CD4__PDE7B__UC_vs_HC,CD4,PDE7B,UC_vs_HC,2.5161,0.013608
CD4__TNFAIP3__UC_vs_HC,CD4,TNFAIP3,UC_vs_HC,-1.138,0.0034131
CD4__PHACTR2__UC_vs_HC,CD4,PHACTR2,UC_vs_HC,1.3528,0.00088154
CD4__PLAGL1__UC_vs_HC,CD4,PLAGL1,UC_vs_HC,1.5563,0.015594
CD4__TAGAP__UC_vs_HC,CD4,TAGAP,UC_vs_HC,-1.1277,5.444e-05
CD4__SUN1__UC_vs_HC,CD4,SUN1,UC_vs_HC,-1.0222,0.029111
CD4__GLCCI1__UC_vs_HC,CD4,GLCCI1,UC_vs_HC,1.0631,0.0083854
CD4__ICA1__UC_vs_HC,CD4,ICA1,UC_vs_HC,2.4033,8.0458e-06
CD4__ARL4A__UC_vs_HC,CD4,ARL4A,UC_vs_HC,-1.5779,2.4049e-05
CD4__AHR__UC_vs_HC,CD4,AHR,UC_vs_HC,-1.1239,0.030298
CD4__TWIST1__UC_vs_HC,CD4,TWIST1,UC_vs_HC,3.3207,0.013449
CD4__MACC1__UC_vs_HC,CD4,MACC1,UC_vs_HC,2.5633,0.019311
CD4__GGCT__UC_vs_HC,CD4,GGCT,UC_vs_HC,1.131,0.0046786
CD4__CLDN4__UC_vs_HC,CD4,CLDN4,UC_vs_HC,-3.3525,0.00010069
CD4__MUC12__UC_vs_HC,CD4,MUC12,UC_vs_HC,-2.9517,0.016619
CD4__SLC26A3__UC_vs_HC,CD4,SLC26A3,UC_vs_HC,-4.1222,0.01586
CD4__LRRN3__UC_vs_HC,CD4,LRRN3,UC_vs_HC,-1.9058,0.0077569
CD4__TMEM140__UC_vs_HC,CD4,TMEM140,UC_vs_HC,1.0542,0.033541
CD4__ZNF282__UC_vs_HC,CD4,ZNF282,UC_vs_HC,1.511,0.036417
CD4__LINC01281__UC_vs_HC,CD4,LINC01281,UC_vs_HC,2.7602,0.0059673
CD4__SLC35A2__UC_vs_HC,CD4,SLC35A2,UC_vs_HC,-1.1565,0.031141
CD4__FOXP3__UC_vs_HC,CD4,FOXP3,UC_vs_HC,1.7894,0.0062596
CD4__MAGEH1__UC_vs_HC,CD4,MAGEH1,UC_vs_HC,1.8209,0.0055593
CD4__USP51__UC_vs_HC,CD4,USP51,UC_vs_HC,1.5164,0.045205
CD4__CXCR3__UC_vs_HC,CD4,CXCR3,UC_vs_HC,-1.2775,0.013608
CD4__CYSLTR1__UC_vs_HC,CD4,CYSLTR1,UC_vs_HC,-1.2261,0.011165
CD4__MORF4L2__UC_vs_HC,CD4,MORF4L2,UC_vs_HC,-1.0685,0.0010674
CD4__TSC22D3__UC_vs_HC,CD4,TSC22D3,UC_vs_HC,-1.1815,0.0022977
CD4__FAM122C__UC_vs_HC,CD4,FAM122C,UC_vs_HC,-1.4075,0.011357
CD4__EGR3__UC_vs_HC,CD4,EGR3,UC_vs_HC,-2.0922,0.040553
CD4__ANK1__UC_vs_HC,CD4,ANK1,UC_vs_HC,2.0012,0.036618
CD4__AC103724.4__UC_vs_HC,CD4,AC103724.4,UC_vs_HC,-2.468,0.048544
CD4__HGSNAT__UC_vs_HC,CD4,HGSNAT,UC_vs_HC,-1.2352,0.010602
CD4__TOX__UC_vs_HC,CD4,TOX,UC_vs_HC,1.2833,0.0058011
CD4__SGK3__UC_vs_HC,CD4,SGK3,UC_vs_HC,-1.1702,0.0066427
CD4__RDH10__UC_vs_HC,CD4,RDH10,UC_vs_HC,3.1677,0.00026449
CD4__TPD52__UC_vs_HC,CD4,TPD52,UC_vs_HC,-1.0831,0.02072
CD4__FABP5__UC_vs_HC,CD4,FABP5,UC_vs_HC,1.8958,0.00060027
CD4__CA2__UC_vs_HC,CD4,CA2,UC_vs_HC,-2.04,0.027361
CD4__TMEM67__UC_vs_HC,CD4,TMEM67,UC_vs_HC,-2.0236,0.0025223
CD4__PDP1__UC_vs_HC,CD4,PDP1,UC_vs_HC,-1.2015,0.043913
CD4__TP53INP1__UC_vs_HC,CD4,TP53INP1,UC_vs_HC,1.5569,0.001389
CD4__LAPTM4B__UC_vs_HC,CD4,LAPTM4B,UC_vs_HC,1.7339,0.044527
CD4__NCALD__UC_vs_HC,CD4,NCALD,UC_vs_HC,1.0905,0.038724
CD4__KLF10__UC_vs_HC,CD4,KLF10,UC_vs_HC,-1.1223,0.010575
CD4__TRPS1__UC_vs_HC,CD4,TRPS1,UC_vs_HC,1.8854,0.0016919
CD4__TBC1D31__UC_vs_HC,CD4,TBC1D31,UC_vs_HC,1.2361,0.020842
CD4__RNF139__UC_vs_HC,CD4,RNF139,UC_vs_HC,-1.0918,0.021269
CD4__CD274__UC_vs_HC,CD4,CD274,UC_vs_HC,2.3144,0.00070708
CD4__ANXA1__UC_vs_HC,CD4,ANXA1,UC_vs_HC,-2.1668,1.8365e-05
CD4__AL606807.1__UC_vs_HC,CD4,AL606807.1,UC_vs_HC,3.2157,0.0054884
CD4__NR4A3__UC_vs_HC,CD4,NR4A3,UC_vs_HC,-1.5673,0.02389
CD4__KLF4__UC_vs_HC,CD4,KLF4,UC_vs_HC,-3.4655,0.015346
CD4__ZBTB43__UC_vs_HC,CD4,ZBTB43,UC_vs_HC,-1.0525,0.0047298
CD4__AL441992.1__UC_vs_HC,CD4,AL441992.1,UC_vs_HC,1.3892,0.039323
CD4__TUBB4B__UC_vs_HC,CD4,TUBB4B,UC_vs_HC,-1.7371,0.00077586
CD4__HBB__UC_vs_HC,CD4,HBB,UC_vs_HC,6.9838,0.0027869
CD4__AKIP1__UC_vs_HC,CD4,AKIP1,UC_vs_HC,1.4601,0.020842
CD4__NRIP3__UC_vs_HC,CD4,NRIP3,UC_vs_HC,-3.2575,0.0025648
CD4__MICAL2__UC_vs_HC,CD4,MICAL2,UC_vs_HC,1.594,0.0014779
CD4__METTL15__UC_vs_HC,CD4,METTL15,UC_vs_HC,-1.045,0.049735
CD4__PTPRJ__UC_vs_HC,CD4,PTPRJ,UC_vs_HC,1.1346,0.034465
CD4__YPEL4__UC_vs_HC,CD4,YPEL4,UC_vs_HC,-3.612,0.0060696
CD4__AHNAK__UC_vs_HC,CD4,AHNAK,UC_vs_HC,-1.5535,0.00022042
CD4__FAM89B__UC_vs_HC,CD4,FAM89B,UC_vs_HC,1.0178,0.016105
CD4__CTSC__UC_vs_HC,CD4,CTSC,UC_vs_HC,1.0278,0.0078833
CD4__SMCO4__UC_vs_HC,CD4,SMCO4,UC_vs_HC,2.2492,0.00077273
CD4__LAYN__UC_vs_HC,CD4,LAYN,UC_vs_HC,1.9818,0.0040953
CD4__CADM1__UC_vs_HC,CD4,CADM1,UC_vs_HC,2.7464,0.0078867
CD4__MPZL3__UC_vs_HC,CD4,MPZL3,UC_vs_HC,-1.7804,0.00035546
CD4__KLF6__UC_vs_HC,CD4,KLF6,UC_vs_HC,-1.1062,0.0022977
CD4__IL2RA__UC_vs_HC,CD4,IL2RA,UC_vs_HC,1.6294,0.00052224
CD4__RTKN2__UC_vs_HC,CD4,RTKN2,UC_vs_HC,1.2863,0.027678
CD4__CAMK2G__UC_vs_HC,CD4,CAMK2G,UC_vs_HC,-1.2102,0.011038
CD4__PTEN__UC_vs_HC,CD4,PTEN,UC_vs_HC,1.1091,0.027145
CD4__RRP12__UC_vs_HC,CD4,RRP12,UC_vs_HC,-1.5091,0.010121
CD4__AVPI1__UC_vs_HC,CD4,AVPI1,UC_vs_HC,-1.4199,0.018246
CD4__SFXN3__UC_vs_HC,CD4,SFXN3,UC_vs_HC,-1.4485,3.8068e-05
CD4__ARL3__UC_vs_HC,CD4,ARL3,UC_vs_HC,1.5999,0.00014517
CD4__OAT__UC_vs_HC,CD4,OAT,UC_vs_HC,-1.3176,0.0045006
CD4__ADAM12__UC_vs_HC,CD4,ADAM12,UC_vs_HC,2.5793,0.0063507
CD4__MKI67__UC_vs_HC,CD4,MKI67,UC_vs_HC,4.7833,0.00085902
CD4__NINJ2__UC_vs_HC,CD4,NINJ2,UC_vs_HC,2.0748,0.00035546
CD4__LAG3__UC_vs_HC,CD4,LAG3,UC_vs_HC,2.3653,8.6566e-05
CD4__ENO2__UC_vs_HC,CD4,ENO2,UC_vs_HC,-1.4628,0.0052245
CD4__CLEC7A__UC_vs_HC,CD4,CLEC7A,UC_vs_HC,1.9548,0.0027869
CD4__GABARAPL1__UC_vs_HC,CD4,GABARAPL1,UC_vs_HC,-1.1763,0.037237
CD4__ETV6__UC_vs_HC,CD4,ETV6,UC_vs_HC,1.4867,0.00010069
CD4__EMP1__UC_vs_HC,CD4,EMP1,UC_vs_HC,-3.9171,7.2922e-05
CD4__BCAT1__UC_vs_HC,CD4,BCAT1,UC_vs_HC,4.1964,0.019186
CD4__VDR__UC_vs_HC,CD4,VDR,UC_vs_HC,2.0162,0.00059198
CD4__TUBA1B__UC_vs_HC,CD4,TUBA1B,UC_vs_HC,-1.0088,0.00096398
CD4__TUBA1A__UC_vs_HC,CD4,TUBA1A,UC_vs_HC,-1.5258,1.1025e-07
CD4__LIMA1__UC_vs_HC,CD4,LIMA1,UC_vs_HC,1.4062,0.0014779
CD4__GALNT6__UC_vs_HC,CD4,GALNT6,UC_vs_HC,-1.6209,0.0016919
CD4__NR4A1__UC_vs_HC,CD4,NR4A1,UC_vs_HC,-1.3085,0.033734
CD4__KRT8__UC_vs_HC,CD4,KRT8,UC_vs_HC,-3.1667,0.00041648
CD4__KRT18__UC_vs_HC,CD4,KRT18,UC_vs_HC,-1.5796,0.0085484
CD4__MYL6B__UC_vs_HC,CD4,MYL6B,UC_vs_HC,1.8814,6.0405e-05
CD4__IL26__UC_vs_HC,CD4,IL26,UC_vs_HC,3.9104,3.8022e-05
CD4__IL22__UC_vs_HC,CD4,IL22,UC_vs_HC,2.7637,0.0045649
CD4__LINC02384__UC_vs_HC,CD4,LINC02384,UC_vs_HC,2.1314,0.045542
CD4__TSPAN8__UC_vs_HC,CD4,TSPAN8,UC_vs_HC,-3.3947,0.043412
CD4__ATP2B1__UC_vs_HC,CD4,ATP2B1,UC_vs_HC,-1.1566,0.0020717
CD4__CDK17__UC_vs_HC,CD4,CDK17,UC_vs_HC,-1.0838,0.0055336
CD4__ANKS1B__UC_vs_HC,CD4,ANKS1B,UC_vs_HC,1.6691,0.041079
CD4__CRY1__UC_vs_HC,CD4,CRY1,UC_vs_HC,-1.0613,0.019466
CD4__PTPN11__UC_vs_HC,CD4,PTPN11,UC_vs_HC,1.0198,0.008462
CD4__TESC__UC_vs_HC,CD4,TESC,UC_vs_HC,1.9859,0.044593
CD4__XPO4__UC_vs_HC,CD4,XPO4,UC_vs_HC,-1.2481,0.0083755
CD4__SPART__UC_vs_HC,CD4,SPART,UC_vs_HC,-1.5592,0.0038967
CD4__GPR183__UC_vs_HC,CD4,GPR183,UC_vs_HC,-1.064,0.0034131
CD4__IRS2__UC_vs_HC,CD4,IRS2,UC_vs_HC,-1.0895,0.0059673
CD4__AL355075.4__UC_vs_HC,CD4,AL355075.4,UC_vs_HC,-1.6003,0.039171
CD4__PNP__UC_vs_HC,CD4,PNP,UC_vs_HC,-1.1952,0.013152
CD4__ARHGEF40__UC_vs_HC,CD4,ARHGEF40,UC_vs_HC,-3.614,0.00052224
CD4__RALGAPA1__UC_vs_HC,CD4,RALGAPA1,UC_vs_HC,-1.1913,0.00077273
CD4__RGS6__UC_vs_HC,CD4,RGS6,UC_vs_HC,2.8212,0.011185
CD4__FOS__UC_vs_HC,CD4,FOS,UC_vs_HC,-2.5637,7.9058e-06
CD4__LGMN__UC_vs_HC,CD4,LGMN,UC_vs_HC,1.7109,0.0095091
CD4__IFI27__UC_vs_HC,CD4,IFI27,UC_vs_HC,-2.3163,0.025662
CD4__MOK__UC_vs_HC,CD4,MOK,UC_vs_HC,-2.5532,0.020039
CD4__TRAF3__UC_vs_HC,CD4,TRAF3,UC_vs_HC,1.0073,0.011401
CD4__GPR132__UC_vs_HC,CD4,GPR132,UC_vs_HC,-1.3498,0.0040004
CD4__CRIP1__UC_vs_HC,CD4,CRIP1,UC_vs_HC,-2.2065,0.0049586
CD4__IGHG1__UC_vs_HC,CD4,IGHG1,UC_vs_HC,3.6827,0.0038967
CD4__IGHG3__UC_vs_HC,CD4,IGHG3,UC_vs_HC,5.5001,3.2405e-07
CD4__IGHV3-15__UC_vs_HC,CD4,IGHV3-15,UC_vs_HC,-4.1841,0.028265
CD4__PHGR1__UC_vs_HC,CD4,PHGR1,UC_vs_HC,-3.6032,0.00035546
CD4__NUSAP1__UC_vs_HC,CD4,NUSAP1,UC_vs_HC,1.8367,0.0036312
CD4__MAP1A__UC_vs_HC,CD4,MAP1A,UC_vs_HC,-2.4927,0.0029214
CD4__ANXA2__UC_vs_HC,CD4,ANXA2,UC_vs_HC,-1.0044,0.0090334
CD4__C2CD4A__UC_vs_HC,CD4,C2CD4A,UC_vs_HC,3.2364,0.0069476
CD4__DENND4A__UC_vs_HC,CD4,DENND4A,UC_vs_HC,-1.199,0.012053
CD4__CTSH__UC_vs_HC,CD4,CTSH,UC_vs_HC,2.0379,0.0014244
CD4__TLNRD1__UC_vs_HC,CD4,TLNRD1,UC_vs_HC,-1.4488,0.018317
CD4__HDGFL3__UC_vs_HC,CD4,HDGFL3,UC_vs_HC,2.9445,0.021985
CD4__KLHL25__UC_vs_HC,CD4,KLHL25,UC_vs_HC,-2.6787,0.019744
CD4__BLM__UC_vs_HC,CD4,BLM,UC_vs_HC,1.8808,0.00031746
CD4__FURIN__UC_vs_HC,CD4,FURIN,UC_vs_HC,1.2962,0.00037723
CD4__HBA2__UC_vs_HC,CD4,HBA2,UC_vs_HC,6.6758,0.0049468
CD4__HBA1__UC_vs_HC,CD4,HBA1,UC_vs_HC,6.5614,0.018376
CD4__AQP8__UC_vs_HC,CD4,AQP8,UC_vs_HC,-4.9288,0.042275
CD4__LINC02195__UC_vs_HC,CD4,LINC02195,UC_vs_HC,2.5158,0.003974
CD4__IL4R__UC_vs_HC,CD4,IL4R,UC_vs_HC,-1.1167,0.0016919
CD4__ZG16__UC_vs_HC,CD4,ZG16,UC_vs_HC,-4.3378,4.7634e-05
CD4__C16orf87__UC_vs_HC,CD4,C16orf87,UC_vs_HC,1.3712,0.0022977
CD4__MT1G__UC_vs_HC,CD4,MT1G,UC_vs_HC,-3.2003,0.041123
CD4__ZNRF1__UC_vs_HC,CD4,ZNRF1,UC_vs_HC,2.7789,3.9907e-08
CD4__LINC01229__UC_vs_HC,CD4,LINC01229,UC_vs_HC,5.7132,0.0022977
CD4__HIC1__UC_vs_HC,CD4,HIC1,UC_vs_HC,-1.3354,0.03446
CD4__CLDN7__UC_vs_HC,CD4,CLDN7,UC_vs_HC,-2.5317,0.032761
CD4__AC005224.3__UC_vs_HC,CD4,AC005224.3,UC_vs_HC,1.707,0.011611
CD4__ALDOC__UC_vs_HC,CD4,ALDOC,UC_vs_HC,1.6844,0.0040004
CD4__SLFN11__UC_vs_HC,CD4,SLFN11,UC_vs_HC,-1.0536,0.03446
CD4__CCL5__UC_vs_HC,CD4,CCL5,UC_vs_HC,-1.547,0.018246
CD4__MYO19__UC_vs_HC,CD4,MYO19,UC_vs_HC,-1.1323,0.021419
CD4__TOP2A__UC_vs_HC,CD4,TOP2A,UC_vs_HC,2.3788,0.020842
CD4__AC004585.1__UC_vs_HC,CD4,AC004585.1,UC_vs_HC,2.6832,0.00052224
CD4__ARL4D__UC_vs_HC,CD4,ARL4D,UC_vs_HC,-1.795,0.0049468
CD4__FAM215B__UC_vs_HC,CD4,FAM215B,UC_vs_HC,-1.0654,0.046713
CD4__TSPOAP1-AS1__UC_vs_HC,CD4,TSPOAP1-AS1,UC_vs_HC,1.7105,0.0049085
CD4__CD79B__UC_vs_HC,CD4,CD79B,UC_vs_HC,1.1756,0.022329
CD4__PRKCA__UC_vs_HC,CD4,PRKCA,UC_vs_HC,-1.2257,0.039323
CD4__BIRC5__UC_vs_HC,CD4,BIRC5,UC_vs_HC,3.2421,0.019695
CD4__ENDOV__UC_vs_HC,CD4,ENDOV,UC_vs_HC,-1.5425,0.0031007
CD4__COLEC12__UC_vs_HC,CD4,COLEC12,UC_vs_HC,-2.7781,0.027145
CD4__CHMP1B__UC_vs_HC,CD4,CHMP1B,UC_vs_HC,-1.1754,0.0045006
CD4__RNF125__UC_vs_HC,CD4,RNF125,UC_vs_HC,-1.2834,0.0016872
CD4__SETBP1__UC_vs_HC,CD4,SETBP1,UC_vs_HC,3.3255,0.030263
CD4__PSTPIP2__UC_vs_HC,CD4,PSTPIP2,UC_vs_HC,-1.4165,0.036014
CD4__PRNP__UC_vs_HC,CD4,PRNP,UC_vs_HC,-1.009,0.011357
CD4__TRMT6__UC_vs_HC,CD4,TRMT6,UC_vs_HC,-1.0006,0.037835
CD4__TPX2__UC_vs_HC,CD4,TPX2,UC_vs_HC,2.667,0.010121
CD4__TOX2__UC_vs_HC,CD4,TOX2,UC_vs_HC,2.1583,0.0052245
CD4__PCK1__UC_vs_HC,CD4,PCK1,UC_vs_HC,-5.1515,0.048609
CD4__MIDN__UC_vs_HC,CD4,MIDN,UC_vs_HC,-1.0671,0.0064881
CD4__GADD45B__UC_vs_HC,CD4,GADD45B,UC_vs_HC,-1.3598,7.2922e-05
CD4__TNFSF14__UC_vs_HC,CD4,TNFSF14,UC_vs_HC,-1.5339,0.012237
CD4__COL5A3__UC_vs_HC,CD4,COL5A3,UC_vs_HC,2.9021,0.00052224
CD4__PDE4A__UC_vs_HC,CD4,PDE4A,UC_vs_HC,-1.9515,2.9103e-05
CD4__ACP5__UC_vs_HC,CD4,ACP5,UC_vs_HC,1.3435,0.017269
CD4__AC020916.1__UC_vs_HC,CD4,AC020916.1,UC_vs_HC,-2.1778,1.1025e-07
CD4__ADGRE5__UC_vs_HC,CD4,ADGRE5,UC_vs_HC,-1.2674,0.0012725
CD4__JAK3__UC_vs_HC,CD4,JAK3,UC_vs_HC,1.1772,2.6834e-05
CD4__FXYD3__UC_vs_HC,CD4,FXYD3,UC_vs_HC,-4.3868,0.00052224
CD4__CATSPERG__UC_vs_HC,CD4,CATSPERG,UC_vs_HC,-2.5373,0.034859
CD4__LGALS4__UC_vs_HC,CD4,LGALS4,UC_vs_HC,-3.3227,0.0055995
CD4__PAF1__UC_vs_HC,CD4,PAF1,UC_vs_HC,-1.1411,0.018081
CD4__ZFP36__UC_vs_HC,CD4,ZFP36,UC_vs_HC,-1.8489,2.2e-05
CD4__FCGBP__UC_vs_HC,CD4,FCGBP,UC_vs_HC,-2.5339,0.044305
CD4__HNRNPUL1__UC_vs_HC,CD4,HNRNPUL1,UC_vs_HC,-1.3529,4.7634e-05
CD4__LINC01480__UC_vs_HC,CD4,LINC01480,UC_vs_HC,3.0985,0.0053574
CD4__PLAUR__UC_vs_HC,CD4,PLAUR,UC_vs_HC,-1.7911,0.0034069
CD4__FOSB__UC_vs_HC,CD4,FOSB,UC_vs_HC,-2.828,8.8546e-10
CD4__PTGIR__UC_vs_HC,CD4,PTGIR,UC_vs_HC,2.6067,0.04516
CD4__GNG8__UC_vs_HC,CD4,GNG8,UC_vs_HC,3.0617,0.010885
CD4__SLC1A5__UC_vs_HC,CD4,SLC1A5,UC_vs_HC,-1.1638,0.0094541
CD4__GRWD1__UC_vs_HC,CD4,GRWD1,UC_vs_HC,-1.1235,0.032761
CD4__PPP1R15A__UC_vs_HC,CD4,PPP1R15A,UC_vs_HC,-1.2915,0.00021613
CD4__MED25__UC_vs_HC,CD4,MED25,UC_vs_HC,-1.0771,0.015275
CD4__MYADM__UC_vs_HC,CD4,MYADM,UC_vs_HC,-2.6095,3.1909e-11
CD4__ZSCAN18__UC_vs_HC,CD4,ZSCAN18,UC_vs_HC,-1.3059,0.037196
CD4__ZNF584__UC_vs_HC,CD4,ZNF584,UC_vs_HC,-1.9354,0.025382
CD4__MZF1-AS1__UC_vs_HC,CD4,MZF1-AS1,UC_vs_HC,-1.4122,0.032373
CD4__IGLC2__UC_vs_HC,CD4,IGLC2,UC_vs_HC,4.0962,0.0012192
CD4__DUSP18__UC_vs_HC,CD4,DUSP18,UC_vs_HC,-1.2181,0.044527
CD4__LGALS1__UC_vs_HC,CD4,LGALS1,UC_vs_HC,-1.5619,0.0031007
CD4__SREBF2__UC_vs_HC,CD4,SREBF2,UC_vs_HC,1.0823,0.022329
CD4__Z93241.1__UC_vs_HC,CD4,Z93241.1,UC_vs_HC,-1.9285,0.0059673
CD4__SIK1B__UC_vs_HC,CD4,SIK1B,UC_vs_HC,-3.4431,0.0055336
CD4__SAMSN1__UC_vs_HC,CD4,SAMSN1,UC_vs_HC,-1.1316,0.0031007
CD4__TFF3__UC_vs_HC,CD4,TFF3,UC_vs_HC,-2.3397,0.033989
CD4__TMPRSS3__UC_vs_HC,CD4,TMPRSS3,UC_vs_HC,2.5552,0.01586
CD4__PCBP3__UC_vs_HC,CD4,PCBP3,UC_vs_HC,1.493,0.040419
CD4__TNFRSF18__CD_vs_HC,CD4,TNFRSF18,CD_vs_HC,2.7195,0.024248
CD4__TNFRSF4__CD_vs_HC,CD4,TNFRSF4,CD_vs_HC,3.0443,0.016642
CD4__RER1__CD_vs_HC,CD4,RER1,CD_vs_HC,1.5028,0.02231
CD4__TNFRSF25__CD_vs_HC,CD4,TNFRSF25,CD_vs_HC,1.7863,0.039698
CD4__FBLIM1__CD_vs_HC,CD4,FBLIM1,CD_vs_HC,-1.4575,0.013799
CD4__UBXN10-AS1__CD_vs_HC,CD4,UBXN10-AS1,CD_vs_HC,3.6667,0.00159
CD4__SYNC__CD_vs_HC,CD4,SYNC,CD_vs_HC,1.521,0.0036634
CD4__KIAA0319L__CD_vs_HC,CD4,KIAA0319L,CD_vs_HC,1.7102,0.0038401
CD4__NCDN__CD_vs_HC,CD4,NCDN,CD_vs_HC,1.6967,3.2128e-05
CD4__ADPRHL2__CD_vs_HC,CD4,ADPRHL2,CD_vs_HC,1.3267,0.02231
CD4__SNIP1__CD_vs_HC,CD4,SNIP1,CD_vs_HC,1.0846,0.013799
CD4__SMAP2__CD_vs_HC,CD4,SMAP2,CD_vs_HC,1.7699,0.00013141
CD4__HIVEP3__CD_vs_HC,CD4,HIVEP3,CD_vs_HC,1.7207,0.038685
CD4__KTI12__CD_vs_HC,CD4,KTI12,CD_vs_HC,1.7054,0.039893
CD4__CTH__CD_vs_HC,CD4,CTH,CD_vs_HC,-1.7237,0.01397
CD4__CTBS__CD_vs_HC,CD4,CTBS,CD_vs_HC,1.3236,0.041357
CD4__GBP5__CD_vs_HC,CD4,GBP5,CD_vs_HC,1.1506,0.0052625
CD4__SYT11__CD_vs_HC,CD4,SYT11,CD_vs_HC,1.3942,0.01092
CD4__LMNA__CD_vs_HC,CD4,LMNA,CD_vs_HC,-1.9301,6.2877e-07
CD4__BLZF1__CD_vs_HC,CD4,BLZF1,CD_vs_HC,-1.1089,0.00012987
CD4__SELL__CD_vs_HC,CD4,SELL,CD_vs_HC,1.8485,0.00081382
CD4__EDEM3__CD_vs_HC,CD4,EDEM3,CD_vs_HC,1.1998,0.02231
CD4__RGS2__CD_vs_HC,CD4,RGS2,CD_vs_HC,-1.4329,0.0011372
CD4__AL359834.1__CD_vs_HC,CD4,AL359834.1,CD_vs_HC,4.323,0.043567
CD4__IARS2__CD_vs_HC,CD4,IARS2,CD_vs_HC,1.0615,0.029018
CD4__EDARADD__CD_vs_HC,CD4,EDARADD,CD_vs_HC,-2.2241,0.0064864
CD4__POMC__CD_vs_HC,CD4,POMC,CD_vs_HC,2.0988,0.035942
CD4__RAB10__CD_vs_HC,CD4,RAB10,CD_vs_HC,1.0509,0.036171
CD4__YPEL5__CD_vs_HC,CD4,YPEL5,CD_vs_HC,-1.0479,0.014349
CD4__FABP1__CD_vs_HC,CD4,FABP1,CD_vs_HC,-2.7838,0.00012987
CD4__IL1R2__CD_vs_HC,CD4,IL1R2,CD_vs_HC,1.9454,0.013063
CD4__IL1R1__CD_vs_HC,CD4,IL1R1,CD_vs_HC,1.6034,0.029235
CD4__MIR4435-2HG__CD_vs_HC,CD4,MIR4435-2HG,CD_vs_HC,1.3581,0.045012
CD4__AC017002.3__CD_vs_HC,CD4,AC017002.3,CD_vs_HC,2.3728,0.00080254
CD4__CDCA7__CD_vs_HC,CD4,CDCA7,CD_vs_HC,1.8241,0.039435
CD4__CHN1__CD_vs_HC,CD4,CHN1,CD_vs_HC,1.399,0.039954
CD4__IKZF2__CD_vs_HC,CD4,IKZF2,CD_vs_HC,1.5409,0.019493
CD4__TUBA4A__CD_vs_HC,CD4,TUBA4A,CD_vs_HC,-1.1218,0.0010376
CD4__CCL20__CD_vs_HC,CD4,CCL20,CD_vs_HC,1.8507,0.020253
CD4__IQSEC1__CD_vs_HC,CD4,IQSEC1,CD_vs_HC,1.025,0.033999
CD4__CAPN7__CD_vs_HC,CD4,CAPN7,CD_vs_HC,1.0191,0.047609
CD4__ANKRD28__CD_vs_HC,CD4,ANKRD28,CD_vs_HC,-1.1583,0.041357
CD4__CCR4__CD_vs_HC,CD4,CCR4,CD_vs_HC,1.2246,0.046952
CD4__MLF1__CD_vs_HC,CD4,MLF1,CD_vs_HC,-1.6242,0.020253
CD4__GOLIM4__CD_vs_HC,CD4,GOLIM4,CD_vs_HC,3.9656,0.0068083
CD4__PAK2__CD_vs_HC,CD4,PAK2,CD_vs_HC,1.3801,0.038814
CD4__NOP14__CD_vs_HC,CD4,NOP14,CD_vs_HC,1.1798,0.013063
CD4__SH3TC1__CD_vs_HC,CD4,SH3TC1,CD_vs_HC,1.6193,0.020253
CD4__HOPX__CD_vs_HC,CD4,HOPX,CD_vs_HC,-1.9762,0.00081382
CD4__SPINK2__CD_vs_HC,CD4,SPINK2,CD_vs_HC,-2.2698,2.7536e-06
CD4__CCNG2__CD_vs_HC,CD4,CCNG2,CD_vs_HC,1.9165,0.00081382
CD4__CXCL13__CD_vs_HC,CD4,CXCL13,CD_vs_HC,6.8446,0.027561
CD4__PTPN13__CD_vs_HC,CD4,PTPN13,CD_vs_HC,2.7158,8.1474e-06
CD4__TIFA__CD_vs_HC,CD4,TIFA,CD_vs_HC,2.1828,6.3431e-05
CD4__IL6ST__CD_vs_HC,CD4,IL6ST,CD_vs_HC,1.0902,0.00054844
CD4__RASA1__CD_vs_HC,CD4,RASA1,CD_vs_HC,1.4261,0.022306
CD4__YTHDC2__CD_vs_HC,CD4,YTHDC2,CD_vs_HC,1.0302,0.022562
CD4__GRAMD2B__CD_vs_HC,CD4,GRAMD2B,CD_vs_HC,1.2654,0.046952
CD4__ISOC1__CD_vs_HC,CD4,ISOC1,CD_vs_HC,1.1027,0.046952
CD4__EGR1__CD_vs_HC,CD4,EGR1,CD_vs_HC,-1.8445,0.032725
CD4__ADAM19__CD_vs_HC,CD4,ADAM19,CD_vs_HC,1.2459,0.0087377
CD4__DUSP1__CD_vs_HC,CD4,DUSP1,CD_vs_HC,-1.8699,0.016594
CD4__ADTRP__CD_vs_HC,CD4,ADTRP,CD_vs_HC,1.5278,0.039354
CD4__NOL7__CD_vs_HC,CD4,NOL7,CD_vs_HC,1.5505,0.016014
CD4__RNF144B__CD_vs_HC,CD4,RNF144B,CD_vs_HC,2.5395,0.029454
CD4__SOX4__CD_vs_HC,CD4,SOX4,CD_vs_HC,2.5931,0.013833
CD4__AL121944.1__CD_vs_HC,CD4,AL121944.1,CD_vs_HC,-1.7705,0.0006376
CD4__ZNF165__CD_vs_HC,CD4,ZNF165,CD_vs_HC,-1.9947,0.042611
CD4__NEU1__CD_vs_HC,CD4,NEU1,CD_vs_HC,-1.3079,0.0013259
CD4__HLA-DRA__CD_vs_HC,CD4,HLA-DRA,CD_vs_HC,1.7979,0.0084529
CD4__ETV7__CD_vs_HC,CD4,ETV7,CD_vs_HC,1.7852,0.038396
CD4__TRERF1__CD_vs_HC,CD4,TRERF1,CD_vs_HC,1.2557,0.024405
CD4__DNPH1__CD_vs_HC,CD4,DNPH1,CD_vs_HC,2.7006,0.034053
CD4__MAN1A1__CD_vs_HC,CD4,MAN1A1,CD_vs_HC,1.0777,0.012964
CD4__GINM1__CD_vs_HC,CD4,GINM1,CD_vs_HC,1.228,0.024455
CD4__MAP3K4__CD_vs_HC,CD4,MAP3K4,CD_vs_HC,1.1892,0.0071048
CD4__ARL4A__CD_vs_HC,CD4,ARL4A,CD_vs_HC,-1.0102,0.020253
CD4__MALSU1__CD_vs_HC,CD4,MALSU1,CD_vs_HC,1.7401,0.044205
CD4__TRGC2__CD_vs_HC,CD4,TRGC2,CD_vs_HC,-1.2913,0.039698
CD4__IGFBP3__CD_vs_HC,CD4,IGFBP3,CD_vs_HC,-1.8764,0.048982
CD4__HIPK2__CD_vs_HC,CD4,HIPK2,CD_vs_HC,1.3791,0.0041077
CD4__EZH2__CD_vs_HC,CD4,EZH2,CD_vs_HC,1.2173,0.013063
CD4__FOXP3__CD_vs_HC,CD4,FOXP3,CD_vs_HC,1.6754,0.016594
CD4__CYSLTR1__CD_vs_HC,CD4,CYSLTR1,CD_vs_HC,-1.0283,0.039893
CD4__GLA__CD_vs_HC,CD4,GLA,CD_vs_HC,-1.0852,0.043567
CD4__FLNA__CD_vs_HC,CD4,FLNA,CD_vs_HC,1.6132,0.030667
CD4__TMEM70__CD_vs_HC,CD4,TMEM70,CD_vs_HC,1.2,0.035942
CD4__FABP5__CD_vs_HC,CD4,FABP5,CD_vs_HC,1.3688,0.034053
CD4__TP53INP1__CD_vs_HC,CD4,TP53INP1,CD_vs_HC,1.1704,0.035108
CD4__TRPS1__CD_vs_HC,CD4,TRPS1,CD_vs_HC,1.4371,0.035942
CD4__CAAP1__CD_vs_HC,CD4,CAAP1,CD_vs_HC,1.484,0.043567
CD4__CCDC107__CD_vs_HC,CD4,CCDC107,CD_vs_HC,1.7484,0.046151
CD4__CLTA__CD_vs_HC,CD4,CLTA,CD_vs_HC,2.2726,0.022272
CD4__ANXA1__CD_vs_HC,CD4,ANXA1,CD_vs_HC,-1.6384,0.0039486
CD4__NTRK2__CD_vs_HC,CD4,NTRK2,CD_vs_HC,2.3325,0.046952
CD4__AL606807.1__CD_vs_HC,CD4,AL606807.1,CD_vs_HC,2.6999,0.034053
CD4__UGCG__CD_vs_HC,CD4,UGCG,CD_vs_HC,1.0618,0.0038237
CD4__MAPKAP1__CD_vs_HC,CD4,MAPKAP1,CD_vs_HC,1.079,0.034685
CD4__MICAL2__CD_vs_HC,CD4,MICAL2,CD_vs_HC,1.3382,0.013999
CD4__PDE3B__CD_vs_HC,CD4,PDE3B,CD_vs_HC,1.2116,0.00013141
CD4__AP001160.1__CD_vs_HC,CD4,AP001160.1,CD_vs_HC,-1.0279,0.046952
CD4__GRK2__CD_vs_HC,CD4,GRK2,CD_vs_HC,1.6423,0.016635
CD4__SMCO4__CD_vs_HC,CD4,SMCO4,CD_vs_HC,1.7171,0.023801
CD4__LAYN__CD_vs_HC,CD4,LAYN,CD_vs_HC,1.7128,0.022181
CD4__GRAMD1B__CD_vs_HC,CD4,GRAMD1B,CD_vs_HC,1.2965,0.01092
CD4__ETS1__CD_vs_HC,CD4,ETS1,CD_vs_HC,1.2591,0.013063
CD4__IL2RA__CD_vs_HC,CD4,IL2RA,CD_vs_HC,1.5169,0.0023833
CD4__CCDC6__CD_vs_HC,CD4,CCDC6,CD_vs_HC,2.0291,0.0036708
CD4__PTEN__CD_vs_HC,CD4,PTEN,CD_vs_HC,1.2292,0.012943
CD4__ADAM12__CD_vs_HC,CD4,ADAM12,CD_vs_HC,2.1396,0.041357
CD4__MKI67__CD_vs_HC,CD4,MKI67,CD_vs_HC,3.9752,0.01397
CD4__KLRG1__CD_vs_HC,CD4,KLRG1,CD_vs_HC,-1.487,0.017731
CD4__EMP1__CD_vs_HC,CD4,EMP1,CD_vs_HC,-2.5276,0.0036771
CD4__TUBA1B__CD_vs_HC,CD4,TUBA1B,CD_vs_HC,-1.0174,0.0011372
CD4__TUBA1A__CD_vs_HC,CD4,TUBA1A,CD_vs_HC,-1.2688,3.5906e-05
CD4__SMARCD1__CD_vs_HC,CD4,SMARCD1,CD_vs_HC,1.0033,0.030667
CD4__GALNT6__CD_vs_HC,CD4,GALNT6,CD_vs_HC,-1.0597,0.048254
CD4__IL26__CD_vs_HC,CD4,IL26,CD_vs_HC,3.1875,0.0023833
CD4__TMPO__CD_vs_HC,CD4,TMPO,CD_vs_HC,1.4755,0.02231
CD4__TESC__CD_vs_HC,CD4,TESC,CD_vs_HC,1.9683,0.046952
CD4__PHF11__CD_vs_HC,CD4,PHF11,CD_vs_HC,1.1248,0.020043
CD4__CLN5__CD_vs_HC,CD4,CLN5,CD_vs_HC,1.1289,0.00010823
CD4__ARHGEF40__CD_vs_HC,CD4,ARHGEF40,CD_vs_HC,-2.1085,0.022834
CD4__VTI1B__CD_vs_HC,CD4,VTI1B,CD_vs_HC,1.5073,0.013063
CD4__FOS__CD_vs_HC,CD4,FOS,CD_vs_HC,-2.4194,4.5001e-05
CD4__IGHG2__CD_vs_HC,CD4,IGHG2,CD_vs_HC,4.0224,0.043567
CD4__IGHG1__CD_vs_HC,CD4,IGHG1,CD_vs_HC,2.8736,0.044744
CD4__IGHG3__CD_vs_HC,CD4,IGHG3,CD_vs_HC,4.0684,0.0008485
CD4__FSIP1__CD_vs_HC,CD4,FSIP1,CD_vs_HC,-1.9333,0.029562
CD4__NPTN__CD_vs_HC,CD4,NPTN,CD_vs_HC,1.3807,0.033283
CD4__CTSH__CD_vs_HC,CD4,CTSH,CD_vs_HC,2.0984,0.0011521
CD4__HDGFL3__CD_vs_HC,CD4,HDGFL3,CD_vs_HC,3.2151,0.012964
CD4__BLM__CD_vs_HC,CD4,BLM,CD_vs_HC,1.5208,0.0084529
CD4__FURIN__CD_vs_HC,CD4,FURIN,CD_vs_HC,1.3787,0.00013258
CD4__MPG__CD_vs_HC,CD4,MPG,CD_vs_HC,1.935,0.014349
CD4__NME3__CD_vs_HC,CD4,NME3,CD_vs_HC,2.015,0.046952
CD4__LINC02195__CD_vs_HC,CD4,LINC02195,CD_vs_HC,2.298,0.01397
CD4__DDX28__CD_vs_HC,CD4,DDX28,CD_vs_HC,2.0816,0.020253
CD4__ZNRF1__CD_vs_HC,CD4,ZNRF1,CD_vs_HC,2.3557,1.3494e-05
CD4__EMC6__CD_vs_HC,CD4,EMC6,CD_vs_HC,2.713,0.039954
CD4__AC005224.3__CD_vs_HC,CD4,AC005224.3,CD_vs_HC,1.473,0.043863
CD4__CCL5__CD_vs_HC,CD4,CCL5,CD_vs_HC,-1.9145,0.0025629
CD4__TOP2A__CD_vs_HC,CD4,TOP2A,CD_vs_HC,2.2961,0.032537
CD4__AARSD1__CD_vs_HC,CD4,AARSD1,CD_vs_HC,-1.06,0.029018
CD4__ARL4D__CD_vs_HC,CD4,ARL4D,CD_vs_HC,-1.9444,0.0010376
CD4__TRIM37__CD_vs_HC,CD4,TRIM37,CD_vs_HC,1.1068,0.03847
CD4__CHMP1B__CD_vs_HC,CD4,CHMP1B,CD_vs_HC,-1.1413,0.0082761
CD4__C18orf32__CD_vs_HC,CD4,C18orf32,CD_vs_HC,1.493,0.015147
CD4__MBP__CD_vs_HC,CD4,MBP,CD_vs_HC,1.4137,0.045145
CD4__TOP1__CD_vs_HC,CD4,TOP1,CD_vs_HC,1.0616,0.043387
CD4__PKIG__CD_vs_HC,CD4,PKIG,CD_vs_HC,2.9669,0.030747
CD4__GADD45B__CD_vs_HC,CD4,GADD45B,CD_vs_HC,-1.2397,0.0005753
CD4__GNA15__CD_vs_HC,CD4,GNA15,CD_vs_HC,1.6705,0.011962
CD4__COL5A3__CD_vs_HC,CD4,COL5A3,CD_vs_HC,2.1832,0.022562
CD4__PDE4A__CD_vs_HC,CD4,PDE4A,CD_vs_HC,-1.1911,0.028053
CD4__AC020916.1__CD_vs_HC,CD4,AC020916.1,CD_vs_HC,-1.2793,0.0099054
CD4__DNAJB1__CD_vs_HC,CD4,DNAJB1,CD_vs_HC,-1.042,0.0080443
CD4__JAK3__CD_vs_HC,CD4,JAK3,CD_vs_HC,1.0386,0.00044427
CD4__USF2__CD_vs_HC,CD4,USF2,CD_vs_HC,1.3076,0.039698
CD4__ZNF567__CD_vs_HC,CD4,ZNF567,CD_vs_HC,-1.0707,0.027317
CD4__ZNF571__CD_vs_HC,CD4,ZNF571,CD_vs_HC,-1.3359,0.039698
CD4__NFKBIB__CD_vs_HC,CD4,NFKBIB,CD_vs_HC,1.0124,0.02231
CD4__ZFP36__CD_vs_HC,CD4,ZFP36,CD_vs_HC,-1.3673,0.0057923
CD4__PLAUR__CD_vs_HC,CD4,PLAUR,CD_vs_HC,-1.5361,0.015147
CD4__FOSB__CD_vs_HC,CD4,FOSB,CD_vs_HC,-1.5527,0.0066466
CD4__RRAS__CD_vs_HC,CD4,RRAS,CD_vs_HC,2.1518,0.043864
CD4__IL4I1__CD_vs_HC,CD4,IL4I1,CD_vs_HC,2.1541,0.042611
CD4__ZNF331__CD_vs_HC,CD4,ZNF331,CD_vs_HC,-1.0832,0.012337
CD4__MYADM__CD_vs_HC,CD4,MYADM,CD_vs_HC,-1.068,0.039954
CD4__MZF1-AS1__CD_vs_HC,CD4,MZF1-AS1,CD_vs_HC,-1.2798,0.041357
CD4__LGALS1__CD_vs_HC,CD4,LGALS1,CD_vs_HC,-1.5578,0.0044204
CD4__DESI1__CD_vs_HC,CD4,DESI1,CD_vs_HC,1.2236,0.033331
CD4__SREBF2__CD_vs_HC,CD4,SREBF2,CD_vs_HC,1.3971,0.001045
CD4__Z93241.1__CD_vs_HC,CD4,Z93241.1,CD_vs_HC,-1.7812,0.0092545
CD4__SKI__UC_vs_CD,CD4,SKI,UC_vs_CD,-1.0583,0.036914
CD4__SNIP1__UC_vs_CD,CD4,SNIP1,UC_vs_CD,-1.3381,0.0017213
CD4__CSF1__UC_vs_CD,CD4,CSF1,UC_vs_CD,1.6038,0.031675
CD4__CHI3L2__UC_vs_CD,CD4,CHI3L2,UC_vs_CD,1.879,0.0063587
CD4__RHOC__UC_vs_CD,CD4,RHOC,UC_vs_CD,1.0246,0.0051321
CD4__HIST2H2AC__UC_vs_CD,CD4,HIST2H2AC,UC_vs_CD,-2.3904,0.034045
CD4__ERO1B__UC_vs_CD,CD4,ERO1B,UC_vs_CD,-1.3197,0.032117
CD4__FABP1__UC_vs_CD,CD4,FABP1,UC_vs_CD,-2.941,0.015602
CD4__COA5__UC_vs_CD,CD4,COA5,UC_vs_CD,1.1112,0.0032127
CD4__FBLN7__UC_vs_CD,CD4,FBLN7,UC_vs_CD,1.1298,0.0096228
CD4__STK16__UC_vs_CD,CD4,STK16,UC_vs_CD,1.0498,0.036473
CD4__DTHD1__UC_vs_CD,CD4,DTHD1,UC_vs_CD,1.4668,0.032319
CD4__MZB1__UC_vs_CD,CD4,MZB1,UC_vs_CD,1.2995,0.0063587
CD4__HAVCR2__UC_vs_CD,CD4,HAVCR2,UC_vs_CD,1.6906,0.0017006
CD4__TUBB2A__UC_vs_CD,CD4,TUBB2A,UC_vs_CD,-1.6793,0.0051321
CD4__ICA1__UC_vs_CD,CD4,ICA1,UC_vs_CD,1.3977,0.026538
CD4__GGCT__UC_vs_CD,CD4,GGCT,UC_vs_CD,1.0884,0.0053002
CD4__FLNA__UC_vs_CD,CD4,FLNA,UC_vs_CD,-1.6298,0.032586
CD4__TOX__UC_vs_CD,CD4,TOX,UC_vs_CD,1.1631,0.014574
CD4__RDH10__UC_vs_CD,CD4,RDH10,UC_vs_CD,2.2688,0.0096228
CD4__TMEM70__UC_vs_CD,CD4,TMEM70,UC_vs_CD,-1.1461,0.046134
CD4__NCALD__UC_vs_CD,CD4,NCALD,UC_vs_CD,1.2322,0.0091419
CD4__SLC25A32__UC_vs_CD,CD4,SLC25A32,UC_vs_CD,-1.011,0.018501
CD4__GAPDH__UC_vs_CD,CD4,GAPDH,UC_vs_CD,1.0276,0.025566
CD4__PTMS__UC_vs_CD,CD4,PTMS,UC_vs_CD,2.1495,0.0025823
CD4__LAG3__UC_vs_CD,CD4,LAG3,UC_vs_CD,2.4711,0.00020291
CD4__MYL6B__UC_vs_CD,CD4,MYL6B,UC_vs_CD,1.2406,0.013007
CD4__GPR132__UC_vs_CD,CD4,GPR132,UC_vs_CD,-1.0377,0.04875
CD4__PHGR1__UC_vs_CD,CD4,PHGR1,UC_vs_CD,-3.8301,0.0003938
CD4__DCTPP1__UC_vs_CD,CD4,DCTPP1,UC_vs_CD,1.1833,0.0023229
CD4__ALDOC__UC_vs_CD,CD4,ALDOC,UC_vs_CD,1.3469,0.020915
CD4__CCL4__UC_vs_CD,CD4,CCL4,UC_vs_CD,1.3194,0.042686
CD4__RARA__UC_vs_CD,CD4,RARA,UC_vs_CD,-1.0121,0.0053246
CD4__HEXIM1__UC_vs_CD,CD4,HEXIM1,UC_vs_CD,-1.1147,0.022319
CD4__KANSL1-AS1__UC_vs_CD,CD4,KANSL1-AS1,UC_vs_CD,-3.5624,0.022013
CD4__NME1__UC_vs_CD,CD4,NME1,UC_vs_CD,1.0456,0.0085975
CD4__CD79B__UC_vs_CD,CD4,CD79B,UC_vs_CD,1.3834,0.0059394
CD4__WDR45B__UC_vs_CD,CD4,WDR45B,UC_vs_CD,-1.0387,0.049856
CD4__DCAF15__UC_vs_CD,CD4,DCAF15,UC_vs_CD,-1.2748,0.041515
CD4__ECH1__UC_vs_CD,CD4,ECH1,UC_vs_CD,1.0081,0.014645
CD4__FOSB__UC_vs_CD,CD4,FOSB,UC_vs_CD,-1.2752,0.042887
CD4__MED25__UC_vs_CD,CD4,MED25,UC_vs_CD,-1.2698,0.0023229
CD4__NKG7__UC_vs_CD,CD4,NKG7,UC_vs_CD,1.1269,0.038687
CD4__MYADM__UC_vs_CD,CD4,MYADM,UC_vs_CD,-1.5416,0.0023229
CD8__EFHD2__UC_vs_HC,CD8,EFHD2,UC_vs_HC,1.1633,0.045662
CD8__AL031280.1__UC_vs_HC,CD8,AL031280.1,UC_vs_HC,-2.0254,0.00017707
CD8__THEMIS2__UC_vs_HC,CD8,THEMIS2,UC_vs_HC,1.4306,0.048256
CD8__NCDN__UC_vs_HC,CD8,NCDN,UC_vs_HC,1.721,0.039638
CD8__SMAP2__UC_vs_HC,CD8,SMAP2,UC_vs_HC,1.2941,0.0079261
CD8__CTH__UC_vs_HC,CD8,CTH,UC_vs_HC,-3.3146,0.0030645
CD8__S1PR1__UC_vs_HC,CD8,S1PR1,UC_vs_HC,2.8452,0.0010695
CD8__FAM102B__UC_vs_HC,CD8,FAM102B,UC_vs_HC,-1.5418,0.030039
CD8__CHI3L2__UC_vs_HC,CD8,CHI3L2,UC_vs_HC,2.1331,8.4383e-05
CD8__TSPAN2__UC_vs_HC,CD8,TSPAN2,UC_vs_HC,2.6444,0.014007
CD8__CD101__UC_vs_HC,CD8,CD101,UC_vs_HC,-2.2133,0.0085668
CD8__CD160__UC_vs_HC,CD8,CD160,UC_vs_HC,-1.834,0.00010931
CD8__S100A9__UC_vs_HC,CD8,S100A9,UC_vs_HC,4.2235,0.045553
CD8__LMNA__UC_vs_HC,CD8,LMNA,UC_vs_HC,-1.5787,0.010839
CD8__FCGR3A__UC_vs_HC,CD8,FCGR3A,UC_vs_HC,1.8286,0.0075214
CD8__BLZF1__UC_vs_HC,CD8,BLZF1,UC_vs_HC,-1.2298,0.004798
CD8__SELL__UC_vs_HC,CD8,SELL,UC_vs_HC,4.3514,3.711e-09
CD8__ELF3__UC_vs_HC,CD8,ELF3,UC_vs_HC,-3.6402,0.0081794
CD8__LYST__UC_vs_HC,CD8,LYST,UC_vs_HC,1.3255,0.00088898
CD8__ID2__UC_vs_HC,CD8,ID2,UC_vs_HC,-1.0539,0.027132
CD8__FAM49A__UC_vs_HC,CD8,FAM49A,UC_vs_HC,2.3481,0.012166
CD8__PLEK__UC_vs_HC,CD8,PLEK,UC_vs_HC,2.287,2.9501e-05
CD8__MXD1__UC_vs_HC,CD8,MXD1,UC_vs_HC,1.0691,0.016575
CD8__LINC01943__UC_vs_HC,CD8,LINC01943,UC_vs_HC,1.7994,0.0070273
CD8__FABP1__UC_vs_HC,CD8,FABP1,UC_vs_HC,-5.1197,3.8718e-06
CD8__MAL__UC_vs_HC,CD8,MAL,UC_vs_HC,3.2757,0.022103
CD8__AFF3__UC_vs_HC,CD8,AFF3,UC_vs_HC,3.2832,0.039774
CD8__RANBP2__UC_vs_HC,CD8,RANBP2,UC_vs_HC,-1.3787,0.023125
CD8__STK39__UC_vs_HC,CD8,STK39,UC_vs_HC,1.4009,0.0026157
CD8__KLHL23__UC_vs_HC,CD8,KLHL23,UC_vs_HC,-1.7386,0.024917
CD8__CTLA4__UC_vs_HC,CD8,CTLA4,UC_vs_HC,1.8986,0.0079261
CD8__CCL20__UC_vs_HC,CD8,CCL20,UC_vs_HC,3.8467,0.0010695
CD8__NMUR1__UC_vs_HC,CD8,NMUR1,UC_vs_HC,-1.7807,0.021125
CD8__DGKD__UC_vs_HC,CD8,DGKD,UC_vs_HC,-1.169,0.01988
CD8__RAMP1__UC_vs_HC,CD8,RAMP1,UC_vs_HC,3.2091,0.035314
CD8__ANKRD28__UC_vs_HC,CD8,ANKRD28,UC_vs_HC,-1.2031,0.046005
CD8__LINC02084__UC_vs_HC,CD8,LINC02084,UC_vs_HC,2.217,0.00027402
CD8__EOMES__UC_vs_HC,CD8,EOMES,UC_vs_HC,1.7082,0.010014
CD8__CMC1__UC_vs_HC,CD8,CMC1,UC_vs_HC,1.4054,0.0081794
CD8__CCR4__UC_vs_HC,CD8,CCR4,UC_vs_HC,2.4303,0.023509
CD8__CLASP2__UC_vs_HC,CD8,CLASP2,UC_vs_HC,-1.1535,0.037976
CD8__CX3CR1__UC_vs_HC,CD8,CX3CR1,UC_vs_HC,3.2693,0.02234
CD8__ULK4__UC_vs_HC,CD8,ULK4,UC_vs_HC,-1.4791,0.038364
CD8__CCRL2__UC_vs_HC,CD8,CCRL2,UC_vs_HC,-1.7482,0.0040223
CD8__FRMD4B__UC_vs_HC,CD8,FRMD4B,UC_vs_HC,1.3593,0.012872
CD8__GPR15__UC_vs_HC,CD8,GPR15,UC_vs_HC,-2.2794,0.019095
CD8__NECTIN3__UC_vs_HC,CD8,NECTIN3,UC_vs_HC,-1.9319,0.029188
CD8__CD96__UC_vs_HC,CD8,CD96,UC_vs_HC,-1.052,0.0002632
CD8__PLSCR1__UC_vs_HC,CD8,PLSCR1,UC_vs_HC,1.276,0.0017012
CD8__MLF1__UC_vs_HC,CD8,MLF1,UC_vs_HC,-1.8768,0.0049323
CD8__TCTEX1D2__UC_vs_HC,CD8,TCTEX1D2,UC_vs_HC,1.6327,0.038364
CD8__JAKMIP1__UC_vs_HC,CD8,JAKMIP1,UC_vs_HC,2.1655,0.035608
CD8__CD38__UC_vs_HC,CD8,CD38,UC_vs_HC,1.2446,0.00099632
CD8__FGFBP2__UC_vs_HC,CD8,FGFBP2,UC_vs_HC,3.3994,0.00030177
CD8__KLF3__UC_vs_HC,CD8,KLF3,UC_vs_HC,1.8172,0.039774
CD8__HOPX__UC_vs_HC,CD8,HOPX,UC_vs_HC,-1.2832,0.0091171
CD8__CXCL13__UC_vs_HC,CD8,CXCL13,UC_vs_HC,5.6464,0.037259
CD8__SPRY1__UC_vs_HC,CD8,SPRY1,UC_vs_HC,-1.5399,0.0028579
CD8__PRMT9__UC_vs_HC,CD8,PRMT9,UC_vs_HC,-1.3072,0.030039
CD8__AHRR__UC_vs_HC,CD8,AHRR,UC_vs_HC,-4.0162,0.039774
CD8__TMEM267__UC_vs_HC,CD8,TMEM267,UC_vs_HC,-1.4281,0.045462
CD8__ITGA1__UC_vs_HC,CD8,ITGA1,UC_vs_HC,-1.6475,3.8718e-06
CD8__GZMK__UC_vs_HC,CD8,GZMK,UC_vs_HC,1.8649,2.9857e-07
CD8__KIF2A__UC_vs_HC,CD8,KIF2A,UC_vs_HC,1.3156,5.9078e-05
CD8__ENC1__UC_vs_HC,CD8,ENC1,UC_vs_HC,1.5682,0.035314
CD8__F2R__UC_vs_HC,CD8,F2R,UC_vs_HC,1.3,0.0037502
CD8__MSH3__UC_vs_HC,CD8,MSH3,UC_vs_HC,-2.1389,1.6641e-08
CD8__LMNB1__UC_vs_HC,CD8,LMNB1,UC_vs_HC,1.5075,0.0014002
CD8__NR3C1__UC_vs_HC,CD8,NR3C1,UC_vs_HC,-1.1368,0.02791
CD8__TIMD4__UC_vs_HC,CD8,TIMD4,UC_vs_HC,5.2431,0.0051168
CD8__HAVCR2__UC_vs_HC,CD8,HAVCR2,UC_vs_HC,1.3419,0.017248
CD8__ADAM19__UC_vs_HC,CD8,ADAM19,UC_vs_HC,2.0907,1.297e-05
CD8__SOX4__UC_vs_HC,CD8,SOX4,UC_vs_HC,3.1896,0.00073067
CD8__RIPOR2__UC_vs_HC,CD8,RIPOR2,UC_vs_HC,1.1501,0.0042865
CD8__HIST1H2BJ__UC_vs_HC,CD8,HIST1H2BJ,UC_vs_HC,2.3434,0.023264
CD8__AL121944.1__UC_vs_HC,CD8,AL121944.1,UC_vs_HC,-1.8729,0.049851
CD8__MICB__UC_vs_HC,CD8,MICB,UC_vs_HC,1.4817,0.017248
CD8__NEU1__UC_vs_HC,CD8,NEU1,UC_vs_HC,-1.1504,0.0051168
CD8__ETV7__UC_vs_HC,CD8,ETV7,UC_vs_HC,2.6655,0.0074491
CD8__CCDC167__UC_vs_HC,CD8,CCDC167,UC_vs_HC,1.4746,0.00027521
CD8__RUNX2__UC_vs_HC,CD8,RUNX2,UC_vs_HC,1.8291,0.035314
CD8__IL17A__UC_vs_HC,CD8,IL17A,UC_vs_HC,6.7548,0.0081794
CD8__SAMD3__UC_vs_HC,CD8,SAMD3,UC_vs_HC,1.0896,0.0081794
CD8__MYB__UC_vs_HC,CD8,MYB,UC_vs_HC,3.0388,0.034617
CD8__PHACTR2__UC_vs_HC,CD8,PHACTR2,UC_vs_HC,1.5187,0.0079261
CD8__AC007349.2__UC_vs_HC,CD8,AC007349.2,UC_vs_HC,-2.8003,0.0075214
CD8__TRGC1__UC_vs_HC,CD8,TRGC1,UC_vs_HC,-1.3787,0.012166
CD8__BLVRA__UC_vs_HC,CD8,BLVRA,UC_vs_HC,1.1344,0.017752
CD8__ABCB1__UC_vs_HC,CD8,ABCB1,UC_vs_HC,-1.2103,0.0052033
CD8__SAMD9L__UC_vs_HC,CD8,SAMD9L,UC_vs_HC,1.0296,0.008994
CD8__POLR2J3-1__UC_vs_HC,CD8,POLR2J3-1,UC_vs_HC,-1.2741,0.0017993
CD8__LRRN3__UC_vs_HC,CD8,LRRN3,UC_vs_HC,-2.1841,0.0079261
CD8__CAV1__UC_vs_HC,CD8,CAV1,UC_vs_HC,6.05,0.0049876
CD8__AC016831.5__UC_vs_HC,CD8,AC016831.5,UC_vs_HC,-1.0111,0.04568
CD8__EZH2__UC_vs_HC,CD8,EZH2,UC_vs_HC,1.0396,0.033384
CD8__GIMAP7__UC_vs_HC,CD8,GIMAP7,UC_vs_HC,1.5749,5.4029e-08
CD8__GIMAP4__UC_vs_HC,CD8,GIMAP4,UC_vs_HC,1.4589,0.0025069
CD8__LINC00685__UC_vs_HC,CD8,LINC00685,UC_vs_HC,-1.8492,0.00036204
CD8__P2RY8__UC_vs_HC,CD8,P2RY8,UC_vs_HC,1.4958,0.0043089
CD8__GK__UC_vs_HC,CD8,GK,UC_vs_HC,1.4934,0.038364
CD8__RPGR__UC_vs_HC,CD8,RPGR,UC_vs_HC,-1.165,0.020971
CD8__GPR34__UC_vs_HC,CD8,GPR34,UC_vs_HC,-1.5428,0.040301
CD8__SH2D1A__UC_vs_HC,CD8,SH2D1A,UC_vs_HC,1.2822,0.0049195
CD8__HMGB3__UC_vs_HC,CD8,HMGB3,UC_vs_HC,2.0727,0.010292
CD8__IL9R__UC_vs_HC,CD8,IL9R,UC_vs_HC,-1.967,0.016557
CD8__CTSB__UC_vs_HC,CD8,CTSB,UC_vs_HC,1.186,0.017489
CD8__ADAM28__UC_vs_HC,CD8,ADAM28,UC_vs_HC,-2.1979,0.0054564
CD8__LY96__UC_vs_HC,CD8,LY96,UC_vs_HC,2.1821,0.038364
CD8__FABP5__UC_vs_HC,CD8,FABP5,UC_vs_HC,1.5472,0.017248
CD8__TMEM67__UC_vs_HC,CD8,TMEM67,UC_vs_HC,-1.6018,0.038364
CD8__RNF19A__UC_vs_HC,CD8,RNF19A,UC_vs_HC,1.1442,0.0054856
CD8__MTSS1__UC_vs_HC,CD8,MTSS1,UC_vs_HC,2.6184,0.0033096
CD8__LINC00861__UC_vs_HC,CD8,LINC00861,UC_vs_HC,1.5085,0.004798
CD8__MROH1__UC_vs_HC,CD8,MROH1,UC_vs_HC,-1.4741,0.02791
CD8__ZNF16__UC_vs_HC,CD8,ZNF16,UC_vs_HC,-1.7335,0.048583
CD8__IFITM3__UC_vs_HC,CD8,IFITM3,UC_vs_HC,2.3475,0.0003039
CD8__CD81__UC_vs_HC,CD8,CD81,UC_vs_HC,1.1067,0.0015637
CD8__HBB__UC_vs_HC,CD8,HBB,UC_vs_HC,4.7984,0.014932
CD8__MICAL2__UC_vs_HC,CD8,MICAL2,UC_vs_HC,1.1891,0.049335
CD8__PPP1R14B__UC_vs_HC,CD8,PPP1R14B,UC_vs_HC,2.1561,0.00088898
CD8__CD248__UC_vs_HC,CD8,CD248,UC_vs_HC,-2.9778,0.0042865
CD8__USP28__UC_vs_HC,CD8,USP28,UC_vs_HC,1.402,0.0042865
CD8__CADM1__UC_vs_HC,CD8,CADM1,UC_vs_HC,3.3837,3.3677e-05
CD8__IL2RA__UC_vs_HC,CD8,IL2RA,UC_vs_HC,2.5177,0.0002632
CD8__FAM107B__UC_vs_HC,CD8,FAM107B,UC_vs_HC,1.0856,0.0081794
CD8__ZWINT__UC_vs_HC,CD8,ZWINT,UC_vs_HC,2.3398,0.010769
CD8__ANK3__UC_vs_HC,CD8,ANK3,UC_vs_HC,1.9675,0.0092132
CD8__PRF1__UC_vs_HC,CD8,PRF1,UC_vs_HC,1.1813,0.0015637
CD8__RRP12__UC_vs_HC,CD8,RRP12,UC_vs_HC,-2.2698,0.0018272
CD8__ADRB1__UC_vs_HC,CD8,ADRB1,UC_vs_HC,-4.1667,0.0003229
CD8__OAT__UC_vs_HC,CD8,OAT,UC_vs_HC,-1.037,0.038364
CD8__ADAM12__UC_vs_HC,CD8,ADAM12,UC_vs_HC,4.4648,0.004798
CD8__MKI67__UC_vs_HC,CD8,MKI67,UC_vs_HC,2.0009,0.032569
CD8__NINJ2__UC_vs_HC,CD8,NINJ2,UC_vs_HC,1.7308,0.0075214
CD8__CD9__UC_vs_HC,CD8,CD9,UC_vs_HC,-1.8274,0.0054637
CD8__CD27__UC_vs_HC,CD8,CD27,UC_vs_HC,1.4802,0.0085525
CD8__CD4__UC_vs_HC,CD8,CD4,UC_vs_HC,2.3016,0.0049782
CD8__KLRG1__UC_vs_HC,CD8,KLRG1,UC_vs_HC,1.4036,0.029167
CD8__KLRF1__UC_vs_HC,CD8,KLRF1,UC_vs_HC,2.6144,2.4957e-05
CD8__GABARAPL1__UC_vs_HC,CD8,GABARAPL1,UC_vs_HC,-1.1873,0.0016825
CD8__KLRC2__UC_vs_HC,CD8,KLRC2,UC_vs_HC,-1.8306,0.023509
CD8__PPFIBP1__UC_vs_HC,CD8,PPFIBP1,UC_vs_HC,2.5146,0.037976
CD8__VDR__UC_vs_HC,CD8,VDR,UC_vs_HC,2.6305,0.0033648
CD8__KRT8__UC_vs_HC,CD8,KRT8,UC_vs_HC,-3.6592,0.0030645
CD8__KRT18__UC_vs_HC,CD8,KRT18,UC_vs_HC,-2.1837,0.028577
CD8__IL26__UC_vs_HC,CD8,IL26,UC_vs_HC,3.4526,0.0070273
CD8__IL22__UC_vs_HC,CD8,IL22,UC_vs_HC,5.9003,0.019249
CD8__PLXNC1__UC_vs_HC,CD8,PLXNC1,UC_vs_HC,1.9415,0.0072989
CD8__ELK3__UC_vs_HC,CD8,ELK3,UC_vs_HC,1.5825,0.036717
CD8__CHPT1__UC_vs_HC,CD8,CHPT1,UC_vs_HC,-1.6806,0.039774
CD8__WSB2__UC_vs_HC,CD8,WSB2,UC_vs_HC,1.5828,0.0079261
CD8__FGF9__UC_vs_HC,CD8,FGF9,UC_vs_HC,-2.3724,0.038535
CD8__SLC25A15__UC_vs_HC,CD8,SLC25A15,UC_vs_HC,-2.3426,0.036564
CD8__TNFSF13B__UC_vs_HC,CD8,TNFSF13B,UC_vs_HC,2.956,0.00059059
CD8__GZMH__UC_vs_HC,CD8,GZMH,UC_vs_HC,1.8686,2.8461e-08
CD8__GZMB__UC_vs_HC,CD8,GZMB,UC_vs_HC,1.2257,0.028625
CD8__FOS__UC_vs_HC,CD8,FOS,UC_vs_HC,-1.2464,0.023125
CD8__IGHG4__UC_vs_HC,CD8,IGHG4,UC_vs_HC,4.5229,0.01239
CD8__IGHG1__UC_vs_HC,CD8,IGHG1,UC_vs_HC,3.9431,4.2884e-05
CD8__IGHG3__UC_vs_HC,CD8,IGHG3,UC_vs_HC,4.6796,2.8461e-08
CD8__THBS1__UC_vs_HC,CD8,THBS1,UC_vs_HC,-2.0476,0.036682
CD8__MAP1A__UC_vs_HC,CD8,MAP1A,UC_vs_HC,-3.1395,0.040265
CD8__ATP8B4__UC_vs_HC,CD8,ATP8B4,UC_vs_HC,-1.4561,0.035314
CD8__MYO1E__UC_vs_HC,CD8,MYO1E,UC_vs_HC,-2.3941,0.0031788
CD8__PCLAF__UC_vs_HC,CD8,PCLAF,UC_vs_HC,1.9162,0.0032453
CD8__CTSH__UC_vs_HC,CD8,CTSH,UC_vs_HC,3.8997,2.8318e-06
CD8__HDGFL3__UC_vs_HC,CD8,HDGFL3,UC_vs_HC,2.1382,0.031708
CD8__HAPLN3__UC_vs_HC,CD8,HAPLN3,UC_vs_HC,1.4762,0.046005
CD8__SYNM__UC_vs_HC,CD8,SYNM,UC_vs_HC,2.5931,0.025673
CD8__CDIP1__UC_vs_HC,CD8,CDIP1,UC_vs_HC,-1.3824,0.0015509
CD8__ATF7IP2__UC_vs_HC,CD8,ATF7IP2,UC_vs_HC,1.241,0.0025069
CD8__ZG16__UC_vs_HC,CD8,ZG16,UC_vs_HC,-4.6778,0.006602
CD8__ITGAX__UC_vs_HC,CD8,ITGAX,UC_vs_HC,3.337,0.00099847
CD8__C16orf87__UC_vs_HC,CD8,C16orf87,UC_vs_HC,1.0293,0.0042865
CD8__MT2A__UC_vs_HC,CD8,MT2A,UC_vs_HC,1.62,0.0056096
CD8__ZNRF1__UC_vs_HC,CD8,ZNRF1,UC_vs_HC,1.9442,0.0042865
CD8__MAF__UC_vs_HC,CD8,MAF,UC_vs_HC,1.5226,2.9501e-05
CD8__GINS2__UC_vs_HC,CD8,GINS2,UC_vs_HC,2.0684,0.028035
CD8__HIC1__UC_vs_HC,CD8,HIC1,UC_vs_HC,-1.6659,0.00027013
CD8__CLDN7__UC_vs_HC,CD8,CLDN7,UC_vs_HC,-2.64,0.014414
CD8__PLXDC1__UC_vs_HC,CD8,PLXDC1,UC_vs_HC,-1.9024,0.027318
CD8__WIPF2__UC_vs_HC,CD8,WIPF2,UC_vs_HC,-1.0872,0.003513
CD8__TOP2A__UC_vs_HC,CD8,TOP2A,UC_vs_HC,2.4612,0.0091171
CD8__IGFBP4__UC_vs_HC,CD8,IGFBP4,UC_vs_HC,3.1345,0.004683
CD8__AC004585.1__UC_vs_HC,CD8,AC004585.1,UC_vs_HC,2.8839,2.4009e-05
CD8__FAM215B__UC_vs_HC,CD8,FAM215B,UC_vs_HC,-1.42,0.027318
CD8__CA10__UC_vs_HC,CD8,CA10,UC_vs_HC,-3.0469,0.00088898
CD8__AKAP1__UC_vs_HC,CD8,AKAP1,UC_vs_HC,-1.3634,0.043689
CD8__CD79B__UC_vs_HC,CD8,CD79B,UC_vs_HC,2.1657,0.004798
CD8__ERN1__UC_vs_HC,CD8,ERN1,UC_vs_HC,1.1648,0.047291
CD8__RGS9__UC_vs_HC,CD8,RGS9,UC_vs_HC,2.1481,0.031708
CD8__PRKCA__UC_vs_HC,CD8,PRKCA,UC_vs_HC,-2.1369,3.6121e-05
CD8__TK1__UC_vs_HC,CD8,TK1,UC_vs_HC,2.1059,0.046005
CD8__BIRC5__UC_vs_HC,CD8,BIRC5,UC_vs_HC,2.8333,0.011685
CD8__BAIAP2__UC_vs_HC,CD8,BAIAP2,UC_vs_HC,-2.1392,0.04752
CD8__SLC16A3__UC_vs_HC,CD8,SLC16A3,UC_vs_HC,-1.4063,0.011067
CD8__LDLRAD4__UC_vs_HC,CD8,LDLRAD4,UC_vs_HC,-2.1679,1.3902e-06
CD8__GNA15__UC_vs_HC,CD8,GNA15,UC_vs_HC,3.1138,0.0026157
CD8__TNFSF14__UC_vs_HC,CD8,TNFSF14,UC_vs_HC,-1.1361,0.0048639
CD8__COL5A3__UC_vs_HC,CD8,COL5A3,UC_vs_HC,4.5381,0.042972
CD8__PDE4A__UC_vs_HC,CD8,PDE4A,UC_vs_HC,-2.086,1.7548e-05
CD8__S1PR5__UC_vs_HC,CD8,S1PR5,UC_vs_HC,3.1843,0.0071687
CD8__KLF2__UC_vs_HC,CD8,KLF2,UC_vs_HC,1.8246,0.028375
CD8__JAK3__UC_vs_HC,CD8,JAK3,UC_vs_HC,1.0772,0.00099847
CD8__FXYD3__UC_vs_HC,CD8,FXYD3,UC_vs_HC,-3.264,0.038535
CD8__ZNF571__UC_vs_HC,CD8,ZNF571,UC_vs_HC,-1.7309,0.004798
CD8__LGALS4__UC_vs_HC,CD8,LGALS4,UC_vs_HC,-3.5442,0.012751
CD8__FOSB__UC_vs_HC,CD8,FOSB,UC_vs_HC,-1.0308,0.031708
CD8__NKG7__UC_vs_HC,CD8,NKG7,UC_vs_HC,1.0016,2.4009e-05
CD8__MYADM__UC_vs_HC,CD8,MYADM,UC_vs_HC,-1.4445,0.00035789
CD8__KMT5C__UC_vs_HC,CD8,KMT5C,UC_vs_HC,-1.5155,0.029167
CD8__KIAA1671__UC_vs_HC,CD8,KIAA1671,UC_vs_HC,-1.4628,0.029338
CD8__SEC14L6__UC_vs_HC,CD8,SEC14L6,UC_vs_HC,-3.9044,0.038364
CD8__APOL2__UC_vs_HC,CD8,APOL2,UC_vs_HC,1.1167,0.0026915
CD8__APOBEC3G__UC_vs_HC,CD8,APOBEC3G,UC_vs_HC,1.1391,0.00099632
CD8__PACSIN2__UC_vs_HC,CD8,PACSIN2,UC_vs_HC,-1.6063,0.0050254
CD8__MIR155HG__UC_vs_HC,CD8,MIR155HG,UC_vs_HC,1.6651,0.0092132
CD8__TIAM1__UC_vs_HC,CD8,TIAM1,UC_vs_HC,2.0222,0.0079261
CD8__ITGB2-AS1__UC_vs_HC,CD8,ITGB2-AS1,UC_vs_HC,1.715,0.031708
CD8__TNFRSF4__CD_vs_HC,CD8,TNFRSF4,CD_vs_HC,2.8741,0.024966
CD8__TNFRSF25__CD_vs_HC,CD8,TNFRSF25,CD_vs_HC,2.862,0.011741
CD8__IFI6__CD_vs_HC,CD8,IFI6,CD_vs_HC,2.4941,0.046566
CD8__NCDN__CD_vs_HC,CD8,NCDN,CD_vs_HC,2.0786,0.0077869
CD8__ADPRHL2__CD_vs_HC,CD8,ADPRHL2,CD_vs_HC,1.243,0.032064
CD8__SMAP2__CD_vs_HC,CD8,SMAP2,CD_vs_HC,1.5993,0.00053288
CD8__TGFBR3__CD_vs_HC,CD8,TGFBR3,CD_vs_HC,1.3539,0.048284
CD8__S1PR1__CD_vs_HC,CD8,S1PR1,CD_vs_HC,3.0984,0.00027536
CD8__CD160__CD_vs_HC,CD8,CD160,CD_vs_HC,-1.2299,0.032267
CD8__SELL__CD_vs_HC,CD8,SELL,CD_vs_HC,2.8979,0.00080561
CD8__STX6__CD_vs_HC,CD8,STX6,CD_vs_HC,1.2648,0.039694
CD8__MXD1__CD_vs_HC,CD8,MXD1,CD_vs_HC,1.0964,0.015188
CD8__LINC01943__CD_vs_HC,CD8,LINC01943,CD_vs_HC,1.5324,0.044919
CD8__FABP1__CD_vs_HC,CD8,FABP1,CD_vs_HC,-2.6634,0.00080561
CD8__SLC4A10__CD_vs_HC,CD8,SLC4A10,CD_vs_HC,2.7678,0.048928
CD8__DPP4__CD_vs_HC,CD8,DPP4,CD_vs_HC,2.981,0.00061616
CD8__IQSEC1__CD_vs_HC,CD8,IQSEC1,CD_vs_HC,1.1108,0.040702
CD8__CCRL2__CD_vs_HC,CD8,CCRL2,CD_vs_HC,-1.2452,0.048928
CD8__UBA5__CD_vs_HC,CD8,UBA5,CD_vs_HC,1.534,0.032267
CD8__MLF1__CD_vs_HC,CD8,MLF1,CD_vs_HC,-1.6892,0.015333
CD8__PAK2__CD_vs_HC,CD8,PAK2,CD_vs_HC,1.314,0.044919
CD8__RELL1__CD_vs_HC,CD8,RELL1,CD_vs_HC,2.0872,0.040149
CD8__N4BP2__CD_vs_HC,CD8,N4BP2,CD_vs_HC,1.1057,0.039694
CD8__HOPX__CD_vs_HC,CD8,HOPX,CD_vs_HC,-1.1075,0.048928
CD8__NAF1__CD_vs_HC,CD8,NAF1,CD_vs_HC,1.4495,0.024966
CD8__KIF2A__CD_vs_HC,CD8,KIF2A,CD_vs_HC,1.1862,0.00053288
CD8__LMNB1__CD_vs_HC,CD8,LMNB1,CD_vs_HC,1.2302,0.024966
CD8__ADAM19__CD_vs_HC,CD8,ADAM19,CD_vs_HC,2.0784,2.3095e-05
CD8__NOL7__CD_vs_HC,CD8,NOL7,CD_vs_HC,1.6121,0.029321
CD8__SOX4__CD_vs_HC,CD8,SOX4,CD_vs_HC,3.3015,0.00053288
CD8__LTB__CD_vs_HC,CD8,LTB,CD_vs_HC,3.3908,0.037199
CD8__AIF1__CD_vs_HC,CD8,AIF1,CD_vs_HC,1.6351,0.046566
CD8__FKBP5__CD_vs_HC,CD8,FKBP5,CD_vs_HC,1.2767,0.049943
CD8__ETV7__CD_vs_HC,CD8,ETV7,CD_vs_HC,2.5954,0.015289
CD8__DNPH1__CD_vs_HC,CD8,DNPH1,CD_vs_HC,2.3086,0.038675
CD8__RUNX2__CD_vs_HC,CD8,RUNX2,CD_vs_HC,1.8297,0.041601
CD8__CD2AP__CD_vs_HC,CD8,CD2AP,CD_vs_HC,1.1426,0.015289
CD8__MAP3K4__CD_vs_HC,CD8,MAP3K4,CD_vs_HC,1.524,0.036717
CD8__CCR6__CD_vs_HC,CD8,CCR6,CD_vs_HC,1.6523,0.031629
CD8__LFNG__CD_vs_HC,CD8,LFNG,CD_vs_HC,1.4935,0.042396
CD8__HOTAIRM1__CD_vs_HC,CD8,HOTAIRM1,CD_vs_HC,1.4024,0.048928
CD8__CDK6__CD_vs_HC,CD8,CDK6,CD_vs_HC,1.0616,0.014891
CD8__EZH2__CD_vs_HC,CD8,EZH2,CD_vs_HC,1.2212,0.0086406
CD8__P2RY8__CD_vs_HC,CD8,P2RY8,CD_vs_HC,1.4418,0.010721
CD8__PDK3__CD_vs_HC,CD8,PDK3,CD_vs_HC,1.762,0.048928
CD8__FAM104B__CD_vs_HC,CD8,FAM104B,CD_vs_HC,-1.4033,0.00016959
CD8__ITM2A__CD_vs_HC,CD8,ITM2A,CD_vs_HC,-1.0575,0.026243
CD8__GLA__CD_vs_HC,CD8,GLA,CD_vs_HC,-1.163,0.044919
CD8__RAB33A__CD_vs_HC,CD8,RAB33A,CD_vs_HC,-1.2165,0.04766
CD8__FLNA__CD_vs_HC,CD8,FLNA,CD_vs_HC,2.1664,0.014115
CD8__IL9R__CD_vs_HC,CD8,IL9R,CD_vs_HC,-1.7486,0.013389
CD8__CTSB__CD_vs_HC,CD8,CTSB,CD_vs_HC,1.1247,0.031629
CD8__ADAM28__CD_vs_HC,CD8,ADAM28,CD_vs_HC,-2.3943,0.0010925
CD8__TMEM70__CD_vs_HC,CD8,TMEM70,CD_vs_HC,1.4974,0.029321
CD8__CAAP1__CD_vs_HC,CD8,CAAP1,CD_vs_HC,1.5621,0.019802
CD8__GCNT1__CD_vs_HC,CD8,GCNT1,CD_vs_HC,-1.8267,0.015188
CD8__AGTPBP1__CD_vs_HC,CD8,AGTPBP1,CD_vs_HC,1.8339,0.0083403
CD8__MICAL2__CD_vs_HC,CD8,MICAL2,CD_vs_HC,1.4527,0.0090244
CD8__GRK2__CD_vs_HC,CD8,GRK2,CD_vs_HC,1.6008,0.048928
CD8__BCL9L__CD_vs_HC,CD8,BCL9L,CD_vs_HC,1.1369,0.01322
CD8__GRAMD1B__CD_vs_HC,CD8,GRAMD1B,CD_vs_HC,1.8765,9.8004e-05
CD8__ETS1__CD_vs_HC,CD8,ETS1,CD_vs_HC,1.5089,0.002449
CD8__SPOCK2__CD_vs_HC,CD8,SPOCK2,CD_vs_HC,1.3028,3.3476e-05
CD8__ADAM12__CD_vs_HC,CD8,ADAM12,CD_vs_HC,4.2129,0.018142
CD8__KLRF1__CD_vs_HC,CD8,KLRF1,CD_vs_HC,1.7447,0.026243
CD8__IL26__CD_vs_HC,CD8,IL26,CD_vs_HC,3.9931,0.0015307
CD8__PLXNC1__CD_vs_HC,CD8,PLXNC1,CD_vs_HC,2.3939,0.00016959
CD8__TMPO__CD_vs_HC,CD8,TMPO,CD_vs_HC,1.8456,0.024966
CD8__ZDHHC20__CD_vs_HC,CD8,ZDHHC20,CD_vs_HC,1.0313,0.02149
CD8__PHF11__CD_vs_HC,CD8,PHF11,CD_vs_HC,1.3806,0.029858
CD8__ARGLU1__CD_vs_HC,CD8,ARGLU1,CD_vs_HC,1.2061,0.046566
CD8__TNFSF13B__CD_vs_HC,CD8,TNFSF13B,CD_vs_HC,2.3156,0.024664
CD8__MGAT2__CD_vs_HC,CD8,MGAT2,CD_vs_HC,1.3588,0.032267
CD8__SPTLC2__CD_vs_HC,CD8,SPTLC2,CD_vs_HC,1.3071,0.040472
CD8__IGHG2__CD_vs_HC,CD8,IGHG2,CD_vs_HC,3.2769,0.0065651
CD8__IGHG1__CD_vs_HC,CD8,IGHG1,CD_vs_HC,2.9992,0.010285
CD8__IGHG3__CD_vs_HC,CD8,IGHG3,CD_vs_HC,3.4154,0.00049028
CD8__CTSH__CD_vs_HC,CD8,CTSH,CD_vs_HC,3.8365,1.8315e-05
CD8__HAPLN3__CD_vs_HC,CD8,HAPLN3,CD_vs_HC,1.5161,0.040472
CD8__FURIN__CD_vs_HC,CD8,FURIN,CD_vs_HC,1.223,0.0032602
CD8__ATF7IP2__CD_vs_HC,CD8,ATF7IP2,CD_vs_HC,1.0211,0.026243
CD8__COQ7__CD_vs_HC,CD8,COQ7,CD_vs_HC,-1.0722,0.044487
CD8__ZNRF1__CD_vs_HC,CD8,ZNRF1,CD_vs_HC,1.8769,0.010285
CD8__AC022706.1__CD_vs_HC,CD8,AC022706.1,CD_vs_HC,-1.4225,0.032267
CD8__ERN1__CD_vs_HC,CD8,ERN1,CD_vs_HC,1.1731,0.048928
CD8__PRKCA__CD_vs_HC,CD8,PRKCA,CD_vs_HC,-1.5277,0.001108
CD8__CSNK1G2__CD_vs_HC,CD8,CSNK1G2,CD_vs_HC,1.88,0.040149
CD8__GNA15__CD_vs_HC,CD8,GNA15,CD_vs_HC,3.8856,3.7747e-05
CD8__KLF2__CD_vs_HC,CD8,KLF2,CD_vs_HC,1.7567,0.048524
CD8__NFKBIB__CD_vs_HC,CD8,NFKBIB,CD_vs_HC,1.4221,0.030597
CD8__LGALS1__CD_vs_HC,CD8,LGALS1,CD_vs_HC,-1.1725,0.029321
CD8__PACSIN2__CD_vs_HC,CD8,PACSIN2,CD_vs_HC,-1.2499,0.029321
CD8__PRMT9__UC_vs_CD,CD8,PRMT9,UC_vs_CD,-1.1856,0.047461
CD8__GZMK__UC_vs_CD,CD8,GZMK,UC_vs_CD,1.3876,0.0010362
CD8__HAVCR2__UC_vs_CD,CD8,HAVCR2,UC_vs_CD,1.2521,0.031739
CD8__LTB__UC_vs_CD,CD8,LTB,UC_vs_CD,-3.0419,0.043339
CD8__AC016831.7__UC_vs_CD,CD8,AC016831.7,UC_vs_CD,-1.0989,0.047746
CD8__GIMAP7__UC_vs_CD,CD8,GIMAP7,UC_vs_CD,1.085,0.0015221
CD8__GIMAP4__UC_vs_CD,CD8,GIMAP4,UC_vs_CD,1.157,0.030383
CD8__NR4A3__UC_vs_CD,CD8,NR4A3,UC_vs_CD,-1.413,0.015074
CD8__HBB__UC_vs_CD,CD8,HBB,UC_vs_CD,4.1679,0.04032
CD8__KLRG1__UC_vs_CD,CD8,KLRG1,UC_vs_CD,1.501,0.017358
CD8__GZMH__UC_vs_CD,CD8,GZMH,UC_vs_CD,1.3976,0.00031272
CD8__PLCG2__UC_vs_CD,CD8,PLCG2,UC_vs_CD,-1.4836,0.043339
CD8__CCL3__UC_vs_CD,CD8,CCL3,UC_vs_CD,2.1105,0.0068603
CD8__LDLRAD4__UC_vs_CD,CD8,LDLRAD4,UC_vs_CD,-1.1916,0.033517
CD8__PMAIP1__UC_vs_CD,CD8,PMAIP1,UC_vs_CD,1.0506,0.049386
CD8__PDE4A__UC_vs_CD,CD8,PDE4A,UC_vs_CD,-1.323,0.025108
CD8__NKG7__UC_vs_CD,CD8,NKG7,UC_vs_CD,1.0366,2.2222e-05
CD8__MYADM__UC_vs_CD,CD8,MYADM,UC_vs_CD,-1.0255,0.030383
Colonocytes__AGRN__UC_vs_HC,Colonocytes,AGRN,UC_vs_HC,2.4228,0.00034012
Colonocytes__DVL1__UC_vs_HC,Colonocytes,DVL1,UC_vs_HC,1.9192,0.018759
Colonocytes__VWA1__UC_vs_HC,Colonocytes,VWA1,UC_vs_HC,3.2068,2.6303e-06
Colonocytes__ENO1__UC_vs_HC,Colonocytes,ENO1,UC_vs_HC,1.3073,0.00091719
Colonocytes__LZIC__UC_vs_HC,Colonocytes,LZIC,UC_vs_HC,-1.7736,0.046031
Colonocytes__SRM__UC_vs_HC,Colonocytes,SRM,UC_vs_HC,3.7703,0.024319
Colonocytes__PLOD1__UC_vs_HC,Colonocytes,PLOD1,UC_vs_HC,2.5506,0.0044407
Colonocytes__ATP13A2__UC_vs_HC,Colonocytes,ATP13A2,UC_vs_HC,2.089,0.0074694
Colonocytes__SDHB__UC_vs_HC,Colonocytes,SDHB,UC_vs_HC,-1.6368,0.0021687
Colonocytes__PADI2__UC_vs_HC,Colonocytes,PADI2,UC_vs_HC,-3.7742,2.5631e-05
Colonocytes__IFFO2__UC_vs_HC,Colonocytes,IFFO2,UC_vs_HC,2.5518,0.0062773
Colonocytes__MINOS1__UC_vs_HC,Colonocytes,MINOS1,UC_vs_HC,-1.8231,0.0026902
Colonocytes__RNF186__UC_vs_HC,Colonocytes,RNF186,UC_vs_HC,3.1099,2.414e-05
Colonocytes__PLA2G2A__UC_vs_HC,Colonocytes,PLA2G2A,UC_vs_HC,4.1231,0.00062401
Colonocytes__ID3__UC_vs_HC,Colonocytes,ID3,UC_vs_HC,-1.072,0.040237
Colonocytes__NUDC__UC_vs_HC,Colonocytes,NUDC,UC_vs_HC,-1.5477,0.032394
Colonocytes__MAP3K6__UC_vs_HC,Colonocytes,MAP3K6,UC_vs_HC,3.4357,0.00094762
Colonocytes__ATP5IF1__UC_vs_HC,Colonocytes,ATP5IF1,UC_vs_HC,-1.1659,0.044826
Colonocytes__SESN2__UC_vs_HC,Colonocytes,SESN2,UC_vs_HC,1.1999,0.043185
Colonocytes__GJB3__UC_vs_HC,Colonocytes,GJB3,UC_vs_HC,3.2099,0.0053374
Colonocytes__COL9A2__UC_vs_HC,Colonocytes,COL9A2,UC_vs_HC,2.5267,0.01238
Colonocytes__RIMS3__UC_vs_HC,Colonocytes,RIMS3,UC_vs_HC,3.0749,0.008453
Colonocytes__GUCA2B__UC_vs_HC,Colonocytes,GUCA2B,UC_vs_HC,-3.6208,0.00053839
Colonocytes__GUCA2A__UC_vs_HC,Colonocytes,GUCA2A,UC_vs_HC,-3.2594,2.3938e-07
Colonocytes__SLC2A1__UC_vs_HC,Colonocytes,SLC2A1,UC_vs_HC,1.3766,0.048351
Colonocytes__TESK2__UC_vs_HC,Colonocytes,TESK2,UC_vs_HC,-3.4045,0.023952
Colonocytes__UQCRH__UC_vs_HC,Colonocytes,UQCRH,UC_vs_HC,-1.2,0.0012213
Colonocytes__PDZK1IP1__UC_vs_HC,Colonocytes,PDZK1IP1,UC_vs_HC,3.9367,7.198e-07
Colonocytes__CMPK1__UC_vs_HC,Colonocytes,CMPK1,UC_vs_HC,1.0079,0.02976
Colonocytes__TTC39A__UC_vs_HC,Colonocytes,TTC39A,UC_vs_HC,1.6343,0.02671
Colonocytes__MAGOH__UC_vs_HC,Colonocytes,MAGOH,UC_vs_HC,-2.2333,0.04381
Colonocytes__DHCR24__UC_vs_HC,Colonocytes,DHCR24,UC_vs_HC,1.3534,0.027032
Colonocytes__ACADM__UC_vs_HC,Colonocytes,ACADM,UC_vs_HC,-1.5855,0.045778
Colonocytes__ABCD3__UC_vs_HC,Colonocytes,ABCD3,UC_vs_HC,-1.329,0.031626
Colonocytes__F3__UC_vs_HC,Colonocytes,F3,UC_vs_HC,3.8452,1.3244e-07
Colonocytes__CDC14A__UC_vs_HC,Colonocytes,CDC14A,UC_vs_HC,-2.2151,0.014399
Colonocytes__SORT1__UC_vs_HC,Colonocytes,SORT1,UC_vs_HC,1.2072,0.036164
Colonocytes__DENND2D__UC_vs_HC,Colonocytes,DENND2D,UC_vs_HC,1.7215,0.016944
Colonocytes__KCND3__UC_vs_HC,Colonocytes,KCND3,UC_vs_HC,6.0944,0.0040745
Colonocytes__HMGCS2__UC_vs_HC,Colonocytes,HMGCS2,UC_vs_HC,-4.6567,3.4578e-05
Colonocytes__SELENBP1__UC_vs_HC,Colonocytes,SELENBP1,UC_vs_HC,-2.2735,9.3778e-06
Colonocytes__S100A11__UC_vs_HC,Colonocytes,S100A11,UC_vs_HC,3.4257,4.2751e-09
Colonocytes__S100A9__UC_vs_HC,Colonocytes,S100A9,UC_vs_HC,9.4718,3.5983e-06
Colonocytes__S100A8__UC_vs_HC,Colonocytes,S100A8,UC_vs_HC,6.7084,0.041846
Colonocytes__RPS27__UC_vs_HC,Colonocytes,RPS27,UC_vs_HC,-1.0482,0.00092782
Colonocytes__CKS1B__UC_vs_HC,Colonocytes,CKS1B,UC_vs_HC,-2.2499,0.038002
Colonocytes__ADAM15__UC_vs_HC,Colonocytes,ADAM15,UC_vs_HC,1.9445,0.0021687
Colonocytes__DPM3__UC_vs_HC,Colonocytes,DPM3,UC_vs_HC,-1.5148,0.026
Colonocytes__MUC1__UC_vs_HC,Colonocytes,MUC1,UC_vs_HC,3.3166,0.00021704
Colonocytes__LAMTOR2__UC_vs_HC,Colonocytes,LAMTOR2,UC_vs_HC,-1.4996,0.0081633
Colonocytes__IFI16__UC_vs_HC,Colonocytes,IFI16,UC_vs_HC,3.5813,0.0028698
Colonocytes__LINC01133__UC_vs_HC,Colonocytes,LINC01133,UC_vs_HC,-1.5921,0.00035666
Colonocytes__PEA15__UC_vs_HC,Colonocytes,PEA15,UC_vs_HC,1.9679,0.019206
Colonocytes__TSTD1__UC_vs_HC,Colonocytes,TSTD1,UC_vs_HC,-2.4251,2.8771e-05
Colonocytes__MGST3__UC_vs_HC,Colonocytes,MGST3,UC_vs_HC,-1.0759,0.035613
Colonocytes__TMCO1__UC_vs_HC,Colonocytes,TMCO1,UC_vs_HC,-2.0748,0.00020519
Colonocytes__TIPRL__UC_vs_HC,Colonocytes,TIPRL,UC_vs_HC,-1.9268,0.04998
Colonocytes__PRDX6__UC_vs_HC,Colonocytes,PRDX6,UC_vs_HC,-2.5417,1.1099e-11
Colonocytes__RASAL2__UC_vs_HC,Colonocytes,RASAL2,UC_vs_HC,2.1006,0.013868
Colonocytes__GLUL__UC_vs_HC,Colonocytes,GLUL,UC_vs_HC,2.2876,0.0071005
Colonocytes__LRRN2__UC_vs_HC,Colonocytes,LRRN2,UC_vs_HC,-3.4518,0.045666
Colonocytes__MFSD4A__UC_vs_HC,Colonocytes,MFSD4A,UC_vs_HC,3.3169,0.026595
Colonocytes__PIGR__UC_vs_HC,Colonocytes,PIGR,UC_vs_HC,1.1527,0.0043089
Colonocytes__C4BPB__UC_vs_HC,Colonocytes,C4BPB,UC_vs_HC,5.2104,2.6135e-08
Colonocytes__C4BPA__UC_vs_HC,Colonocytes,C4BPA,UC_vs_HC,3.7867,0.012309
Colonocytes__CD55__UC_vs_HC,Colonocytes,CD55,UC_vs_HC,2.6573,2.1815e-10
Colonocytes__TMEM63A__UC_vs_HC,Colonocytes,TMEM63A,UC_vs_HC,1.7784,0.029625
Colonocytes__RHOU__UC_vs_HC,Colonocytes,RHOU,UC_vs_HC,-2.0523,0.0039845
Colonocytes__GALNT2__UC_vs_HC,Colonocytes,GALNT2,UC_vs_HC,1.9085,0.021759
Colonocytes__ADSS__UC_vs_HC,Colonocytes,ADSS,UC_vs_HC,1.6689,0.027673
Colonocytes__LYPD8__UC_vs_HC,Colonocytes,LYPD8,UC_vs_HC,-2.6942,0.0077627
Colonocytes__LPIN1__UC_vs_HC,Colonocytes,LPIN1,UC_vs_HC,2.3987,7.1233e-05
Colonocytes__SDC1__UC_vs_HC,Colonocytes,SDC1,UC_vs_HC,1.5627,3.9529e-05
Colonocytes__PTRHD1__UC_vs_HC,Colonocytes,PTRHD1,UC_vs_HC,-1.8314,0.021687
Colonocytes__CAPN13__UC_vs_HC,Colonocytes,CAPN13,UC_vs_HC,-3.1542,0.039638
Colonocytes__XDH__UC_vs_HC,Colonocytes,XDH,UC_vs_HC,2.347,7.0713e-05
Colonocytes__DPY30__UC_vs_HC,Colonocytes,DPY30,UC_vs_HC,-1.3927,0.011467
Colonocytes__COX7A2L__UC_vs_HC,Colonocytes,COX7A2L,UC_vs_HC,-1.4929,0.031804
Colonocytes__SLC3A1__UC_vs_HC,Colonocytes,SLC3A1,UC_vs_HC,-2.6018,0.0024441
Colonocytes__EPAS1__UC_vs_HC,Colonocytes,EPAS1,UC_vs_HC,-1.4874,0.029394
Colonocytes__MCFD2__UC_vs_HC,Colonocytes,MCFD2,UC_vs_HC,1.5885,0.045778
Colonocytes__FOXN2__UC_vs_HC,Colonocytes,FOXN2,UC_vs_HC,2.0791,0.035448
Colonocytes__PSME4__UC_vs_HC,Colonocytes,PSME4,UC_vs_HC,1.6533,0.016256
Colonocytes__PPP3R1__UC_vs_HC,Colonocytes,PPP3R1,UC_vs_HC,1.5041,0.012561
Colonocytes__GFPT1__UC_vs_HC,Colonocytes,GFPT1,UC_vs_HC,1.0703,0.0011391
Colonocytes__AAK1__UC_vs_HC,Colonocytes,AAK1,UC_vs_HC,-1.8621,0.00015006
Colonocytes__HK2__UC_vs_HC,Colonocytes,HK2,UC_vs_HC,2.6432,7.1233e-05
Colonocytes__POLE4__UC_vs_HC,Colonocytes,POLE4,UC_vs_HC,-2.2658,0.049647
Colonocytes__REG1B__UC_vs_HC,Colonocytes,REG1B,UC_vs_HC,10.811,0.016489
Colonocytes__REG1A__UC_vs_HC,Colonocytes,REG1A,UC_vs_HC,9.3841,1.3815e-06
Colonocytes__VAMP8__UC_vs_HC,Colonocytes,VAMP8,UC_vs_HC,-1.1391,0.0075119
Colonocytes__RNF181__UC_vs_HC,Colonocytes,RNF181,UC_vs_HC,-1.6303,0.043119
Colonocytes__FABP1__UC_vs_HC,Colonocytes,FABP1,UC_vs_HC,-2.5274,1.5989e-12
Colonocytes__LINC00342__UC_vs_HC,Colonocytes,LINC00342,UC_vs_HC,3.6972,0.019867
Colonocytes__ANKRD36C__UC_vs_HC,Colonocytes,ANKRD36C,UC_vs_HC,2.3824,0.0024593
Colonocytes__ANKRD36__UC_vs_HC,Colonocytes,ANKRD36,UC_vs_HC,3.3306,0.027648
Colonocytes__COX5B__UC_vs_HC,Colonocytes,COX5B,UC_vs_HC,-1.5804,0.0021656
Colonocytes__MGAT4A__UC_vs_HC,Colonocytes,MGAT4A,UC_vs_HC,-1.272,0.015603
Colonocytes__MAP4K4__UC_vs_HC,Colonocytes,MAP4K4,UC_vs_HC,2.4495,0.023486
Colonocytes__IL1B__UC_vs_HC,Colonocytes,IL1B,UC_vs_HC,6.2159,1.6532e-07
Colonocytes__IL1RN__UC_vs_HC,Colonocytes,IL1RN,UC_vs_HC,5.1313,0.012339
Colonocytes__SLC35F5__UC_vs_HC,Colonocytes,SLC35F5,UC_vs_HC,1.2728,0.0099671
Colonocytes__DBI__UC_vs_HC,Colonocytes,DBI,UC_vs_HC,-1.4331,0.0003677
Colonocytes__GALNT5__UC_vs_HC,Colonocytes,GALNT5,UC_vs_HC,1.5159,0.028938
Colonocytes__TANC1__UC_vs_HC,Colonocytes,TANC1,UC_vs_HC,1.9623,0.0023881
Colonocytes__BAZ2B__UC_vs_HC,Colonocytes,BAZ2B,UC_vs_HC,1.2942,0.0016629
Colonocytes__GALNT3__UC_vs_HC,Colonocytes,GALNT3,UC_vs_HC,1.4851,0.0014057
Colonocytes__ITGA6__UC_vs_HC,Colonocytes,ITGA6,UC_vs_HC,1.4746,0.00073106
Colonocytes__ATP5MC3__UC_vs_HC,Colonocytes,ATP5MC3,UC_vs_HC,-1.0488,0.001081
Colonocytes__ITGAV__UC_vs_HC,Colonocytes,ITGAV,UC_vs_HC,1.7973,8.8665e-05
Colonocytes__SLC40A1__UC_vs_HC,Colonocytes,SLC40A1,UC_vs_HC,1.6062,0.038125
Colonocytes__C2orf88__UC_vs_HC,Colonocytes,C2orf88,UC_vs_HC,-1.8152,0.00038306
Colonocytes__NDUFB3__UC_vs_HC,Colonocytes,NDUFB3,UC_vs_HC,-1.1428,0.033309
Colonocytes__BMPR2__UC_vs_HC,Colonocytes,BMPR2,UC_vs_HC,1.1361,0.046572
Colonocytes__RAPH1__UC_vs_HC,Colonocytes,RAPH1,UC_vs_HC,1.6116,0.0004317
Colonocytes__ABCA12__UC_vs_HC,Colonocytes,ABCA12,UC_vs_HC,6.5114,0.0039218
Colonocytes__VIL1__UC_vs_HC,Colonocytes,VIL1,UC_vs_HC,-1.6074,1.3523e-06
Colonocytes__CYP27A1__UC_vs_HC,Colonocytes,CYP27A1,UC_vs_HC,-3.7045,0.022171
Colonocytes__PID1__UC_vs_HC,Colonocytes,PID1,UC_vs_HC,1.4914,0.0093551
Colonocytes__PTMA__UC_vs_HC,Colonocytes,PTMA,UC_vs_HC,-1.1505,0.0058759
Colonocytes__NGEF__UC_vs_HC,Colonocytes,NGEF,UC_vs_HC,-1.9641,0.02205
Colonocytes__MLPH__UC_vs_HC,Colonocytes,MLPH,UC_vs_HC,3.1693,2.2165e-05
Colonocytes__LRRFIP1__UC_vs_HC,Colonocytes,LRRFIP1,UC_vs_HC,1.2849,5.7105e-06
Colonocytes__COPS9__UC_vs_HC,Colonocytes,COPS9,UC_vs_HC,-1.549,0.0080164
Colonocytes__GPR35__UC_vs_HC,Colonocytes,GPR35,UC_vs_HC,1.1772,0.046474
Colonocytes__BHLHE40__UC_vs_HC,Colonocytes,BHLHE40,UC_vs_HC,2.6152,0.00085276
Colonocytes__SEC13__UC_vs_HC,Colonocytes,SEC13,UC_vs_HC,1.3761,0.044576
Colonocytes__CMC1__UC_vs_HC,Colonocytes,CMC1,UC_vs_HC,-2.9904,0.0011412
Colonocytes__OSBPL10__UC_vs_HC,Colonocytes,OSBPL10,UC_vs_HC,2.6841,0.031804
Colonocytes__ACAA1__UC_vs_HC,Colonocytes,ACAA1,UC_vs_HC,-1.258,0.0023986
Colonocytes__EIF1B__UC_vs_HC,Colonocytes,EIF1B,UC_vs_HC,-1.4786,0.011719
Colonocytes__VIPR1__UC_vs_HC,Colonocytes,VIPR1,UC_vs_HC,-1.713,0.021393
Colonocytes__HIGD1A__UC_vs_HC,Colonocytes,HIGD1A,UC_vs_HC,-1.2717,0.023047
Colonocytes__CDCP1__UC_vs_HC,Colonocytes,CDCP1,UC_vs_HC,1.1082,0.012269
Colonocytes__SLC6A20__UC_vs_HC,Colonocytes,SLC6A20,UC_vs_HC,3.4966,6.8299e-05
Colonocytes__NBEAL2__UC_vs_HC,Colonocytes,NBEAL2,UC_vs_HC,2.974,0.035613
Colonocytes__TMA7__UC_vs_HC,Colonocytes,TMA7,UC_vs_HC,-1.0745,0.0013776
Colonocytes__SEMA3B__UC_vs_HC,Colonocytes,SEMA3B,UC_vs_HC,1.2753,0.028938
Colonocytes__SLMAP__UC_vs_HC,Colonocytes,SLMAP,UC_vs_HC,1.1617,0.0033471
Colonocytes__PTPRG__UC_vs_HC,Colonocytes,PTPRG,UC_vs_HC,2.0193,0.039714
Colonocytes__C3orf85__UC_vs_HC,Colonocytes,C3orf85,UC_vs_HC,-1.9336,0.017575
Colonocytes__DTX3L__UC_vs_HC,Colonocytes,DTX3L,UC_vs_HC,1.1869,0.035613
Colonocytes__MUC13__UC_vs_HC,Colonocytes,MUC13,UC_vs_HC,1.3451,0.0050098
Colonocytes__ALDH1L1__UC_vs_HC,Colonocytes,ALDH1L1,UC_vs_HC,4.3039,0.00085276
Colonocytes__SEC61A1__UC_vs_HC,Colonocytes,SEC61A1,UC_vs_HC,1.9804,6.5478e-09
Colonocytes__CNBP__UC_vs_HC,Colonocytes,CNBP,UC_vs_HC,-1.1434,0.042482
Colonocytes__ATP2C1__UC_vs_HC,Colonocytes,ATP2C1,UC_vs_HC,2.3373,0.008627
Colonocytes__ACPP__UC_vs_HC,Colonocytes,ACPP,UC_vs_HC,3.9538,0.00015095
Colonocytes__CDV3__UC_vs_HC,Colonocytes,CDV3,UC_vs_HC,1.1982,0.013074
Colonocytes__TM4SF1__UC_vs_HC,Colonocytes,TM4SF1,UC_vs_HC,2.3792,0.0046189
Colonocytes__TIPARP__UC_vs_HC,Colonocytes,TIPARP,UC_vs_HC,1.7119,8.4203e-05
Colonocytes__LINC02023__UC_vs_HC,Colonocytes,LINC02023,UC_vs_HC,-2.5504,0.0010914
Colonocytes__GOLIM4__UC_vs_HC,Colonocytes,GOLIM4,UC_vs_HC,-1.1445,0.0072249
Colonocytes__MECOM__UC_vs_HC,Colonocytes,MECOM,UC_vs_HC,2.3119,0.011173
Colonocytes__GPR160__UC_vs_HC,Colonocytes,GPR160,UC_vs_HC,-1.2468,0.036264
Colonocytes__SKIL__UC_vs_HC,Colonocytes,SKIL,UC_vs_HC,1.234,0.042523
Colonocytes__FNDC3B__UC_vs_HC,Colonocytes,FNDC3B,UC_vs_HC,1.1601,0.032806
Colonocytes__POLR2H__UC_vs_HC,Colonocytes,POLR2H,UC_vs_HC,-1.6756,0.0032694
Colonocytes__LIPH__UC_vs_HC,Colonocytes,LIPH,UC_vs_HC,-1.2924,0.042544
Colonocytes__MUC4__UC_vs_HC,Colonocytes,MUC4,UC_vs_HC,4.38,2.3935e-09
Colonocytes__ATP5ME__UC_vs_HC,Colonocytes,ATP5ME,UC_vs_HC,-1.0101,0.041348
Colonocytes__S100P__UC_vs_HC,Colonocytes,S100P,UC_vs_HC,2.8456,0.00010257
Colonocytes__SMIM20__UC_vs_HC,Colonocytes,SMIM20,UC_vs_HC,-1.7237,0.037363
Colonocytes__RPL9__UC_vs_HC,Colonocytes,RPL9,UC_vs_HC,-1.1388,0.0036616
Colonocytes__UGDH__UC_vs_HC,Colonocytes,UGDH,UC_vs_HC,-1.2196,0.0032407
Colonocytes__SRD5A3__UC_vs_HC,Colonocytes,SRD5A3,UC_vs_HC,2.5306,0.038621
Colonocytes__TMEM165__UC_vs_HC,Colonocytes,TMEM165,UC_vs_HC,2.2551,0.00085741
Colonocytes__UBA6__UC_vs_HC,Colonocytes,UBA6,UC_vs_HC,1.4941,0.00087743
Colonocytes__JCHAIN__UC_vs_HC,Colonocytes,JCHAIN,UC_vs_HC,-3.1329,0.041623
Colonocytes__SLC4A4__UC_vs_HC,Colonocytes,SLC4A4,UC_vs_HC,-1.7267,0.0011113
Colonocytes__CXCL8__UC_vs_HC,Colonocytes,CXCL8,UC_vs_HC,6.652,0.013495
Colonocytes__CXCL1__UC_vs_HC,Colonocytes,CXCL1,UC_vs_HC,9.7658,7.3407e-08
Colonocytes__CXCL3__UC_vs_HC,Colonocytes,CXCL3,UC_vs_HC,5.4733,1.2849e-16
Colonocytes__CXCL2__UC_vs_HC,Colonocytes,CXCL2,UC_vs_HC,3.9014,0.0012524
Colonocytes__CCNI__UC_vs_HC,Colonocytes,CCNI,UC_vs_HC,1.2005,0.0018116
Colonocytes__ANXA3__UC_vs_HC,Colonocytes,ANXA3,UC_vs_HC,2.2178,0.014129
Colonocytes__BMP3__UC_vs_HC,Colonocytes,BMP3,UC_vs_HC,-2.798,0.021759
Colonocytes__PRKG2__UC_vs_HC,Colonocytes,PRKG2,UC_vs_HC,-3.1384,0.04202
Colonocytes__RASGEF1B__UC_vs_HC,Colonocytes,RASGEF1B,UC_vs_HC,2.1541,0.00035789
Colonocytes__SEC31A__UC_vs_HC,Colonocytes,SEC31A,UC_vs_HC,1.6558,0.00010229
Colonocytes__HPSE__UC_vs_HC,Colonocytes,HPSE,UC_vs_HC,2.4642,0.020346
Colonocytes__ABCG2__UC_vs_HC,Colonocytes,ABCG2,UC_vs_HC,-3.9396,1.3551e-10
Colonocytes__DAPP1__UC_vs_HC,Colonocytes,DAPP1,UC_vs_HC,2.5332,0.0065513
Colonocytes__H2AFZ__UC_vs_HC,Colonocytes,H2AFZ,UC_vs_HC,-1.3317,0.023447
Colonocytes__RPL34__UC_vs_HC,Colonocytes,RPL34,UC_vs_HC,-1.075,0.0049079
Colonocytes__SEC24D__UC_vs_HC,Colonocytes,SEC24D,UC_vs_HC,3.1666,0.00060945
Colonocytes__FABP2__UC_vs_HC,Colonocytes,FABP2,UC_vs_HC,-1.8064,0.028101
Colonocytes__TNIP3__UC_vs_HC,Colonocytes,TNIP3,UC_vs_HC,7.8615,2.351e-09
Colonocytes__ANXA5__UC_vs_HC,Colonocytes,ANXA5,UC_vs_HC,1.9955,0.041143
Colonocytes__SLC7A11__UC_vs_HC,Colonocytes,SLC7A11,UC_vs_HC,3.6035,0.00053839
Colonocytes__NDUFC1__UC_vs_HC,Colonocytes,NDUFC1,UC_vs_HC,-1.1266,0.023501
Colonocytes__PALLD__UC_vs_HC,Colonocytes,PALLD,UC_vs_HC,2.0619,0.0034195
Colonocytes__LPCAT1__UC_vs_HC,Colonocytes,LPCAT1,UC_vs_HC,5.658,1.3523e-06
Colonocytes__DAP__UC_vs_HC,Colonocytes,DAP,UC_vs_HC,1.4076,0.016132
Colonocytes__ANKH__UC_vs_HC,Colonocytes,ANKH,UC_vs_HC,-1.6517,0.047098
Colonocytes__RAI14__UC_vs_HC,Colonocytes,RAI14,UC_vs_HC,-3.0688,0.021578
Colonocytes__ITGA2__UC_vs_HC,Colonocytes,ITGA2,UC_vs_HC,4.8713,7.7896e-07
Colonocytes__IL6ST__UC_vs_HC,Colonocytes,IL6ST,UC_vs_HC,1.41,0.019447
Colonocytes__SETD9__UC_vs_HC,Colonocytes,SETD9,UC_vs_HC,-3.1606,0.033528
Colonocytes__NLN__UC_vs_HC,Colonocytes,NLN,UC_vs_HC,-1.7403,0.036586
Colonocytes__MRPS36__UC_vs_HC,Colonocytes,MRPS36,UC_vs_HC,-1.3086,0.0011735
Colonocytes__BTF3__UC_vs_HC,Colonocytes,BTF3,UC_vs_HC,-1.4156,0.0023083
Colonocytes__RPS23__UC_vs_HC,Colonocytes,RPS23,UC_vs_HC,-1.2089,0.0018481
Colonocytes__COX7C__UC_vs_HC,Colonocytes,COX7C,UC_vs_HC,-1.7957,1.2374e-05
Colonocytes__LUCAT1__UC_vs_HC,Colonocytes,LUCAT1,UC_vs_HC,5.521,0.002634
Colonocytes__ARRDC3__UC_vs_HC,Colonocytes,ARRDC3,UC_vs_HC,1.8677,0.039674
Colonocytes__STARD4__UC_vs_HC,Colonocytes,STARD4,UC_vs_HC,1.9604,0.015755
Colonocytes__SLC12A2__UC_vs_HC,Colonocytes,SLC12A2,UC_vs_HC,1.7348,0.037512
Colonocytes__UQCRQ__UC_vs_HC,Colonocytes,UQCRQ,UC_vs_HC,-1.5798,0.00015037
Colonocytes__LEAP2__UC_vs_HC,Colonocytes,LEAP2,UC_vs_HC,-3.2464,0.037116
Colonocytes__VDAC1__UC_vs_HC,Colonocytes,VDAC1,UC_vs_HC,-1.2661,0.0078949
Colonocytes__SEC24A__UC_vs_HC,Colonocytes,SEC24A,UC_vs_HC,1.9442,1.8977e-05
Colonocytes__PAIP2__UC_vs_HC,Colonocytes,PAIP2,UC_vs_HC,-1.2055,0.023269
Colonocytes__TMEM173__UC_vs_HC,Colonocytes,TMEM173,UC_vs_HC,4.3586,0.00035893
Colonocytes__NDUFA2__UC_vs_HC,Colonocytes,NDUFA2,UC_vs_HC,-1.884,8.7588e-06
Colonocytes__DIAPH1__UC_vs_HC,Colonocytes,DIAPH1,UC_vs_HC,1.4895,0.00045859
Colonocytes__SPINK1__UC_vs_HC,Colonocytes,SPINK1,UC_vs_HC,3.1256,0.0034484
Colonocytes__SPINK5__UC_vs_HC,Colonocytes,SPINK5,UC_vs_HC,2.4053,0.014619
Colonocytes__SLC26A2__UC_vs_HC,Colonocytes,SLC26A2,UC_vs_HC,-3.8362,7.0188e-06
Colonocytes__SLC36A1__UC_vs_HC,Colonocytes,SLC36A1,UC_vs_HC,-3.0241,0.0011722
Colonocytes__FAXDC2__UC_vs_HC,Colonocytes,FAXDC2,UC_vs_HC,2.2577,0.040827
Colonocytes__CNOT8__UC_vs_HC,Colonocytes,CNOT8,UC_vs_HC,1.9769,0.0259
Colonocytes__RNF145__UC_vs_HC,Colonocytes,RNF145,UC_vs_HC,2.1561,0.011372
Colonocytes__ATP10B__UC_vs_HC,Colonocytes,ATP10B,UC_vs_HC,2.0395,2.9835e-07
Colonocytes__PANK3__UC_vs_HC,Colonocytes,PANK3,UC_vs_HC,-1.1335,0.029043
Colonocytes__HIGD2A__UC_vs_HC,Colonocytes,HIGD2A,UC_vs_HC,-2.1274,8.4685e-06
Colonocytes__PDLIM7__UC_vs_HC,Colonocytes,PDLIM7,UC_vs_HC,3.5553,0.011529
Colonocytes__CANX__UC_vs_HC,Colonocytes,CANX,UC_vs_HC,1.3282,0.000217
Colonocytes__GMDS__UC_vs_HC,Colonocytes,GMDS,UC_vs_HC,2.8175,0.00099038
Colonocytes__SERPINB1__UC_vs_HC,Colonocytes,SERPINB1,UC_vs_HC,1.0833,0.013868
Colonocytes__SERPINB6__UC_vs_HC,Colonocytes,SERPINB6,UC_vs_HC,1.4388,8.8294e-06
Colonocytes__TUBB2A__UC_vs_HC,Colonocytes,TUBB2A,UC_vs_HC,1.1869,0.041911
Colonocytes__TMEM14C__UC_vs_HC,Colonocytes,TMEM14C,UC_vs_HC,-1.5959,0.027644
Colonocytes__TMEM14B__UC_vs_HC,Colonocytes,TMEM14B,UC_vs_HC,-2.3127,0.023486
Colonocytes__MYLIP__UC_vs_HC,Colonocytes,MYLIP,UC_vs_HC,-1.7762,0.044378
Colonocytes__ACOT13__UC_vs_HC,Colonocytes,ACOT13,UC_vs_HC,-1.6399,0.012027
Colonocytes__HLA-A__UC_vs_HC,Colonocytes,HLA-A,UC_vs_HC,-1.1725,0.036577
Colonocytes__HLA-B__UC_vs_HC,Colonocytes,HLA-B,UC_vs_HC,-1.3301,0.023447
Colonocytes__DDAH2__UC_vs_HC,Colonocytes,DDAH2,UC_vs_HC,-2.679,1.1804e-12
Colonocytes__NEU1__UC_vs_HC,Colonocytes,NEU1,UC_vs_HC,-2.6176,1.6113e-05
Colonocytes__CFB__UC_vs_HC,Colonocytes,CFB,UC_vs_HC,4.1717,0.00065769
Colonocytes__TAF11__UC_vs_HC,Colonocytes,TAF11,UC_vs_HC,-2.0799,0.044099
Colonocytes__CCDC167__UC_vs_HC,Colonocytes,CCDC167,UC_vs_HC,2.3844,0.0085369
Colonocytes__MEA1__UC_vs_HC,Colonocytes,MEA1,UC_vs_HC,-1.9373,0.033309
Colonocytes__ENPP4__UC_vs_HC,Colonocytes,ENPP4,UC_vs_HC,2.1939,4.5506e-05
Colonocytes__MEP1A__UC_vs_HC,Colonocytes,MEP1A,UC_vs_HC,-1.2944,0.021687
Colonocytes__COX7A2__UC_vs_HC,Colonocytes,COX7A2,UC_vs_HC,-1.1207,0.043563
Colonocytes__PGM3__UC_vs_HC,Colonocytes,PGM3,UC_vs_HC,2.0248,0.0052174
Colonocytes__ME1__UC_vs_HC,Colonocytes,ME1,UC_vs_HC,3.5053,0.0084737
Colonocytes__PNRC1__UC_vs_HC,Colonocytes,PNRC1,UC_vs_HC,1.3025,0.043914
Colonocytes__CD24__UC_vs_HC,Colonocytes,CD24,UC_vs_HC,1.0101,0.024903
Colonocytes__MICAL1__UC_vs_HC,Colonocytes,MICAL1,UC_vs_HC,1.6806,0.0013903
Colonocytes__NCOA7__UC_vs_HC,Colonocytes,NCOA7,UC_vs_HC,1.5885,0.0064052
Colonocytes__VNN1__UC_vs_HC,Colonocytes,VNN1,UC_vs_HC,6.6413,7.2809e-07
Colonocytes__ABRACL__UC_vs_HC,Colonocytes,ABRACL,UC_vs_HC,-1.7211,0.023669
Colonocytes__ADGRG6__UC_vs_HC,Colonocytes,ADGRG6,UC_vs_HC,3.4954,0.0010008
Colonocytes__HIVEP2__UC_vs_HC,Colonocytes,HIVEP2,UC_vs_HC,2.751,0.0014979
Colonocytes__SOD2__UC_vs_HC,Colonocytes,SOD2,UC_vs_HC,1.8914,0.0024703
Colonocytes__AGPAT4__UC_vs_HC,Colonocytes,AGPAT4,UC_vs_HC,3.0933,0.00020607
Colonocytes__FRMD1__UC_vs_HC,Colonocytes,FRMD1,UC_vs_HC,-2.1515,0.00073235
Colonocytes__TTYH3__UC_vs_HC,Colonocytes,TTYH3,UC_vs_HC,2.8219,0.042278
Colonocytes__TNRC18__UC_vs_HC,Colonocytes,TNRC18,UC_vs_HC,1.379,0.035177
Colonocytes__C1GALT1__UC_vs_HC,Colonocytes,C1GALT1,UC_vs_HC,1.7074,0.004833
Colonocytes__ARL4A__UC_vs_HC,Colonocytes,ARL4A,UC_vs_HC,-1.1993,0.020471
Colonocytes__BZW2__UC_vs_HC,Colonocytes,BZW2,UC_vs_HC,-2.9001,0.029886
Colonocytes__AGR2__UC_vs_HC,Colonocytes,AGR2,UC_vs_HC,2.2839,4.6984e-06
Colonocytes__TOMM7__UC_vs_HC,Colonocytes,TOMM7,UC_vs_HC,-1.2329,0.00013052
Colonocytes__CYCS__UC_vs_HC,Colonocytes,CYCS,UC_vs_HC,-1.218,0.00060945
Colonocytes__PRR15__UC_vs_HC,Colonocytes,PRR15,UC_vs_HC,-1.7251,0.039714
Colonocytes__AOAH__UC_vs_HC,Colonocytes,AOAH,UC_vs_HC,-2.0759,0.0251
Colonocytes__TNS3__UC_vs_HC,Colonocytes,TNS3,UC_vs_HC,-1.7759,0.007186
Colonocytes__POR__UC_vs_HC,Colonocytes,POR,UC_vs_HC,-1.5011,0.015606
Colonocytes__MDH2__UC_vs_HC,Colonocytes,MDH2,UC_vs_HC,-1.7616,0.007832
Colonocytes__FGL2__UC_vs_HC,Colonocytes,FGL2,UC_vs_HC,-1.7738,0.030114
Colonocytes__SEMA3C__UC_vs_HC,Colonocytes,SEMA3C,UC_vs_HC,2.3361,0.00082836
Colonocytes__ABCB1__UC_vs_HC,Colonocytes,ABCB1,UC_vs_HC,-2.393,4.2514e-05
Colonocytes__SRI__UC_vs_HC,Colonocytes,SRI,UC_vs_HC,-2.3498,4.6907e-05
Colonocytes__CLDN12__UC_vs_HC,Colonocytes,CLDN12,UC_vs_HC,2.1173,0.00052715
Colonocytes__BAIAP2L1__UC_vs_HC,Colonocytes,BAIAP2L1,UC_vs_HC,2.1923,2.3935e-09
Colonocytes__ATP5MF__UC_vs_HC,Colonocytes,ATP5MF,UC_vs_HC,-1.5984,0.0011113
Colonocytes__CYP3A4__UC_vs_HC,Colonocytes,CYP3A4,UC_vs_HC,-4.8698,0.018178
Colonocytes__AZGP1__UC_vs_HC,Colonocytes,AZGP1,UC_vs_HC,5.4008,0.0010873
Colonocytes__COPS6__UC_vs_HC,Colonocytes,COPS6,UC_vs_HC,-2.0736,0.022171
Colonocytes__LAMTOR4__UC_vs_HC,Colonocytes,LAMTOR4,UC_vs_HC,-2.0417,2.1608e-05
Colonocytes__POLR2J__UC_vs_HC,Colonocytes,POLR2J,UC_vs_HC,-1.1639,0.035177
Colonocytes__NAMPT__UC_vs_HC,Colonocytes,NAMPT,UC_vs_HC,1.9286,0.00073555
Colonocytes__SLC26A3__UC_vs_HC,Colonocytes,SLC26A3,UC_vs_HC,-1.8215,0.0019897
Colonocytes__MET__UC_vs_HC,Colonocytes,MET,UC_vs_HC,3.563,2.4149e-05
Colonocytes__NDUFA5__UC_vs_HC,Colonocytes,NDUFA5,UC_vs_HC,-1.5224,0.020872
Colonocytes__HILPDA__UC_vs_HC,Colonocytes,HILPDA,UC_vs_HC,3.7867,0.0068932
Colonocytes__UBE2H__UC_vs_HC,Colonocytes,UBE2H,UC_vs_HC,1.4797,0.013191
Colonocytes__AKR1B10__UC_vs_HC,Colonocytes,AKR1B10,UC_vs_HC,-1.7727,0.00071852
Colonocytes__CREB3L2__UC_vs_HC,Colonocytes,CREB3L2,UC_vs_HC,2.4296,0.0029809
Colonocytes__DENND2A__UC_vs_HC,Colonocytes,DENND2A,UC_vs_HC,-1.3786,0.0093427
Colonocytes__NDUFB2__UC_vs_HC,Colonocytes,NDUFB2,UC_vs_HC,-1.1171,0.018923
Colonocytes__MRPS33__UC_vs_HC,Colonocytes,MRPS33,UC_vs_HC,-3.5321,0.015249
Colonocytes__PRSS2__UC_vs_HC,Colonocytes,PRSS2,UC_vs_HC,7.1271,0.030636
Colonocytes__GSTK1__UC_vs_HC,Colonocytes,GSTK1,UC_vs_HC,-1.2834,0.0034266
Colonocytes__PDIA4__UC_vs_HC,Colonocytes,PDIA4,UC_vs_HC,1.6477,6.4122e-05
Colonocytes__SHH__UC_vs_HC,Colonocytes,SHH,UC_vs_HC,3.2881,0.0093569
Colonocytes__STS__UC_vs_HC,Colonocytes,STS,UC_vs_HC,4.7234,2.3544e-08
Colonocytes__TMSB4X__UC_vs_HC,Colonocytes,TMSB4X,UC_vs_HC,-1.1414,0.0077627
Colonocytes__RPS6KA3__UC_vs_HC,Colonocytes,RPS6KA3,UC_vs_HC,1.2142,0.034753
Colonocytes__TIMP1__UC_vs_HC,Colonocytes,TIMP1,UC_vs_HC,4.5003,9.0531e-08
Colonocytes__IGBP1__UC_vs_HC,Colonocytes,IGBP1,UC_vs_HC,-1.4224,0.036526
Colonocytes__MAGT1__UC_vs_HC,Colonocytes,MAGT1,UC_vs_HC,1.2834,0.016472
Colonocytes__COX7B__UC_vs_HC,Colonocytes,COX7B,UC_vs_HC,-1.161,0.0029809
Colonocytes__PGK1__UC_vs_HC,Colonocytes,PGK1,UC_vs_HC,1.4581,0.0020376
Colonocytes__NOX1__UC_vs_HC,Colonocytes,NOX1,UC_vs_HC,2.2097,0.0040745
Colonocytes__FAM199X__UC_vs_HC,Colonocytes,FAM199X,UC_vs_HC,1.4809,0.042523
Colonocytes__SLC6A14__UC_vs_HC,Colonocytes,SLC6A14,UC_vs_HC,9.5199,2.1305e-07
Colonocytes__SLC25A5__UC_vs_HC,Colonocytes,SLC25A5,UC_vs_HC,-2.2354,7.8074e-08
Colonocytes__UBE2A__UC_vs_HC,Colonocytes,UBE2A,UC_vs_HC,-1.6227,0.0011602
Colonocytes__RPL39__UC_vs_HC,Colonocytes,RPL39,UC_vs_HC,-1.3524,0.00069909
Colonocytes__NDUFA1__UC_vs_HC,Colonocytes,NDUFA1,UC_vs_HC,-1.0164,0.0019754
Colonocytes__SSR4__UC_vs_HC,Colonocytes,SSR4,UC_vs_HC,1.0313,0.0086806
Colonocytes__PLXNA3__UC_vs_HC,Colonocytes,PLXNA3,UC_vs_HC,1.4969,0.019926
Colonocytes__DEFB4A__UC_vs_HC,Colonocytes,DEFB4A,UC_vs_HC,9.6322,0.00060945
Colonocytes__SLC25A37__UC_vs_HC,Colonocytes,SLC25A37,UC_vs_HC,3.2751,2.0055e-12
Colonocytes__BNIP3L__UC_vs_HC,Colonocytes,BNIP3L,UC_vs_HC,1.9096,0.0020163
Colonocytes__ADAM9__UC_vs_HC,Colonocytes,ADAM9,UC_vs_HC,2.5276,1.6171e-07
Colonocytes__IDO1__UC_vs_HC,Colonocytes,IDO1,UC_vs_HC,6.928,0.021749
Colonocytes__TCIM__UC_vs_HC,Colonocytes,TCIM,UC_vs_HC,2.7388,0.013868
Colonocytes__LYN__UC_vs_HC,Colonocytes,LYN,UC_vs_HC,2.5028,0.0042668
Colonocytes__SDR16C5__UC_vs_HC,Colonocytes,SDR16C5,UC_vs_HC,3.7954,0.00062914
Colonocytes__SDCBP__UC_vs_HC,Colonocytes,SDCBP,UC_vs_HC,1.1143,0.008627
Colonocytes__CHD7__UC_vs_HC,Colonocytes,CHD7,UC_vs_HC,1.8756,0.0011825
Colonocytes__ASPH__UC_vs_HC,Colonocytes,ASPH,UC_vs_HC,1.9261,4.7338e-05
Colonocytes__FABP5__UC_vs_HC,Colonocytes,FABP5,UC_vs_HC,-3.3359,6.4122e-05
Colonocytes__C8orf59__UC_vs_HC,Colonocytes,C8orf59,UC_vs_HC,-1.5489,0.049293
Colonocytes__CA1__UC_vs_HC,Colonocytes,CA1,UC_vs_HC,-3.2811,2.482e-05
Colonocytes__CA2__UC_vs_HC,Colonocytes,CA2,UC_vs_HC,-1.4601,0.00015138
Colonocytes__OTUD6B-AS1__UC_vs_HC,Colonocytes,OTUD6B-AS1,UC_vs_HC,-1.7338,0.020468
Colonocytes__UQCRB__UC_vs_HC,Colonocytes,UQCRB,UC_vs_HC,-1.2765,0.0020451
Colonocytes__COX6C__UC_vs_HC,Colonocytes,COX6C,UC_vs_HC,-1.5363,0.0016036
Colonocytes__POLR2K__UC_vs_HC,Colonocytes,POLR2K,UC_vs_HC,-1.6615,0.043563
Colonocytes__KLF10__UC_vs_HC,Colonocytes,KLF10,UC_vs_HC,-1.6737,0.017671
Colonocytes__NDUFB9__UC_vs_HC,Colonocytes,NDUFB9,UC_vs_HC,-1.3157,0.0058117
Colonocytes__ST3GAL1__UC_vs_HC,Colonocytes,ST3GAL1,UC_vs_HC,6.6231,4.9565e-05
Colonocytes__MROH6__UC_vs_HC,Colonocytes,MROH6,UC_vs_HC,2.1038,0.028101
Colonocytes__TSTA3__UC_vs_HC,Colonocytes,TSTA3,UC_vs_HC,1.6077,0.0014603
Colonocytes__PLEC__UC_vs_HC,Colonocytes,PLEC,UC_vs_HC,1.0249,0.041348
Colonocytes__GRINA__UC_vs_HC,Colonocytes,GRINA,UC_vs_HC,1.5396,0.014554
Colonocytes__NFIB__UC_vs_HC,Colonocytes,NFIB,UC_vs_HC,1.7227,0.047098
Colonocytes__CDKN2B-AS1__UC_vs_HC,Colonocytes,CDKN2B-AS1,UC_vs_HC,-3.9463,2.101e-07
Colonocytes__CHMP5__UC_vs_HC,Colonocytes,CHMP5,UC_vs_HC,-1.2746,0.028101
Colonocytes__AQP7__UC_vs_HC,Colonocytes,AQP7,UC_vs_HC,-3.3087,0.0022823
Colonocytes__RPP25L__UC_vs_HC,Colonocytes,RPP25L,UC_vs_HC,-2.1173,0.020872
Colonocytes__DCTN3__UC_vs_HC,Colonocytes,DCTN3,UC_vs_HC,-1.4678,0.023447
Colonocytes__FAM214B__UC_vs_HC,Colonocytes,FAM214B,UC_vs_HC,1.6344,0.024744
Colonocytes__CCDC107__UC_vs_HC,Colonocytes,CCDC107,UC_vs_HC,1.531,0.013793
Colonocytes__SHB__UC_vs_HC,Colonocytes,SHB,UC_vs_HC,2.3264,0.0094935
Colonocytes__FAM95B1__UC_vs_HC,Colonocytes,FAM95B1,UC_vs_HC,-3.0269,0.022958
Colonocytes__ANXA1__UC_vs_HC,Colonocytes,ANXA1,UC_vs_HC,6.1279,5.3283e-08
Colonocytes__TRPM6__UC_vs_HC,Colonocytes,TRPM6,UC_vs_HC,-2.5852,0.00012634
Colonocytes__PRUNE2__UC_vs_HC,Colonocytes,PRUNE2,UC_vs_HC,2.2886,0.034061
Colonocytes__RASEF__UC_vs_HC,Colonocytes,RASEF,UC_vs_HC,1.6812,0.020872
Colonocytes__GOLM1__UC_vs_HC,Colonocytes,GOLM1,UC_vs_HC,1.6279,0.00017263
Colonocytes__TSTD2__UC_vs_HC,Colonocytes,TSTD2,UC_vs_HC,-2.7166,0.029317
Colonocytes__CORO2A__UC_vs_HC,Colonocytes,CORO2A,UC_vs_HC,1.2146,0.024685
Colonocytes__STOM__UC_vs_HC,Colonocytes,STOM,UC_vs_HC,2.1231,0.025292
Colonocytes__HSPA5__UC_vs_HC,Colonocytes,HSPA5,UC_vs_HC,1.3039,0.0031036
Colonocytes__LCN2__UC_vs_HC,Colonocytes,LCN2,UC_vs_HC,6.7217,1.9668e-13
Colonocytes__TOR1B__UC_vs_HC,Colonocytes,TOR1B,UC_vs_HC,1.8582,0.028434
Colonocytes__C9orf78__UC_vs_HC,Colonocytes,C9orf78,UC_vs_HC,-1.3776,0.033528
Colonocytes__ASS1__UC_vs_HC,Colonocytes,ASS1,UC_vs_HC,1.9133,0.011362
Colonocytes__SETX__UC_vs_HC,Colonocytes,SETX,UC_vs_HC,1.5242,0.0034502
Colonocytes__C8G__UC_vs_HC,Colonocytes,C8G,UC_vs_HC,-2.3598,0.037542
Colonocytes__TUBB4B__UC_vs_HC,Colonocytes,TUBB4B,UC_vs_HC,-1.1623,0.044557
Colonocytes__ENTPD8__UC_vs_HC,Colonocytes,ENTPD8,UC_vs_HC,-1.0847,0.029881
Colonocytes__RASSF7__UC_vs_HC,Colonocytes,RASSF7,UC_vs_HC,1.1779,0.021416
Colonocytes__MUC5B__UC_vs_HC,Colonocytes,MUC5B,UC_vs_HC,5.2098,1.3179e-07
Colonocytes__KCNQ1__UC_vs_HC,Colonocytes,KCNQ1,UC_vs_HC,2.0123,0.027043
Colonocytes__SLC22A18AS__UC_vs_HC,Colonocytes,SLC22A18AS,UC_vs_HC,-2.0155,0.006933
Colonocytes__ST5__UC_vs_HC,Colonocytes,ST5,UC_vs_HC,2.5634,0.0014209
Colonocytes__SWAP70__UC_vs_HC,Colonocytes,SWAP70,UC_vs_HC,1.5596,0.027249
Colonocytes__TEAD1__UC_vs_HC,Colonocytes,TEAD1,UC_vs_HC,1.9,0.043046
Colonocytes__NUCB2__UC_vs_HC,Colonocytes,NUCB2,UC_vs_HC,2.8698,0.00015037
Colonocytes__SAA2__UC_vs_HC,Colonocytes,SAA2,UC_vs_HC,4.6273,0.0034195
Colonocytes__SAA1__UC_vs_HC,Colonocytes,SAA1,UC_vs_HC,5.8344,0.0042668
Colonocytes__CD59__UC_vs_HC,Colonocytes,CD59,UC_vs_HC,1.7171,0.011489
Colonocytes__APIP__UC_vs_HC,Colonocytes,APIP,UC_vs_HC,2.4989,0.0005492
Colonocytes__CD44__UC_vs_HC,Colonocytes,CD44,UC_vs_HC,3.2329,0.028369
Colonocytes__CREB3L1__UC_vs_HC,Colonocytes,CREB3L1,UC_vs_HC,2.2312,0.009225
Colonocytes__TNKS1BP1__UC_vs_HC,Colonocytes,TNKS1BP1,UC_vs_HC,1.5758,0.00044048
Colonocytes__MS4A12__UC_vs_HC,Colonocytes,MS4A12,UC_vs_HC,-2.7588,1.6974e-05
Colonocytes__CYB561A3__UC_vs_HC,Colonocytes,CYB561A3,UC_vs_HC,-1.5198,0.048729
Colonocytes__FTH1__UC_vs_HC,Colonocytes,FTH1,UC_vs_HC,-2.2394,0.014399
Colonocytes__UQCC3__UC_vs_HC,Colonocytes,UQCC3,UC_vs_HC,-2.3788,0.021393
Colonocytes__UBXN1__UC_vs_HC,Colonocytes,UBXN1,UC_vs_HC,-2.0284,1.6113e-05
Colonocytes__RARRES3__UC_vs_HC,Colonocytes,RARRES3,UC_vs_HC,-1.9734,9.0764e-05
Colonocytes__COX8A__UC_vs_HC,Colonocytes,COX8A,UC_vs_HC,-1.3415,4.9978e-06
Colonocytes__CCDC88B__UC_vs_HC,Colonocytes,CCDC88B,UC_vs_HC,3.1157,1.6671e-05
Colonocytes__PPP2R5B__UC_vs_HC,Colonocytes,PPP2R5B,UC_vs_HC,1.9921,0.0038665
Colonocytes__ARL2__UC_vs_HC,Colonocytes,ARL2,UC_vs_HC,-2.4016,0.0021186
Colonocytes__NAALADL1__UC_vs_HC,Colonocytes,NAALADL1,UC_vs_HC,-4.6452,0.016256
Colonocytes__FAU__UC_vs_HC,Colonocytes,FAU,UC_vs_HC,-1.1881,2.5492e-06
Colonocytes__CDC42EP2__UC_vs_HC,Colonocytes,CDC42EP2,UC_vs_HC,3.5685,0.003478
Colonocytes__ALDH3B1__UC_vs_HC,Colonocytes,ALDH3B1,UC_vs_HC,3.7297,0.007852
Colonocytes__TCIRG1__UC_vs_HC,Colonocytes,TCIRG1,UC_vs_HC,1.0882,0.045778
Colonocytes__LAMTOR1__UC_vs_HC,Colonocytes,LAMTOR1,UC_vs_HC,-1.5051,0.00258
Colonocytes__KCNE3__UC_vs_HC,Colonocytes,KCNE3,UC_vs_HC,4.7633,0.011489
Colonocytes__AAMDC__UC_vs_HC,Colonocytes,AAMDC,UC_vs_HC,-1.7221,0.013727
Colonocytes__CASP5__UC_vs_HC,Colonocytes,CASP5,UC_vs_HC,2.6912,9.0424e-06
Colonocytes__CASP1__UC_vs_HC,Colonocytes,CASP1,UC_vs_HC,2.2309,0.009049
Colonocytes__TIMM8B__UC_vs_HC,Colonocytes,TIMM8B,UC_vs_HC,-1.1442,0.049293
Colonocytes__IL18__UC_vs_HC,Colonocytes,IL18,UC_vs_HC,1.0884,0.021412
Colonocytes__BCL9L__UC_vs_HC,Colonocytes,BCL9L,UC_vs_HC,2.3201,0.0030211
Colonocytes__HYOU1__UC_vs_HC,Colonocytes,HYOU1,UC_vs_HC,1.7039,0.0087038
Colonocytes__PDZD3__UC_vs_HC,Colonocytes,PDZD3,UC_vs_HC,-1.1122,0.045998
Colonocytes__TRIM29__UC_vs_HC,Colonocytes,TRIM29,UC_vs_HC,4.3725,0.00053839
Colonocytes__OAF__UC_vs_HC,Colonocytes,OAF,UC_vs_HC,-2.5444,0.00012759
Colonocytes__TBRG1__UC_vs_HC,Colonocytes,TBRG1,UC_vs_HC,-1.5012,0.045838
Colonocytes__ETS1__UC_vs_HC,Colonocytes,ETS1,UC_vs_HC,1.8274,0.049293
Colonocytes__ARHGAP21__UC_vs_HC,Colonocytes,ARHGAP21,UC_vs_HC,1.2126,0.017854
Colonocytes__SVIL__UC_vs_HC,Colonocytes,SVIL,UC_vs_HC,1.5798,0.008387
Colonocytes__MAP3K8__UC_vs_HC,Colonocytes,MAP3K8,UC_vs_HC,2.7727,0.0041745
Colonocytes__MAPK8__UC_vs_HC,Colonocytes,MAPK8,UC_vs_HC,1.4071,0.049293
Colonocytes__SGMS1__UC_vs_HC,Colonocytes,SGMS1,UC_vs_HC,4.3817,0.00016145
Colonocytes__A1CF__UC_vs_HC,Colonocytes,A1CF,UC_vs_HC,-1.3731,0.020212
Colonocytes__ANK3__UC_vs_HC,Colonocytes,ANK3,UC_vs_HC,-2.2043,0.010639
Colonocytes__HERC4__UC_vs_HC,Colonocytes,HERC4,UC_vs_HC,1.3982,0.0058117
Colonocytes__HNRNPH3__UC_vs_HC,Colonocytes,HNRNPH3,UC_vs_HC,-1.4479,0.0042668
Colonocytes__EIF4EBP2__UC_vs_HC,Colonocytes,EIF4EBP2,UC_vs_HC,-1.2715,0.013662
Colonocytes__VSIR__UC_vs_HC,Colonocytes,VSIR,UC_vs_HC,-1.604,0.017278
Colonocytes__ADIRF__UC_vs_HC,Colonocytes,ADIRF,UC_vs_HC,-2.0573,0.0083664
Colonocytes__SLC35G1__UC_vs_HC,Colonocytes,SLC35G1,UC_vs_HC,-3.6433,0.0095601
Colonocytes__PDLIM1__UC_vs_HC,Colonocytes,PDLIM1,UC_vs_HC,-1.0302,0.049293
Colonocytes__ALDH18A1__UC_vs_HC,Colonocytes,ALDH18A1,UC_vs_HC,-2.159,0.0034266
Colonocytes__TM9SF3__UC_vs_HC,Colonocytes,TM9SF3,UC_vs_HC,1.1616,0.0070435
Colonocytes__SLC25A28__UC_vs_HC,Colonocytes,SLC25A28,UC_vs_HC,2.1701,0.043185
Colonocytes__ENTPD7__UC_vs_HC,Colonocytes,ENTPD7,UC_vs_HC,2.5385,0.039638
Colonocytes__ERLIN1__UC_vs_HC,Colonocytes,ERLIN1,UC_vs_HC,1.8618,0.0033857
Colonocytes__NDUFB8__UC_vs_HC,Colonocytes,NDUFB8,UC_vs_HC,-1.1001,0.04233
Colonocytes__ATP5MD__UC_vs_HC,Colonocytes,ATP5MD,UC_vs_HC,-1.5454,0.0006406
Colonocytes__PDCD4__UC_vs_HC,Colonocytes,PDCD4,UC_vs_HC,-1.8747,6.1804e-06
Colonocytes__ABLIM1__UC_vs_HC,Colonocytes,ABLIM1,UC_vs_HC,1.4306,0.040378
Colonocytes__BAG3__UC_vs_HC,Colonocytes,BAG3,UC_vs_HC,2.0889,0.0088471
Colonocytes__DMBT1__UC_vs_HC,Colonocytes,DMBT1,UC_vs_HC,2.9687,0.0094482
Colonocytes__BNIP3__UC_vs_HC,Colonocytes,BNIP3,UC_vs_HC,4.8075,0.00073309
Colonocytes__PRAP1__UC_vs_HC,Colonocytes,PRAP1,UC_vs_HC,-2.0554,0.045062
Colonocytes__ERC1__UC_vs_HC,Colonocytes,ERC1,UC_vs_HC,1.6096,0.037512
Colonocytes__CD9__UC_vs_HC,Colonocytes,CD9,UC_vs_HC,-1.0566,0.0075119
Colonocytes__MRPL51__UC_vs_HC,Colonocytes,MRPL51,UC_vs_HC,-1.496,0.010203
Colonocytes__STYK1__UC_vs_HC,Colonocytes,STYK1,UC_vs_HC,1.4042,0.012269
Colonocytes__HEBP1__UC_vs_HC,Colonocytes,HEBP1,UC_vs_HC,-2.9344,0.049293
Colonocytes__EMP1__UC_vs_HC,Colonocytes,EMP1,UC_vs_HC,-1.3118,0.016256
Colonocytes__LINC01559__UC_vs_HC,Colonocytes,LINC01559,UC_vs_HC,-1.9188,0.0044135
Colonocytes__RND1__UC_vs_HC,Colonocytes,RND1,UC_vs_HC,1.792,0.018049
Colonocytes__COX14__UC_vs_HC,Colonocytes,COX14,UC_vs_HC,-1.7627,0.008311
Colonocytes__KRT7__UC_vs_HC,Colonocytes,KRT7,UC_vs_HC,7.2129,0.00011039
Colonocytes__PFDN5__UC_vs_HC,Colonocytes,PFDN5,UC_vs_HC,-1.251,0.01025
Colonocytes__ATP5MC2__UC_vs_HC,Colonocytes,ATP5MC2,UC_vs_HC,-1.4222,0.0083664
Colonocytes__BLOC1S1__UC_vs_HC,Colonocytes,BLOC1S1,UC_vs_HC,-1.0886,0.001423
Colonocytes__RDH5__UC_vs_HC,Colonocytes,RDH5,UC_vs_HC,-1.997,0.039714
Colonocytes__RPS26__UC_vs_HC,Colonocytes,RPS26,UC_vs_HC,-1.8507,7.3591e-06
Colonocytes__MYL6__UC_vs_HC,Colonocytes,MYL6,UC_vs_HC,-1.0464,0.0022055
Colonocytes__SLC39A5__UC_vs_HC,Colonocytes,SLC39A5,UC_vs_HC,-1.6163,0.028119
Colonocytes__PTGES3__UC_vs_HC,Colonocytes,PTGES3,UC_vs_HC,-1.1896,0.0075119
Colonocytes__LYZ__UC_vs_HC,Colonocytes,LYZ,UC_vs_HC,2.8218,0.042439
Colonocytes__DUSP6__UC_vs_HC,Colonocytes,DUSP6,UC_vs_HC,1.5297,0.049293
Colonocytes__NDUFA12__UC_vs_HC,Colonocytes,NDUFA12,UC_vs_HC,-1.3987,0.021578
Colonocytes__NR2C1__UC_vs_HC,Colonocytes,NR2C1,UC_vs_HC,2.6722,0.038914
Colonocytes__SNRPF__UC_vs_HC,Colonocytes,SNRPF,UC_vs_HC,-2.8524,0.031804
Colonocytes__APAF1__UC_vs_HC,Colonocytes,APAF1,UC_vs_HC,1.4686,0.03648
Colonocytes__HSP90B1__UC_vs_HC,Colonocytes,HSP90B1,UC_vs_HC,1.5921,7.1233e-05
Colonocytes__APPL2__UC_vs_HC,Colonocytes,APPL2,UC_vs_HC,-1.2022,0.0034266
Colonocytes__CKAP4__UC_vs_HC,Colonocytes,CKAP4,UC_vs_HC,3.2377,7.2809e-07
Colonocytes__TMEM263__UC_vs_HC,Colonocytes,TMEM263,UC_vs_HC,2.6555,0.011166
Colonocytes__COX6A1__UC_vs_HC,Colonocytes,COX6A1,UC_vs_HC,-1.5734,8.5878e-06
Colonocytes__DYNLL1__UC_vs_HC,Colonocytes,DYNLL1,UC_vs_HC,-1.1009,0.0081445
Colonocytes__ACADS__UC_vs_HC,Colonocytes,ACADS,UC_vs_HC,-1.7818,0.046752
Colonocytes__CLIP1__UC_vs_HC,Colonocytes,CLIP1,UC_vs_HC,1.0019,0.0088417
Colonocytes__DNAJC15__UC_vs_HC,Colonocytes,DNAJC15,UC_vs_HC,-1.5692,0.0057011
Colonocytes__SMIM2-AS1__UC_vs_HC,Colonocytes,SMIM2-AS1,UC_vs_HC,-1.4724,0.027648
Colonocytes__OLFM4__UC_vs_HC,Colonocytes,OLFM4,UC_vs_HC,7.0331,6.9671e-07
Colonocytes__COMMD6__UC_vs_HC,Colonocytes,COMMD6,UC_vs_HC,-1.3485,0.0081021
Colonocytes__IRS2__UC_vs_HC,Colonocytes,IRS2,UC_vs_HC,1.0036,0.033216
Colonocytes__GRTP1__UC_vs_HC,Colonocytes,GRTP1,UC_vs_HC,-1.6028,0.040639
Colonocytes__MRPL52__UC_vs_HC,Colonocytes,MRPL52,UC_vs_HC,-1.3794,0.023389
Colonocytes__MMP14__UC_vs_HC,Colonocytes,MMP14,UC_vs_HC,2.3631,0.028938
Colonocytes__EAPP__UC_vs_HC,Colonocytes,EAPP,UC_vs_HC,-1.7994,0.010617
Colonocytes__PSMA6__UC_vs_HC,Colonocytes,PSMA6,UC_vs_HC,1.6378,0.0043089
Colonocytes__RPS29__UC_vs_HC,Colonocytes,RPS29,UC_vs_HC,-1.421,0.0005492
Colonocytes__MAP4K5__UC_vs_HC,Colonocytes,MAP4K5,UC_vs_HC,1.6747,0.0015278
Colonocytes__ERO1A__UC_vs_HC,Colonocytes,ERO1A,UC_vs_HC,3.6663,1.3853e-07
Colonocytes__AL133453.1__UC_vs_HC,Colonocytes,AL133453.1,UC_vs_HC,2.4057,0.045838
Colonocytes__GNPNAT1__UC_vs_HC,Colonocytes,GNPNAT1,UC_vs_HC,2.1293,0.037363
Colonocytes__HIF1A__UC_vs_HC,Colonocytes,HIF1A,UC_vs_HC,2.3976,4.6984e-06
Colonocytes__GPX2__UC_vs_HC,Colonocytes,GPX2,UC_vs_HC,2.4311,0.0066764
Colonocytes__MAX__UC_vs_HC,Colonocytes,MAX,UC_vs_HC,-1.2817,0.024517
Colonocytes__RDH11__UC_vs_HC,Colonocytes,RDH11,UC_vs_HC,1.9032,0.014877
Colonocytes__ACTN1__UC_vs_HC,Colonocytes,ACTN1,UC_vs_HC,2.3912,0.023382
Colonocytes__SRSF5__UC_vs_HC,Colonocytes,SRSF5,UC_vs_HC,-1.194,0.01238
Colonocytes__SIPA1L1__UC_vs_HC,Colonocytes,SIPA1L1,UC_vs_HC,1.692,0.010895
Colonocytes__ENTPD5__UC_vs_HC,Colonocytes,ENTPD5,UC_vs_HC,-1.0488,0.035741
Colonocytes__TMED8__UC_vs_HC,Colonocytes,TMED8,UC_vs_HC,2.896,0.024722
Colonocytes__SLIRP__UC_vs_HC,Colonocytes,SLIRP,UC_vs_HC,-1.2472,0.016976
Colonocytes__CATSPERB__UC_vs_HC,Colonocytes,CATSPERB,UC_vs_HC,5.0869,2.2648e-05
Colonocytes__TC2N__UC_vs_HC,Colonocytes,TC2N,UC_vs_HC,2.6916,1.2656e-05
Colonocytes__NDUFB1__UC_vs_HC,Colonocytes,NDUFB1,UC_vs_HC,-1.9184,0.00013865
Colonocytes__SERPINA1__UC_vs_HC,Colonocytes,SERPINA1,UC_vs_HC,2.2414,0.022063
Colonocytes__DIO3OS__UC_vs_HC,Colonocytes,DIO3OS,UC_vs_HC,-2.3699,0.039714
Colonocytes__PPP2R5C__UC_vs_HC,Colonocytes,PPP2R5C,UC_vs_HC,1.1064,0.046553
Colonocytes__ATP5MPL__UC_vs_HC,Colonocytes,ATP5MPL,UC_vs_HC,-1.3377,0.00043156
Colonocytes__IGHG4__UC_vs_HC,Colonocytes,IGHG4,UC_vs_HC,3.893,0.015249
Colonocytes__IGHG1__UC_vs_HC,Colonocytes,IGHG1,UC_vs_HC,4.0518,0.0017832
Colonocytes__IGHG3__UC_vs_HC,Colonocytes,IGHG3,UC_vs_HC,5.0673,0.00053286
Colonocytes__THBS1__UC_vs_HC,Colonocytes,THBS1,UC_vs_HC,-1.7361,0.038255
Colonocytes__PPP1R14D__UC_vs_HC,Colonocytes,PPP1R14D,UC_vs_HC,-1.1502,0.020521
Colonocytes__SPINT1-AS1__UC_vs_HC,Colonocytes,SPINT1-AS1,UC_vs_HC,-2.1672,0.025825
Colonocytes__CKMT1A__UC_vs_HC,Colonocytes,CKMT1A,UC_vs_HC,-1.6715,0.045175
Colonocytes__PDIA3__UC_vs_HC,Colonocytes,PDIA3,UC_vs_HC,1.8873,0.00016098
Colonocytes__SORD__UC_vs_HC,Colonocytes,SORD,UC_vs_HC,2.8538,0.0081021
Colonocytes__DUOX2__UC_vs_HC,Colonocytes,DUOX2,UC_vs_HC,5.3246,7.3407e-08
Colonocytes__DUOXA2__UC_vs_HC,Colonocytes,DUOXA2,UC_vs_HC,6.1762,3.8263e-07
Colonocytes__GNB5__UC_vs_HC,Colonocytes,GNB5,UC_vs_HC,2.6665,0.017169
Colonocytes__MYO5C__UC_vs_HC,Colonocytes,MYO5C,UC_vs_HC,1.8616,0.0032284
Colonocytes__GTF2A2__UC_vs_HC,Colonocytes,GTF2A2,UC_vs_HC,-1.4957,0.010095
Colonocytes__SLC51B__UC_vs_HC,Colonocytes,SLC51B,UC_vs_HC,-2.0843,0.0014057
Colonocytes__TLE3__UC_vs_HC,Colonocytes,TLE3,UC_vs_HC,-2.497,0.0011602
Colonocytes__PKM__UC_vs_HC,Colonocytes,PKM,UC_vs_HC,2.1214,1.0191e-07
Colonocytes__TBC1D2B__UC_vs_HC,Colonocytes,TBC1D2B,UC_vs_HC,3.038,0.0067465
Colonocytes__MRPS11__UC_vs_HC,Colonocytes,MRPS11,UC_vs_HC,-1.6419,0.048449
Colonocytes__ABHD2__UC_vs_HC,Colonocytes,ABHD2,UC_vs_HC,1.2153,0.01345
Colonocytes__HBA1__UC_vs_HC,Colonocytes,HBA1,UC_vs_HC,6.1021,0.044557
Colonocytes__MCRIP2__UC_vs_HC,Colonocytes,MCRIP2,UC_vs_HC,-1.828,0.044953
Colonocytes__GFER__UC_vs_HC,Colonocytes,GFER,UC_vs_HC,-1.5732,0.049874
Colonocytes__ZG16B__UC_vs_HC,Colonocytes,ZG16B,UC_vs_HC,2.9005,1.6946e-05
Colonocytes__PRSS22__UC_vs_HC,Colonocytes,PRSS22,UC_vs_HC,7.0789,0.00035238
Colonocytes__IL32__UC_vs_HC,Colonocytes,IL32,UC_vs_HC,-1.9608,0.00020607
Colonocytes__EMP2__UC_vs_HC,Colonocytes,EMP2,UC_vs_HC,1.5341,0.024637
Colonocytes__TMC5__UC_vs_HC,Colonocytes,TMC5,UC_vs_HC,2.0869,4.6984e-06
Colonocytes__CHP2__UC_vs_HC,Colonocytes,CHP2,UC_vs_HC,-2.8994,0.00015095
Colonocytes__AQP8__UC_vs_HC,Colonocytes,AQP8,UC_vs_HC,-5.4195,4.5836e-08
Colonocytes__NUPR1__UC_vs_HC,Colonocytes,NUPR1,UC_vs_HC,3.3644,0.00038306
Colonocytes__SULT1A2__UC_vs_HC,Colonocytes,SULT1A2,UC_vs_HC,-2.5003,2.3789e-05
Colonocytes__MT2A__UC_vs_HC,Colonocytes,MT2A,UC_vs_HC,-4.3365,1.2844e-12
Colonocytes__MT1E__UC_vs_HC,Colonocytes,MT1E,UC_vs_HC,-4.2507,4.1189e-13
Colonocytes__MT1M__UC_vs_HC,Colonocytes,MT1M,UC_vs_HC,-6.146,6.9671e-07
Colonocytes__MT1F__UC_vs_HC,Colonocytes,MT1F,UC_vs_HC,-5.8935,5.4161e-07
Colonocytes__MT1G__UC_vs_HC,Colonocytes,MT1G,UC_vs_HC,-5.8917,1.6535e-13
Colonocytes__MT1H__UC_vs_HC,Colonocytes,MT1H,UC_vs_HC,-6.6039,3.0517e-08
Colonocytes__MT1X__UC_vs_HC,Colonocytes,MT1X,UC_vs_HC,-5.6263,1.0204e-07
Colonocytes__FAM96B__UC_vs_HC,Colonocytes,FAM96B,UC_vs_HC,-1.7535,0.0013776
Colonocytes__NOL3__UC_vs_HC,Colonocytes,NOL3,UC_vs_HC,2.4095,0.039714
Colonocytes__CYB5B__UC_vs_HC,Colonocytes,CYB5B,UC_vs_HC,-1.2333,0.0086618
Colonocytes__PHLPP2__UC_vs_HC,Colonocytes,PHLPP2,UC_vs_HC,-2.1838,0.00017431
Colonocytes__CFDP1__UC_vs_HC,Colonocytes,CFDP1,UC_vs_HC,-1.7957,0.00061336
Colonocytes__HSD17B2__UC_vs_HC,Colonocytes,HSD17B2,UC_vs_HC,-2.9219,0.00016145
Colonocytes__COX4I1__UC_vs_HC,Colonocytes,COX4I1,UC_vs_HC,-1.1972,0.00022006
Colonocytes__ATP2A3__UC_vs_HC,Colonocytes,ATP2A3,UC_vs_HC,1.3496,0.020632
Colonocytes__SPNS2__UC_vs_HC,Colonocytes,SPNS2,UC_vs_HC,3.5096,0.031995
Colonocytes__TM4SF5__UC_vs_HC,Colonocytes,TM4SF5,UC_vs_HC,-2.6939,0.022171
Colonocytes__SPAG7__UC_vs_HC,Colonocytes,SPAG7,UC_vs_HC,-1.6024,0.019909
Colonocytes__KCTD11__UC_vs_HC,Colonocytes,KCTD11,UC_vs_HC,3.0206,0.0010873
Colonocytes__TRAPPC1__UC_vs_HC,Colonocytes,TRAPPC1,UC_vs_HC,-1.4634,0.016803
Colonocytes__MAPK7__UC_vs_HC,Colonocytes,MAPK7,UC_vs_HC,1.6864,0.011655
Colonocytes__SPECC1__UC_vs_HC,Colonocytes,SPECC1,UC_vs_HC,1.1717,0.049448
Colonocytes__NOS2__UC_vs_HC,Colonocytes,NOS2,UC_vs_HC,5.5144,6.668e-07
Colonocytes__TMIGD1__UC_vs_HC,Colonocytes,TMIGD1,UC_vs_HC,-3.1652,7.198e-07
Colonocytes__MYO1D__UC_vs_HC,Colonocytes,MYO1D,UC_vs_HC,-1.2337,0.024845
Colonocytes__DHRS11__UC_vs_HC,Colonocytes,DHRS11,UC_vs_HC,-1.6309,0.0011602
Colonocytes__MIEN1__UC_vs_HC,Colonocytes,MIEN1,UC_vs_HC,-1.9691,0.00035258
Colonocytes__KRT19__UC_vs_HC,Colonocytes,KRT19,UC_vs_HC,1.4289,2.5409e-05
Colonocytes__EIF1__UC_vs_HC,Colonocytes,EIF1,UC_vs_HC,-1.1579,0.00030368
Colonocytes__HOXB7__UC_vs_HC,Colonocytes,HOXB7,UC_vs_HC,-1.048,0.016275
Colonocytes__LINC02086__UC_vs_HC,Colonocytes,LINC02086,UC_vs_HC,1.9173,0.026775
Colonocytes__ATP5MC1__UC_vs_HC,Colonocytes,ATP5MC1,UC_vs_HC,-1.6214,0.012874
Colonocytes__TMEM92__UC_vs_HC,Colonocytes,TMEM92,UC_vs_HC,4.5305,0.0025644
Colonocytes__LRRC59__UC_vs_HC,Colonocytes,LRRC59,UC_vs_HC,1.1334,0.016976
Colonocytes__ACSF2__UC_vs_HC,Colonocytes,ACSF2,UC_vs_HC,-2.888,0.00053839
Colonocytes__MSI2__UC_vs_HC,Colonocytes,MSI2,UC_vs_HC,1.9462,0.011719
Colonocytes__AXIN2__UC_vs_HC,Colonocytes,AXIN2,UC_vs_HC,2.5117,0.0023169
Colonocytes__SLC9A3R1__UC_vs_HC,Colonocytes,SLC9A3R1,UC_vs_HC,-1.262,0.0033471
Colonocytes__OTOP2__UC_vs_HC,Colonocytes,OTOP2,UC_vs_HC,-4.6467,0.0010331
Colonocytes__ATP5PD__UC_vs_HC,Colonocytes,ATP5PD,UC_vs_HC,-1.1152,0.0034941
Colonocytes__ITGB4__UC_vs_HC,Colonocytes,ITGB4,UC_vs_HC,1.2463,0.0034782
Colonocytes__UNC13D__UC_vs_HC,Colonocytes,UNC13D,UC_vs_HC,1.2029,0.042278
Colonocytes__ACOX1__UC_vs_HC,Colonocytes,ACOX1,UC_vs_HC,-1.1302,0.0025721
Colonocytes__TEN1__UC_vs_HC,Colonocytes,TEN1,UC_vs_HC,-2.379,0.0011735
Colonocytes__TMC6__UC_vs_HC,Colonocytes,TMC6,UC_vs_HC,2.0897,0.011489
Colonocytes__SYNGR2__UC_vs_HC,Colonocytes,SYNGR2,UC_vs_HC,2.1873,8.7256e-10
Colonocytes__SOCS3__UC_vs_HC,Colonocytes,SOCS3,UC_vs_HC,2.8177,0.029656
Colonocytes__P4HB__UC_vs_HC,Colonocytes,P4HB,UC_vs_HC,1.7303,7.8757e-06
Colonocytes__YES1__UC_vs_HC,Colonocytes,YES1,UC_vs_HC,1.1407,0.036468
Colonocytes__LAMA1__UC_vs_HC,Colonocytes,LAMA1,UC_vs_HC,-2.7893,0.020468
Colonocytes__RAB31__UC_vs_HC,Colonocytes,RAB31,UC_vs_HC,3.0714,0.0014209
Colonocytes__OSBPL1A__UC_vs_HC,Colonocytes,OSBPL1A,UC_vs_HC,-1.8086,0.040907
Colonocytes__SERPINB5__UC_vs_HC,Colonocytes,SERPINB5,UC_vs_HC,4.2428,0.0034782
Colonocytes__CYB5A__UC_vs_HC,Colonocytes,CYB5A,UC_vs_HC,-2.3402,0.0011372
Colonocytes__SDCBP2__UC_vs_HC,Colonocytes,SDCBP2,UC_vs_HC,-1.176,0.0052174
Colonocytes__GPCPD1__UC_vs_HC,Colonocytes,GPCPD1,UC_vs_HC,2.73,3.5983e-06
Colonocytes__FERMT1__UC_vs_HC,Colonocytes,FERMT1,UC_vs_HC,2.0352,0.005596
Colonocytes__ESF1__UC_vs_HC,Colonocytes,ESF1,UC_vs_HC,-2.1324,0.004482
Colonocytes__DYNLRB1__UC_vs_HC,Colonocytes,DYNLRB1,UC_vs_HC,-1.1886,0.030353
Colonocytes__TGM2__UC_vs_HC,Colonocytes,TGM2,UC_vs_HC,4.5544,0.027699
Colonocytes__SGK2__UC_vs_HC,Colonocytes,SGK2,UC_vs_HC,-1.9033,0.00016805
Colonocytes__PI3__UC_vs_HC,Colonocytes,PI3,UC_vs_HC,4.4111,7.8074e-08
Colonocytes__SLPI__UC_vs_HC,Colonocytes,SLPI,UC_vs_HC,2.9884,0.00036228
Colonocytes__DNTTIP1__UC_vs_HC,Colonocytes,DNTTIP1,UC_vs_HC,1.5044,0.0066507
Colonocytes__TNNC2__UC_vs_HC,Colonocytes,TNNC2,UC_vs_HC,-3.6575,0.00082836
Colonocytes__ACOT8__UC_vs_HC,Colonocytes,ACOT8,UC_vs_HC,-1.5799,0.011134
Colonocytes__CTSA__UC_vs_HC,Colonocytes,CTSA,UC_vs_HC,-1.4421,0.0054403
Colonocytes__ZNFX1__UC_vs_HC,Colonocytes,ZNFX1,UC_vs_HC,1.7205,0.00086595
Colonocytes__ZFAS1__UC_vs_HC,Colonocytes,ZFAS1,UC_vs_HC,-1.0738,0.0472
Colonocytes__TMEM189__UC_vs_HC,Colonocytes,TMEM189,UC_vs_HC,1.394,0.028101
Colonocytes__PCK1__UC_vs_HC,Colonocytes,PCK1,UC_vs_HC,-3.0353,0.0012024
Colonocytes__ZBP1__UC_vs_HC,Colonocytes,ZBP1,UC_vs_HC,2.3432,0.0079073
Colonocytes__PMEPA1__UC_vs_HC,Colonocytes,PMEPA1,UC_vs_HC,1.3906,0.043119
Colonocytes__ATP5F1E__UC_vs_HC,Colonocytes,ATP5F1E,UC_vs_HC,-1.0288,0.0020039
Colonocytes__OSBPL2__UC_vs_HC,Colonocytes,OSBPL2,UC_vs_HC,1.1311,0.027146
Colonocytes__ARFGAP1__UC_vs_HC,Colonocytes,ARFGAP1,UC_vs_HC,1.3352,0.030543
Colonocytes__TPD52L2__UC_vs_HC,Colonocytes,TPD52L2,UC_vs_HC,1.7402,0.00072549
Colonocytes__MED16__UC_vs_HC,Colonocytes,MED16,UC_vs_HC,1.8817,0.0013655
Colonocytes__ARID3A__UC_vs_HC,Colonocytes,ARID3A,UC_vs_HC,3.3648,0.019259
Colonocytes__CNN2__UC_vs_HC,Colonocytes,CNN2,UC_vs_HC,1.6018,0.026
Colonocytes__SBNO2__UC_vs_HC,Colonocytes,SBNO2,UC_vs_HC,2.5938,8.8665e-05
Colonocytes__UQCR11__UC_vs_HC,Colonocytes,UQCR11,UC_vs_HC,-1.5861,0.0011113
Colonocytes__MKNK2__UC_vs_HC,Colonocytes,MKNK2,UC_vs_HC,-1.2664,0.0076653
Colonocytes__OAZ1__UC_vs_HC,Colonocytes,OAZ1,UC_vs_HC,-1.1272,0.0012235
Colonocytes__GADD45B__UC_vs_HC,Colonocytes,GADD45B,UC_vs_HC,-1.7343,0.0011825
Colonocytes__MFSD12__UC_vs_HC,Colonocytes,MFSD12,UC_vs_HC,2.4477,0.029081
Colonocytes__CREB3L3__UC_vs_HC,Colonocytes,CREB3L3,UC_vs_HC,-3.9574,0.045766
Colonocytes__STAP2__UC_vs_HC,Colonocytes,STAP2,UC_vs_HC,-1.4895,0.00094762
Colonocytes__LRG1__UC_vs_HC,Colonocytes,LRG1,UC_vs_HC,2.5607,0.00045269
Colonocytes__FUT3__UC_vs_HC,Colonocytes,FUT3,UC_vs_HC,1.6999,7.0713e-05
Colonocytes__NDUFA11__UC_vs_HC,Colonocytes,NDUFA11,UC_vs_HC,-1.2607,0.019964
Colonocytes__CD320__UC_vs_HC,Colonocytes,CD320,UC_vs_HC,1.8837,0.033508
Colonocytes__RPS28__UC_vs_HC,Colonocytes,RPS28,UC_vs_HC,-1.51,1.9051e-06
Colonocytes__ANGPTL4__UC_vs_HC,Colonocytes,ANGPTL4,UC_vs_HC,3.8949,6.4122e-05
Colonocytes__UBL5__UC_vs_HC,Colonocytes,UBL5,UC_vs_HC,-1.1871,0.0031112
Colonocytes__KEAP1__UC_vs_HC,Colonocytes,KEAP1,UC_vs_HC,1.2729,0.048354
Colonocytes__AP1M2__UC_vs_HC,Colonocytes,AP1M2,UC_vs_HC,-1.2099,0.037336
Colonocytes__WDR83OS__UC_vs_HC,Colonocytes,WDR83OS,UC_vs_HC,-1.3288,0.04016
Colonocytes__CALR__UC_vs_HC,Colonocytes,CALR,UC_vs_HC,1.019,0.00041764
Colonocytes__TPM4__UC_vs_HC,Colonocytes,TPM4,UC_vs_HC,1.4848,5.0968e-10
Colonocytes__KLF2__UC_vs_HC,Colonocytes,KLF2,UC_vs_HC,2.2125,0.013074
Colonocytes__SMIM7__UC_vs_HC,Colonocytes,SMIM7,UC_vs_HC,-1.2132,0.044414
Colonocytes__MYO9B__UC_vs_HC,Colonocytes,MYO9B,UC_vs_HC,1.393,0.0070435
Colonocytes__GPI__UC_vs_HC,Colonocytes,GPI,UC_vs_HC,1.4684,0.010868
Colonocytes__FXYD3__UC_vs_HC,Colonocytes,FXYD3,UC_vs_HC,-1.6558,0.016944
Colonocytes__LGI4__UC_vs_HC,Colonocytes,LGI4,UC_vs_HC,-3.3584,0.0030296
Colonocytes__FXYD1__UC_vs_HC,Colonocytes,FXYD1,UC_vs_HC,-4.0631,0.007191
Colonocytes__POLR2I__UC_vs_HC,Colonocytes,POLR2I,UC_vs_HC,-1.8049,0.0039218
Colonocytes__KCNK6__UC_vs_HC,Colonocytes,KCNK6,UC_vs_HC,1.333,4.9222e-06
Colonocytes__EIF3K__UC_vs_HC,Colonocytes,EIF3K,UC_vs_HC,-1.0938,0.031699
Colonocytes__LGALS4__UC_vs_HC,Colonocytes,LGALS4,UC_vs_HC,-1.2636,0.00052064
Colonocytes__ECH1__UC_vs_HC,Colonocytes,ECH1,UC_vs_HC,-1.8027,0.0024441
Colonocytes__B3GNT8__UC_vs_HC,Colonocytes,B3GNT8,UC_vs_HC,-2.8537,0.0074694
Colonocytes__CEACAM6__UC_vs_HC,Colonocytes,CEACAM6,UC_vs_HC,2.0504,0.002028
Colonocytes__ETHE1__UC_vs_HC,Colonocytes,ETHE1,UC_vs_HC,-1.4732,0.00037815
Colonocytes__KCNN4__UC_vs_HC,Colonocytes,KCNN4,UC_vs_HC,2.963,0.008629
Colonocytes__LYPD5__UC_vs_HC,Colonocytes,LYPD5,UC_vs_HC,3.6166,0.011699
Colonocytes__NECTIN2__UC_vs_HC,Colonocytes,NECTIN2,UC_vs_HC,1.048,0.0265
Colonocytes__PPP1R13L__UC_vs_HC,Colonocytes,PPP1R13L,UC_vs_HC,1.7841,0.026967
Colonocytes__FOXA3__UC_vs_HC,Colonocytes,FOXA3,UC_vs_HC,2.1927,0.00015006
Colonocytes__FTL__UC_vs_HC,Colonocytes,FTL,UC_vs_HC,-2.0423,0.00025797
Colonocytes__FCGRT__UC_vs_HC,Colonocytes,FCGRT,UC_vs_HC,-2.531,8.4203e-05
Colonocytes__SPIB__UC_vs_HC,Colonocytes,SPIB,UC_vs_HC,-3.0601,0.0059933
Colonocytes__EPS8L1__UC_vs_HC,Colonocytes,EPS8L1,UC_vs_HC,2.5386,0.0016629
Colonocytes__PEX26__UC_vs_HC,Colonocytes,PEX26,UC_vs_HC,-1.2905,0.0040745
Colonocytes__SLC5A1__UC_vs_HC,Colonocytes,SLC5A1,UC_vs_HC,2.7968,0.0014546
Colonocytes__RASD2__UC_vs_HC,Colonocytes,RASD2,UC_vs_HC,3.219,0.002936
Colonocytes__APOL2__UC_vs_HC,Colonocytes,APOL2,UC_vs_HC,1.5475,0.033508
Colonocytes__APOL1__UC_vs_HC,Colonocytes,APOL1,UC_vs_HC,2.8697,0.0019314
Colonocytes__TST__UC_vs_HC,Colonocytes,TST,UC_vs_HC,-1.8042,0.00011174
Colonocytes__MPST__UC_vs_HC,Colonocytes,MPST,UC_vs_HC,-1.3419,0.027855
Colonocytes__CARD10__UC_vs_HC,Colonocytes,CARD10,UC_vs_HC,1.0434,0.021578
Colonocytes__CDC42EP1__UC_vs_HC,Colonocytes,CDC42EP1,UC_vs_HC,2.187,0.029107
Colonocytes__LGALS2__UC_vs_HC,Colonocytes,LGALS2,UC_vs_HC,-2.4237,0.0053813
Colonocytes__POLR2F__UC_vs_HC,Colonocytes,POLR2F,UC_vs_HC,-2.4955,5.5219e-05
Colonocytes__KDELR3__UC_vs_HC,Colonocytes,KDELR3,UC_vs_HC,5.1662,0.0063096
Colonocytes__AL021707.6__UC_vs_HC,Colonocytes,AL021707.6,UC_vs_HC,2.1931,0.00097155
Colonocytes__APOBEC3C__UC_vs_HC,Colonocytes,APOBEC3C,UC_vs_HC,-3.9158,0.036481
Colonocytes__MKL1__UC_vs_HC,Colonocytes,MKL1,UC_vs_HC,2.8749,0.00031675
Colonocytes__ACO2__UC_vs_HC,Colonocytes,ACO2,UC_vs_HC,-1.0437,0.049647
Colonocytes__SMDT1__UC_vs_HC,Colonocytes,SMDT1,UC_vs_HC,-1.749,0.0011602
Colonocytes__NDUFA6__UC_vs_HC,Colonocytes,NDUFA6,UC_vs_HC,-1.7371,0.00060099
Colonocytes__ARFGAP3__UC_vs_HC,Colonocytes,ARFGAP3,UC_vs_HC,2.5215,1.0587e-07
Colonocytes__ATP5PF__UC_vs_HC,Colonocytes,ATP5PF,UC_vs_HC,-1.0413,0.0058117
Colonocytes__BACE2__UC_vs_HC,Colonocytes,BACE2,UC_vs_HC,4.7879,2.0926e-14
Colonocytes__FAM3B__UC_vs_HC,Colonocytes,FAM3B,UC_vs_HC,5.8254,0.016407
Colonocytes__TMPRSS2__UC_vs_HC,Colonocytes,TMPRSS2,UC_vs_HC,1.0272,0.039674
Colonocytes__MT-ND4L__UC_vs_HC,Colonocytes,MT-ND4L,UC_vs_HC,-1.3888,0.028256
Colonocytes__AGRN__CD_vs_HC,Colonocytes,AGRN,CD_vs_HC,1.7045,0.010069
Colonocytes__VWA1__CD_vs_HC,Colonocytes,VWA1,CD_vs_HC,1.8761,0.014062
Colonocytes__AL139246.5__CD_vs_HC,Colonocytes,AL139246.5,CD_vs_HC,2.4459,0.010014
Colonocytes__TNFRSF14-AS1__CD_vs_HC,Colonocytes,TNFRSF14-AS1,CD_vs_HC,1.2212,0.024319
Colonocytes__FBXO6__CD_vs_HC,Colonocytes,FBXO6,CD_vs_HC,1.8748,0.049253
Colonocytes__ARHGEF10L__CD_vs_HC,Colonocytes,ARHGEF10L,CD_vs_HC,1.0705,0.024319
Colonocytes__RNF186__CD_vs_HC,Colonocytes,RNF186,CD_vs_HC,1.7896,0.027641
Colonocytes__PLA2G2A__CD_vs_HC,Colonocytes,PLA2G2A,CD_vs_HC,3.5859,0.0041218
Colonocytes__MAP3K6__CD_vs_HC,Colonocytes,MAP3K6,CD_vs_HC,3.2693,0.00064373
Colonocytes__ZMYM4__CD_vs_HC,Colonocytes,ZMYM4,CD_vs_HC,2.191,0.030076
Colonocytes__EDN2__CD_vs_HC,Colonocytes,EDN2,CD_vs_HC,-4.589,0.013897
Colonocytes__GUCA2A__CD_vs_HC,Colonocytes,GUCA2A,CD_vs_HC,-1.9437,0.0054989
Colonocytes__C1orf210__CD_vs_HC,Colonocytes,C1orf210,CD_vs_HC,-1.04,0.032441
Colonocytes__TOE1__CD_vs_HC,Colonocytes,TOE1,CD_vs_HC,-1.7948,0.013301
Colonocytes__TTC39A__CD_vs_HC,Colonocytes,TTC39A,CD_vs_HC,1.364,0.032654
Colonocytes__TMEM59__CD_vs_HC,Colonocytes,TMEM59,CD_vs_HC,-1.1321,0.0058298
Colonocytes__NFIA__CD_vs_HC,Colonocytes,NFIA,CD_vs_HC,1.8035,0.024983
Colonocytes__ACADM__CD_vs_HC,Colonocytes,ACADM,CD_vs_HC,-1.4308,0.016195
Colonocytes__DDAH1__CD_vs_HC,Colonocytes,DDAH1,CD_vs_HC,1.4652,0.00025863
Colonocytes__KCND3__CD_vs_HC,Colonocytes,KCND3,CD_vs_HC,4.8668,0.038803
Colonocytes__PDZK1__CD_vs_HC,Colonocytes,PDZK1,CD_vs_HC,-4.6705,0.036039
Colonocytes__RBM8A__CD_vs_HC,Colonocytes,RBM8A,CD_vs_HC,-1.0595,0.024546
Colonocytes__PRKAB2__CD_vs_HC,Colonocytes,PRKAB2,CD_vs_HC,-1.4981,0.048113
Colonocytes__S100A11__CD_vs_HC,Colonocytes,S100A11,CD_vs_HC,1.8099,0.0067143
Colonocytes__S100A9__CD_vs_HC,Colonocytes,S100A9,CD_vs_HC,5.7145,0.021213
Colonocytes__SLC39A1__CD_vs_HC,Colonocytes,SLC39A1,CD_vs_HC,-1.3912,0.041455
Colonocytes__CKS1B__CD_vs_HC,Colonocytes,CKS1B,CD_vs_HC,-1.946,0.0070185
Colonocytes__MUC1__CD_vs_HC,Colonocytes,MUC1,CD_vs_HC,2.9729,0.0013079
Colonocytes__LAMTOR2__CD_vs_HC,Colonocytes,LAMTOR2,CD_vs_HC,-1.1929,0.0096683
Colonocytes__LINC01133__CD_vs_HC,Colonocytes,LINC01133,CD_vs_HC,-1.2767,0.0025614
Colonocytes__TSTD1__CD_vs_HC,Colonocytes,TSTD1,CD_vs_HC,-1.2533,0.025493
Colonocytes__TMCO1__CD_vs_HC,Colonocytes,TMCO1,CD_vs_HC,-1.5654,0.0023245
Colonocytes__PRDX6__CD_vs_HC,Colonocytes,PRDX6,CD_vs_HC,-1.6698,3.4651e-06
Colonocytes__RASAL2__CD_vs_HC,Colonocytes,RASAL2,CD_vs_HC,1.6603,0.031055
Colonocytes__GLUL__CD_vs_HC,Colonocytes,GLUL,CD_vs_HC,1.807,0.036039
Colonocytes__ELF3-AS1__CD_vs_HC,Colonocytes,ELF3-AS1,CD_vs_HC,-1.3127,0.0023245
Colonocytes__LRRN2__CD_vs_HC,Colonocytes,LRRN2,CD_vs_HC,-2.8133,0.0063984
Colonocytes__CDK18__CD_vs_HC,Colonocytes,CDK18,CD_vs_HC,-1.9241,0.021163
Colonocytes__PIGR__CD_vs_HC,Colonocytes,PIGR,CD_vs_HC,1.0885,0.007882
Colonocytes__CD55__CD_vs_HC,Colonocytes,CD55,CD_vs_HC,1.6256,0.00037777
Colonocytes__NSL1__CD_vs_HC,Colonocytes,NSL1,CD_vs_HC,-2.116,0.012378
Colonocytes__FLVCR1-DT__CD_vs_HC,Colonocytes,FLVCR1-DT,CD_vs_HC,-2.7362,0.011329
Colonocytes__SLC30A10__CD_vs_HC,Colonocytes,SLC30A10,CD_vs_HC,-1.2594,0.028692
Colonocytes__CNIH4__CD_vs_HC,Colonocytes,CNIH4,CD_vs_HC,-1.1292,0.036039
Colonocytes__RHOU__CD_vs_HC,Colonocytes,RHOU,CD_vs_HC,-1.2371,0.016992
Colonocytes__ADSS__CD_vs_HC,Colonocytes,ADSS,CD_vs_HC,1.7935,0.0046676
Colonocytes__SF3B6__CD_vs_HC,Colonocytes,SF3B6,CD_vs_HC,-1.126,0.042145
Colonocytes__PTRHD1__CD_vs_HC,Colonocytes,PTRHD1,CD_vs_HC,-1.1825,0.031055
Colonocytes__RBKS__CD_vs_HC,Colonocytes,RBKS,CD_vs_HC,-2.2212,0.0024158
Colonocytes__CAPN13__CD_vs_HC,Colonocytes,CAPN13,CD_vs_HC,-1.799,0.0086085
Colonocytes__XDH__CD_vs_HC,Colonocytes,XDH,CD_vs_HC,1.7232,0.0057624
Colonocytes__DPY30__CD_vs_HC,Colonocytes,DPY30,CD_vs_HC,-1.2789,0.0012144
Colonocytes__PKDCC__CD_vs_HC,Colonocytes,PKDCC,CD_vs_HC,-2.7469,0.046289
Colonocytes__SLC3A1__CD_vs_HC,Colonocytes,SLC3A1,CD_vs_HC,-1.6239,0.0077793
Colonocytes__DCTN1__CD_vs_HC,Colonocytes,DCTN1,CD_vs_HC,1.0797,0.024319
Colonocytes__HK2__CD_vs_HC,Colonocytes,HK2,CD_vs_HC,1.9797,0.0052343
Colonocytes__REG1A__CD_vs_HC,Colonocytes,REG1A,CD_vs_HC,8.1797,0.00017985
Colonocytes__VAMP8__CD_vs_HC,Colonocytes,VAMP8,CD_vs_HC,-1.0511,0.0093995
Colonocytes__RNF181__CD_vs_HC,Colonocytes,RNF181,CD_vs_HC,-1.5468,0.02141
Colonocytes__FABP1__CD_vs_HC,Colonocytes,FABP1,CD_vs_HC,-1.6392,1.6593e-05
Colonocytes__ANKRD36C__CD_vs_HC,Colonocytes,ANKRD36C,CD_vs_HC,2.1888,0.0048716
Colonocytes__ANKRD36__CD_vs_HC,Colonocytes,ANKRD36,CD_vs_HC,3.0539,0.03029
Colonocytes__IL1B__CD_vs_HC,Colonocytes,IL1B,CD_vs_HC,3.9392,0.0043662
Colonocytes__IL1RN__CD_vs_HC,Colonocytes,IL1RN,CD_vs_HC,4.6429,0.023289
Colonocytes__TANC1__CD_vs_HC,Colonocytes,TANC1,CD_vs_HC,1.3628,0.024319
Colonocytes__DPP4__CD_vs_HC,Colonocytes,DPP4,CD_vs_HC,-2.4837,0.0084219
Colonocytes__GALNT3__CD_vs_HC,Colonocytes,GALNT3,CD_vs_HC,1.2278,0.0025614
Colonocytes__ITGA6__CD_vs_HC,Colonocytes,ITGA6,CD_vs_HC,1.2856,0.0021635
Colonocytes__ITGAV__CD_vs_HC,Colonocytes,ITGAV,CD_vs_HC,1.4078,0.00074173
Colonocytes__C2orf88__CD_vs_HC,Colonocytes,C2orf88,CD_vs_HC,-1.1357,0.019961
Colonocytes__SUMO1__CD_vs_HC,Colonocytes,SUMO1,CD_vs_HC,-1.0541,0.044786
Colonocytes__RAPH1__CD_vs_HC,Colonocytes,RAPH1,CD_vs_HC,1.0057,0.024319
Colonocytes__CYP27A1__CD_vs_HC,Colonocytes,CYP27A1,CD_vs_HC,-2.0545,0.043283
Colonocytes__ACSL3__CD_vs_HC,Colonocytes,ACSL3,CD_vs_HC,1.4784,0.001486
Colonocytes__PID1__CD_vs_HC,Colonocytes,PID1,CD_vs_HC,1.1623,0.021898
Colonocytes__SNORC__CD_vs_HC,Colonocytes,SNORC,CD_vs_HC,3.5989,0.019435
Colonocytes__UGT1A1__CD_vs_HC,Colonocytes,UGT1A1,CD_vs_HC,-3.5199,0.019435
Colonocytes__RAB17__CD_vs_HC,Colonocytes,RAB17,CD_vs_HC,-1.4363,0.021556
Colonocytes__C2orf54__CD_vs_HC,Colonocytes,C2orf54,CD_vs_HC,-3.3886,0.020235
Colonocytes__SSUH2__CD_vs_HC,Colonocytes,SSUH2,CD_vs_HC,-3.722,0.0053753
Colonocytes__ACAA1__CD_vs_HC,Colonocytes,ACAA1,CD_vs_HC,-1.1052,0.0015354
Colonocytes__TWF2__CD_vs_HC,Colonocytes,TWF2,CD_vs_HC,-1.1809,0.010246
Colonocytes__CRYBG3__CD_vs_HC,Colonocytes,CRYBG3,CD_vs_HC,1.7409,0.004396
Colonocytes__C3orf85__CD_vs_HC,Colonocytes,C3orf85,CD_vs_HC,-1.3338,0.045832
Colonocytes__DTX3L__CD_vs_HC,Colonocytes,DTX3L,CD_vs_HC,1.0013,0.049898
Colonocytes__ALDH1L1__CD_vs_HC,Colonocytes,ALDH1L1,CD_vs_HC,4.079,0.00099351
Colonocytes__SEC61A1__CD_vs_HC,Colonocytes,SEC61A1,CD_vs_HC,1.2818,0.00011749
Colonocytes__RNF7__CD_vs_HC,Colonocytes,RNF7,CD_vs_HC,-1.122,0.00096875
Colonocytes__LINC02023__CD_vs_HC,Colonocytes,LINC02023,CD_vs_HC,-1.6466,0.016195
Colonocytes__MECOM__CD_vs_HC,Colonocytes,MECOM,CD_vs_HC,2.7653,0.00012121
Colonocytes__SEC62__CD_vs_HC,Colonocytes,SEC62,CD_vs_HC,-1.0588,0.029206
Colonocytes__ATP11B__CD_vs_HC,Colonocytes,ATP11B,CD_vs_HC,1.3602,0.00096102
Colonocytes__MUC4__CD_vs_HC,Colonocytes,MUC4,CD_vs_HC,3.1083,8.1739e-05
Colonocytes__S100P__CD_vs_HC,Colonocytes,S100P,CD_vs_HC,1.8596,0.021876
Colonocytes__SMIM20__CD_vs_HC,Colonocytes,SMIM20,CD_vs_HC,-1.2986,0.018898
Colonocytes__GABRA2__CD_vs_HC,Colonocytes,GABRA2,CD_vs_HC,-4.5562,0.0043663
Colonocytes__OCIAD2__CD_vs_HC,Colonocytes,OCIAD2,CD_vs_HC,-1.1331,0.03356
Colonocytes__CXCL8__CD_vs_HC,Colonocytes,CXCL8,CD_vs_HC,6.7653,0.0098646
Colonocytes__CXCL1__CD_vs_HC,Colonocytes,CXCL1,CD_vs_HC,7.5396,0.00023002
Colonocytes__CXCL3__CD_vs_HC,Colonocytes,CXCL3,CD_vs_HC,3.7476,3.6569e-08
Colonocytes__PRKG2__CD_vs_HC,Colonocytes,PRKG2,CD_vs_HC,-2.7013,0.0005887
Colonocytes__MRPS18C__CD_vs_HC,Colonocytes,MRPS18C,CD_vs_HC,-1.2227,0.0068359
Colonocytes__ABCG2__CD_vs_HC,Colonocytes,ABCG2,CD_vs_HC,-2.4997,2.5718e-10
Colonocytes__DAPP1__CD_vs_HC,Colonocytes,DAPP1,CD_vs_HC,2.4689,0.0035938
Colonocytes__SLC39A8__CD_vs_HC,Colonocytes,SLC39A8,CD_vs_HC,2.8423,0.00081958
Colonocytes__HADH__CD_vs_HC,Colonocytes,HADH,CD_vs_HC,1.0295,0.0048106
Colonocytes__CFI__CD_vs_HC,Colonocytes,CFI,CD_vs_HC,4.8934,0.025027
Colonocytes__TNIP3__CD_vs_HC,Colonocytes,TNIP3,CD_vs_HC,4.2493,0.0076238
Colonocytes__KIAA1109__CD_vs_HC,Colonocytes,KIAA1109,CD_vs_HC,1.0315,0.03729
Colonocytes__SLC7A11__CD_vs_HC,Colonocytes,SLC7A11,CD_vs_HC,2.4927,0.023289
Colonocytes__USP38__CD_vs_HC,Colonocytes,USP38,CD_vs_HC,1.4437,0.0010104
Colonocytes__PALLD__CD_vs_HC,Colonocytes,PALLD,CD_vs_HC,1.7984,0.0046676
Colonocytes__LPCAT1__CD_vs_HC,Colonocytes,LPCAT1,CD_vs_HC,4.1663,0.0014663
Colonocytes__AMACR__CD_vs_HC,Colonocytes,AMACR,CD_vs_HC,-1.8008,0.042145
Colonocytes__RAI14__CD_vs_HC,Colonocytes,RAI14,CD_vs_HC,-3.1674,0.00011068
Colonocytes__ITGA2__CD_vs_HC,Colonocytes,ITGA2,CD_vs_HC,3.1141,0.0048716
Colonocytes__NLN__CD_vs_HC,Colonocytes,NLN,CD_vs_HC,-1.9591,0.0036519
Colonocytes__MCCC2__CD_vs_HC,Colonocytes,MCCC2,CD_vs_HC,1.4974,0.02586
Colonocytes__BTF3__CD_vs_HC,Colonocytes,BTF3,CD_vs_HC,-1.0085,0.019988
Colonocytes__MAN2A1__CD_vs_HC,Colonocytes,MAN2A1,CD_vs_HC,1.3775,0.0067143
Colonocytes__SLC25A46__CD_vs_HC,Colonocytes,SLC25A46,CD_vs_HC,1.1649,0.022034
Colonocytes__SLC12A2__CD_vs_HC,Colonocytes,SLC12A2,CD_vs_HC,1.5373,0.029648
Colonocytes__LEAP2__CD_vs_HC,Colonocytes,LEAP2,CD_vs_HC,-2.4437,0.023289
Colonocytes__PAIP2__CD_vs_HC,Colonocytes,PAIP2,CD_vs_HC,-1.0126,0.0048716
Colonocytes__SPINK5__CD_vs_HC,Colonocytes,SPINK5,CD_vs_HC,2.017,0.0408
Colonocytes__CCNJL__CD_vs_HC,Colonocytes,CCNJL,CD_vs_HC,-3.3794,0.018202
Colonocytes__ATP10B__CD_vs_HC,Colonocytes,ATP10B,CD_vs_HC,1.1488,0.0089357
Colonocytes__ATP6V0E1__CD_vs_HC,Colonocytes,ATP6V0E1,CD_vs_HC,-1.1266,0.035542
Colonocytes__CPEB4__CD_vs_HC,Colonocytes,CPEB4,CD_vs_HC,1.1691,0.0050787
Colonocytes__HIGD2A__CD_vs_HC,Colonocytes,HIGD2A,CD_vs_HC,-1.182,0.0053832
Colonocytes__GMDS__CD_vs_HC,Colonocytes,GMDS,CD_vs_HC,2.535,0.0024718
Colonocytes__E2F3__CD_vs_HC,Colonocytes,E2F3,CD_vs_HC,2.3011,0.013283
Colonocytes__DDAH2__CD_vs_HC,Colonocytes,DDAH2,CD_vs_HC,-1.9274,8.3013e-12
Colonocytes__VARS__CD_vs_HC,Colonocytes,VARS,CD_vs_HC,2.1179,0.034948
Colonocytes__NEU1__CD_vs_HC,Colonocytes,NEU1,CD_vs_HC,-1.4143,0.0005887
Colonocytes__C2__CD_vs_HC,Colonocytes,C2,CD_vs_HC,3.5888,0.021434
Colonocytes__CFB__CD_vs_HC,Colonocytes,CFB,CD_vs_HC,3.0196,0.021876
Colonocytes__MEA1__CD_vs_HC,Colonocytes,MEA1,CD_vs_HC,-1.3738,0.016083
Colonocytes__ME1__CD_vs_HC,Colonocytes,ME1,CD_vs_HC,2.702,0.04222
Colonocytes__CD24__CD_vs_HC,Colonocytes,CD24,CD_vs_HC,1.0508,0.015593
Colonocytes__MICAL1__CD_vs_HC,Colonocytes,MICAL1,CD_vs_HC,1.1441,0.024032
Colonocytes__CENPW__CD_vs_HC,Colonocytes,CENPW,CD_vs_HC,4.5191,0.037034
Colonocytes__VNN1__CD_vs_HC,Colonocytes,VNN1,CD_vs_HC,3.3576,0.044786
Colonocytes__PLAGL1__CD_vs_HC,Colonocytes,PLAGL1,CD_vs_HC,2.1275,0.012342
Colonocytes__AGPAT4__CD_vs_HC,Colonocytes,AGPAT4,CD_vs_HC,1.8768,0.039845
Colonocytes__TNRC18__CD_vs_HC,Colonocytes,TNRC18,CD_vs_HC,1.3994,0.0062946
Colonocytes__AOAH__CD_vs_HC,Colonocytes,AOAH,CD_vs_HC,-1.5042,0.0029364
Colonocytes__POLD2__CD_vs_HC,Colonocytes,POLD2,CD_vs_HC,2.2962,0.014583
Colonocytes__DDC__CD_vs_HC,Colonocytes,DDC,CD_vs_HC,1.2595,0.036039
Colonocytes__FGL2__CD_vs_HC,Colonocytes,FGL2,CD_vs_HC,-1.3764,0.032906
Colonocytes__PTPN12__CD_vs_HC,Colonocytes,PTPN12,CD_vs_HC,1.1682,0.049253
Colonocytes__ABCB1__CD_vs_HC,Colonocytes,ABCB1,CD_vs_HC,-1.5572,0.0010399
Colonocytes__SRI__CD_vs_HC,Colonocytes,SRI,CD_vs_HC,-1.3938,0.026988
Colonocytes__CASD1__CD_vs_HC,Colonocytes,CASD1,CD_vs_HC,1.4411,0.023289
Colonocytes__PPP1R9A__CD_vs_HC,Colonocytes,PPP1R9A,CD_vs_HC,1.3626,0.042087
Colonocytes__BAIAP2L1__CD_vs_HC,Colonocytes,BAIAP2L1,CD_vs_HC,1.1735,0.0030418
Colonocytes__CYP3A4__CD_vs_HC,Colonocytes,CYP3A4,CD_vs_HC,-6.6106,0.00099351
Colonocytes__LAMTOR4__CD_vs_HC,Colonocytes,LAMTOR4,CD_vs_HC,-1.3479,0.0035938
Colonocytes__LAMB1__CD_vs_HC,Colonocytes,LAMB1,CD_vs_HC,2.5257,0.018703
Colonocytes__MET__CD_vs_HC,Colonocytes,MET,CD_vs_HC,2.2695,0.015171
Colonocytes__CFTR__CD_vs_HC,Colonocytes,CFTR,CD_vs_HC,1.7435,0.0021635
Colonocytes__PDIA4__CD_vs_HC,Colonocytes,PDIA4,CD_vs_HC,1.2718,0.0012144
Colonocytes__SHH__CD_vs_HC,Colonocytes,SHH,CD_vs_HC,3.2822,0.0038413
Colonocytes__STS__CD_vs_HC,Colonocytes,STS,CD_vs_HC,3.2742,0.0005887
Colonocytes__TMSB4X__CD_vs_HC,Colonocytes,TMSB4X,CD_vs_HC,-1.0356,0.017706
Colonocytes__WDR45__CD_vs_HC,Colonocytes,WDR45,CD_vs_HC,-1.0931,0.01194
Colonocytes__IGBP1__CD_vs_HC,Colonocytes,IGBP1,CD_vs_HC,-1.222,0.024649
Colonocytes__NOX1__CD_vs_HC,Colonocytes,NOX1,CD_vs_HC,1.9642,0.0048206
Colonocytes__FAM199X__CD_vs_HC,Colonocytes,FAM199X,CD_vs_HC,1.2136,0.048026
Colonocytes__SLC6A14__CD_vs_HC,Colonocytes,SLC6A14,CD_vs_HC,6.865,0.0012144
Colonocytes__UBE2A__CD_vs_HC,Colonocytes,UBE2A,CD_vs_HC,-1.1978,0.0046676
Colonocytes__XPNPEP2__CD_vs_HC,Colonocytes,XPNPEP2,CD_vs_HC,-3.1406,0.035542
Colonocytes__SLC25A37__CD_vs_HC,Colonocytes,SLC25A37,CD_vs_HC,2.8407,8.7203e-11
Colonocytes__IDO1__CD_vs_HC,Colonocytes,IDO1,CD_vs_HC,7.0398,0.021982
Colonocytes__PRKDC__CD_vs_HC,Colonocytes,PRKDC,CD_vs_HC,1.4349,0.03356
Colonocytes__ASPH__CD_vs_HC,Colonocytes,ASPH,CD_vs_HC,1.1019,0.025027
Colonocytes__ELOC__CD_vs_HC,Colonocytes,ELOC,CD_vs_HC,-1.1387,0.034948
Colonocytes__WWP1__CD_vs_HC,Colonocytes,WWP1,CD_vs_HC,1.5596,0.033325
Colonocytes__KLF10__CD_vs_HC,Colonocytes,KLF10,CD_vs_HC,-1.3557,0.0099698
Colonocytes__EPPK1__CD_vs_HC,Colonocytes,EPPK1,CD_vs_HC,1.3644,0.029648
Colonocytes__PLEC__CD_vs_HC,Colonocytes,PLEC,CD_vs_HC,1.052,0.023289
Colonocytes__PARP10__CD_vs_HC,Colonocytes,PARP10,CD_vs_HC,3.6166,0.023407
Colonocytes__VPS28__CD_vs_HC,Colonocytes,VPS28,CD_vs_HC,-1.015,0.0018388
Colonocytes__KIFC2__CD_vs_HC,Colonocytes,KIFC2,CD_vs_HC,1.9406,0.0029157
Colonocytes__GPT__CD_vs_HC,Colonocytes,GPT,CD_vs_HC,1.6388,0.0019437
Colonocytes__MFSD3__CD_vs_HC,Colonocytes,MFSD3,CD_vs_HC,1.1296,0.038426
Colonocytes__NFIB__CD_vs_HC,Colonocytes,NFIB,CD_vs_HC,1.7358,0.016791
Colonocytes__CDKN2B-AS1__CD_vs_HC,Colonocytes,CDKN2B-AS1,CD_vs_HC,-1.6055,0.033127
Colonocytes__CHMP5__CD_vs_HC,Colonocytes,CHMP5,CD_vs_HC,-1.0495,0.04105
Colonocytes__AQP7__CD_vs_HC,Colonocytes,AQP7,CD_vs_HC,-2.0787,0.0038413
Colonocytes__PRSS3__CD_vs_HC,Colonocytes,PRSS3,CD_vs_HC,-1.2003,0.00066707
Colonocytes__RPP25L__CD_vs_HC,Colonocytes,RPP25L,CD_vs_HC,-1.3699,0.023959
Colonocytes__UNC13B__CD_vs_HC,Colonocytes,UNC13B,CD_vs_HC,1.5019,0.0013664
Colonocytes__CARNMT1__CD_vs_HC,Colonocytes,CARNMT1,CD_vs_HC,2.1794,0.04946
Colonocytes__GOLM1__CD_vs_HC,Colonocytes,GOLM1,CD_vs_HC,1.2882,0.0036996
Colonocytes__FAM120A__CD_vs_HC,Colonocytes,FAM120A,CD_vs_HC,1.065,6.0108e-05
Colonocytes__CORO2A__CD_vs_HC,Colonocytes,CORO2A,CD_vs_HC,1.2575,0.0072488
Colonocytes__LCN2__CD_vs_HC,Colonocytes,LCN2,CD_vs_HC,5.3597,3.0609e-09
Colonocytes__WDR34__CD_vs_HC,Colonocytes,WDR34,CD_vs_HC,-1.1661,0.047485
Colonocytes__LCN15__CD_vs_HC,Colonocytes,LCN15,CD_vs_HC,-5.0485,0.043851
Colonocytes__EDF1__CD_vs_HC,Colonocytes,EDF1,CD_vs_HC,-1.0358,1.5215e-05
Colonocytes__C8G__CD_vs_HC,Colonocytes,C8G,CD_vs_HC,-2.2202,0.0032367
Colonocytes__NPDC1__CD_vs_HC,Colonocytes,NPDC1,CD_vs_HC,1.5427,0.032307
Colonocytes__CRACR2B__CD_vs_HC,Colonocytes,CRACR2B,CD_vs_HC,2.2943,0.015593
Colonocytes__MUC5B__CD_vs_HC,Colonocytes,MUC5B,CD_vs_HC,4.4621,1.0511e-05
Colonocytes__NUP98__CD_vs_HC,Colonocytes,NUP98,CD_vs_HC,1.3644,0.0096683
Colonocytes__HIPK3__CD_vs_HC,Colonocytes,HIPK3,CD_vs_HC,1.2928,0.0050873
Colonocytes__APIP__CD_vs_HC,Colonocytes,APIP,CD_vs_HC,2.2188,0.0016813
Colonocytes__OSBP__CD_vs_HC,Colonocytes,OSBP,CD_vs_HC,1.1556,0.018202
Colonocytes__UBXN1__CD_vs_HC,Colonocytes,UBXN1,CD_vs_HC,-1.1582,0.0005887
Colonocytes__RARRES3__CD_vs_HC,Colonocytes,RARRES3,CD_vs_HC,-1.3155,0.0096683
Colonocytes__HRASLS2__CD_vs_HC,Colonocytes,HRASLS2,CD_vs_HC,-2.4478,0.025413
Colonocytes__CCDC88B__CD_vs_HC,Colonocytes,CCDC88B,CD_vs_HC,1.8592,0.019397
Colonocytes__AIP__CD_vs_HC,Colonocytes,AIP,CD_vs_HC,-1.1859,0.018337
Colonocytes__LAMTOR1__CD_vs_HC,Colonocytes,LAMTOR1,CD_vs_HC,-1.1394,0.0041543
Colonocytes__STARD10__CD_vs_HC,Colonocytes,STARD10,CD_vs_HC,2.9691,0.036039
Colonocytes__CASP1__CD_vs_HC,Colonocytes,CASP1,CD_vs_HC,2.1793,0.0063227
Colonocytes__IL18__CD_vs_HC,Colonocytes,IL18,CD_vs_HC,1.152,0.0050787
Colonocytes__BCL9L__CD_vs_HC,Colonocytes,BCL9L,CD_vs_HC,1.9485,0.0058857
Colonocytes__HYOU1__CD_vs_HC,Colonocytes,HYOU1,CD_vs_HC,1.2883,0.03356
Colonocytes__PDZD3__CD_vs_HC,Colonocytes,PDZD3,CD_vs_HC,-1.0559,0.018443
Colonocytes__OAF__CD_vs_HC,Colonocytes,OAF,CD_vs_HC,-1.2251,0.0087591
Colonocytes__KIN__CD_vs_HC,Colonocytes,KIN,CD_vs_HC,-1.1239,0.042905
Colonocytes__KIF5B__CD_vs_HC,Colonocytes,KIF5B,CD_vs_HC,1.0024,0.032446
Colonocytes__SGMS1__CD_vs_HC,Colonocytes,SGMS1,CD_vs_HC,3.1605,0.0119
Colonocytes__CCDC6__CD_vs_HC,Colonocytes,CCDC6,CD_vs_HC,1.6824,0.00017967
Colonocytes__VSIR__CD_vs_HC,Colonocytes,VSIR,CD_vs_HC,-1.1617,0.03338
Colonocytes__PLA2G12B__CD_vs_HC,Colonocytes,PLA2G12B,CD_vs_HC,-3.6431,0.0098646
Colonocytes__SLC35G1__CD_vs_HC,Colonocytes,SLC35G1,CD_vs_HC,-1.1689,0.033325
Colonocytes__SCD__CD_vs_HC,Colonocytes,SCD,CD_vs_HC,3.1023,0.023289
Colonocytes__PDCD4__CD_vs_HC,Colonocytes,PDCD4,CD_vs_HC,-1.0532,0.0072498
Colonocytes__FUOM__CD_vs_HC,Colonocytes,FUOM,CD_vs_HC,-1.0457,0.014937
Colonocytes__CCND2__CD_vs_HC,Colonocytes,CCND2,CD_vs_HC,2.2031,0.021599
Colonocytes__CD9__CD_vs_HC,Colonocytes,CD9,CD_vs_HC,-1.0937,0.0023592
Colonocytes__ING4__CD_vs_HC,Colonocytes,ING4,CD_vs_HC,-1.6148,0.045832
Colonocytes__LPCAT3__CD_vs_HC,Colonocytes,LPCAT3,CD_vs_HC,-1.4179,0.011798
Colonocytes__EMP1__CD_vs_HC,Colonocytes,EMP1,CD_vs_HC,-1.051,0.049027
Colonocytes__LINC01559__CD_vs_HC,Colonocytes,LINC01559,CD_vs_HC,-1.5285,0.0098646
Colonocytes__AC087239.1__CD_vs_HC,Colonocytes,AC087239.1,CD_vs_HC,2.0021,0.041298
Colonocytes__SLC38A1__CD_vs_HC,Colonocytes,SLC38A1,CD_vs_HC,1.2459,0.021898
Colonocytes__COX14__CD_vs_HC,Colonocytes,COX14,CD_vs_HC,-1.2376,0.036039
Colonocytes__ORMDL2__CD_vs_HC,Colonocytes,ORMDL2,CD_vs_HC,-1.0999,0.040624
Colonocytes__MYL6B__CD_vs_HC,Colonocytes,MYL6B,CD_vs_HC,-2.2709,0.027681
Colonocytes__LRIG3__CD_vs_HC,Colonocytes,LRIG3,CD_vs_HC,1.9466,0.023289
Colonocytes__AC126178.1__CD_vs_HC,Colonocytes,AC126178.1,CD_vs_HC,-2.4503,0.013301
Colonocytes__C12orf75__CD_vs_HC,Colonocytes,C12orf75,CD_vs_HC,-1.2655,0.013548
Colonocytes__CKAP4__CD_vs_HC,Colonocytes,CKAP4,CD_vs_HC,1.7979,0.013235
Colonocytes__TMEM263__CD_vs_HC,Colonocytes,TMEM263,CD_vs_HC,2.1981,0.023908
Colonocytes__PTPN11__CD_vs_HC,Colonocytes,PTPN11,CD_vs_HC,1.215,0.042087
Colonocytes__MLEC__CD_vs_HC,Colonocytes,MLEC,CD_vs_HC,1.654,0.035542
Colonocytes__SCARB1__CD_vs_HC,Colonocytes,SCARB1,CD_vs_HC,-2.3173,0.0196
Colonocytes__SMIM2-AS1__CD_vs_HC,Colonocytes,SMIM2-AS1,CD_vs_HC,-1.4832,0.001675
Colonocytes__RB1__CD_vs_HC,Colonocytes,RB1,CD_vs_HC,1.3768,0.033798
Colonocytes__FNDC3A__CD_vs_HC,Colonocytes,FNDC3A,CD_vs_HC,1.0771,0.042791
Colonocytes__OLFM4__CD_vs_HC,Colonocytes,OLFM4,CD_vs_HC,6.8594,2.0895e-06
Colonocytes__GAS6__CD_vs_HC,Colonocytes,GAS6,CD_vs_HC,2.0953,0.039493
Colonocytes__GMPR2__CD_vs_HC,Colonocytes,GMPR2,CD_vs_HC,-1.3567,0.011329
Colonocytes__RALGAPA1__CD_vs_HC,Colonocytes,RALGAPA1,CD_vs_HC,1.1222,0.021452
Colonocytes__FOXA1__CD_vs_HC,Colonocytes,FOXA1,CD_vs_HC,1.6536,0.011674
Colonocytes__MAP4K5__CD_vs_HC,Colonocytes,MAP4K5,CD_vs_HC,1.1197,0.023289
Colonocytes__GNPNAT1__CD_vs_HC,Colonocytes,GNPNAT1,CD_vs_HC,2.2587,0.0063132
Colonocytes__HIF1A__CD_vs_HC,Colonocytes,HIF1A,CD_vs_HC,1.4718,0.0076504
Colonocytes__SYNE2__CD_vs_HC,Colonocytes,SYNE2,CD_vs_HC,1.2369,0.036039
Colonocytes__GPX2__CD_vs_HC,Colonocytes,GPX2,CD_vs_HC,1.9852,0.033325
Colonocytes__MAX__CD_vs_HC,Colonocytes,MAX,CD_vs_HC,-1.1162,0.018499
Colonocytes__SIPA1L1__CD_vs_HC,Colonocytes,SIPA1L1,CD_vs_HC,1.4217,0.016195
Colonocytes__CATSPERB__CD_vs_HC,Colonocytes,CATSPERB,CD_vs_HC,4.5442,0.00023002
Colonocytes__TC2N__CD_vs_HC,Colonocytes,TC2N,CD_vs_HC,2.066,0.00099351
Colonocytes__DIO3OS__CD_vs_HC,Colonocytes,DIO3OS,CD_vs_HC,-2.9631,0.0005887
Colonocytes__EXOC3L4__CD_vs_HC,Colonocytes,EXOC3L4,CD_vs_HC,1.859,0.024319
Colonocytes__CRIP1__CD_vs_HC,Colonocytes,CRIP1,CD_vs_HC,-2.6488,0.039044
Colonocytes__IGHG1__CD_vs_HC,Colonocytes,IGHG1,CD_vs_HC,2.9488,0.036039
Colonocytes__IGHG3__CD_vs_HC,Colonocytes,IGHG3,CD_vs_HC,4.4722,0.0023592
Colonocytes__SPRED1__CD_vs_HC,Colonocytes,SPRED1,CD_vs_HC,1.8168,0.016195
Colonocytes__PDIA3__CD_vs_HC,Colonocytes,PDIA3,CD_vs_HC,1.4189,0.0052703
Colonocytes__DUOX2__CD_vs_HC,Colonocytes,DUOX2,CD_vs_HC,4.0348,0.00012121
Colonocytes__DUOXA2__CD_vs_HC,Colonocytes,DUOXA2,CD_vs_HC,5.0873,8.0221e-05
Colonocytes__C2CD4B__CD_vs_HC,Colonocytes,C2CD4B,CD_vs_HC,4.0536,0.024961
Colonocytes__SLC51B__CD_vs_HC,Colonocytes,SLC51B,CD_vs_HC,-1.3411,0.036613
Colonocytes__TLE3__CD_vs_HC,Colonocytes,TLE3,CD_vs_HC,-1.42,0.0014565
Colonocytes__PPCDC__CD_vs_HC,Colonocytes,PPCDC,CD_vs_HC,-1.4103,0.046289
Colonocytes__RAMMET__CD_vs_HC,Colonocytes,RAMMET,CD_vs_HC,-1.0846,0.049666
Colonocytes__ABHD2__CD_vs_HC,Colonocytes,ABHD2,CD_vs_HC,1.1939,0.00297
Colonocytes__MAPK8IP3__CD_vs_HC,Colonocytes,MAPK8IP3,CD_vs_HC,1.5507,0.042145
Colonocytes__NOXO1__CD_vs_HC,Colonocytes,NOXO1,CD_vs_HC,2.6238,0.017706
Colonocytes__PRSS22__CD_vs_HC,Colonocytes,PRSS22,CD_vs_HC,5.2609,0.015682
Colonocytes__PLA2G10__CD_vs_HC,Colonocytes,PLA2G10,CD_vs_HC,-1.1658,0.013722
Colonocytes__ABCC1__CD_vs_HC,Colonocytes,ABCC1,CD_vs_HC,3.0313,0.025948
Colonocytes__TMC5__CD_vs_HC,Colonocytes,TMC5,CD_vs_HC,1.1987,0.0196
Colonocytes__AQP8__CD_vs_HC,Colonocytes,AQP8,CD_vs_HC,-2.6689,0.017543
Colonocytes__SULT1A2__CD_vs_HC,Colonocytes,SULT1A2,CD_vs_HC,-1.5944,0.002005
Colonocytes__CDIPT__CD_vs_HC,Colonocytes,CDIPT,CD_vs_HC,-1.5244,0.023289
Colonocytes__PYCARD__CD_vs_HC,Colonocytes,PYCARD,CD_vs_HC,1.5119,0.032307
Colonocytes__CNEP1R1__CD_vs_HC,Colonocytes,CNEP1R1,CD_vs_HC,2.0429,0.023289
Colonocytes__MT1E__CD_vs_HC,Colonocytes,MT1E,CD_vs_HC,-1.2884,0.038724
Colonocytes__MT1F__CD_vs_HC,Colonocytes,MT1F,CD_vs_HC,-1.8605,0.0016813
Colonocytes__CFDP1__CD_vs_HC,Colonocytes,CFDP1,CD_vs_HC,-1.4375,0.0048206
Colonocytes__HSD17B2__CD_vs_HC,Colonocytes,HSD17B2,CD_vs_HC,-2.11,0.0025054
Colonocytes__CYBA__CD_vs_HC,Colonocytes,CYBA,CD_vs_HC,3.5219,0.012202
Colonocytes__ATP2A3__CD_vs_HC,Colonocytes,ATP2A3,CD_vs_HC,1.3487,0.0086147
Colonocytes__PITPNM3__CD_vs_HC,Colonocytes,PITPNM3,CD_vs_HC,2.0022,0.010749
Colonocytes__SREBF1__CD_vs_HC,Colonocytes,SREBF1,CD_vs_HC,1.2045,0.043213
Colonocytes__SPECC1__CD_vs_HC,Colonocytes,SPECC1,CD_vs_HC,1.1882,0.021213
Colonocytes__MTRNR2L1__CD_vs_HC,Colonocytes,MTRNR2L1,CD_vs_HC,-2.7411,0.031039
Colonocytes__NOS2__CD_vs_HC,Colonocytes,NOS2,CD_vs_HC,4.1763,0.0005887
Colonocytes__NLK__CD_vs_HC,Colonocytes,NLK,CD_vs_HC,2.0706,0.010486
Colonocytes__SDF2__CD_vs_HC,Colonocytes,SDF2,CD_vs_HC,-1.2806,0.022253
Colonocytes__EFCAB5__CD_vs_HC,Colonocytes,EFCAB5,CD_vs_HC,-1.8799,0.049253
Colonocytes__TMIGD1__CD_vs_HC,Colonocytes,TMIGD1,CD_vs_HC,-1.5506,0.0096109
Colonocytes__CCL15__CD_vs_HC,Colonocytes,CCL15,CD_vs_HC,-1.569,0.038877
Colonocytes__CWC25__CD_vs_HC,Colonocytes,CWC25,CD_vs_HC,-1.1296,0.024961
Colonocytes__PPP1R1B__CD_vs_HC,Colonocytes,PPP1R1B,CD_vs_HC,1.9078,0.0005887
Colonocytes__MIEN1__CD_vs_HC,Colonocytes,MIEN1,CD_vs_HC,-1.3081,0.0029364
Colonocytes__LINC02086__CD_vs_HC,Colonocytes,LINC02086,CD_vs_HC,1.5632,0.041367
Colonocytes__ACSF2__CD_vs_HC,Colonocytes,ACSF2,CD_vs_HC,-1.2382,0.043636
Colonocytes__SUPT4H1__CD_vs_HC,Colonocytes,SUPT4H1,CD_vs_HC,-1.0844,0.036039
Colonocytes__RNFT1__CD_vs_HC,Colonocytes,RNFT1,CD_vs_HC,-1.37,0.049027
Colonocytes__KPNA2__CD_vs_HC,Colonocytes,KPNA2,CD_vs_HC,1.3656,0.038803
Colonocytes__OTOP3__CD_vs_HC,Colonocytes,OTOP3,CD_vs_HC,-3.1037,0.026988
Colonocytes__SMIM6__CD_vs_HC,Colonocytes,SMIM6,CD_vs_HC,-1.941,1.2873e-05
Colonocytes__TEN1__CD_vs_HC,Colonocytes,TEN1,CD_vs_HC,-1.3397,0.011674
Colonocytes__SYNGR2__CD_vs_HC,Colonocytes,SYNGR2,CD_vs_HC,1.224,0.00096102
Colonocytes__P4HB__CD_vs_HC,Colonocytes,P4HB,CD_vs_HC,1.1759,0.0038413
Colonocytes__ANAPC11__CD_vs_HC,Colonocytes,ANAPC11,CD_vs_HC,-1.0415,0.031039
Colonocytes__DUS1L__CD_vs_HC,Colonocytes,DUS1L,CD_vs_HC,1.3012,0.020482
Colonocytes__FASN__CD_vs_HC,Colonocytes,FASN,CD_vs_HC,2.3301,0.018129
Colonocytes__LAMA1__CD_vs_HC,Colonocytes,LAMA1,CD_vs_HC,-2.5205,0.010264
Colonocytes__GALNT1__CD_vs_HC,Colonocytes,GALNT1,CD_vs_HC,1.0604,0.010486
Colonocytes__ATP8B1__CD_vs_HC,Colonocytes,ATP8B1,CD_vs_HC,1.1447,0.0025054
Colonocytes__SDCBP2__CD_vs_HC,Colonocytes,SDCBP2,CD_vs_HC,-1.2252,0.001807
Colonocytes__GPCPD1__CD_vs_HC,Colonocytes,GPCPD1,CD_vs_HC,1.6389,0.0080965
Colonocytes__FERMT1__CD_vs_HC,Colonocytes,FERMT1,CD_vs_HC,1.6997,0.01532
Colonocytes__PLCB4__CD_vs_HC,Colonocytes,PLCB4,CD_vs_HC,2.7634,0.0020886
Colonocytes__JAG1__CD_vs_HC,Colonocytes,JAG1,CD_vs_HC,1.1674,0.031039
Colonocytes__ACSS1__CD_vs_HC,Colonocytes,ACSS1,CD_vs_HC,-2.3085,0.0063922
Colonocytes__DYNLRB1__CD_vs_HC,Colonocytes,DYNLRB1,CD_vs_HC,-1.3631,0.0021635
Colonocytes__TGM2__CD_vs_HC,Colonocytes,TGM2,CD_vs_HC,4.2747,0.041929
Colonocytes__PI3__CD_vs_HC,Colonocytes,PI3,CD_vs_HC,2.0149,0.041367
Colonocytes__SYS1__CD_vs_HC,Colonocytes,SYS1,CD_vs_HC,-1.218,0.031904
Colonocytes__TNNC2__CD_vs_HC,Colonocytes,TNNC2,CD_vs_HC,-2.1653,0.0011098
Colonocytes__ACOT8__CD_vs_HC,Colonocytes,ACOT8,CD_vs_HC,-1.0735,0.015416
Colonocytes__ZNFX1__CD_vs_HC,Colonocytes,ZNFX1,CD_vs_HC,1.1606,0.024595
Colonocytes__MED16__CD_vs_HC,Colonocytes,MED16,CD_vs_HC,1.3384,0.020482
Colonocytes__WDR18__CD_vs_HC,Colonocytes,WDR18,CD_vs_HC,2.4525,0.036039
Colonocytes__SBNO2__CD_vs_HC,Colonocytes,SBNO2,CD_vs_HC,1.7991,0.0092412
Colonocytes__OAZ1__CD_vs_HC,Colonocytes,OAZ1,CD_vs_HC,-1.078,0.0010714
Colonocytes__NCLN__CD_vs_HC,Colonocytes,NCLN,CD_vs_HC,1.0564,0.036852
Colonocytes__MFSD12__CD_vs_HC,Colonocytes,MFSD12,CD_vs_HC,2.3047,0.018432
Colonocytes__CREB3L3__CD_vs_HC,Colonocytes,CREB3L3,CD_vs_HC,-3.9841,0.00099351
Colonocytes__GPR108__CD_vs_HC,Colonocytes,GPR108,CD_vs_HC,-1.2054,0.0016111
Colonocytes__CD320__CD_vs_HC,Colonocytes,CD320,CD_vs_HC,1.8449,0.0153
Colonocytes__ANGPTL4__CD_vs_HC,Colonocytes,ANGPTL4,CD_vs_HC,2.8655,0.0058298
Colonocytes__UBL5__CD_vs_HC,Colonocytes,UBL5,CD_vs_HC,-1.0188,0.0083301
Colonocytes__GADD45GIP1__CD_vs_HC,Colonocytes,GADD45GIP1,CD_vs_HC,2.2015,0.027555
Colonocytes__NFIX__CD_vs_HC,Colonocytes,NFIX,CD_vs_HC,2.7844,0.0032367
Colonocytes__TPM4__CD_vs_HC,Colonocytes,TPM4,CD_vs_HC,1.0545,3.5311e-06
Colonocytes__SMIM7__CD_vs_HC,Colonocytes,SMIM7,CD_vs_HC,-1.1155,0.0078882
Colonocytes__REX1BD__CD_vs_HC,Colonocytes,REX1BD,CD_vs_HC,2.5398,0.030864
Colonocytes__FXYD3__CD_vs_HC,Colonocytes,FXYD3,CD_vs_HC,-1.4129,0.047011
Colonocytes__LGI4__CD_vs_HC,Colonocytes,LGI4,CD_vs_HC,-2.7243,0.00023014
Colonocytes__FXYD1__CD_vs_HC,Colonocytes,FXYD1,CD_vs_HC,-2.7292,0.00037767
Colonocytes__PSENEN__CD_vs_HC,Colonocytes,PSENEN,CD_vs_HC,-1.2967,0.022289
Colonocytes__C19orf33__CD_vs_HC,Colonocytes,C19orf33,CD_vs_HC,-1.4505,0.010188
Colonocytes__DMAC2__CD_vs_HC,Colonocytes,DMAC2,CD_vs_HC,-1.7301,0.020482
Colonocytes__ETHE1__CD_vs_HC,Colonocytes,ETHE1,CD_vs_HC,-1.0391,0.0096683
Colonocytes__LYPD5__CD_vs_HC,Colonocytes,LYPD5,CD_vs_HC,3.2632,0.021898
Colonocytes__FTL__CD_vs_HC,Colonocytes,FTL,CD_vs_HC,-1.6068,0.0058298
Colonocytes__FCGRT__CD_vs_HC,Colonocytes,FCGRT,CD_vs_HC,-1.5481,0.018663
Colonocytes__HSPBP1__CD_vs_HC,Colonocytes,HSPBP1,CD_vs_HC,1.5322,0.023289
Colonocytes__TMEM150B__CD_vs_HC,Colonocytes,TMEM150B,CD_vs_HC,-1.5957,0.041298
Colonocytes__CHMP2A__CD_vs_HC,Colonocytes,CHMP2A,CD_vs_HC,-1.0507,0.00034844
Colonocytes__MIF__CD_vs_HC,Colonocytes,MIF,CD_vs_HC,3.4,0.02019
Colonocytes__SLC5A1__CD_vs_HC,Colonocytes,SLC5A1,CD_vs_HC,2.0945,0.023559
Colonocytes__APOL1__CD_vs_HC,Colonocytes,APOL1,CD_vs_HC,2.2985,0.01849
Colonocytes__LGALS2__CD_vs_HC,Colonocytes,LGALS2,CD_vs_HC,-1.7418,0.032746
Colonocytes__POLR2F__CD_vs_HC,Colonocytes,POLR2F,CD_vs_HC,-1.179,0.0012167
Colonocytes__KDELR3__CD_vs_HC,Colonocytes,KDELR3,CD_vs_HC,4.6399,0.018663
Colonocytes__APOBEC3C__CD_vs_HC,Colonocytes,APOBEC3C,CD_vs_HC,-3.6922,0.0023592
Colonocytes__MKL1__CD_vs_HC,Colonocytes,MKL1,CD_vs_HC,1.7815,0.033325
Colonocytes__PMM1__CD_vs_HC,Colonocytes,PMM1,CD_vs_HC,-1.4736,0.014805
Colonocytes__BACE2__CD_vs_HC,Colonocytes,BACE2,CD_vs_HC,3.5363,1.0872e-08
Colonocytes__FAM3B__CD_vs_HC,Colonocytes,FAM3B,CD_vs_HC,5.2411,0.041455
Colonocytes__FAM207A__CD_vs_HC,Colonocytes,FAM207A,CD_vs_HC,2.045,0.019961
Colonocytes__PADI2__UC_vs_CD,Colonocytes,PADI2,UC_vs_CD,-2.8468,0.016351
Colonocytes__PDZK1IP1__UC_vs_CD,Colonocytes,PDZK1IP1,UC_vs_CD,2.5924,0.014815
Colonocytes__ABCD3__UC_vs_CD,Colonocytes,ABCD3,UC_vs_CD,-1.5397,0.044805
Colonocytes__F3__UC_vs_CD,Colonocytes,F3,UC_vs_CD,2.2929,0.019404
Colonocytes__HMGCS2__UC_vs_CD,Colonocytes,HMGCS2,UC_vs_CD,-3.6919,0.011816
Colonocytes__SELENBP1__UC_vs_CD,Colonocytes,SELENBP1,UC_vs_CD,-1.8941,0.0031813
Colonocytes__ELF3-AS1__UC_vs_CD,Colonocytes,ELF3-AS1,UC_vs_CD,1.6265,0.0056398
Colonocytes__C4BPB__UC_vs_CD,Colonocytes,C4BPB,UC_vs_CD,3.2141,0.0047909
Colonocytes__LAMB3__UC_vs_CD,Colonocytes,LAMB3,UC_vs_CD,1.1576,0.00021578
Colonocytes__LPIN1__UC_vs_CD,Colonocytes,LPIN1,UC_vs_CD,1.7226,0.045096
Colonocytes__AAK1__UC_vs_CD,Colonocytes,AAK1,UC_vs_CD,-1.4914,0.022217
Colonocytes__SUCLG1__UC_vs_CD,Colonocytes,SUCLG1,UC_vs_CD,-1.2258,0.015147
Colonocytes__SLC6A20__UC_vs_CD,Colonocytes,SLC6A20,UC_vs_CD,3.0656,0.0074948
Colonocytes__TM4SF1__UC_vs_CD,Colonocytes,TM4SF1,UC_vs_CD,2.7926,0.0042201
Colonocytes__GOLIM4__UC_vs_CD,Colonocytes,GOLIM4,UC_vs_CD,-1.1076,0.047817
Colonocytes__SLC4A4__UC_vs_CD,Colonocytes,SLC4A4,UC_vs_CD,-1.8328,0.0037246
Colonocytes__CXCL3__UC_vs_CD,Colonocytes,CXCL3,UC_vs_CD,1.7257,0.035834
Colonocytes__ANXA3__UC_vs_CD,Colonocytes,ANXA3,UC_vs_CD,2.3357,0.044805
Colonocytes__ADH1C__UC_vs_CD,Colonocytes,ADH1C,UC_vs_CD,-3.894,0.0057045
Colonocytes__TNIP3__UC_vs_CD,Colonocytes,TNIP3,UC_vs_CD,3.6122,0.014815
Colonocytes__SEC24A__UC_vs_CD,Colonocytes,SEC24A,UC_vs_CD,1.5459,0.014749
Colonocytes__SLC26A2__UC_vs_CD,Colonocytes,SLC26A2,UC_vs_CD,-2.7886,0.014619
Colonocytes__SERPINB6__UC_vs_CD,Colonocytes,SERPINB6,UC_vs_CD,1.0121,0.022217
Colonocytes__VNN1__UC_vs_CD,Colonocytes,VNN1,UC_vs_CD,3.2838,0.049193
Colonocytes__MRPS33__UC_vs_CD,Colonocytes,MRPS33,UC_vs_CD,-3.8312,0.03148
Colonocytes__TIMP1__UC_vs_CD,Colonocytes,TIMP1,UC_vs_CD,2.7452,0.014749
Colonocytes__EFNB1__UC_vs_CD,Colonocytes,EFNB1,UC_vs_CD,1.155,0.015167
Colonocytes__SLC25A5__UC_vs_CD,Colonocytes,SLC25A5,UC_vs_CD,-1.2501,0.039605
Colonocytes__BNIP3L__UC_vs_CD,Colonocytes,BNIP3L,UC_vs_CD,2.3079,0.0026671
Colonocytes__ADAM9__UC_vs_CD,Colonocytes,ADAM9,UC_vs_CD,1.5671,0.018075
Colonocytes__FABP5__UC_vs_CD,Colonocytes,FABP5,UC_vs_CD,-2.9709,0.0040334
Colonocytes__CA1__UC_vs_CD,Colonocytes,CA1,UC_vs_CD,-3.2277,0.0002569
Colonocytes__CA2__UC_vs_CD,Colonocytes,CA2,UC_vs_CD,-1.5858,0.00021578
Colonocytes__CDKN2B-AS1__UC_vs_CD,Colonocytes,CDKN2B-AS1,UC_vs_CD,-2.3408,0.031152
Colonocytes__ANXA1__UC_vs_CD,Colonocytes,ANXA1,UC_vs_CD,4.075,0.0042201
Colonocytes__MS4A12__UC_vs_CD,Colonocytes,MS4A12,UC_vs_CD,-2.059,0.014815
Colonocytes__PPP2R5B__UC_vs_CD,Colonocytes,PPP2R5B,UC_vs_CD,1.9403,0.044562
Colonocytes__NDUFV1__UC_vs_CD,Colonocytes,NDUFV1,UC_vs_CD,-1.6281,0.015147
Colonocytes__PSMA6__UC_vs_CD,Colonocytes,PSMA6,UC_vs_CD,1.6565,0.039605
Colonocytes__ERO1A__UC_vs_CD,Colonocytes,ERO1A,UC_vs_CD,2.3076,0.014749
Colonocytes__PKM__UC_vs_CD,Colonocytes,PKM,UC_vs_CD,1.2345,0.028545
Colonocytes__CARHSP1__UC_vs_CD,Colonocytes,CARHSP1,UC_vs_CD,1.7918,0.032468
Colonocytes__MT2A__UC_vs_CD,Colonocytes,MT2A,UC_vs_CD,-3.267,3.8243e-06
Colonocytes__MT1E__UC_vs_CD,Colonocytes,MT1E,UC_vs_CD,-2.9623,1.9829e-05
Colonocytes__MT1M__UC_vs_CD,Colonocytes,MT1M,UC_vs_CD,-4.9808,0.00090295
Colonocytes__MT1F__UC_vs_CD,Colonocytes,MT1F,UC_vs_CD,-4.033,0.010794
Colonocytes__MT1G__UC_vs_CD,Colonocytes,MT1G,UC_vs_CD,-4.7331,8.8638e-08
Colonocytes__MT1H__UC_vs_CD,Colonocytes,MT1H,UC_vs_CD,-5.6453,3.4216e-05
Colonocytes__MT1X__UC_vs_CD,Colonocytes,MT1X,UC_vs_CD,-4.3837,0.00059222
Colonocytes__ATP5MC1__UC_vs_CD,Colonocytes,ATP5MC1,UC_vs_CD,-1.7814,0.024831
Colonocytes__SMIM6__UC_vs_CD,Colonocytes,SMIM6,UC_vs_CD,1.5697,0.02505
Colonocytes__TIMP2__UC_vs_CD,Colonocytes,TIMP2,UC_vs_CD,1.8637,0.039605
Colonocytes__PI3__UC_vs_CD,Colonocytes,PI3,UC_vs_CD,2.3962,0.044805
Colonocytes__PLIN3__UC_vs_CD,Colonocytes,PLIN3,UC_vs_CD,1.2489,9.0513e-05
Colonocytes__KCNK6__UC_vs_CD,Colonocytes,KCNK6,UC_vs_CD,1.1501,0.0024322
Colonocytes__ARFGAP3__UC_vs_CD,Colonocytes,ARFGAP3,UC_vs_CD,1.7167,0.0057045
Endothelium__TXNIP__UC_vs_HC,Endothelium,TXNIP,UC_vs_HC,-2.3222,0.049827
Endothelium__CD36__UC_vs_HC,Endothelium,CD36,UC_vs_HC,-4.3884,0.049827
Endothelium__FABP5__UC_vs_HC,Endothelium,FABP5,UC_vs_HC,-2.5701,0.049827
Endothelium__GSN__UC_vs_HC,Endothelium,GSN,UC_vs_HC,-2.4733,0.0034965
Epithelium_Ribhi__F3__UC_vs_HC,Epithelium Ribhi,F3,UC_vs_HC,2.0722,0.011257
Epithelium_Ribhi__KCND3__UC_vs_HC,Epithelium Ribhi,KCND3,UC_vs_HC,5.0651,0.0028964
Epithelium_Ribhi__HMGCS2__UC_vs_HC,Epithelium Ribhi,HMGCS2,UC_vs_HC,-3.2009,0.00016464
Epithelium_Ribhi__SELENBP1__UC_vs_HC,Epithelium Ribhi,SELENBP1,UC_vs_HC,-1.738,8.8751e-06
Epithelium_Ribhi__S100A9__UC_vs_HC,Epithelium Ribhi,S100A9,UC_vs_HC,6.9204,2.8184e-05
Epithelium_Ribhi__MUC1__UC_vs_HC,Epithelium Ribhi,MUC1,UC_vs_HC,1.4681,0.00090766
Epithelium_Ribhi__C4BPB__UC_vs_HC,Epithelium Ribhi,C4BPB,UC_vs_HC,3.796,0.0071465
Epithelium_Ribhi__EPRS__UC_vs_HC,Epithelium Ribhi,EPRS,UC_vs_HC,1.2891,0.049117
Epithelium_Ribhi__ID2__UC_vs_HC,Epithelium Ribhi,ID2,UC_vs_HC,-1.7049,0.031913
Epithelium_Ribhi__HK2__UC_vs_HC,Epithelium Ribhi,HK2,UC_vs_HC,1.6524,0.00024077
Epithelium_Ribhi__REG1B__UC_vs_HC,Epithelium Ribhi,REG1B,UC_vs_HC,9.6701,8.741e-05
Epithelium_Ribhi__REG1A__UC_vs_HC,Epithelium Ribhi,REG1A,UC_vs_HC,12.361,5.8284e-11
Epithelium_Ribhi__REG3A__UC_vs_HC,Epithelium Ribhi,REG3A,UC_vs_HC,10.338,0.00024077
Epithelium_Ribhi__FABP1__UC_vs_HC,Epithelium Ribhi,FABP1,UC_vs_HC,-2.5616,0.0019181
Epithelium_Ribhi__MIR4435-2HG__UC_vs_HC,Epithelium Ribhi,MIR4435-2HG,UC_vs_HC,3.0158,0.040722
Epithelium_Ribhi__SCN9A__UC_vs_HC,Epithelium Ribhi,SCN9A,UC_vs_HC,-2.4225,0.040722
Epithelium_Ribhi__SLC40A1__UC_vs_HC,Epithelium Ribhi,SLC40A1,UC_vs_HC,1.7871,0.046997
Epithelium_Ribhi__CASP10__UC_vs_HC,Epithelium Ribhi,CASP10,UC_vs_HC,1.6957,0.0048356
Epithelium_Ribhi__KLF7__UC_vs_HC,Epithelium Ribhi,KLF7,UC_vs_HC,2.7852,0.033809
Epithelium_Ribhi__CCL20__UC_vs_HC,Epithelium Ribhi,CCL20,UC_vs_HC,2.9939,0.010436
Epithelium_Ribhi__PARP14__UC_vs_HC,Epithelium Ribhi,PARP14,UC_vs_HC,1.468,0.0014957
Epithelium_Ribhi__SSR3__UC_vs_HC,Epithelium Ribhi,SSR3,UC_vs_HC,1.7121,0.032214
Epithelium_Ribhi__GPR160__UC_vs_HC,Epithelium Ribhi,GPR160,UC_vs_HC,-1.7869,0.037768
Epithelium_Ribhi__S100P__UC_vs_HC,Epithelium Ribhi,S100P,UC_vs_HC,2.8348,0.0014825
Epithelium_Ribhi__CXCL1__UC_vs_HC,Epithelium Ribhi,CXCL1,UC_vs_HC,2.6999,0.0077509
Epithelium_Ribhi__ADH1C__UC_vs_HC,Epithelium Ribhi,ADH1C,UC_vs_HC,-2.0461,0.0072322
Epithelium_Ribhi__TNIP3__UC_vs_HC,Epithelium Ribhi,TNIP3,UC_vs_HC,5.9301,2.6939e-05
Epithelium_Ribhi__SPCS3__UC_vs_HC,Epithelium Ribhi,SPCS3,UC_vs_HC,1.6558,0.037768
Epithelium_Ribhi__LPCAT1__UC_vs_HC,Epithelium Ribhi,LPCAT1,UC_vs_HC,3.8252,0.0035112
Epithelium_Ribhi__CCL28__UC_vs_HC,Epithelium Ribhi,CCL28,UC_vs_HC,1.2287,0.037999
Epithelium_Ribhi__GLRX__UC_vs_HC,Epithelium Ribhi,GLRX,UC_vs_HC,1.9136,5.5813e-08
Epithelium_Ribhi__SLC26A2__UC_vs_HC,Epithelium Ribhi,SLC26A2,UC_vs_HC,-2.5528,0.04917
Epithelium_Ribhi__CFB__UC_vs_HC,Epithelium Ribhi,CFB,UC_vs_HC,3.0413,0.0019086
Epithelium_Ribhi__CCDC167__UC_vs_HC,Epithelium Ribhi,CCDC167,UC_vs_HC,1.8544,0.00071118
Epithelium_Ribhi__EPB41L2__UC_vs_HC,Epithelium Ribhi,EPB41L2,UC_vs_HC,1.544,0.022576
Epithelium_Ribhi__ADGRG6__UC_vs_HC,Epithelium Ribhi,ADGRG6,UC_vs_HC,2.6494,0.049759
Epithelium_Ribhi__AGPAT4__UC_vs_HC,Epithelium Ribhi,AGPAT4,UC_vs_HC,5.2525,0.00041802
Epithelium_Ribhi__BAIAP2L1__UC_vs_HC,Epithelium Ribhi,BAIAP2L1,UC_vs_HC,1.2004,0.04917
Epithelium_Ribhi__MGAM2__UC_vs_HC,Epithelium Ribhi,MGAM2,UC_vs_HC,4.5687,0.0015476
Epithelium_Ribhi__PDIA4__UC_vs_HC,Epithelium Ribhi,PDIA4,UC_vs_HC,1.3109,0.0084422
Epithelium_Ribhi__TIMP1__UC_vs_HC,Epithelium Ribhi,TIMP1,UC_vs_HC,2.3266,0.0072953
Epithelium_Ribhi__CLDN2__UC_vs_HC,Epithelium Ribhi,CLDN2,UC_vs_HC,6.4471,0.01086
Epithelium_Ribhi__SLC6A14__UC_vs_HC,Epithelium Ribhi,SLC6A14,UC_vs_HC,5.1618,0.0035362
Epithelium_Ribhi__SLC25A37__UC_vs_HC,Epithelium Ribhi,SLC25A37,UC_vs_HC,1.8477,5.7575e-05
Epithelium_Ribhi__CA1__UC_vs_HC,Epithelium Ribhi,CA1,UC_vs_HC,-4.2578,0.00019958
Epithelium_Ribhi__CA2__UC_vs_HC,Epithelium Ribhi,CA2,UC_vs_HC,-1.527,0.00055133
Epithelium_Ribhi__ANXA1__UC_vs_HC,Epithelium Ribhi,ANXA1,UC_vs_HC,3.6006,0.0054635
Epithelium_Ribhi__SLC28A3__UC_vs_HC,Epithelium Ribhi,SLC28A3,UC_vs_HC,3.567,0.0075913
Epithelium_Ribhi__STOM__UC_vs_HC,Epithelium Ribhi,STOM,UC_vs_HC,3.7956,0.00069923
Epithelium_Ribhi__LCN2__UC_vs_HC,Epithelium Ribhi,LCN2,UC_vs_HC,4.7344,2.1979e-11
Epithelium_Ribhi__ASS1__UC_vs_HC,Epithelium Ribhi,ASS1,UC_vs_HC,2.2394,0.0010803
Epithelium_Ribhi__SAA2__UC_vs_HC,Epithelium Ribhi,SAA2,UC_vs_HC,6.8809,0.0058257
Epithelium_Ribhi__SAA1__UC_vs_HC,Epithelium Ribhi,SAA1,UC_vs_HC,7.8537,0.00041802
Epithelium_Ribhi__MMP7__UC_vs_HC,Epithelium Ribhi,MMP7,UC_vs_HC,6.691,1.7728e-05
Epithelium_Ribhi__CADM1__UC_vs_HC,Epithelium Ribhi,CADM1,UC_vs_HC,3.7481,0.012204
Epithelium_Ribhi__CDHR1__UC_vs_HC,Epithelium Ribhi,CDHR1,UC_vs_HC,-1.9366,0.031023
Epithelium_Ribhi__ADIRF__UC_vs_HC,Epithelium Ribhi,ADIRF,UC_vs_HC,-2.9319,3.4724e-06
Epithelium_Ribhi__FFAR4__UC_vs_HC,Epithelium Ribhi,FFAR4,UC_vs_HC,4.5416,0.023011
Epithelium_Ribhi__DMBT1__UC_vs_HC,Epithelium Ribhi,DMBT1,UC_vs_HC,3.5308,0.00055133
Epithelium_Ribhi__HSP90B1__UC_vs_HC,Epithelium Ribhi,HSP90B1,UC_vs_HC,1.114,0.004444
Epithelium_Ribhi__BICDL1__UC_vs_HC,Epithelium Ribhi,BICDL1,UC_vs_HC,2.706,0.01197
Epithelium_Ribhi__OLFM4__UC_vs_HC,Epithelium Ribhi,OLFM4,UC_vs_HC,4.1625,4.7194e-07
Epithelium_Ribhi__HIF1A__UC_vs_HC,Epithelium Ribhi,HIF1A,UC_vs_HC,1.3454,0.010877
Epithelium_Ribhi__ENTPD5__UC_vs_HC,Epithelium Ribhi,ENTPD5,UC_vs_HC,-1.6318,0.042746
Epithelium_Ribhi__IGHG1__UC_vs_HC,Epithelium Ribhi,IGHG1,UC_vs_HC,4.9786,0.028792
Epithelium_Ribhi__DUOX2__UC_vs_HC,Epithelium Ribhi,DUOX2,UC_vs_HC,8.3436,5.8284e-11
Epithelium_Ribhi__DUOXA2__UC_vs_HC,Epithelium Ribhi,DUOXA2,UC_vs_HC,9.8572,8.8751e-06
Epithelium_Ribhi__GCNT3__UC_vs_HC,Epithelium Ribhi,GCNT3,UC_vs_HC,1.8109,4.8858e-06
Epithelium_Ribhi__PRSS22__UC_vs_HC,Epithelium Ribhi,PRSS22,UC_vs_HC,4.1802,0.021042
Epithelium_Ribhi__TMC5__UC_vs_HC,Epithelium Ribhi,TMC5,UC_vs_HC,1.641,0.00030156
Epithelium_Ribhi__ZG16__UC_vs_HC,Epithelium Ribhi,ZG16,UC_vs_HC,-3.8725,0.0035112
Epithelium_Ribhi__MT2A__UC_vs_HC,Epithelium Ribhi,MT2A,UC_vs_HC,-1.3255,0.014253
Epithelium_Ribhi__MT1E__UC_vs_HC,Epithelium Ribhi,MT1E,UC_vs_HC,-2.2229,9.5603e-06
Epithelium_Ribhi__MT1M__UC_vs_HC,Epithelium Ribhi,MT1M,UC_vs_HC,-5.4039,0.0036464
Epithelium_Ribhi__MT1F__UC_vs_HC,Epithelium Ribhi,MT1F,UC_vs_HC,-2.8089,0.03562
Epithelium_Ribhi__MT1G__UC_vs_HC,Epithelium Ribhi,MT1G,UC_vs_HC,-3.7505,1.3537e-07
Epithelium_Ribhi__MT1H__UC_vs_HC,Epithelium Ribhi,MT1H,UC_vs_HC,-4.1654,0.0094418
Epithelium_Ribhi__MT1X__UC_vs_HC,Epithelium Ribhi,MT1X,UC_vs_HC,-1.9243,0.00024077
Epithelium_Ribhi__DHRS11__UC_vs_HC,Epithelium Ribhi,DHRS11,UC_vs_HC,-2.5499,0.022101
Epithelium_Ribhi__KRT17__UC_vs_HC,Epithelium Ribhi,KRT17,UC_vs_HC,5.2127,0.024968
Epithelium_Ribhi__PI3__UC_vs_HC,Epithelium Ribhi,PI3,UC_vs_HC,5.1389,9.539e-06
Epithelium_Ribhi__PCK1__UC_vs_HC,Epithelium Ribhi,PCK1,UC_vs_HC,-1.9501,0.00041802
Epithelium_Ribhi__PMEPA1__UC_vs_HC,Epithelium Ribhi,PMEPA1,UC_vs_HC,1.5939,0.026714
Epithelium_Ribhi__TPM4__UC_vs_HC,Epithelium Ribhi,TPM4,UC_vs_HC,1.0891,0.019932
Epithelium_Ribhi__FXYD5__UC_vs_HC,Epithelium Ribhi,FXYD5,UC_vs_HC,3.6473,0.000203
Epithelium_Ribhi__LGALS4__UC_vs_HC,Epithelium Ribhi,LGALS4,UC_vs_HC,-1.1088,0.0048356
Epithelium_Ribhi__CEACAM5__UC_vs_HC,Epithelium Ribhi,CEACAM5,UC_vs_HC,1.9523,1.3458e-06
Epithelium_Ribhi__CEACAM6__UC_vs_HC,Epithelium Ribhi,CEACAM6,UC_vs_HC,2.9411,0.00056583
Epithelium_Ribhi__ARFGAP3__UC_vs_HC,Epithelium Ribhi,ARFGAP3,UC_vs_HC,1.4328,0.023011
Epithelium_Ribhi__KCND3__CD_vs_HC,Epithelium Ribhi,KCND3,CD_vs_HC,4.4408,0.01072
Epithelium_Ribhi__MUC1__CD_vs_HC,Epithelium Ribhi,MUC1,CD_vs_HC,1.3786,0.0021043
Epithelium_Ribhi__HIST3H2A__CD_vs_HC,Epithelium Ribhi,HIST3H2A,CD_vs_HC,2.4753,0.02489
Epithelium_Ribhi__REG1B__CD_vs_HC,Epithelium Ribhi,REG1B,CD_vs_HC,8.9389,0.0013952
Epithelium_Ribhi__REG1A__CD_vs_HC,Epithelium Ribhi,REG1A,CD_vs_HC,11.632,4.756e-09
Epithelium_Ribhi__REG3A__CD_vs_HC,Epithelium Ribhi,REG3A,CD_vs_HC,10.354,0.00074005
Epithelium_Ribhi__DTX3L__CD_vs_HC,Epithelium Ribhi,DTX3L,CD_vs_HC,1.4457,0.013025
Epithelium_Ribhi__PARP14__CD_vs_HC,Epithelium Ribhi,PARP14,CD_vs_HC,1.2752,0.00025852
Epithelium_Ribhi__TIPARP__CD_vs_HC,Epithelium Ribhi,TIPARP,CD_vs_HC,1.63,0.029206
Epithelium_Ribhi__USP38__CD_vs_HC,Epithelium Ribhi,USP38,CD_vs_HC,1.6842,0.031524
Epithelium_Ribhi__PTGER4__CD_vs_HC,Epithelium Ribhi,PTGER4,CD_vs_HC,1.4524,0.031524
Epithelium_Ribhi__EDN1__CD_vs_HC,Epithelium Ribhi,EDN1,CD_vs_HC,-1.7444,0.0044985
Epithelium_Ribhi__C2__CD_vs_HC,Epithelium Ribhi,C2,CD_vs_HC,3.6555,0.0029801
Epithelium_Ribhi__CFB__CD_vs_HC,Epithelium Ribhi,CFB,CD_vs_HC,2.2476,0.019797
Epithelium_Ribhi__HLA-DRA__CD_vs_HC,Epithelium Ribhi,HLA-DRA,CD_vs_HC,3.3447,0.0021043
Epithelium_Ribhi__HLA-DPB1__CD_vs_HC,Epithelium Ribhi,HLA-DPB1,CD_vs_HC,3.1171,0.048692
Epithelium_Ribhi__ELOVL5__CD_vs_HC,Epithelium Ribhi,ELOVL5,CD_vs_HC,3.3566,0.0029801
Epithelium_Ribhi__SLC25A37__CD_vs_HC,Epithelium Ribhi,SLC25A37,CD_vs_HC,1.2162,0.02489
Epithelium_Ribhi__CDKN2B-AS1__CD_vs_HC,Epithelium Ribhi,CDKN2B-AS1,CD_vs_HC,-2.1233,0.016824
Epithelium_Ribhi__SPINK4__CD_vs_HC,Epithelium Ribhi,SPINK4,CD_vs_HC,3.9425,0.02489
Epithelium_Ribhi__LCN2__CD_vs_HC,Epithelium Ribhi,LCN2,CD_vs_HC,3.557,4.3078e-06
Epithelium_Ribhi__ASS1__CD_vs_HC,Epithelium Ribhi,ASS1,CD_vs_HC,2.12,0.0021043
Epithelium_Ribhi__CAPRIN1__CD_vs_HC,Epithelium Ribhi,CAPRIN1,CD_vs_HC,1.1159,0.044221
Epithelium_Ribhi__FADS2__CD_vs_HC,Epithelium Ribhi,FADS2,CD_vs_HC,4,0.048692
Epithelium_Ribhi__ADIRF__CD_vs_HC,Epithelium Ribhi,ADIRF,CD_vs_HC,-1.8271,0.00074005
Epithelium_Ribhi__IFIT3__CD_vs_HC,Epithelium Ribhi,IFIT3,CD_vs_HC,3.4063,0.042547
Epithelium_Ribhi__PLEKHS1__CD_vs_HC,Epithelium Ribhi,PLEKHS1,CD_vs_HC,3.1839,0.010011
Epithelium_Ribhi__DMBT1__CD_vs_HC,Epithelium Ribhi,DMBT1,CD_vs_HC,2.8814,0.022876
Epithelium_Ribhi__MKI67__CD_vs_HC,Epithelium Ribhi,MKI67,CD_vs_HC,1.5136,0.035925
Epithelium_Ribhi__OLFM4__CD_vs_HC,Epithelium Ribhi,OLFM4,CD_vs_HC,4.0102,2.4357e-06
Epithelium_Ribhi__IGHG2__CD_vs_HC,Epithelium Ribhi,IGHG2,CD_vs_HC,6.4218,0.048692
Epithelium_Ribhi__IGHG1__CD_vs_HC,Epithelium Ribhi,IGHG1,CD_vs_HC,5.4478,0.014343
Epithelium_Ribhi__IGHG3__CD_vs_HC,Epithelium Ribhi,IGHG3,CD_vs_HC,5.9666,0.0031893
Epithelium_Ribhi__IGHM__CD_vs_HC,Epithelium Ribhi,IGHM,CD_vs_HC,4.0724,0.036909
Epithelium_Ribhi__DUOX2__CD_vs_HC,Epithelium Ribhi,DUOX2,CD_vs_HC,6.7944,1.6067e-06
Epithelium_Ribhi__DUOXA2__CD_vs_HC,Epithelium Ribhi,DUOXA2,CD_vs_HC,7.6183,0.0044985
Epithelium_Ribhi__TMC5__CD_vs_HC,Epithelium Ribhi,TMC5,CD_vs_HC,1.1504,0.035925
Epithelium_Ribhi__MT2A__CD_vs_HC,Epithelium Ribhi,MT2A,CD_vs_HC,-1.174,0.02489
Epithelium_Ribhi__MT1F__CD_vs_HC,Epithelium Ribhi,MT1F,CD_vs_HC,-2.2175,0.0073486
Epithelium_Ribhi__MT1G__CD_vs_HC,Epithelium Ribhi,MT1G,CD_vs_HC,-1.9218,0.042547
Epithelium_Ribhi__MT1H__CD_vs_HC,Epithelium Ribhi,MT1H,CD_vs_HC,-2.4361,0.0021043
Epithelium_Ribhi__MT1X__CD_vs_HC,Epithelium Ribhi,MT1X,CD_vs_HC,-1.2971,0.013025
Epithelium_Ribhi__HSD17B2__CD_vs_HC,Epithelium Ribhi,HSD17B2,CD_vs_HC,-3.3698,0.0021043
Epithelium_Ribhi__AC005920.1__CD_vs_HC,Epithelium Ribhi,AC005920.1,CD_vs_HC,1.653,0.0021043
Epithelium_Ribhi__OTOP2__CD_vs_HC,Epithelium Ribhi,OTOP2,CD_vs_HC,-3.6335,0.048692
Epithelium_Ribhi__SBNO2__CD_vs_HC,Epithelium Ribhi,SBNO2,CD_vs_HC,1.203,0.048692
Epithelium_Ribhi__TPM4__CD_vs_HC,Epithelium Ribhi,TPM4,CD_vs_HC,1.0843,0.0048549
Epithelium_Ribhi__FXYD3__CD_vs_HC,Epithelium Ribhi,FXYD3,CD_vs_HC,-1.2957,0.017947
Epithelium_Ribhi__LGALS4__CD_vs_HC,Epithelium Ribhi,LGALS4,CD_vs_HC,-1.0688,0.0091386
Epithelium_Ribhi__CEACAM5__CD_vs_HC,Epithelium Ribhi,CEACAM5,CD_vs_HC,1.1925,0.02489
Epithelium_Ribhi__SLC5A1__CD_vs_HC,Epithelium Ribhi,SLC5A1,CD_vs_HC,1.3185,0.035925
Epithelium_Ribhi__BACE2__CD_vs_HC,Epithelium Ribhi,BACE2,CD_vs_HC,1.5398,0.029206
Epithelium_Ribhi__GLRX__UC_vs_CD,Epithelium Ribhi,GLRX,UC_vs_CD,1.4746,0.0051141
Epithelium_Ribhi__MMP7__UC_vs_CD,Epithelium Ribhi,MMP7,UC_vs_CD,4.7581,0.0051141
Epithelium_Ribhi__GCNT3__UC_vs_CD,Epithelium Ribhi,GCNT3,UC_vs_CD,1.4319,0.024982
Fibroblast_(subtipo_indeterminado)__PDPN__UC_vs_HC,Fibroblast (subtipo indeterminado),PDPN,UC_vs_HC,2.5138,1.2107e-06
Fibroblast_(subtipo_indeterminado)__PIK3R3__UC_vs_HC,Fibroblast (subtipo indeterminado),PIK3R3,UC_vs_HC,-1.6641,0.036608
Fibroblast_(subtipo_indeterminado)__SGIP1__UC_vs_HC,Fibroblast (subtipo indeterminado),SGIP1,UC_vs_HC,1.9144,1.0637e-05
Fibroblast_(subtipo_indeterminado)__GSTM5__UC_vs_HC,Fibroblast (subtipo indeterminado),GSTM5,UC_vs_HC,-1.9981,0.0013761
Fibroblast_(subtipo_indeterminado)__SLC16A4__UC_vs_HC,Fibroblast (subtipo indeterminado),SLC16A4,UC_vs_HC,1.983,0.049952
Fibroblast_(subtipo_indeterminado)__CHI3L2__UC_vs_HC,Fibroblast (subtipo indeterminado),CHI3L2,UC_vs_HC,7.5494,0.00057059
Fibroblast_(subtipo_indeterminado)__TSPAN2__UC_vs_HC,Fibroblast (subtipo indeterminado),TSPAN2,UC_vs_HC,2.0352,0.037912
Fibroblast_(subtipo_indeterminado)__TXNIP__UC_vs_HC,Fibroblast (subtipo indeterminado),TXNIP,UC_vs_HC,-1.8152,0.019715
Fibroblast_(subtipo_indeterminado)__CTSK__UC_vs_HC,Fibroblast (subtipo indeterminado),CTSK,UC_vs_HC,1.1449,0.04204
Fibroblast_(subtipo_indeterminado)__C1orf56__UC_vs_HC,Fibroblast (subtipo indeterminado),C1orf56,UC_vs_HC,2.1926,0.013105
Fibroblast_(subtipo_indeterminado)__CADM3__UC_vs_HC,Fibroblast (subtipo indeterminado),CADM3,UC_vs_HC,-2.1784,0.037963
Fibroblast_(subtipo_indeterminado)__PRRX1__UC_vs_HC,Fibroblast (subtipo indeterminado),PRRX1,UC_vs_HC,3.0156,0.005363
Fibroblast_(subtipo_indeterminado)__ANGPTL1__UC_vs_HC,Fibroblast (subtipo indeterminado),ANGPTL1,UC_vs_HC,-2.4294,0.0084863
Fibroblast_(subtipo_indeterminado)__CHI3L1__UC_vs_HC,Fibroblast (subtipo indeterminado),CHI3L1,UC_vs_HC,6.0215,1.6919e-05
Fibroblast_(subtipo_indeterminado)__SOX13__UC_vs_HC,Fibroblast (subtipo indeterminado),SOX13,UC_vs_HC,-2.1616,0.026266
Fibroblast_(subtipo_indeterminado)__AGT__UC_vs_HC,Fibroblast (subtipo indeterminado),AGT,UC_vs_HC,2.3394,0.017201
Fibroblast_(subtipo_indeterminado)__RN7SL832P__UC_vs_HC,Fibroblast (subtipo indeterminado),RN7SL832P,UC_vs_HC,-2.5583,0.0051411
Fibroblast_(subtipo_indeterminado)__HAAO__UC_vs_HC,Fibroblast (subtipo indeterminado),HAAO,UC_vs_HC,-1.8947,0.018957
Fibroblast_(subtipo_indeterminado)__ST3GAL5__UC_vs_HC,Fibroblast (subtipo indeterminado),ST3GAL5,UC_vs_HC,1.2729,0.047535
Fibroblast_(subtipo_indeterminado)__FABP1__UC_vs_HC,Fibroblast (subtipo indeterminado),FABP1,UC_vs_HC,-5.9409,1.0637e-05
Fibroblast_(subtipo_indeterminado)__MIR4435-2HG__UC_vs_HC,Fibroblast (subtipo indeterminado),MIR4435-2HG,UC_vs_HC,1.5764,0.018957
Fibroblast_(subtipo_indeterminado)__ARHGAP15__UC_vs_HC,Fibroblast (subtipo indeterminado),ARHGAP15,UC_vs_HC,-1.6187,0.036085
Fibroblast_(subtipo_indeterminado)__FAP__UC_vs_HC,Fibroblast (subtipo indeterminado),FAP,UC_vs_HC,5.8451,0.021013
Fibroblast_(subtipo_indeterminado)__GULP1__UC_vs_HC,Fibroblast (subtipo indeterminado),GULP1,UC_vs_HC,-1.3645,0.048276
Fibroblast_(subtipo_indeterminado)__MYO1B__UC_vs_HC,Fibroblast (subtipo indeterminado),MYO1B,UC_vs_HC,1.5913,0.018957
Fibroblast_(subtipo_indeterminado)__FN1__UC_vs_HC,Fibroblast (subtipo indeterminado),FN1,UC_vs_HC,-1.7843,0.0017817
Fibroblast_(subtipo_indeterminado)__IGFBP5__UC_vs_HC,Fibroblast (subtipo indeterminado),IGFBP5,UC_vs_HC,2.8577,1.652e-05
Fibroblast_(subtipo_indeterminado)__RAMP1__UC_vs_HC,Fibroblast (subtipo indeterminado),RAMP1,UC_vs_HC,4.3226,0.020941
Fibroblast_(subtipo_indeterminado)__FBLN2__UC_vs_HC,Fibroblast (subtipo indeterminado),FBLN2,UC_vs_HC,-1.318,0.0011143
Fibroblast_(subtipo_indeterminado)__MRAS__UC_vs_HC,Fibroblast (subtipo indeterminado),MRAS,UC_vs_HC,1.9378,0.029541
Fibroblast_(subtipo_indeterminado)__LXN__UC_vs_HC,Fibroblast (subtipo indeterminado),LXN,UC_vs_HC,2.3184,1.9688e-07
Fibroblast_(subtipo_indeterminado)__RARRES1__UC_vs_HC,Fibroblast (subtipo indeterminado),RARRES1,UC_vs_HC,3.0552,0.018957
Fibroblast_(subtipo_indeterminado)__ZMAT3__UC_vs_HC,Fibroblast (subtipo indeterminado),ZMAT3,UC_vs_HC,-1.1208,0.03551
Fibroblast_(subtipo_indeterminado)__APOD__UC_vs_HC,Fibroblast (subtipo indeterminado),APOD,UC_vs_HC,2.7566,0.022868
Fibroblast_(subtipo_indeterminado)__SLIT2__UC_vs_HC,Fibroblast (subtipo indeterminado),SLIT2,UC_vs_HC,-1.6304,0.047799
Fibroblast_(subtipo_indeterminado)__KLHL5__UC_vs_HC,Fibroblast (subtipo indeterminado),KLHL5,UC_vs_HC,1.8299,0.018957
Fibroblast_(subtipo_indeterminado)__FDCSP__UC_vs_HC,Fibroblast (subtipo indeterminado),FDCSP,UC_vs_HC,4.5862,0.00053415
Fibroblast_(subtipo_indeterminado)__CXCL2__UC_vs_HC,Fibroblast (subtipo indeterminado),CXCL2,UC_vs_HC,2.0622,0.048276
Fibroblast_(subtipo_indeterminado)__EMCN__UC_vs_HC,Fibroblast (subtipo indeterminado),EMCN,UC_vs_HC,-4.6353,0.0075451
Fibroblast_(subtipo_indeterminado)__MAB21L2__UC_vs_HC,Fibroblast (subtipo indeterminado),MAB21L2,UC_vs_HC,-1.3327,0.036085
Fibroblast_(subtipo_indeterminado)__GUCY1B1__UC_vs_HC,Fibroblast (subtipo indeterminado),GUCY1B1,UC_vs_HC,1.3036,0.049441
Fibroblast_(subtipo_indeterminado)__HMGB2__UC_vs_HC,Fibroblast (subtipo indeterminado),HMGB2,UC_vs_HC,-1.2098,0.01428
Fibroblast_(subtipo_indeterminado)__SPCS3__UC_vs_HC,Fibroblast (subtipo indeterminado),SPCS3,UC_vs_HC,1.2459,0.042749
Fibroblast_(subtipo_indeterminado)__PLPP1__UC_vs_HC,Fibroblast (subtipo indeterminado),PLPP1,UC_vs_HC,1.3996,0.049441
Fibroblast_(subtipo_indeterminado)__ADAMTS6__UC_vs_HC,Fibroblast (subtipo indeterminado),ADAMTS6,UC_vs_HC,2.8527,0.021376
Fibroblast_(subtipo_indeterminado)__PAM__UC_vs_HC,Fibroblast (subtipo indeterminado),PAM,UC_vs_HC,-1.3217,0.017201
Fibroblast_(subtipo_indeterminado)__TNFAIP8__UC_vs_HC,Fibroblast (subtipo indeterminado),TNFAIP8,UC_vs_HC,1.906,0.025246
Fibroblast_(subtipo_indeterminado)__SNCAIP__UC_vs_HC,Fibroblast (subtipo indeterminado),SNCAIP,UC_vs_HC,1.7277,0.022364
Fibroblast_(subtipo_indeterminado)__SRA1__UC_vs_HC,Fibroblast (subtipo indeterminado),SRA1,UC_vs_HC,1.0572,0.02506
Fibroblast_(subtipo_indeterminado)__GPX3__UC_vs_HC,Fibroblast (subtipo indeterminado),GPX3,UC_vs_HC,-2.2479,4.2753e-05
Fibroblast_(subtipo_indeterminado)__FAXDC2__UC_vs_HC,Fibroblast (subtipo indeterminado),FAXDC2,UC_vs_HC,-1.7075,0.049952
Fibroblast_(subtipo_indeterminado)__SLIT3__UC_vs_HC,Fibroblast (subtipo indeterminado),SLIT3,UC_vs_HC,-2.3931,0.00015416
Fibroblast_(subtipo_indeterminado)__COL23A1__UC_vs_HC,Fibroblast (subtipo indeterminado),COL23A1,UC_vs_HC,2.3792,0.049952
Fibroblast_(subtipo_indeterminado)__CD83__UC_vs_HC,Fibroblast (subtipo indeterminado),CD83,UC_vs_HC,-3.2892,0.023938
Fibroblast_(subtipo_indeterminado)__MYLIP__UC_vs_HC,Fibroblast (subtipo indeterminado),MYLIP,UC_vs_HC,-2.1356,0.0011152
Fibroblast_(subtipo_indeterminado)__CFB__UC_vs_HC,Fibroblast (subtipo indeterminado),CFB,UC_vs_HC,2.5093,0.018957
Fibroblast_(subtipo_indeterminado)__TNXB__UC_vs_HC,Fibroblast (subtipo indeterminado),TNXB,UC_vs_HC,-2.6029,0.00051047
Fibroblast_(subtipo_indeterminado)__CDKN1A__UC_vs_HC,Fibroblast (subtipo indeterminado),CDKN1A,UC_vs_HC,-1.3912,0.037912
Fibroblast_(subtipo_indeterminado)__DAAM2__UC_vs_HC,Fibroblast (subtipo indeterminado),DAAM2,UC_vs_HC,-1.5015,0.047562
Fibroblast_(subtipo_indeterminado)__MRPL14__UC_vs_HC,Fibroblast (subtipo indeterminado),MRPL14,UC_vs_HC,1.2892,0.036085
Fibroblast_(subtipo_indeterminado)__RCAN2__UC_vs_HC,Fibroblast (subtipo indeterminado),RCAN2,UC_vs_HC,-1.5825,0.036797
Fibroblast_(subtipo_indeterminado)__TNFAIP3__UC_vs_HC,Fibroblast (subtipo indeterminado),TNFAIP3,UC_vs_HC,1.789,0.018786
Fibroblast_(subtipo_indeterminado)__FAM20C__UC_vs_HC,Fibroblast (subtipo indeterminado),FAM20C,UC_vs_HC,1.7611,0.0059928
Fibroblast_(subtipo_indeterminado)__NPY__UC_vs_HC,Fibroblast (subtipo indeterminado),NPY,UC_vs_HC,-4.9398,0.017766
Fibroblast_(subtipo_indeterminado)__TRIL__UC_vs_HC,Fibroblast (subtipo indeterminado),TRIL,UC_vs_HC,-1.9805,0.031685
Fibroblast_(subtipo_indeterminado)__ASL__UC_vs_HC,Fibroblast (subtipo indeterminado),ASL,UC_vs_HC,1.6161,0.036797
Fibroblast_(subtipo_indeterminado)__HGF__UC_vs_HC,Fibroblast (subtipo indeterminado),HGF,UC_vs_HC,2.0731,0.0014603
Fibroblast_(subtipo_indeterminado)__STEAP2__UC_vs_HC,Fibroblast (subtipo indeterminado),STEAP2,UC_vs_HC,2.7931,0.0049045
Fibroblast_(subtipo_indeterminado)__FZD1__UC_vs_HC,Fibroblast (subtipo indeterminado),FZD1,UC_vs_HC,-1.4373,0.010486
Fibroblast_(subtipo_indeterminado)__PDK4__UC_vs_HC,Fibroblast (subtipo indeterminado),PDK4,UC_vs_HC,-1.7333,0.012127
Fibroblast_(subtipo_indeterminado)__CCDC71L__UC_vs_HC,Fibroblast (subtipo indeterminado),CCDC71L,UC_vs_HC,1.8435,2.3604e-09
Fibroblast_(subtipo_indeterminado)__AC016831.1__UC_vs_HC,Fibroblast (subtipo indeterminado),AC016831.1,UC_vs_HC,1.6535,0.049952
Fibroblast_(subtipo_indeterminado)__PTN__UC_vs_HC,Fibroblast (subtipo indeterminado),PTN,UC_vs_HC,-2.2618,0.018957
Fibroblast_(subtipo_indeterminado)__ZC3HAV1__UC_vs_HC,Fibroblast (subtipo indeterminado),ZC3HAV1,UC_vs_HC,-2.4853,0.0066049
Fibroblast_(subtipo_indeterminado)__RARRES2__UC_vs_HC,Fibroblast (subtipo indeterminado),RARRES2,UC_vs_HC,1.616,0.018957
Fibroblast_(subtipo_indeterminado)__EGFL6__UC_vs_HC,Fibroblast (subtipo indeterminado),EGFL6,UC_vs_HC,4.4332,0.018957
Fibroblast_(subtipo_indeterminado)__TIMP1__UC_vs_HC,Fibroblast (subtipo indeterminado),TIMP1,UC_vs_HC,2.5533,0.00029201
Fibroblast_(subtipo_indeterminado)__MTRNR2L10__UC_vs_HC,Fibroblast (subtipo indeterminado),MTRNR2L10,UC_vs_HC,-2.4502,0.012127
Fibroblast_(subtipo_indeterminado)__RTL5__UC_vs_HC,Fibroblast (subtipo indeterminado),RTL5,UC_vs_HC,-2.5367,0.017755
Fibroblast_(subtipo_indeterminado)__PCDH19__UC_vs_HC,Fibroblast (subtipo indeterminado),PCDH19,UC_vs_HC,-2.4808,0.0030657
Fibroblast_(subtipo_indeterminado)__SYTL4__UC_vs_HC,Fibroblast (subtipo indeterminado),SYTL4,UC_vs_HC,-2.5762,0.0087183
Fibroblast_(subtipo_indeterminado)__SLC39A14__UC_vs_HC,Fibroblast (subtipo indeterminado),SLC39A14,UC_vs_HC,2.4033,0.033294
Fibroblast_(subtipo_indeterminado)__SLC25A37__UC_vs_HC,Fibroblast (subtipo indeterminado),SLC25A37,UC_vs_HC,1.3029,0.036085
Fibroblast_(subtipo_indeterminado)__ADAMDEC1__UC_vs_HC,Fibroblast (subtipo indeterminado),ADAMDEC1,UC_vs_HC,-2.1029,0.0049045
Fibroblast_(subtipo_indeterminado)__CLU__UC_vs_HC,Fibroblast (subtipo indeterminado),CLU,UC_vs_HC,5.209,2.7214e-11
Fibroblast_(subtipo_indeterminado)__SCARA5__UC_vs_HC,Fibroblast (subtipo indeterminado),SCARA5,UC_vs_HC,-1.5181,0.017766
Fibroblast_(subtipo_indeterminado)__PLPP5__UC_vs_HC,Fibroblast (subtipo indeterminado),PLPP5,UC_vs_HC,1.3125,0.017239
Fibroblast_(subtipo_indeterminado)__PCMTD1__UC_vs_HC,Fibroblast (subtipo indeterminado),PCMTD1,UC_vs_HC,1.0435,0.0060448
Fibroblast_(subtipo_indeterminado)__MATN2__UC_vs_HC,Fibroblast (subtipo indeterminado),MATN2,UC_vs_HC,-2.5064,4.1433e-05
Fibroblast_(subtipo_indeterminado)__TNFRSF11B__UC_vs_HC,Fibroblast (subtipo indeterminado),TNFRSF11B,UC_vs_HC,5.8095,0.00031425
Fibroblast_(subtipo_indeterminado)__ASAP1__UC_vs_HC,Fibroblast (subtipo indeterminado),ASAP1,UC_vs_HC,1.0023,0.0063843
Fibroblast_(subtipo_indeterminado)__WISP1__UC_vs_HC,Fibroblast (subtipo indeterminado),WISP1,UC_vs_HC,3.091,0.0060448
Fibroblast_(subtipo_indeterminado)__KHDRBS3__UC_vs_HC,Fibroblast (subtipo indeterminado),KHDRBS3,UC_vs_HC,-1.3427,0.036085
Fibroblast_(subtipo_indeterminado)__MAMDC2__UC_vs_HC,Fibroblast (subtipo indeterminado),MAMDC2,UC_vs_HC,-2.2463,0.0075451
Fibroblast_(subtipo_indeterminado)__COL15A1__UC_vs_HC,Fibroblast (subtipo indeterminado),COL15A1,UC_vs_HC,-2.103,1.1998e-05
Fibroblast_(subtipo_indeterminado)__RGS3__UC_vs_HC,Fibroblast (subtipo indeterminado),RGS3,UC_vs_HC,1.8435,0.034893
Fibroblast_(subtipo_indeterminado)__GSN__UC_vs_HC,Fibroblast (subtipo indeterminado),GSN,UC_vs_HC,-2.4247,6.3783e-12
Fibroblast_(subtipo_indeterminado)__HSPA5__UC_vs_HC,Fibroblast (subtipo indeterminado),HSPA5,UC_vs_HC,1.0471,0.025246
Fibroblast_(subtipo_indeterminado)__LSP1__UC_vs_HC,Fibroblast (subtipo indeterminado),LSP1,UC_vs_HC,-1.5299,0.042865
Fibroblast_(subtipo_indeterminado)__MTRNR2L8__UC_vs_HC,Fibroblast (subtipo indeterminado),MTRNR2L8,UC_vs_HC,-1.8068,0.03778
Fibroblast_(subtipo_indeterminado)__LDLRAD3__UC_vs_HC,Fibroblast (subtipo indeterminado),LDLRAD3,UC_vs_HC,2.6158,0.03551
Fibroblast_(subtipo_indeterminado)__CD82__UC_vs_HC,Fibroblast (subtipo indeterminado),CD82,UC_vs_HC,1.8359,0.021013
Fibroblast_(subtipo_indeterminado)__AHNAK__UC_vs_HC,Fibroblast (subtipo indeterminado),AHNAK,UC_vs_HC,-1.0154,0.019978
Fibroblast_(subtipo_indeterminado)__ARAP1__UC_vs_HC,Fibroblast (subtipo indeterminado),ARAP1,UC_vs_HC,-1.5672,0.012127
Fibroblast_(subtipo_indeterminado)__CHRDL2__UC_vs_HC,Fibroblast (subtipo indeterminado),CHRDL2,UC_vs_HC,4.3453,0.00015416
Fibroblast_(subtipo_indeterminado)__SLCO2B1__UC_vs_HC,Fibroblast (subtipo indeterminado),SLCO2B1,UC_vs_HC,-2.6027,0.025246
Fibroblast_(subtipo_indeterminado)__MMP3__UC_vs_HC,Fibroblast (subtipo indeterminado),MMP3,UC_vs_HC,6.8306,0.0019966
Fibroblast_(subtipo_indeterminado)__TAGLN__UC_vs_HC,Fibroblast (subtipo indeterminado),TAGLN,UC_vs_HC,1.8909,0.036797
Fibroblast_(subtipo_indeterminado)__FXYD6__UC_vs_HC,Fibroblast (subtipo indeterminado),FXYD6,UC_vs_HC,-1.4892,0.003223
Fibroblast_(subtipo_indeterminado)__AKR1C1__UC_vs_HC,Fibroblast (subtipo indeterminado),AKR1C1,UC_vs_HC,2.2191,0.02506
Fibroblast_(subtipo_indeterminado)__ANKRD16__UC_vs_HC,Fibroblast (subtipo indeterminado),ANKRD16,UC_vs_HC,1.5872,0.049952
Fibroblast_(subtipo_indeterminado)__ITIH5__UC_vs_HC,Fibroblast (subtipo indeterminado),ITIH5,UC_vs_HC,-1.8436,0.0041837
Fibroblast_(subtipo_indeterminado)__KIAA1217__UC_vs_HC,Fibroblast (subtipo indeterminado),KIAA1217,UC_vs_HC,2.4482,0.0016652
Fibroblast_(subtipo_indeterminado)__CISD1__UC_vs_HC,Fibroblast (subtipo indeterminado),CISD1,UC_vs_HC,1.1154,0.0028254
Fibroblast_(subtipo_indeterminado)__COL13A1__UC_vs_HC,Fibroblast (subtipo indeterminado),COL13A1,UC_vs_HC,-1.5903,0.017357
Fibroblast_(subtipo_indeterminado)__PLAU__UC_vs_HC,Fibroblast (subtipo indeterminado),PLAU,UC_vs_HC,1.8316,0.021977
Fibroblast_(subtipo_indeterminado)__FAM213A__UC_vs_HC,Fibroblast (subtipo indeterminado),FAM213A,UC_vs_HC,1.7759,0.0015244
Fibroblast_(subtipo_indeterminado)__PTPRE__UC_vs_HC,Fibroblast (subtipo indeterminado),PTPRE,UC_vs_HC,1.8342,0.02506
Fibroblast_(subtipo_indeterminado)__CACNA1C__UC_vs_HC,Fibroblast (subtipo indeterminado),CACNA1C,UC_vs_HC,3.2106,0.049952
Fibroblast_(subtipo_indeterminado)__LAG3__UC_vs_HC,Fibroblast (subtipo indeterminado),LAG3,UC_vs_HC,-1.6469,0.049952
Fibroblast_(subtipo_indeterminado)__RND1__UC_vs_HC,Fibroblast (subtipo indeterminado),RND1,UC_vs_HC,-1.788,0.047799
Fibroblast_(subtipo_indeterminado)__PAN2__UC_vs_HC,Fibroblast (subtipo indeterminado),PAN2,UC_vs_HC,-2.3766,0.018957
Fibroblast_(subtipo_indeterminado)__TMEM119__UC_vs_HC,Fibroblast (subtipo indeterminado),TMEM119,UC_vs_HC,-1.6015,9.4913e-05
Fibroblast_(subtipo_indeterminado)__IFT81__UC_vs_HC,Fibroblast (subtipo indeterminado),IFT81,UC_vs_HC,1.165,0.049441
Fibroblast_(subtipo_indeterminado)__SLC46A3__UC_vs_HC,Fibroblast (subtipo indeterminado),SLC46A3,UC_vs_HC,2.5437,0.036085
Fibroblast_(subtipo_indeterminado)__STARD13__UC_vs_HC,Fibroblast (subtipo indeterminado),STARD13,UC_vs_HC,1.4316,0.01672
Fibroblast_(subtipo_indeterminado)__EFNB2__UC_vs_HC,Fibroblast (subtipo indeterminado),EFNB2,UC_vs_HC,-4.0662,0.00026589
Fibroblast_(subtipo_indeterminado)__AL355075.4__UC_vs_HC,Fibroblast (subtipo indeterminado),AL355075.4,UC_vs_HC,-2.2728,0.036797
Fibroblast_(subtipo_indeterminado)__NDRG2__UC_vs_HC,Fibroblast (subtipo indeterminado),NDRG2,UC_vs_HC,-1.5169,0.046148
Fibroblast_(subtipo_indeterminado)__AL136295.5__UC_vs_HC,Fibroblast (subtipo indeterminado),AL136295.5,UC_vs_HC,-1.9492,0.017766
Fibroblast_(subtipo_indeterminado)__HIF1A__UC_vs_HC,Fibroblast (subtipo indeterminado),HIF1A,UC_vs_HC,2.0769,0.0018236
Fibroblast_(subtipo_indeterminado)__ZBTB1__UC_vs_HC,Fibroblast (subtipo indeterminado),ZBTB1,UC_vs_HC,1.0773,0.021376
Fibroblast_(subtipo_indeterminado)__SMOC1__UC_vs_HC,Fibroblast (subtipo indeterminado),SMOC1,UC_vs_HC,4.7002,0.0019045
Fibroblast_(subtipo_indeterminado)__MEG3__UC_vs_HC,Fibroblast (subtipo indeterminado),MEG3,UC_vs_HC,-1.4829,0.027456
Fibroblast_(subtipo_indeterminado)__PPIB__UC_vs_HC,Fibroblast (subtipo indeterminado),PPIB,UC_vs_HC,1.0229,0.00025528
Fibroblast_(subtipo_indeterminado)__CEMIP__UC_vs_HC,Fibroblast (subtipo indeterminado),CEMIP,UC_vs_HC,4.4833,0.0015244
Fibroblast_(subtipo_indeterminado)__ISG20__UC_vs_HC,Fibroblast (subtipo indeterminado),ISG20,UC_vs_HC,1.8484,9.1904e-07
Fibroblast_(subtipo_indeterminado)__RGMA__UC_vs_HC,Fibroblast (subtipo indeterminado),RGMA,UC_vs_HC,-1.965,0.032018
Fibroblast_(subtipo_indeterminado)__RGS11__UC_vs_HC,Fibroblast (subtipo indeterminado),RGS11,UC_vs_HC,-2.6385,0.049952
Fibroblast_(subtipo_indeterminado)__TNFRSF12A__UC_vs_HC,Fibroblast (subtipo indeterminado),TNFRSF12A,UC_vs_HC,2.8358,0.0030434
Fibroblast_(subtipo_indeterminado)__ZG16__UC_vs_HC,Fibroblast (subtipo indeterminado),ZG16,UC_vs_HC,-4.9129,0.0012016
Fibroblast_(subtipo_indeterminado)__C16orf87__UC_vs_HC,Fibroblast (subtipo indeterminado),C16orf87,UC_vs_HC,1.5391,0.049441
Fibroblast_(subtipo_indeterminado)__ADCY7__UC_vs_HC,Fibroblast (subtipo indeterminado),ADCY7,UC_vs_HC,-1.6296,0.038734
Fibroblast_(subtipo_indeterminado)__MPHOSPH6__UC_vs_HC,Fibroblast (subtipo indeterminado),MPHOSPH6,UC_vs_HC,1.2173,0.0021338
Fibroblast_(subtipo_indeterminado)__IRF8__UC_vs_HC,Fibroblast (subtipo indeterminado),IRF8,UC_vs_HC,-2.1454,0.015235
Fibroblast_(subtipo_indeterminado)__LINC01082__UC_vs_HC,Fibroblast (subtipo indeterminado),LINC01082,UC_vs_HC,-1.3656,0.036797
Fibroblast_(subtipo_indeterminado)__P2RX1__UC_vs_HC,Fibroblast (subtipo indeterminado),P2RX1,UC_vs_HC,-2.6065,0.031514
Fibroblast_(subtipo_indeterminado)__POLR2A__UC_vs_HC,Fibroblast (subtipo indeterminado),POLR2A,UC_vs_HC,-1.1082,0.047535
Fibroblast_(subtipo_indeterminado)__DHRS7C__UC_vs_HC,Fibroblast (subtipo indeterminado),DHRS7C,UC_vs_HC,-3.3826,0.034893
Fibroblast_(subtipo_indeterminado)__CSF3__UC_vs_HC,Fibroblast (subtipo indeterminado),CSF3,UC_vs_HC,6.7678,0.030855
Fibroblast_(subtipo_indeterminado)__IGFBP4__UC_vs_HC,Fibroblast (subtipo indeterminado),IGFBP4,UC_vs_HC,2.0241,0.00037919
Fibroblast_(subtipo_indeterminado)__FAM215B__UC_vs_HC,Fibroblast (subtipo indeterminado),FAM215B,UC_vs_HC,-2.3015,0.036797
Fibroblast_(subtipo_indeterminado)__MMD__UC_vs_HC,Fibroblast (subtipo indeterminado),MMD,UC_vs_HC,1.5991,0.0043957
Fibroblast_(subtipo_indeterminado)__ARHGAP28__UC_vs_HC,Fibroblast (subtipo indeterminado),ARHGAP28,UC_vs_HC,1.736,0.021013
Fibroblast_(subtipo_indeterminado)__PTPN2__UC_vs_HC,Fibroblast (subtipo indeterminado),PTPN2,UC_vs_HC,1.1126,0.028385
Fibroblast_(subtipo_indeterminado)__CPXM1__UC_vs_HC,Fibroblast (subtipo indeterminado),CPXM1,UC_vs_HC,3.3941,9.7902e-05
Fibroblast_(subtipo_indeterminado)__PCED1A__UC_vs_HC,Fibroblast (subtipo indeterminado),PCED1A,UC_vs_HC,1.4498,0.039312
Fibroblast_(subtipo_indeterminado)__TGM2__UC_vs_HC,Fibroblast (subtipo indeterminado),TGM2,UC_vs_HC,1.1903,0.0019045
Fibroblast_(subtipo_indeterminado)__MAFB__UC_vs_HC,Fibroblast (subtipo indeterminado),MAFB,UC_vs_HC,-1.8881,4.2752e-05
Fibroblast_(subtipo_indeterminado)__SULF2__UC_vs_HC,Fibroblast (subtipo indeterminado),SULF2,UC_vs_HC,2.2314,4.1433e-05
Fibroblast_(subtipo_indeterminado)__HELZ2__UC_vs_HC,Fibroblast (subtipo indeterminado),HELZ2,UC_vs_HC,-1.8585,0.00046776
Fibroblast_(subtipo_indeterminado)__PALM__UC_vs_HC,Fibroblast (subtipo indeterminado),PALM,UC_vs_HC,-2.2086,0.026266
Fibroblast_(subtipo_indeterminado)__MKNK2__UC_vs_HC,Fibroblast (subtipo indeterminado),MKNK2,UC_vs_HC,-1.1894,0.021996
Fibroblast_(subtipo_indeterminado)__GADD45B__UC_vs_HC,Fibroblast (subtipo indeterminado),GADD45B,UC_vs_HC,-1.4789,0.02506
Fibroblast_(subtipo_indeterminado)__MARCH2__UC_vs_HC,Fibroblast (subtipo indeterminado),MARCH2,UC_vs_HC,1.9281,0.047535
Fibroblast_(subtipo_indeterminado)__ACP5__UC_vs_HC,Fibroblast (subtipo indeterminado),ACP5,UC_vs_HC,-2.0631,1.0637e-05
Fibroblast_(subtipo_indeterminado)__RNASEH2A__UC_vs_HC,Fibroblast (subtipo indeterminado),RNASEH2A,UC_vs_HC,-3.1066,0.0047612
Fibroblast_(subtipo_indeterminado)__FXYD1__UC_vs_HC,Fibroblast (subtipo indeterminado),FXYD1,UC_vs_HC,-1.7606,0.0023051
Fibroblast_(subtipo_indeterminado)__HSPB6__UC_vs_HC,Fibroblast (subtipo indeterminado),HSPB6,UC_vs_HC,-2.1409,0.0019045
Fibroblast_(subtipo_indeterminado)__LGALS4__UC_vs_HC,Fibroblast (subtipo indeterminado),LGALS4,UC_vs_HC,-4.9865,0.0022337
Fibroblast_(subtipo_indeterminado)__PAF1__UC_vs_HC,Fibroblast (subtipo indeterminado),PAF1,UC_vs_HC,-1.2229,0.049952
Fibroblast_(subtipo_indeterminado)__PRX__UC_vs_HC,Fibroblast (subtipo indeterminado),PRX,UC_vs_HC,-2.4623,0.026266
Fibroblast_(subtipo_indeterminado)__BCL3__UC_vs_HC,Fibroblast (subtipo indeterminado),BCL3,UC_vs_HC,-1.2963,0.026266
Fibroblast_(subtipo_indeterminado)__PPM1N__UC_vs_HC,Fibroblast (subtipo indeterminado),PPM1N,UC_vs_HC,-2.7688,0.011275
Fibroblast_(subtipo_indeterminado)__PLEKHA4__UC_vs_HC,Fibroblast (subtipo indeterminado),PLEKHA4,UC_vs_HC,-1.1895,0.026266
Fibroblast_(subtipo_indeterminado)__MMP11__UC_vs_HC,Fibroblast (subtipo indeterminado),MMP11,UC_vs_HC,-1.933,0.028385
Fibroblast_(subtipo_indeterminado)__Z93241.1__UC_vs_HC,Fibroblast (subtipo indeterminado),Z93241.1,UC_vs_HC,-1.8701,0.0080148
Fibroblast_(subtipo_indeterminado)__KIAA0930__UC_vs_HC,Fibroblast (subtipo indeterminado),KIAA0930,UC_vs_HC,1.3152,0.049952
Fibroblast_(subtipo_indeterminado)__PSMG1__UC_vs_HC,Fibroblast (subtipo indeterminado),PSMG1,UC_vs_HC,1.4977,0.005373
Fibroblast_(subtipo_indeterminado)__MX1__UC_vs_HC,Fibroblast (subtipo indeterminado),MX1,UC_vs_HC,-2.2945,0.0020459
Fibroblast_(subtipo_indeterminado)__TFF3__UC_vs_HC,Fibroblast (subtipo indeterminado),TFF3,UC_vs_HC,-3.736,0.0049045
Fibroblast_(subtipo_indeterminado)__PDXK__UC_vs_HC,Fibroblast (subtipo indeterminado),PDXK,UC_vs_HC,1.2868,0.034899
Fibroblast_(subtipo_indeterminado)__PDPN__CD_vs_HC,Fibroblast (subtipo indeterminado),PDPN,CD_vs_HC,1.7512,0.0049097
Fibroblast_(subtipo_indeterminado)__SMAP2__CD_vs_HC,Fibroblast (subtipo indeterminado),SMAP2,CD_vs_HC,1.7583,0.004088
Fibroblast_(subtipo_indeterminado)__SGIP1__CD_vs_HC,Fibroblast (subtipo indeterminado),SGIP1,CD_vs_HC,1.2745,0.023077
Fibroblast_(subtipo_indeterminado)__GSTM5__CD_vs_HC,Fibroblast (subtipo indeterminado),GSTM5,CD_vs_HC,-2.0471,0.0013049
Fibroblast_(subtipo_indeterminado)__CHI3L2__CD_vs_HC,Fibroblast (subtipo indeterminado),CHI3L2,CD_vs_HC,7.4531,0.0013049
Fibroblast_(subtipo_indeterminado)__CADM3__CD_vs_HC,Fibroblast (subtipo indeterminado),CADM3,CD_vs_HC,-2.1221,0.041126
Fibroblast_(subtipo_indeterminado)__DUSP23__CD_vs_HC,Fibroblast (subtipo indeterminado),DUSP23,CD_vs_HC,2.3829,0.049557
Fibroblast_(subtipo_indeterminado)__PRRX1__CD_vs_HC,Fibroblast (subtipo indeterminado),PRRX1,CD_vs_HC,3.0195,0.006722
Fibroblast_(subtipo_indeterminado)__GLRX2__CD_vs_HC,Fibroblast (subtipo indeterminado),GLRX2,CD_vs_HC,2.0409,0.02981
Fibroblast_(subtipo_indeterminado)__CHI3L1__CD_vs_HC,Fibroblast (subtipo indeterminado),CHI3L1,CD_vs_HC,4.9109,0.0022324
Fibroblast_(subtipo_indeterminado)__EPHX1__CD_vs_HC,Fibroblast (subtipo indeterminado),EPHX1,CD_vs_HC,-1.131,0.018613
Fibroblast_(subtipo_indeterminado)__GUK1__CD_vs_HC,Fibroblast (subtipo indeterminado),GUK1,CD_vs_HC,1.4336,0.039837
Fibroblast_(subtipo_indeterminado)__RN7SL832P__CD_vs_HC,Fibroblast (subtipo indeterminado),RN7SL832P,CD_vs_HC,-2.5908,0.004773
Fibroblast_(subtipo_indeterminado)__LTBP1__CD_vs_HC,Fibroblast (subtipo indeterminado),LTBP1,CD_vs_HC,1.8681,0.048051
Fibroblast_(subtipo_indeterminado)__MTHFD2__CD_vs_HC,Fibroblast (subtipo indeterminado),MTHFD2,CD_vs_HC,1.6625,0.042966
Fibroblast_(subtipo_indeterminado)__POLE4__CD_vs_HC,Fibroblast (subtipo indeterminado),POLE4,CD_vs_HC,1.6048,0.013019
Fibroblast_(subtipo_indeterminado)__MIR4435-2HG__CD_vs_HC,Fibroblast (subtipo indeterminado),MIR4435-2HG,CD_vs_HC,1.4266,0.049557
Fibroblast_(subtipo_indeterminado)__FAP__CD_vs_HC,Fibroblast (subtipo indeterminado),FAP,CD_vs_HC,6.8328,0.0041092
Fibroblast_(subtipo_indeterminado)__ITGAV__CD_vs_HC,Fibroblast (subtipo indeterminado),ITGAV,CD_vs_HC,1.0664,0.0041092
Fibroblast_(subtipo_indeterminado)__MYO1B__CD_vs_HC,Fibroblast (subtipo indeterminado),MYO1B,CD_vs_HC,2.2667,6.7022e-05
Fibroblast_(subtipo_indeterminado)__IGFBP5__CD_vs_HC,Fibroblast (subtipo indeterminado),IGFBP5,CD_vs_HC,2.7752,6.5211e-05
Fibroblast_(subtipo_indeterminado)__DES__CD_vs_HC,Fibroblast (subtipo indeterminado),DES,CD_vs_HC,7.1432,0.0034863
Fibroblast_(subtipo_indeterminado)__FBLN2__CD_vs_HC,Fibroblast (subtipo indeterminado),FBLN2,CD_vs_HC,-1.2133,0.0041092
Fibroblast_(subtipo_indeterminado)__TMEM158__CD_vs_HC,Fibroblast (subtipo indeterminado),TMEM158,CD_vs_HC,2.688,0.0068227
Fibroblast_(subtipo_indeterminado)__KPNA1__CD_vs_HC,Fibroblast (subtipo indeterminado),KPNA1,CD_vs_HC,1.1112,0.042807
Fibroblast_(subtipo_indeterminado)__UBA5__CD_vs_HC,Fibroblast (subtipo indeterminado),UBA5,CD_vs_HC,1.599,0.0044236
Fibroblast_(subtipo_indeterminado)__NMNAT3__CD_vs_HC,Fibroblast (subtipo indeterminado),NMNAT3,CD_vs_HC,-1.9397,0.02981
Fibroblast_(subtipo_indeterminado)__P2RY14__CD_vs_HC,Fibroblast (subtipo indeterminado),P2RY14,CD_vs_HC,1.5499,0.01282
Fibroblast_(subtipo_indeterminado)__KLHL5__CD_vs_HC,Fibroblast (subtipo indeterminado),KLHL5,CD_vs_HC,1.6469,0.049557
Fibroblast_(subtipo_indeterminado)__HOPX__CD_vs_HC,Fibroblast (subtipo indeterminado),HOPX,CD_vs_HC,4.6161,0.022585
Fibroblast_(subtipo_indeterminado)__CXCL3__CD_vs_HC,Fibroblast (subtipo indeterminado),CXCL3,CD_vs_HC,3.952,0.049557
Fibroblast_(subtipo_indeterminado)__EREG__CD_vs_HC,Fibroblast (subtipo indeterminado),EREG,CD_vs_HC,5.8559,0.046343
Fibroblast_(subtipo_indeterminado)__EMCN__CD_vs_HC,Fibroblast (subtipo indeterminado),EMCN,CD_vs_HC,-3.327,0.017318
Fibroblast_(subtipo_indeterminado)__EDNRA__CD_vs_HC,Fibroblast (subtipo indeterminado),EDNRA,CD_vs_HC,2.8477,6.5211e-05
Fibroblast_(subtipo_indeterminado)__GUCY1A1__CD_vs_HC,Fibroblast (subtipo indeterminado),GUCY1A1,CD_vs_HC,1.6449,0.049557
Fibroblast_(subtipo_indeterminado)__GUCY1B1__CD_vs_HC,Fibroblast (subtipo indeterminado),GUCY1B1,CD_vs_HC,1.7177,0.0037998
Fibroblast_(subtipo_indeterminado)__TDO2__CD_vs_HC,Fibroblast (subtipo indeterminado),TDO2,CD_vs_HC,2.3564,0.013019
Fibroblast_(subtipo_indeterminado)__ACSL1__CD_vs_HC,Fibroblast (subtipo indeterminado),ACSL1,CD_vs_HC,2.6278,0.026113
Fibroblast_(subtipo_indeterminado)__ADAMTS6__CD_vs_HC,Fibroblast (subtipo indeterminado),ADAMTS6,CD_vs_HC,3.0218,0.014395
Fibroblast_(subtipo_indeterminado)__NREP__CD_vs_HC,Fibroblast (subtipo indeterminado),NREP,CD_vs_HC,1.2693,0.032004
Fibroblast_(subtipo_indeterminado)__GPX3__CD_vs_HC,Fibroblast (subtipo indeterminado),GPX3,CD_vs_HC,-1.5256,0.022425
Fibroblast_(subtipo_indeterminado)__EBF1__CD_vs_HC,Fibroblast (subtipo indeterminado),EBF1,CD_vs_HC,2.0712,0.049557
Fibroblast_(subtipo_indeterminado)__COL23A1__CD_vs_HC,Fibroblast (subtipo indeterminado),COL23A1,CD_vs_HC,3.0346,0.004773
Fibroblast_(subtipo_indeterminado)__IER3__CD_vs_HC,Fibroblast (subtipo indeterminado),IER3,CD_vs_HC,1.9783,0.013019
Fibroblast_(subtipo_indeterminado)__TNXB__CD_vs_HC,Fibroblast (subtipo indeterminado),TNXB,CD_vs_HC,-2.568,0.0013049
Fibroblast_(subtipo_indeterminado)__DNPH1__CD_vs_HC,Fibroblast (subtipo indeterminado),DNPH1,CD_vs_HC,2.6298,0.042807
Fibroblast_(subtipo_indeterminado)__COL12A1__CD_vs_HC,Fibroblast (subtipo indeterminado),COL12A1,CD_vs_HC,2.1278,0.030999
Fibroblast_(subtipo_indeterminado)__TCF21__CD_vs_HC,Fibroblast (subtipo indeterminado),TCF21,CD_vs_HC,-1.1974,0.039837
Fibroblast_(subtipo_indeterminado)__THBS2__CD_vs_HC,Fibroblast (subtipo indeterminado),THBS2,CD_vs_HC,3.7174,0.043158
Fibroblast_(subtipo_indeterminado)__SEMA3E__CD_vs_HC,Fibroblast (subtipo indeterminado),SEMA3E,CD_vs_HC,-2.9134,0.032064
Fibroblast_(subtipo_indeterminado)__STEAP2__CD_vs_HC,Fibroblast (subtipo indeterminado),STEAP2,CD_vs_HC,2.3181,0.039837
Fibroblast_(subtipo_indeterminado)__TFPI2__CD_vs_HC,Fibroblast (subtipo indeterminado),TFPI2,CD_vs_HC,1.9597,0.034684
Fibroblast_(subtipo_indeterminado)__EGFL6__CD_vs_HC,Fibroblast (subtipo indeterminado),EGFL6,CD_vs_HC,4.9251,0.0060311
Fibroblast_(subtipo_indeterminado)__TIMP1__CD_vs_HC,Fibroblast (subtipo indeterminado),TIMP1,CD_vs_HC,1.7279,0.04636
Fibroblast_(subtipo_indeterminado)__NAA10__CD_vs_HC,Fibroblast (subtipo indeterminado),NAA10,CD_vs_HC,1.3465,0.046343
Fibroblast_(subtipo_indeterminado)__FLNA__CD_vs_HC,Fibroblast (subtipo indeterminado),FLNA,CD_vs_HC,2.3661,0.033184
Fibroblast_(subtipo_indeterminado)__ADAMDEC1__CD_vs_HC,Fibroblast (subtipo indeterminado),ADAMDEC1,CD_vs_HC,-1.7287,0.039837
Fibroblast_(subtipo_indeterminado)__CLU__CD_vs_HC,Fibroblast (subtipo indeterminado),CLU,CD_vs_HC,3.4275,0.00039042
Fibroblast_(subtipo_indeterminado)__PLAT__CD_vs_HC,Fibroblast (subtipo indeterminado),PLAT,CD_vs_HC,-1.1384,0.00018337
Fibroblast_(subtipo_indeterminado)__RAB2A__CD_vs_HC,Fibroblast (subtipo indeterminado),RAB2A,CD_vs_HC,1.1064,0.0023838
Fibroblast_(subtipo_indeterminado)__MSC__CD_vs_HC,Fibroblast (subtipo indeterminado),MSC,CD_vs_HC,1.1272,0.049197
Fibroblast_(subtipo_indeterminado)__PI15__CD_vs_HC,Fibroblast (subtipo indeterminado),PI15,CD_vs_HC,7.6939,0.019742
Fibroblast_(subtipo_indeterminado)__STMN2__CD_vs_HC,Fibroblast (subtipo indeterminado),STMN2,CD_vs_HC,-2.1487,0.013568
Fibroblast_(subtipo_indeterminado)__MATN2__CD_vs_HC,Fibroblast (subtipo indeterminado),MATN2,CD_vs_HC,-1.6919,0.018613
Fibroblast_(subtipo_indeterminado)__TNFRSF11B__CD_vs_HC,Fibroblast (subtipo indeterminado),TNFRSF11B,CD_vs_HC,4.3553,0.022425
Fibroblast_(subtipo_indeterminado)__WISP1__CD_vs_HC,Fibroblast (subtipo indeterminado),WISP1,CD_vs_HC,2.537,0.049557
Fibroblast_(subtipo_indeterminado)__ALDH1B1__CD_vs_HC,Fibroblast (subtipo indeterminado),ALDH1B1,CD_vs_HC,2.138,0.04636
Fibroblast_(subtipo_indeterminado)__S1PR3__CD_vs_HC,Fibroblast (subtipo indeterminado),S1PR3,CD_vs_HC,2.5016,0.012064
Fibroblast_(subtipo_indeterminado)__NINJ1__CD_vs_HC,Fibroblast (subtipo indeterminado),NINJ1,CD_vs_HC,1.9792,0.018273
Fibroblast_(subtipo_indeterminado)__MSANTD3__CD_vs_HC,Fibroblast (subtipo indeterminado),MSANTD3,CD_vs_HC,1.9937,0.033763
Fibroblast_(subtipo_indeterminado)__GSN__CD_vs_HC,Fibroblast (subtipo indeterminado),GSN,CD_vs_HC,-1.3991,0.0013049
Fibroblast_(subtipo_indeterminado)__LSP1__CD_vs_HC,Fibroblast (subtipo indeterminado),LSP1,CD_vs_HC,-1.7889,0.0143
Fibroblast_(subtipo_indeterminado)__SLC22A18__CD_vs_HC,Fibroblast (subtipo indeterminado),SLC22A18,CD_vs_HC,1.466,0.033763
Fibroblast_(subtipo_indeterminado)__PAMR1__CD_vs_HC,Fibroblast (subtipo indeterminado),PAMR1,CD_vs_HC,-1.4782,0.034553
Fibroblast_(subtipo_indeterminado)__LDLRAD3__CD_vs_HC,Fibroblast (subtipo indeterminado),LDLRAD3,CD_vs_HC,2.7009,0.030853
Fibroblast_(subtipo_indeterminado)__CD82__CD_vs_HC,Fibroblast (subtipo indeterminado),CD82,CD_vs_HC,1.6865,0.047929
Fibroblast_(subtipo_indeterminado)__FTH1__CD_vs_HC,Fibroblast (subtipo indeterminado),FTH1,CD_vs_HC,3.0649,0.01282
Fibroblast_(subtipo_indeterminado)__NXF1__CD_vs_HC,Fibroblast (subtipo indeterminado),NXF1,CD_vs_HC,-1.2338,0.048663
Fibroblast_(subtipo_indeterminado)__CHRDL2__CD_vs_HC,Fibroblast (subtipo indeterminado),CHRDL2,CD_vs_HC,3.3697,0.015014
Fibroblast_(subtipo_indeterminado)__SMCO4__CD_vs_HC,Fibroblast (subtipo indeterminado),SMCO4,CD_vs_HC,2.0204,0.013576
Fibroblast_(subtipo_indeterminado)__MMP3__CD_vs_HC,Fibroblast (subtipo indeterminado),MMP3,CD_vs_HC,8.6883,3.6161e-05
Fibroblast_(subtipo_indeterminado)__DCUN1D5__CD_vs_HC,Fibroblast (subtipo indeterminado),DCUN1D5,CD_vs_HC,1.7395,0.042625
Fibroblast_(subtipo_indeterminado)__TAGLN__CD_vs_HC,Fibroblast (subtipo indeterminado),TAGLN,CD_vs_HC,2.2036,0.010676
Fibroblast_(subtipo_indeterminado)__FXYD6__CD_vs_HC,Fibroblast (subtipo indeterminado),FXYD6,CD_vs_HC,-1.1669,0.040554
Fibroblast_(subtipo_indeterminado)__ETS1__CD_vs_HC,Fibroblast (subtipo indeterminado),ETS1,CD_vs_HC,1.9755,0.0043542
Fibroblast_(subtipo_indeterminado)__TSPAN15__CD_vs_HC,Fibroblast (subtipo indeterminado),TSPAN15,CD_vs_HC,2.8922,0.004773
Fibroblast_(subtipo_indeterminado)__COL13A1__CD_vs_HC,Fibroblast (subtipo indeterminado),COL13A1,CD_vs_HC,-1.5854,0.017318
Fibroblast_(subtipo_indeterminado)__PDE3A__CD_vs_HC,Fibroblast (subtipo indeterminado),PDE3A,CD_vs_HC,4.1056,0.005789
Fibroblast_(subtipo_indeterminado)__TMEM263__CD_vs_HC,Fibroblast (subtipo indeterminado),TMEM263,CD_vs_HC,1.5171,0.018613
Fibroblast_(subtipo_indeterminado)__STARD13__CD_vs_HC,Fibroblast (subtipo indeterminado),STARD13,CD_vs_HC,1.5754,0.004773
Fibroblast_(subtipo_indeterminado)__CLN5__CD_vs_HC,Fibroblast (subtipo indeterminado),CLN5,CD_vs_HC,1.2015,0.049475
Fibroblast_(subtipo_indeterminado)__COL4A1__CD_vs_HC,Fibroblast (subtipo indeterminado),COL4A1,CD_vs_HC,1.9047,0.0076512
Fibroblast_(subtipo_indeterminado)__F10__CD_vs_HC,Fibroblast (subtipo indeterminado),F10,CD_vs_HC,-1.1514,0.048051
Fibroblast_(subtipo_indeterminado)__EGLN3__CD_vs_HC,Fibroblast (subtipo indeterminado),EGLN3,CD_vs_HC,1.969,0.030999
Fibroblast_(subtipo_indeterminado)__FRMD6-AS1__CD_vs_HC,Fibroblast (subtipo indeterminado),FRMD6-AS1,CD_vs_HC,-1.9433,0.018613
Fibroblast_(subtipo_indeterminado)__HIF1A__CD_vs_HC,Fibroblast (subtipo indeterminado),HIF1A,CD_vs_HC,2.082,0.0027795
Fibroblast_(subtipo_indeterminado)__ZBTB1__CD_vs_HC,Fibroblast (subtipo indeterminado),ZBTB1,CD_vs_HC,1.2762,0.0027795
Fibroblast_(subtipo_indeterminado)__SIPA1L1__CD_vs_HC,Fibroblast (subtipo indeterminado),SIPA1L1,CD_vs_HC,1.7282,0.03106
Fibroblast_(subtipo_indeterminado)__MEG3__CD_vs_HC,Fibroblast (subtipo indeterminado),MEG3,CD_vs_HC,-1.4245,0.042498
Fibroblast_(subtipo_indeterminado)__MEG8__CD_vs_HC,Fibroblast (subtipo indeterminado),MEG8,CD_vs_HC,-1.3141,0.034684
Fibroblast_(subtipo_indeterminado)__HSP90AA1__CD_vs_HC,Fibroblast (subtipo indeterminado),HSP90AA1,CD_vs_HC,-1.0479,0.0083745
Fibroblast_(subtipo_indeterminado)__GREM1__CD_vs_HC,Fibroblast (subtipo indeterminado),GREM1,CD_vs_HC,2.8696,0.0082259
Fibroblast_(subtipo_indeterminado)__TPM1__CD_vs_HC,Fibroblast (subtipo indeterminado),TPM1,CD_vs_HC,1.6602,0.027435
Fibroblast_(subtipo_indeterminado)__CA12__CD_vs_HC,Fibroblast (subtipo indeterminado),CA12,CD_vs_HC,4.6298,0.0013049
Fibroblast_(subtipo_indeterminado)__CEMIP__CD_vs_HC,Fibroblast (subtipo indeterminado),CEMIP,CD_vs_HC,5.5903,3.6161e-05
Fibroblast_(subtipo_indeterminado)__METTL26__CD_vs_HC,Fibroblast (subtipo indeterminado),METTL26,CD_vs_HC,1.8986,0.033763
Fibroblast_(subtipo_indeterminado)__SLC9A3R2__CD_vs_HC,Fibroblast (subtipo indeterminado),SLC9A3R2,CD_vs_HC,-1.2108,0.049845
Fibroblast_(subtipo_indeterminado)__TNFRSF12A__CD_vs_HC,Fibroblast (subtipo indeterminado),TNFRSF12A,CD_vs_HC,3.5181,6.5871e-05
Fibroblast_(subtipo_indeterminado)__ZG16__CD_vs_HC,Fibroblast (subtipo indeterminado),ZG16,CD_vs_HC,-2.4749,0.033763
Fibroblast_(subtipo_indeterminado)__SMYD4__CD_vs_HC,Fibroblast (subtipo indeterminado),SMYD4,CD_vs_HC,-1.4473,0.014395
Fibroblast_(subtipo_indeterminado)__EMC6__CD_vs_HC,Fibroblast (subtipo indeterminado),EMC6,CD_vs_HC,2.6528,0.032004
Fibroblast_(subtipo_indeterminado)__DHRS7C__CD_vs_HC,Fibroblast (subtipo indeterminado),DHRS7C,CD_vs_HC,-3.7642,0.023623
Fibroblast_(subtipo_indeterminado)__MYOCD__CD_vs_HC,Fibroblast (subtipo indeterminado),MYOCD,CD_vs_HC,2.7653,0.042625
Fibroblast_(subtipo_indeterminado)__SPECC1__CD_vs_HC,Fibroblast (subtipo indeterminado),SPECC1,CD_vs_HC,3.1896,0.013019
Fibroblast_(subtipo_indeterminado)__CSF3__CD_vs_HC,Fibroblast (subtipo indeterminado),CSF3,CD_vs_HC,8.0365,0.0056532
Fibroblast_(subtipo_indeterminado)__IGFBP4__CD_vs_HC,Fibroblast (subtipo indeterminado),IGFBP4,CD_vs_HC,1.6258,0.013019
Fibroblast_(subtipo_indeterminado)__LRRC59__CD_vs_HC,Fibroblast (subtipo indeterminado),LRRC59,CD_vs_HC,1.2821,0.026842
Fibroblast_(subtipo_indeterminado)__ABCA6__CD_vs_HC,Fibroblast (subtipo indeterminado),ABCA6,CD_vs_HC,-1.4339,0.039837
Fibroblast_(subtipo_indeterminado)__ABCA10__CD_vs_HC,Fibroblast (subtipo indeterminado),ABCA10,CD_vs_HC,-2.1368,0.033763
Fibroblast_(subtipo_indeterminado)__C1QTNF1__CD_vs_HC,Fibroblast (subtipo indeterminado),C1QTNF1,CD_vs_HC,2.3845,0.014395
Fibroblast_(subtipo_indeterminado)__SLC16A3__CD_vs_HC,Fibroblast (subtipo indeterminado),SLC16A3,CD_vs_HC,3.1341,0.0074873
Fibroblast_(subtipo_indeterminado)__PIEZO2__CD_vs_HC,Fibroblast (subtipo indeterminado),PIEZO2,CD_vs_HC,-2.3154,0.037717
Fibroblast_(subtipo_indeterminado)__PTPN2__CD_vs_HC,Fibroblast (subtipo indeterminado),PTPN2,CD_vs_HC,1.1512,0.024464
Fibroblast_(subtipo_indeterminado)__CCDC102B__CD_vs_HC,Fibroblast (subtipo indeterminado),CCDC102B,CD_vs_HC,-1.4931,0.0023838
Fibroblast_(subtipo_indeterminado)__CPXM1__CD_vs_HC,Fibroblast (subtipo indeterminado),CPXM1,CD_vs_HC,2.8727,0.004088
Fibroblast_(subtipo_indeterminado)__WFDC2__CD_vs_HC,Fibroblast (subtipo indeterminado),WFDC2,CD_vs_HC,3.2833,2.8992e-05
Fibroblast_(subtipo_indeterminado)__DNTTIP1__CD_vs_HC,Fibroblast (subtipo indeterminado),DNTTIP1,CD_vs_HC,1.4444,0.035926
Fibroblast_(subtipo_indeterminado)__SULF2__CD_vs_HC,Fibroblast (subtipo indeterminado),SULF2,CD_vs_HC,1.6665,0.01282
Fibroblast_(subtipo_indeterminado)__PMEPA1__CD_vs_HC,Fibroblast (subtipo indeterminado),PMEPA1,CD_vs_HC,1.3239,0.018613
Fibroblast_(subtipo_indeterminado)__MYDGF__CD_vs_HC,Fibroblast (subtipo indeterminado),MYDGF,CD_vs_HC,2.0801,0.030846
Fibroblast_(subtipo_indeterminado)__ACP5__CD_vs_HC,Fibroblast (subtipo indeterminado),ACP5,CD_vs_HC,-1.4851,0.0043542
Fibroblast_(subtipo_indeterminado)__NOTCH3__CD_vs_HC,Fibroblast (subtipo indeterminado),NOTCH3,CD_vs_HC,2.7138,0.0020639
Fibroblast_(subtipo_indeterminado)__TPM4__CD_vs_HC,Fibroblast (subtipo indeterminado),TPM4,CD_vs_HC,1.2278,0.046343
Fibroblast_(subtipo_indeterminado)__UBA2__CD_vs_HC,Fibroblast (subtipo indeterminado),UBA2,CD_vs_HC,1.4411,0.013431
Fibroblast_(subtipo_indeterminado)__MIF__CD_vs_HC,Fibroblast (subtipo indeterminado),MIF,CD_vs_HC,4.1324,0.038691
Fibroblast_(subtipo_indeterminado)__Z93241.1__CD_vs_HC,Fibroblast (subtipo indeterminado),Z93241.1,CD_vs_HC,-2.0694,0.0039186
Fibroblast_(subtipo_indeterminado)__BTG3__CD_vs_HC,Fibroblast (subtipo indeterminado),BTG3,CD_vs_HC,1.4732,0.039302
Fibroblast_(subtipo_indeterminado)__PIGR__UC_vs_CD,Fibroblast (subtipo indeterminado),PIGR,UC_vs_CD,-4.9989,0.021585
Fibroblast_(subtipo_indeterminado)__AGT__UC_vs_CD,Fibroblast (subtipo indeterminado),AGT,UC_vs_CD,2.9375,0.021585
Fibroblast_(subtipo_indeterminado)__LXN__UC_vs_CD,Fibroblast (subtipo indeterminado),LXN,UC_vs_CD,1.6852,0.021585
Fibroblast_(subtipo_indeterminado)__PLAT__UC_vs_CD,Fibroblast (subtipo indeterminado),PLAT,UC_vs_CD,1.2874,0.00013254
Fibroblast_(subtipo_indeterminado)__COL15A1__UC_vs_CD,Fibroblast (subtipo indeterminado),COL15A1,UC_vs_CD,-1.7206,0.028017
Goblet__CAMK2N1__UC_vs_HC,Goblet,CAMK2N1,UC_vs_HC,-1.7029,0.044278
Goblet__ID3__UC_vs_HC,Goblet,ID3,UC_vs_HC,-1.8862,0.00021324
Goblet__GUCA2B__UC_vs_HC,Goblet,GUCA2B,UC_vs_HC,-3.4492,0.049791
Goblet__PDZK1IP1__UC_vs_HC,Goblet,PDZK1IP1,UC_vs_HC,2.4682,0.0059625
Goblet__L1TD1__UC_vs_HC,Goblet,L1TD1,UC_vs_HC,2.1438,0.014945
Goblet__GBP3__UC_vs_HC,Goblet,GBP3,UC_vs_HC,2.0415,0.0059625
Goblet__F3__UC_vs_HC,Goblet,F3,UC_vs_HC,2.1492,0.00083293
Goblet__HMGCS2__UC_vs_HC,Goblet,HMGCS2,UC_vs_HC,-2.9611,0.0029398
Goblet__REG4__UC_vs_HC,Goblet,REG4,UC_vs_HC,3.2521,0.04269
Goblet__S100A11__UC_vs_HC,Goblet,S100A11,UC_vs_HC,1.2505,0.049658
Goblet__FDPS__UC_vs_HC,Goblet,FDPS,UC_vs_HC,1.6505,0.034507
Goblet__LAMC2__UC_vs_HC,Goblet,LAMC2,UC_vs_HC,1.4101,0.020934
Goblet__CD55__UC_vs_HC,Goblet,CD55,UC_vs_HC,1.6348,0.00016401
Goblet__ID2__UC_vs_HC,Goblet,ID2,UC_vs_HC,-1.8207,0.0012691
Goblet__ODC1__UC_vs_HC,Goblet,ODC1,UC_vs_HC,1.0722,0.045408
Goblet__HK2__UC_vs_HC,Goblet,HK2,UC_vs_HC,2.3327,0.0034289
Goblet__REG1B__UC_vs_HC,Goblet,REG1B,UC_vs_HC,9.7929,0.016719
Goblet__REG1A__UC_vs_HC,Goblet,REG1A,UC_vs_HC,11.813,9.4132e-06
Goblet__REG3A__UC_vs_HC,Goblet,REG3A,UC_vs_HC,16.525,0.0033641
Goblet__COX5B__UC_vs_HC,Goblet,COX5B,UC_vs_HC,-1.5562,0.016719
Goblet__IL1R2__UC_vs_HC,Goblet,IL1R2,UC_vs_HC,-2.5836,0.0084039
Goblet__FHL2__UC_vs_HC,Goblet,FHL2,UC_vs_HC,1.5062,0.0015622
Goblet__CXCL3__UC_vs_HC,Goblet,CXCL3,UC_vs_HC,1.816,0.0012691
Goblet__CXCL2__UC_vs_HC,Goblet,CXCL2,UC_vs_HC,2.124,0.022029
Goblet__PLAC8__UC_vs_HC,Goblet,PLAC8,UC_vs_HC,1.9178,0.032152
Goblet__HMGCS1__UC_vs_HC,Goblet,HMGCS1,UC_vs_HC,1.8211,0.02241
Goblet__SLC26A2__UC_vs_HC,Goblet,SLC26A2,UC_vs_HC,-3.1008,0.025253
Goblet__SERPINB1__UC_vs_HC,Goblet,SERPINB1,UC_vs_HC,1.1831,0.036571
Goblet__SERPINB6__UC_vs_HC,Goblet,SERPINB6,UC_vs_HC,1.0761,0.037027
Goblet__SSR1__UC_vs_HC,Goblet,SSR1,UC_vs_HC,1.4499,0.044278
Goblet__HIST1H4C__UC_vs_HC,Goblet,HIST1H4C,UC_vs_HC,-1.8955,0.036915
Goblet__TRIM31__UC_vs_HC,Goblet,TRIM31,UC_vs_HC,1.8914,0.039163
Goblet__DDAH2__UC_vs_HC,Goblet,DDAH2,UC_vs_HC,-1.704,0.036571
Goblet__HSPA1A__UC_vs_HC,Goblet,HSPA1A,UC_vs_HC,-1.3248,0.025253
Goblet__FAM135A__UC_vs_HC,Goblet,FAM135A,UC_vs_HC,1.501,0.031703
Goblet__TENT5A__UC_vs_HC,Goblet,TENT5A,UC_vs_HC,1.5033,0.016992
Goblet__NCOA7__UC_vs_HC,Goblet,NCOA7,UC_vs_HC,2.2199,0.0055289
Goblet__TNFAIP3__UC_vs_HC,Goblet,TNFAIP3,UC_vs_HC,2.1414,0.012625
Goblet__HSPB1__UC_vs_HC,Goblet,HSPB1,UC_vs_HC,-2.5447,0.0059625
Goblet__NAMPT__UC_vs_HC,Goblet,NAMPT,UC_vs_HC,1.1733,0.016196
Goblet__SLC25A6__UC_vs_HC,Goblet,SLC25A6,UC_vs_HC,-1.2639,0.0012691
Goblet__CA1__UC_vs_HC,Goblet,CA1,UC_vs_HC,-5.8876,0.041198
Goblet__B4GALT1__UC_vs_HC,Goblet,B4GALT1,UC_vs_HC,2.0294,0.04814
Goblet__ZFAND5__UC_vs_HC,Goblet,ZFAND5,UC_vs_HC,1.0075,0.047933
Goblet__ANXA1__UC_vs_HC,Goblet,ANXA1,UC_vs_HC,4.621,0.00011765
Goblet__HSPA5__UC_vs_HC,Goblet,HSPA5,UC_vs_HC,1.2871,0.042024
Goblet__LCN2__UC_vs_HC,Goblet,LCN2,UC_vs_HC,7.2894,2.1165e-07
Goblet__ENTPD8__UC_vs_HC,Goblet,ENTPD8,UC_vs_HC,-1.5341,0.016196
Goblet__MUC5B__UC_vs_HC,Goblet,MUC5B,UC_vs_HC,1.7437,0.044291
Goblet__KCNQ1OT1__UC_vs_HC,Goblet,KCNQ1OT1,UC_vs_HC,-1.8612,0.0092545
Goblet__CD59__UC_vs_HC,Goblet,CD59,UC_vs_HC,1.8161,0.00021324
Goblet__COX8A__UC_vs_HC,Goblet,COX8A,UC_vs_HC,-1.2732,0.0092545
Goblet__NUDT22__UC_vs_HC,Goblet,NUDT22,UC_vs_HC,-1.8953,0.044278
Goblet__NDUFS8__UC_vs_HC,Goblet,NDUFS8,UC_vs_HC,-2.1909,0.0092545
Goblet__VSIG2__UC_vs_HC,Goblet,VSIG2,UC_vs_HC,-1.0774,0.036571
Goblet__ARL5B__UC_vs_HC,Goblet,ARL5B,UC_vs_HC,1.4509,0.032152
Goblet__CCSER2__UC_vs_HC,Goblet,CCSER2,UC_vs_HC,1.4797,0.034507
Goblet__DMBT1__UC_vs_HC,Goblet,DMBT1,UC_vs_HC,4.7096,0.034507
Goblet__RND1__UC_vs_HC,Goblet,RND1,UC_vs_HC,1.8029,0.0061791
Goblet__LYZ__UC_vs_HC,Goblet,LYZ,UC_vs_HC,4.2626,0.0059625
Goblet__HSP90B1__UC_vs_HC,Goblet,HSP90B1,UC_vs_HC,1.0123,0.0054247
Goblet__CKAP4__UC_vs_HC,Goblet,CKAP4,UC_vs_HC,1.1131,0.036571
Goblet__RNASE1__UC_vs_HC,Goblet,RNASE1,UC_vs_HC,-1.9925,0.0059625
Goblet__DUOX2__UC_vs_HC,Goblet,DUOX2,UC_vs_HC,8.631,9.8319e-05
Goblet__DUOXA2__UC_vs_HC,Goblet,DUOXA2,UC_vs_HC,10.058,0.00016401
Goblet__TMC5__UC_vs_HC,Goblet,TMC5,UC_vs_HC,1.6418,1.5796e-06
Goblet__MT1E__UC_vs_HC,Goblet,MT1E,UC_vs_HC,-1.4789,0.0092545
Goblet__TMEM208__UC_vs_HC,Goblet,TMEM208,UC_vs_HC,1.2132,0.047072
Goblet__HSD11B2__UC_vs_HC,Goblet,HSD11B2,UC_vs_HC,-1.7311,0.0013757
Goblet__SPNS2__UC_vs_HC,Goblet,SPNS2,UC_vs_HC,2.3767,0.0013757
Goblet__LGALS9__UC_vs_HC,Goblet,LGALS9,UC_vs_HC,-1.2685,0.016992
Goblet__MSI2__UC_vs_HC,Goblet,MSI2,UC_vs_HC,1.252,0.01443
Goblet__PCK1__UC_vs_HC,Goblet,PCK1,UC_vs_HC,-2.2854,0.0012691
Goblet__UQCR11__UC_vs_HC,Goblet,UQCR11,UC_vs_HC,-1.6331,0.017348
Goblet__SAFB2__UC_vs_HC,Goblet,SAFB2,UC_vs_HC,-1.9904,0.030479
Goblet__QTRT1__UC_vs_HC,Goblet,QTRT1,UC_vs_HC,-1.4606,0.030468
Goblet__LGALS4__UC_vs_HC,Goblet,LGALS4,UC_vs_HC,-1.2206,9.8319e-05
Goblet__CEACAM5__UC_vs_HC,Goblet,CEACAM5,UC_vs_HC,1.4819,0.036571
Goblet__CEACAM6__UC_vs_HC,Goblet,CEACAM6,UC_vs_HC,2.563,0.049791
Goblet__CEACAM1__UC_vs_HC,Goblet,CEACAM1,UC_vs_HC,3.1068,0.0055289
Goblet__AP2S1__UC_vs_HC,Goblet,AP2S1,UC_vs_HC,-1.6477,0.038258
Goblet__FCGRT__UC_vs_HC,Goblet,FCGRT,UC_vs_HC,-1.7572,0.0034289
Goblet__ATF5__UC_vs_HC,Goblet,ATF5,UC_vs_HC,-2.2323,0.036571
Goblet__KLK1__UC_vs_HC,Goblet,KLK1,UC_vs_HC,-1.6265,0.0082193
Goblet__CHCHD10__UC_vs_HC,Goblet,CHCHD10,UC_vs_HC,-2.0316,0.0084291
Goblet__BACE2__UC_vs_HC,Goblet,BACE2,UC_vs_HC,1.7172,0.029629
Goblet__CDK11A__CD_vs_HC,Goblet,CDK11A,CD_vs_HC,-1.5289,2.1946e-08
Goblet__IFI6__CD_vs_HC,Goblet,IFI6,CD_vs_HC,2.5944,0.0024541
Goblet__GUCA2B__CD_vs_HC,Goblet,GUCA2B,CD_vs_HC,-4.112,7.5344e-09
Goblet__GUCA2A__CD_vs_HC,Goblet,GUCA2A,CD_vs_HC,-1.8337,0.011278
Goblet__ERI3__CD_vs_HC,Goblet,ERI3,CD_vs_HC,-1.6116,0.034891
Goblet__RAB3B__CD_vs_HC,Goblet,RAB3B,CD_vs_HC,-1.773,0.0188
Goblet__L1TD1__CD_vs_HC,Goblet,L1TD1,CD_vs_HC,2.0883,0.0014601
Goblet__HMGCS2__CD_vs_HC,Goblet,HMGCS2,CD_vs_HC,-1.5149,0.0025702
Goblet__REG4__CD_vs_HC,Goblet,REG4,CD_vs_HC,2.8302,0.034891
Goblet__IFI16__CD_vs_HC,Goblet,IFI16,CD_vs_HC,1.7919,0.02049
Goblet__ERO1B__CD_vs_HC,Goblet,ERO1B,CD_vs_HC,1.7089,0.034891
Goblet__REG1B__CD_vs_HC,Goblet,REG1B,CD_vs_HC,10.481,0.0024541
Goblet__REG1A__CD_vs_HC,Goblet,REG1A,CD_vs_HC,11.676,6.2427e-07
Goblet__REG3A__CD_vs_HC,Goblet,REG3A,CD_vs_HC,14.508,0.019061
Goblet__TSGA10__CD_vs_HC,Goblet,TSGA10,CD_vs_HC,-1.7013,0.046253
Goblet__IL1R2__CD_vs_HC,Goblet,IL1R2,CD_vs_HC,-1.4929,0.016399
Goblet__IL1B__CD_vs_HC,Goblet,IL1B,CD_vs_HC,3.4136,0.00018647
Goblet__SLC35F5__CD_vs_HC,Goblet,SLC35F5,CD_vs_HC,1.5905,0.015348
Goblet__TIPARP__CD_vs_HC,Goblet,TIPARP,CD_vs_HC,1.1224,0.039754
Goblet__PROM1__CD_vs_HC,Goblet,PROM1,CD_vs_HC,2.5143,0.023073
Goblet__CXCL1__CD_vs_HC,Goblet,CXCL1,CD_vs_HC,2.296,0.0082645
Goblet__CXCL3__CD_vs_HC,Goblet,CXCL3,CD_vs_HC,1.0708,0.040438
Goblet__SEC24D__CD_vs_HC,Goblet,SEC24D,CD_vs_HC,1.1348,0.016804
Goblet__DAP__CD_vs_HC,Goblet,DAP,CD_vs_HC,1.0135,0.049216
Goblet__TGFBI__CD_vs_HC,Goblet,TGFBI,CD_vs_HC,3.5577,0.002754
Goblet__CD74__CD_vs_HC,Goblet,CD74,CD_vs_HC,1.5925,0.019393
Goblet__NOL7__CD_vs_HC,Goblet,NOL7,CD_vs_HC,1.4692,0.029253
Goblet__HIST1H2BD__CD_vs_HC,Goblet,HIST1H2BD,CD_vs_HC,-1.4241,0.0442
Goblet__TRIM15__CD_vs_HC,Goblet,TRIM15,CD_vs_HC,2.1178,0.027466
Goblet__HSPA1A__CD_vs_HC,Goblet,HSPA1A,CD_vs_HC,-1.3921,0.00010235
Goblet__C2__CD_vs_HC,Goblet,C2,CD_vs_HC,4.217,0.00035747
Goblet__KCNK5__CD_vs_HC,Goblet,KCNK5,CD_vs_HC,-1.8531,0.034891
Goblet__FRMD1__CD_vs_HC,Goblet,FRMD1,CD_vs_HC,-1.4087,0.016399
Goblet__TTYH3__CD_vs_HC,Goblet,TTYH3,CD_vs_HC,1.9812,0.013349
Goblet__ITGB8__CD_vs_HC,Goblet,ITGB8,CD_vs_HC,2.3806,0.0037052
Goblet__SAMD9L__CD_vs_HC,Goblet,SAMD9L,CD_vs_HC,1.3801,0.028159
Goblet__CEBPD__CD_vs_HC,Goblet,CEBPD,CD_vs_HC,1.4221,0.034891
Goblet__FER1L6__CD_vs_HC,Goblet,FER1L6,CD_vs_HC,-1.3916,0.00046403
Goblet__RHPN1__CD_vs_HC,Goblet,RHPN1,CD_vs_HC,2.0995,0.031722
Goblet__CDKN2B-AS1__CD_vs_HC,Goblet,CDKN2B-AS1,CD_vs_HC,-2.4398,0.042968
Goblet__LCN2__CD_vs_HC,Goblet,LCN2,CD_vs_HC,5.227,1.2574e-05
Goblet__FIBCD1__CD_vs_HC,Goblet,FIBCD1,CD_vs_HC,2.4749,0.0013359
Goblet__MUC5B__CD_vs_HC,Goblet,MUC5B,CD_vs_HC,1.7304,0.010625
Goblet__ASRGL1__CD_vs_HC,Goblet,ASRGL1,CD_vs_HC,1.3644,0.001382
Goblet__CASP1__CD_vs_HC,Goblet,CASP1,CD_vs_HC,1.5209,0.014677
Goblet__SORL1__CD_vs_HC,Goblet,SORL1,CD_vs_HC,-1.228,0.021086
Goblet__STT3A__CD_vs_HC,Goblet,STT3A,CD_vs_HC,1.0783,0.026963
Goblet__ETS1__CD_vs_HC,Goblet,ETS1,CD_vs_HC,1.894,0.016399
Goblet__PPA1__CD_vs_HC,Goblet,PPA1,CD_vs_HC,1.2134,0.019777
Goblet__CCSER2__CD_vs_HC,Goblet,CCSER2,CD_vs_HC,1.7619,6.2427e-07
Goblet__DMBT1__CD_vs_HC,Goblet,DMBT1,CD_vs_HC,3.9423,0.049216
Goblet__LINC01559__CD_vs_HC,Goblet,LINC01559,CD_vs_HC,-2.1602,0.017686
Goblet__LYZ__CD_vs_HC,Goblet,LYZ,CD_vs_HC,3.8621,0.0020292
Goblet__TMPO__CD_vs_HC,Goblet,TMPO,CD_vs_HC,1.5071,0.024831
Goblet__TMEM263__CD_vs_HC,Goblet,TMEM263,CD_vs_HC,1.272,0.0021003
Goblet__RFLNA__CD_vs_HC,Goblet,RFLNA,CD_vs_HC,-1.1246,0.017205
Goblet__OLFM4__CD_vs_HC,Goblet,OLFM4,CD_vs_HC,4.0808,0.015348
Goblet__WARS__CD_vs_HC,Goblet,WARS,CD_vs_HC,2.2488,0.0024203
Goblet__IGHG2__CD_vs_HC,Goblet,IGHG2,CD_vs_HC,4.5859,0.0012842
Goblet__IGHM__CD_vs_HC,Goblet,IGHM,CD_vs_HC,4.9639,0.0085445
Goblet__DUOX2__CD_vs_HC,Goblet,DUOX2,CD_vs_HC,5.2431,0.02845
Goblet__DUOXA2__CD_vs_HC,Goblet,DUOXA2,CD_vs_HC,6.6191,0.019777
Goblet__C2CD4A__CD_vs_HC,Goblet,C2CD4A,CD_vs_HC,2.0854,0.043264
Goblet__C2CD4B__CD_vs_HC,Goblet,C2CD4B,CD_vs_HC,2.1941,0.017466
Goblet__METTL26__CD_vs_HC,Goblet,METTL26,CD_vs_HC,1.1785,0.012172
Goblet__IGFALS__CD_vs_HC,Goblet,IGFALS,CD_vs_HC,2.3901,0.013554
Goblet__AQP8__CD_vs_HC,Goblet,AQP8,CD_vs_HC,-3.6903,6.5777e-06
Goblet__LPCAT2__CD_vs_HC,Goblet,LPCAT2,CD_vs_HC,2.3201,0.024693
Goblet__MT2A__CD_vs_HC,Goblet,MT2A,CD_vs_HC,1.1332,0.0012842
Goblet__MT1H__CD_vs_HC,Goblet,MT1H,CD_vs_HC,1.5946,0.0094712
Goblet__SNF8__CD_vs_HC,Goblet,SNF8,CD_vs_HC,1.0639,0.0097721
Goblet__UTP18__CD_vs_HC,Goblet,UTP18,CD_vs_HC,2.1062,0.049216
Goblet__MYO15B__CD_vs_HC,Goblet,MYO15B,CD_vs_HC,-1.7219,9.0479e-05
Goblet__SMIM6__CD_vs_HC,Goblet,SMIM6,CD_vs_HC,-2.0954,0.0010804
Goblet__SDCBP2__CD_vs_HC,Goblet,SDCBP2,CD_vs_HC,-1.1416,0.0065237
Goblet__LINC00261__CD_vs_HC,Goblet,LINC00261,CD_vs_HC,2.5528,0.019777
Goblet__TNNC2__CD_vs_HC,Goblet,TNNC2,CD_vs_HC,-1.3277,0.019983
Goblet__PCK1__CD_vs_HC,Goblet,PCK1,CD_vs_HC,-1.8217,9.0479e-05
Goblet__SHC2__CD_vs_HC,Goblet,SHC2,CD_vs_HC,3.306,0.0033662
Goblet__FXYD3__CD_vs_HC,Goblet,FXYD3,CD_vs_HC,-1.3622,0.0053211
Goblet__C19orf33__CD_vs_HC,Goblet,C19orf33,CD_vs_HC,-1.5578,0.041931
Goblet__LGALS4__CD_vs_HC,Goblet,LGALS4,CD_vs_HC,-1.1184,6.2427e-07
Goblet__ECH1__CD_vs_HC,Goblet,ECH1,CD_vs_HC,-1.2293,0.01131
Goblet__AC011523.1__CD_vs_HC,Goblet,AC011523.1,CD_vs_HC,-1.7462,0.046273
Goblet__KLK11__CD_vs_HC,Goblet,KLK11,CD_vs_HC,3.0269,0.00083332
Goblet__RUNX1__CD_vs_HC,Goblet,RUNX1,CD_vs_HC,1.4909,0.046253
Goblet__MT-ND6__CD_vs_HC,Goblet,MT-ND6,CD_vs_HC,1.1725,0.036964
Goblet__GUK1__UC_vs_CD,Goblet,GUK1,UC_vs_CD,-1.6694,0.0041418
Goblet__TM4SF1__UC_vs_CD,Goblet,TM4SF1,UC_vs_CD,4.8796,1.7881e-06
Goblet__AL121944.1__UC_vs_CD,Goblet,AL121944.1,UC_vs_CD,1.406,0.047401
Goblet__TENT5A__UC_vs_CD,Goblet,TENT5A,UC_vs_CD,1.6304,0.047401
Goblet__ZFAND2A__UC_vs_CD,Goblet,ZFAND2A,UC_vs_CD,1.9446,0.047401
Goblet__ANXA1__UC_vs_CD,Goblet,ANXA1,UC_vs_CD,3.9717,0.0083051
Goblet__CD59__UC_vs_CD,Goblet,CD59,UC_vs_CD,2.1355,6.8178e-05
Goblet__EPS8__UC_vs_CD,Goblet,EPS8,UC_vs_CD,1.2959,0.047401
Goblet__OASL__UC_vs_CD,Goblet,OASL,UC_vs_CD,2.5768,0.0016197
Goblet__TMC5__UC_vs_CD,Goblet,TMC5,UC_vs_CD,1.2723,0.0036651
Goblet__MT2A__UC_vs_CD,Goblet,MT2A,UC_vs_CD,-1.6445,0.0022509
Goblet__MT1E__UC_vs_CD,Goblet,MT1E,UC_vs_CD,-1.7916,0.0036651
Goblet__MT1G__UC_vs_CD,Goblet,MT1G,UC_vs_CD,-1.9383,0.047401
Goblet__SPNS2__UC_vs_CD,Goblet,SPNS2,UC_vs_CD,2.1516,0.047372
Goblet__PLAUR__UC_vs_CD,Goblet,PLAUR,UC_vs_CD,1.2479,0.031998
Mast__TNFSF10__UC_vs_HC,Mast,TNFSF10,UC_vs_HC,1.4227,3.0282e-06
Mast__EGR1__UC_vs_HC,Mast,EGR1,UC_vs_HC,-1.8726,0.048434
Mast__CYCS__UC_vs_HC,Mast,CYCS,UC_vs_HC,-1.5335,0.048434
Mast__TMEM176B__UC_vs_HC,Mast,TMEM176B,UC_vs_HC,3.9346,0.048434
Mast__PAG1__UC_vs_HC,Mast,PAG1,UC_vs_HC,1.9601,0.005093
Mast__DNAJA1__UC_vs_HC,Mast,DNAJA1,UC_vs_HC,-1.4928,0.0034088
Mast__HSPA8__UC_vs_HC,Mast,HSPA8,UC_vs_HC,-1.1827,0.048434
Mast__GPR183__UC_vs_HC,Mast,GPR183,UC_vs_HC,1.8156,0.043089
Mast__RAB27B__UC_vs_HC,Mast,RAB27B,UC_vs_HC,-1.5874,0.048434
Mast__DNAJB1__UC_vs_HC,Mast,DNAJB1,UC_vs_HC,-2.4996,0.0091484
Mast__IER3__CD_vs_HC,Mast,IER3,CD_vs_HC,2.0595,0.007407
Monocyte_(subtipo_indeterminado)__B3GALT6__UC_vs_HC,Monocyte (subtipo indeterminado),B3GALT6,UC_vs_HC,-2.3759,0.022031
Monocyte_(subtipo_indeterminado)__TNFRSF14-AS1__UC_vs_HC,Monocyte (subtipo indeterminado),TNFRSF14-AS1,UC_vs_HC,-2.4378,0.041307
Monocyte_(subtipo_indeterminado)__TPRG1L__UC_vs_HC,Monocyte (subtipo indeterminado),TPRG1L,UC_vs_HC,-1.56,0.026892
Monocyte_(subtipo_indeterminado)__PER3__UC_vs_HC,Monocyte (subtipo indeterminado),PER3,UC_vs_HC,-5.054,6.4302e-06
Monocyte_(subtipo_indeterminado)__TNFRSF9__UC_vs_HC,Monocyte (subtipo indeterminado),TNFRSF9,UC_vs_HC,2.6721,0.01546
Monocyte_(subtipo_indeterminado)__CTNNBIP1__UC_vs_HC,Monocyte (subtipo indeterminado),CTNNBIP1,UC_vs_HC,-1.9191,0.037153
Monocyte_(subtipo_indeterminado)__KIF1B__UC_vs_HC,Monocyte (subtipo indeterminado),KIF1B,UC_vs_HC,-1.3577,0.023851
Monocyte_(subtipo_indeterminado)__AGTRAP__UC_vs_HC,Monocyte (subtipo indeterminado),AGTRAP,UC_vs_HC,2.6783,0.00035719
Monocyte_(subtipo_indeterminado)__TMEM51__UC_vs_HC,Monocyte (subtipo indeterminado),TMEM51,UC_vs_HC,-1.497,0.016556
Monocyte_(subtipo_indeterminado)__PLEKHM2__UC_vs_HC,Monocyte (subtipo indeterminado),PLEKHM2,UC_vs_HC,-1.038,0.02084
Monocyte_(subtipo_indeterminado)__NBL1__UC_vs_HC,Monocyte (subtipo indeterminado),NBL1,UC_vs_HC,-3.0967,0.036114
Monocyte_(subtipo_indeterminado)__CDA__UC_vs_HC,Monocyte (subtipo indeterminado),CDA,UC_vs_HC,3.7748,0.0055315
Monocyte_(subtipo_indeterminado)__ECE1__UC_vs_HC,Monocyte (subtipo indeterminado),ECE1,UC_vs_HC,4.0036,0.01101
Monocyte_(subtipo_indeterminado)__C1QA__UC_vs_HC,Monocyte (subtipo indeterminado),C1QA,UC_vs_HC,-1.9059,0.027008
Monocyte_(subtipo_indeterminado)__EPHB2__UC_vs_HC,Monocyte (subtipo indeterminado),EPHB2,UC_vs_HC,-2.4564,0.014998
Monocyte_(subtipo_indeterminado)__ID3__UC_vs_HC,Monocyte (subtipo indeterminado),ID3,UC_vs_HC,-1.6256,0.041071
Monocyte_(subtipo_indeterminado)__FUCA1__UC_vs_HC,Monocyte (subtipo indeterminado),FUCA1,UC_vs_HC,-3.4231,0.00094808
Monocyte_(subtipo_indeterminado)__STMN1__UC_vs_HC,Monocyte (subtipo indeterminado),STMN1,UC_vs_HC,-2.5843,3.8579e-06
Monocyte_(subtipo_indeterminado)__SH3BGRL3__UC_vs_HC,Monocyte (subtipo indeterminado),SH3BGRL3,UC_vs_HC,1.4997,0.00054518
Monocyte_(subtipo_indeterminado)__FABP3__UC_vs_HC,Monocyte (subtipo indeterminado),FABP3,UC_vs_HC,-3.2098,0.017523
Monocyte_(subtipo_indeterminado)__MARCKSL1__UC_vs_HC,Monocyte (subtipo indeterminado),MARCKSL1,UC_vs_HC,1.7338,0.015333
Monocyte_(subtipo_indeterminado)__SH3D21__UC_vs_HC,Monocyte (subtipo indeterminado),SH3D21,UC_vs_HC,-1.7607,0.041071
Monocyte_(subtipo_indeterminado)__MTF1__UC_vs_HC,Monocyte (subtipo indeterminado),MTF1,UC_vs_HC,1.9105,0.017335
Monocyte_(subtipo_indeterminado)__MOB3C__UC_vs_HC,Monocyte (subtipo indeterminado),MOB3C,UC_vs_HC,-1.7756,0.011206
Monocyte_(subtipo_indeterminado)__JUN__UC_vs_HC,Monocyte (subtipo indeterminado),JUN,UC_vs_HC,-1.9133,0.0014245
Monocyte_(subtipo_indeterminado)__NFIA__UC_vs_HC,Monocyte (subtipo indeterminado),NFIA,UC_vs_HC,-3.2148,0.025124
Monocyte_(subtipo_indeterminado)__ATG4C__UC_vs_HC,Monocyte (subtipo indeterminado),ATG4C,UC_vs_HC,-1.7205,0.033129
Monocyte_(subtipo_indeterminado)__WLS__UC_vs_HC,Monocyte (subtipo indeterminado),WLS,UC_vs_HC,-2.6371,0.0028265
Monocyte_(subtipo_indeterminado)__PRKACB__UC_vs_HC,Monocyte (subtipo indeterminado),PRKACB,UC_vs_HC,-1.9268,0.01037
Monocyte_(subtipo_indeterminado)__GBP1__UC_vs_HC,Monocyte (subtipo indeterminado),GBP1,UC_vs_HC,2.057,0.032687
Monocyte_(subtipo_indeterminado)__GBP2__UC_vs_HC,Monocyte (subtipo indeterminado),GBP2,UC_vs_HC,2.0068,0.0038246
Monocyte_(subtipo_indeterminado)__F3__UC_vs_HC,Monocyte (subtipo indeterminado),F3,UC_vs_HC,3.9473,0.043448
Monocyte_(subtipo_indeterminado)__EXTL2__UC_vs_HC,Monocyte (subtipo indeterminado),EXTL2,UC_vs_HC,-3.7315,0.043448
Monocyte_(subtipo_indeterminado)__AMPD2__UC_vs_HC,Monocyte (subtipo indeterminado),AMPD2,UC_vs_HC,1.1867,0.018745
Monocyte_(subtipo_indeterminado)__CD53__UC_vs_HC,Monocyte (subtipo indeterminado),CD53,UC_vs_HC,1.0549,0.0016733
Monocyte_(subtipo_indeterminado)__TMIGD3__UC_vs_HC,Monocyte (subtipo indeterminado),TMIGD3,UC_vs_HC,-4.5499,0.00092275
Monocyte_(subtipo_indeterminado)__ADORA3__UC_vs_HC,Monocyte (subtipo indeterminado),ADORA3,UC_vs_HC,-3.7264,0.00092275
Monocyte_(subtipo_indeterminado)__CD58__UC_vs_HC,Monocyte (subtipo indeterminado),CD58,UC_vs_HC,1.6641,0.0034563
Monocyte_(subtipo_indeterminado)__RBM8A__UC_vs_HC,Monocyte (subtipo indeterminado),RBM8A,UC_vs_HC,1.04,0.0075498
Monocyte_(subtipo_indeterminado)__ADAMTSL4__UC_vs_HC,Monocyte (subtipo indeterminado),ADAMTSL4,UC_vs_HC,1.9031,0.023851
Monocyte_(subtipo_indeterminado)__GOLPH3L__UC_vs_HC,Monocyte (subtipo indeterminado),GOLPH3L,UC_vs_HC,-2.4977,0.035935
Monocyte_(subtipo_indeterminado)__C1orf56__UC_vs_HC,Monocyte (subtipo indeterminado),C1orf56,UC_vs_HC,2.3919,0.033129
Monocyte_(subtipo_indeterminado)__CDC42SE1__UC_vs_HC,Monocyte (subtipo indeterminado),CDC42SE1,UC_vs_HC,1.1846,0.048268
Monocyte_(subtipo_indeterminado)__TNFAIP8L2__UC_vs_HC,Monocyte (subtipo indeterminado),TNFAIP8L2,UC_vs_HC,-1.4734,0.023562
Monocyte_(subtipo_indeterminado)__S100A10__UC_vs_HC,Monocyte (subtipo indeterminado),S100A10,UC_vs_HC,1.489,0.049524
Monocyte_(subtipo_indeterminado)__S100A9__UC_vs_HC,Monocyte (subtipo indeterminado),S100A9,UC_vs_HC,4.4806,2.2629e-08
Monocyte_(subtipo_indeterminado)__S100A12__UC_vs_HC,Monocyte (subtipo indeterminado),S100A12,UC_vs_HC,7.6516,5.908e-05
Monocyte_(subtipo_indeterminado)__S100A8__UC_vs_HC,Monocyte (subtipo indeterminado),S100A8,UC_vs_HC,7.4867,1.9623e-19
Monocyte_(subtipo_indeterminado)__S100A13__UC_vs_HC,Monocyte (subtipo indeterminado),S100A13,UC_vs_HC,-2.1572,0.034263
Monocyte_(subtipo_indeterminado)__LMNA__UC_vs_HC,Monocyte (subtipo indeterminado),LMNA,UC_vs_HC,-2.337,0.0013487
Monocyte_(subtipo_indeterminado)__GLMP__UC_vs_HC,Monocyte (subtipo indeterminado),GLMP,UC_vs_HC,-1.2825,0.046123
Monocyte_(subtipo_indeterminado)__MNDA__UC_vs_HC,Monocyte (subtipo indeterminado),MNDA,UC_vs_HC,1.4546,0.019369
Monocyte_(subtipo_indeterminado)__CD48__UC_vs_HC,Monocyte (subtipo indeterminado),CD48,UC_vs_HC,1.3648,0.0090186
Monocyte_(subtipo_indeterminado)__ALDH9A1__UC_vs_HC,Monocyte (subtipo indeterminado),ALDH9A1,UC_vs_HC,-1.6609,0.0059613
Monocyte_(subtipo_indeterminado)__NME7__UC_vs_HC,Monocyte (subtipo indeterminado),NME7,UC_vs_HC,-2.4992,0.032296
Monocyte_(subtipo_indeterminado)__SELL__UC_vs_HC,Monocyte (subtipo indeterminado),SELL,UC_vs_HC,1.9569,0.029879
Monocyte_(subtipo_indeterminado)__NCF2__UC_vs_HC,Monocyte (subtipo indeterminado),NCF2,UC_vs_HC,1.0908,0.039248
Monocyte_(subtipo_indeterminado)__RGL1__UC_vs_HC,Monocyte (subtipo indeterminado),RGL1,UC_vs_HC,-1.6924,0.015333
Monocyte_(subtipo_indeterminado)__FAM129A__UC_vs_HC,Monocyte (subtipo indeterminado),FAM129A,UC_vs_HC,1.9205,0.026436
Monocyte_(subtipo_indeterminado)__RGS1__UC_vs_HC,Monocyte (subtipo indeterminado),RGS1,UC_vs_HC,-1.5569,0.035419
Monocyte_(subtipo_indeterminado)__PTPRC__UC_vs_HC,Monocyte (subtipo indeterminado),PTPRC,UC_vs_HC,1.4372,1.1025e-05
Monocyte_(subtipo_indeterminado)__CYB5R1__UC_vs_HC,Monocyte (subtipo indeterminado),CYB5R1,UC_vs_HC,-1.3762,0.026436
Monocyte_(subtipo_indeterminado)__PIGR__UC_vs_HC,Monocyte (subtipo indeterminado),PIGR,UC_vs_HC,-2.9489,0.026892
Monocyte_(subtipo_indeterminado)__CD55__UC_vs_HC,Monocyte (subtipo indeterminado),CD55,UC_vs_HC,1.9076,0.0005532
Monocyte_(subtipo_indeterminado)__G0S2__UC_vs_HC,Monocyte (subtipo indeterminado),G0S2,UC_vs_HC,4.1495,0.00030011
Monocyte_(subtipo_indeterminado)__AL392172.1__UC_vs_HC,Monocyte (subtipo indeterminado),AL392172.1,UC_vs_HC,-1.9216,0.049734
Monocyte_(subtipo_indeterminado)__EPHX1__UC_vs_HC,Monocyte (subtipo indeterminado),EPHX1,UC_vs_HC,-2.3248,0.027008
Monocyte_(subtipo_indeterminado)__PARP1__UC_vs_HC,Monocyte (subtipo indeterminado),PARP1,UC_vs_HC,-1.5286,0.022734
Monocyte_(subtipo_indeterminado)__KLF11__UC_vs_HC,Monocyte (subtipo indeterminado),KLF11,UC_vs_HC,-1.2885,0.048983
Monocyte_(subtipo_indeterminado)__FAM49A__UC_vs_HC,Monocyte (subtipo indeterminado),FAM49A,UC_vs_HC,1.7863,6.4302e-06
Monocyte_(subtipo_indeterminado)__SLC35F6__UC_vs_HC,Monocyte (subtipo indeterminado),SLC35F6,UC_vs_HC,-1.3675,0.026178
Monocyte_(subtipo_indeterminado)__KHK__UC_vs_HC,Monocyte (subtipo indeterminado),KHK,UC_vs_HC,-3.4624,0.029413
Monocyte_(subtipo_indeterminado)__CDC42EP3__UC_vs_HC,Monocyte (subtipo indeterminado),CDC42EP3,UC_vs_HC,1.8369,0.018717
Monocyte_(subtipo_indeterminado)__GALM__UC_vs_HC,Monocyte (subtipo indeterminado),GALM,UC_vs_HC,-1.7065,0.030719
Monocyte_(subtipo_indeterminado)__EML4__UC_vs_HC,Monocyte (subtipo indeterminado),EML4,UC_vs_HC,1.1947,0.0026975
Monocyte_(subtipo_indeterminado)__EPAS1__UC_vs_HC,Monocyte (subtipo indeterminado),EPAS1,UC_vs_HC,-2.0524,0.014906
Monocyte_(subtipo_indeterminado)__PLEK__UC_vs_HC,Monocyte (subtipo indeterminado),PLEK,UC_vs_HC,1.8063,5.4674e-06
Monocyte_(subtipo_indeterminado)__MXD1__UC_vs_HC,Monocyte (subtipo indeterminado),MXD1,UC_vs_HC,1.4536,0.0033065
Monocyte_(subtipo_indeterminado)__PCYOX1__UC_vs_HC,Monocyte (subtipo indeterminado),PCYOX1,UC_vs_HC,-1.6266,0.049734
Monocyte_(subtipo_indeterminado)__MTHFD2__UC_vs_HC,Monocyte (subtipo indeterminado),MTHFD2,UC_vs_HC,1.0312,0.0050935
Monocyte_(subtipo_indeterminado)__HK2__UC_vs_HC,Monocyte (subtipo indeterminado),HK2,UC_vs_HC,2.0343,0.01546
Monocyte_(subtipo_indeterminado)__CYTOR__UC_vs_HC,Monocyte (subtipo indeterminado),CYTOR,UC_vs_HC,1.5267,0.00073703
Monocyte_(subtipo_indeterminado)__FABP1__UC_vs_HC,Monocyte (subtipo indeterminado),FABP1,UC_vs_HC,-6.089,3.2843e-08
Monocyte_(subtipo_indeterminado)__STARD7__UC_vs_HC,Monocyte (subtipo indeterminado),STARD7,UC_vs_HC,-1.0563,0.014648
Monocyte_(subtipo_indeterminado)__SEMA4C__UC_vs_HC,Monocyte (subtipo indeterminado),SEMA4C,UC_vs_HC,-2.5685,0.021185
Monocyte_(subtipo_indeterminado)__MAP4K4__UC_vs_HC,Monocyte (subtipo indeterminado),MAP4K4,UC_vs_HC,2.5611,0.016936
Monocyte_(subtipo_indeterminado)__SMIM37__UC_vs_HC,Monocyte (subtipo indeterminado),SMIM37,UC_vs_HC,-1.6229,0.0025446
Monocyte_(subtipo_indeterminado)__MIR4435-2HG__UC_vs_HC,Monocyte (subtipo indeterminado),MIR4435-2HG,UC_vs_HC,2.3363,0.00047035
Monocyte_(subtipo_indeterminado)__IL1B__UC_vs_HC,Monocyte (subtipo indeterminado),IL1B,UC_vs_HC,2.2554,0.038677
Monocyte_(subtipo_indeterminado)__IL1RN__UC_vs_HC,Monocyte (subtipo indeterminado),IL1RN,UC_vs_HC,4.3333,6.0827e-08
Monocyte_(subtipo_indeterminado)__AC009404.1__UC_vs_HC,Monocyte (subtipo indeterminado),AC009404.1,UC_vs_HC,-4.4604,0.0039705
Monocyte_(subtipo_indeterminado)__MARCO__UC_vs_HC,Monocyte (subtipo indeterminado),MARCO,UC_vs_HC,5.7654,0.016502
Monocyte_(subtipo_indeterminado)__TMEM37__UC_vs_HC,Monocyte (subtipo indeterminado),TMEM37,UC_vs_HC,-2.8242,0.014906
Monocyte_(subtipo_indeterminado)__TFCP2L1__UC_vs_HC,Monocyte (subtipo indeterminado),TFCP2L1,UC_vs_HC,-3.8701,0.020854
Monocyte_(subtipo_indeterminado)__GYPC__UC_vs_HC,Monocyte (subtipo indeterminado),GYPC,UC_vs_HC,-1.5195,0.029458
Monocyte_(subtipo_indeterminado)__KYNU__UC_vs_HC,Monocyte (subtipo indeterminado),KYNU,UC_vs_HC,2.4452,0.00016647
Monocyte_(subtipo_indeterminado)__RND3__UC_vs_HC,Monocyte (subtipo indeterminado),RND3,UC_vs_HC,-4.3921,0.0028237
Monocyte_(subtipo_indeterminado)__TNFAIP6__UC_vs_HC,Monocyte (subtipo indeterminado),TNFAIP6,UC_vs_HC,5.473,0.00032319
Monocyte_(subtipo_indeterminado)__CYTIP__UC_vs_HC,Monocyte (subtipo indeterminado),CYTIP,UC_vs_HC,1.2928,0.025903
Monocyte_(subtipo_indeterminado)__GCA__UC_vs_HC,Monocyte (subtipo indeterminado),GCA,UC_vs_HC,1.6184,9.344e-05
Monocyte_(subtipo_indeterminado)__MAP3K20__UC_vs_HC,Monocyte (subtipo indeterminado),MAP3K20,UC_vs_HC,2.4084,0.01872
Monocyte_(subtipo_indeterminado)__SLC40A1__UC_vs_HC,Monocyte (subtipo indeterminado),SLC40A1,UC_vs_HC,-3.0047,0.0062843
Monocyte_(subtipo_indeterminado)__IDH1__UC_vs_HC,Monocyte (subtipo indeterminado),IDH1,UC_vs_HC,-1.6603,0.022697
Monocyte_(subtipo_indeterminado)__LANCL1__UC_vs_HC,Monocyte (subtipo indeterminado),LANCL1,UC_vs_HC,-2.3883,0.034263
Monocyte_(subtipo_indeterminado)__SLC11A1__UC_vs_HC,Monocyte (subtipo indeterminado),SLC11A1,UC_vs_HC,4.783,2.9249e-06
Monocyte_(subtipo_indeterminado)__CCL20__UC_vs_HC,Monocyte (subtipo indeterminado),CCL20,UC_vs_HC,5.9746,1.222e-08
Monocyte_(subtipo_indeterminado)__USP40__UC_vs_HC,Monocyte (subtipo indeterminado),USP40,UC_vs_HC,-2.0769,0.040179
Monocyte_(subtipo_indeterminado)__ARL4C__UC_vs_HC,Monocyte (subtipo indeterminado),ARL4C,UC_vs_HC,-1.556,0.020209
Monocyte_(subtipo_indeterminado)__STK25__UC_vs_HC,Monocyte (subtipo indeterminado),STK25,UC_vs_HC,-1.1841,0.048678
Monocyte_(subtipo_indeterminado)__IRAK2__UC_vs_HC,Monocyte (subtipo indeterminado),IRAK2,UC_vs_HC,1.975,0.017165
Monocyte_(subtipo_indeterminado)__ANKRD28__UC_vs_HC,Monocyte (subtipo indeterminado),ANKRD28,UC_vs_HC,1.8313,0.041808
Monocyte_(subtipo_indeterminado)__SATB1__UC_vs_HC,Monocyte (subtipo indeterminado),SATB1,UC_vs_HC,1.3083,0.012706
Monocyte_(subtipo_indeterminado)__CRTAP__UC_vs_HC,Monocyte (subtipo indeterminado),CRTAP,UC_vs_HC,-1.1484,0.030059
Monocyte_(subtipo_indeterminado)__ITGA9__UC_vs_HC,Monocyte (subtipo indeterminado),ITGA9,UC_vs_HC,-2.247,0.016943
Monocyte_(subtipo_indeterminado)__MYD88__UC_vs_HC,Monocyte (subtipo indeterminado),MYD88,UC_vs_HC,1.3548,0.012569
Monocyte_(subtipo_indeterminado)__CCR5__UC_vs_HC,Monocyte (subtipo indeterminado),CCR5,UC_vs_HC,2.2176,0.014967
Monocyte_(subtipo_indeterminado)__CCRL2__UC_vs_HC,Monocyte (subtipo indeterminado),CCRL2,UC_vs_HC,2.447,9.884e-06
Monocyte_(subtipo_indeterminado)__LAMB2__UC_vs_HC,Monocyte (subtipo indeterminado),LAMB2,UC_vs_HC,-3.8484,0.0080317
Monocyte_(subtipo_indeterminado)__USP4__UC_vs_HC,Monocyte (subtipo indeterminado),USP4,UC_vs_HC,-1.048,0.041985
Monocyte_(subtipo_indeterminado)__NISCH__UC_vs_HC,Monocyte (subtipo indeterminado),NISCH,UC_vs_HC,-2.2039,1.505e-06
Monocyte_(subtipo_indeterminado)__STAB1__UC_vs_HC,Monocyte (subtipo indeterminado),STAB1,UC_vs_HC,-2.9041,5.5477e-07
Monocyte_(subtipo_indeterminado)__NT5DC2__UC_vs_HC,Monocyte (subtipo indeterminado),NT5DC2,UC_vs_HC,-1.9756,0.039128
Monocyte_(subtipo_indeterminado)__SMIM4__UC_vs_HC,Monocyte (subtipo indeterminado),SMIM4,UC_vs_HC,-1.5204,0.02719
Monocyte_(subtipo_indeterminado)__FAM3D__UC_vs_HC,Monocyte (subtipo indeterminado),FAM3D,UC_vs_HC,-4.4091,0.045815
Monocyte_(subtipo_indeterminado)__FHIT__UC_vs_HC,Monocyte (subtipo indeterminado),FHIT,UC_vs_HC,-2.1904,0.040418
Monocyte_(subtipo_indeterminado)__FRMD4B__UC_vs_HC,Monocyte (subtipo indeterminado),FRMD4B,UC_vs_HC,-1.4344,0.023851
Monocyte_(subtipo_indeterminado)__FILIP1L__UC_vs_HC,Monocyte (subtipo indeterminado),FILIP1L,UC_vs_HC,-3.3538,0.0012583
Monocyte_(subtipo_indeterminado)__ATG3__UC_vs_HC,Monocyte (subtipo indeterminado),ATG3,UC_vs_HC,1.0507,0.0051553
Monocyte_(subtipo_indeterminado)__CD200R1__UC_vs_HC,Monocyte (subtipo indeterminado),CD200R1,UC_vs_HC,-3.1756,0.0071925
Monocyte_(subtipo_indeterminado)__CD80__UC_vs_HC,Monocyte (subtipo indeterminado),CD80,UC_vs_HC,2.0208,0.04043
Monocyte_(subtipo_indeterminado)__CSTA__UC_vs_HC,Monocyte (subtipo indeterminado),CSTA,UC_vs_HC,1.4106,0.016858
Monocyte_(subtipo_indeterminado)__ITGB5__UC_vs_HC,Monocyte (subtipo indeterminado),ITGB5,UC_vs_HC,-3.0795,0.0025446
Monocyte_(subtipo_indeterminado)__CHCHD6__UC_vs_HC,Monocyte (subtipo indeterminado),CHCHD6,UC_vs_HC,-3.3477,0.014267
Monocyte_(subtipo_indeterminado)__RBP1__UC_vs_HC,Monocyte (subtipo indeterminado),RBP1,UC_vs_HC,-5.3567,9.344e-05
Monocyte_(subtipo_indeterminado)__GK5__UC_vs_HC,Monocyte (subtipo indeterminado),GK5,UC_vs_HC,2.378,0.018709
Monocyte_(subtipo_indeterminado)__PLSCR1__UC_vs_HC,Monocyte (subtipo indeterminado),PLSCR1,UC_vs_HC,1.997,1.2147e-08
Monocyte_(subtipo_indeterminado)__TIPARP__UC_vs_HC,Monocyte (subtipo indeterminado),TIPARP,UC_vs_HC,-1.7352,0.012114
Monocyte_(subtipo_indeterminado)__PTX3__UC_vs_HC,Monocyte (subtipo indeterminado),PTX3,UC_vs_HC,2.9493,0.014906
Monocyte_(subtipo_indeterminado)__GOLIM4__UC_vs_HC,Monocyte (subtipo indeterminado),GOLIM4,UC_vs_HC,-1.3337,0.018502
Monocyte_(subtipo_indeterminado)__GPR160__UC_vs_HC,Monocyte (subtipo indeterminado),GPR160,UC_vs_HC,-1.9397,0.017941
Monocyte_(subtipo_indeterminado)__FNDC3B__UC_vs_HC,Monocyte (subtipo indeterminado),FNDC3B,UC_vs_HC,1.6232,0.0028044
Monocyte_(subtipo_indeterminado)__LAMP3__UC_vs_HC,Monocyte (subtipo indeterminado),LAMP3,UC_vs_HC,3.7143,0.012685
Monocyte_(subtipo_indeterminado)__KLHL6__UC_vs_HC,Monocyte (subtipo indeterminado),KLHL6,UC_vs_HC,1.2181,0.044597
Monocyte_(subtipo_indeterminado)__TRA2B__UC_vs_HC,Monocyte (subtipo indeterminado),TRA2B,UC_vs_HC,-1.0631,0.0055315
Monocyte_(subtipo_indeterminado)__DNAJB11__UC_vs_HC,Monocyte (subtipo indeterminado),DNAJB11,UC_vs_HC,1.1207,0.027008
Monocyte_(subtipo_indeterminado)__ATP13A3__UC_vs_HC,Monocyte (subtipo indeterminado),ATP13A3,UC_vs_HC,1.8289,0.00033705
Monocyte_(subtipo_indeterminado)__ZNF141__UC_vs_HC,Monocyte (subtipo indeterminado),ZNF141,UC_vs_HC,-2.1566,0.018463
Monocyte_(subtipo_indeterminado)__LAP3__UC_vs_HC,Monocyte (subtipo indeterminado),LAP3,UC_vs_HC,1.0572,0.013439
Monocyte_(subtipo_indeterminado)__EREG__UC_vs_HC,Monocyte (subtipo indeterminado),EREG,UC_vs_HC,3.8932,9.9168e-05
Monocyte_(subtipo_indeterminado)__AREG__UC_vs_HC,Monocyte (subtipo indeterminado),AREG,UC_vs_HC,3.4657,0.0001093
Monocyte_(subtipo_indeterminado)__PLAC8__UC_vs_HC,Monocyte (subtipo indeterminado),PLAC8,UC_vs_HC,2.2591,0.023135
Monocyte_(subtipo_indeterminado)__ABCG2__UC_vs_HC,Monocyte (subtipo indeterminado),ABCG2,UC_vs_HC,-4.4562,0.015964
Monocyte_(subtipo_indeterminado)__SLC39A8__UC_vs_HC,Monocyte (subtipo indeterminado),SLC39A8,UC_vs_HC,2.5567,0.018013
Monocyte_(subtipo_indeterminado)__TET2__UC_vs_HC,Monocyte (subtipo indeterminado),TET2,UC_vs_HC,1.3276,0.0033065
Monocyte_(subtipo_indeterminado)__PLA2G12A__UC_vs_HC,Monocyte (subtipo indeterminado),PLA2G12A,UC_vs_HC,-2.9392,0.035171
Monocyte_(subtipo_indeterminado)__TNIP3__UC_vs_HC,Monocyte (subtipo indeterminado),TNIP3,UC_vs_HC,4.1609,0.0072573
Monocyte_(subtipo_indeterminado)__SLC7A11__UC_vs_HC,Monocyte (subtipo indeterminado),SLC7A11,UC_vs_HC,3.7534,0.013047
Monocyte_(subtipo_indeterminado)__TBC1D9__UC_vs_HC,Monocyte (subtipo indeterminado),TBC1D9,UC_vs_HC,-1.5082,0.0043227
Monocyte_(subtipo_indeterminado)__RNF150__UC_vs_HC,Monocyte (subtipo indeterminado),RNF150,UC_vs_HC,-4.6162,0.015378
Monocyte_(subtipo_indeterminado)__TLR2__UC_vs_HC,Monocyte (subtipo indeterminado),TLR2,UC_vs_HC,1.715,0.0066875
Monocyte_(subtipo_indeterminado)__PDGFC__UC_vs_HC,Monocyte (subtipo indeterminado),PDGFC,UC_vs_HC,-2.7051,0.011989
Monocyte_(subtipo_indeterminado)__ACSL1__UC_vs_HC,Monocyte (subtipo indeterminado),ACSL1,UC_vs_HC,3.1653,9.344e-05
Monocyte_(subtipo_indeterminado)__MIR3945HG__UC_vs_HC,Monocyte (subtipo indeterminado),MIR3945HG,UC_vs_HC,3.4506,0.0092784
Monocyte_(subtipo_indeterminado)__ANKH__UC_vs_HC,Monocyte (subtipo indeterminado),ANKH,UC_vs_HC,-2.5898,9.344e-05
Monocyte_(subtipo_indeterminado)__BASP1__UC_vs_HC,Monocyte (subtipo indeterminado),BASP1,UC_vs_HC,2.7192,2.3344e-08
Monocyte_(subtipo_indeterminado)__IL7R__UC_vs_HC,Monocyte (subtipo indeterminado),IL7R,UC_vs_HC,5.8586,2.006e-07
Monocyte_(subtipo_indeterminado)__DAB2__UC_vs_HC,Monocyte (subtipo indeterminado),DAB2,UC_vs_HC,-3.2123,5.6661e-07
Monocyte_(subtipo_indeterminado)__SELENOP__UC_vs_HC,Monocyte (subtipo indeterminado),SELENOP,UC_vs_HC,-3.3944,0.0016733
Monocyte_(subtipo_indeterminado)__PARP8__UC_vs_HC,Monocyte (subtipo indeterminado),PARP8,UC_vs_HC,-1.3344,0.049734
Monocyte_(subtipo_indeterminado)__MOCS2__UC_vs_HC,Monocyte (subtipo indeterminado),MOCS2,UC_vs_HC,-1.4711,0.042025
Monocyte_(subtipo_indeterminado)__PDE4D__UC_vs_HC,Monocyte (subtipo indeterminado),PDE4D,UC_vs_HC,1.8421,0.040989
Monocyte_(subtipo_indeterminado)__SGTB__UC_vs_HC,Monocyte (subtipo indeterminado),SGTB,UC_vs_HC,1.6052,0.049412
Monocyte_(subtipo_indeterminado)__IQGAP2__UC_vs_HC,Monocyte (subtipo indeterminado),IQGAP2,UC_vs_HC,-1.1538,0.019787
Monocyte_(subtipo_indeterminado)__CRHBP__UC_vs_HC,Monocyte (subtipo indeterminado),CRHBP,UC_vs_HC,-3.5232,0.025124
Monocyte_(subtipo_indeterminado)__ZBED3__UC_vs_HC,Monocyte (subtipo indeterminado),ZBED3,UC_vs_HC,-2.8649,0.036724
Monocyte_(subtipo_indeterminado)__JMY__UC_vs_HC,Monocyte (subtipo indeterminado),JMY,UC_vs_HC,-1.9039,0.024691
Monocyte_(subtipo_indeterminado)__VCAN__UC_vs_HC,Monocyte (subtipo indeterminado),VCAN,UC_vs_HC,7.7268,4.3601e-09
Monocyte_(subtipo_indeterminado)__WDR36__UC_vs_HC,Monocyte (subtipo indeterminado),WDR36,UC_vs_HC,-1.5806,0.0080294
Monocyte_(subtipo_indeterminado)__STARD4__UC_vs_HC,Monocyte (subtipo indeterminado),STARD4,UC_vs_HC,2.3725,0.0031749
Monocyte_(subtipo_indeterminado)__CCDC112__UC_vs_HC,Monocyte (subtipo indeterminado),CCDC112,UC_vs_HC,-1.5866,0.037153
Monocyte_(subtipo_indeterminado)__TNFAIP8__UC_vs_HC,Monocyte (subtipo indeterminado),TNFAIP8,UC_vs_HC,1.302,0.027769
Monocyte_(subtipo_indeterminado)__LMNB1__UC_vs_HC,Monocyte (subtipo indeterminado),LMNB1,UC_vs_HC,2.7787,0.016576
Monocyte_(subtipo_indeterminado)__SMAD5__UC_vs_HC,Monocyte (subtipo indeterminado),SMAD5,UC_vs_HC,-1.2864,0.033024
Monocyte_(subtipo_indeterminado)__WDR55__UC_vs_HC,Monocyte (subtipo indeterminado),WDR55,UC_vs_HC,-1.6717,0.015642
Monocyte_(subtipo_indeterminado)__GNPDA1__UC_vs_HC,Monocyte (subtipo indeterminado),GNPDA1,UC_vs_HC,-1.5489,0.0088771
Monocyte_(subtipo_indeterminado)__CD74__UC_vs_HC,Monocyte (subtipo indeterminado),CD74,UC_vs_HC,-1.0225,0.0057223
Monocyte_(subtipo_indeterminado)__GPX3__UC_vs_HC,Monocyte (subtipo indeterminado),GPX3,UC_vs_HC,-2.5509,0.028157
Monocyte_(subtipo_indeterminado)__GM2A__UC_vs_HC,Monocyte (subtipo indeterminado),GM2A,UC_vs_HC,-1.6842,0.00958
Monocyte_(subtipo_indeterminado)__ADAM19__UC_vs_HC,Monocyte (subtipo indeterminado),ADAM19,UC_vs_HC,2.5116,0.01257
Monocyte_(subtipo_indeterminado)__HRH2__UC_vs_HC,Monocyte (subtipo indeterminado),HRH2,UC_vs_HC,2.2825,0.0067409
Monocyte_(subtipo_indeterminado)__DOK3__UC_vs_HC,Monocyte (subtipo indeterminado),DOK3,UC_vs_HC,1.3408,0.043448
Monocyte_(subtipo_indeterminado)__SERPINB1__UC_vs_HC,Monocyte (subtipo indeterminado),SERPINB1,UC_vs_HC,2.0437,1.7702e-07
Monocyte_(subtipo_indeterminado)__SERPINB9__UC_vs_HC,Monocyte (subtipo indeterminado),SERPINB9,UC_vs_HC,2.1915,2.3344e-08
Monocyte_(subtipo_indeterminado)__TUBB2A__UC_vs_HC,Monocyte (subtipo indeterminado),TUBB2A,UC_vs_HC,-1.6876,0.029955
Monocyte_(subtipo_indeterminado)__PXDC1__UC_vs_HC,Monocyte (subtipo indeterminado),PXDC1,UC_vs_HC,-1.9266,0.029413
Monocyte_(subtipo_indeterminado)__F13A1__UC_vs_HC,Monocyte (subtipo indeterminado),F13A1,UC_vs_HC,-3.6475,0.00054518
Monocyte_(subtipo_indeterminado)__MYLIP__UC_vs_HC,Monocyte (subtipo indeterminado),MYLIP,UC_vs_HC,-1.3904,0.00087545
Monocyte_(subtipo_indeterminado)__SOX4__UC_vs_HC,Monocyte (subtipo indeterminado),SOX4,UC_vs_HC,2.5446,0.040989
Monocyte_(subtipo_indeterminado)__RIPOR2__UC_vs_HC,Monocyte (subtipo indeterminado),RIPOR2,UC_vs_HC,2.6768,0.0018226
Monocyte_(subtipo_indeterminado)__HFE__UC_vs_HC,Monocyte (subtipo indeterminado),HFE,UC_vs_HC,-2.4496,0.042722
Monocyte_(subtipo_indeterminado)__CLIC1__UC_vs_HC,Monocyte (subtipo indeterminado),CLIC1,UC_vs_HC,1.0968,0.00087545
Monocyte_(subtipo_indeterminado)__NEU1__UC_vs_HC,Monocyte (subtipo indeterminado),NEU1,UC_vs_HC,-1.303,0.027908
Monocyte_(subtipo_indeterminado)__C2__UC_vs_HC,Monocyte (subtipo indeterminado),C2,UC_vs_HC,-2.3577,0.033112
Monocyte_(subtipo_indeterminado)__PSMB8__UC_vs_HC,Monocyte (subtipo indeterminado),PSMB8,UC_vs_HC,1.0128,0.027008
Monocyte_(subtipo_indeterminado)__TAP1__UC_vs_HC,Monocyte (subtipo indeterminado),TAP1,UC_vs_HC,1.3433,0.049949
Monocyte_(subtipo_indeterminado)__HLA-DOA__UC_vs_HC,Monocyte (subtipo indeterminado),HLA-DOA,UC_vs_HC,-1.5732,0.013828
Monocyte_(subtipo_indeterminado)__PIM1__UC_vs_HC,Monocyte (subtipo indeterminado),PIM1,UC_vs_HC,2.6614,3.2843e-08
Monocyte_(subtipo_indeterminado)__TREM1__UC_vs_HC,Monocyte (subtipo indeterminado),TREM1,UC_vs_HC,2.9515,0.00016456
Monocyte_(subtipo_indeterminado)__TNFRSF21__UC_vs_HC,Monocyte (subtipo indeterminado),TNFRSF21,UC_vs_HC,-1.8226,0.0033777
Monocyte_(subtipo_indeterminado)__DST__UC_vs_HC,Monocyte (subtipo indeterminado),DST,UC_vs_HC,-2.0868,0.0028044
Monocyte_(subtipo_indeterminado)__TENT5A__UC_vs_HC,Monocyte (subtipo indeterminado),TENT5A,UC_vs_HC,-1.2273,0.035034
Monocyte_(subtipo_indeterminado)__ME1__UC_vs_HC,Monocyte (subtipo indeterminado),ME1,UC_vs_HC,-2.7358,0.038793
Monocyte_(subtipo_indeterminado)__UBE2J1__UC_vs_HC,Monocyte (subtipo indeterminado),UBE2J1,UC_vs_HC,1.1751,0.023135
Monocyte_(subtipo_indeterminado)__MAN1A1__UC_vs_HC,Monocyte (subtipo indeterminado),MAN1A1,UC_vs_HC,-1.9486,0.0055315
Monocyte_(subtipo_indeterminado)__EPB41L2__UC_vs_HC,Monocyte (subtipo indeterminado),EPB41L2,UC_vs_HC,-1.4198,0.011775
Monocyte_(subtipo_indeterminado)__ADGRG6__UC_vs_HC,Monocyte (subtipo indeterminado),ADGRG6,UC_vs_HC,-3.085,0.049999
Monocyte_(subtipo_indeterminado)__ZDHHC14__UC_vs_HC,Monocyte (subtipo indeterminado),ZDHHC14,UC_vs_HC,-2.7367,0.033764
Monocyte_(subtipo_indeterminado)__SOD2__UC_vs_HC,Monocyte (subtipo indeterminado),SOD2,UC_vs_HC,1.6804,0.003693
Monocyte_(subtipo_indeterminado)__WTAP__UC_vs_HC,Monocyte (subtipo indeterminado),WTAP,UC_vs_HC,1.5967,0.011769
Monocyte_(subtipo_indeterminado)__ZDHHC4__UC_vs_HC,Monocyte (subtipo indeterminado),ZDHHC4,UC_vs_HC,-1.4081,0.0087787
Monocyte_(subtipo_indeterminado)__TWISTNB__UC_vs_HC,Monocyte (subtipo indeterminado),TWISTNB,UC_vs_HC,1.995,0.011206
Monocyte_(subtipo_indeterminado)__GPNMB__UC_vs_HC,Monocyte (subtipo indeterminado),GPNMB,UC_vs_HC,-3.9617,0.00083844
Monocyte_(subtipo_indeterminado)__SEPT7__UC_vs_HC,Monocyte (subtipo indeterminado),SEPT7,UC_vs_HC,1.0999,0.0055315
Monocyte_(subtipo_indeterminado)__TRGC1__UC_vs_HC,Monocyte (subtipo indeterminado),TRGC1,UC_vs_HC,4.2416,0.02059
Monocyte_(subtipo_indeterminado)__RALA__UC_vs_HC,Monocyte (subtipo indeterminado),RALA,UC_vs_HC,2.2143,0.0012191
Monocyte_(subtipo_indeterminado)__INHBA__UC_vs_HC,Monocyte (subtipo indeterminado),INHBA,UC_vs_HC,3.7084,0.0032892
Monocyte_(subtipo_indeterminado)__UPP1__UC_vs_HC,Monocyte (subtipo indeterminado),UPP1,UC_vs_HC,2.1856,0.00030011
Monocyte_(subtipo_indeterminado)__VOPP1__UC_vs_HC,Monocyte (subtipo indeterminado),VOPP1,UC_vs_HC,-1.0596,0.027753
Monocyte_(subtipo_indeterminado)__PSPH__UC_vs_HC,Monocyte (subtipo indeterminado),PSPH,UC_vs_HC,-2.908,0.03912
Monocyte_(subtipo_indeterminado)__BAZ1B__UC_vs_HC,Monocyte (subtipo indeterminado),BAZ1B,UC_vs_HC,-1.194,0.029413
Monocyte_(subtipo_indeterminado)__CLDN4__UC_vs_HC,Monocyte (subtipo indeterminado),CLDN4,UC_vs_HC,-4.3368,0.027854
Monocyte_(subtipo_indeterminado)__CLIP2__UC_vs_HC,Monocyte (subtipo indeterminado),CLIP2,UC_vs_HC,-1.4214,0.0047449
Monocyte_(subtipo_indeterminado)__NCF1__UC_vs_HC,Monocyte (subtipo indeterminado),NCF1,UC_vs_HC,-1.6653,0.026953
Monocyte_(subtipo_indeterminado)__CCDC146__UC_vs_HC,Monocyte (subtipo indeterminado),CCDC146,UC_vs_HC,-2.3133,0.029895
Monocyte_(subtipo_indeterminado)__CROT__UC_vs_HC,Monocyte (subtipo indeterminado),CROT,UC_vs_HC,-2.4373,0.04206
Monocyte_(subtipo_indeterminado)__PON2__UC_vs_HC,Monocyte (subtipo indeterminado),PON2,UC_vs_HC,-2.0503,0.029009
Monocyte_(subtipo_indeterminado)__NAMPT__UC_vs_HC,Monocyte (subtipo indeterminado),NAMPT,UC_vs_HC,1.2465,0.041892
Monocyte_(subtipo_indeterminado)__PNPLA8__UC_vs_HC,Monocyte (subtipo indeterminado),PNPLA8,UC_vs_HC,1.1301,0.018463
Monocyte_(subtipo_indeterminado)__CTTNBP2__UC_vs_HC,Monocyte (subtipo indeterminado),CTTNBP2,UC_vs_HC,-4.8531,1.4805e-06
Monocyte_(subtipo_indeterminado)__HILPDA__UC_vs_HC,Monocyte (subtipo indeterminado),HILPDA,UC_vs_HC,4.2205,0.025924
Monocyte_(subtipo_indeterminado)__LINC00513__UC_vs_HC,Monocyte (subtipo indeterminado),LINC00513,UC_vs_HC,2.2846,0.035171
Monocyte_(subtipo_indeterminado)__AC016831.1__UC_vs_HC,Monocyte (subtipo indeterminado),AC016831.1,UC_vs_HC,2.1781,0.0060437
Monocyte_(subtipo_indeterminado)__AC058791.1__UC_vs_HC,Monocyte (subtipo indeterminado),AC058791.1,UC_vs_HC,2.6502,0.01037
Monocyte_(subtipo_indeterminado)__AKR1B1__UC_vs_HC,Monocyte (subtipo indeterminado),AKR1B1,UC_vs_HC,-2.1217,0.0038246
Monocyte_(subtipo_indeterminado)__HIPK2__UC_vs_HC,Monocyte (subtipo indeterminado),HIPK2,UC_vs_HC,1.4523,0.02532
Monocyte_(subtipo_indeterminado)__CLEC5A__UC_vs_HC,Monocyte (subtipo indeterminado),CLEC5A,UC_vs_HC,5.2028,0.0040483
Monocyte_(subtipo_indeterminado)__TCAF1__UC_vs_HC,Monocyte (subtipo indeterminado),TCAF1,UC_vs_HC,-1.7512,0.040972
Monocyte_(subtipo_indeterminado)__IL3RA__UC_vs_HC,Monocyte (subtipo indeterminado),IL3RA,UC_vs_HC,2.6399,0.0015639
Monocyte_(subtipo_indeterminado)__ARHGAP6__UC_vs_HC,Monocyte (subtipo indeterminado),ARHGAP6,UC_vs_HC,-4.503,0.012081
Monocyte_(subtipo_indeterminado)__TLR7__UC_vs_HC,Monocyte (subtipo indeterminado),TLR7,UC_vs_HC,-1.6673,0.048983
Monocyte_(subtipo_indeterminado)__SMS__UC_vs_HC,Monocyte (subtipo indeterminado),SMS,UC_vs_HC,-1.497,0.00087545
Monocyte_(subtipo_indeterminado)__PDK3__UC_vs_HC,Monocyte (subtipo indeterminado),PDK3,UC_vs_HC,-2.3869,0.0018386
Monocyte_(subtipo_indeterminado)__GK__UC_vs_HC,Monocyte (subtipo indeterminado),GK,UC_vs_HC,2.9957,4.3601e-09
Monocyte_(subtipo_indeterminado)__TIMP1__UC_vs_HC,Monocyte (subtipo indeterminado),TIMP1,UC_vs_HC,4.0871,3.2723e-09
Monocyte_(subtipo_indeterminado)__PLP2__UC_vs_HC,Monocyte (subtipo indeterminado),PLP2,UC_vs_HC,1.766,0.045638
Monocyte_(subtipo_indeterminado)__VSIG4__UC_vs_HC,Monocyte (subtipo indeterminado),VSIG4,UC_vs_HC,-2.4591,0.0002626
Monocyte_(subtipo_indeterminado)__IL2RG__UC_vs_HC,Monocyte (subtipo indeterminado),IL2RG,UC_vs_HC,1.262,0.04043
Monocyte_(subtipo_indeterminado)__LINC00891__UC_vs_HC,Monocyte (subtipo indeterminado),LINC00891,UC_vs_HC,-3.1146,0.02605
Monocyte_(subtipo_indeterminado)__BEX3__UC_vs_HC,Monocyte (subtipo indeterminado),BEX3,UC_vs_HC,-4.09,0.00027718
Monocyte_(subtipo_indeterminado)__TCEAL4__UC_vs_HC,Monocyte (subtipo indeterminado),TCEAL4,UC_vs_HC,-1.3626,0.025124
Monocyte_(subtipo_indeterminado)__TCEAL3__UC_vs_HC,Monocyte (subtipo indeterminado),TCEAL3,UC_vs_HC,-1.868,0.00067706
Monocyte_(subtipo_indeterminado)__ACSL4__UC_vs_HC,Monocyte (subtipo indeterminado),ACSL4,UC_vs_HC,1.5252,0.0049248
Monocyte_(subtipo_indeterminado)__PCM1__UC_vs_HC,Monocyte (subtipo indeterminado),PCM1,UC_vs_HC,-1.0531,0.015333
Monocyte_(subtipo_indeterminado)__GFRA2__UC_vs_HC,Monocyte (subtipo indeterminado),GFRA2,UC_vs_HC,-2.9336,0.00061115
Monocyte_(subtipo_indeterminado)__SORBS3__UC_vs_HC,Monocyte (subtipo indeterminado),SORBS3,UC_vs_HC,-2.1203,0.0021236
Monocyte_(subtipo_indeterminado)__SLC25A37__UC_vs_HC,Monocyte (subtipo indeterminado),SLC25A37,UC_vs_HC,2.3507,0.005587
Monocyte_(subtipo_indeterminado)__NRG1__UC_vs_HC,Monocyte (subtipo indeterminado),NRG1,UC_vs_HC,3.4702,0.01088
Monocyte_(subtipo_indeterminado)__IDO1__UC_vs_HC,Monocyte (subtipo indeterminado),IDO1,UC_vs_HC,3.4811,0.0033363
Monocyte_(subtipo_indeterminado)__TPD52__UC_vs_HC,Monocyte (subtipo indeterminado),TPD52,UC_vs_HC,-1.8996,0.0084583
Monocyte_(subtipo_indeterminado)__FABP5__UC_vs_HC,Monocyte (subtipo indeterminado),FABP5,UC_vs_HC,2.1038,0.0038398
Monocyte_(subtipo_indeterminado)__CA1__UC_vs_HC,Monocyte (subtipo indeterminado),CA1,UC_vs_HC,-5.1695,0.049949
Monocyte_(subtipo_indeterminado)__ATP6V0D2__UC_vs_HC,Monocyte (subtipo indeterminado),ATP6V0D2,UC_vs_HC,-2.8413,0.036393
Monocyte_(subtipo_indeterminado)__WWP1__UC_vs_HC,Monocyte (subtipo indeterminado),WWP1,UC_vs_HC,-2.4599,0.0026352
Monocyte_(subtipo_indeterminado)__RIPK2__UC_vs_HC,Monocyte (subtipo indeterminado),RIPK2,UC_vs_HC,1.9944,0.00067242
Monocyte_(subtipo_indeterminado)__NBN__UC_vs_HC,Monocyte (subtipo indeterminado),NBN,UC_vs_HC,1.4149,0.021429
Monocyte_(subtipo_indeterminado)__SDC2__UC_vs_HC,Monocyte (subtipo indeterminado),SDC2,UC_vs_HC,4.6543,0.016749
Monocyte_(subtipo_indeterminado)__PHF20L1__UC_vs_HC,Monocyte (subtipo indeterminado),PHF20L1,UC_vs_HC,1.1568,0.029955
Monocyte_(subtipo_indeterminado)__WASHC1__UC_vs_HC,Monocyte (subtipo indeterminado),WASHC1,UC_vs_HC,-1.1884,0.031063
Monocyte_(subtipo_indeterminado)__AK3__UC_vs_HC,Monocyte (subtipo indeterminado),AK3,UC_vs_HC,-1.6185,0.021981
Monocyte_(subtipo_indeterminado)__BNC2__UC_vs_HC,Monocyte (subtipo indeterminado),BNC2,UC_vs_HC,-4.0397,0.025403
Monocyte_(subtipo_indeterminado)__PLIN2__UC_vs_HC,Monocyte (subtipo indeterminado),PLIN2,UC_vs_HC,1.5186,0.036905
Monocyte_(subtipo_indeterminado)__MOB3B__UC_vs_HC,Monocyte (subtipo indeterminado),MOB3B,UC_vs_HC,1.8993,0.014223
Monocyte_(subtipo_indeterminado)__C9orf72__UC_vs_HC,Monocyte (subtipo indeterminado),C9orf72,UC_vs_HC,1.04,0.0037328
Monocyte_(subtipo_indeterminado)__B4GALT1__UC_vs_HC,Monocyte (subtipo indeterminado),B4GALT1,UC_vs_HC,1.6076,0.038657
Monocyte_(subtipo_indeterminado)__UNC13B__UC_vs_HC,Monocyte (subtipo indeterminado),UNC13B,UC_vs_HC,-2.7108,0.035415
Monocyte_(subtipo_indeterminado)__GLIPR2__UC_vs_HC,Monocyte (subtipo indeterminado),GLIPR2,UC_vs_HC,1.9982,8.2444e-05
Monocyte_(subtipo_indeterminado)__APBA1__UC_vs_HC,Monocyte (subtipo indeterminado),APBA1,UC_vs_HC,-4.1713,0.038842
Monocyte_(subtipo_indeterminado)__ALDH1A1__UC_vs_HC,Monocyte (subtipo indeterminado),ALDH1A1,UC_vs_HC,-3.2387,0.0038246
Monocyte_(subtipo_indeterminado)__DAPK1__UC_vs_HC,Monocyte (subtipo indeterminado),DAPK1,UC_vs_HC,-1.3227,0.023941
Monocyte_(subtipo_indeterminado)__CTSL__UC_vs_HC,Monocyte (subtipo indeterminado),CTSL,UC_vs_HC,1.7643,0.022193
Monocyte_(subtipo_indeterminado)__SPIN1__UC_vs_HC,Monocyte (subtipo indeterminado),SPIN1,UC_vs_HC,-1.9958,0.0043227
Monocyte_(subtipo_indeterminado)__NINJ1__UC_vs_HC,Monocyte (subtipo indeterminado),NINJ1,UC_vs_HC,1.1647,0.015535
Monocyte_(subtipo_indeterminado)__TRIM14__UC_vs_HC,Monocyte (subtipo indeterminado),TRIM14,UC_vs_HC,-2.109,1.6512e-05
Monocyte_(subtipo_indeterminado)__CORO2A__UC_vs_HC,Monocyte (subtipo indeterminado),CORO2A,UC_vs_HC,-2.9127,0.028459
Monocyte_(subtipo_indeterminado)__TGFBR1__UC_vs_HC,Monocyte (subtipo indeterminado),TGFBR1,UC_vs_HC,-1.8644,0.00047035
Monocyte_(subtipo_indeterminado)__SLC44A1__UC_vs_HC,Monocyte (subtipo indeterminado),SLC44A1,UC_vs_HC,1.918,0.013343
Monocyte_(subtipo_indeterminado)__TXN__UC_vs_HC,Monocyte (subtipo indeterminado),TXN,UC_vs_HC,1.3538,0.038464
Monocyte_(subtipo_indeterminado)__TNFSF15__UC_vs_HC,Monocyte (subtipo indeterminado),TNFSF15,UC_vs_HC,3.476,0.025406
Monocyte_(subtipo_indeterminado)__HSPA5__UC_vs_HC,Monocyte (subtipo indeterminado),HSPA5,UC_vs_HC,1.3581,0.00040379
Monocyte_(subtipo_indeterminado)__MVB12B__UC_vs_HC,Monocyte (subtipo indeterminado),MVB12B,UC_vs_HC,-2.238,0.043448
Monocyte_(subtipo_indeterminado)__SLC2A8__UC_vs_HC,Monocyte (subtipo indeterminado),SLC2A8,UC_vs_HC,-2.1507,0.01872
Monocyte_(subtipo_indeterminado)__SH3GLB2__UC_vs_HC,Monocyte (subtipo indeterminado),SH3GLB2,UC_vs_HC,-2.1254,0.010284
Monocyte_(subtipo_indeterminado)__PTPA__UC_vs_HC,Monocyte (subtipo indeterminado),PTPA,UC_vs_HC,-1.5963,0.0054117
Monocyte_(subtipo_indeterminado)__PRRC2B__UC_vs_HC,Monocyte (subtipo indeterminado),PRRC2B,UC_vs_HC,-1.1293,0.033779
Monocyte_(subtipo_indeterminado)__SLC2A6__UC_vs_HC,Monocyte (subtipo indeterminado),SLC2A6,UC_vs_HC,2.6628,0.0035265
Monocyte_(subtipo_indeterminado)__FCN1__UC_vs_HC,Monocyte (subtipo indeterminado),FCN1,UC_vs_HC,3.7271,0.00041385
Monocyte_(subtipo_indeterminado)__RABL6__UC_vs_HC,Monocyte (subtipo indeterminado),RABL6,UC_vs_HC,-1.4312,0.022047
Monocyte_(subtipo_indeterminado)__MAN1B1__UC_vs_HC,Monocyte (subtipo indeterminado),MAN1B1,UC_vs_HC,-1.2981,0.044728
Monocyte_(subtipo_indeterminado)__DPP7__UC_vs_HC,Monocyte (subtipo indeterminado),DPP7,UC_vs_HC,-1.3516,0.00012003
Monocyte_(subtipo_indeterminado)__NELFB__UC_vs_HC,Monocyte (subtipo indeterminado),NELFB,UC_vs_HC,-1.6597,0.027854
Monocyte_(subtipo_indeterminado)__NSMF__UC_vs_HC,Monocyte (subtipo indeterminado),NSMF,UC_vs_HC,-2.1363,0.011989
Monocyte_(subtipo_indeterminado)__IFITM2__UC_vs_HC,Monocyte (subtipo indeterminado),IFITM2,UC_vs_HC,2.2008,0.00043471
Monocyte_(subtipo_indeterminado)__IFITM3__UC_vs_HC,Monocyte (subtipo indeterminado),IFITM3,UC_vs_HC,1.6754,0.037996
Monocyte_(subtipo_indeterminado)__TSPAN4__UC_vs_HC,Monocyte (subtipo indeterminado),TSPAN4,UC_vs_HC,-1.6381,0.0047449
Monocyte_(subtipo_indeterminado)__CHID1__UC_vs_HC,Monocyte (subtipo indeterminado),CHID1,UC_vs_HC,-1.5219,0.0056397
Monocyte_(subtipo_indeterminado)__AP2A2__UC_vs_HC,Monocyte (subtipo indeterminado),AP2A2,UC_vs_HC,-1.9634,5.8837e-08
Monocyte_(subtipo_indeterminado)__CTSD__UC_vs_HC,Monocyte (subtipo indeterminado),CTSD,UC_vs_HC,-1.8205,0.0028044
Monocyte_(subtipo_indeterminado)__KCNQ1OT1__UC_vs_HC,Monocyte (subtipo indeterminado),KCNQ1OT1,UC_vs_HC,-1.9431,0.016132
Monocyte_(subtipo_indeterminado)__NRIP3__UC_vs_HC,Monocyte (subtipo indeterminado),NRIP3,UC_vs_HC,2.3775,0.016525
Monocyte_(subtipo_indeterminado)__DENND5A__UC_vs_HC,Monocyte (subtipo indeterminado),DENND5A,UC_vs_HC,1.6062,0.039413
Monocyte_(subtipo_indeterminado)__MTRNR2L8__UC_vs_HC,Monocyte (subtipo indeterminado),MTRNR2L8,UC_vs_HC,-1.7978,0.0013674
Monocyte_(subtipo_indeterminado)__LDHA__UC_vs_HC,Monocyte (subtipo indeterminado),LDHA,UC_vs_HC,1.9307,0.00094116
Monocyte_(subtipo_indeterminado)__TMEM86A__UC_vs_HC,Monocyte (subtipo indeterminado),TMEM86A,UC_vs_HC,-2.3409,0.017488
Monocyte_(subtipo_indeterminado)__CD44__UC_vs_HC,Monocyte (subtipo indeterminado),CD44,UC_vs_HC,1.7898,0.0012191
Monocyte_(subtipo_indeterminado)__CRY2__UC_vs_HC,Monocyte (subtipo indeterminado),CRY2,UC_vs_HC,-2.4679,0.0064434
Monocyte_(subtipo_indeterminado)__MS4A4A__UC_vs_HC,Monocyte (subtipo indeterminado),MS4A4A,UC_vs_HC,-1.1316,0.039291
Monocyte_(subtipo_indeterminado)__PRPF19__UC_vs_HC,Monocyte (subtipo indeterminado),PRPF19,UC_vs_HC,-1.5825,0.0042701
Monocyte_(subtipo_indeterminado)__TKFC__UC_vs_HC,Monocyte (subtipo indeterminado),TKFC,UC_vs_HC,-1.8486,0.038634
Monocyte_(subtipo_indeterminado)__CYB561A3__UC_vs_HC,Monocyte (subtipo indeterminado),CYB561A3,UC_vs_HC,-1.2786,0.015202
Monocyte_(subtipo_indeterminado)__RAB3IL1__UC_vs_HC,Monocyte (subtipo indeterminado),RAB3IL1,UC_vs_HC,-2.8877,0.035415
Monocyte_(subtipo_indeterminado)__VEGFB__UC_vs_HC,Monocyte (subtipo indeterminado),VEGFB,UC_vs_HC,-1.4902,0.01257
Monocyte_(subtipo_indeterminado)__CDC42EP2__UC_vs_HC,Monocyte (subtipo indeterminado),CDC42EP2,UC_vs_HC,1.1567,0.02344
Monocyte_(subtipo_indeterminado)__MALAT1__UC_vs_HC,Monocyte (subtipo indeterminado),MALAT1,UC_vs_HC,1.6147,0.0056675
Monocyte_(subtipo_indeterminado)__CTSF__UC_vs_HC,Monocyte (subtipo indeterminado),CTSF,UC_vs_HC,-3.8477,0.0029457
Monocyte_(subtipo_indeterminado)__CCND1__UC_vs_HC,Monocyte (subtipo indeterminado),CCND1,UC_vs_HC,-4.1305,3.96e-07
Monocyte_(subtipo_indeterminado)__IL18BP__UC_vs_HC,Monocyte (subtipo indeterminado),IL18BP,UC_vs_HC,-1.4808,0.016858
Monocyte_(subtipo_indeterminado)__NUMA1__UC_vs_HC,Monocyte (subtipo indeterminado),NUMA1,UC_vs_HC,-1.2531,0.0090186
Monocyte_(subtipo_indeterminado)__FOLR2__UC_vs_HC,Monocyte (subtipo indeterminado),FOLR2,UC_vs_HC,-2.7804,0.0089393
Monocyte_(subtipo_indeterminado)__P2RY6__UC_vs_HC,Monocyte (subtipo indeterminado),P2RY6,UC_vs_HC,-1.7422,0.010288
Monocyte_(subtipo_indeterminado)__MYO7A__UC_vs_HC,Monocyte (subtipo indeterminado),MYO7A,UC_vs_HC,-2.8426,0.026713
Monocyte_(subtipo_indeterminado)__TMEM135__UC_vs_HC,Monocyte (subtipo indeterminado),TMEM135,UC_vs_HC,-2.6052,0.04513
Monocyte_(subtipo_indeterminado)__SLC36A4__UC_vs_HC,Monocyte (subtipo indeterminado),SLC36A4,UC_vs_HC,1.7774,0.027714
Monocyte_(subtipo_indeterminado)__SMCO4__UC_vs_HC,Monocyte (subtipo indeterminado),SMCO4,UC_vs_HC,1.4297,0.01037
Monocyte_(subtipo_indeterminado)__SESN3__UC_vs_HC,Monocyte (subtipo indeterminado),SESN3,UC_vs_HC,-1.5741,0.048725
Monocyte_(subtipo_indeterminado)__CASP4__UC_vs_HC,Monocyte (subtipo indeterminado),CASP4,UC_vs_HC,1.455,6.8065e-05
Monocyte_(subtipo_indeterminado)__CARD16__UC_vs_HC,Monocyte (subtipo indeterminado),CARD16,UC_vs_HC,1.2066,0.016959
Monocyte_(subtipo_indeterminado)__FXYD6__UC_vs_HC,Monocyte (subtipo indeterminado),FXYD6,UC_vs_HC,-2.875,0.0114
Monocyte_(subtipo_indeterminado)__IFT46__UC_vs_HC,Monocyte (subtipo indeterminado),IFT46,UC_vs_HC,-2.2884,0.025844
Monocyte_(subtipo_indeterminado)__C2CD2L__UC_vs_HC,Monocyte (subtipo indeterminado),C2CD2L,UC_vs_HC,-1.749,0.0069507
Monocyte_(subtipo_indeterminado)__ARHGEF12__UC_vs_HC,Monocyte (subtipo indeterminado),ARHGEF12,UC_vs_HC,-2.5994,0.0086712
Monocyte_(subtipo_indeterminado)__SLC37A2__UC_vs_HC,Monocyte (subtipo indeterminado),SLC37A2,UC_vs_HC,-1.5649,0.045373
Monocyte_(subtipo_indeterminado)__ST14__UC_vs_HC,Monocyte (subtipo indeterminado),ST14,UC_vs_HC,-1.0739,0.035935
Monocyte_(subtipo_indeterminado)__NCAPD3__UC_vs_HC,Monocyte (subtipo indeterminado),NCAPD3,UC_vs_HC,-2.0238,0.038677
Monocyte_(subtipo_indeterminado)__ARHGAP21__UC_vs_HC,Monocyte (subtipo indeterminado),ARHGAP21,UC_vs_HC,-1.2545,0.019576
Monocyte_(subtipo_indeterminado)__CXCL12__UC_vs_HC,Monocyte (subtipo indeterminado),CXCL12,UC_vs_HC,-3.8153,0.005587
Monocyte_(subtipo_indeterminado)__PARG__UC_vs_HC,Monocyte (subtipo indeterminado),PARG,UC_vs_HC,-1.6812,0.04206
Monocyte_(subtipo_indeterminado)__RHOBTB1__UC_vs_HC,Monocyte (subtipo indeterminado),RHOBTB1,UC_vs_HC,-4.1008,0.00048896
Monocyte_(subtipo_indeterminado)__SRGN__UC_vs_HC,Monocyte (subtipo indeterminado),SRGN,UC_vs_HC,1.2396,0.0010885
Monocyte_(subtipo_indeterminado)__TSPAN15__UC_vs_HC,Monocyte (subtipo indeterminado),TSPAN15,UC_vs_HC,-2.7292,0.0028755
Monocyte_(subtipo_indeterminado)__SAR1A__UC_vs_HC,Monocyte (subtipo indeterminado),SAR1A,UC_vs_HC,1.1534,0.026055
Monocyte_(subtipo_indeterminado)__PPA1__UC_vs_HC,Monocyte (subtipo indeterminado),PPA1,UC_vs_HC,1.9683,0.018952
Monocyte_(subtipo_indeterminado)__PALD1__UC_vs_HC,Monocyte (subtipo indeterminado),PALD1,UC_vs_HC,-1.9399,0.023137
Monocyte_(subtipo_indeterminado)__PSAP__UC_vs_HC,Monocyte (subtipo indeterminado),PSAP,UC_vs_HC,-1.0023,0.015333
Monocyte_(subtipo_indeterminado)__DDIT4__UC_vs_HC,Monocyte (subtipo indeterminado),DDIT4,UC_vs_HC,1.9114,0.032567
Monocyte_(subtipo_indeterminado)__KCNMA1__UC_vs_HC,Monocyte (subtipo indeterminado),KCNMA1,UC_vs_HC,-3.0335,0.00095267
Monocyte_(subtipo_indeterminado)__PPIF__UC_vs_HC,Monocyte (subtipo indeterminado),PPIF,UC_vs_HC,1.6489,0.0038828
Monocyte_(subtipo_indeterminado)__FAM213A__UC_vs_HC,Monocyte (subtipo indeterminado),FAM213A,UC_vs_HC,-2.0773,0.0085441
Monocyte_(subtipo_indeterminado)__GLUD1__UC_vs_HC,Monocyte (subtipo indeterminado),GLUD1,UC_vs_HC,-1.0154,0.046374
Monocyte_(subtipo_indeterminado)__ANKRD22__UC_vs_HC,Monocyte (subtipo indeterminado),ANKRD22,UC_vs_HC,3.5773,0.016943
Monocyte_(subtipo_indeterminado)__LIPA__UC_vs_HC,Monocyte (subtipo indeterminado),LIPA,UC_vs_HC,-2.0192,0.0037328
Monocyte_(subtipo_indeterminado)__HTR7__UC_vs_HC,Monocyte (subtipo indeterminado),HTR7,UC_vs_HC,-2.8407,0.047489
Monocyte_(subtipo_indeterminado)__BLNK__UC_vs_HC,Monocyte (subtipo indeterminado),BLNK,UC_vs_HC,-1.9921,0.039128
Monocyte_(subtipo_indeterminado)__HPS1__UC_vs_HC,Monocyte (subtipo indeterminado),HPS1,UC_vs_HC,-1.1596,0.012114
Monocyte_(subtipo_indeterminado)__SCD__UC_vs_HC,Monocyte (subtipo indeterminado),SCD,UC_vs_HC,-2.8918,0.0028044
Monocyte_(subtipo_indeterminado)__GSTO1__UC_vs_HC,Monocyte (subtipo indeterminado),GSTO1,UC_vs_HC,1.2747,9.344e-05
Monocyte_(subtipo_indeterminado)__ACSL5__UC_vs_HC,Monocyte (subtipo indeterminado),ACSL5,UC_vs_HC,1.6002,0.026935
Monocyte_(subtipo_indeterminado)__PLEKHA1__UC_vs_HC,Monocyte (subtipo indeterminado),PLEKHA1,UC_vs_HC,-2.5222,0.0014174
Monocyte_(subtipo_indeterminado)__ADAM8__UC_vs_HC,Monocyte (subtipo indeterminado),ADAM8,UC_vs_HC,2.456,0.01037
Monocyte_(subtipo_indeterminado)__PAOX__UC_vs_HC,Monocyte (subtipo indeterminado),PAOX,UC_vs_HC,-2.6121,0.029993
Monocyte_(subtipo_indeterminado)__RAD51AP1__UC_vs_HC,Monocyte (subtipo indeterminado),RAD51AP1,UC_vs_HC,-2.8001,0.0067074
Monocyte_(subtipo_indeterminado)__GAPDH__UC_vs_HC,Monocyte (subtipo indeterminado),GAPDH,UC_vs_HC,1.2022,0.025124
Monocyte_(subtipo_indeterminado)__PTMS__UC_vs_HC,Monocyte (subtipo indeterminado),PTMS,UC_vs_HC,-1.5367,0.0014207
Monocyte_(subtipo_indeterminado)__TPI1__UC_vs_HC,Monocyte (subtipo indeterminado),TPI1,UC_vs_HC,1.1368,0.040468
Monocyte_(subtipo_indeterminado)__CD163L1__UC_vs_HC,Monocyte (subtipo indeterminado),CD163L1,UC_vs_HC,-3.005,0.016943
Monocyte_(subtipo_indeterminado)__SLC2A3__UC_vs_HC,Monocyte (subtipo indeterminado),SLC2A3,UC_vs_HC,1.6418,0.0056397
Monocyte_(subtipo_indeterminado)__CLEC4A__UC_vs_HC,Monocyte (subtipo indeterminado),CLEC4A,UC_vs_HC,1.4686,0.0026352
Monocyte_(subtipo_indeterminado)__CLEC4D__UC_vs_HC,Monocyte (subtipo indeterminado),CLEC4D,UC_vs_HC,3.8335,0.025589
Monocyte_(subtipo_indeterminado)__CLEC4E__UC_vs_HC,Monocyte (subtipo indeterminado),CLEC4E,UC_vs_HC,4.2909,1.2498e-05
Monocyte_(subtipo_indeterminado)__A2M__UC_vs_HC,Monocyte (subtipo indeterminado),A2M,UC_vs_HC,-3.4149,0.00066876
Monocyte_(subtipo_indeterminado)__OLR1__UC_vs_HC,Monocyte (subtipo indeterminado),OLR1,UC_vs_HC,1.8482,0.00031726
Monocyte_(subtipo_indeterminado)__ETV6__UC_vs_HC,Monocyte (subtipo indeterminado),ETV6,UC_vs_HC,1.5099,0.0019797
Monocyte_(subtipo_indeterminado)__EMP1__UC_vs_HC,Monocyte (subtipo indeterminado),EMP1,UC_vs_HC,3.1463,0.014648
Monocyte_(subtipo_indeterminado)__EPS8__UC_vs_HC,Monocyte (subtipo indeterminado),EPS8,UC_vs_HC,-2.1529,0.014417
Monocyte_(subtipo_indeterminado)__FGD4__UC_vs_HC,Monocyte (subtipo indeterminado),FGD4,UC_vs_HC,1.4525,0.0046018
Monocyte_(subtipo_indeterminado)__VDR__UC_vs_HC,Monocyte (subtipo indeterminado),VDR,UC_vs_HC,1.3144,0.011989
Monocyte_(subtipo_indeterminado)__ACVRL1__UC_vs_HC,Monocyte (subtipo indeterminado),ACVRL1,UC_vs_HC,-1.9015,0.00052899
Monocyte_(subtipo_indeterminado)__KRT8__UC_vs_HC,Monocyte (subtipo indeterminado),KRT8,UC_vs_HC,-2.9283,0.042037
Monocyte_(subtipo_indeterminado)__KRT18__UC_vs_HC,Monocyte (subtipo indeterminado),KRT18,UC_vs_HC,-3.4881,0.0067513
Monocyte_(subtipo_indeterminado)__GPR84__UC_vs_HC,Monocyte (subtipo indeterminado),GPR84,UC_vs_HC,3.1856,0.0013487
Monocyte_(subtipo_indeterminado)__SRGAP1__UC_vs_HC,Monocyte (subtipo indeterminado),SRGAP1,UC_vs_HC,-1.866,0.028427
Monocyte_(subtipo_indeterminado)__IRAK3__UC_vs_HC,Monocyte (subtipo indeterminado),IRAK3,UC_vs_HC,1.3185,0.02111
Monocyte_(subtipo_indeterminado)__RAP1B__UC_vs_HC,Monocyte (subtipo indeterminado),RAP1B,UC_vs_HC,1.0111,0.032567
Monocyte_(subtipo_indeterminado)__ATP2B1__UC_vs_HC,Monocyte (subtipo indeterminado),ATP2B1,UC_vs_HC,1.1644,0.039264
Monocyte_(subtipo_indeterminado)__BTG1__UC_vs_HC,Monocyte (subtipo indeterminado),BTG1,UC_vs_HC,1.4766,0.0027888
Monocyte_(subtipo_indeterminado)__LTA4H__UC_vs_HC,Monocyte (subtipo indeterminado),LTA4H,UC_vs_HC,1.8852,0.00092275
Monocyte_(subtipo_indeterminado)__DRAM1__UC_vs_HC,Monocyte (subtipo indeterminado),DRAM1,UC_vs_HC,1.3299,0.042879
Monocyte_(subtipo_indeterminado)__IGF1__UC_vs_HC,Monocyte (subtipo indeterminado),IGF1,UC_vs_HC,-3.9905,0.0028873
Monocyte_(subtipo_indeterminado)__CKAP4__UC_vs_HC,Monocyte (subtipo indeterminado),CKAP4,UC_vs_HC,3.0449,0.018463
Monocyte_(subtipo_indeterminado)__PEBP1__UC_vs_HC,Monocyte (subtipo indeterminado),PEBP1,UC_vs_HC,-1.3873,0.0090186
Monocyte_(subtipo_indeterminado)__SCARB1__UC_vs_HC,Monocyte (subtipo indeterminado),SCARB1,UC_vs_HC,-1.7895,0.038042
Monocyte_(subtipo_indeterminado)__STX2__UC_vs_HC,Monocyte (subtipo indeterminado),STX2,UC_vs_HC,-2.1111,0.01331
Monocyte_(subtipo_indeterminado)__ZDHHC20__UC_vs_HC,Monocyte (subtipo indeterminado),ZDHHC20,UC_vs_HC,1.6522,0.017306
Monocyte_(subtipo_indeterminado)__SPATA13__UC_vs_HC,Monocyte (subtipo indeterminado),SPATA13,UC_vs_HC,2.0283,0.015344
Monocyte_(subtipo_indeterminado)__FLT1__UC_vs_HC,Monocyte (subtipo indeterminado),FLT1,UC_vs_HC,3.9996,0.0014207
Monocyte_(subtipo_indeterminado)__SLC46A3__UC_vs_HC,Monocyte (subtipo indeterminado),SLC46A3,UC_vs_HC,-2.256,0.0073811
Monocyte_(subtipo_indeterminado)__STARD13__UC_vs_HC,Monocyte (subtipo indeterminado),STARD13,UC_vs_HC,-2.837,0.020854
Monocyte_(subtipo_indeterminado)__NHLRC3__UC_vs_HC,Monocyte (subtipo indeterminado),NHLRC3,UC_vs_HC,-1.2958,0.047442
Monocyte_(subtipo_indeterminado)__FOXO1__UC_vs_HC,Monocyte (subtipo indeterminado),FOXO1,UC_vs_HC,-1.9838,0.018867
Monocyte_(subtipo_indeterminado)__LACC1__UC_vs_HC,Monocyte (subtipo indeterminado),LACC1,UC_vs_HC,-2.1748,0.00043471
Monocyte_(subtipo_indeterminado)__LCP1__UC_vs_HC,Monocyte (subtipo indeterminado),LCP1,UC_vs_HC,1.1678,9.5876e-05
Monocyte_(subtipo_indeterminado)__RB1__UC_vs_HC,Monocyte (subtipo indeterminado),RB1,UC_vs_HC,-1.1904,0.0038246
Monocyte_(subtipo_indeterminado)__LPAR6__UC_vs_HC,Monocyte (subtipo indeterminado),LPAR6,UC_vs_HC,-1.8623,0.0074661
Monocyte_(subtipo_indeterminado)__KLF12__UC_vs_HC,Monocyte (subtipo indeterminado),KLF12,UC_vs_HC,-2.1218,0.015344
Monocyte_(subtipo_indeterminado)__ACOD1__UC_vs_HC,Monocyte (subtipo indeterminado),ACOD1,UC_vs_HC,5.4485,0.049999
Monocyte_(subtipo_indeterminado)__FARP1__UC_vs_HC,Monocyte (subtipo indeterminado),FARP1,UC_vs_HC,-3.3947,0.0063842
Monocyte_(subtipo_indeterminado)__GAS6__UC_vs_HC,Monocyte (subtipo indeterminado),GAS6,UC_vs_HC,-1.8394,0.025766
Monocyte_(subtipo_indeterminado)__RNASE6__UC_vs_HC,Monocyte (subtipo indeterminado),RNASE6,UC_vs_HC,-1.6137,0.00016564
Monocyte_(subtipo_indeterminado)__RNASE1__UC_vs_HC,Monocyte (subtipo indeterminado),RNASE1,UC_vs_HC,-5.0627,0.001914
Monocyte_(subtipo_indeterminado)__RNASE2__UC_vs_HC,Monocyte (subtipo indeterminado),RNASE2,UC_vs_HC,2.9368,0.049999
Monocyte_(subtipo_indeterminado)__PSME2__UC_vs_HC,Monocyte (subtipo indeterminado),PSME2,UC_vs_HC,1.2512,0.025863
Monocyte_(subtipo_indeterminado)__ARHGAP5__UC_vs_HC,Monocyte (subtipo indeterminado),ARHGAP5,UC_vs_HC,-1.3805,0.019489
Monocyte_(subtipo_indeterminado)__SLC38A6__UC_vs_HC,Monocyte (subtipo indeterminado),SLC38A6,UC_vs_HC,-2.0788,0.023067
Monocyte_(subtipo_indeterminado)__HIF1A__UC_vs_HC,Monocyte (subtipo indeterminado),HIF1A,UC_vs_HC,1.523,0.0038246
Monocyte_(subtipo_indeterminado)__SIPA1L1__UC_vs_HC,Monocyte (subtipo indeterminado),SIPA1L1,UC_vs_HC,1.5824,0.023135
Monocyte_(subtipo_indeterminado)__AC005280.2__UC_vs_HC,Monocyte (subtipo indeterminado),AC005280.2,UC_vs_HC,4.7995,0.0076726
Monocyte_(subtipo_indeterminado)__ERG28__UC_vs_HC,Monocyte (subtipo indeterminado),ERG28,UC_vs_HC,-1.9045,0.026454
Monocyte_(subtipo_indeterminado)__LGMN__UC_vs_HC,Monocyte (subtipo indeterminado),LGMN,UC_vs_HC,-3.0126,6.2063e-05
Monocyte_(subtipo_indeterminado)__SERPINA1__UC_vs_HC,Monocyte (subtipo indeterminado),SERPINA1,UC_vs_HC,2.9233,2.4199e-05
Monocyte_(subtipo_indeterminado)__EVL__UC_vs_HC,Monocyte (subtipo indeterminado),EVL,UC_vs_HC,-1.2719,0.0021145
Monocyte_(subtipo_indeterminado)__WARS__UC_vs_HC,Monocyte (subtipo indeterminado),WARS,UC_vs_HC,2.4313,0.00032319
Monocyte_(subtipo_indeterminado)__ZFYVE21__UC_vs_HC,Monocyte (subtipo indeterminado),ZFYVE21,UC_vs_HC,-1.6209,0.041071
Monocyte_(subtipo_indeterminado)__PACS2__UC_vs_HC,Monocyte (subtipo indeterminado),PACS2,UC_vs_HC,-1.8616,0.018745
Monocyte_(subtipo_indeterminado)__IGHA2__UC_vs_HC,Monocyte (subtipo indeterminado),IGHA2,UC_vs_HC,-4.1316,0.0076726
Monocyte_(subtipo_indeterminado)__IGHG4__UC_vs_HC,Monocyte (subtipo indeterminado),IGHG4,UC_vs_HC,5.3928,0.014648
Monocyte_(subtipo_indeterminado)__IGHG1__UC_vs_HC,Monocyte (subtipo indeterminado),IGHG1,UC_vs_HC,4.9516,2.8687e-05
Monocyte_(subtipo_indeterminado)__IGHG3__UC_vs_HC,Monocyte (subtipo indeterminado),IGHG3,UC_vs_HC,5.69,0.00017486
Monocyte_(subtipo_indeterminado)__CYFIP1__UC_vs_HC,Monocyte (subtipo indeterminado),CYFIP1,UC_vs_HC,-1.3282,9.344e-05
Monocyte_(subtipo_indeterminado)__HERC2__UC_vs_HC,Monocyte (subtipo indeterminado),HERC2,UC_vs_HC,-1.5004,0.040989
Monocyte_(subtipo_indeterminado)__THBS1__UC_vs_HC,Monocyte (subtipo indeterminado),THBS1,UC_vs_HC,2.282,0.021178
Monocyte_(subtipo_indeterminado)__IVD__UC_vs_HC,Monocyte (subtipo indeterminado),IVD,UC_vs_HC,-1.5285,0.023941
Monocyte_(subtipo_indeterminado)__GATM__UC_vs_HC,Monocyte (subtipo indeterminado),GATM,UC_vs_HC,-3.7776,0.0043227
Monocyte_(subtipo_indeterminado)__C15orf48__UC_vs_HC,Monocyte (subtipo indeterminado),C15orf48,UC_vs_HC,4.4976,3.1397e-09
Monocyte_(subtipo_indeterminado)__GALK2__UC_vs_HC,Monocyte (subtipo indeterminado),GALK2,UC_vs_HC,-1.6424,0.023562
Monocyte_(subtipo_indeterminado)__DMXL2__UC_vs_HC,Monocyte (subtipo indeterminado),DMXL2,UC_vs_HC,1.0703,0.014906
Monocyte_(subtipo_indeterminado)__MYO5A__UC_vs_HC,Monocyte (subtipo indeterminado),MYO5A,UC_vs_HC,-1.824,0.00094116
Monocyte_(subtipo_indeterminado)__AQP9__UC_vs_HC,Monocyte (subtipo indeterminado),AQP9,UC_vs_HC,6.3837,2.7e-07
Monocyte_(subtipo_indeterminado)__DIS3L__UC_vs_HC,Monocyte (subtipo indeterminado),DIS3L,UC_vs_HC,-2.0439,0.049999
Monocyte_(subtipo_indeterminado)__HEXA__UC_vs_HC,Monocyte (subtipo indeterminado),HEXA,UC_vs_HC,-1.3559,0.0038246
Monocyte_(subtipo_indeterminado)__FAM219B__UC_vs_HC,Monocyte (subtipo indeterminado),FAM219B,UC_vs_HC,-2.1834,0.012447
Monocyte_(subtipo_indeterminado)__RPP25__UC_vs_HC,Monocyte (subtipo indeterminado),RPP25,UC_vs_HC,-2.5436,0.015344
Monocyte_(subtipo_indeterminado)__SNX33__UC_vs_HC,Monocyte (subtipo indeterminado),SNX33,UC_vs_HC,-2.2571,0.035337
Monocyte_(subtipo_indeterminado)__BCL2A1__UC_vs_HC,Monocyte (subtipo indeterminado),BCL2A1,UC_vs_HC,3.3192,9.2181e-08
Monocyte_(subtipo_indeterminado)__ISG20__UC_vs_HC,Monocyte (subtipo indeterminado),ISG20,UC_vs_HC,1.7936,0.020097
Monocyte_(subtipo_indeterminado)__ANPEP__UC_vs_HC,Monocyte (subtipo indeterminado),ANPEP,UC_vs_HC,2.8141,0.00087545
Monocyte_(subtipo_indeterminado)__SLCO3A1__UC_vs_HC,Monocyte (subtipo indeterminado),SLCO3A1,UC_vs_HC,1.6629,0.030059
Monocyte_(subtipo_indeterminado)__FAM174B__UC_vs_HC,Monocyte (subtipo indeterminado),FAM174B,UC_vs_HC,-2.7711,0.027008
Monocyte_(subtipo_indeterminado)__CHSY1__UC_vs_HC,Monocyte (subtipo indeterminado),CHSY1,UC_vs_HC,1.5487,0.022951
Monocyte_(subtipo_indeterminado)__NME4__UC_vs_HC,Monocyte (subtipo indeterminado),NME4,UC_vs_HC,-2.4279,0.0028755
Monocyte_(subtipo_indeterminado)__JPT2__UC_vs_HC,Monocyte (subtipo indeterminado),JPT2,UC_vs_HC,-1.8784,0.039625
Monocyte_(subtipo_indeterminado)__AMDHD2__UC_vs_HC,Monocyte (subtipo indeterminado),AMDHD2,UC_vs_HC,-1.827,0.0027468
Monocyte_(subtipo_indeterminado)__KCTD5__UC_vs_HC,Monocyte (subtipo indeterminado),KCTD5,UC_vs_HC,-1.6283,0.016749
Monocyte_(subtipo_indeterminado)__CORO7__UC_vs_HC,Monocyte (subtipo indeterminado),CORO7,UC_vs_HC,-1.3952,0.003008
Monocyte_(subtipo_indeterminado)__EMP2__UC_vs_HC,Monocyte (subtipo indeterminado),EMP2,UC_vs_HC,-3.2492,0.016749
Monocyte_(subtipo_indeterminado)__DEXI__UC_vs_HC,Monocyte (subtipo indeterminado),DEXI,UC_vs_HC,-2.0123,0.031354
Monocyte_(subtipo_indeterminado)__SNX29__UC_vs_HC,Monocyte (subtipo indeterminado),SNX29,UC_vs_HC,-1.3844,0.0087647
Monocyte_(subtipo_indeterminado)__NTAN1__UC_vs_HC,Monocyte (subtipo indeterminado),NTAN1,UC_vs_HC,-1.5563,0.020097
Monocyte_(subtipo_indeterminado)__GDE1__UC_vs_HC,Monocyte (subtipo indeterminado),GDE1,UC_vs_HC,-1.1935,0.020209
Monocyte_(subtipo_indeterminado)__OTOA__UC_vs_HC,Monocyte (subtipo indeterminado),OTOA,UC_vs_HC,-4.5302,3.0004e-06
Monocyte_(subtipo_indeterminado)__ARHGAP17__UC_vs_HC,Monocyte (subtipo indeterminado),ARHGAP17,UC_vs_HC,-1.4819,0.0015639
Monocyte_(subtipo_indeterminado)__AQP8__UC_vs_HC,Monocyte (subtipo indeterminado),AQP8,UC_vs_HC,-4.5766,0.029492
Monocyte_(subtipo_indeterminado)__NUPR1__UC_vs_HC,Monocyte (subtipo indeterminado),NUPR1,UC_vs_HC,-3.9338,0.0019797
Monocyte_(subtipo_indeterminado)__QPRT__UC_vs_HC,Monocyte (subtipo indeterminado),QPRT,UC_vs_HC,-4.2104,6.4302e-06
Monocyte_(subtipo_indeterminado)__ZG16__UC_vs_HC,Monocyte (subtipo indeterminado),ZG16,UC_vs_HC,-3.2747,0.023135
Monocyte_(subtipo_indeterminado)__ITGAX__UC_vs_HC,Monocyte (subtipo indeterminado),ITGAX,UC_vs_HC,1.2103,0.04865
Monocyte_(subtipo_indeterminado)__ORC6__UC_vs_HC,Monocyte (subtipo indeterminado),ORC6,UC_vs_HC,-2.4804,0.018952
Monocyte_(subtipo_indeterminado)__SNX20__UC_vs_HC,Monocyte (subtipo indeterminado),SNX20,UC_vs_HC,2.0283,0.023914
Monocyte_(subtipo_indeterminado)__AMFR__UC_vs_HC,Monocyte (subtipo indeterminado),AMFR,UC_vs_HC,-1.1996,0.03402
Monocyte_(subtipo_indeterminado)__CCL22__UC_vs_HC,Monocyte (subtipo indeterminado),CCL22,UC_vs_HC,3.8535,0.0304
Monocyte_(subtipo_indeterminado)__SLC38A7__UC_vs_HC,Monocyte (subtipo indeterminado),SLC38A7,UC_vs_HC,-2.0255,0.032282
Monocyte_(subtipo_indeterminado)__PLA2G15__UC_vs_HC,Monocyte (subtipo indeterminado),PLA2G15,UC_vs_HC,-2.0753,0.019836
Monocyte_(subtipo_indeterminado)__AP1G1__UC_vs_HC,Monocyte (subtipo indeterminado),AP1G1,UC_vs_HC,1.3299,0.038006
Monocyte_(subtipo_indeterminado)__ZFHX3__UC_vs_HC,Monocyte (subtipo indeterminado),ZFHX3,UC_vs_HC,-1.7584,0.0010885
Monocyte_(subtipo_indeterminado)__MAF__UC_vs_HC,Monocyte (subtipo indeterminado),MAF,UC_vs_HC,-2.5254,0.0014174
Monocyte_(subtipo_indeterminado)__GCSH__UC_vs_HC,Monocyte (subtipo indeterminado),GCSH,UC_vs_HC,-2.5254,0.011989
Monocyte_(subtipo_indeterminado)__MPHOSPH6__UC_vs_HC,Monocyte (subtipo indeterminado),MPHOSPH6,UC_vs_HC,1.3601,0.0027523
Monocyte_(subtipo_indeterminado)__MLYCD__UC_vs_HC,Monocyte (subtipo indeterminado),MLYCD,UC_vs_HC,-2.3818,0.029682
Monocyte_(subtipo_indeterminado)__SPG7__UC_vs_HC,Monocyte (subtipo indeterminado),SPG7,UC_vs_HC,-1.0385,0.032567
Monocyte_(subtipo_indeterminado)__RFLNB__UC_vs_HC,Monocyte (subtipo indeterminado),RFLNB,UC_vs_HC,2.1313,0.011591
Monocyte_(subtipo_indeterminado)__SERPINF1__UC_vs_HC,Monocyte (subtipo indeterminado),SERPINF1,UC_vs_HC,-1.8236,0.024813
Monocyte_(subtipo_indeterminado)__CLUH__UC_vs_HC,Monocyte (subtipo indeterminado),CLUH,UC_vs_HC,-2.056,0.026892
Monocyte_(subtipo_indeterminado)__ZZEF1__UC_vs_HC,Monocyte (subtipo indeterminado),ZZEF1,UC_vs_HC,-1.0881,0.034938
Monocyte_(subtipo_indeterminado)__CLEC10A__UC_vs_HC,Monocyte (subtipo indeterminado),CLEC10A,UC_vs_HC,-1.5582,0.011591
Monocyte_(subtipo_indeterminado)__CLDN7__UC_vs_HC,Monocyte (subtipo indeterminado),CLDN7,UC_vs_HC,-2.5932,0.01112
Monocyte_(subtipo_indeterminado)__POLR2A__UC_vs_HC,Monocyte (subtipo indeterminado),POLR2A,UC_vs_HC,-1.2083,0.0075477
Monocyte_(subtipo_indeterminado)__STX8__UC_vs_HC,Monocyte (subtipo indeterminado),STX8,UC_vs_HC,-1.0022,0.029009
Monocyte_(subtipo_indeterminado)__SHMT1__UC_vs_HC,Monocyte (subtipo indeterminado),SHMT1,UC_vs_HC,-2.5856,0.041985
Monocyte_(subtipo_indeterminado)__ALDH3A2__UC_vs_HC,Monocyte (subtipo indeterminado),ALDH3A2,UC_vs_HC,-1.4296,0.026454
Monocyte_(subtipo_indeterminado)__TMEM97__UC_vs_HC,Monocyte (subtipo indeterminado),TMEM97,UC_vs_HC,-2.2528,0.048725
Monocyte_(subtipo_indeterminado)__ADAP2__UC_vs_HC,Monocyte (subtipo indeterminado),ADAP2,UC_vs_HC,-1.8416,0.0031767
Monocyte_(subtipo_indeterminado)__CCL8__UC_vs_HC,Monocyte (subtipo indeterminado),CCL8,UC_vs_HC,-4.4736,0.0016733
Monocyte_(subtipo_indeterminado)__CCL3__UC_vs_HC,Monocyte (subtipo indeterminado),CCL3,UC_vs_HC,2.0044,0.049734
Monocyte_(subtipo_indeterminado)__CCL4__UC_vs_HC,Monocyte (subtipo indeterminado),CCL4,UC_vs_HC,2.3088,0.046937
Monocyte_(subtipo_indeterminado)__PLXDC1__UC_vs_HC,Monocyte (subtipo indeterminado),PLXDC1,UC_vs_HC,-3.4875,0.012569
Monocyte_(subtipo_indeterminado)__IGFBP4__UC_vs_HC,Monocyte (subtipo indeterminado),IGFBP4,UC_vs_HC,-4.1579,6.4302e-06
Monocyte_(subtipo_indeterminado)__CCR7__UC_vs_HC,Monocyte (subtipo indeterminado),CCR7,UC_vs_HC,3.7723,0.047825
Monocyte_(subtipo_indeterminado)__VAT1__UC_vs_HC,Monocyte (subtipo indeterminado),VAT1,UC_vs_HC,-2.3713,0.013904
Monocyte_(subtipo_indeterminado)__GRN__UC_vs_HC,Monocyte (subtipo indeterminado),GRN,UC_vs_HC,-1.1291,3.8579e-06
Monocyte_(subtipo_indeterminado)__HEXIM1__UC_vs_HC,Monocyte (subtipo indeterminado),HEXIM1,UC_vs_HC,-1.3529,0.017165
Monocyte_(subtipo_indeterminado)__SLC35B1__UC_vs_HC,Monocyte (subtipo indeterminado),SLC35B1,UC_vs_HC,1.7756,0.018952
Monocyte_(subtipo_indeterminado)__SPATA20__UC_vs_HC,Monocyte (subtipo indeterminado),SPATA20,UC_vs_HC,-2.8261,0.00958
Monocyte_(subtipo_indeterminado)__TRIM25__UC_vs_HC,Monocyte (subtipo indeterminado),TRIM25,UC_vs_HC,1.5685,0.048608
Monocyte_(subtipo_indeterminado)__VMP1__UC_vs_HC,Monocyte (subtipo indeterminado),VMP1,UC_vs_HC,1.2459,0.0095712
Monocyte_(subtipo_indeterminado)__MRC2__UC_vs_HC,Monocyte (subtipo indeterminado),MRC2,UC_vs_HC,-2.4091,0.016858
Monocyte_(subtipo_indeterminado)__KCNJ2__UC_vs_HC,Monocyte (subtipo indeterminado),KCNJ2,UC_vs_HC,3.7964,0.0055315
Monocyte_(subtipo_indeterminado)__CD300E__UC_vs_HC,Monocyte (subtipo indeterminado),CD300E,UC_vs_HC,3.3571,2.4199e-05
Monocyte_(subtipo_indeterminado)__RECQL5__UC_vs_HC,Monocyte (subtipo indeterminado),RECQL5,UC_vs_HC,-2.0279,0.029785
Monocyte_(subtipo_indeterminado)__SPHK1__UC_vs_HC,Monocyte (subtipo indeterminado),SPHK1,UC_vs_HC,1.6732,0.041071
Monocyte_(subtipo_indeterminado)__BAIAP2__UC_vs_HC,Monocyte (subtipo indeterminado),BAIAP2,UC_vs_HC,-2.1167,0.0055775
Monocyte_(subtipo_indeterminado)__DUS1L__UC_vs_HC,Monocyte (subtipo indeterminado),DUS1L,UC_vs_HC,-1.2992,0.019369
Monocyte_(subtipo_indeterminado)__OGFOD3__UC_vs_HC,Monocyte (subtipo indeterminado),OGFOD3,UC_vs_HC,-2.1444,0.014267
Monocyte_(subtipo_indeterminado)__FOXK2__UC_vs_HC,Monocyte (subtipo indeterminado),FOXK2,UC_vs_HC,-1.562,0.032456
Monocyte_(subtipo_indeterminado)__WDR45B__UC_vs_HC,Monocyte (subtipo indeterminado),WDR45B,UC_vs_HC,-1.4835,0.049086
Monocyte_(subtipo_indeterminado)__COLEC12__UC_vs_HC,Monocyte (subtipo indeterminado),COLEC12,UC_vs_HC,-3.3968,0.01835
Monocyte_(subtipo_indeterminado)__GAPLINC__UC_vs_HC,Monocyte (subtipo indeterminado),GAPLINC,UC_vs_HC,-3.5094,0.049734
Monocyte_(subtipo_indeterminado)__SPIRE1__UC_vs_HC,Monocyte (subtipo indeterminado),SPIRE1,UC_vs_HC,-2.5066,0.016858
Monocyte_(subtipo_indeterminado)__PTPN2__UC_vs_HC,Monocyte (subtipo indeterminado),PTPN2,UC_vs_HC,1.5149,0.00054518
Monocyte_(subtipo_indeterminado)__IMPACT__UC_vs_HC,Monocyte (subtipo indeterminado),IMPACT,UC_vs_HC,-1.3849,0.040989
Monocyte_(subtipo_indeterminado)__RNF125__UC_vs_HC,Monocyte (subtipo indeterminado),RNF125,UC_vs_HC,-1.9536,0.029413
Monocyte_(subtipo_indeterminado)__FECH__UC_vs_HC,Monocyte (subtipo indeterminado),FECH,UC_vs_HC,-1.9327,0.039685
Monocyte_(subtipo_indeterminado)__KDSR__UC_vs_HC,Monocyte (subtipo indeterminado),KDSR,UC_vs_HC,-1.4771,0.0049935
Monocyte_(subtipo_indeterminado)__SERPINB2__UC_vs_HC,Monocyte (subtipo indeterminado),SERPINB2,UC_vs_HC,5.4077,0.029413
Monocyte_(subtipo_indeterminado)__NFATC1__UC_vs_HC,Monocyte (subtipo indeterminado),NFATC1,UC_vs_HC,-1.2686,0.049653
Monocyte_(subtipo_indeterminado)__SIRPB1__UC_vs_HC,Monocyte (subtipo indeterminado),SIRPB1,UC_vs_HC,2.288,0.03976
Monocyte_(subtipo_indeterminado)__UBOX5__UC_vs_HC,Monocyte (subtipo indeterminado),UBOX5,UC_vs_HC,-2.2967,0.02719
Monocyte_(subtipo_indeterminado)__SIGLEC1__UC_vs_HC,Monocyte (subtipo indeterminado),SIGLEC1,UC_vs_HC,-3.2785,8.9955e-05
Monocyte_(subtipo_indeterminado)__PRNP__UC_vs_HC,Monocyte (subtipo indeterminado),PRNP,UC_vs_HC,-1.5109,0.0074352
Monocyte_(subtipo_indeterminado)__PCNA__UC_vs_HC,Monocyte (subtipo indeterminado),PCNA,UC_vs_HC,-1.4538,0.012941
Monocyte_(subtipo_indeterminado)__GPCPD1__UC_vs_HC,Monocyte (subtipo indeterminado),GPCPD1,UC_vs_HC,2.0417,3.2843e-08
Monocyte_(subtipo_indeterminado)__CST7__UC_vs_HC,Monocyte (subtipo indeterminado),CST7,UC_vs_HC,2.5123,0.0076318
Monocyte_(subtipo_indeterminado)__APMAP__UC_vs_HC,Monocyte (subtipo indeterminado),APMAP,UC_vs_HC,-1.2434,0.0011147
Monocyte_(subtipo_indeterminado)__ABHD12__UC_vs_HC,Monocyte (subtipo indeterminado),ABHD12,UC_vs_HC,-1.4607,0.038677
Monocyte_(subtipo_indeterminado)__TGM2__UC_vs_HC,Monocyte (subtipo indeterminado),TGM2,UC_vs_HC,3.4631,0.0031749
Monocyte_(subtipo_indeterminado)__PLTP__UC_vs_HC,Monocyte (subtipo indeterminado),PLTP,UC_vs_HC,-3.0787,0.00090801
Monocyte_(subtipo_indeterminado)__CD40__UC_vs_HC,Monocyte (subtipo indeterminado),CD40,UC_vs_HC,1.2633,0.019787
Monocyte_(subtipo_indeterminado)__B4GALT5__UC_vs_HC,Monocyte (subtipo indeterminado),B4GALT5,UC_vs_HC,1.6503,0.016609
Monocyte_(subtipo_indeterminado)__SNAI1__UC_vs_HC,Monocyte (subtipo indeterminado),SNAI1,UC_vs_HC,2.5551,0.0029739
Monocyte_(subtipo_indeterminado)__SMIM25__UC_vs_HC,Monocyte (subtipo indeterminado),SMIM25,UC_vs_HC,2.1136,0.026756
Monocyte_(subtipo_indeterminado)__PTPN1__UC_vs_HC,Monocyte (subtipo indeterminado),PTPN1,UC_vs_HC,1.5519,0.014998
Monocyte_(subtipo_indeterminado)__TFAP2C__UC_vs_HC,Monocyte (subtipo indeterminado),TFAP2C,UC_vs_HC,-4.4176,0.032816
Monocyte_(subtipo_indeterminado)__NPEPL1__UC_vs_HC,Monocyte (subtipo indeterminado),NPEPL1,UC_vs_HC,-1.8091,0.037335
Monocyte_(subtipo_indeterminado)__GNAS__UC_vs_HC,Monocyte (subtipo indeterminado),GNAS,UC_vs_HC,-1.5389,1.2147e-08
Monocyte_(subtipo_indeterminado)__CTSZ__UC_vs_HC,Monocyte (subtipo indeterminado),CTSZ,UC_vs_HC,-1.7537,1.6817e-06
Monocyte_(subtipo_indeterminado)__ARID3A__UC_vs_HC,Monocyte (subtipo indeterminado),ARID3A,UC_vs_HC,-1.4567,0.046123
Monocyte_(subtipo_indeterminado)__GAMT__UC_vs_HC,Monocyte (subtipo indeterminado),GAMT,UC_vs_HC,-3.4142,0.015378
Monocyte_(subtipo_indeterminado)__MBD3__UC_vs_HC,Monocyte (subtipo indeterminado),MBD3,UC_vs_HC,-1.3594,0.035415
Monocyte_(subtipo_indeterminado)__MKNK2__UC_vs_HC,Monocyte (subtipo indeterminado),MKNK2,UC_vs_HC,-1.0204,0.016502
Monocyte_(subtipo_indeterminado)__AES__UC_vs_HC,Monocyte (subtipo indeterminado),AES,UC_vs_HC,-1.0472,0.0073231
Monocyte_(subtipo_indeterminado)__NFIC__UC_vs_HC,Monocyte (subtipo indeterminado),NFIC,UC_vs_HC,-1.0372,0.004646
Monocyte_(subtipo_indeterminado)__LRG1__UC_vs_HC,Monocyte (subtipo indeterminado),LRG1,UC_vs_HC,2.5061,0.034405
Monocyte_(subtipo_indeterminado)__DPP9__UC_vs_HC,Monocyte (subtipo indeterminado),DPP9,UC_vs_HC,-1.4761,0.001094
Monocyte_(subtipo_indeterminado)__ZNF358__UC_vs_HC,Monocyte (subtipo indeterminado),ZNF358,UC_vs_HC,-1.8113,0.028157
Monocyte_(subtipo_indeterminado)__STXBP2__UC_vs_HC,Monocyte (subtipo indeterminado),STXBP2,UC_vs_HC,1.3791,0.021243
Monocyte_(subtipo_indeterminado)__MCEMP1__UC_vs_HC,Monocyte (subtipo indeterminado),MCEMP1,UC_vs_HC,5.2356,6.5979e-05
Monocyte_(subtipo_indeterminado)__CD209__UC_vs_HC,Monocyte (subtipo indeterminado),CD209,UC_vs_HC,-2.4197,0.0067023
Monocyte_(subtipo_indeterminado)__ELAVL1__UC_vs_HC,Monocyte (subtipo indeterminado),ELAVL1,UC_vs_HC,-1.0842,0.011206
Monocyte_(subtipo_indeterminado)__CD320__UC_vs_HC,Monocyte (subtipo indeterminado),CD320,UC_vs_HC,-2.9002,0.0056397
Monocyte_(subtipo_indeterminado)__C19orf38__UC_vs_HC,Monocyte (subtipo indeterminado),C19orf38,UC_vs_HC,1.5564,0.043031
Monocyte_(subtipo_indeterminado)__ZNF44__UC_vs_HC,Monocyte (subtipo indeterminado),ZNF44,UC_vs_HC,-1.8452,0.01386
Monocyte_(subtipo_indeterminado)__TECR__UC_vs_HC,Monocyte (subtipo indeterminado),TECR,UC_vs_HC,-1.2513,0.0087647
Monocyte_(subtipo_indeterminado)__ADGRE2__UC_vs_HC,Monocyte (subtipo indeterminado),ADGRE2,UC_vs_HC,1.4713,0.0035876
Monocyte_(subtipo_indeterminado)__JAK3__UC_vs_HC,Monocyte (subtipo indeterminado),JAK3,UC_vs_HC,2.0846,0.0055315
Monocyte_(subtipo_indeterminado)__PGPEP1__UC_vs_HC,Monocyte (subtipo indeterminado),PGPEP1,UC_vs_HC,-1.4248,0.035415
Monocyte_(subtipo_indeterminado)__ZNF626__UC_vs_HC,Monocyte (subtipo indeterminado),ZNF626,UC_vs_HC,-2.5499,0.049949
Monocyte_(subtipo_indeterminado)__PEPD__UC_vs_HC,Monocyte (subtipo indeterminado),PEPD,UC_vs_HC,-1.1167,0.0092784
Monocyte_(subtipo_indeterminado)__ZNF302__UC_vs_HC,Monocyte (subtipo indeterminado),ZNF302,UC_vs_HC,-3.1577,0.021301
Monocyte_(subtipo_indeterminado)__SCN1B__UC_vs_HC,Monocyte (subtipo indeterminado),SCN1B,UC_vs_HC,-2.232,0.015333
Monocyte_(subtipo_indeterminado)__FXYD3__UC_vs_HC,Monocyte (subtipo indeterminado),FXYD3,UC_vs_HC,-5.2368,0.018502
Monocyte_(subtipo_indeterminado)__COX7A1__UC_vs_HC,Monocyte (subtipo indeterminado),COX7A1,UC_vs_HC,-3.9596,0.017512
Monocyte_(subtipo_indeterminado)__ZNF568__UC_vs_HC,Monocyte (subtipo indeterminado),ZNF568,UC_vs_HC,-3.2523,0.035935
Monocyte_(subtipo_indeterminado)__RYR1__UC_vs_HC,Monocyte (subtipo indeterminado),RYR1,UC_vs_HC,-3.44,0.037713
Monocyte_(subtipo_indeterminado)__LGALS4__UC_vs_HC,Monocyte (subtipo indeterminado),LGALS4,UC_vs_HC,-3.0043,0.010721
Monocyte_(subtipo_indeterminado)__PLD3__UC_vs_HC,Monocyte (subtipo indeterminado),PLD3,UC_vs_HC,-2.2708,3.0851e-07
Monocyte_(subtipo_indeterminado)__AXL__UC_vs_HC,Monocyte (subtipo indeterminado),AXL,UC_vs_HC,-2.199,0.019508
Monocyte_(subtipo_indeterminado)__CEACAM4__UC_vs_HC,Monocyte (subtipo indeterminado),CEACAM4,UC_vs_HC,3.4897,0.003613
Monocyte_(subtipo_indeterminado)__PLAUR__UC_vs_HC,Monocyte (subtipo indeterminado),PLAUR,UC_vs_HC,1.8483,0.011545
Monocyte_(subtipo_indeterminado)__BCAM__UC_vs_HC,Monocyte (subtipo indeterminado),BCAM,UC_vs_HC,-3.4393,0.0054037
Monocyte_(subtipo_indeterminado)__FOSB__UC_vs_HC,Monocyte (subtipo indeterminado),FOSB,UC_vs_HC,-1.3898,0.049086
Monocyte_(subtipo_indeterminado)__HSD17B14__UC_vs_HC,Monocyte (subtipo indeterminado),HSD17B14,UC_vs_HC,-4.9479,0.0012191
Monocyte_(subtipo_indeterminado)__FCGRT__UC_vs_HC,Monocyte (subtipo indeterminado),FCGRT,UC_vs_HC,-1.3238,0.00019043
Monocyte_(subtipo_indeterminado)__RCN3__UC_vs_HC,Monocyte (subtipo indeterminado),RCN3,UC_vs_HC,-2.2352,0.011989
Monocyte_(subtipo_indeterminado)__IL4I1__UC_vs_HC,Monocyte (subtipo indeterminado),IL4I1,UC_vs_HC,3.7149,0.0028755
Monocyte_(subtipo_indeterminado)__ATF5__UC_vs_HC,Monocyte (subtipo indeterminado),ATF5,UC_vs_HC,1.0854,0.049734
Monocyte_(subtipo_indeterminado)__SPIB__UC_vs_HC,Monocyte (subtipo indeterminado),SPIB,UC_vs_HC,3.9648,0.026892
Monocyte_(subtipo_indeterminado)__FPR1__UC_vs_HC,Monocyte (subtipo indeterminado),FPR1,UC_vs_HC,5.2709,4.3601e-09
Monocyte_(subtipo_indeterminado)__FPR2__UC_vs_HC,Monocyte (subtipo indeterminado),FPR2,UC_vs_HC,3.5245,0.0069643
Monocyte_(subtipo_indeterminado)__MBOAT7__UC_vs_HC,Monocyte (subtipo indeterminado),MBOAT7,UC_vs_HC,1.3298,0.017165
Monocyte_(subtipo_indeterminado)__LILRB3__UC_vs_HC,Monocyte (subtipo indeterminado),LILRB3,UC_vs_HC,1.0886,0.024691
Monocyte_(subtipo_indeterminado)__LILRB5__UC_vs_HC,Monocyte (subtipo indeterminado),LILRB5,UC_vs_HC,-3.5117,0.0023328
Monocyte_(subtipo_indeterminado)__LILRB2__UC_vs_HC,Monocyte (subtipo indeterminado),LILRB2,UC_vs_HC,1.4938,0.0012578
Monocyte_(subtipo_indeterminado)__LILRA5__UC_vs_HC,Monocyte (subtipo indeterminado),LILRA5,UC_vs_HC,3.1427,4.3601e-09
Monocyte_(subtipo_indeterminado)__LILRA2__UC_vs_HC,Monocyte (subtipo indeterminado),LILRA2,UC_vs_HC,2.7045,0.018952
Monocyte_(subtipo_indeterminado)__LILRB4__UC_vs_HC,Monocyte (subtipo indeterminado),LILRB4,UC_vs_HC,1.3971,0.003648
Monocyte_(subtipo_indeterminado)__AC245128.3__UC_vs_HC,Monocyte (subtipo indeterminado),AC245128.3,UC_vs_HC,5.1064,0.0005532
Monocyte_(subtipo_indeterminado)__TRIM28__UC_vs_HC,Monocyte (subtipo indeterminado),TRIM28,UC_vs_HC,-1.2182,0.00049586
Monocyte_(subtipo_indeterminado)__ADA2__UC_vs_HC,Monocyte (subtipo indeterminado),ADA2,UC_vs_HC,-1.0633,0.042178
Monocyte_(subtipo_indeterminado)__BID__UC_vs_HC,Monocyte (subtipo indeterminado),BID,UC_vs_HC,1.3609,0.017488
Monocyte_(subtipo_indeterminado)__TANGO2__UC_vs_HC,Monocyte (subtipo indeterminado),TANGO2,UC_vs_HC,-1.5433,0.035171
Monocyte_(subtipo_indeterminado)__GGT5__UC_vs_HC,Monocyte (subtipo indeterminado),GGT5,UC_vs_HC,4.0619,0.0049992
Monocyte_(subtipo_indeterminado)__AP1B1__UC_vs_HC,Monocyte (subtipo indeterminado),AP1B1,UC_vs_HC,-2.0379,3.345e-05
Monocyte_(subtipo_indeterminado)__OSM__UC_vs_HC,Monocyte (subtipo indeterminado),OSM,UC_vs_HC,1.6944,0.045373
Monocyte_(subtipo_indeterminado)__YWHAH__UC_vs_HC,Monocyte (subtipo indeterminado),YWHAH,UC_vs_HC,-1.6518,0.0012989
Monocyte_(subtipo_indeterminado)__NCF4__UC_vs_HC,Monocyte (subtipo indeterminado),NCF4,UC_vs_HC,-1.587,0.0051553
Monocyte_(subtipo_indeterminado)__CSF2RB__UC_vs_HC,Monocyte (subtipo indeterminado),CSF2RB,UC_vs_HC,1.3398,0.024883
Monocyte_(subtipo_indeterminado)__MAFF__UC_vs_HC,Monocyte (subtipo indeterminado),MAFF,UC_vs_HC,-1.3165,0.022595
Monocyte_(subtipo_indeterminado)__CBX6__UC_vs_HC,Monocyte (subtipo indeterminado),CBX6,UC_vs_HC,1.7049,0.00054518
Monocyte_(subtipo_indeterminado)__APOBEC3A__UC_vs_HC,Monocyte (subtipo indeterminado),APOBEC3A,UC_vs_HC,6.9805,4.2428e-07
Monocyte_(subtipo_indeterminado)__TBC1D22A__UC_vs_HC,Monocyte (subtipo indeterminado),TBC1D22A,UC_vs_HC,-1.2677,0.015206
Monocyte_(subtipo_indeterminado)__PIM3__UC_vs_HC,Monocyte (subtipo indeterminado),PIM3,UC_vs_HC,1.6162,0.014158
Monocyte_(subtipo_indeterminado)__SAMSN1__UC_vs_HC,Monocyte (subtipo indeterminado),SAMSN1,UC_vs_HC,1.3236,0.0038246
Monocyte_(subtipo_indeterminado)__MIR155HG__UC_vs_HC,Monocyte (subtipo indeterminado),MIR155HG,UC_vs_HC,3.2972,0.017335
Monocyte_(subtipo_indeterminado)__BACH1__UC_vs_HC,Monocyte (subtipo indeterminado),BACH1,UC_vs_HC,1.3273,0.037153
Monocyte_(subtipo_indeterminado)__SOD1__UC_vs_HC,Monocyte (subtipo indeterminado),SOD1,UC_vs_HC,-1.035,0.0012071
Monocyte_(subtipo_indeterminado)__ITSN1__UC_vs_HC,Monocyte (subtipo indeterminado),ITSN1,UC_vs_HC,-1.8858,0.01561
Monocyte_(subtipo_indeterminado)__ETS2__UC_vs_HC,Monocyte (subtipo indeterminado),ETS2,UC_vs_HC,1.5808,0.00027718
Monocyte_(subtipo_indeterminado)__TRPM2__UC_vs_HC,Monocyte (subtipo indeterminado),TRPM2,UC_vs_HC,-1.3936,0.0066233
Monocyte_(subtipo_indeterminado)__DIP2A__UC_vs_HC,Monocyte (subtipo indeterminado),DIP2A,UC_vs_HC,-1.3065,0.034313
Monocyte_(subtipo_indeterminado)__MT-ND3__UC_vs_HC,Monocyte (subtipo indeterminado),MT-ND3,UC_vs_HC,-1.2001,0.022463
Monocyte_(subtipo_indeterminado)__TPRG1L__CD_vs_HC,Monocyte (subtipo indeterminado),TPRG1L,CD_vs_HC,-1.9233,0.0059111
Monocyte_(subtipo_indeterminado)__PER3__CD_vs_HC,Monocyte (subtipo indeterminado),PER3,CD_vs_HC,-1.6129,0.044186
Monocyte_(subtipo_indeterminado)__KIF1B__CD_vs_HC,Monocyte (subtipo indeterminado),KIF1B,CD_vs_HC,-1.2747,0.041643
Monocyte_(subtipo_indeterminado)__AGTRAP__CD_vs_HC,Monocyte (subtipo indeterminado),AGTRAP,CD_vs_HC,2.1943,0.006642
Monocyte_(subtipo_indeterminado)__CDA__CD_vs_HC,Monocyte (subtipo indeterminado),CDA,CD_vs_HC,2.9381,0.049746
Monocyte_(subtipo_indeterminado)__STMN1__CD_vs_HC,Monocyte (subtipo indeterminado),STMN1,CD_vs_HC,-1.6232,0.0092018
Monocyte_(subtipo_indeterminado)__SH3BGRL3__CD_vs_HC,Monocyte (subtipo indeterminado),SH3BGRL3,CD_vs_HC,1.0357,0.036114
Monocyte_(subtipo_indeterminado)__MARCKSL1__CD_vs_HC,Monocyte (subtipo indeterminado),MARCKSL1,CD_vs_HC,1.8711,0.0085987
Monocyte_(subtipo_indeterminado)__C1orf122__CD_vs_HC,Monocyte (subtipo indeterminado),C1orf122,CD_vs_HC,1.9913,0.045832
Monocyte_(subtipo_indeterminado)__MTF1__CD_vs_HC,Monocyte (subtipo indeterminado),MTF1,CD_vs_HC,1.8123,0.031494
Monocyte_(subtipo_indeterminado)__UROD__CD_vs_HC,Monocyte (subtipo indeterminado),UROD,CD_vs_HC,-1.3007,0.042257
Monocyte_(subtipo_indeterminado)__GBP1__CD_vs_HC,Monocyte (subtipo indeterminado),GBP1,CD_vs_HC,2.9991,0.00067267
Monocyte_(subtipo_indeterminado)__GBP2__CD_vs_HC,Monocyte (subtipo indeterminado),GBP2,CD_vs_HC,2.2313,0.0011255
Monocyte_(subtipo_indeterminado)__GBP4__CD_vs_HC,Monocyte (subtipo indeterminado),GBP4,CD_vs_HC,2.0043,0.0069005
Monocyte_(subtipo_indeterminado)__GBP5__CD_vs_HC,Monocyte (subtipo indeterminado),GBP5,CD_vs_HC,2.7458,0.012059
Monocyte_(subtipo_indeterminado)__CD53__CD_vs_HC,Monocyte (subtipo indeterminado),CD53,CD_vs_HC,1.0044,0.0038744
Monocyte_(subtipo_indeterminado)__ADORA3__CD_vs_HC,Monocyte (subtipo indeterminado),ADORA3,CD_vs_HC,-2.3487,0.03842
Monocyte_(subtipo_indeterminado)__PTGFRN__CD_vs_HC,Monocyte (subtipo indeterminado),PTGFRN,CD_vs_HC,-3.2841,0.0038744
Monocyte_(subtipo_indeterminado)__ADAMTSL4__CD_vs_HC,Monocyte (subtipo indeterminado),ADAMTSL4,CD_vs_HC,1.78,0.042627
Monocyte_(subtipo_indeterminado)__PI4KB__CD_vs_HC,Monocyte (subtipo indeterminado),PI4KB,CD_vs_HC,-1.0619,0.03862
Monocyte_(subtipo_indeterminado)__S100A9__CD_vs_HC,Monocyte (subtipo indeterminado),S100A9,CD_vs_HC,3.1443,0.00036664
Monocyte_(subtipo_indeterminado)__S100A12__CD_vs_HC,Monocyte (subtipo indeterminado),S100A12,CD_vs_HC,6.5529,0.0012628
Monocyte_(subtipo_indeterminado)__S100A8__CD_vs_HC,Monocyte (subtipo indeterminado),S100A8,CD_vs_HC,6.553,1.1213e-14
Monocyte_(subtipo_indeterminado)__SLAMF7__CD_vs_HC,Monocyte (subtipo indeterminado),SLAMF7,CD_vs_HC,1.1746,0.011707
Monocyte_(subtipo_indeterminado)__FAM129A__CD_vs_HC,Monocyte (subtipo indeterminado),FAM129A,CD_vs_HC,2.0853,0.016256
Monocyte_(subtipo_indeterminado)__PTGS2__CD_vs_HC,Monocyte (subtipo indeterminado),PTGS2,CD_vs_HC,1.8135,0.035212
Monocyte_(subtipo_indeterminado)__RGS1__CD_vs_HC,Monocyte (subtipo indeterminado),RGS1,CD_vs_HC,-1.6352,0.030142
Monocyte_(subtipo_indeterminado)__CD55__CD_vs_HC,Monocyte (subtipo indeterminado),CD55,CD_vs_HC,1.4582,0.016496
Monocyte_(subtipo_indeterminado)__G0S2__CD_vs_HC,Monocyte (subtipo indeterminado),G0S2,CD_vs_HC,3.5088,0.0040833
Monocyte_(subtipo_indeterminado)__NENF__CD_vs_HC,Monocyte (subtipo indeterminado),NENF,CD_vs_HC,-2.1581,0.045693
Monocyte_(subtipo_indeterminado)__GUK1__CD_vs_HC,Monocyte (subtipo indeterminado),GUK1,CD_vs_HC,1.0609,0.036155
Monocyte_(subtipo_indeterminado)__FAM49A__CD_vs_HC,Monocyte (subtipo indeterminado),FAM49A,CD_vs_HC,1.3574,0.0020954
Monocyte_(subtipo_indeterminado)__CDC42EP3__CD_vs_HC,Monocyte (subtipo indeterminado),CDC42EP3,CD_vs_HC,2.1036,0.0062899
Monocyte_(subtipo_indeterminado)__EML4__CD_vs_HC,Monocyte (subtipo indeterminado),EML4,CD_vs_HC,1.2304,0.0018078
Monocyte_(subtipo_indeterminado)__VRK2__CD_vs_HC,Monocyte (subtipo indeterminado),VRK2,CD_vs_HC,1.4776,0.039899
Monocyte_(subtipo_indeterminado)__PLEK__CD_vs_HC,Monocyte (subtipo indeterminado),PLEK,CD_vs_HC,1.6411,5.7779e-05
Monocyte_(subtipo_indeterminado)__MXD1__CD_vs_HC,Monocyte (subtipo indeterminado),MXD1,CD_vs_HC,1.6182,0.00086139
Monocyte_(subtipo_indeterminado)__MTHFD2__CD_vs_HC,Monocyte (subtipo indeterminado),MTHFD2,CD_vs_HC,1.37,3.5785e-05
Monocyte_(subtipo_indeterminado)__HK2__CD_vs_HC,Monocyte (subtipo indeterminado),HK2,CD_vs_HC,1.8367,0.038421
Monocyte_(subtipo_indeterminado)__CYTOR__CD_vs_HC,Monocyte (subtipo indeterminado),CYTOR,CD_vs_HC,1.0894,0.035212
Monocyte_(subtipo_indeterminado)__FABP1__CD_vs_HC,Monocyte (subtipo indeterminado),FABP1,CD_vs_HC,-2.2191,0.013879
Monocyte_(subtipo_indeterminado)__MIR4435-2HG__CD_vs_HC,Monocyte (subtipo indeterminado),MIR4435-2HG,CD_vs_HC,1.7342,0.020529
Monocyte_(subtipo_indeterminado)__IL1B__CD_vs_HC,Monocyte (subtipo indeterminado),IL1B,CD_vs_HC,2.5323,0.019105
Monocyte_(subtipo_indeterminado)__IL1RN__CD_vs_HC,Monocyte (subtipo indeterminado),IL1RN,CD_vs_HC,3.934,2.481e-06
Monocyte_(subtipo_indeterminado)__MARCO__CD_vs_HC,Monocyte (subtipo indeterminado),MARCO,CD_vs_HC,5.0592,0.048397
Monocyte_(subtipo_indeterminado)__KYNU__CD_vs_HC,Monocyte (subtipo indeterminado),KYNU,CD_vs_HC,2.2919,0.00063061
Monocyte_(subtipo_indeterminado)__TNFAIP6__CD_vs_HC,Monocyte (subtipo indeterminado),TNFAIP6,CD_vs_HC,6.395,1.1888e-05
Monocyte_(subtipo_indeterminado)__GCA__CD_vs_HC,Monocyte (subtipo indeterminado),GCA,CD_vs_HC,1.2563,0.0060086
Monocyte_(subtipo_indeterminado)__MAP3K20__CD_vs_HC,Monocyte (subtipo indeterminado),MAP3K20,CD_vs_HC,2.16,0.047681
Monocyte_(subtipo_indeterminado)__STAT1__CD_vs_HC,Monocyte (subtipo indeterminado),STAT1,CD_vs_HC,1.7168,0.017022
Monocyte_(subtipo_indeterminado)__SLC11A1__CD_vs_HC,Monocyte (subtipo indeterminado),SLC11A1,CD_vs_HC,4.2459,6.0849e-05
Monocyte_(subtipo_indeterminado)__CCL20__CD_vs_HC,Monocyte (subtipo indeterminado),CCL20,CD_vs_HC,5.3237,1.5121e-06
Monocyte_(subtipo_indeterminado)__ARL4C__CD_vs_HC,Monocyte (subtipo indeterminado),ARL4C,CD_vs_HC,-1.4143,0.045372
Monocyte_(subtipo_indeterminado)__IRAK2__CD_vs_HC,Monocyte (subtipo indeterminado),IRAK2,CD_vs_HC,1.8412,0.035538
Monocyte_(subtipo_indeterminado)__ANKRD28__CD_vs_HC,Monocyte (subtipo indeterminado),ANKRD28,CD_vs_HC,2.1727,0.013879
Monocyte_(subtipo_indeterminado)__LRRFIP2__CD_vs_HC,Monocyte (subtipo indeterminado),LRRFIP2,CD_vs_HC,1.972,0.0035716
Monocyte_(subtipo_indeterminado)__CCRL2__CD_vs_HC,Monocyte (subtipo indeterminado),CCRL2,CD_vs_HC,2.2963,4.8698e-05
Monocyte_(subtipo_indeterminado)__NISCH__CD_vs_HC,Monocyte (subtipo indeterminado),NISCH,CD_vs_HC,-2.235,1.5121e-06
Monocyte_(subtipo_indeterminado)__STAB1__CD_vs_HC,Monocyte (subtipo indeterminado),STAB1,CD_vs_HC,-1.7219,0.011266
Monocyte_(subtipo_indeterminado)__PARP9__CD_vs_HC,Monocyte (subtipo indeterminado),PARP9,CD_vs_HC,1.5624,0.023717
Monocyte_(subtipo_indeterminado)__PLSCR1__CD_vs_HC,Monocyte (subtipo indeterminado),PLSCR1,CD_vs_HC,1.5378,3.5785e-05
Monocyte_(subtipo_indeterminado)__FNDC3B__CD_vs_HC,Monocyte (subtipo indeterminado),FNDC3B,CD_vs_HC,1.4069,0.014813
Monocyte_(subtipo_indeterminado)__LAMP3__CD_vs_HC,Monocyte (subtipo indeterminado),LAMP3,CD_vs_HC,4.0694,0.0060086
Monocyte_(subtipo_indeterminado)__ABCC5__CD_vs_HC,Monocyte (subtipo indeterminado),ABCC5,CD_vs_HC,-2.2594,0.040801
Monocyte_(subtipo_indeterminado)__HES1__CD_vs_HC,Monocyte (subtipo indeterminado),HES1,CD_vs_HC,-2.0869,0.01676
Monocyte_(subtipo_indeterminado)__ATP13A3__CD_vs_HC,Monocyte (subtipo indeterminado),ATP13A3,CD_vs_HC,1.7171,0.0011255
Monocyte_(subtipo_indeterminado)__ZNF141__CD_vs_HC,Monocyte (subtipo indeterminado),ZNF141,CD_vs_HC,-1.9137,0.039183
Monocyte_(subtipo_indeterminado)__RGS12__CD_vs_HC,Monocyte (subtipo indeterminado),RGS12,CD_vs_HC,-1.8859,0.0036255
Monocyte_(subtipo_indeterminado)__LAP3__CD_vs_HC,Monocyte (subtipo indeterminado),LAP3,CD_vs_HC,1.5215,6.4534e-05
Monocyte_(subtipo_indeterminado)__CHIC2__CD_vs_HC,Monocyte (subtipo indeterminado),CHIC2,CD_vs_HC,2.3904,0.025589
Monocyte_(subtipo_indeterminado)__CXCL3__CD_vs_HC,Monocyte (subtipo indeterminado),CXCL3,CD_vs_HC,2.8739,0.02756
Monocyte_(subtipo_indeterminado)__EREG__CD_vs_HC,Monocyte (subtipo indeterminado),EREG,CD_vs_HC,3.4181,0.0011682
Monocyte_(subtipo_indeterminado)__FAM13A__CD_vs_HC,Monocyte (subtipo indeterminado),FAM13A,CD_vs_HC,-1.882,0.029258
Monocyte_(subtipo_indeterminado)__TET2__CD_vs_HC,Monocyte (subtipo indeterminado),TET2,CD_vs_HC,1.1418,0.017627
Monocyte_(subtipo_indeterminado)__TNIP3__CD_vs_HC,Monocyte (subtipo indeterminado),TNIP3,CD_vs_HC,3.7904,0.021412
Monocyte_(subtipo_indeterminado)__SLC7A11__CD_vs_HC,Monocyte (subtipo indeterminado),SLC7A11,CD_vs_HC,4.3758,0.0028879
Monocyte_(subtipo_indeterminado)__ZNF330__CD_vs_HC,Monocyte (subtipo indeterminado),ZNF330,CD_vs_HC,-1.1067,0.022909
Monocyte_(subtipo_indeterminado)__SMARCA5__CD_vs_HC,Monocyte (subtipo indeterminado),SMARCA5,CD_vs_HC,1.1413,0.006588
Monocyte_(subtipo_indeterminado)__TLR2__CD_vs_HC,Monocyte (subtipo indeterminado),TLR2,CD_vs_HC,1.3951,0.042627
Monocyte_(subtipo_indeterminado)__DDX60L__CD_vs_HC,Monocyte (subtipo indeterminado),DDX60L,CD_vs_HC,2.4121,0.030583
Monocyte_(subtipo_indeterminado)__ACSL1__CD_vs_HC,Monocyte (subtipo indeterminado),ACSL1,CD_vs_HC,2.6116,0.0029361
Monocyte_(subtipo_indeterminado)__ANKH__CD_vs_HC,Monocyte (subtipo indeterminado),ANKH,CD_vs_HC,-2.485,0.00017303
Monocyte_(subtipo_indeterminado)__BASP1__CD_vs_HC,Monocyte (subtipo indeterminado),BASP1,CD_vs_HC,2.4013,2.481e-06
Monocyte_(subtipo_indeterminado)__IL7R__CD_vs_HC,Monocyte (subtipo indeterminado),IL7R,CD_vs_HC,5.5427,2.0563e-06
Monocyte_(subtipo_indeterminado)__DAB2__CD_vs_HC,Monocyte (subtipo indeterminado),DAB2,CD_vs_HC,-1.6376,0.036301
Monocyte_(subtipo_indeterminado)__VCAN__CD_vs_HC,Monocyte (subtipo indeterminado),VCAN,CD_vs_HC,6.6141,2.0563e-06
Monocyte_(subtipo_indeterminado)__STARD4__CD_vs_HC,Monocyte (subtipo indeterminado),STARD4,CD_vs_HC,1.8675,0.035538
Monocyte_(subtipo_indeterminado)__TNFAIP8__CD_vs_HC,Monocyte (subtipo indeterminado),TNFAIP8,CD_vs_HC,1.9424,0.00026914
Monocyte_(subtipo_indeterminado)__LMNB1__CD_vs_HC,Monocyte (subtipo indeterminado),LMNB1,CD_vs_HC,2.5973,0.034375
Monocyte_(subtipo_indeterminado)__UBE2B__CD_vs_HC,Monocyte (subtipo indeterminado),UBE2B,CD_vs_HC,1.0527,0.01555
Monocyte_(subtipo_indeterminado)__ADAM19__CD_vs_HC,Monocyte (subtipo indeterminado),ADAM19,CD_vs_HC,2.3566,0.025589
Monocyte_(subtipo_indeterminado)__SERPINB1__CD_vs_HC,Monocyte (subtipo indeterminado),SERPINB1,CD_vs_HC,1.7351,2.7747e-05
Monocyte_(subtipo_indeterminado)__SERPINB9__CD_vs_HC,Monocyte (subtipo indeterminado),SERPINB9,CD_vs_HC,1.8209,1.1888e-05
Monocyte_(subtipo_indeterminado)__F13A1__CD_vs_HC,Monocyte (subtipo indeterminado),F13A1,CD_vs_HC,-2.3553,0.048636
Monocyte_(subtipo_indeterminado)__NOL7__CD_vs_HC,Monocyte (subtipo indeterminado),NOL7,CD_vs_HC,2.2081,0.0020518
Monocyte_(subtipo_indeterminado)__MYLIP__CD_vs_HC,Monocyte (subtipo indeterminado),MYLIP,CD_vs_HC,-1.3367,0.0013246
Monocyte_(subtipo_indeterminado)__RIPOR2__CD_vs_HC,Monocyte (subtipo indeterminado),RIPOR2,CD_vs_HC,2.0833,0.028329
Monocyte_(subtipo_indeterminado)__HLA-F__CD_vs_HC,Monocyte (subtipo indeterminado),HLA-F,CD_vs_HC,1.1365,0.015912
Monocyte_(subtipo_indeterminado)__TNF__CD_vs_HC,Monocyte (subtipo indeterminado),TNF,CD_vs_HC,2.3368,0.039183
Monocyte_(subtipo_indeterminado)__LTB__CD_vs_HC,Monocyte (subtipo indeterminado),LTB,CD_vs_HC,3.5005,0.016837
Monocyte_(subtipo_indeterminado)__TAP2__CD_vs_HC,Monocyte (subtipo indeterminado),TAP2,CD_vs_HC,1.3305,0.027151
Monocyte_(subtipo_indeterminado)__PSMB8__CD_vs_HC,Monocyte (subtipo indeterminado),PSMB8,CD_vs_HC,1.0969,0.01719
Monocyte_(subtipo_indeterminado)__PSMB9__CD_vs_HC,Monocyte (subtipo indeterminado),PSMB9,CD_vs_HC,1.3065,0.0084421
Monocyte_(subtipo_indeterminado)__TAP1__CD_vs_HC,Monocyte (subtipo indeterminado),TAP1,CD_vs_HC,2.0238,0.0011443
Monocyte_(subtipo_indeterminado)__PIM1__CD_vs_HC,Monocyte (subtipo indeterminado),PIM1,CD_vs_HC,2.2334,1.3124e-05
Monocyte_(subtipo_indeterminado)__TREM1__CD_vs_HC,Monocyte (subtipo indeterminado),TREM1,CD_vs_HC,2.1809,0.013879
Monocyte_(subtipo_indeterminado)__TNFRSF21__CD_vs_HC,Monocyte (subtipo indeterminado),TNFRSF21,CD_vs_HC,-1.744,0.0054904
Monocyte_(subtipo_indeterminado)__AKIRIN2__CD_vs_HC,Monocyte (subtipo indeterminado),AKIRIN2,CD_vs_HC,1.3126,0.0011776
Monocyte_(subtipo_indeterminado)__CASP8AP2__CD_vs_HC,Monocyte (subtipo indeterminado),CASP8AP2,CD_vs_HC,-1.5818,0.026839
Monocyte_(subtipo_indeterminado)__SOD2__CD_vs_HC,Monocyte (subtipo indeterminado),SOD2,CD_vs_HC,1.7466,0.0026293
Monocyte_(subtipo_indeterminado)__WTAP__CD_vs_HC,Monocyte (subtipo indeterminado),WTAP,CD_vs_HC,1.3455,0.046865
Monocyte_(subtipo_indeterminado)__RAC1__CD_vs_HC,Monocyte (subtipo indeterminado),RAC1,CD_vs_HC,-1.0687,0.029463
Monocyte_(subtipo_indeterminado)__SNX10__CD_vs_HC,Monocyte (subtipo indeterminado),SNX10,CD_vs_HC,1.9617,2.9322e-05
Monocyte_(subtipo_indeterminado)__RALA__CD_vs_HC,Monocyte (subtipo indeterminado),RALA,CD_vs_HC,2.1895,0.0016169
Monocyte_(subtipo_indeterminado)__INHBA__CD_vs_HC,Monocyte (subtipo indeterminado),INHBA,CD_vs_HC,4.5171,0.00015108
Monocyte_(subtipo_indeterminado)__MYO1G__CD_vs_HC,Monocyte (subtipo indeterminado),MYO1G,CD_vs_HC,2.3929,0.034375
Monocyte_(subtipo_indeterminado)__UPP1__CD_vs_HC,Monocyte (subtipo indeterminado),UPP1,CD_vs_HC,1.8342,0.004825
Monocyte_(subtipo_indeterminado)__BAZ1B__CD_vs_HC,Monocyte (subtipo indeterminado),BAZ1B,CD_vs_HC,-1.4161,0.0081125
Monocyte_(subtipo_indeterminado)__CLIP2__CD_vs_HC,Monocyte (subtipo indeterminado),CLIP2,CD_vs_HC,-1.4095,0.004825
Monocyte_(subtipo_indeterminado)__CD36__CD_vs_HC,Monocyte (subtipo indeterminado),CD36,CD_vs_HC,-1.0264,0.012573
Monocyte_(subtipo_indeterminado)__HILPDA__CD_vs_HC,Monocyte (subtipo indeterminado),HILPDA,CD_vs_HC,3.9867,0.044163
Monocyte_(subtipo_indeterminado)__AC016831.1__CD_vs_HC,Monocyte (subtipo indeterminado),AC016831.1,CD_vs_HC,1.7261,0.047681
Monocyte_(subtipo_indeterminado)__CLEC5A__CD_vs_HC,Monocyte (subtipo indeterminado),CLEC5A,CD_vs_HC,4.9796,0.007219
Monocyte_(subtipo_indeterminado)__CUL1__CD_vs_HC,Monocyte (subtipo indeterminado),CUL1,CD_vs_HC,1.4839,0.0072801
Monocyte_(subtipo_indeterminado)__IL3RA__CD_vs_HC,Monocyte (subtipo indeterminado),IL3RA,CD_vs_HC,2.3824,0.0069005
Monocyte_(subtipo_indeterminado)__GK__CD_vs_HC,Monocyte (subtipo indeterminado),GK,CD_vs_HC,2.4735,3.5928e-06
Monocyte_(subtipo_indeterminado)__TIMP1__CD_vs_HC,Monocyte (subtipo indeterminado),TIMP1,CD_vs_HC,2.7232,0.00026914
Monocyte_(subtipo_indeterminado)__VSIG4__CD_vs_HC,Monocyte (subtipo indeterminado),VSIG4,CD_vs_HC,-2.1041,0.0025933
Monocyte_(subtipo_indeterminado)__IL2RG__CD_vs_HC,Monocyte (subtipo indeterminado),IL2RG,CD_vs_HC,1.3103,0.03664
Monocyte_(subtipo_indeterminado)__BEX3__CD_vs_HC,Monocyte (subtipo indeterminado),BEX3,CD_vs_HC,-3.0341,0.006588
Monocyte_(subtipo_indeterminado)__TCEAL4__CD_vs_HC,Monocyte (subtipo indeterminado),TCEAL4,CD_vs_HC,-1.4762,0.01555
Monocyte_(subtipo_indeterminado)__TCEAL3__CD_vs_HC,Monocyte (subtipo indeterminado),TCEAL3,CD_vs_HC,-1.1642,0.038582
Monocyte_(subtipo_indeterminado)__ACSL4__CD_vs_HC,Monocyte (subtipo indeterminado),ACSL4,CD_vs_HC,1.387,0.014813
Monocyte_(subtipo_indeterminado)__STK26__CD_vs_HC,Monocyte (subtipo indeterminado),STK26,CD_vs_HC,3.0495,0.039899
Monocyte_(subtipo_indeterminado)__FLNA__CD_vs_HC,Monocyte (subtipo indeterminado),FLNA,CD_vs_HC,2.8256,0.017627
Monocyte_(subtipo_indeterminado)__CLN8__CD_vs_HC,Monocyte (subtipo indeterminado),CLN8,CD_vs_HC,-1.2701,0.038582
Monocyte_(subtipo_indeterminado)__IDO1__CD_vs_HC,Monocyte (subtipo indeterminado),IDO1,CD_vs_HC,4.8726,7.0913e-06
Monocyte_(subtipo_indeterminado)__AF117829.1__CD_vs_HC,Monocyte (subtipo indeterminado),AF117829.1,CD_vs_HC,2.5709,0.043927
Monocyte_(subtipo_indeterminado)__RIPK2__CD_vs_HC,Monocyte (subtipo indeterminado),RIPK2,CD_vs_HC,2.3666,2.2443e-05
Monocyte_(subtipo_indeterminado)__NBN__CD_vs_HC,Monocyte (subtipo indeterminado),NBN,CD_vs_HC,1.359,0.035206
Monocyte_(subtipo_indeterminado)__SDC2__CD_vs_HC,Monocyte (subtipo indeterminado),SDC2,CD_vs_HC,4.992,0.010425
Monocyte_(subtipo_indeterminado)__JAK2__CD_vs_HC,Monocyte (subtipo indeterminado),JAK2,CD_vs_HC,1.66,0.039899
Monocyte_(subtipo_indeterminado)__PLGRKT__CD_vs_HC,Monocyte (subtipo indeterminado),PLGRKT,CD_vs_HC,1.279,0.034916
Monocyte_(subtipo_indeterminado)__CD274__CD_vs_HC,Monocyte (subtipo indeterminado),CD274,CD_vs_HC,2.1952,0.017627
Monocyte_(subtipo_indeterminado)__MOB3B__CD_vs_HC,Monocyte (subtipo indeterminado),MOB3B,CD_vs_HC,1.933,0.013879
Monocyte_(subtipo_indeterminado)__GLIPR2__CD_vs_HC,Monocyte (subtipo indeterminado),GLIPR2,CD_vs_HC,1.7098,0.0015159
Monocyte_(subtipo_indeterminado)__NINJ1__CD_vs_HC,Monocyte (subtipo indeterminado),NINJ1,CD_vs_HC,1.1764,0.016256
Monocyte_(subtipo_indeterminado)__FBP1__CD_vs_HC,Monocyte (subtipo indeterminado),FBP1,CD_vs_HC,2.1661,0.040819
Monocyte_(subtipo_indeterminado)__TRIM14__CD_vs_HC,Monocyte (subtipo indeterminado),TRIM14,CD_vs_HC,-1.4995,0.0042833
Monocyte_(subtipo_indeterminado)__TGFBR1__CD_vs_HC,Monocyte (subtipo indeterminado),TGFBR1,CD_vs_HC,-1.4508,0.0090145
Monocyte_(subtipo_indeterminado)__SLC44A1__CD_vs_HC,Monocyte (subtipo indeterminado),SLC44A1,CD_vs_HC,1.8049,0.02547
Monocyte_(subtipo_indeterminado)__ARPC5L__CD_vs_HC,Monocyte (subtipo indeterminado),ARPC5L,CD_vs_HC,1.7565,0.03664
Monocyte_(subtipo_indeterminado)__SLC2A6__CD_vs_HC,Monocyte (subtipo indeterminado),SLC2A6,CD_vs_HC,2.4565,0.010649
Monocyte_(subtipo_indeterminado)__IRF7__CD_vs_HC,Monocyte (subtipo indeterminado),IRF7,CD_vs_HC,1.8145,0.048229
Monocyte_(subtipo_indeterminado)__AP2A2__CD_vs_HC,Monocyte (subtipo indeterminado),AP2A2,CD_vs_HC,-1.4342,7.9893e-05
Monocyte_(subtipo_indeterminado)__NRIP3__CD_vs_HC,Monocyte (subtipo indeterminado),NRIP3,CD_vs_HC,2.2612,0.02756
Monocyte_(subtipo_indeterminado)__LDHA__CD_vs_HC,Monocyte (subtipo indeterminado),LDHA,CD_vs_HC,1.5665,0.013879
Monocyte_(subtipo_indeterminado)__CD44__CD_vs_HC,Monocyte (subtipo indeterminado),CD44,CD_vs_HC,1.6203,0.0052154
Monocyte_(subtipo_indeterminado)__CRY2__CD_vs_HC,Monocyte (subtipo indeterminado),CRY2,CD_vs_HC,-1.9231,0.035206
Monocyte_(subtipo_indeterminado)__MS4A6A__CD_vs_HC,Monocyte (subtipo indeterminado),MS4A6A,CD_vs_HC,-1.208,0.034355
Monocyte_(subtipo_indeterminado)__TMEM138__CD_vs_HC,Monocyte (subtipo indeterminado),TMEM138,CD_vs_HC,-1.0407,0.047681
Monocyte_(subtipo_indeterminado)__FTH1__CD_vs_HC,Monocyte (subtipo indeterminado),FTH1,CD_vs_HC,1.7246,0.045604
Monocyte_(subtipo_indeterminado)__EHD1__CD_vs_HC,Monocyte (subtipo indeterminado),EHD1,CD_vs_HC,1.8672,0.03735
Monocyte_(subtipo_indeterminado)__NUMA1__CD_vs_HC,Monocyte (subtipo indeterminado),NUMA1,CD_vs_HC,-1.3325,0.0050962
Monocyte_(subtipo_indeterminado)__SMCO4__CD_vs_HC,Monocyte (subtipo indeterminado),SMCO4,CD_vs_HC,1.9266,0.0001291
Monocyte_(subtipo_indeterminado)__MMP10__CD_vs_HC,Monocyte (subtipo indeterminado),MMP10,CD_vs_HC,4.7579,0.047681
Monocyte_(subtipo_indeterminado)__CASP4__CD_vs_HC,Monocyte (subtipo indeterminado),CASP4,CD_vs_HC,1.1801,0.0028879
Monocyte_(subtipo_indeterminado)__CARD16__CD_vs_HC,Monocyte (subtipo indeterminado),CARD16,CD_vs_HC,1.086,0.042082
Monocyte_(subtipo_indeterminado)__C2CD2L__CD_vs_HC,Monocyte (subtipo indeterminado),C2CD2L,CD_vs_HC,-1.4855,0.022383
Monocyte_(subtipo_indeterminado)__ST14__CD_vs_HC,Monocyte (subtipo indeterminado),ST14,CD_vs_HC,-1.6189,0.00063061
Monocyte_(subtipo_indeterminado)__UBE2D1__CD_vs_HC,Monocyte (subtipo indeterminado),UBE2D1,CD_vs_HC,1.2043,0.00036664
Monocyte_(subtipo_indeterminado)__PPA1__CD_vs_HC,Monocyte (subtipo indeterminado),PPA1,CD_vs_HC,1.7735,0.045604
Monocyte_(subtipo_indeterminado)__PPIF__CD_vs_HC,Monocyte (subtipo indeterminado),PPIF,CD_vs_HC,1.276,0.042627
Monocyte_(subtipo_indeterminado)__ANKRD22__CD_vs_HC,Monocyte (subtipo indeterminado),ANKRD22,CD_vs_HC,4.4721,0.0018078
Monocyte_(subtipo_indeterminado)__IFIT2__CD_vs_HC,Monocyte (subtipo indeterminado),IFIT2,CD_vs_HC,3.44,0.0039099
Monocyte_(subtipo_indeterminado)__IFIT3__CD_vs_HC,Monocyte (subtipo indeterminado),IFIT3,CD_vs_HC,2.4048,0.025832
Monocyte_(subtipo_indeterminado)__HPS1__CD_vs_HC,Monocyte (subtipo indeterminado),HPS1,CD_vs_HC,-1.1096,0.017627
Monocyte_(subtipo_indeterminado)__ADAM8__CD_vs_HC,Monocyte (subtipo indeterminado),ADAM8,CD_vs_HC,2.2135,0.028501
Monocyte_(subtipo_indeterminado)__CLEC4A__CD_vs_HC,Monocyte (subtipo indeterminado),CLEC4A,CD_vs_HC,1.0742,0.047681
Monocyte_(subtipo_indeterminado)__CLEC4E__CD_vs_HC,Monocyte (subtipo indeterminado),CLEC4E,CD_vs_HC,4.1829,2.9322e-05
Monocyte_(subtipo_indeterminado)__EMP1__CD_vs_HC,Monocyte (subtipo indeterminado),EMP1,CD_vs_HC,3.5314,0.0059111
Monocyte_(subtipo_indeterminado)__ITGA5__CD_vs_HC,Monocyte (subtipo indeterminado),ITGA5,CD_vs_HC,1.601,0.049778
Monocyte_(subtipo_indeterminado)__IL23A__CD_vs_HC,Monocyte (subtipo indeterminado),IL23A,CD_vs_HC,5.0452,0.02756
Monocyte_(subtipo_indeterminado)__RAP1B__CD_vs_HC,Monocyte (subtipo indeterminado),RAP1B,CD_vs_HC,1.2064,0.0088757
Monocyte_(subtipo_indeterminado)__LTA4H__CD_vs_HC,Monocyte (subtipo indeterminado),LTA4H,CD_vs_HC,1.6371,0.0064596
Monocyte_(subtipo_indeterminado)__DRAM1__CD_vs_HC,Monocyte (subtipo indeterminado),DRAM1,CD_vs_HC,1.6772,0.0074129
Monocyte_(subtipo_indeterminado)__CKAP4__CD_vs_HC,Monocyte (subtipo indeterminado),CKAP4,CD_vs_HC,3.008,0.024169
Monocyte_(subtipo_indeterminado)__OASL__CD_vs_HC,Monocyte (subtipo indeterminado),OASL,CD_vs_HC,3.5801,0.020613
Monocyte_(subtipo_indeterminado)__HCAR3__CD_vs_HC,Monocyte (subtipo indeterminado),HCAR3,CD_vs_HC,2.4421,0.0038599
Monocyte_(subtipo_indeterminado)__MPHOSPH8__CD_vs_HC,Monocyte (subtipo indeterminado),MPHOSPH8,CD_vs_HC,-1.018,0.013879
Monocyte_(subtipo_indeterminado)__ZDHHC20__CD_vs_HC,Monocyte (subtipo indeterminado),ZDHHC20,CD_vs_HC,1.4917,0.040116
Monocyte_(subtipo_indeterminado)__SPATA13__CD_vs_HC,Monocyte (subtipo indeterminado),SPATA13,CD_vs_HC,1.9207,0.02756
Monocyte_(subtipo_indeterminado)__FLT1__CD_vs_HC,Monocyte (subtipo indeterminado),FLT1,CD_vs_HC,2.9388,0.039183
Monocyte_(subtipo_indeterminado)__LCP1__CD_vs_HC,Monocyte (subtipo indeterminado),LCP1,CD_vs_HC,1.0412,0.00095947
Monocyte_(subtipo_indeterminado)__LPAR6__CD_vs_HC,Monocyte (subtipo indeterminado),LPAR6,CD_vs_HC,-1.7318,0.016174
Monocyte_(subtipo_indeterminado)__ACOD1__CD_vs_HC,Monocyte (subtipo indeterminado),ACOD1,CD_vs_HC,6.555,0.016877
Monocyte_(subtipo_indeterminado)__RNASE6__CD_vs_HC,Monocyte (subtipo indeterminado),RNASE6,CD_vs_HC,-1.1647,0.013879
Monocyte_(subtipo_indeterminado)__BAZ1A__CD_vs_HC,Monocyte (subtipo indeterminado),BAZ1A,CD_vs_HC,1.4026,0.010649
Monocyte_(subtipo_indeterminado)__NFKBIA__CD_vs_HC,Monocyte (subtipo indeterminado),NFKBIA,CD_vs_HC,1.6192,0.042627
Monocyte_(subtipo_indeterminado)__AL133453.1__CD_vs_HC,Monocyte (subtipo indeterminado),AL133453.1,CD_vs_HC,3.0985,0.02261
Monocyte_(subtipo_indeterminado)__SIPA1L1__CD_vs_HC,Monocyte (subtipo indeterminado),SIPA1L1,CD_vs_HC,1.8056,0.0085987
Monocyte_(subtipo_indeterminado)__AC005280.2__CD_vs_HC,Monocyte (subtipo indeterminado),AC005280.2,CD_vs_HC,4.3984,0.020398
Monocyte_(subtipo_indeterminado)__CALM1__CD_vs_HC,Monocyte (subtipo indeterminado),CALM1,CD_vs_HC,1.0525,0.0219
Monocyte_(subtipo_indeterminado)__LGMN__CD_vs_HC,Monocyte (subtipo indeterminado),LGMN,CD_vs_HC,-2.0109,0.017627
Monocyte_(subtipo_indeterminado)__SERPINA1__CD_vs_HC,Monocyte (subtipo indeterminado),SERPINA1,CD_vs_HC,2.4473,0.00098667
Monocyte_(subtipo_indeterminado)__WARS__CD_vs_HC,Monocyte (subtipo indeterminado),WARS,CD_vs_HC,2.9708,4.032e-06
Monocyte_(subtipo_indeterminado)__TNFAIP2__CD_vs_HC,Monocyte (subtipo indeterminado),TNFAIP2,CD_vs_HC,1.0246,0.041667
Monocyte_(subtipo_indeterminado)__AKT1__CD_vs_HC,Monocyte (subtipo indeterminado),AKT1,CD_vs_HC,-1.3988,0.034578
Monocyte_(subtipo_indeterminado)__IGHG2__CD_vs_HC,Monocyte (subtipo indeterminado),IGHG2,CD_vs_HC,5.3129,3.171e-05
Monocyte_(subtipo_indeterminado)__IGHG1__CD_vs_HC,Monocyte (subtipo indeterminado),IGHG1,CD_vs_HC,3.4265,0.011402
Monocyte_(subtipo_indeterminado)__IGHG3__CD_vs_HC,Monocyte (subtipo indeterminado),IGHG3,CD_vs_HC,3.6895,0.038159
Monocyte_(subtipo_indeterminado)__MTMR10__CD_vs_HC,Monocyte (subtipo indeterminado),MTMR10,CD_vs_HC,-1.5552,0.007219
Monocyte_(subtipo_indeterminado)__C15orf48__CD_vs_HC,Monocyte (subtipo indeterminado),C15orf48,CD_vs_HC,4.3406,8.4764e-09
Monocyte_(subtipo_indeterminado)__MYO5A__CD_vs_HC,Monocyte (subtipo indeterminado),MYO5A,CD_vs_HC,-1.2773,0.034916
Monocyte_(subtipo_indeterminado)__AQP9__CD_vs_HC,Monocyte (subtipo indeterminado),AQP9,CD_vs_HC,5.4987,2.9023e-05
Monocyte_(subtipo_indeterminado)__HEXA__CD_vs_HC,Monocyte (subtipo indeterminado),HEXA,CD_vs_HC,-1.1531,0.019184
Monocyte_(subtipo_indeterminado)__SCAMP2__CD_vs_HC,Monocyte (subtipo indeterminado),SCAMP2,CD_vs_HC,-1.1006,0.0066989
Monocyte_(subtipo_indeterminado)__BCL2A1__CD_vs_HC,Monocyte (subtipo indeterminado),BCL2A1,CD_vs_HC,2.7322,3.1024e-05
Monocyte_(subtipo_indeterminado)__ISG20__CD_vs_HC,Monocyte (subtipo indeterminado),ISG20,CD_vs_HC,1.9092,0.014813
Monocyte_(subtipo_indeterminado)__HAPLN3__CD_vs_HC,Monocyte (subtipo indeterminado),HAPLN3,CD_vs_HC,2.1692,0.048535
Monocyte_(subtipo_indeterminado)__ANPEP__CD_vs_HC,Monocyte (subtipo indeterminado),ANPEP,CD_vs_HC,2.4275,0.006642
Monocyte_(subtipo_indeterminado)__SNX29__CD_vs_HC,Monocyte (subtipo indeterminado),SNX29,CD_vs_HC,-1.297,0.015912
Monocyte_(subtipo_indeterminado)__OTOA__CD_vs_HC,Monocyte (subtipo indeterminado),OTOA,CD_vs_HC,-2.8142,0.0026293
Monocyte_(subtipo_indeterminado)__ARHGAP17__CD_vs_HC,Monocyte (subtipo indeterminado),ARHGAP17,CD_vs_HC,-1.0194,0.038582
Monocyte_(subtipo_indeterminado)__SULT1A1__CD_vs_HC,Monocyte (subtipo indeterminado),SULT1A1,CD_vs_HC,-1.8921,0.0062899
Monocyte_(subtipo_indeterminado)__SNX20__CD_vs_HC,Monocyte (subtipo indeterminado),SNX20,CD_vs_HC,2.0781,0.022941
Monocyte_(subtipo_indeterminado)__MT2A__CD_vs_HC,Monocyte (subtipo indeterminado),MT2A,CD_vs_HC,2.6665,0.01388
Monocyte_(subtipo_indeterminado)__MT1E__CD_vs_HC,Monocyte (subtipo indeterminado),MT1E,CD_vs_HC,3.6156,0.017627
Monocyte_(subtipo_indeterminado)__SLC38A7__CD_vs_HC,Monocyte (subtipo indeterminado),SLC38A7,CD_vs_HC,-1.9237,0.047681
Monocyte_(subtipo_indeterminado)__CMTM3__CD_vs_HC,Monocyte (subtipo indeterminado),CMTM3,CD_vs_HC,-1.0429,0.044163
Monocyte_(subtipo_indeterminado)__PLA2G15__CD_vs_HC,Monocyte (subtipo indeterminado),PLA2G15,CD_vs_HC,-2.1084,0.018905
Monocyte_(subtipo_indeterminado)__ZFHX3__CD_vs_HC,Monocyte (subtipo indeterminado),ZFHX3,CD_vs_HC,-1.7362,0.0013246
Monocyte_(subtipo_indeterminado)__CLEC10A__CD_vs_HC,Monocyte (subtipo indeterminado),CLEC10A,CD_vs_HC,-1.3356,0.041018
Monocyte_(subtipo_indeterminado)__KDM6B__CD_vs_HC,Monocyte (subtipo indeterminado),KDM6B,CD_vs_HC,1.4581,0.046865
Monocyte_(subtipo_indeterminado)__ADAP2__CD_vs_HC,Monocyte (subtipo indeterminado),ADAP2,CD_vs_HC,-1.6217,0.013579
Monocyte_(subtipo_indeterminado)__CCL3__CD_vs_HC,Monocyte (subtipo indeterminado),CCL3,CD_vs_HC,2.0654,0.047369
Monocyte_(subtipo_indeterminado)__IGFBP4__CD_vs_HC,Monocyte (subtipo indeterminado),IGFBP4,CD_vs_HC,-2.8497,0.0014709
Monocyte_(subtipo_indeterminado)__SNF8__CD_vs_HC,Monocyte (subtipo indeterminado),SNF8,CD_vs_HC,1.3713,0.021629
Monocyte_(subtipo_indeterminado)__KCNJ2__CD_vs_HC,Monocyte (subtipo indeterminado),KCNJ2,CD_vs_HC,3.9012,0.0051655
Monocyte_(subtipo_indeterminado)__CD300E__CD_vs_HC,Monocyte (subtipo indeterminado),CD300E,CD_vs_HC,2.4979,0.0051655
Monocyte_(subtipo_indeterminado)__SPHK1__CD_vs_HC,Monocyte (subtipo indeterminado),SPHK1,CD_vs_HC,1.78,0.03306
Monocyte_(subtipo_indeterminado)__FOXK2__CD_vs_HC,Monocyte (subtipo indeterminado),FOXK2,CD_vs_HC,-1.7732,0.015081
Monocyte_(subtipo_indeterminado)__PTPN2__CD_vs_HC,Monocyte (subtipo indeterminado),PTPN2,CD_vs_HC,1.169,0.01555
Monocyte_(subtipo_indeterminado)__ME2__CD_vs_HC,Monocyte (subtipo indeterminado),ME2,CD_vs_HC,1.1015,0.025589
Monocyte_(subtipo_indeterminado)__SERPINB2__CD_vs_HC,Monocyte (subtipo indeterminado),SERPINB2,CD_vs_HC,5.4679,0.035212
Monocyte_(subtipo_indeterminado)__SIGLEC1__CD_vs_HC,Monocyte (subtipo indeterminado),SIGLEC1,CD_vs_HC,-1.8282,0.049778
Monocyte_(subtipo_indeterminado)__RASSF2__CD_vs_HC,Monocyte (subtipo indeterminado),RASSF2,CD_vs_HC,-1.1753,0.014813
Monocyte_(subtipo_indeterminado)__GPCPD1__CD_vs_HC,Monocyte (subtipo indeterminado),GPCPD1,CD_vs_HC,1.4412,0.00053416
Monocyte_(subtipo_indeterminado)__CPNE1__CD_vs_HC,Monocyte (subtipo indeterminado),CPNE1,CD_vs_HC,-1.1294,0.0070415
Monocyte_(subtipo_indeterminado)__TGM2__CD_vs_HC,Monocyte (subtipo indeterminado),TGM2,CD_vs_HC,3.3139,0.0065934
Monocyte_(subtipo_indeterminado)__CHD6__CD_vs_HC,Monocyte (subtipo indeterminado),CHD6,CD_vs_HC,-1.3966,0.004935
Monocyte_(subtipo_indeterminado)__CD40__CD_vs_HC,Monocyte (subtipo indeterminado),CD40,CD_vs_HC,1.5085,0.0041689
Monocyte_(subtipo_indeterminado)__RAE1__CD_vs_HC,Monocyte (subtipo indeterminado),RAE1,CD_vs_HC,-1.3335,0.025589
Monocyte_(subtipo_indeterminado)__GNAS__CD_vs_HC,Monocyte (subtipo indeterminado),GNAS,CD_vs_HC,-1.3554,1.5121e-06
Monocyte_(subtipo_indeterminado)__CTSZ__CD_vs_HC,Monocyte (subtipo indeterminado),CTSZ,CD_vs_HC,-1.1418,0.006588
Monocyte_(subtipo_indeterminado)__MCEMP1__CD_vs_HC,Monocyte (subtipo indeterminado),MCEMP1,CD_vs_HC,3.1817,0.044163
Monocyte_(subtipo_indeterminado)__ILF3-DT__CD_vs_HC,Monocyte (subtipo indeterminado),ILF3-DT,CD_vs_HC,-1.2277,0.041643
Monocyte_(subtipo_indeterminado)__TECR__CD_vs_HC,Monocyte (subtipo indeterminado),TECR,CD_vs_HC,-1.2943,0.0065934
Monocyte_(subtipo_indeterminado)__JAK3__CD_vs_HC,Monocyte (subtipo indeterminado),JAK3,CD_vs_HC,1.6808,0.041974
Monocyte_(subtipo_indeterminado)__PGPEP1__CD_vs_HC,Monocyte (subtipo indeterminado),PGPEP1,CD_vs_HC,-1.6101,0.016256
Monocyte_(subtipo_indeterminado)__KCNK6__CD_vs_HC,Monocyte (subtipo indeterminado),KCNK6,CD_vs_HC,-1.4286,0.048636
Monocyte_(subtipo_indeterminado)__PLD3__CD_vs_HC,Monocyte (subtipo indeterminado),PLD3,CD_vs_HC,-1.2614,0.014968
Monocyte_(subtipo_indeterminado)__IL4I1__CD_vs_HC,Monocyte (subtipo indeterminado),IL4I1,CD_vs_HC,4.6344,4.8698e-05
Monocyte_(subtipo_indeterminado)__ATF5__CD_vs_HC,Monocyte (subtipo indeterminado),ATF5,CD_vs_HC,1.1667,0.03735
Monocyte_(subtipo_indeterminado)__FPR1__CD_vs_HC,Monocyte (subtipo indeterminado),FPR1,CD_vs_HC,4.1454,1.6247e-05
Monocyte_(subtipo_indeterminado)__FPR2__CD_vs_HC,Monocyte (subtipo indeterminado),FPR2,CD_vs_HC,2.8352,0.047681
Monocyte_(subtipo_indeterminado)__LILRB2__CD_vs_HC,Monocyte (subtipo indeterminado),LILRB2,CD_vs_HC,1.1149,0.032745
Monocyte_(subtipo_indeterminado)__LILRA5__CD_vs_HC,Monocyte (subtipo indeterminado),LILRA5,CD_vs_HC,1.7645,0.0062899
Monocyte_(subtipo_indeterminado)__LILRB4__CD_vs_HC,Monocyte (subtipo indeterminado),LILRB4,CD_vs_HC,1.1747,0.022567
Monocyte_(subtipo_indeterminado)__AC245128.3__CD_vs_HC,Monocyte (subtipo indeterminado),AC245128.3,CD_vs_HC,4.7306,0.0021636
Monocyte_(subtipo_indeterminado)__BID__CD_vs_HC,Monocyte (subtipo indeterminado),BID,CD_vs_HC,1.2993,0.029349
Monocyte_(subtipo_indeterminado)__GGT5__CD_vs_HC,Monocyte (subtipo indeterminado),GGT5,CD_vs_HC,3.8931,0.0096333
Monocyte_(subtipo_indeterminado)__AP1B1__CD_vs_HC,Monocyte (subtipo indeterminado),AP1B1,CD_vs_HC,-1.6037,0.0021636
Monocyte_(subtipo_indeterminado)__APOL6__CD_vs_HC,Monocyte (subtipo indeterminado),APOL6,CD_vs_HC,1.6495,0.0011443
Monocyte_(subtipo_indeterminado)__CSF2RB__CD_vs_HC,Monocyte (subtipo indeterminado),CSF2RB,CD_vs_HC,1.892,0.00051729
Monocyte_(subtipo_indeterminado)__H1F0__CD_vs_HC,Monocyte (subtipo indeterminado),H1F0,CD_vs_HC,-1.599,0.013579
Monocyte_(subtipo_indeterminado)__CBX6__CD_vs_HC,Monocyte (subtipo indeterminado),CBX6,CD_vs_HC,1.1656,0.039899
Monocyte_(subtipo_indeterminado)__APOBEC3A__CD_vs_HC,Monocyte (subtipo indeterminado),APOBEC3A,CD_vs_HC,6.2006,2.3391e-05
Monocyte_(subtipo_indeterminado)__DESI1__CD_vs_HC,Monocyte (subtipo indeterminado),DESI1,CD_vs_HC,1.3207,0.014254
Monocyte_(subtipo_indeterminado)__CERK__CD_vs_HC,Monocyte (subtipo indeterminado),CERK,CD_vs_HC,-1.231,0.024482
Monocyte_(subtipo_indeterminado)__BTG3__CD_vs_HC,Monocyte (subtipo indeterminado),BTG3,CD_vs_HC,1.6641,0.048541
Monocyte_(subtipo_indeterminado)__MIR155HG__CD_vs_HC,Monocyte (subtipo indeterminado),MIR155HG,CD_vs_HC,3.2656,0.022112
Monocyte_(subtipo_indeterminado)__ITSN1__CD_vs_HC,Monocyte (subtipo indeterminado),ITSN1,CD_vs_HC,-1.6421,0.035212
Monocyte_(subtipo_indeterminado)__ABCG1__CD_vs_HC,Monocyte (subtipo indeterminado),ABCG1,CD_vs_HC,-1.4175,0.0096634
Monocyte_(subtipo_indeterminado)__CCND1__UC_vs_CD,Monocyte (subtipo indeterminado),CCND1,UC_vs_CD,-3.7217,0.00035451
N1__ZMAT3__UC_vs_CD,N1,ZMAT3,UC_vs_CD,-43.281,0
PC_IgA__TMEM52__UC_vs_HC,PC IgA,TMEM52,UC_vs_HC,-2.4824,0.0029856
PC_IgA__SLC2A5__UC_vs_HC,PC IgA,SLC2A5,UC_vs_HC,3.4195,2.0366e-05
PC_IgA__BX284668.5__UC_vs_HC,PC IgA,BX284668.5,UC_vs_HC,-2.9719,0.036341
PC_IgA__IFFO2__UC_vs_HC,PC IgA,IFFO2,UC_vs_HC,-1.3261,0.02406
PC_IgA__STMN1__UC_vs_HC,PC IgA,STMN1,UC_vs_HC,1.3838,0.039925
PC_IgA__SFN__UC_vs_HC,PC IgA,SFN,UC_vs_HC,-2.4249,0.019809
PC_IgA__SYNC__UC_vs_HC,PC IgA,SYNC,UC_vs_HC,1.1517,0.02585
PC_IgA__PABPC4__UC_vs_HC,PC IgA,PABPC4,UC_vs_HC,-1.0806,0.0039354
PC_IgA__COL9A2__UC_vs_HC,PC IgA,COL9A2,UC_vs_HC,-2.8023,5.6154e-05
PC_IgA__SMAP2__UC_vs_HC,PC IgA,SMAP2,UC_vs_HC,1.409,7.5577e-05
PC_IgA__GUCA2B__UC_vs_HC,PC IgA,GUCA2B,UC_vs_HC,-4.3244,0.016893
PC_IgA__GUCA2A__UC_vs_HC,PC IgA,GUCA2A,UC_vs_HC,-5.5036,0.0001
PC_IgA__MED8__UC_vs_HC,PC IgA,MED8,UC_vs_HC,1.0191,6.1689e-05
PC_IgA__ATP6V0B__UC_vs_HC,PC IgA,ATP6V0B,UC_vs_HC,1.0315,0.048859
PC_IgA__PLK3__UC_vs_HC,PC IgA,PLK3,UC_vs_HC,-1.2232,0.015239
PC_IgA__CDKN2C__UC_vs_HC,PC IgA,CDKN2C,UC_vs_HC,2.5581,6.4064e-16
PC_IgA__ECHDC2__UC_vs_HC,PC IgA,ECHDC2,UC_vs_HC,-1.6716,8.032e-05
PC_IgA__GLIS1__UC_vs_HC,PC IgA,GLIS1,UC_vs_HC,-3.4746,0.028401
PC_IgA__PATJ__UC_vs_HC,PC IgA,PATJ,UC_vs_HC,-1.6513,1.6015e-05
PC_IgA__TTLL7__UC_vs_HC,PC IgA,TTLL7,UC_vs_HC,-1.8145,0.0031419
PC_IgA__GNG5__UC_vs_HC,PC IgA,GNG5,UC_vs_HC,1.0348,0.0013094
PC_IgA__GBP5__UC_vs_HC,PC IgA,GBP5,UC_vs_HC,1.7855,0.00031717
PC_IgA__FNBP1L__UC_vs_HC,PC IgA,FNBP1L,UC_vs_HC,-2.0304,0.0079166
PC_IgA__CNN3__UC_vs_HC,PC IgA,CNN3,UC_vs_HC,-2.3955,0.032839
PC_IgA__DPYD__UC_vs_HC,PC IgA,DPYD,UC_vs_HC,-1.3847,0.034221
PC_IgA__CDC14A__UC_vs_HC,PC IgA,CDC14A,UC_vs_HC,-1.7345,0.027121
PC_IgA__SLC25A24__UC_vs_HC,PC IgA,SLC25A24,UC_vs_HC,-1.5143,0.020962
PC_IgA__SORT1__UC_vs_HC,PC IgA,SORT1,UC_vs_HC,-2.9711,0.002313
PC_IgA__CHI3L2__UC_vs_HC,PC IgA,CHI3L2,UC_vs_HC,2.2758,0.030427
PC_IgA__RHOC__UC_vs_HC,PC IgA,RHOC,UC_vs_HC,-1.4184,0.018232
PC_IgA__HIPK1__UC_vs_HC,PC IgA,HIPK1,UC_vs_HC,-1.0102,0.0048117
PC_IgA__DENND2C__UC_vs_HC,PC IgA,DENND2C,UC_vs_HC,-1.1218,0.0006202
PC_IgA__AMPD1__UC_vs_HC,PC IgA,AMPD1,UC_vs_HC,-1.6025,0.0013406
PC_IgA__AC239800.3__UC_vs_HC,PC IgA,AC239800.3,UC_vs_HC,-1.5009,0.014143
PC_IgA__AC245297.3__UC_vs_HC,PC IgA,AC245297.3,UC_vs_HC,-1.7545,9.0454e-09
PC_IgA__MCL1__UC_vs_HC,PC IgA,MCL1,UC_vs_HC,-1.192,0.0010142
PC_IgA__SELENBP1__UC_vs_HC,PC IgA,SELENBP1,UC_vs_HC,-4.3578,0.0013015
PC_IgA__S100A10__UC_vs_HC,PC IgA,S100A10,UC_vs_HC,-1.404,0.020294
PC_IgA__IL6R__UC_vs_HC,PC IgA,IL6R,UC_vs_HC,-1.1873,0.042426
PC_IgA__KCNN3__UC_vs_HC,PC IgA,KCNN3,UC_vs_HC,1.0677,0.0002035
PC_IgA__LMNA__UC_vs_HC,PC IgA,LMNA,UC_vs_HC,-2.7289,4.312e-08
PC_IgA__BGLAP__UC_vs_HC,PC IgA,BGLAP,UC_vs_HC,-4.2555,0.00053572
PC_IgA__PRCC__UC_vs_HC,PC IgA,PRCC,UC_vs_HC,1.2094,0.00084439
PC_IgA__ETV3__UC_vs_HC,PC IgA,ETV3,UC_vs_HC,-1.7643,0.0046585
PC_IgA__CD1D__UC_vs_HC,PC IgA,CD1D,UC_vs_HC,3.1849,0.00080452
PC_IgA__TAGLN2__UC_vs_HC,PC IgA,TAGLN2,UC_vs_HC,-1.3075,0.012095
PC_IgA__SLAMF6__UC_vs_HC,PC IgA,SLAMF6,UC_vs_HC,1.1709,0.032946
PC_IgA__CD48__UC_vs_HC,PC IgA,CD48,UC_vs_HC,-1.8413,4.6879e-05
PC_IgA__F11R__UC_vs_HC,PC IgA,F11R,UC_vs_HC,-1.1418,0.0085998
PC_IgA__FCGR2B__UC_vs_HC,PC IgA,FCGR2B,UC_vs_HC,1.3623,0.014753
PC_IgA__AL136987.1__UC_vs_HC,PC IgA,AL136987.1,UC_vs_HC,2.0799,0.0087863
PC_IgA__RGS2__UC_vs_HC,PC IgA,RGS2,UC_vs_HC,-1.0942,0.014737
PC_IgA__ASPM__UC_vs_HC,PC IgA,ASPM,UC_vs_HC,3.316,0.024953
PC_IgA__TMEM9__UC_vs_HC,PC IgA,TMEM9,UC_vs_HC,1.0919,3.8465e-05
PC_IgA__UBE2T__UC_vs_HC,PC IgA,UBE2T,UC_vs_HC,2.2648,0.010994
PC_IgA__LINC01353__UC_vs_HC,PC IgA,LINC01353,UC_vs_HC,3.1184,5.2483e-05
PC_IgA__LINC01136__UC_vs_HC,PC IgA,LINC01136,UC_vs_HC,1.86,0.00091605
PC_IgA__BTG2__UC_vs_HC,PC IgA,BTG2,UC_vs_HC,1.6057,5.6154e-05
PC_IgA__ATP2B4__UC_vs_HC,PC IgA,ATP2B4,UC_vs_HC,1.1816,0.036032
PC_IgA__MAPKAPK2__UC_vs_HC,PC IgA,MAPKAPK2,UC_vs_HC,1.1677,1.1884e-05
PC_IgA__FCMR__UC_vs_HC,PC IgA,FCMR,UC_vs_HC,-2.1344,0.0081545
PC_IgA__PIGR__UC_vs_HC,PC IgA,PIGR,UC_vs_HC,-1.8186,0.0074396
PC_IgA__GPR137B__UC_vs_HC,PC IgA,GPR137B,UC_vs_HC,2.3375,0.015044
PC_IgA__GRHL1__UC_vs_HC,PC IgA,GRHL1,UC_vs_HC,-1.3081,0.046494
PC_IgA__RRM2__UC_vs_HC,PC IgA,RRM2,UC_vs_HC,4.3862,0.046632
PC_IgA__TP53I3__UC_vs_HC,PC IgA,TP53I3,UC_vs_HC,1.1958,0.0040337
PC_IgA__FOSL2__UC_vs_HC,PC IgA,FOSL2,UC_vs_HC,-1.6086,0.019726
PC_IgA__LBH__UC_vs_HC,PC IgA,LBH,UC_vs_HC,-1.4413,0.0054831
PC_IgA__CRIM1__UC_vs_HC,PC IgA,CRIM1,UC_vs_HC,-3.2255,0.0021512
PC_IgA__EPCAM__UC_vs_HC,PC IgA,EPCAM,UC_vs_HC,-2.3644,0.020176
PC_IgA__NRXN1__UC_vs_HC,PC IgA,NRXN1,UC_vs_HC,-3.7276,0.009038
PC_IgA__SERTAD2__UC_vs_HC,PC IgA,SERTAD2,UC_vs_HC,-1.03,0.0031304
PC_IgA__TRABD2A__UC_vs_HC,PC IgA,TRABD2A,UC_vs_HC,-2.8515,9.689e-05
PC_IgA__RGPD2__UC_vs_HC,PC IgA,RGPD2,UC_vs_HC,-2.5735,0.017594
PC_IgA__FABP1__UC_vs_HC,PC IgA,FABP1,UC_vs_HC,-4.9281,9.6122e-19
PC_IgA__AC062029.1__UC_vs_HC,PC IgA,AC062029.1,UC_vs_HC,1.2576,0.0045758
PC_IgA__IGKV2D-28__UC_vs_HC,PC IgA,IGKV2D-28,UC_vs_HC,1.7392,0.04051
PC_IgA__IGKV3D-20__UC_vs_HC,PC IgA,IGKV3D-20,UC_vs_HC,2.0136,0.0086043
PC_IgA__ARID5A__UC_vs_HC,PC IgA,ARID5A,UC_vs_HC,-1.6601,0.00018337
PC_IgA__NPHP1__UC_vs_HC,PC IgA,NPHP1,UC_vs_HC,-3.4585,0.020002
PC_IgA__BUB1__UC_vs_HC,PC IgA,BUB1,UC_vs_HC,2.7235,0.023195
PC_IgA__ACOXL__UC_vs_HC,PC IgA,ACOXL,UC_vs_HC,1.4091,0.03483
PC_IgA__CCDC93__UC_vs_HC,PC IgA,CCDC93,UC_vs_HC,-1.0851,0.0092084
PC_IgA__CXCR4__UC_vs_HC,PC IgA,CXCR4,UC_vs_HC,1.6277,0.024953
PC_IgA__KYNU__UC_vs_HC,PC IgA,KYNU,UC_vs_HC,-3.4861,0.00020068
PC_IgA__LYPD6B__UC_vs_HC,PC IgA,LYPD6B,UC_vs_HC,-1.3807,0.01184
PC_IgA__NEB__UC_vs_HC,PC IgA,NEB,UC_vs_HC,2.6109,0.034941
PC_IgA__FMNL2__UC_vs_HC,PC IgA,FMNL2,UC_vs_HC,-2.4461,0.012957
PC_IgA__ACVR1C__UC_vs_HC,PC IgA,ACVR1C,UC_vs_HC,-1.8324,0.035647
PC_IgA__AC009961.1__UC_vs_HC,PC IgA,AC009961.1,UC_vs_HC,2.2648,0.03657
PC_IgA__SCN9A__UC_vs_HC,PC IgA,SCN9A,UC_vs_HC,-3.1934,0.020843
PC_IgA__FASTKD1__UC_vs_HC,PC IgA,FASTKD1,UC_vs_HC,1.4805,3.3353e-06
PC_IgA__WIPF1__UC_vs_HC,PC IgA,WIPF1,UC_vs_HC,-1.1501,0.0010351
PC_IgA__LINC01934__UC_vs_HC,PC IgA,LINC01934,UC_vs_HC,-2.5465,6.1227e-05
PC_IgA__LINC01473__UC_vs_HC,PC IgA,LINC01473,UC_vs_HC,-1.6698,0.021763
PC_IgA__SLC40A1__UC_vs_HC,PC IgA,SLC40A1,UC_vs_HC,-2.404,0.0021839
PC_IgA__STAT4__UC_vs_HC,PC IgA,STAT4,UC_vs_HC,-2.4564,0.00038306
PC_IgA__PGAP1__UC_vs_HC,PC IgA,PGAP1,UC_vs_HC,-4.7696,0.00033521
PC_IgA__SERPINE2__UC_vs_HC,PC IgA,SERPINE2,UC_vs_HC,-3.8994,0.02585
PC_IgA__THUMPD3-AS1__UC_vs_HC,PC IgA,THUMPD3-AS1,UC_vs_HC,-1.0045,0.0089466
PC_IgA__IRAK2__UC_vs_HC,PC IgA,IRAK2,UC_vs_HC,-1.1724,0.045503
PC_IgA__TMEM43__UC_vs_HC,PC IgA,TMEM43,UC_vs_HC,-1.4439,0.012957
PC_IgA__AC093495.1__UC_vs_HC,PC IgA,AC093495.1,UC_vs_HC,-2.7474,0.0030237
PC_IgA__SATB1__UC_vs_HC,PC IgA,SATB1,UC_vs_HC,-3.7621,0.001451
PC_IgA__UBE2E1__UC_vs_HC,PC IgA,UBE2E1,UC_vs_HC,-1.0071,0.0056025
PC_IgA__CSRNP1__UC_vs_HC,PC IgA,CSRNP1,UC_vs_HC,-1.6587,0.0021839
PC_IgA__ULK4__UC_vs_HC,PC IgA,ULK4,UC_vs_HC,-1.4753,0.037148
PC_IgA__LINC00877__UC_vs_HC,PC IgA,LINC00877,UC_vs_HC,1.6101,0.045503
PC_IgA__ARL13B__UC_vs_HC,PC IgA,ARL13B,UC_vs_HC,-1.4002,0.011651
PC_IgA__ST3GAL6__UC_vs_HC,PC IgA,ST3GAL6,UC_vs_HC,-1.9842,0.0077446
PC_IgA__CIP2A__UC_vs_HC,PC IgA,CIP2A,UC_vs_HC,1.3026,0.027259
PC_IgA__C3orf52__UC_vs_HC,PC IgA,C3orf52,UC_vs_HC,-1.3676,0.0095033
PC_IgA__SIDT1-AS1__UC_vs_HC,PC IgA,SIDT1-AS1,UC_vs_HC,-1.7082,0.035737
PC_IgA__H1FX-AS1__UC_vs_HC,PC IgA,H1FX-AS1,UC_vs_HC,-1.4461,0.0031304
PC_IgA__MSL2__UC_vs_HC,PC IgA,MSL2,UC_vs_HC,-1.2048,0.006976
PC_IgA__RBP1__UC_vs_HC,PC IgA,RBP1,UC_vs_HC,-3.1771,0.0068893
PC_IgA__MLF1__UC_vs_HC,PC IgA,MLF1,UC_vs_HC,-2.7063,0.0070896
PC_IgA__SERPINI1__UC_vs_HC,PC IgA,SERPINI1,UC_vs_HC,1.3705,0.016374
PC_IgA__ALG3__UC_vs_HC,PC IgA,ALG3,UC_vs_HC,1.1104,0.012272
PC_IgA__EEF1AKMT4__UC_vs_HC,PC IgA,EEF1AKMT4,UC_vs_HC,1.6854,0.00087916
PC_IgA__ST6GAL1__UC_vs_HC,PC IgA,ST6GAL1,UC_vs_HC,1.2527,2.5846e-05
PC_IgA__BCL6__UC_vs_HC,PC IgA,BCL6,UC_vs_HC,1.8812,0.023834
PC_IgA__TPRG1__UC_vs_HC,PC IgA,TPRG1,UC_vs_HC,3.7202,0.0079094
PC_IgA__FGFRL1__UC_vs_HC,PC IgA,FGFRL1,UC_vs_HC,-1.5161,0.00019096
PC_IgA__CD38__UC_vs_HC,PC IgA,CD38,UC_vs_HC,1.3692,3.8552e-05
PC_IgA__TBC1D19__UC_vs_HC,PC IgA,TBC1D19,UC_vs_HC,-2.0098,0.010871
PC_IgA__STIM2__UC_vs_HC,PC IgA,STIM2,UC_vs_HC,1.0802,7.343e-06
PC_IgA__UCHL1__UC_vs_HC,PC IgA,UCHL1,UC_vs_HC,-1.5206,0.0080688
PC_IgA__ATP8A1__UC_vs_HC,PC IgA,ATP8A1,UC_vs_HC,-1.0482,0.028242
PC_IgA__SPINK2__UC_vs_HC,PC IgA,SPINK2,UC_vs_HC,-2.4019,0.0036965
PC_IgA__MOB1B__UC_vs_HC,PC IgA,MOB1B,UC_vs_HC,-1.8807,0.0035865
PC_IgA__BMP2K__UC_vs_HC,PC IgA,BMP2K,UC_vs_HC,1.2999,0.028242
PC_IgA__ABRAXAS1__UC_vs_HC,PC IgA,ABRAXAS1,UC_vs_HC,-1.3917,0.0052857
PC_IgA__FAM13A__UC_vs_HC,PC IgA,FAM13A,UC_vs_HC,-1.1428,0.042161
PC_IgA__ARHGEF38__UC_vs_HC,PC IgA,ARHGEF38,UC_vs_HC,-4.77,0.019726
PC_IgA__UGT8__UC_vs_HC,PC IgA,UGT8,UC_vs_HC,-2.465,0.008994
PC_IgA__PDE5A__UC_vs_HC,PC IgA,PDE5A,UC_vs_HC,-2.3387,0.035688
PC_IgA__MAD2L1__UC_vs_HC,PC IgA,MAD2L1,UC_vs_HC,1.6061,0.023708
PC_IgA__SPRY1__UC_vs_HC,PC IgA,SPRY1,UC_vs_HC,-2.5049,0.015239
PC_IgA__TMEM154__UC_vs_HC,PC IgA,TMEM154,UC_vs_HC,-1.5034,0.00065807
PC_IgA__FNIP2__UC_vs_HC,PC IgA,FNIP2,UC_vs_HC,-1.6618,0.023341
PC_IgA__RAPGEF2__UC_vs_HC,PC IgA,RAPGEF2,UC_vs_HC,-1.7262,0.017048
PC_IgA__KLHL2__UC_vs_HC,PC IgA,KLHL2,UC_vs_HC,-2.0001,0.019699
PC_IgA__SPCS3__UC_vs_HC,PC IgA,SPCS3,UC_vs_HC,1.065,0.00014447
PC_IgA__PDLIM3__UC_vs_HC,PC IgA,PDLIM3,UC_vs_HC,-2.8734,0.0099402
PC_IgA__TPPP__UC_vs_HC,PC IgA,TPPP,UC_vs_HC,-5.5977,8.0807e-06
PC_IgA__AC025171.3__UC_vs_HC,PC IgA,AC025171.3,UC_vs_HC,-1.3012,0.0043703
PC_IgA__PARP8__UC_vs_HC,PC IgA,PARP8,UC_vs_HC,-2.1874,1.3741e-05
PC_IgA__PLPP1__UC_vs_HC,PC IgA,PLPP1,UC_vs_HC,-1.4355,0.0093685
PC_IgA__SERINC5__UC_vs_HC,PC IgA,SERINC5,UC_vs_HC,-1.5754,0.038459
PC_IgA__SSBP2__UC_vs_HC,PC IgA,SSBP2,UC_vs_HC,-1.4215,0.015835
PC_IgA__RHOBTB3__UC_vs_HC,PC IgA,RHOBTB3,UC_vs_HC,-2.2458,0.00015912
PC_IgA__GLRX__UC_vs_HC,PC IgA,GLRX,UC_vs_HC,1.2499,4.1855e-10
PC_IgA__MCC__UC_vs_HC,PC IgA,MCC,UC_vs_HC,-1.3242,0.046032
PC_IgA__KIF3A__UC_vs_HC,PC IgA,KIF3A,UC_vs_HC,-1.3662,0.0083588
PC_IgA__CCNI2__UC_vs_HC,PC IgA,CCNI2,UC_vs_HC,-2.4745,0.0035275
PC_IgA__SEPT8__UC_vs_HC,PC IgA,SEPT8,UC_vs_HC,-1.9472,0.00049483
PC_IgA__JADE2__UC_vs_HC,PC IgA,JADE2,UC_vs_HC,-1.2824,0.0023148
PC_IgA__SMAD5-AS1__UC_vs_HC,PC IgA,SMAD5-AS1,UC_vs_HC,2.9269,0.023301
PC_IgA__MZB1__UC_vs_HC,PC IgA,MZB1,UC_vs_HC,1.0971,1.0778e-10
PC_IgA__GM2A__UC_vs_HC,PC IgA,GM2A,UC_vs_HC,1.2939,0.00034935
PC_IgA__SPARC__UC_vs_HC,PC IgA,SPARC,UC_vs_HC,-1.6217,0.007736
PC_IgA__PTTG1__UC_vs_HC,PC IgA,PTTG1,UC_vs_HC,1.9869,7.8564e-08
PC_IgA__HMMR__UC_vs_HC,PC IgA,HMMR,UC_vs_HC,1.8008,0.014157
PC_IgA__DUSP1__UC_vs_HC,PC IgA,DUSP1,UC_vs_HC,-1.4523,0.036641
PC_IgA__LINC01484__UC_vs_HC,PC IgA,LINC01484,UC_vs_HC,2.1119,0.035607
PC_IgA__LINC01485__UC_vs_HC,PC IgA,LINC01485,UC_vs_HC,1.7993,0.011514
PC_IgA__CPEB4__UC_vs_HC,PC IgA,CPEB4,UC_vs_HC,1.0007,0.0050107
PC_IgA__SFXN1__UC_vs_HC,PC IgA,SFXN1,UC_vs_HC,1.1542,0.01213
PC_IgA__SERPINB6__UC_vs_HC,PC IgA,SERPINB6,UC_vs_HC,-2.1116,4.28e-08
PC_IgA__TUBB2A__UC_vs_HC,PC IgA,TUBB2A,UC_vs_HC,-1.7258,0.007109
PC_IgA__DSP__UC_vs_HC,PC IgA,DSP,UC_vs_HC,-4.6148,0.00034448
PC_IgA__BMP6__UC_vs_HC,PC IgA,BMP6,UC_vs_HC,-1.383,0.0072266
PC_IgA__ACOT13__UC_vs_HC,PC IgA,ACOT13,UC_vs_HC,1.0691,8.9269e-07
PC_IgA__HIST1H1C__UC_vs_HC,PC IgA,HIST1H1C,UC_vs_HC,1.2136,0.034778
PC_IgA__HIST1H2BF__UC_vs_HC,PC IgA,HIST1H2BF,UC_vs_HC,2.2269,0.013473
PC_IgA__HIST1H2BG__UC_vs_HC,PC IgA,HIST1H2BG,UC_vs_HC,1.016,0.026965
PC_IgA__HIST1H1D__UC_vs_HC,PC IgA,HIST1H1D,UC_vs_HC,1.7971,0.037149
PC_IgA__HIST1H4H__UC_vs_HC,PC IgA,HIST1H4H,UC_vs_HC,1.2741,0.00017084
PC_IgA__HIST1H2BJ__UC_vs_HC,PC IgA,HIST1H2BJ,UC_vs_HC,1.6289,0.0018821
PC_IgA__HIST1H2AG__UC_vs_HC,PC IgA,HIST1H2AG,UC_vs_HC,1.4281,0.038083
PC_IgA__HIST1H3H__UC_vs_HC,PC IgA,HIST1H3H,UC_vs_HC,2.097,0.012954
PC_IgA__HIST1H1B__UC_vs_HC,PC IgA,HIST1H1B,UC_vs_HC,2.5239,0.046632
PC_IgA__TRIM31__UC_vs_HC,PC IgA,TRIM31,UC_vs_HC,-4.4662,0.048013
PC_IgA__HCG18__UC_vs_HC,PC IgA,HCG18,UC_vs_HC,-1.4275,0.026778
PC_IgA__TRIM39__UC_vs_HC,PC IgA,TRIM39,UC_vs_HC,-1.4735,0.0058813
PC_IgA__IER3-AS1__UC_vs_HC,PC IgA,IER3-AS1,UC_vs_HC,1.8091,0.0026879
PC_IgA__APOM__UC_vs_HC,PC IgA,APOM,UC_vs_HC,1.0913,0.0017422
PC_IgA__C6orf48__UC_vs_HC,PC IgA,C6orf48,UC_vs_HC,-1.2086,0.043052
PC_IgA__HLA-DMA__UC_vs_HC,PC IgA,HLA-DMA,UC_vs_HC,1.4904,7.9047e-09
PC_IgA__UQCC2__UC_vs_HC,PC IgA,UQCC2,UC_vs_HC,1.0769,2.0767e-06
PC_IgA__ETV7__UC_vs_HC,PC IgA,ETV7,UC_vs_HC,1.961,0.0053083
PC_IgA__BTBD9__UC_vs_HC,PC IgA,BTBD9,UC_vs_HC,-1.7142,0.045272
PC_IgA__PTCRA__UC_vs_HC,PC IgA,PTCRA,UC_vs_HC,-3.697,6.4854e-06
PC_IgA__SRF__UC_vs_HC,PC IgA,SRF,UC_vs_HC,1.3394,0.0021512
PC_IgA__DST__UC_vs_HC,PC IgA,DST,UC_vs_HC,-1.0021,0.034946
PC_IgA__MYO6__UC_vs_HC,PC IgA,MYO6,UC_vs_HC,-1.2702,0.0053083
PC_IgA__TENT5A__UC_vs_HC,PC IgA,TENT5A,UC_vs_HC,-2.1274,0.033977
PC_IgA__DOPEY1__UC_vs_HC,PC IgA,DOPEY1,UC_vs_HC,-1.0852,0.047633
PC_IgA__RRAGD__UC_vs_HC,PC IgA,RRAGD,UC_vs_HC,-1.4942,0.011584
PC_IgA__CRYBG1__UC_vs_HC,PC IgA,CRYBG1,UC_vs_HC,-2.9102,2.0366e-05
PC_IgA__ARMC2__UC_vs_HC,PC IgA,ARMC2,UC_vs_HC,-1.7534,0.003632
PC_IgA__TBC1D32__UC_vs_HC,PC IgA,TBC1D32,UC_vs_HC,-2.2307,0.0064707
PC_IgA__L3MBTL3__UC_vs_HC,PC IgA,L3MBTL3,UC_vs_HC,-3.8553,9.501e-05
PC_IgA__EPB41L2__UC_vs_HC,PC IgA,EPB41L2,UC_vs_HC,-1.5441,0.01184
PC_IgA__MOXD1__UC_vs_HC,PC IgA,MOXD1,UC_vs_HC,-1.3347,0.02775
PC_IgA__MAP7__UC_vs_HC,PC IgA,MAP7,UC_vs_HC,-1.583,0.0054304
PC_IgA__MAP3K5__UC_vs_HC,PC IgA,MAP3K5,UC_vs_HC,-1.754,0.00016966
PC_IgA__ARFGEF3__UC_vs_HC,PC IgA,ARFGEF3,UC_vs_HC,-2.6108,2.8223e-05
PC_IgA__PLAGL1__UC_vs_HC,PC IgA,PLAGL1,UC_vs_HC,-1.9899,0.00081959
PC_IgA__ARMT1__UC_vs_HC,PC IgA,ARMT1,UC_vs_HC,1.0047,0.0082947
PC_IgA__TIAM2__UC_vs_HC,PC IgA,TIAM2,UC_vs_HC,-1.5695,0.048395
PC_IgA__SYTL3__UC_vs_HC,PC IgA,SYTL3,UC_vs_HC,-1.4646,0.026778
PC_IgA__EZR__UC_vs_HC,PC IgA,EZR,UC_vs_HC,-1.6455,0.049587
PC_IgA__MAFK__UC_vs_HC,PC IgA,MAFK,UC_vs_HC,-1.5285,0.0022281
PC_IgA__ELFN1-AS1__UC_vs_HC,PC IgA,ELFN1-AS1,UC_vs_HC,2.186,1.6015e-05
PC_IgA__CARD11__UC_vs_HC,PC IgA,CARD11,UC_vs_HC,-2.3489,0.011052
PC_IgA__ARL4A__UC_vs_HC,PC IgA,ARL4A,UC_vs_HC,-1.7445,0.0024177
PC_IgA__CPVL__UC_vs_HC,PC IgA,CPVL,UC_vs_HC,-2.3671,0.0074985
PC_IgA__PGAM2__UC_vs_HC,PC IgA,PGAM2,UC_vs_HC,-2.8081,6.212e-07
PC_IgA__AEBP1__UC_vs_HC,PC IgA,AEBP1,UC_vs_HC,-2.737,2.1197e-05
PC_IgA__KCTD7__UC_vs_HC,PC IgA,KCTD7,UC_vs_HC,-1.6078,0.021591
PC_IgA__AC006480.2__UC_vs_HC,PC IgA,AC006480.2,UC_vs_HC,-1.5415,0.021087
PC_IgA__STX1A__UC_vs_HC,PC IgA,STX1A,UC_vs_HC,-3.1688,0.040454
PC_IgA__CLDN3__UC_vs_HC,PC IgA,CLDN3,UC_vs_HC,-2.8558,0.040896
PC_IgA__CLDN4__UC_vs_HC,PC IgA,CLDN4,UC_vs_HC,-3.2401,8.1302e-05
PC_IgA__ZP3__UC_vs_HC,PC IgA,ZP3,UC_vs_HC,-2.537,0.028242
PC_IgA__FGL2__UC_vs_HC,PC IgA,FGL2,UC_vs_HC,-1.8284,0.038092
PC_IgA__NPTX2__UC_vs_HC,PC IgA,NPTX2,UC_vs_HC,-3.6617,0.0077446
PC_IgA__SYPL1__UC_vs_HC,PC IgA,SYPL1,UC_vs_HC,-1.1391,0.00016966
PC_IgA__SLC26A3__UC_vs_HC,PC IgA,SLC26A3,UC_vs_HC,-3.5582,0.0042133
PC_IgA__CAV1__UC_vs_HC,PC IgA,CAV1,UC_vs_HC,1.2211,0.046228
PC_IgA__CADPS2__UC_vs_HC,PC IgA,CADPS2,UC_vs_HC,-1.5861,0.029725
PC_IgA__SMKR1__UC_vs_HC,PC IgA,SMKR1,UC_vs_HC,-3.1582,0.0031981
PC_IgA__AGBL3__UC_vs_HC,PC IgA,AGBL3,UC_vs_HC,-1.131,0.046103
PC_IgA__TBXAS1__UC_vs_HC,PC IgA,TBXAS1,UC_vs_HC,1.2559,0.027029
PC_IgA__PARP12__UC_vs_HC,PC IgA,PARP12,UC_vs_HC,-1.286,0.045892
PC_IgA__LINC00996__UC_vs_HC,PC IgA,LINC00996,UC_vs_HC,-2.2876,2.4622e-09
PC_IgA__TMEM176B__UC_vs_HC,PC IgA,TMEM176B,UC_vs_HC,-2.759,0.046103
PC_IgA__TMEM176A__UC_vs_HC,PC IgA,TMEM176A,UC_vs_HC,-3.6614,0.012234
PC_IgA__AGAP3__UC_vs_HC,PC IgA,AGAP3,UC_vs_HC,-1.5703,0.034768
PC_IgA__PAXIP1-AS2__UC_vs_HC,PC IgA,PAXIP1-AS2,UC_vs_HC,-2.8804,0.030153
PC_IgA__RBM33__UC_vs_HC,PC IgA,RBM33,UC_vs_HC,1.3675,0.00016966
PC_IgA__PNPLA4__UC_vs_HC,PC IgA,PNPLA4,UC_vs_HC,1.4046,0.00060071
PC_IgA__MSL3__UC_vs_HC,PC IgA,MSL3,UC_vs_HC,1.1886,0.014842
PC_IgA__OFD1__UC_vs_HC,PC IgA,OFD1,UC_vs_HC,-1.2957,4.2157e-05
PC_IgA__CA5B__UC_vs_HC,PC IgA,CA5B,UC_vs_HC,-1.4,0.019998
PC_IgA__MIR222HG__UC_vs_HC,PC IgA,MIR222HG,UC_vs_HC,-2.0341,0.022321
PC_IgA__RP2__UC_vs_HC,PC IgA,RP2,UC_vs_HC,-1.368,0.03988
PC_IgA__TIMP1__UC_vs_HC,PC IgA,TIMP1,UC_vs_HC,-2.1192,0.0015761
PC_IgA__IQSEC2__UC_vs_HC,PC IgA,IQSEC2,UC_vs_HC,-1.8957,0.0073214
PC_IgA__MTRNR2L10__UC_vs_HC,PC IgA,MTRNR2L10,UC_vs_HC,-2.2937,0.002313
PC_IgA__EFNB1__UC_vs_HC,PC IgA,EFNB1,UC_vs_HC,-3.0705,0.02403
PC_IgA__CXCR3__UC_vs_HC,PC IgA,CXCR3,UC_vs_HC,1.5645,0.011072
PC_IgA__RLIM__UC_vs_HC,PC IgA,RLIM,UC_vs_HC,-1.13,0.015534
PC_IgA__NEXMIF__UC_vs_HC,PC IgA,NEXMIF,UC_vs_HC,-3.0206,0.0085182
PC_IgA__ARMCX1__UC_vs_HC,PC IgA,ARMCX1,UC_vs_HC,-3.1405,0.01701
PC_IgA__ARMCX2__UC_vs_HC,PC IgA,ARMCX2,UC_vs_HC,-1.3148,0.038426
PC_IgA__ZMAT1__UC_vs_HC,PC IgA,ZMAT1,UC_vs_HC,-1.9757,5.1598e-05
PC_IgA__TCEAL2__UC_vs_HC,PC IgA,TCEAL2,UC_vs_HC,-3.7735,0.018732
PC_IgA__SERTM2__UC_vs_HC,PC IgA,SERTM2,UC_vs_HC,-4.9489,0.012622
PC_IgA__RAB33A__UC_vs_HC,PC IgA,RAB33A,UC_vs_HC,-1.4058,0.0056742
PC_IgA__FHL1__UC_vs_HC,PC IgA,FHL1,UC_vs_HC,-2.6013,0.00028991
PC_IgA__LINC00893__UC_vs_HC,PC IgA,LINC00893,UC_vs_HC,-1.0265,0.033032
PC_IgA__HMGB3__UC_vs_HC,PC IgA,HMGB3,UC_vs_HC,2.0644,0.00035256
PC_IgA__MTUS1__UC_vs_HC,PC IgA,MTUS1,UC_vs_HC,-2.4213,2.7213e-05
PC_IgA__PCM1__UC_vs_HC,PC IgA,PCM1,UC_vs_HC,-1.2982,0.001127
PC_IgA__DOK2__UC_vs_HC,PC IgA,DOK2,UC_vs_HC,-1.7433,0.020892
PC_IgA__DUSP26__UC_vs_HC,PC IgA,DUSP26,UC_vs_HC,-1.6867,3.0251e-05
PC_IgA__RAB11FIP1__UC_vs_HC,PC IgA,RAB11FIP1,UC_vs_HC,-1.7546,0.0029856
PC_IgA__FGFR1__UC_vs_HC,PC IgA,FGFR1,UC_vs_HC,-3.1442,0.040236
PC_IgA__ANK1__UC_vs_HC,PC IgA,ANK1,UC_vs_HC,-1.6745,0.027121
PC_IgA__HGSNAT__UC_vs_HC,PC IgA,HGSNAT,UC_vs_HC,-1.6245,0.00012811
PC_IgA__GGH__UC_vs_HC,PC IgA,GGH,UC_vs_HC,1.3491,0.001743
PC_IgA__LY96__UC_vs_HC,PC IgA,LY96,UC_vs_HC,1.1286,2.5575e-06
PC_IgA__ZBTB10__UC_vs_HC,PC IgA,ZBTB10,UC_vs_HC,-2.9475,1.0128e-06
PC_IgA__CA1__UC_vs_HC,PC IgA,CA1,UC_vs_HC,-5.5094,0.0063945
PC_IgA__C8orf88__UC_vs_HC,PC IgA,C8orf88,UC_vs_HC,-1.7539,0.044269
PC_IgA__TMEM67__UC_vs_HC,PC IgA,TMEM67,UC_vs_HC,-2.0791,0.012954
PC_IgA__GEM__UC_vs_HC,PC IgA,GEM,UC_vs_HC,-2.2526,0.012272
PC_IgA__NDUFAF6__UC_vs_HC,PC IgA,NDUFAF6,UC_vs_HC,2.6494,6.1307e-07
PC_IgA__TP53INP1__UC_vs_HC,PC IgA,TP53INP1,UC_vs_HC,1.0915,0.00077749
PC_IgA__OSR2__UC_vs_HC,PC IgA,OSR2,UC_vs_HC,-2.748,0.0026132
PC_IgA__PKHD1L1__UC_vs_HC,PC IgA,PKHD1L1,UC_vs_HC,1.0911,0.0025708
PC_IgA__DEPTOR__UC_vs_HC,PC IgA,DEPTOR,UC_vs_HC,-2.5249,4.1538e-05
PC_IgA__DERL1__UC_vs_HC,PC IgA,DERL1,UC_vs_HC,1.0188,0.0033038
PC_IgA__SLA__UC_vs_HC,PC IgA,SLA,UC_vs_HC,1.1423,0.049752
PC_IgA__MLLT3__UC_vs_HC,PC IgA,MLLT3,UC_vs_HC,-1.0911,0.00049907
PC_IgA__OSTF1__UC_vs_HC,PC IgA,OSTF1,UC_vs_HC,1.048,7.89e-07
PC_IgA__TLE1__UC_vs_HC,PC IgA,TLE1,UC_vs_HC,2.2655,5.1567e-07
PC_IgA__DAPK1__UC_vs_HC,PC IgA,DAPK1,UC_vs_HC,-2.0836,0.0022677
PC_IgA__CTSL__UC_vs_HC,PC IgA,CTSL,UC_vs_HC,-2.0036,0.011043
PC_IgA__CKS2__UC_vs_HC,PC IgA,CKS2,UC_vs_HC,1.0274,0.015831
PC_IgA__NR4A3__UC_vs_HC,PC IgA,NR4A3,UC_vs_HC,-1.9822,0.0003552
PC_IgA__NIPSNAP3B__UC_vs_HC,PC IgA,NIPSNAP3B,UC_vs_HC,-1.574,0.01974
PC_IgA__KLF4__UC_vs_HC,PC IgA,KLF4,UC_vs_HC,-5.2541,4.1855e-10
PC_IgA__AKNA__UC_vs_HC,PC IgA,AKNA,UC_vs_HC,-1.2175,0.00014273
PC_IgA__WHRN__UC_vs_HC,PC IgA,WHRN,UC_vs_HC,-2.0842,0.0031304
PC_IgA__TNFSF8__UC_vs_HC,PC IgA,TNFSF8,UC_vs_HC,4.6021,0.012817
PC_IgA__TNC__UC_vs_HC,PC IgA,TNC,UC_vs_HC,-3.2162,0.018049
PC_IgA__STOM__UC_vs_HC,PC IgA,STOM,UC_vs_HC,-1.4258,0.0028581
PC_IgA__ZBTB43__UC_vs_HC,PC IgA,ZBTB43,UC_vs_HC,-1.1329,0.032206
PC_IgA__AL441992.1__UC_vs_HC,PC IgA,AL441992.1,UC_vs_HC,2.4527,1.0778e-10
PC_IgA__ASS1__UC_vs_HC,PC IgA,ASS1,UC_vs_HC,-1.2074,0.019773
PC_IgA__RALGDS__UC_vs_HC,PC IgA,RALGDS,UC_vs_HC,-1.5488,0.0067893
PC_IgA__MRPS2__UC_vs_HC,PC IgA,MRPS2,UC_vs_HC,1.7945,0.0045758
PC_IgA__PHPT1__UC_vs_HC,PC IgA,PHPT1,UC_vs_HC,1.1582,4.262e-08
PC_IgA__ANO9__UC_vs_HC,PC IgA,ANO9,UC_vs_HC,-1.7974,0.00014447
PC_IgA__KCNQ1__UC_vs_HC,PC IgA,KCNQ1,UC_vs_HC,-1.3039,0.048013
PC_IgA__KCNQ1OT1__UC_vs_HC,PC IgA,KCNQ1OT1,UC_vs_HC,-1.1196,0.010072
PC_IgA__FAM160A2__UC_vs_HC,PC IgA,FAM160A2,UC_vs_HC,-1.0145,0.012067
PC_IgA__RIC3__UC_vs_HC,PC IgA,RIC3,UC_vs_HC,-1.2915,1.6202e-07
PC_IgA__SBF2__UC_vs_HC,PC IgA,SBF2,UC_vs_HC,-1.0213,0.048395
PC_IgA__PDE3B__UC_vs_HC,PC IgA,PDE3B,UC_vs_HC,-2.1843,0.04314
PC_IgA__AC103736.1__UC_vs_HC,PC IgA,AC103736.1,UC_vs_HC,-2.1401,0.0097479
PC_IgA__DDB2__UC_vs_HC,PC IgA,DDB2,UC_vs_HC,1.484,0.0072266
PC_IgA__YPEL4__UC_vs_HC,PC IgA,YPEL4,UC_vs_HC,-2.9244,0.046032
PC_IgA__AHNAK__UC_vs_HC,PC IgA,AHNAK,UC_vs_HC,-1.9877,0.0010768
PC_IgA__RARRES3__UC_vs_HC,PC IgA,RARRES3,UC_vs_HC,-1.3168,0.0086043
PC_IgA__TIGD3__UC_vs_HC,PC IgA,TIGD3,UC_vs_HC,-2.0286,0.042515
PC_IgA__FAM89B__UC_vs_HC,PC IgA,FAM89B,UC_vs_HC,1.3201,0.014157
PC_IgA__FOSL1__UC_vs_HC,PC IgA,FOSL1,UC_vs_HC,-2.4972,0.024707
PC_IgA__YIF1A__UC_vs_HC,PC IgA,YIF1A,UC_vs_HC,1.2463,0.022131
PC_IgA__CTSF__UC_vs_HC,PC IgA,CTSF,UC_vs_HC,-1.8584,0.03542
PC_IgA__GSTP1__UC_vs_HC,PC IgA,GSTP1,UC_vs_HC,1.1355,0.0023091
PC_IgA__ANKRD42__UC_vs_HC,PC IgA,ANKRD42,UC_vs_HC,-1.0522,0.049823
PC_IgA__ENDOD1__UC_vs_HC,PC IgA,ENDOD1,UC_vs_HC,-1.9552,0.033032
PC_IgA__TIMM8B__UC_vs_HC,PC IgA,TIMM8B,UC_vs_HC,1.2385,1.5882e-06
PC_IgA__NXPE4__UC_vs_HC,PC IgA,NXPE4,UC_vs_HC,-2.2062,0.026422
PC_IgA__CADM1__UC_vs_HC,PC IgA,CADM1,UC_vs_HC,2.2446,1.6727e-07
PC_IgA__VWA5A__UC_vs_HC,PC IgA,VWA5A,UC_vs_HC,2.1742,0.00052905
PC_IgA__ITIH5__UC_vs_HC,PC IgA,ITIH5,UC_vs_HC,-4.3675,0.02976
PC_IgA__VIM-AS1__UC_vs_HC,PC IgA,VIM-AS1,UC_vs_HC,-1.9493,0.0027095
PC_IgA__BAMBI__UC_vs_HC,PC IgA,BAMBI,UC_vs_HC,-2.6105,0.034768
PC_IgA__DEPP1__UC_vs_HC,PC IgA,DEPP1,UC_vs_HC,4.5603,0.0043703
PC_IgA__ALOX5__UC_vs_HC,PC IgA,ALOX5,UC_vs_HC,-1.9863,0.00060071
PC_IgA__PALD1__UC_vs_HC,PC IgA,PALD1,UC_vs_HC,-3.1747,0.038361
PC_IgA__VCL__UC_vs_HC,PC IgA,VCL,UC_vs_HC,-1.5636,0.010398
PC_IgA__FAM213A__UC_vs_HC,PC IgA,FAM213A,UC_vs_HC,-2.0989,6.3682e-05
PC_IgA__RRP12__UC_vs_HC,PC IgA,RRP12,UC_vs_HC,-1.5805,6.9318e-05
PC_IgA__MKI67__UC_vs_HC,PC IgA,MKI67,UC_vs_HC,3.4506,0.018924
PC_IgA__C10orf143__UC_vs_HC,PC IgA,C10orf143,UC_vs_HC,-1.157,0.02456
PC_IgA__FUOM__UC_vs_HC,PC IgA,FUOM,UC_vs_HC,1.2961,1.1551e-07
PC_IgA__CCND2__UC_vs_HC,PC IgA,CCND2,UC_vs_HC,2.9908,3.1761e-16
PC_IgA__CD9__UC_vs_HC,PC IgA,CD9,UC_vs_HC,-1.9036,0.00037497
PC_IgA__LTBR__UC_vs_HC,PC IgA,LTBR,UC_vs_HC,-2.6559,0.0048507
PC_IgA__LINC00937__UC_vs_HC,PC IgA,LINC00937,UC_vs_HC,-2.9153,0.012957
PC_IgA__CD69__UC_vs_HC,PC IgA,CD69,UC_vs_HC,-2.0686,0.00049577
PC_IgA__AC091814.1__UC_vs_HC,PC IgA,AC091814.1,UC_vs_HC,2.3103,0.036248
PC_IgA__GABARAPL1__UC_vs_HC,PC IgA,GABARAPL1,UC_vs_HC,-1.6561,0.00087515
PC_IgA__YBX3__UC_vs_HC,PC IgA,YBX3,UC_vs_HC,-1.5662,0.022131
PC_IgA__GPRC5D__UC_vs_HC,PC IgA,GPRC5D,UC_vs_HC,-2.4248,0.0015037
PC_IgA__ARNTL2__UC_vs_HC,PC IgA,ARNTL2,UC_vs_HC,-2.8809,0.0011948
PC_IgA__FAR2__UC_vs_HC,PC IgA,FAR2,UC_vs_HC,-2.4311,0.0089466
PC_IgA__PKP2__UC_vs_HC,PC IgA,PKP2,UC_vs_HC,-1.9973,0.0029856
PC_IgA__RAPGEF3__UC_vs_HC,PC IgA,RAPGEF3,UC_vs_HC,-1.6816,0.00057598
PC_IgA__TUBA1A__UC_vs_HC,PC IgA,TUBA1A,UC_vs_HC,-2.513,0.00164
PC_IgA__TMBIM6__UC_vs_HC,PC IgA,TMBIM6,UC_vs_HC,1.1782,3.9076e-07
PC_IgA__NCKAP5L__UC_vs_HC,PC IgA,NCKAP5L,UC_vs_HC,-2.5911,0.039345
PC_IgA__KRT8__UC_vs_HC,PC IgA,KRT8,UC_vs_HC,-2.227,4.5298e-07
PC_IgA__ITGB7__UC_vs_HC,PC IgA,ITGB7,UC_vs_HC,-1.0408,0.0080971
PC_IgA__HNRNPA1__UC_vs_HC,PC IgA,HNRNPA1,UC_vs_HC,-1.0304,0.018808
PC_IgA__IL23A__UC_vs_HC,PC IgA,IL23A,UC_vs_HC,-3.18,1.0567e-06
PC_IgA__LRP1__UC_vs_HC,PC IgA,LRP1,UC_vs_HC,-1.6548,0.041812
PC_IgA__MDM2__UC_vs_HC,PC IgA,MDM2,UC_vs_HC,1.1287,0.012843
PC_IgA__SYT1__UC_vs_HC,PC IgA,SYT1,UC_vs_HC,-2.6923,0.0006069
PC_IgA__PAWR__UC_vs_HC,PC IgA,PAWR,UC_vs_HC,-1.394,0.017048
PC_IgA__DUSP6__UC_vs_HC,PC IgA,DUSP6,UC_vs_HC,-1.5609,0.00069086
PC_IgA__BTG1__UC_vs_HC,PC IgA,BTG1,UC_vs_HC,-1.263,0.033032
PC_IgA__PLEKHG7__UC_vs_HC,PC IgA,PLEKHG7,UC_vs_HC,-2.2194,0.036782
PC_IgA__TMCC3__UC_vs_HC,PC IgA,TMCC3,UC_vs_HC,-2.2701,4.7722e-05
PC_IgA__WASHC3__UC_vs_HC,PC IgA,WASHC3,UC_vs_HC,1.1021,2.739e-09
PC_IgA__PARPBP__UC_vs_HC,PC IgA,PARPBP,UC_vs_HC,1.6804,0.036341
PC_IgA__EID3__UC_vs_HC,PC IgA,EID3,UC_vs_HC,-1.531,0.0046585
PC_IgA__SELPLG__UC_vs_HC,PC IgA,SELPLG,UC_vs_HC,1.409,2.0579e-06
PC_IgA__ACACB__UC_vs_HC,PC IgA,ACACB,UC_vs_HC,-1.3386,0.023001
PC_IgA__FAM222A__UC_vs_HC,PC IgA,FAM222A,UC_vs_HC,-2.9524,0.04505
PC_IgA__TCTN1__UC_vs_HC,PC IgA,TCTN1,UC_vs_HC,-1.22,0.0087863
PC_IgA__HVCN1__UC_vs_HC,PC IgA,HVCN1,UC_vs_HC,-1.8633,2.0366e-05
PC_IgA__BRI3BP__UC_vs_HC,PC IgA,BRI3BP,UC_vs_HC,1.3395,0.0080688
PC_IgA__SPART__UC_vs_HC,PC IgA,SPART,UC_vs_HC,-2.2757,0.00012428
PC_IgA__MRPS31__UC_vs_HC,PC IgA,MRPS31,UC_vs_HC,1.0408,0.00011072
PC_IgA__LCP1__UC_vs_HC,PC IgA,LCP1,UC_vs_HC,1.8644,1.056e-06
PC_IgA__CKAP2__UC_vs_HC,PC IgA,CKAP2,UC_vs_HC,1.4154,0.0021438
PC_IgA__PCDH9__UC_vs_HC,PC IgA,PCDH9,UC_vs_HC,-3.2113,0.032946
PC_IgA__KLF5__UC_vs_HC,PC IgA,KLF5,UC_vs_HC,-2.1336,0.042214
PC_IgA__ABCC4__UC_vs_HC,PC IgA,ABCC4,UC_vs_HC,2.1883,0.00074199
PC_IgA__GPR183__UC_vs_HC,PC IgA,GPR183,UC_vs_HC,1.8657,0.00086759
PC_IgA__MCF2L__UC_vs_HC,PC IgA,MCF2L,UC_vs_HC,-3.3968,0.0053083
PC_IgA__RNASE6__UC_vs_HC,PC IgA,RNASE6,UC_vs_HC,2.1815,6.9424e-10
PC_IgA__SLC22A17__UC_vs_HC,PC IgA,SLC22A17,UC_vs_HC,-2.1506,0.0095134
PC_IgA__PSME2__UC_vs_HC,PC IgA,PSME2,UC_vs_HC,1.1909,1.2729e-06
PC_IgA__GZMB__UC_vs_HC,PC IgA,GZMB,UC_vs_HC,2.6601,0.0029007
PC_IgA__ARHGAP5__UC_vs_HC,PC IgA,ARHGAP5,UC_vs_HC,-1.7079,5.8417e-05
PC_IgA__AKAP6__UC_vs_HC,PC IgA,AKAP6,UC_vs_HC,-3.0598,0.012161
PC_IgA__SAV1__UC_vs_HC,PC IgA,SAV1,UC_vs_HC,-1.6311,0.037452
PC_IgA__FRMD6__UC_vs_HC,PC IgA,FRMD6,UC_vs_HC,-1.4785,0.012843
PC_IgA__FRMD6-AS1__UC_vs_HC,PC IgA,FRMD6-AS1,UC_vs_HC,-1.4128,0.040879
PC_IgA__PTGER2__UC_vs_HC,PC IgA,PTGER2,UC_vs_HC,-4.1945,0.031999
PC_IgA__CDKN3__UC_vs_HC,PC IgA,CDKN3,UC_vs_HC,1.705,0.00233
PC_IgA__SAMD4A__UC_vs_HC,PC IgA,SAMD4A,UC_vs_HC,-3.195,0.007912
PC_IgA__GCH1__UC_vs_HC,PC IgA,GCH1,UC_vs_HC,-2.2167,6.777e-05
PC_IgA__ARG2__UC_vs_HC,PC IgA,ARG2,UC_vs_HC,-2.216,0.026422
PC_IgA__SMOC1__UC_vs_HC,PC IgA,SMOC1,UC_vs_HC,-2.7084,0.00036648
PC_IgA__PNMA1__UC_vs_HC,PC IgA,PNMA1,UC_vs_HC,-2.1591,0.0013128
PC_IgA__ELMSAN1__UC_vs_HC,PC IgA,ELMSAN1,UC_vs_HC,-1.6428,0.0011948
PC_IgA__FOS__UC_vs_HC,PC IgA,FOS,UC_vs_HC,-1.1252,0.025788
PC_IgA__LINC02328__UC_vs_HC,PC IgA,LINC02328,UC_vs_HC,-3.0945,0.0029007
PC_IgA__RPS6KA5__UC_vs_HC,PC IgA,RPS6KA5,UC_vs_HC,-1.1814,0.002865
PC_IgA__IFI27L1__UC_vs_HC,PC IgA,IFI27L1,UC_vs_HC,1.4585,7.8564e-08
PC_IgA__CLMN__UC_vs_HC,PC IgA,CLMN,UC_vs_HC,-1.5169,0.0012973
PC_IgA__AL133467.1__UC_vs_HC,PC IgA,AL133467.1,UC_vs_HC,1.1227,0.023912
PC_IgA__CYP46A1__UC_vs_HC,PC IgA,CYP46A1,UC_vs_HC,-1.845,0.046494
PC_IgA__EVL__UC_vs_HC,PC IgA,EVL,UC_vs_HC,-2.3663,4.5472e-08
PC_IgA__GPR132__UC_vs_HC,PC IgA,GPR132,UC_vs_HC,-1.7504,0.025126
PC_IgA__CRIP1__UC_vs_HC,PC IgA,CRIP1,UC_vs_HC,-1.9558,0.0038897
PC_IgA__IGHG4__UC_vs_HC,PC IgA,IGHG4,UC_vs_HC,6.221,0.00040275
PC_IgA__IGHG1__UC_vs_HC,PC IgA,IGHG1,UC_vs_HC,2.4794,0.0067893
PC_IgA__IGHG3__UC_vs_HC,PC IgA,IGHG3,UC_vs_HC,5.8897,0.00053487
PC_IgA__IGHV3-20__UC_vs_HC,PC IgA,IGHV3-20,UC_vs_HC,1.6983,0.012433
PC_IgA__IGHV1-24__UC_vs_HC,PC IgA,IGHV1-24,UC_vs_HC,3.1841,1.2301e-10
PC_IgA__IGHV1-69__UC_vs_HC,PC IgA,IGHV1-69,UC_vs_HC,2.4509,0.013274
PC_IgA__IGHV2-70D__UC_vs_HC,PC IgA,IGHV2-70D,UC_vs_HC,2.7241,0.026172
PC_IgA__IGHV2-70__UC_vs_HC,PC IgA,IGHV2-70,UC_vs_HC,4.6407,0.00016338
PC_IgA__AC012236.1__UC_vs_HC,PC IgA,AC012236.1,UC_vs_HC,2.3479,1.6031e-10
PC_IgA__C15orf53__UC_vs_HC,PC IgA,C15orf53,UC_vs_HC,2.4641,3.4764e-05
PC_IgA__GPR176__UC_vs_HC,PC IgA,GPR176,UC_vs_HC,-3.2905,0.00044611
PC_IgA__PHGR1__UC_vs_HC,PC IgA,PHGR1,UC_vs_HC,-3.0629,0.0052985
PC_IgA__KNL1__UC_vs_HC,PC IgA,KNL1,UC_vs_HC,2.386,0.040183
PC_IgA__NUSAP1__UC_vs_HC,PC IgA,NUSAP1,UC_vs_HC,2.6923,0.0019145
PC_IgA__STARD9__UC_vs_HC,PC IgA,STARD9,UC_vs_HC,-2.4191,0.0026132
PC_IgA__TMEM62__UC_vs_HC,PC IgA,TMEM62,UC_vs_HC,-1.49,0.0031304
PC_IgA__LYSMD2__UC_vs_HC,PC IgA,LYSMD2,UC_vs_HC,-3.2244,0.021763
PC_IgA__MNS1__UC_vs_HC,PC IgA,MNS1,UC_vs_HC,-1.6054,0.045082
PC_IgA__AC073167.1__UC_vs_HC,PC IgA,AC073167.1,UC_vs_HC,3.728,0.037148
PC_IgA__PLEKHO2__UC_vs_HC,PC IgA,PLEKHO2,UC_vs_HC,-1.647,0.013989
PC_IgA__ODF3L1__UC_vs_HC,PC IgA,ODF3L1,UC_vs_HC,-2.967,0.0038666
PC_IgA__CTSH__UC_vs_HC,PC IgA,CTSH,UC_vs_HC,1.3073,0.0013114
PC_IgA__STARD5__UC_vs_HC,PC IgA,STARD5,UC_vs_HC,1.1238,0.00039328
PC_IgA__HOMER2__UC_vs_HC,PC IgA,HOMER2,UC_vs_HC,-1.6219,0.0094162
PC_IgA__ABHD2__UC_vs_HC,PC IgA,ABHD2,UC_vs_HC,-1.0143,0.049497
PC_IgA__BAIAP3__UC_vs_HC,PC IgA,BAIAP3,UC_vs_HC,-3.6772,1.1884e-05
PC_IgA__CORO7__UC_vs_HC,PC IgA,CORO7,UC_vs_HC,-1.689,2.1017e-05
PC_IgA__NPIPB5__UC_vs_HC,PC IgA,NPIPB5,UC_vs_HC,-1.4283,0.00033397
PC_IgA__AQP8__UC_vs_HC,PC IgA,AQP8,UC_vs_HC,-5.595,6.1227e-05
PC_IgA__IL21R__UC_vs_HC,PC IgA,IL21R,UC_vs_HC,1.0462,0.045272
PC_IgA__SPN__UC_vs_HC,PC IgA,SPN,UC_vs_HC,-1.8469,1.7451e-05
PC_IgA__ZG16__UC_vs_HC,PC IgA,ZG16,UC_vs_HC,-3.4311,0.0017666
PC_IgA__ZNF629__UC_vs_HC,PC IgA,ZNF629,UC_vs_HC,-2.8926,0.015835
PC_IgA__SHCBP1__UC_vs_HC,PC IgA,SHCBP1,UC_vs_HC,2.416,0.0010058
PC_IgA__CRNDE__UC_vs_HC,PC IgA,CRNDE,UC_vs_HC,1.8435,0.036734
PC_IgA__MT1G__UC_vs_HC,PC IgA,MT1G,UC_vs_HC,-4.2378,0.00020314
PC_IgA__MT1H__UC_vs_HC,PC IgA,MT1H,UC_vs_HC,-5.6985,0.025961
PC_IgA__ADGRG5__UC_vs_HC,PC IgA,ADGRG5,UC_vs_HC,1.3106,0.00062476
PC_IgA__RRAD__UC_vs_HC,PC IgA,RRAD,UC_vs_HC,-3.3412,3.1578e-05
PC_IgA__RIPOR1__UC_vs_HC,PC IgA,RIPOR1,UC_vs_HC,-1.1089,0.0020232
PC_IgA__GFOD2__UC_vs_HC,PC IgA,GFOD2,UC_vs_HC,-1.0816,0.035296
PC_IgA__DPEP2__UC_vs_HC,PC IgA,DPEP2,UC_vs_HC,-2.395,8.5413e-05
PC_IgA__COG8-1__UC_vs_HC,PC IgA,COG8-1,UC_vs_HC,-1.8895,0.038667
PC_IgA__NFAT5__UC_vs_HC,PC IgA,NFAT5,UC_vs_HC,-1.1143,0.015044
PC_IgA__NPIPB15__UC_vs_HC,PC IgA,NPIPB15,UC_vs_HC,-2.5877,0.04937
PC_IgA__MLKL__UC_vs_HC,PC IgA,MLKL,UC_vs_HC,1.0428,0.0058638
PC_IgA__AC099524.1__UC_vs_HC,PC IgA,AC099524.1,UC_vs_HC,1.379,0.0028717
PC_IgA__DNAAF1__UC_vs_HC,PC IgA,DNAAF1,UC_vs_HC,3.0907,9.4235e-07
PC_IgA__FAM92B__UC_vs_HC,PC IgA,FAM92B,UC_vs_HC,2.1756,5.1968e-05
PC_IgA__DEF8__UC_vs_HC,PC IgA,DEF8,UC_vs_HC,1.5881,3.596e-09
PC_IgA__ELP5__UC_vs_HC,PC IgA,ELP5,UC_vs_HC,1.6967,0.00030807
PC_IgA__CLDN7__UC_vs_HC,PC IgA,CLDN7,UC_vs_HC,-2.1551,0.0022281
PC_IgA__CCDC144A__UC_vs_HC,PC IgA,CCDC144A,UC_vs_HC,1.9443,0.00034874
PC_IgA__TNFRSF13B__UC_vs_HC,PC IgA,TNFRSF13B,UC_vs_HC,-2.1682,1.373e-10
PC_IgA__EPN2-AS1__UC_vs_HC,PC IgA,EPN2-AS1,UC_vs_HC,2.9788,6.6093e-05
PC_IgA__B9D1__UC_vs_HC,PC IgA,B9D1,UC_vs_HC,1.035,0.00048205
PC_IgA__MAP2K3__UC_vs_HC,PC IgA,MAP2K3,UC_vs_HC,-1.4046,0.0095134
PC_IgA__CCL5__UC_vs_HC,PC IgA,CCL5,UC_vs_HC,-2.8348,2.1017e-05
PC_IgA__CCL3__UC_vs_HC,PC IgA,CCL3,UC_vs_HC,-1.7068,0.034327
PC_IgA__DUSP14__UC_vs_HC,PC IgA,DUSP14,UC_vs_HC,-1.522,0.015534
PC_IgA__RARA__UC_vs_HC,PC IgA,RARA,UC_vs_HC,-1.6412,0.0031333
PC_IgA__AC008105.3__UC_vs_HC,PC IgA,AC008105.3,UC_vs_HC,-1.064,0.014791
PC_IgA__FMNL1__UC_vs_HC,PC IgA,FMNL1,UC_vs_HC,-1.014,0.0090358
PC_IgA__NXPH3__UC_vs_HC,PC IgA,NXPH3,UC_vs_HC,-3.896,0.0029856
PC_IgA__NME1__UC_vs_HC,PC IgA,NME1,UC_vs_HC,1.0188,4.7817e-10
PC_IgA__DGKE__UC_vs_HC,PC IgA,DGKE,UC_vs_HC,1.2521,0.040245
PC_IgA__AC007114.1__UC_vs_HC,PC IgA,AC007114.1,UC_vs_HC,1.4983,0.033032
PC_IgA__CA4__UC_vs_HC,PC IgA,CA4,UC_vs_HC,-3.7869,0.031999
PC_IgA__PECAM1__UC_vs_HC,PC IgA,PECAM1,UC_vs_HC,1.1331,0.029971
PC_IgA__PRKCA__UC_vs_HC,PC IgA,PRKCA,UC_vs_HC,-4.2198,2.8223e-05
PC_IgA__SLC39A11__UC_vs_HC,PC IgA,SLC39A11,UC_vs_HC,1.1442,0.0017843
PC_IgA__JPT1__UC_vs_HC,PC IgA,JPT1,UC_vs_HC,1.1842,0.00086685
PC_IgA__TMC8__UC_vs_HC,PC IgA,TMC8,UC_vs_HC,-1.7354,0.015831
PC_IgA__BIRC5__UC_vs_HC,PC IgA,BIRC5,UC_vs_HC,4.4234,0.012366
PC_IgA__SLC26A11__UC_vs_HC,PC IgA,SLC26A11,UC_vs_HC,-1.6867,0.023341
PC_IgA__BAIAP2__UC_vs_HC,PC IgA,BAIAP2,UC_vs_HC,-2.9039,0.015096
PC_IgA__YES1__UC_vs_HC,PC IgA,YES1,UC_vs_HC,-1.57,0.0024628
PC_IgA__NDC80__UC_vs_HC,PC IgA,NDC80,UC_vs_HC,3.1164,0.021591
PC_IgA__NDUFV2__UC_vs_HC,PC IgA,NDUFV2,UC_vs_HC,1.1474,1.1819e-07
PC_IgA__LDLRAD4__UC_vs_HC,PC IgA,LDLRAD4,UC_vs_HC,-1.6026,0.025658
PC_IgA__RNF125__UC_vs_HC,PC IgA,RNF125,UC_vs_HC,-2.2952,0.029597
PC_IgA__RNF138__UC_vs_HC,PC IgA,RNF138,UC_vs_HC,-1.173,0.0065162
PC_IgA__BCL2__UC_vs_HC,PC IgA,BCL2,UC_vs_HC,-1.1604,0.018924
PC_IgA__PRNP__UC_vs_HC,PC IgA,PRNP,UC_vs_HC,-1.1321,0.006207
PC_IgA__LAMP5__UC_vs_HC,PC IgA,LAMP5,UC_vs_HC,2.2232,0.0093685
PC_IgA__BTBD3__UC_vs_HC,PC IgA,BTBD3,UC_vs_HC,-3.2506,0.021324
PC_IgA__AL034549.1__UC_vs_HC,PC IgA,AL034549.1,UC_vs_HC,1.6883,0.0062547
PC_IgA__GGT7__UC_vs_HC,PC IgA,GGT7,UC_vs_HC,-2.1616,0.00015309
PC_IgA__EPB41L1__UC_vs_HC,PC IgA,EPB41L1,UC_vs_HC,-2.2406,0.00012811
PC_IgA__SLA2__UC_vs_HC,PC IgA,SLA2,UC_vs_HC,-3.6441,0.00041155
PC_IgA__BCAS4__UC_vs_HC,PC IgA,BCAS4,UC_vs_HC,-2.1144,4.312e-08
PC_IgA__TSHZ2__UC_vs_HC,PC IgA,TSHZ2,UC_vs_HC,1.9716,0.030427
PC_IgA__AURKA__UC_vs_HC,PC IgA,AURKA,UC_vs_HC,1.7656,0.0053829
PC_IgA__PCK1__UC_vs_HC,PC IgA,PCK1,UC_vs_HC,-4.4395,0.0091486
PC_IgA__CIRBP__UC_vs_HC,PC IgA,CIRBP,UC_vs_HC,-1.0348,0.00058918
PC_IgA__MOB3A__UC_vs_HC,PC IgA,MOB3A,UC_vs_HC,-1.1837,0.0066668
PC_IgA__PLEKHJ1__UC_vs_HC,PC IgA,PLEKHJ1,UC_vs_HC,1.1507,0.034221
PC_IgA__DIRAS1__UC_vs_HC,PC IgA,DIRAS1,UC_vs_HC,-4.0948,0.0023131
PC_IgA__NFIC__UC_vs_HC,PC IgA,NFIC,UC_vs_HC,-1.5915,1.9147e-05
PC_IgA__CD70__UC_vs_HC,PC IgA,CD70,UC_vs_HC,2.4826,0.011043
PC_IgA__SH2D3A__UC_vs_HC,PC IgA,SH2D3A,UC_vs_HC,-1.3878,0.0011682
PC_IgA__RGL3__UC_vs_HC,PC IgA,RGL3,UC_vs_HC,-2.3346,0.011061
PC_IgA__PRDX2__UC_vs_HC,PC IgA,PRDX2,UC_vs_HC,1.4459,3.596e-09
PC_IgA__AC020916.1__UC_vs_HC,PC IgA,AC020916.1,UC_vs_HC,-2.132,7.3552e-12
PC_IgA__ADGRE5__UC_vs_HC,PC IgA,ADGRE5,UC_vs_HC,-1.1696,0.037266
PC_IgA__LINC00663__UC_vs_HC,PC IgA,LINC00663,UC_vs_HC,-1.9129,0.039253
PC_IgA__FXYD3__UC_vs_HC,PC IgA,FXYD3,UC_vs_HC,-3.5769,3.9684e-06
PC_IgA__FXYD1__UC_vs_HC,PC IgA,FXYD1,UC_vs_HC,-3.1889,0.024748
PC_IgA__DMKN__UC_vs_HC,PC IgA,DMKN,UC_vs_HC,-2.6642,6.777e-05
PC_IgA__C19orf33__UC_vs_HC,PC IgA,C19orf33,UC_vs_HC,-2.731,0.014368
PC_IgA__LGALS4__UC_vs_HC,PC IgA,LGALS4,UC_vs_HC,-4.2195,1.8505e-07
PC_IgA__LINC01480__UC_vs_HC,PC IgA,LINC01480,UC_vs_HC,1.2901,0.012221
PC_IgA__KCNN4__UC_vs_HC,PC IgA,KCNN4,UC_vs_HC,-1.5335,8.9149e-06
PC_IgA__FOSB__UC_vs_HC,PC IgA,FOSB,UC_vs_HC,-1.3942,0.00015912
PC_IgA__PPM1N__UC_vs_HC,PC IgA,PPM1N,UC_vs_HC,-1.5928,0.034778
PC_IgA__CALM3__UC_vs_HC,PC IgA,CALM3,UC_vs_HC,1.0839,0.006976
PC_IgA__BAX__UC_vs_HC,PC IgA,BAX,UC_vs_HC,1.1588,0.002539
PC_IgA__MYBPC2__UC_vs_HC,PC IgA,MYBPC2,UC_vs_HC,-3.9484,0.0062692
PC_IgA__ZNF701__UC_vs_HC,PC IgA,ZNF701,UC_vs_HC,-1.4113,0.046632
PC_IgA__MYADM__UC_vs_HC,PC IgA,MYADM,UC_vs_HC,-2.0401,0.00030704
PC_IgA__LILRB1__UC_vs_HC,PC IgA,LILRB1,UC_vs_HC,-1.4508,0.0007514
PC_IgA__TMEM150B__UC_vs_HC,PC IgA,TMEM150B,UC_vs_HC,-2.265,0.020342
PC_IgA__KMT5C__UC_vs_HC,PC IgA,KMT5C,UC_vs_HC,-1.0818,0.024923
PC_IgA__ZNF749__UC_vs_HC,PC IgA,ZNF749,UC_vs_HC,-1.9502,0.024967
PC_IgA__IGLV4-60__UC_vs_HC,PC IgA,IGLV4-60,UC_vs_HC,5.7663,1.6015e-05
PC_IgA__IGLV7-46__UC_vs_HC,PC IgA,IGLV7-46,UC_vs_HC,3.9944,0.0040337
PC_IgA__IGLC2__UC_vs_HC,PC IgA,IGLC2,UC_vs_HC,1.1788,0.0017498
PC_IgA__IGLC5__UC_vs_HC,PC IgA,IGLC5,UC_vs_HC,-2.799,0.0036497
PC_IgA__CHEK2__UC_vs_HC,PC IgA,CHEK2,UC_vs_HC,1.3946,0.011043
PC_IgA__Z93930.2__UC_vs_HC,PC IgA,Z93930.2,UC_vs_HC,1.2364,0.0072544
PC_IgA__TCN2__UC_vs_HC,PC IgA,TCN2,UC_vs_HC,1.3307,0.042426
PC_IgA__DUSP18__UC_vs_HC,PC IgA,DUSP18,UC_vs_HC,-1.9128,0.034415
PC_IgA__LARGE1__UC_vs_HC,PC IgA,LARGE1,UC_vs_HC,-1.1148,0.023432
PC_IgA__SUN2__UC_vs_HC,PC IgA,SUN2,UC_vs_HC,-1.0475,0.014784
PC_IgA__TTLL1__UC_vs_HC,PC IgA,TTLL1,UC_vs_HC,-1.7002,0.015184
PC_IgA__DENND6B__UC_vs_HC,PC IgA,DENND6B,UC_vs_HC,-1.2403,0.00010462
PC_IgA__ADM2__UC_vs_HC,PC IgA,ADM2,UC_vs_HC,-1.0821,0.014437
PC_IgA__U62317.5__UC_vs_HC,PC IgA,U62317.5,UC_vs_HC,1.1712,0.024953
PC_IgA__NRIP1__UC_vs_HC,PC IgA,NRIP1,UC_vs_HC,-1.9694,0.0020578
PC_IgA__JAM2__UC_vs_HC,PC IgA,JAM2,UC_vs_HC,-2.4337,0.041368
PC_IgA__APP__UC_vs_HC,PC IgA,APP,UC_vs_HC,-2.8675,0.00010535
PC_IgA__TIAM1__UC_vs_HC,PC IgA,TIAM1,UC_vs_HC,-2.0188,0.042621
PC_IgA__MX2__UC_vs_HC,PC IgA,MX2,UC_vs_HC,-1.7921,0.017048
PC_IgA__TFF3__UC_vs_HC,PC IgA,TFF3,UC_vs_HC,-3.0842,6.4854e-06
PC_IgA__ICOSLG__UC_vs_HC,PC IgA,ICOSLG,UC_vs_HC,-1.4415,0.0010288
PC_IgA__COL18A1__UC_vs_HC,PC IgA,COL18A1,UC_vs_HC,-1.4248,0.024953
PC_IgA__RER1__CD_vs_HC,PC IgA,RER1,CD_vs_HC,1.7455,0.043076
PC_IgA__SLC2A5__CD_vs_HC,PC IgA,SLC2A5,CD_vs_HC,2.5348,0.017165
PC_IgA__SMAP2__CD_vs_HC,PC IgA,SMAP2,CD_vs_HC,1.5548,7.5511e-05
PC_IgA__GBP5__CD_vs_HC,PC IgA,GBP5,CD_vs_HC,1.3543,0.045346
PC_IgA__RHOC__CD_vs_HC,PC IgA,RHOC,CD_vs_HC,-2.4191,0.0011922
PC_IgA__AMPD1__CD_vs_HC,PC IgA,AMPD1,CD_vs_HC,-2.1644,7.5511e-05
PC_IgA__CD1D__CD_vs_HC,PC IgA,CD1D,CD_vs_HC,2.6469,0.028478
PC_IgA__GLRX2__CD_vs_HC,PC IgA,GLRX2,CD_vs_HC,1.8429,0.0063493
PC_IgA__RRM2__CD_vs_HC,PC IgA,RRM2,CD_vs_HC,5.4294,0.020897
PC_IgA__CAPG__CD_vs_HC,PC IgA,CAPG,CD_vs_HC,-1.1281,0.018644
PC_IgA__FABP1__CD_vs_HC,PC IgA,FABP1,CD_vs_HC,-1.353,0.029484
PC_IgA__CCDC115__CD_vs_HC,PC IgA,CCDC115,CD_vs_HC,-1.0031,0.046543
PC_IgA__CXCR4__CD_vs_HC,PC IgA,CXCR4,CD_vs_HC,1.8487,0.020987
PC_IgA__FASTKD1__CD_vs_HC,PC IgA,FASTKD1,CD_vs_HC,1.2049,0.0040273
PC_IgA__IL5RA__CD_vs_HC,PC IgA,IL5RA,CD_vs_HC,-2.8588,0.00021872
PC_IgA__RFTN1__CD_vs_HC,PC IgA,RFTN1,CD_vs_HC,1.5477,0.048045
PC_IgA__CIP2A__CD_vs_HC,PC IgA,CIP2A,CD_vs_HC,1.4357,0.045424
PC_IgA__ATP1B3__CD_vs_HC,PC IgA,ATP1B3,CD_vs_HC,1.1556,0.039918
PC_IgA__CD38__CD_vs_HC,PC IgA,CD38,CD_vs_HC,1.0485,0.0097395
PC_IgA__TBC1D1__CD_vs_HC,PC IgA,TBC1D1,CD_vs_HC,2.3316,0.0067329
PC_IgA__CHIC2__CD_vs_HC,PC IgA,CHIC2,CD_vs_HC,2.0797,0.020987
PC_IgA__SPINK2__CD_vs_HC,PC IgA,SPINK2,CD_vs_HC,-2.1042,0.034303
PC_IgA__NAF1__CD_vs_HC,PC IgA,NAF1,CD_vs_HC,2.0656,0.029758
PC_IgA__TRIO__CD_vs_HC,PC IgA,TRIO,CD_vs_HC,1.4137,0.042236
PC_IgA__AC025171.3__CD_vs_HC,PC IgA,AC025171.3,CD_vs_HC,-1.6283,0.0077152
PC_IgA__SSBP2__CD_vs_HC,PC IgA,SSBP2,CD_vs_HC,-1.705,0.017165
PC_IgA__DUSP1__CD_vs_HC,PC IgA,DUSP1,CD_vs_HC,-1.5604,0.043255
PC_IgA__LINC01484__CD_vs_HC,PC IgA,LINC01484,CD_vs_HC,2.5681,0.022422
PC_IgA__CPEB4__CD_vs_HC,PC IgA,CPEB4,CD_vs_HC,1.1921,0.0016226
PC_IgA__SERPINB6__CD_vs_HC,PC IgA,SERPINB6,CD_vs_HC,-1.7258,0.00022469
PC_IgA__AL137003.2__CD_vs_HC,PC IgA,AL137003.2,CD_vs_HC,1.3148,0.038849
PC_IgA__FBXO9__CD_vs_HC,PC IgA,FBXO9,CD_vs_HC,1.3154,0.017867
PC_IgA__ARMC2__CD_vs_HC,PC IgA,ARMC2,CD_vs_HC,-1.8393,0.020987
PC_IgA__EPB41L2__CD_vs_HC,PC IgA,EPB41L2,CD_vs_HC,-1.7162,0.020987
PC_IgA__ELFN1-AS1__CD_vs_HC,PC IgA,ELFN1-AS1,CD_vs_HC,1.8522,0.0029381
PC_IgA__KDELR2__CD_vs_HC,PC IgA,KDELR2,CD_vs_HC,1.4252,0.045675
PC_IgA__PEG10__CD_vs_HC,PC IgA,PEG10,CD_vs_HC,-2.6795,0.048604
PC_IgA__RBM33__CD_vs_HC,PC IgA,RBM33,CD_vs_HC,1.575,6.7749e-05
PC_IgA__TIMP1__CD_vs_HC,PC IgA,TIMP1,CD_vs_HC,-2.448,0.00053652
PC_IgA__CXCR3__CD_vs_HC,PC IgA,CXCR3,CD_vs_HC,1.8446,0.0079444
PC_IgA__ZMAT1__CD_vs_HC,PC IgA,ZMAT1,CD_vs_HC,-1.4445,0.030472
PC_IgA__FLNA__CD_vs_HC,PC IgA,FLNA,CD_vs_HC,1.6525,0.013671
PC_IgA__POLR3D__CD_vs_HC,PC IgA,POLR3D,CD_vs_HC,1.3982,0.008062
PC_IgA__DUSP26__CD_vs_HC,PC IgA,DUSP26,CD_vs_HC,-1.57,0.002528
PC_IgA__TMEM70__CD_vs_HC,PC IgA,TMEM70,CD_vs_HC,1.7874,0.044618
PC_IgA__CPQ__CD_vs_HC,PC IgA,CPQ,CD_vs_HC,-1.2582,0.011298
PC_IgA__MED30__CD_vs_HC,PC IgA,MED30,CD_vs_HC,1.9003,0.026687
PC_IgA__DEPTOR__CD_vs_HC,PC IgA,DEPTOR,CD_vs_HC,-2.4896,0.0019138
PC_IgA__SQLE__CD_vs_HC,PC IgA,SQLE,CD_vs_HC,1.4217,0.029484
PC_IgA__TLE1__CD_vs_HC,PC IgA,TLE1,CD_vs_HC,2.1435,8.1694e-05
PC_IgA__MRPS2__CD_vs_HC,PC IgA,MRPS2,CD_vs_HC,1.5276,0.046543
PC_IgA__RABL6__CD_vs_HC,PC IgA,RABL6,CD_vs_HC,1.0827,0.020987
PC_IgA__MRPL41__CD_vs_HC,PC IgA,MRPL41,CD_vs_HC,3.1843,0.045424
PC_IgA__RARRES3__CD_vs_HC,PC IgA,RARRES3,CD_vs_HC,-1.2252,0.039998
PC_IgA__GRK2__CD_vs_HC,PC IgA,GRK2,CD_vs_HC,1.6262,0.0063493
PC_IgA__AAMDC__CD_vs_HC,PC IgA,AAMDC,CD_vs_HC,-1.6911,0.00049649
PC_IgA__CADM1__CD_vs_HC,PC IgA,CADM1,CD_vs_HC,1.5062,0.0051756
PC_IgA__CCND2__CD_vs_HC,PC IgA,CCND2,CD_vs_HC,1.9729,1.711e-05
PC_IgA__CD9__CD_vs_HC,PC IgA,CD9,CD_vs_HC,-1.4206,0.038807
PC_IgA__CLEC2D__CD_vs_HC,PC IgA,CLEC2D,CD_vs_HC,1.4932,0.048604
PC_IgA__ITPR2__CD_vs_HC,PC IgA,ITPR2,CD_vs_HC,1.366,9.1711e-05
PC_IgA__BICD1__CD_vs_HC,PC IgA,BICD1,CD_vs_HC,1.2734,0.017165
PC_IgA__SYT1__CD_vs_HC,PC IgA,SYT1,CD_vs_HC,-2.6999,0.0039783
PC_IgA__DUSP6__CD_vs_HC,PC IgA,DUSP6,CD_vs_HC,-1.2088,0.046554
PC_IgA__AC025164.1__CD_vs_HC,PC IgA,AC025164.1,CD_vs_HC,-1.8001,0.022392
PC_IgA__LINC02397__CD_vs_HC,PC IgA,LINC02397,CD_vs_HC,-2.1759,0.023609
PC_IgA__HVCN1__CD_vs_HC,PC IgA,HVCN1,CD_vs_HC,-1.3695,0.016844
PC_IgA__PTPN11__CD_vs_HC,PC IgA,PTPN11,CD_vs_HC,1.132,0.023609
PC_IgA__MED13L__CD_vs_HC,PC IgA,MED13L,CD_vs_HC,1.0373,0.0028097
PC_IgA__SUDS3__CD_vs_HC,PC IgA,SUDS3,CD_vs_HC,1.6751,0.049166
PC_IgA__ORAI1__CD_vs_HC,PC IgA,ORAI1,CD_vs_HC,1.3305,0.048604
PC_IgA__ZDHHC20__CD_vs_HC,PC IgA,ZDHHC20,CD_vs_HC,1.1045,0.033435
PC_IgA__LCP1__CD_vs_HC,PC IgA,LCP1,CD_vs_HC,1.6376,0.00058904
PC_IgA__ABCC4__CD_vs_HC,PC IgA,ABCC4,CD_vs_HC,2.3387,0.0015646
PC_IgA__RNASE6__CD_vs_HC,PC IgA,RNASE6,CD_vs_HC,1.5365,0.00062578
PC_IgA__FRMD6__CD_vs_HC,PC IgA,FRMD6,CD_vs_HC,-1.6157,0.038481
PC_IgA__FOS__CD_vs_HC,PC IgA,FOS,CD_vs_HC,-1.4286,0.006315
PC_IgA__CALM1__CD_vs_HC,PC IgA,CALM1,CD_vs_HC,1.3681,0.032321
PC_IgA__LGMN__CD_vs_HC,PC IgA,LGMN,CD_vs_HC,-1.2101,0.0086103
PC_IgA__EVL__CD_vs_HC,PC IgA,EVL,CD_vs_HC,-1.6174,0.0040273
PC_IgA__EIF5__CD_vs_HC,PC IgA,EIF5,CD_vs_HC,1.1788,0.00013521
PC_IgA__IGHG2__CD_vs_HC,PC IgA,IGHG2,CD_vs_HC,5.559,0.00068982
PC_IgA__IGHG1__CD_vs_HC,PC IgA,IGHG1,CD_vs_HC,2.3678,0.023609
PC_IgA__IGHG3__CD_vs_HC,PC IgA,IGHG3,CD_vs_HC,6.5867,0.00022082
PC_IgA__IGHM__CD_vs_HC,PC IgA,IGHM,CD_vs_HC,3.8504,0.0097395
PC_IgA__IGHV4-4__CD_vs_HC,PC IgA,IGHV4-4,CD_vs_HC,3.3585,0.0082854
PC_IgA__IGHV3-7__CD_vs_HC,PC IgA,IGHV3-7,CD_vs_HC,2.2622,0.002341
PC_IgA__IGHV3-64D__CD_vs_HC,PC IgA,IGHV3-64D,CD_vs_HC,2.6061,0.043918
PC_IgA__IGHV3-11__CD_vs_HC,PC IgA,IGHV3-11,CD_vs_HC,1.9814,0.049166
PC_IgA__IGHV3-13__CD_vs_HC,PC IgA,IGHV3-13,CD_vs_HC,4.6486,0.013143
PC_IgA__IGHV1-24__CD_vs_HC,PC IgA,IGHV1-24,CD_vs_HC,1.953,0.0011922
PC_IgA__IGHV3-48__CD_vs_HC,PC IgA,IGHV3-48,CD_vs_HC,2.0543,0.0097395
PC_IgA__KLF13__CD_vs_HC,PC IgA,KLF13,CD_vs_HC,2.1906,0.025675
PC_IgA__NUSAP1__CD_vs_HC,PC IgA,NUSAP1,CD_vs_HC,2.7357,0.0075436
PC_IgA__TEX9__CD_vs_HC,PC IgA,TEX9,CD_vs_HC,-1.2381,0.046543
PC_IgA__AC106028.4__CD_vs_HC,PC IgA,AC106028.4,CD_vs_HC,3.3304,0.0039888
PC_IgA__DNAAF1__CD_vs_HC,PC IgA,DNAAF1,CD_vs_HC,2.4807,0.00063664
PC_IgA__EMC6__CD_vs_HC,PC IgA,EMC6,CD_vs_HC,2.6113,0.020263
PC_IgA__EPN2__CD_vs_HC,PC IgA,EPN2,CD_vs_HC,1.8803,0.00092427
PC_IgA__EPN2-AS1__CD_vs_HC,PC IgA,EPN2-AS1,CD_vs_HC,2.9823,0.00058904
PC_IgA__SNF8__CD_vs_HC,PC IgA,SNF8,CD_vs_HC,2.2852,0.011973
PC_IgA__AC005332.1__CD_vs_HC,PC IgA,AC005332.1,CD_vs_HC,1.8549,0.0097477
PC_IgA__CBX4__CD_vs_HC,PC IgA,CBX4,CD_vs_HC,1.3974,0.023668
PC_IgA__C18orf32__CD_vs_HC,PC IgA,C18orf32,CD_vs_HC,1.3226,0.039918
PC_IgA__TOP1__CD_vs_HC,PC IgA,TOP1,CD_vs_HC,1.3203,0.0079444
PC_IgA__PLTP__CD_vs_HC,PC IgA,PLTP,CD_vs_HC,-1.8459,0.0084882
PC_IgA__JSRP1__CD_vs_HC,PC IgA,JSRP1,CD_vs_HC,3.871,0.046543
PC_IgA__CD70__CD_vs_HC,PC IgA,CD70,CD_vs_HC,2.3126,0.048038
PC_IgA__AC020916.1__CD_vs_HC,PC IgA,AC020916.1,CD_vs_HC,-1.0027,0.017165
PC_IgA__FXYD5__CD_vs_HC,PC IgA,FXYD5,CD_vs_HC,-1.2805,0.0097395
PC_IgA__ZNF83__CD_vs_HC,PC IgA,ZNF83,CD_vs_HC,-1.3064,0.02631
PC_IgA__IGLV7-46__CD_vs_HC,PC IgA,IGLV7-46,CD_vs_HC,5.5893,6.7749e-05
PC_IgA__IGLV3-21__CD_vs_HC,PC IgA,IGLV3-21,CD_vs_HC,-2.6773,0.0074043
PC_IgA__IGLV3-16__CD_vs_HC,PC IgA,IGLV3-16,CD_vs_HC,3.7865,0.045424
PC_IgA__DESI1__CD_vs_HC,PC IgA,DESI1,CD_vs_HC,1.674,0.017165
PC_IgA__DENND6B__CD_vs_HC,PC IgA,DENND6B,CD_vs_HC,-1.7054,4.3986e-06
PC_IgA__CRYZL1__CD_vs_HC,PC IgA,CRYZL1,CD_vs_HC,-1.0385,0.023004
PC_IgA__AGPAT3__CD_vs_HC,PC IgA,AGPAT3,CD_vs_HC,1.3513,0.017165
PC_IgA__TMEM52__UC_vs_CD,PC IgA,TMEM52,UC_vs_CD,-2.5174,0.0030702
PC_IgA__SNIP1__UC_vs_CD,PC IgA,SNIP1,UC_vs_CD,-1.1277,0.00247
PC_IgA__CDKN2C__UC_vs_CD,PC IgA,CDKN2C,UC_vs_CD,1.5842,1.9868e-06
PC_IgA__ECHDC2__UC_vs_CD,PC IgA,ECHDC2,UC_vs_CD,-1.7532,7.8378e-05
PC_IgA__MCL1__UC_vs_CD,PC IgA,MCL1,UC_vs_CD,-1.1694,0.0016443
PC_IgA__LMNA__UC_vs_CD,PC IgA,LMNA,UC_vs_CD,-1.7062,0.002522
PC_IgA__PRCC__UC_vs_CD,PC IgA,PRCC,UC_vs_CD,1.2,0.001467
PC_IgA__CD48__UC_vs_CD,PC IgA,CD48,UC_vs_CD,-1.2795,0.011844
PC_IgA__MIR181A1HG__UC_vs_CD,PC IgA,MIR181A1HG,UC_vs_CD,1.3744,0.040459
PC_IgA__LINC01353__UC_vs_CD,PC IgA,LINC01353,UC_vs_CD,1.8096,0.034274
PC_IgA__LINC01136__UC_vs_CD,PC IgA,LINC01136,UC_vs_CD,1.223,0.041366
PC_IgA__BTG2__UC_vs_CD,PC IgA,BTG2,UC_vs_CD,1.3066,0.0021914
PC_IgA__PIGR__UC_vs_CD,PC IgA,PIGR,UC_vs_CD,-2.4158,0.00018212
PC_IgA__CD55__UC_vs_CD,PC IgA,CD55,UC_vs_CD,-1.2378,0.037621
PC_IgA__MIR29B2CHG__UC_vs_CD,PC IgA,MIR29B2CHG,UC_vs_CD,-1.0639,0.035103
PC_IgA__IARS2__UC_vs_CD,PC IgA,IARS2,UC_vs_CD,-1.0932,0.020149
PC_IgA__MPV17__UC_vs_CD,PC IgA,MPV17,UC_vs_CD,1.136,0.00058876
PC_IgA__FOSL2__UC_vs_CD,PC IgA,FOSL2,UC_vs_CD,-1.4847,0.03741
PC_IgA__LBH__UC_vs_CD,PC IgA,LBH,UC_vs_CD,-1.1326,0.049602
PC_IgA__MAP4K3__UC_vs_CD,PC IgA,MAP4K3,UC_vs_CD,-1.2088,0.045386
PC_IgA__FABP1__UC_vs_CD,PC IgA,FABP1,UC_vs_CD,-3.5751,2.846e-08
PC_IgA__IGKV1D-33__UC_vs_CD,PC IgA,IGKV1D-33,UC_vs_CD,2.5315,0.045131
PC_IgA__ARID5A__UC_vs_CD,PC IgA,ARID5A,UC_vs_CD,-1.3717,0.0047518
PC_IgA__SLC35F5__UC_vs_CD,PC IgA,SLC35F5,UC_vs_CD,-1.2317,0.005095
PC_IgA__GALNT3__UC_vs_CD,PC IgA,GALNT3,UC_vs_CD,-1.6725,0.02868
PC_IgA__FKBP7__UC_vs_CD,PC IgA,FKBP7,UC_vs_CD,1.0749,0.0082029
PC_IgA__LINC01934__UC_vs_CD,PC IgA,LINC01934,UC_vs_CD,-1.695,0.025974
PC_IgA__STAT4__UC_vs_CD,PC IgA,STAT4,UC_vs_CD,-1.7163,0.032708
PC_IgA__IL5RA__UC_vs_CD,PC IgA,IL5RA,UC_vs_CD,2.1764,0.0034873
PC_IgA__THUMPD3__UC_vs_CD,PC IgA,THUMPD3,UC_vs_CD,1.0252,0.0089875
PC_IgA__EEF1AKMT4__UC_vs_CD,PC IgA,EEF1AKMT4,UC_vs_CD,1.1772,0.030163
PC_IgA__OSTN-AS1__UC_vs_CD,PC IgA,OSTN-AS1,UC_vs_CD,-1.7222,0.0022387
PC_IgA__NRROS__UC_vs_CD,PC IgA,NRROS,UC_vs_CD,-1.5878,0.02003
PC_IgA__SGCB__UC_vs_CD,PC IgA,SGCB,UC_vs_CD,1.227,0.034103
PC_IgA__CHIC2__UC_vs_CD,PC IgA,CHIC2,UC_vs_CD,-1.7054,0.032996
PC_IgA__TBC1D9__UC_vs_CD,PC IgA,TBC1D9,UC_vs_CD,-1.032,0.030994
PC_IgA__SMARCA5__UC_vs_CD,PC IgA,SMARCA5,UC_vs_CD,-1.0197,0.029883
PC_IgA__NAF1__UC_vs_CD,PC IgA,NAF1,UC_vs_CD,-2.2533,0.0043503
PC_IgA__PDLIM3__UC_vs_CD,PC IgA,PDLIM3,UC_vs_CD,-2.9554,0.0080437
PC_IgA__PARP8__UC_vs_CD,PC IgA,PARP8,UC_vs_CD,-1.3444,0.026767
PC_IgA__PIK3R1__UC_vs_CD,PC IgA,PIK3R1,UC_vs_CD,-1.1972,0.032396
PC_IgA__HOMER1__UC_vs_CD,PC IgA,HOMER1,UC_vs_CD,-1.6913,0.0005238
PC_IgA__GLRX__UC_vs_CD,PC IgA,GLRX,UC_vs_CD,1.151,9.522e-08
PC_IgA__MZB1__UC_vs_CD,PC IgA,MZB1,UC_vs_CD,1.0297,1.2061e-08
PC_IgA__PTTG1__UC_vs_CD,PC IgA,PTTG1,UC_vs_CD,1.2574,0.0018884
PC_IgA__CNOT6__UC_vs_CD,PC IgA,CNOT6,UC_vs_CD,-1.2291,0.0063811
PC_IgA__TUBB2A__UC_vs_CD,PC IgA,TUBB2A,UC_vs_CD,-2.4398,4.0685e-05
PC_IgA__HIST1H2BD__UC_vs_CD,PC IgA,HIST1H2BD,UC_vs_CD,1.4195,0.024891
PC_IgA__HIST1H2BG__UC_vs_CD,PC IgA,HIST1H2BG,UC_vs_CD,1.1632,0.0093346
PC_IgA__HIST1H2AE__UC_vs_CD,PC IgA,HIST1H2AE,UC_vs_CD,1.2133,0.00089041
PC_IgA__HIST1H2BJ__UC_vs_CD,PC IgA,HIST1H2BJ,UC_vs_CD,1.7888,0.00074827
PC_IgA__ETV7__UC_vs_CD,PC IgA,ETV7,UC_vs_CD,2.8169,0.00018212
PC_IgA__CCDC167__UC_vs_CD,PC IgA,CCDC167,UC_vs_CD,1.0705,0.00057692
PC_IgA__MANEA-DT__UC_vs_CD,PC IgA,MANEA-DT,UC_vs_CD,1.1972,0.0035816
PC_IgA__CRYBG1__UC_vs_CD,PC IgA,CRYBG1,UC_vs_CD,-2.2229,0.0035816
PC_IgA__MAP3K5__UC_vs_CD,PC IgA,MAP3K5,UC_vs_CD,-1.5729,0.0019262
PC_IgA__PERP__UC_vs_CD,PC IgA,PERP,UC_vs_CD,-1.8274,0.042221
PC_IgA__HIVEP2__UC_vs_CD,PC IgA,HIVEP2,UC_vs_CD,-1.1591,0.0063811
PC_IgA__PLAGL1__UC_vs_CD,PC IgA,PLAGL1,UC_vs_CD,-2.0893,0.00058876
PC_IgA__STX11__UC_vs_CD,PC IgA,STX11,UC_vs_CD,-1.1847,0.027846
PC_IgA__MAFK__UC_vs_CD,PC IgA,MAFK,UC_vs_CD,-1.2481,0.025598
PC_IgA__TMEM60__UC_vs_CD,PC IgA,TMEM60,UC_vs_CD,1.176,0.034823
PC_IgA__PEG10__UC_vs_CD,PC IgA,PEG10,UC_vs_CD,3.4456,0.0010497
PC_IgA__TBXAS1__UC_vs_CD,PC IgA,TBXAS1,UC_vs_CD,1.78,0.0012242
PC_IgA__LINC00996__UC_vs_CD,PC IgA,LINC00996,UC_vs_CD,-1.3925,0.0030689
PC_IgA__NOM1__UC_vs_CD,PC IgA,NOM1,UC_vs_CD,-1.7988,0.0021914
PC_IgA__GPM6B__UC_vs_CD,PC IgA,GPM6B,UC_vs_CD,-1.3183,0.04722
PC_IgA__TIMM17B__UC_vs_CD,PC IgA,TIMM17B,UC_vs_CD,1.0063,0.0021268
PC_IgA__TSPYL2__UC_vs_CD,PC IgA,TSPYL2,UC_vs_CD,-1.2426,0.024335
PC_IgA__MTRNR2L10__UC_vs_CD,PC IgA,MTRNR2L10,UC_vs_CD,-2.0245,0.013469
PC_IgA__LINC00891__UC_vs_CD,PC IgA,LINC00891,UC_vs_CD,1.0245,0.0015195
PC_IgA__IDS__UC_vs_CD,PC IgA,IDS,UC_vs_CD,-1.1234,1.1299e-06
PC_IgA__FLNA__UC_vs_CD,PC IgA,FLNA,UC_vs_CD,-2.5163,4.2269e-06
PC_IgA__RAB11FIP1__UC_vs_CD,PC IgA,RAB11FIP1,UC_vs_CD,-1.6896,0.0052095
PC_IgA__LETM2__UC_vs_CD,PC IgA,LETM2,UC_vs_CD,-1.2515,0.00058876
PC_IgA__HGSNAT__UC_vs_CD,PC IgA,HGSNAT,UC_vs_CD,-1.1242,0.026746
PC_IgA__ZBTB10__UC_vs_CD,PC IgA,ZBTB10,UC_vs_CD,-1.9714,0.004312
PC_IgA__NDUFAF6__UC_vs_CD,PC IgA,NDUFAF6,UC_vs_CD,1.8575,0.0013273
PC_IgA__EFR3A__UC_vs_CD,PC IgA,EFR3A,UC_vs_CD,-1.2475,0.0016214
PC_IgA__SLA__UC_vs_CD,PC IgA,SLA,UC_vs_CD,1.3266,0.022739
PC_IgA__ZNF250__UC_vs_CD,PC IgA,ZNF250,UC_vs_CD,-1.3111,0.03741
PC_IgA__FBP1__UC_vs_CD,PC IgA,FBP1,UC_vs_CD,-1.9205,0.02003
PC_IgA__NR4A3__UC_vs_CD,PC IgA,NR4A3,UC_vs_CD,-2.0567,0.00036458
PC_IgA__KLF4__UC_vs_CD,PC IgA,KLF4,UC_vs_CD,-3.3729,0.0005977
PC_IgA__AL441992.1__UC_vs_CD,PC IgA,AL441992.1,UC_vs_CD,1.3745,0.00018212
PC_IgA__HBD__UC_vs_CD,PC IgA,HBD,UC_vs_CD,2.5626,0.0035516
PC_IgA__CCDC88B__UC_vs_CD,PC IgA,CCDC88B,UC_vs_CD,-1.117,0.0077165
PC_IgA__GRK2__UC_vs_CD,PC IgA,GRK2,UC_vs_CD,-1.6172,0.0012794
PC_IgA__GSTP1__UC_vs_CD,PC IgA,GSTP1,UC_vs_CD,1.1994,0.0012966
PC_IgA__KIN__UC_vs_CD,PC IgA,KIN,UC_vs_CD,1.0163,0.0061536
PC_IgA__VIM__UC_vs_CD,PC IgA,VIM,UC_vs_CD,-1.1061,0.048555
PC_IgA__ARL5B__UC_vs_CD,PC IgA,ARL5B,UC_vs_CD,-1.2348,0.018156
PC_IgA__ARHGAP12__UC_vs_CD,PC IgA,ARHGAP12,UC_vs_CD,-1.2657,0.013721
PC_IgA__CREM__UC_vs_CD,PC IgA,CREM,UC_vs_CD,-1.538,0.034696
PC_IgA__CCDC6__UC_vs_CD,PC IgA,CCDC6,UC_vs_CD,-1.2465,0.028285
PC_IgA__RRP12__UC_vs_CD,PC IgA,RRP12,UC_vs_CD,-1.4144,0.0010231
PC_IgA__SH3PXD2A__UC_vs_CD,PC IgA,SH3PXD2A,UC_vs_CD,-1.0738,0.013249
PC_IgA__BNIP3__UC_vs_CD,PC IgA,BNIP3,UC_vs_CD,-1.681,0.0018884
PC_IgA__CCND2__UC_vs_CD,PC IgA,CCND2,UC_vs_CD,1.0179,0.018959
PC_IgA__TMBIM6__UC_vs_CD,PC IgA,TMBIM6,UC_vs_CD,1.0442,2.4677e-05
PC_IgA__KRT8__UC_vs_CD,PC IgA,KRT8,UC_vs_CD,-1.4593,0.0061445
PC_IgA__AC008033.3__UC_vs_CD,PC IgA,AC008033.3,UC_vs_CD,-1.5644,0.03741
PC_IgA__THAP2__UC_vs_CD,PC IgA,THAP2,UC_vs_CD,-1.9743,0.040534
PC_IgA__AC025164.1__UC_vs_CD,PC IgA,AC025164.1,UC_vs_CD,1.4824,0.03741
PC_IgA__TMCC3__UC_vs_CD,PC IgA,TMCC3,UC_vs_CD,-1.8997,0.0021666
PC_IgA__SELPLG__UC_vs_CD,PC IgA,SELPLG,UC_vs_CD,1.0556,0.0011133
PC_IgA__RASL11A__UC_vs_CD,PC IgA,RASL11A,UC_vs_CD,-1.6559,0.024335
PC_IgA__ARHGAP5__UC_vs_CD,PC IgA,ARHGAP5,UC_vs_CD,-1.143,0.021688
PC_IgA__RALGAPA1__UC_vs_CD,PC IgA,RALGAPA1,UC_vs_CD,-1.0593,0.003023
PC_IgA__SPTLC2__UC_vs_CD,PC IgA,SPTLC2,UC_vs_CD,-1.0759,0.041013
PC_IgA__AL133467.1__UC_vs_CD,PC IgA,AL133467.1,UC_vs_CD,1.2207,0.013531
PC_IgA__IGHG2__UC_vs_CD,PC IgA,IGHG2,UC_vs_CD,-4.0213,0.016194
PC_IgA__IGHD__UC_vs_CD,PC IgA,IGHD,UC_vs_CD,6.7248,0.0017042
PC_IgA__IGHV4-4__UC_vs_CD,PC IgA,IGHV4-4,UC_vs_CD,-2.7364,0.023841
PC_IgA__IGHV3-7__UC_vs_CD,PC IgA,IGHV3-7,UC_vs_CD,-1.8526,0.0099603
PC_IgA__IGHV3-64D__UC_vs_CD,PC IgA,IGHV3-64D,UC_vs_CD,-3.8054,0.00027459
PC_IgA__IGHV3-13__UC_vs_CD,PC IgA,IGHV3-13,UC_vs_CD,-3.5209,0.045223
PC_IgA__IGHV3-20__UC_vs_CD,PC IgA,IGHV3-20,UC_vs_CD,2.0228,0.0026379
PC_IgA__IGHV1-24__UC_vs_CD,PC IgA,IGHV1-24,UC_vs_CD,1.2311,0.04731
PC_IgA__IGHV3-48__UC_vs_CD,PC IgA,IGHV3-48,UC_vs_CD,-2.2681,0.0012242
PC_IgA__IGHV2-70__UC_vs_CD,PC IgA,IGHV2-70,UC_vs_CD,5.1028,0.00018212
PC_IgA__AC012236.1__UC_vs_CD,PC IgA,AC012236.1,UC_vs_CD,1.4282,0.00053757
PC_IgA__PHGR1__UC_vs_CD,PC IgA,PHGR1,UC_vs_CD,-3.5321,0.00094694
PC_IgA__EHD4__UC_vs_CD,PC IgA,EHD4,UC_vs_CD,-1.1095,0.0028384
PC_IgA__TMEM62__UC_vs_CD,PC IgA,TMEM62,UC_vs_CD,-1.1602,0.044856
PC_IgA__TRIM69__UC_vs_CD,PC IgA,TRIM69,UC_vs_CD,-1.0783,0.0018407
PC_IgA__SEMA7A__UC_vs_CD,PC IgA,SEMA7A,UC_vs_CD,-2.5061,0.012963
PC_IgA__STARD5__UC_vs_CD,PC IgA,STARD5,UC_vs_CD,1.1435,0.00058876
PC_IgA__SPN__UC_vs_CD,PC IgA,SPN,UC_vs_CD,-1.2665,0.012549
PC_IgA__ZG16__UC_vs_CD,PC IgA,ZG16,UC_vs_CD,-4.0813,0.00012546
PC_IgA__MT1G__UC_vs_CD,PC IgA,MT1G,UC_vs_CD,-3.1438,0.01715
PC_IgA__NFAT5__UC_vs_CD,PC IgA,NFAT5,UC_vs_CD,-1.1479,0.013685
PC_IgA__FAM92B__UC_vs_CD,PC IgA,FAM92B,UC_vs_CD,1.9546,0.00059307
PC_IgA__PIEZO1__UC_vs_CD,PC IgA,PIEZO1,UC_vs_CD,-1.2327,0.02003
PC_IgA__RPL13__UC_vs_CD,PC IgA,RPL13,UC_vs_CD,-2.2039,0.038314
PC_IgA__KDM6B__UC_vs_CD,PC IgA,KDM6B,UC_vs_CD,-2.391,2.11e-06
PC_IgA__CCDC144A__UC_vs_CD,PC IgA,CCDC144A,UC_vs_CD,2.1663,0.00010665
PC_IgA__TNFRSF13B__UC_vs_CD,PC IgA,TNFRSF13B,UC_vs_CD,-1.3334,0.00059087
PC_IgA__CCL5__UC_vs_CD,PC IgA,CCL5,UC_vs_CD,-1.916,0.014087
PC_IgA__AC008105.3__UC_vs_CD,PC IgA,AC008105.3,UC_vs_CD,-1.1606,0.0079315
PC_IgA__KANSL1-AS1__UC_vs_CD,PC IgA,KANSL1-AS1,UC_vs_CD,-3.3568,0.0083346
PC_IgA__TMC6__UC_vs_CD,PC IgA,TMC6,UC_vs_CD,-1.1188,0.049809
PC_IgA__CBX4__UC_vs_CD,PC IgA,CBX4,UC_vs_CD,-1.4283,0.0057897
PC_IgA__YES1__UC_vs_CD,PC IgA,YES1,UC_vs_CD,-1.4992,0.0055134
PC_IgA__LAMP5__UC_vs_CD,PC IgA,LAMP5,UC_vs_CD,2.1286,0.014868
PC_IgA__NORAD__UC_vs_CD,PC IgA,NORAD,UC_vs_CD,-1.2476,0.0013273
PC_IgA__BCAS4__UC_vs_CD,PC IgA,BCAS4,UC_vs_CD,-1.256,0.0089875
PC_IgA__MOB3A__UC_vs_CD,PC IgA,MOB3A,UC_vs_CD,-1.0492,0.023641
PC_IgA__TICAM1__UC_vs_CD,PC IgA,TICAM1,UC_vs_CD,-1.7601,0.019859
PC_IgA__KDM4B__UC_vs_CD,PC IgA,KDM4B,UC_vs_CD,-1.1934,0.0013273
PC_IgA__PRDX2__UC_vs_CD,PC IgA,PRDX2,UC_vs_CD,1.0683,8.1358e-05
PC_IgA__AC020916.1__UC_vs_CD,PC IgA,AC020916.1,UC_vs_CD,-1.1292,0.0018788
PC_IgA__SPINT2__UC_vs_CD,PC IgA,SPINT2,UC_vs_CD,-1.3975,0.046604
PC_IgA__LGALS4__UC_vs_CD,PC IgA,LGALS4,UC_vs_CD,-3.5081,9.151e-05
PC_IgA__FCGBP__UC_vs_CD,PC IgA,FCGBP,UC_vs_CD,-2.1429,0.016964
PC_IgA__BLVRB__UC_vs_CD,PC IgA,BLVRB,UC_vs_CD,1.0222,0.03518
PC_IgA__CD79A__UC_vs_CD,PC IgA,CD79A,UC_vs_CD,1.0178,0.0021914
PC_IgA__KMT5C__UC_vs_CD,PC IgA,KMT5C,UC_vs_CD,-1.1063,0.023641
PC_IgA__ZNF324__UC_vs_CD,PC IgA,ZNF324,UC_vs_CD,-1.122,0.017431
PC_IgA__IGLV4-60__UC_vs_CD,PC IgA,IGLV4-60,UC_vs_CD,3.3811,0.0057626
PC_IgA__IGLV3-21__UC_vs_CD,PC IgA,IGLV3-21,UC_vs_CD,4.2533,3.5477e-07
PC_IgA__IGLC3__UC_vs_CD,PC IgA,IGLC3,UC_vs_CD,1.2358,0.012463
PC_IgA__IGLC5__UC_vs_CD,PC IgA,IGLC5,UC_vs_CD,-2.4848,0.014233
PC_IgA__IGLC7__UC_vs_CD,PC IgA,IGLC7,UC_vs_CD,6.0885,0.0025117
PC_IgA__LARGE1__UC_vs_CD,PC IgA,LARGE1,UC_vs_CD,-1.2065,0.013461
PC_IgA__SREBF2__UC_vs_CD,PC IgA,SREBF2,UC_vs_CD,-1.0731,0.014501
PC_IgA__APP__UC_vs_CD,PC IgA,APP,UC_vs_CD,-2.2499,0.0070591
PC_IgA__TFF3__UC_vs_CD,PC IgA,TFF3,UC_vs_CD,-2.8301,0.00010665
PC_IgA__COL18A1__UC_vs_CD,PC IgA,COL18A1,UC_vs_CD,-1.3463,0.041564
PC_IgA__AC233755.2__UC_vs_CD,PC IgA,AC233755.2,UC_vs_CD,2.9145,0.021407
PC_IgG__TNFRSF18__UC_vs_HC,PC IgG,TNFRSF18,UC_vs_HC,-3.6444,0.022366
PC_IgG__SLC2A5__UC_vs_HC,PC IgG,SLC2A5,UC_vs_HC,3.4594,0.034492
PC_IgG__ID3__UC_vs_HC,PC IgG,ID3,UC_vs_HC,-2.6666,0.0055516
PC_IgG__MDS2__UC_vs_HC,PC IgG,MDS2,UC_vs_HC,-4.5319,0.043355
PC_IgG__RSRP1__UC_vs_HC,PC IgG,RSRP1,UC_vs_HC,-1.3067,0.0033243
PC_IgG__SMPDL3B__UC_vs_HC,PC IgG,SMPDL3B,UC_vs_HC,2.3856,0.044794
PC_IgG__AGO3__UC_vs_HC,PC IgG,AGO3,UC_vs_HC,-1.5563,0.032251
PC_IgG__PABPC4__UC_vs_HC,PC IgG,PABPC4,UC_vs_HC,-1.7755,0.00010797
PC_IgG__COL9A2__UC_vs_HC,PC IgG,COL9A2,UC_vs_HC,-3.4273,0.0015799
PC_IgG__SMAP2__UC_vs_HC,PC IgG,SMAP2,UC_vs_HC,1.7517,0.007238
PC_IgG__AKR1A1__UC_vs_HC,PC IgG,AKR1A1,UC_vs_HC,1.2953,2.1151e-06
PC_IgG__CDKN2C__UC_vs_HC,PC IgG,CDKN2C,UC_vs_HC,3.7434,0.00013253
PC_IgG__ECHDC2__UC_vs_HC,PC IgG,ECHDC2,UC_vs_HC,-2.1974,0.0082424
PC_IgG__TTLL7__UC_vs_HC,PC IgG,TTLL7,UC_vs_HC,-2.3456,0.010852
PC_IgG__GNG5__UC_vs_HC,PC IgG,GNG5,UC_vs_HC,1.2671,0.0099437
PC_IgG__GBP5__UC_vs_HC,PC IgG,GBP5,UC_vs_HC,3.5796,0.020012
PC_IgG__MTF2__UC_vs_HC,PC IgG,MTF2,UC_vs_HC,-1.2342,0.04673
PC_IgG__CNN3__UC_vs_HC,PC IgG,CNN3,UC_vs_HC,-3.8799,0.026664
PC_IgG__SLC25A24__UC_vs_HC,PC IgG,SLC25A24,UC_vs_HC,-2.9116,0.0047727
PC_IgG__TRIM33__UC_vs_HC,PC IgG,TRIM33,UC_vs_HC,-1.0937,0.048732
PC_IgG__DENND2C__UC_vs_HC,PC IgG,DENND2C,UC_vs_HC,-1.6622,0.020012
PC_IgG__AMPD1__UC_vs_HC,PC IgG,AMPD1,UC_vs_HC,-3.8033,1.1639e-07
PC_IgG__CSDE1__UC_vs_HC,PC IgG,CSDE1,UC_vs_HC,-1.1712,2.8102e-05
PC_IgG__AC245297.3__UC_vs_HC,PC IgG,AC245297.3,UC_vs_HC,-2.8476,1.9383e-08
PC_IgG__MCL1__UC_vs_HC,PC IgG,MCL1,UC_vs_HC,-1.1947,0.033777
PC_IgG__S100A10__UC_vs_HC,PC IgG,S100A10,UC_vs_HC,-2.1856,0.0016412
PC_IgG__S100A4__UC_vs_HC,PC IgG,S100A4,UC_vs_HC,-1.2109,0.043962
PC_IgG__RPS27__UC_vs_HC,PC IgG,RPS27,UC_vs_HC,-1.2475,0.016273
PC_IgG__ATP8B2__UC_vs_HC,PC IgG,ATP8B2,UC_vs_HC,-1.2889,0.047995
PC_IgG__KCNN3__UC_vs_HC,PC IgG,KCNN3,UC_vs_HC,1.8114,0.0014797
PC_IgG__PBXIP1__UC_vs_HC,PC IgG,PBXIP1,UC_vs_HC,-1.412,0.049805
PC_IgG__SLC50A1__UC_vs_HC,PC IgG,SLC50A1,UC_vs_HC,1.3664,0.0029911
PC_IgG__FDPS__UC_vs_HC,PC IgG,FDPS,UC_vs_HC,1.0154,0.0028662
PC_IgG__LMNA__UC_vs_HC,PC IgG,LMNA,UC_vs_HC,-3.6886,2.9025e-07
PC_IgG__PRCC__UC_vs_HC,PC IgG,PRCC,UC_vs_HC,1.6132,0.0099437
PC_IgG__ETV3__UC_vs_HC,PC IgG,ETV3,UC_vs_HC,-2.0056,0.018533
PC_IgG__TAGLN2__UC_vs_HC,PC IgG,TAGLN2,UC_vs_HC,-1.6844,0.00139
PC_IgG__CD48__UC_vs_HC,PC IgG,CD48,UC_vs_HC,-2.7359,3.1949e-07
PC_IgG__FCGR2B__UC_vs_HC,PC IgG,FCGR2B,UC_vs_HC,2.0116,0.00222
PC_IgG__RGS5__UC_vs_HC,PC IgG,RGS5,UC_vs_HC,-3.6496,0.034311
PC_IgG__RALGPS2__UC_vs_HC,PC IgG,RALGPS2,UC_vs_HC,1.13,0.018788
PC_IgG__RGS2__UC_vs_HC,PC IgG,RGS2,UC_vs_HC,-1.5072,0.0040296
PC_IgG__BTG2__UC_vs_HC,PC IgG,BTG2,UC_vs_HC,1.3959,0.039099
PC_IgG__PPP1R15B__UC_vs_HC,PC IgG,PPP1R15B,UC_vs_HC,-1.5472,5.4562e-05
PC_IgG__MIR29B2CHG__UC_vs_HC,PC IgG,MIR29B2CHG,UC_vs_HC,-1.37,0.0040741
PC_IgG__TAF1A__UC_vs_HC,PC IgG,TAF1A,UC_vs_HC,-3.1971,0.018573
PC_IgG__AKT3__UC_vs_HC,PC IgG,AKT3,UC_vs_HC,-2.7018,0.022366
PC_IgG__FOSL2__UC_vs_HC,PC IgG,FOSL2,UC_vs_HC,-2.2226,0.00016889
PC_IgG__RASGRP3__UC_vs_HC,PC IgG,RASGRP3,UC_vs_HC,-1.7594,0.0020832
PC_IgG__CDC42EP3__UC_vs_HC,PC IgG,CDC42EP3,UC_vs_HC,-1.6072,0.020365
PC_IgG__SRSF7__UC_vs_HC,PC IgG,SRSF7,UC_vs_HC,-1.0812,0.036971
PC_IgG__ERLEC1__UC_vs_HC,PC IgG,ERLEC1,UC_vs_HC,1.3798,0.024771
PC_IgG__BOLA3__UC_vs_HC,PC IgG,BOLA3,UC_vs_HC,1.7934,0.019251
PC_IgG__FABP1__UC_vs_HC,PC IgG,FABP1,UC_vs_HC,-5.2883,1.8757e-07
PC_IgG__IGKC__UC_vs_HC,PC IgG,IGKC,UC_vs_HC,1.0944,0.00082867
PC_IgG__IGKV4-1__UC_vs_HC,PC IgG,IGKV4-1,UC_vs_HC,2.8721,2.6423e-05
PC_IgG__IGKV1-9__UC_vs_HC,PC IgG,IGKV1-9,UC_vs_HC,5.5594,0.0022146
PC_IgG__IGKV3-20__UC_vs_HC,PC IgG,IGKV3-20,UC_vs_HC,2.4211,0.0070402
PC_IgG__IGKV1D-39__UC_vs_HC,PC IgG,IGKV1D-39,UC_vs_HC,3.7538,0.012781
PC_IgG__ARID5A__UC_vs_HC,PC IgG,ARID5A,UC_vs_HC,-1.7169,0.0065536
PC_IgG__INPP4A__UC_vs_HC,PC IgG,INPP4A,UC_vs_HC,-1.2576,0.020318
PC_IgG__CCDC93__UC_vs_HC,PC IgG,CCDC93,UC_vs_HC,-2.1001,0.00061202
PC_IgG__EPB41L5__UC_vs_HC,PC IgG,EPB41L5,UC_vs_HC,-3.5755,0.001233
PC_IgG__KYNU__UC_vs_HC,PC IgG,KYNU,UC_vs_HC,-4.5575,0.018297
PC_IgG__LYPD6B__UC_vs_HC,PC IgG,LYPD6B,UC_vs_HC,-2.5855,0.04673
PC_IgG__NR4A2__UC_vs_HC,PC IgG,NR4A2,UC_vs_HC,-1.912,7.2187e-06
PC_IgG__PKP4__UC_vs_HC,PC IgG,PKP4,UC_vs_HC,-2.6996,0.049076
PC_IgG__PSMD14__UC_vs_HC,PC IgG,PSMD14,UC_vs_HC,1.3439,0.0041441
PC_IgG__GALNT3__UC_vs_HC,PC IgG,GALNT3,UC_vs_HC,-2.5466,0.011357
PC_IgG__WIPF1__UC_vs_HC,PC IgG,WIPF1,UC_vs_HC,-1.1325,0.0036654
PC_IgG__ATP5MC3__UC_vs_HC,PC IgG,ATP5MC3,UC_vs_HC,1.2409,4.9766e-05
PC_IgG__STAT4__UC_vs_HC,PC IgG,STAT4,UC_vs_HC,-3.0481,0.0022822
PC_IgG__PGAP1__UC_vs_HC,PC IgG,PGAP1,UC_vs_HC,-5.657,0.00043142
PC_IgG__NDUFB3__UC_vs_HC,PC IgG,NDUFB3,UC_vs_HC,1.4301,2.3492e-05
PC_IgG__ZDBF2__UC_vs_HC,PC IgG,ZDBF2,UC_vs_HC,-1.5358,0.020318
PC_IgG__WNT10A__UC_vs_HC,PC IgG,WNT10A,UC_vs_HC,-2.7274,0.035792
PC_IgG__THUMPD3-AS1__UC_vs_HC,PC IgG,THUMPD3-AS1,UC_vs_HC,-1.0727,0.020641
PC_IgG__XPC__UC_vs_HC,PC IgG,XPC,UC_vs_HC,-1.2047,0.011403
PC_IgG__CSRNP1__UC_vs_HC,PC IgG,CSRNP1,UC_vs_HC,-1.9467,8.4897e-05
PC_IgG__RBM5__UC_vs_HC,PC IgG,RBM5,UC_vs_HC,-1.006,0.0099375
PC_IgG__C3orf18__UC_vs_HC,PC IgG,C3orf18,UC_vs_HC,-3.7531,0.043852
PC_IgG__ABHD14B__UC_vs_HC,PC IgG,ABHD14B,UC_vs_HC,-1.0746,0.033786
PC_IgG__FOXP1__UC_vs_HC,PC IgG,FOXP1,UC_vs_HC,-2.6883,0.00026332
PC_IgG__PLXNA1__UC_vs_HC,PC IgG,PLXNA1,UC_vs_HC,-3.9143,0.016314
PC_IgG__MLF1__UC_vs_HC,PC IgG,MLF1,UC_vs_HC,-3.8821,0.0033256
PC_IgG__SERPINI1__UC_vs_HC,PC IgG,SERPINI1,UC_vs_HC,2.5109,0.0068899
PC_IgG__PHC3__UC_vs_HC,PC IgG,PHC3,UC_vs_HC,-1.0123,0.046832
PC_IgG__ALG3__UC_vs_HC,PC IgG,ALG3,UC_vs_HC,1.4028,0.042203
PC_IgG__EIF4A2__UC_vs_HC,PC IgG,EIF4A2,UC_vs_HC,-1.3211,0.0095956
PC_IgG__CD38__UC_vs_HC,PC IgG,CD38,UC_vs_HC,1.5115,0.001371
PC_IgG__LAP3__UC_vs_HC,PC IgG,LAP3,UC_vs_HC,1.3297,0.0011192
PC_IgG__MED28__UC_vs_HC,PC IgG,MED28,UC_vs_HC,-1.1165,0.018788
PC_IgG__SMIM20__UC_vs_HC,PC IgG,SMIM20,UC_vs_HC,1.4511,0.0022702
PC_IgG__SPINK2__UC_vs_HC,PC IgG,SPINK2,UC_vs_HC,-5.6315,6.8e-16
PC_IgG__ENAM__UC_vs_HC,PC IgG,ENAM,UC_vs_HC,-2.6303,0.0055516
PC_IgG__JCHAIN__UC_vs_HC,PC IgG,JCHAIN,UC_vs_HC,-2.6274,1.7984e-06
PC_IgG__UTP3__UC_vs_HC,PC IgG,UTP3,UC_vs_HC,-1.5723,0.036098
PC_IgG__ABCG2__UC_vs_HC,PC IgG,ABCG2,UC_vs_HC,-3.6936,0.034492
PC_IgG__RPL34__UC_vs_HC,PC IgG,RPL34,UC_vs_HC,-1.0948,0.0073143
PC_IgG__JADE1__UC_vs_HC,PC IgG,JADE1,UC_vs_HC,-1.1498,0.032553
PC_IgG__NDUFC1__UC_vs_HC,PC IgG,NDUFC1,UC_vs_HC,1.3495,0.020012
PC_IgG__ELMOD2__UC_vs_HC,PC IgG,ELMOD2,UC_vs_HC,1.8933,0.018533
PC_IgG__RAPGEF2__UC_vs_HC,PC IgG,RAPGEF2,UC_vs_HC,-2.4081,0.0015301
PC_IgG__SPCS3__UC_vs_HC,PC IgG,SPCS3,UC_vs_HC,1.3117,0.0037587
PC_IgG__AGA__UC_vs_HC,PC IgG,AGA,UC_vs_HC,1.1087,0.024771
PC_IgG__PDLIM3__UC_vs_HC,PC IgG,PDLIM3,UC_vs_HC,-5.0367,0.00034522
PC_IgG__TPPP__UC_vs_HC,PC IgG,TPPP,UC_vs_HC,-3.7331,0.0090428
PC_IgG__CLPTM1L__UC_vs_HC,PC IgG,CLPTM1L,UC_vs_HC,1.3744,0.019251
PC_IgG__PARP8__UC_vs_HC,PC IgG,PARP8,UC_vs_HC,-2.158,0.020768
PC_IgG__PLPP1__UC_vs_HC,PC IgG,PLPP1,UC_vs_HC,-2.5648,0.042583
PC_IgG__RAD17__UC_vs_HC,PC IgG,RAD17,UC_vs_HC,1.7828,0.016093
PC_IgG__NAIP__UC_vs_HC,PC IgG,NAIP,UC_vs_HC,-2.0669,0.029641
PC_IgG__SSBP2__UC_vs_HC,PC IgG,SSBP2,UC_vs_HC,-2.0393,0.0010618
PC_IgG__CCNH__UC_vs_HC,PC IgG,CCNH,UC_vs_HC,-1.1646,0.023595
PC_IgG__GLRX__UC_vs_HC,PC IgG,GLRX,UC_vs_HC,1.6339,2.9025e-07
PC_IgG__DMXL1__UC_vs_HC,PC IgG,DMXL1,UC_vs_HC,-1.4133,0.0099482
PC_IgG__UQCRQ__UC_vs_HC,PC IgG,UQCRQ,UC_vs_HC,1.3367,0.0032583
PC_IgG__SAR1B__UC_vs_HC,PC IgG,SAR1B,UC_vs_HC,1.3513,2.335e-08
PC_IgG__MZB1__UC_vs_HC,PC IgG,MZB1,UC_vs_HC,1.216,1.9383e-08
PC_IgG__SRA1__UC_vs_HC,PC IgG,SRA1,UC_vs_HC,1.3357,0.0053326
PC_IgG__GM2A__UC_vs_HC,PC IgG,GM2A,UC_vs_HC,1.5202,0.047995
PC_IgG__MRPL22__UC_vs_HC,PC IgG,MRPL22,UC_vs_HC,1.4561,0.0016412
PC_IgG__THG1L__UC_vs_HC,PC IgG,THG1L,UC_vs_HC,-1.2723,0.036012
PC_IgG__CREBRF__UC_vs_HC,PC IgG,CREBRF,UC_vs_HC,-1.0957,0.032692
PC_IgG__GRK6__UC_vs_HC,PC IgG,GRK6,UC_vs_HC,-1.2817,0.0058004
PC_IgG__IRF4__UC_vs_HC,PC IgG,IRF4,UC_vs_HC,-1.1844,0.042583
PC_IgG__SERPINB6__UC_vs_HC,PC IgG,SERPINB6,UC_vs_HC,-3.2355,0.00024061
PC_IgG__TUBB2A__UC_vs_HC,PC IgG,TUBB2A,UC_vs_HC,-2.6562,0.034492
PC_IgG__NEDD9__UC_vs_HC,PC IgG,NEDD9,UC_vs_HC,1.6811,0.013422
PC_IgG__MYLIP__UC_vs_HC,PC IgG,MYLIP,UC_vs_HC,-2.4771,0.0048674
PC_IgG__HIST1H1C__UC_vs_HC,PC IgG,HIST1H1C,UC_vs_HC,1.6542,0.036053
PC_IgG__HIST1H1D__UC_vs_HC,PC IgG,HIST1H1D,UC_vs_HC,2.727,0.0038211
PC_IgG__HCG18__UC_vs_HC,PC IgG,HCG18,UC_vs_HC,-1.4495,0.016093
PC_IgG__C6orf48__UC_vs_HC,PC IgG,C6orf48,UC_vs_HC,-2.0552,0.0012052
PC_IgG__PSMB8__UC_vs_HC,PC IgG,PSMB8,UC_vs_HC,1.4828,2.1151e-06
PC_IgG__PSMB9__UC_vs_HC,PC IgG,PSMB9,UC_vs_HC,1.0062,0.016502
PC_IgG__HLA-DMA__UC_vs_HC,PC IgG,HLA-DMA,UC_vs_HC,1.7335,5.3138e-06
PC_IgG__PFDN6__UC_vs_HC,PC IgG,PFDN6,UC_vs_HC,1.2607,0.023572
PC_IgG__UQCC2__UC_vs_HC,PC IgG,UQCC2,UC_vs_HC,1.4293,4.5152e-05
PC_IgG__CPNE5__UC_vs_HC,PC IgG,CPNE5,UC_vs_HC,1.2721,0.0038112
PC_IgG__MRPL14__UC_vs_HC,PC IgG,MRPL14,UC_vs_HC,1.5341,0.0040399
PC_IgG__EEF1A1__UC_vs_HC,PC IgG,EEF1A1,UC_vs_HC,-1.3543,0.00065182
PC_IgG__COX7A2__UC_vs_HC,PC IgG,COX7A2,UC_vs_HC,1.2042,0.00031357
PC_IgG__NT5E__UC_vs_HC,PC IgG,NT5E,UC_vs_HC,-4.4372,0.0040296
PC_IgG__RRAGD__UC_vs_HC,PC IgG,RRAGD,UC_vs_HC,-2.7814,0.014887
PC_IgG__GPR63__UC_vs_HC,PC IgG,GPR63,UC_vs_HC,-4.1875,0.028529
PC_IgG__CRYBG1__UC_vs_HC,PC IgG,CRYBG1,UC_vs_HC,-5.2804,0.0026865
PC_IgG__FOXO3__UC_vs_HC,PC IgG,FOXO3,UC_vs_HC,-1.1646,0.0037038
PC_IgG__TSPYL1__UC_vs_HC,PC IgG,TSPYL1,UC_vs_HC,-1.1398,0.0055516
PC_IgG__HDDC2__UC_vs_HC,PC IgG,HDDC2,UC_vs_HC,1.3149,0.048813
PC_IgG__EPB41L2__UC_vs_HC,PC IgG,EPB41L2,UC_vs_HC,-4.0719,1.1895e-05
PC_IgG__TNFAIP3__UC_vs_HC,PC IgG,TNFAIP3,UC_vs_HC,-1.4377,0.038881
PC_IgG__PERP__UC_vs_HC,PC IgG,PERP,UC_vs_HC,-3.1976,0.0014797
PC_IgG__ARFGEF3__UC_vs_HC,PC IgG,ARFGEF3,UC_vs_HC,-3.6176,0.010852
PC_IgG__UTRN__UC_vs_HC,PC IgG,UTRN,UC_vs_HC,-1.0953,0.044179
PC_IgG__TIAM2__UC_vs_HC,PC IgG,TIAM2,UC_vs_HC,-3.0283,0.0065621
PC_IgG__SYTL3__UC_vs_HC,PC IgG,SYTL3,UC_vs_HC,-1.5464,0.014932
PC_IgG__EZR__UC_vs_HC,PC IgG,EZR,UC_vs_HC,-2.3037,0.0035483
PC_IgG__ACTB__UC_vs_HC,PC IgG,ACTB,UC_vs_HC,1.2309,0.032553
PC_IgG__AC004130.1__UC_vs_HC,PC IgG,AC004130.1,UC_vs_HC,-3.4406,0.00022922
PC_IgG__AEBP1__UC_vs_HC,PC IgG,AEBP1,UC_vs_HC,-4.1963,0.0011975
PC_IgG__CLDN3__UC_vs_HC,PC IgG,CLDN3,UC_vs_HC,-4.7726,0.043126
PC_IgG__CLDN4__UC_vs_HC,PC IgG,CLDN4,UC_vs_HC,-5.3809,0.00030047
PC_IgG__POMZP3__UC_vs_HC,PC IgG,POMZP3,UC_vs_HC,-2.5884,0.048732
PC_IgG__ATP5MF__UC_vs_HC,PC IgG,ATP5MF,UC_vs_HC,1.2916,0.0025344
PC_IgG__ZNF394__UC_vs_HC,PC IgG,ZNF394,UC_vs_HC,-1.366,0.0098814
PC_IgG__ACHE__UC_vs_HC,PC IgG,ACHE,UC_vs_HC,-4.179,0.014932
PC_IgG__SYPL1__UC_vs_HC,PC IgG,SYPL1,UC_vs_HC,-1.268,0.042203
PC_IgG__NAMPT__UC_vs_HC,PC IgG,NAMPT,UC_vs_HC,-1.4202,0.0074447
PC_IgG__IFRD1__UC_vs_HC,PC IgG,IFRD1,UC_vs_HC,-1.4843,0.048366
PC_IgG__TFEC__UC_vs_HC,PC IgG,TFEC,UC_vs_HC,-3.0205,0.037321
PC_IgG__CAV1__UC_vs_HC,PC IgG,CAV1,UC_vs_HC,2.7424,0.00048874
PC_IgG__ATP6V1F__UC_vs_HC,PC IgG,ATP6V1F,UC_vs_HC,1.0653,0.00061202
PC_IgG__STMP1__UC_vs_HC,PC IgG,STMP1,UC_vs_HC,1.4116,0.047804
PC_IgG__TBXAS1__UC_vs_HC,PC IgG,TBXAS1,UC_vs_HC,2.0887,0.014705
PC_IgG__LINC00996__UC_vs_HC,PC IgG,LINC00996,UC_vs_HC,-3.5546,7.2187e-06
PC_IgG__PAXIP1-AS2__UC_vs_HC,PC IgG,PAXIP1-AS2,UC_vs_HC,-3.9712,0.00025269
PC_IgG__ESYT2__UC_vs_HC,PC IgG,ESYT2,UC_vs_HC,-1.4588,0.019251
PC_IgG__MSL3__UC_vs_HC,PC IgG,MSL3,UC_vs_HC,1.957,0.0077347
PC_IgG__PRPS2__UC_vs_HC,PC IgG,PRPS2,UC_vs_HC,-1.727,0.0079478
PC_IgG__OFD1__UC_vs_HC,PC IgG,OFD1,UC_vs_HC,-2.0559,1.1304e-05
PC_IgG__BCLAF3__UC_vs_HC,PC IgG,BCLAF3,UC_vs_HC,-2.2535,0.049805
PC_IgG__DDX3X__UC_vs_HC,PC IgG,DDX3X,UC_vs_HC,-1.2977,0.0096321
PC_IgG__MIR222HG__UC_vs_HC,PC IgG,MIR222HG,UC_vs_HC,-3.6112,0.0059955
PC_IgG__TIMP1__UC_vs_HC,PC IgG,TIMP1,UC_vs_HC,-2.2731,0.015031
PC_IgG__SLC38A5__UC_vs_HC,PC IgG,SLC38A5,UC_vs_HC,1.5374,0.012036
PC_IgG__TSPYL2__UC_vs_HC,PC IgG,TSPYL2,UC_vs_HC,-1.8517,0.00048425
PC_IgG__CYSLTR1__UC_vs_HC,PC IgG,CYSLTR1,UC_vs_HC,1.5571,0.019117
PC_IgG__P2RY10__UC_vs_HC,PC IgG,P2RY10,UC_vs_HC,-1.9434,0.0036654
PC_IgG__GLA__UC_vs_HC,PC IgG,GLA,UC_vs_HC,-1.6282,0.034008
PC_IgG__ZMAT1__UC_vs_HC,PC IgG,ZMAT1,UC_vs_HC,-3.7902,0.0018292
PC_IgG__BEX2__UC_vs_HC,PC IgG,BEX2,UC_vs_HC,-2.2273,0.0045329
PC_IgG__FAM122C__UC_vs_HC,PC IgG,FAM122C,UC_vs_HC,-2.132,0.033786
PC_IgG__FHL1__UC_vs_HC,PC IgG,FHL1,UC_vs_HC,-6.3441,0.0037338
PC_IgG__IDS__UC_vs_HC,PC IgG,IDS,UC_vs_HC,-1.3607,0.001233
PC_IgG__MTUS1__UC_vs_HC,PC IgG,MTUS1,UC_vs_HC,-2.7297,0.016502
PC_IgG__PCM1__UC_vs_HC,PC IgG,PCM1,UC_vs_HC,-1.811,1.4434e-07
PC_IgG__PNOC__UC_vs_HC,PC IgG,PNOC,UC_vs_HC,1.3682,0.00083616
PC_IgG__DUSP26__UC_vs_HC,PC IgG,DUSP26,UC_vs_HC,-2.3339,0.012664
PC_IgG__LSM1__UC_vs_HC,PC IgG,LSM1,UC_vs_HC,1.1468,0.0039847
PC_IgG__PLAG1__UC_vs_HC,PC IgG,PLAG1,UC_vs_HC,-2.1907,0.043704
PC_IgG__LY96__UC_vs_HC,PC IgG,LY96,UC_vs_HC,1.3226,0.0011373
PC_IgG__ZBTB10__UC_vs_HC,PC IgG,ZBTB10,UC_vs_HC,-3.2918,2.1151e-06
PC_IgG__CA2__UC_vs_HC,PC IgG,CA2,UC_vs_HC,-3.0911,0.043976
PC_IgG__CPNE3__UC_vs_HC,PC IgG,CPNE3,UC_vs_HC,1.4908,0.011026
PC_IgG__DECR1__UC_vs_HC,PC IgG,DECR1,UC_vs_HC,1.4004,0.0073143
PC_IgG__NDUFAF6__UC_vs_HC,PC IgG,NDUFAF6,UC_vs_HC,2.6749,4.5152e-05
PC_IgG__TP53INP1__UC_vs_HC,PC IgG,TP53INP1,UC_vs_HC,1.5432,0.010099
PC_IgG__ZNF706__UC_vs_HC,PC IgG,ZNF706,UC_vs_HC,1.4981,0.036932
PC_IgG__PKHD1L1__UC_vs_HC,PC IgG,PKHD1L1,UC_vs_HC,1.682,0.0065621
PC_IgG__DERL1__UC_vs_HC,PC IgG,DERL1,UC_vs_HC,1.2237,0.0041441
PC_IgG__NDUFB9__UC_vs_HC,PC IgG,NDUFB9,UC_vs_HC,1.3434,0.0045428
PC_IgG__PTP4A3__UC_vs_HC,PC IgG,PTP4A3,UC_vs_HC,4.1895,0.047785
PC_IgG__MLLT3__UC_vs_HC,PC IgG,MLLT3,UC_vs_HC,-2.0773,0.019251
PC_IgG__NDUFB6__UC_vs_HC,PC IgG,NDUFB6,UC_vs_HC,1.2108,0.0048674
PC_IgG__SIT1__UC_vs_HC,PC IgG,SIT1,UC_vs_HC,-2.1187,0.012846
PC_IgG__TPM2__UC_vs_HC,PC IgG,TPM2,UC_vs_HC,-4.5097,0.0017127
PC_IgG__ANXA1__UC_vs_HC,PC IgG,ANXA1,UC_vs_HC,-3.6491,0.029606
PC_IgG__NR4A3__UC_vs_HC,PC IgG,NR4A3,UC_vs_HC,-2.6378,0.0015159
PC_IgG__KLF4__UC_vs_HC,PC IgG,KLF4,UC_vs_HC,-5.6475,2.1293e-05
PC_IgG__WHRN__UC_vs_HC,PC IgG,WHRN,UC_vs_HC,-3.0511,0.00085166
PC_IgG__TRAF1__UC_vs_HC,PC IgG,TRAF1,UC_vs_HC,-3.4896,0.0047727
PC_IgG__DPM2__UC_vs_HC,PC IgG,DPM2,UC_vs_HC,1.0036,0.033532
PC_IgG__SH3GLB2__UC_vs_HC,PC IgG,SH3GLB2,UC_vs_HC,-1.3591,0.049326
PC_IgG__NTMT1__UC_vs_HC,PC IgG,NTMT1,UC_vs_HC,1.0761,0.038367
PC_IgG__RALGDS__UC_vs_HC,PC IgG,RALGDS,UC_vs_HC,-1.5673,0.042455
PC_IgG__PHPT1__UC_vs_HC,PC IgG,PHPT1,UC_vs_HC,1.2744,3.2834e-06
PC_IgG__SSNA1__UC_vs_HC,PC IgG,SSNA1,UC_vs_HC,1.0651,0.043976
PC_IgG__KCNQ1OT1__UC_vs_HC,PC IgG,KCNQ1OT1,UC_vs_HC,-1.422,0.0082424
PC_IgG__RIC3__UC_vs_HC,PC IgG,RIC3,UC_vs_HC,-2.0672,5.3138e-06
PC_IgG__MTCH2__UC_vs_HC,PC IgG,MTCH2,UC_vs_HC,1.4843,0.034209
PC_IgG__UBE2L6__UC_vs_HC,PC IgG,UBE2L6,UC_vs_HC,1.5512,0.011057
PC_IgG__AHNAK__UC_vs_HC,PC IgG,AHNAK,UC_vs_HC,-2.1328,0.00075838
PC_IgG__SSSCA1__UC_vs_HC,PC IgG,SSSCA1,UC_vs_HC,1.2474,0.023042
PC_IgG__CTSW__UC_vs_HC,PC IgG,CTSW,UC_vs_HC,-4.845,7.468e-08
PC_IgG__CEP126__UC_vs_HC,PC IgG,CEP126,UC_vs_HC,-3.5687,0.012589
PC_IgG__BIRC3__UC_vs_HC,PC IgG,BIRC3,UC_vs_HC,-1.5537,0.002787
PC_IgG__CARD16__UC_vs_HC,PC IgG,CARD16,UC_vs_HC,1.5758,0.038614
PC_IgG__TIMM8B__UC_vs_HC,PC IgG,TIMM8B,UC_vs_HC,1.3576,0.0016127
PC_IgG__CADM1__UC_vs_HC,PC IgG,CADM1,UC_vs_HC,3.279,1.9383e-08
PC_IgG__VIM__UC_vs_HC,PC IgG,VIM,UC_vs_HC,-1.4217,0.049991
PC_IgG__BMI1__UC_vs_HC,PC IgG,BMI1,UC_vs_HC,-1.5398,0.049805
PC_IgG__MARCH8__UC_vs_HC,PC IgG,MARCH8,UC_vs_HC,-1.7536,0.0002997
PC_IgG__JMJD1C__UC_vs_HC,PC IgG,JMJD1C,UC_vs_HC,-1.5211,0.0048674
PC_IgG__SRGN__UC_vs_HC,PC IgG,SRGN,UC_vs_HC,-1.1275,0.020012
PC_IgG__MRPS16__UC_vs_HC,PC IgG,MRPS16,UC_vs_HC,1.0893,0.0026865
PC_IgG__FAM213A__UC_vs_HC,PC IgG,FAM213A,UC_vs_HC,-2.9149,0.0048981
PC_IgG__ADIRF__UC_vs_HC,PC IgG,ADIRF,UC_vs_HC,-5.1217,0.0016127
PC_IgG__RRP12__UC_vs_HC,PC IgG,RRP12,UC_vs_HC,-2.0209,0.00023258
PC_IgG__CWF19L1__UC_vs_HC,PC IgG,CWF19L1,UC_vs_HC,-1.9958,0.021944
PC_IgG__NDUFB8__UC_vs_HC,PC IgG,NDUFB8,UC_vs_HC,1.0274,0.00055721
PC_IgG__NFKB2__UC_vs_HC,PC IgG,NFKB2,UC_vs_HC,-2.127,5.9202e-05
PC_IgG__ARL3__UC_vs_HC,PC IgG,ARL3,UC_vs_HC,1.2479,0.042203
PC_IgG__AC026369.3__UC_vs_HC,PC IgG,AC026369.3,UC_vs_HC,-2.8782,0.032049
PC_IgG__CCND2__UC_vs_HC,PC IgG,CCND2,UC_vs_HC,5.2452,1.7563e-07
PC_IgG__CD9__UC_vs_HC,PC IgG,CD9,UC_vs_HC,-1.8192,0.014705
PC_IgG__CD27__UC_vs_HC,PC IgG,CD27,UC_vs_HC,-1.3116,0.0017761
PC_IgG__CLECL1__UC_vs_HC,PC IgG,CLECL1,UC_vs_HC,-2.7379,0.0040296
PC_IgG__CD69__UC_vs_HC,PC IgG,CD69,UC_vs_HC,-4.0297,1.28e-07
PC_IgG__GABARAPL1__UC_vs_HC,PC IgG,GABARAPL1,UC_vs_HC,-2.1004,0.0029875
PC_IgG__GPRC5D__UC_vs_HC,PC IgG,GPRC5D,UC_vs_HC,-4.195,0.0020329
PC_IgG__ARNTL2__UC_vs_HC,PC IgG,ARNTL2,UC_vs_HC,-3.2089,0.028626
PC_IgG__TUBA1A__UC_vs_HC,PC IgG,TUBA1A,UC_vs_HC,-4.064,3.8418e-05
PC_IgG__TMBIM6__UC_vs_HC,PC IgG,TMBIM6,UC_vs_HC,1.4284,3.6443e-05
PC_IgG__LETMD1__UC_vs_HC,PC IgG,LETMD1,UC_vs_HC,-1.229,0.010246
PC_IgG__EIF4B__UC_vs_HC,PC IgG,EIF4B,UC_vs_HC,-1.1024,0.010904
PC_IgG__PCBP2__UC_vs_HC,PC IgG,PCBP2,UC_vs_HC,-1.0446,3.6443e-05
PC_IgG__HNRNPA1__UC_vs_HC,PC IgG,HNRNPA1,UC_vs_HC,-1.3843,0.0033486
PC_IgG__IL23A__UC_vs_HC,PC IgG,IL23A,UC_vs_HC,-4.9629,1.5517e-07
PC_IgG__GLIPR1__UC_vs_HC,PC IgG,GLIPR1,UC_vs_HC,1.0219,0.03666
PC_IgG__SYT1__UC_vs_HC,PC IgG,SYT1,UC_vs_HC,-3.6367,0.018533
PC_IgG__DUSP6__UC_vs_HC,PC IgG,DUSP6,UC_vs_HC,-1.6787,0.034209
PC_IgG__POC1B-AS1__UC_vs_HC,PC IgG,POC1B-AS1,UC_vs_HC,-3.0003,0.00024061
PC_IgG__BTG1__UC_vs_HC,PC IgG,BTG1,UC_vs_HC,-1.5783,0.042583
PC_IgG__IKBIP__UC_vs_HC,PC IgG,IKBIP,UC_vs_HC,1.9314,0.012357
PC_IgG__WASHC3__UC_vs_HC,PC IgG,WASHC3,UC_vs_HC,1.1191,0.0014872
PC_IgG__HVCN1__UC_vs_HC,PC IgG,HVCN1,UC_vs_HC,-3.1583,0.00036837
PC_IgG__MLXIP__UC_vs_HC,PC IgG,MLXIP,UC_vs_HC,-1.1965,0.0092388
PC_IgG__NCOR2__UC_vs_HC,PC IgG,NCOR2,UC_vs_HC,-1.6762,0.006574
PC_IgG__POMP__UC_vs_HC,PC IgG,POMP,UC_vs_HC,1.1885,0.0015034
PC_IgG__SLC46A3__UC_vs_HC,PC IgG,SLC46A3,UC_vs_HC,-2.7294,0.020012
PC_IgG__N4BP2L1__UC_vs_HC,PC IgG,N4BP2L1,UC_vs_HC,-1.1842,0.018573
PC_IgG__NHLRC3__UC_vs_HC,PC IgG,NHLRC3,UC_vs_HC,-1.0297,0.039097
PC_IgG__DNAJC15__UC_vs_HC,PC IgG,DNAJC15,UC_vs_HC,1.1133,0.0036817
PC_IgG__LCP1__UC_vs_HC,PC IgG,LCP1,UC_vs_HC,2.4921,0.022983
PC_IgG__RNASE6__UC_vs_HC,PC IgG,RNASE6,UC_vs_HC,3.4767,1.3958e-05
PC_IgG__SLC22A17__UC_vs_HC,PC IgG,SLC22A17,UC_vs_HC,-3.5092,9.3103e-05
PC_IgG__PSME2__UC_vs_HC,PC IgG,PSME2,UC_vs_HC,1.9273,1.5517e-07
PC_IgG__ARHGAP5__UC_vs_HC,PC IgG,ARHGAP5,UC_vs_HC,-1.9258,0.00043142
PC_IgG__RALGAPA1__UC_vs_HC,PC IgG,RALGAPA1,UC_vs_HC,-1.2994,0.032553
PC_IgG__NIN__UC_vs_HC,PC IgG,NIN,UC_vs_HC,-1.6986,0.044179
PC_IgG__FRMD6__UC_vs_HC,PC IgG,FRMD6,UC_vs_HC,-4.9644,0.019735
PC_IgG__ESR2__UC_vs_HC,PC IgG,ESR2,UC_vs_HC,-1.6286,0.024771
PC_IgG__SMOC1__UC_vs_HC,PC IgG,SMOC1,UC_vs_HC,-3.4855,0.013021
PC_IgG__ELMSAN1__UC_vs_HC,PC IgG,ELMSAN1,UC_vs_HC,-2.3888,0.012177
PC_IgG__CEP128__UC_vs_HC,PC IgG,CEP128,UC_vs_HC,1.535,0.029367
PC_IgG__RPS6KA5__UC_vs_HC,PC IgG,RPS6KA5,UC_vs_HC,-1.6492,1.6615e-05
PC_IgG__TC2N__UC_vs_HC,PC IgG,TC2N,UC_vs_HC,-5.0282,0.0058364
PC_IgG__IFI27L1__UC_vs_HC,PC IgG,IFI27L1,UC_vs_HC,1.5847,0.011403
PC_IgG__CLMN__UC_vs_HC,PC IgG,CLMN,UC_vs_HC,-1.9009,0.0073143
PC_IgG__EVL__UC_vs_HC,PC IgG,EVL,UC_vs_HC,-3.1447,4.5152e-05
PC_IgG__HSP90AA1__UC_vs_HC,PC IgG,HSP90AA1,UC_vs_HC,-1.1414,0.048568
PC_IgG__IGHA2__UC_vs_HC,PC IgG,IGHA2,UC_vs_HC,-5.4984,1.2135e-05
PC_IgG__IGHG2__UC_vs_HC,PC IgG,IGHG2,UC_vs_HC,-1.6484,0.021025
PC_IgG__IGHA1__UC_vs_HC,PC IgG,IGHA1,UC_vs_HC,-3.462,0.025664
PC_IgG__IGHG3__UC_vs_HC,PC IgG,IGHG3,UC_vs_HC,1.9917,0.0047727
PC_IgG__IGHM__UC_vs_HC,PC IgG,IGHM,UC_vs_HC,-5.1941,0.0040227
PC_IgG__IGHV3-15__UC_vs_HC,PC IgG,IGHV3-15,UC_vs_HC,4.3196,0.0026164
PC_IgG__IGHV1-18__UC_vs_HC,PC IgG,IGHV1-18,UC_vs_HC,6.1556,7.2698e-05
PC_IgG__IGHV1-24__UC_vs_HC,PC IgG,IGHV1-24,UC_vs_HC,3.3906,0.023466
PC_IgG__IGHV3-53__UC_vs_HC,PC IgG,IGHV3-53,UC_vs_HC,5.0471,0.012781
PC_IgG__IGHV1-69__UC_vs_HC,PC IgG,IGHV1-69,UC_vs_HC,4.0031,0.0058364
PC_IgG__AC012236.1__UC_vs_HC,PC IgG,AC012236.1,UC_vs_HC,2.4017,4.5113e-05
PC_IgG__GPR176__UC_vs_HC,PC IgG,GPR176,UC_vs_HC,-2.9101,0.033786
PC_IgG__MYO5A__UC_vs_HC,PC IgG,MYO5A,UC_vs_HC,-1.6258,0.012493
PC_IgG__PIAS1__UC_vs_HC,PC IgG,PIAS1,UC_vs_HC,-1.1929,0.016093
PC_IgG__CTSH__UC_vs_HC,PC IgG,CTSH,UC_vs_HC,1.1369,0.034937
PC_IgG__ABHD2__UC_vs_HC,PC IgG,ABHD2,UC_vs_HC,-1.7323,0.042583
PC_IgG__IQGAP1__UC_vs_HC,PC IgG,IQGAP1,UC_vs_HC,-1.0036,0.017485
PC_IgG__BAIAP3__UC_vs_HC,PC IgG,BAIAP3,UC_vs_HC,-4.774,0.014963
PC_IgG__NDUFB10__UC_vs_HC,PC IgG,NDUFB10,UC_vs_HC,1.4248,0.049805
PC_IgG__CORO7__UC_vs_HC,PC IgG,CORO7,UC_vs_HC,-2.2473,4.9766e-05
PC_IgG__SMG1__UC_vs_HC,PC IgG,SMG1,UC_vs_HC,-1.0537,0.03898
PC_IgG__NPIPB5__UC_vs_HC,PC IgG,NPIPB5,UC_vs_HC,-1.5546,0.014963
PC_IgG__ZG16__UC_vs_HC,PC IgG,ZG16,UC_vs_HC,-4.1874,0.020768
PC_IgG__MT2A__UC_vs_HC,PC IgG,MT2A,UC_vs_HC,-2.8937,0.0081443
PC_IgG__ADGRG5__UC_vs_HC,PC IgG,ADGRG5,UC_vs_HC,1.9588,0.021025
PC_IgG__RRAD__UC_vs_HC,PC IgG,RRAD,UC_vs_HC,-4.4702,0.0025289
PC_IgG__TMEM208__UC_vs_HC,PC IgG,TMEM208,UC_vs_HC,1.0834,0.000359
PC_IgG__NFAT5__UC_vs_HC,PC IgG,NFAT5,UC_vs_HC,-1.7158,0.0025289
PC_IgG__DNAAF1__UC_vs_HC,PC IgG,DNAAF1,UC_vs_HC,2.4235,0.013038
PC_IgG__FAM92B__UC_vs_HC,PC IgG,FAM92B,UC_vs_HC,2.5972,0.0079162
PC_IgG__DEF8__UC_vs_HC,PC IgG,DEF8,UC_vs_HC,1.8112,1.2135e-05
PC_IgG__TRPV3__UC_vs_HC,PC IgG,TRPV3,UC_vs_HC,-2.2659,0.028626
PC_IgG__PSMB6__UC_vs_HC,PC IgG,PSMB6,UC_vs_HC,1.4043,1.4991e-05
PC_IgG__TXNDC17__UC_vs_HC,PC IgG,TXNDC17,UC_vs_HC,1.2347,0.0032187
PC_IgG__KDM6B__UC_vs_HC,PC IgG,KDM6B,UC_vs_HC,-2.3753,2.1847e-05
PC_IgG__NAA38__UC_vs_HC,PC IgG,NAA38,UC_vs_HC,1.0401,0.019251
PC_IgG__AC005838.2__UC_vs_HC,PC IgG,AC005838.2,UC_vs_HC,-1.6587,0.028655
PC_IgG__TNFRSF13B__UC_vs_HC,PC IgG,TNFRSF13B,UC_vs_HC,-3.097,2.8184e-05
PC_IgG__B9D1__UC_vs_HC,PC IgG,B9D1,UC_vs_HC,1.5651,0.020839
PC_IgG__SPECC1__UC_vs_HC,PC IgG,SPECC1,UC_vs_HC,-2.404,0.018573
PC_IgG__MAP2K3__UC_vs_HC,PC IgG,MAP2K3,UC_vs_HC,-1.8931,9.2458e-05
PC_IgG__COA3__UC_vs_HC,PC IgG,COA3,UC_vs_HC,1.2561,0.0079478
PC_IgG__AC060780.1__UC_vs_HC,PC IgG,AC060780.1,UC_vs_HC,-1.2368,0.042595
PC_IgG__AC008105.3__UC_vs_HC,PC IgG,AC008105.3,UC_vs_HC,-1.6593,0.0013982
PC_IgG__FMNL1__UC_vs_HC,PC IgG,FMNL1,UC_vs_HC,-1.2708,0.00055721
PC_IgG__KANSL1__UC_vs_HC,PC IgG,KANSL1,UC_vs_HC,-1.0043,0.042583
PC_IgG__ATP5MC1__UC_vs_HC,PC IgG,ATP5MC1,UC_vs_HC,1.2774,1.4789e-05
PC_IgG__SLC35B1__UC_vs_HC,PC IgG,SLC35B1,UC_vs_HC,1.1305,0.038725
PC_IgG__NME1__UC_vs_HC,PC IgG,NME1,UC_vs_HC,1.5383,1.1639e-07
PC_IgG__CD79B__UC_vs_HC,PC IgG,CD79B,UC_vs_HC,1.1549,0.00017856
PC_IgG__SLC39A11__UC_vs_HC,PC IgG,SLC39A11,UC_vs_HC,1.6067,0.020581
PC_IgG__KIF19__UC_vs_HC,PC IgG,KIF19,UC_vs_HC,-1.8402,0.0016248
PC_IgG__JPT1__UC_vs_HC,PC IgG,JPT1,UC_vs_HC,1.4281,0.018474
PC_IgG__EXOC7__UC_vs_HC,PC IgG,EXOC7,UC_vs_HC,-1.2165,0.043355
PC_IgG__SYNGR2__UC_vs_HC,PC IgG,SYNGR2,UC_vs_HC,-1.0388,0.039442
PC_IgG__CYTH1__UC_vs_HC,PC IgG,CYTH1,UC_vs_HC,-1.4961,1.8218e-05
PC_IgG__RNF213__UC_vs_HC,PC IgG,RNF213,UC_vs_HC,1.0178,0.037843
PC_IgG__NDUFV2__UC_vs_HC,PC IgG,NDUFV2,UC_vs_HC,1.6801,5.5747e-07
PC_IgG__CHMP1B__UC_vs_HC,PC IgG,CHMP1B,UC_vs_HC,-1.2843,0.019064
PC_IgG__RBBP8__UC_vs_HC,PC IgG,RBBP8,UC_vs_HC,-2.282,1.2135e-05
PC_IgG__ELP2__UC_vs_HC,PC IgG,ELP2,UC_vs_HC,-1.2609,0.024668
PC_IgG__RPL17__UC_vs_HC,PC IgG,RPL17,UC_vs_HC,-1.5181,0.035917
PC_IgG__ACAA2__UC_vs_HC,PC IgG,ACAA2,UC_vs_HC,1.594,0.046359
PC_IgG__PMAIP1__UC_vs_HC,PC IgG,PMAIP1,UC_vs_HC,-2.1867,0.0303
PC_IgG__BCL2__UC_vs_HC,PC IgG,BCL2,UC_vs_HC,-2.4768,0.0011323
PC_IgG__PRNP__UC_vs_HC,PC IgG,PRNP,UC_vs_HC,-1.5354,0.046724
PC_IgG__LAMP5__UC_vs_HC,PC IgG,LAMP5,UC_vs_HC,4.6349,0.040622
PC_IgG__ID1__UC_vs_HC,PC IgG,ID1,UC_vs_HC,-4.1231,0.0034214
PC_IgG__GGT7__UC_vs_HC,PC IgG,GGT7,UC_vs_HC,-2.8583,0.035105
PC_IgG__MYL9__UC_vs_HC,PC IgG,MYL9,UC_vs_HC,-2.9626,0.002787
PC_IgG__ZFAS1__UC_vs_HC,PC IgG,ZFAS1,UC_vs_HC,-1.3621,0.019251
PC_IgG__BCAS4__UC_vs_HC,PC IgG,BCAS4,UC_vs_HC,-2.5716,0.019251
PC_IgG__CIRBP__UC_vs_HC,PC IgG,CIRBP,UC_vs_HC,-1.488,5.6431e-06
PC_IgG__GADD45B__UC_vs_HC,PC IgG,GADD45B,UC_vs_HC,-2.0987,0.0127
PC_IgG__EEF2__UC_vs_HC,PC IgG,EEF2,UC_vs_HC,-1.1719,0.0041717
PC_IgG__PRDX2__UC_vs_HC,PC IgG,PRDX2,UC_vs_HC,1.8878,1.9383e-08
PC_IgG__AC020916.1__UC_vs_HC,PC IgG,AC020916.1,UC_vs_HC,-2.7478,2.9025e-07
PC_IgG__IL27RA__UC_vs_HC,PC IgG,IL27RA,UC_vs_HC,-2.1502,0.00062409
PC_IgG__DDX39A__UC_vs_HC,PC IgG,DDX39A,UC_vs_HC,1.3874,0.0099482
PC_IgG__TECR__UC_vs_HC,PC IgG,TECR,UC_vs_HC,1.0086,0.0026865
PC_IgG__HOMER3__UC_vs_HC,PC IgG,HOMER3,UC_vs_HC,-3.1208,0.044794
PC_IgG__FXYD5__UC_vs_HC,PC IgG,FXYD5,UC_vs_HC,-1.2036,0.01345
PC_IgG__DMKN__UC_vs_HC,PC IgG,DMKN,UC_vs_HC,-3.3632,0.020386
PC_IgG__SPINT2__UC_vs_HC,PC IgG,SPINT2,UC_vs_HC,-1.6982,0.047443
PC_IgG__LGALS4__UC_vs_HC,PC IgG,LGALS4,UC_vs_HC,-4.3835,0.00030047
PC_IgG__FCGBP__UC_vs_HC,PC IgG,FCGBP,UC_vs_HC,-4.1602,0.0099482
PC_IgG__HNRNPUL1__UC_vs_HC,PC IgG,HNRNPUL1,UC_vs_HC,-1.1635,0.0063758
PC_IgG__FOSB__UC_vs_HC,PC IgG,FOSB,UC_vs_HC,-2.0672,0.00040488
PC_IgG__ZNF331__UC_vs_HC,PC IgG,ZNF331,UC_vs_HC,-2.3826,0.0040296
PC_IgG__MYADM__UC_vs_HC,PC IgG,MYADM,UC_vs_HC,-2.1492,5.6401e-05
PC_IgG__LILRB1__UC_vs_HC,PC IgG,LILRB1,UC_vs_HC,-1.4851,0.048599
PC_IgG__ZSCAN18__UC_vs_HC,PC IgG,ZSCAN18,UC_vs_HC,-2.43,0.0053316
PC_IgG__MZF1-AS1__UC_vs_HC,PC IgG,MZF1-AS1,UC_vs_HC,-3.3879,0.0053326
PC_IgG__DDX3Y__UC_vs_HC,PC IgG,DDX3Y,UC_vs_HC,-2.0345,0.014488
PC_IgG__MRPL40__UC_vs_HC,PC IgG,MRPL40,UC_vs_HC,1.2571,7.2187e-06
PC_IgG__IGLV1-47__UC_vs_HC,PC IgG,IGLV1-47,UC_vs_HC,4.9371,0.00026882
PC_IgG__IGLV3-21__UC_vs_HC,PC IgG,IGLV3-21,UC_vs_HC,4.4223,0.028497
PC_IgG__IGLV3-10__UC_vs_HC,PC IgG,IGLV3-10,UC_vs_HC,7.0132,0.041457
PC_IgG__IGLC7__UC_vs_HC,PC IgG,IGLC7,UC_vs_HC,4.9021,0.042583
PC_IgG__SMARCB1__UC_vs_HC,PC IgG,SMARCB1,UC_vs_HC,-1.1463,0.0037338
PC_IgG__APOL6__UC_vs_HC,PC IgG,APOL6,UC_vs_HC,1.4977,0.042063
PC_IgG__NCF4__UC_vs_HC,PC IgG,NCF4,UC_vs_HC,1.1766,0.0032126
PC_IgG__CENPM__UC_vs_HC,PC IgG,CENPM,UC_vs_HC,2.1714,0.034311
PC_IgG__Z93241.1__UC_vs_HC,PC IgG,Z93241.1,UC_vs_HC,-1.2609,0.039097
PC_IgG__DENND6B__UC_vs_HC,PC IgG,DENND6B,UC_vs_HC,-1.0566,0.0047727
PC_IgG__ATP5PF__UC_vs_HC,PC IgG,ATP5PF,UC_vs_HC,1.1106,3.1318e-06
PC_IgG__APP__UC_vs_HC,PC IgG,APP,UC_vs_HC,-2.7356,0.044381
PC_IgG__TIAM1__UC_vs_HC,PC IgG,TIAM1,UC_vs_HC,-3.2221,0.026519
PC_IgG__VPS26C__UC_vs_HC,PC IgG,VPS26C,UC_vs_HC,-1.3964,0.043355
PC_IgG__LINC01678__UC_vs_HC,PC IgG,LINC01678,UC_vs_HC,-2.2195,0.0096321
PC_IgG__ICOSLG__UC_vs_HC,PC IgG,ICOSLG,UC_vs_HC,-2.0926,0.01585
PC_IgG__COL18A1__UC_vs_HC,PC IgG,COL18A1,UC_vs_HC,-4.473,0.0052115
PC_IgG__AC233755.2__UC_vs_HC,PC IgG,AC233755.2,UC_vs_HC,4.6689,0.0040227
PC_IgG__AURKAIP1__CD_vs_HC,PC IgG,AURKAIP1,CD_vs_HC,1.9794,0.026533
PC_IgG__RER1__CD_vs_HC,PC IgG,RER1,CD_vs_HC,1.6549,0.047708
PC_IgG__ID3__CD_vs_HC,PC IgG,ID3,CD_vs_HC,-2.0606,0.030988
PC_IgG__ZNF593__CD_vs_HC,PC IgG,ZNF593,CD_vs_HC,2.1577,0.037587
PC_IgG__PABPC4__CD_vs_HC,PC IgG,PABPC4,CD_vs_HC,-1.2957,0.0079993
PC_IgG__SMAP2__CD_vs_HC,PC IgG,SMAP2,CD_vs_HC,2.0244,0.00075902
PC_IgG__RPL5__CD_vs_HC,PC IgG,RPL5,CD_vs_HC,-1.0833,0.00018785
PC_IgG__KCNN3__CD_vs_HC,PC IgG,KCNN3,CD_vs_HC,1.3362,0.027988
PC_IgG__LMNA__CD_vs_HC,PC IgG,LMNA,CD_vs_HC,-1.9027,0.019409
PC_IgG__TAGLN2__CD_vs_HC,PC IgG,TAGLN2,CD_vs_HC,-1.2131,0.025421
PC_IgG__CD48__CD_vs_HC,PC IgG,CD48,CD_vs_HC,-1.5516,0.0094743
PC_IgG__FCGR2B__CD_vs_HC,PC IgG,FCGR2B,CD_vs_HC,1.3556,0.049326
PC_IgG__RALGPS2__CD_vs_HC,PC IgG,RALGPS2,CD_vs_HC,1.0616,0.021031
PC_IgG__RASGRP3__CD_vs_HC,PC IgG,RASGRP3,CD_vs_HC,-1.3092,0.029221
PC_IgG__MPHOSPH10__CD_vs_HC,PC IgG,MPHOSPH10,CD_vs_HC,-1.0873,0.045699
PC_IgG__BOLA3__CD_vs_HC,PC IgG,BOLA3,CD_vs_HC,1.5044,0.043674
PC_IgG__EIF2AK3__CD_vs_HC,PC IgG,EIF2AK3,CD_vs_HC,1.3173,0.03064
PC_IgG__IGKV4-1__CD_vs_HC,PC IgG,IGKV4-1,CD_vs_HC,1.8963,0.0094743
PC_IgG__IGKV1-9__CD_vs_HC,PC IgG,IGKV1-9,CD_vs_HC,5.7299,0.00098928
PC_IgG__IGKV3-20__CD_vs_HC,PC IgG,IGKV3-20,CD_vs_HC,1.905,0.03064
PC_IgG__BCL2L11__CD_vs_HC,PC IgG,BCL2L11,CD_vs_HC,1.1741,0.012776
PC_IgG__NR4A2__CD_vs_HC,PC IgG,NR4A2,CD_vs_HC,-1.1243,0.019612
PC_IgG__STAT1__CD_vs_HC,PC IgG,STAT1,CD_vs_HC,2.1093,0.0016074
PC_IgG__NDUFB3__CD_vs_HC,PC IgG,NDUFB3,CD_vs_HC,1.1141,0.0017022
PC_IgG__RHBDD1__CD_vs_HC,PC IgG,RHBDD1,CD_vs_HC,1.3295,0.010459
PC_IgG__MFF__CD_vs_HC,PC IgG,MFF,CD_vs_HC,1.255,0.036298
PC_IgG__EDEM1__CD_vs_HC,PC IgG,EDEM1,CD_vs_HC,1.3348,0.00065361
PC_IgG__UBA5__CD_vs_HC,PC IgG,UBA5,CD_vs_HC,1.891,0.0017022
PC_IgG__SMC4__CD_vs_HC,PC IgG,SMC4,CD_vs_HC,1.4605,0.049176
PC_IgG__ALG3__CD_vs_HC,PC IgG,ALG3,CD_vs_HC,1.3314,0.038419
PC_IgG__EIF4A2__CD_vs_HC,PC IgG,EIF4A2,CD_vs_HC,-1.0096,0.045551
PC_IgG__ST6GAL1__CD_vs_HC,PC IgG,ST6GAL1,CD_vs_HC,1.0798,0.047629
PC_IgG__CD38__CD_vs_HC,PC IgG,CD38,CD_vs_HC,1.4689,0.0013067
PC_IgG__SMIM20__CD_vs_HC,PC IgG,SMIM20,CD_vs_HC,1.0423,0.04108
PC_IgG__SPINK2__CD_vs_HC,PC IgG,SPINK2,CD_vs_HC,-5.0498,5.5032e-12
PC_IgG__JCHAIN__CD_vs_HC,PC IgG,JCHAIN,CD_vs_HC,-2.2632,4.8399e-05
PC_IgG__RASGEF1B__CD_vs_HC,PC IgG,RASGEF1B,CD_vs_HC,-1.9327,0.013264
PC_IgG__RPL34__CD_vs_HC,PC IgG,RPL34,CD_vs_HC,-1.1605,0.001964
PC_IgG__RAPGEF2__CD_vs_HC,PC IgG,RAPGEF2,CD_vs_HC,-1.6244,0.044049
PC_IgG__CLPTM1L__CD_vs_HC,PC IgG,CLPTM1L,CD_vs_HC,1.2515,0.025421
PC_IgG__UBE2B__CD_vs_HC,PC IgG,UBE2B,CD_vs_HC,1.0812,0.046907
PC_IgG__SEC24A__CD_vs_HC,PC IgG,SEC24A,CD_vs_HC,1.2015,0.013993
PC_IgG__RPS14__CD_vs_HC,PC IgG,RPS14,CD_vs_HC,-1.1317,0.00030909
PC_IgG__DUSP1__CD_vs_HC,PC IgG,DUSP1,CD_vs_HC,-2.3127,0.027988
PC_IgG__CPEB4__CD_vs_HC,PC IgG,CPEB4,CD_vs_HC,1.2643,0.019612
PC_IgG__NEDD9__CD_vs_HC,PC IgG,NEDD9,CD_vs_HC,1.6778,0.010911
PC_IgG__NOL7__CD_vs_HC,PC IgG,NOL7,CD_vs_HC,1.849,0.033613
PC_IgG__HSPA1A__CD_vs_HC,PC IgG,HSPA1A,CD_vs_HC,-2.573,0.036645
PC_IgG__HSPA1B__CD_vs_HC,PC IgG,HSPA1B,CD_vs_HC,-2.2249,0.022085
PC_IgG__C6orf48__CD_vs_HC,PC IgG,C6orf48,CD_vs_HC,-1.5039,0.025421
PC_IgG__PSMB8__CD_vs_HC,PC IgG,PSMB8,CD_vs_HC,1.2889,0.00011246
PC_IgG__CPNE5__CD_vs_HC,PC IgG,CPNE5,CD_vs_HC,1.3648,0.0013067
PC_IgG__MRPL14__CD_vs_HC,PC IgG,MRPL14,CD_vs_HC,1.2062,0.03064
PC_IgG__HSP90AB1__CD_vs_HC,PC IgG,HSP90AB1,CD_vs_HC,-1.0063,0.0013805
PC_IgG__EEF1A1__CD_vs_HC,PC IgG,EEF1A1,CD_vs_HC,-1.3318,0.00056764
PC_IgG__PRDM1__CD_vs_HC,PC IgG,PRDM1,CD_vs_HC,1.1537,0.0013067
PC_IgG__AIG1__CD_vs_HC,PC IgG,AIG1,CD_vs_HC,-1.2291,0.0089947
PC_IgG__TIAM2__CD_vs_HC,PC IgG,TIAM2,CD_vs_HC,-2.6776,0.015941
PC_IgG__KDELR2__CD_vs_HC,PC IgG,KDELR2,CD_vs_HC,1.7046,0.014157
PC_IgG__BUD23__CD_vs_HC,PC IgG,BUD23,CD_vs_HC,-1.024,0.0050584
PC_IgG__CAV1__CD_vs_HC,PC IgG,CAV1,CD_vs_HC,2.3044,0.0042747
PC_IgG__OFD1__CD_vs_HC,PC IgG,OFD1,CD_vs_HC,-1.3144,0.012199
PC_IgG__TIMP1__CD_vs_HC,PC IgG,TIMP1,CD_vs_HC,-2.5627,0.0024166
PC_IgG__RPL36A__CD_vs_HC,PC IgG,RPL36A,CD_vs_HC,-1.4154,0.048376
PC_IgG__PCM1__CD_vs_HC,PC IgG,PCM1,CD_vs_HC,-1.0195,0.010911
PC_IgG__PRKDC__CD_vs_HC,PC IgG,PRKDC,CD_vs_HC,1.1963,0.044268
PC_IgG__TMEM70__CD_vs_HC,PC IgG,TMEM70,CD_vs_HC,1.7272,0.031607
PC_IgG__NDUFAF6__CD_vs_HC,PC IgG,NDUFAF6,CD_vs_HC,1.5647,0.035616
PC_IgG__TP53INP1__CD_vs_HC,PC IgG,TP53INP1,CD_vs_HC,1.4985,0.0086529
PC_IgG__ZNF706__CD_vs_HC,PC IgG,ZNF706,CD_vs_HC,1.4041,0.030711
PC_IgG__DERL1__CD_vs_HC,PC IgG,DERL1,CD_vs_HC,1.0238,0.016817
PC_IgG__SLC52A2__CD_vs_HC,PC IgG,SLC52A2,CD_vs_HC,1.8961,0.043185
PC_IgG__RPS6__CD_vs_HC,PC IgG,RPS6,CD_vs_HC,-1.0063,0.012199
PC_IgG__VCP__CD_vs_HC,PC IgG,VCP,CD_vs_HC,1.2933,0.019829
PC_IgG__ARPC5L__CD_vs_HC,PC IgG,ARPC5L,CD_vs_HC,2.4531,0.011196
PC_IgG__IRF7__CD_vs_HC,PC IgG,IRF7,CD_vs_HC,1.9168,0.042178
PC_IgG__RPLP2__CD_vs_HC,PC IgG,RPLP2,CD_vs_HC,-1.1281,0.0070095
PC_IgG__KCNQ1OT1__CD_vs_HC,PC IgG,KCNQ1OT1,CD_vs_HC,-1.3186,0.014157
PC_IgG__UBE2L6__CD_vs_HC,PC IgG,UBE2L6,CD_vs_HC,1.2351,0.045795
PC_IgG__SLC3A2__CD_vs_HC,PC IgG,SLC3A2,CD_vs_HC,1.4996,0.042779
PC_IgG__SCYL1__CD_vs_HC,PC IgG,SCYL1,CD_vs_HC,1.4952,0.042779
PC_IgG__CADM1__CD_vs_HC,PC IgG,CADM1,CD_vs_HC,2.2764,0.00030909
PC_IgG__CCND2__CD_vs_HC,PC IgG,CCND2,CD_vs_HC,4.4653,2.13e-05
PC_IgG__CD9__CD_vs_HC,PC IgG,CD9,CD_vs_HC,-1.6218,0.024513
PC_IgG__CD27__CD_vs_HC,PC IgG,CD27,CD_vs_HC,-1.117,0.0079473
PC_IgG__CD69__CD_vs_HC,PC IgG,CD69,CD_vs_HC,-2.3156,0.0056737
PC_IgG__HNRNPA1__CD_vs_HC,PC IgG,HNRNPA1,CD_vs_HC,-1.2378,0.0079652
PC_IgG__DDIT3__CD_vs_HC,PC IgG,DDIT3,CD_vs_HC,-1.1166,0.03626
PC_IgG__IKBIP__CD_vs_HC,PC IgG,IKBIP,CD_vs_HC,1.9195,0.0084019
PC_IgG__RNASE6__CD_vs_HC,PC IgG,RNASE6,CD_vs_HC,3.0059,0.00038301
PC_IgG__PSME2__CD_vs_HC,PC IgG,PSME2,CD_vs_HC,1.3673,0.00053388
PC_IgG__FUT8__CD_vs_HC,PC IgG,FUT8,CD_vs_HC,1.2436,0.0013067
PC_IgG__CEP128__CD_vs_HC,PC IgG,CEP128,CD_vs_HC,1.7375,0.0079473
PC_IgG__IFI27L1__CD_vs_HC,PC IgG,IFI27L1,CD_vs_HC,1.6286,0.0073242
PC_IgG__HSP90AA1__CD_vs_HC,PC IgG,HSP90AA1,CD_vs_HC,-1.6516,0.00058644
PC_IgG__EIF5__CD_vs_HC,PC IgG,EIF5,CD_vs_HC,1.1205,0.0030126
PC_IgG__IGHA2__CD_vs_HC,PC IgG,IGHA2,CD_vs_HC,-4.4255,0.00058644
PC_IgG__IGHV3-15__CD_vs_HC,PC IgG,IGHV3-15,CD_vs_HC,4.0484,0.0031439
PC_IgG__IGHV1-18__CD_vs_HC,PC IgG,IGHV1-18,CD_vs_HC,4.7745,0.0028999
PC_IgG__IGHV3-23__CD_vs_HC,PC IgG,IGHV3-23,CD_vs_HC,2.134,0.030866
PC_IgG__IGHV4-34__CD_vs_HC,PC IgG,IGHV4-34,CD_vs_HC,-2.6339,0.0034313
PC_IgG__IGHV3-48__CD_vs_HC,PC IgG,IGHV3-48,CD_vs_HC,3.1461,0.013568
PC_IgG__IGHV5-51__CD_vs_HC,PC IgG,IGHV5-51,CD_vs_HC,2.9983,0.0094743
PC_IgG__IGHV1-69__CD_vs_HC,PC IgG,IGHV1-69,CD_vs_HC,3.9509,0.0042747
PC_IgG__IGHV3-74__CD_vs_HC,PC IgG,IGHV3-74,CD_vs_HC,4.8784,2.13e-05
PC_IgG__KLF13__CD_vs_HC,PC IgG,KLF13,CD_vs_HC,2.3011,0.019612
PC_IgG__IDH2__CD_vs_HC,PC IgG,IDH2,CD_vs_HC,1.9724,0.013896
PC_IgG__MPG__CD_vs_HC,PC IgG,MPG,CD_vs_HC,1.9924,0.023053
PC_IgG__NDUFAB1__CD_vs_HC,PC IgG,NDUFAB1,CD_vs_HC,1.6888,0.042779
PC_IgG__PYCARD__CD_vs_HC,PC IgG,PYCARD,CD_vs_HC,2.5838,0.017402
PC_IgG__PLCG2__CD_vs_HC,PC IgG,PLCG2,CD_vs_HC,1.1072,0.020523
PC_IgG__MBTPS1__CD_vs_HC,PC IgG,MBTPS1,CD_vs_HC,1.1573,0.042779
PC_IgG__DNAAF1__CD_vs_HC,PC IgG,DNAAF1,CD_vs_HC,2.4153,0.0084019
PC_IgG__FAM92B__CD_vs_HC,PC IgG,FAM92B,CD_vs_HC,2.015,0.037587
PC_IgG__MAP1LC3B__CD_vs_HC,PC IgG,MAP1LC3B,CD_vs_HC,1.9758,0.038419
PC_IgG__DEF8__CD_vs_HC,PC IgG,DEF8,CD_vs_HC,1.525,0.00058644
PC_IgG__EMC6__CD_vs_HC,PC IgG,EMC6,CD_vs_HC,2.9712,0.015437
PC_IgG__EIF5A__CD_vs_HC,PC IgG,EIF5A,CD_vs_HC,1.2139,0.045791
PC_IgG__TNFRSF13B__CD_vs_HC,PC IgG,TNFRSF13B,CD_vs_HC,-1.7089,0.037278
PC_IgG__STAT3__CD_vs_HC,PC IgG,STAT3,CD_vs_HC,1.2909,0.027988
PC_IgG__JPT1__CD_vs_HC,PC IgG,JPT1,CD_vs_HC,1.151,0.049864
PC_IgG__H3F3B__CD_vs_HC,PC IgG,H3F3B,CD_vs_HC,-1.0315,0.00064592
PC_IgG__RNF213__CD_vs_HC,PC IgG,RNF213,CD_vs_HC,1.8485,5.2548e-06
PC_IgG__NDUFV2__CD_vs_HC,PC IgG,NDUFV2,CD_vs_HC,1.122,0.0021138
PC_IgG__CNDP2__CD_vs_HC,PC IgG,CNDP2,CD_vs_HC,1.7009,0.0016074
PC_IgG__TOP1__CD_vs_HC,PC IgG,TOP1,CD_vs_HC,1.6409,0.0086529
PC_IgG__ZFAS1__CD_vs_HC,PC IgG,ZFAS1,CD_vs_HC,-1.5134,0.0067094
PC_IgG__CIRBP__CD_vs_HC,PC IgG,CIRBP,CD_vs_HC,-1.328,8.1168e-05
PC_IgG__GADD45B__CD_vs_HC,PC IgG,GADD45B,CD_vs_HC,-2.1445,0.0079473
PC_IgG__MYDGF__CD_vs_HC,PC IgG,MYDGF,CD_vs_HC,2.2437,0.037278
PC_IgG__CLPP__CD_vs_HC,PC IgG,CLPP,CD_vs_HC,1.3781,0.020523
PC_IgG__ILF3-DT__CD_vs_HC,PC IgG,ILF3-DT,CD_vs_HC,-1.0657,0.042779
PC_IgG__ELOF1__CD_vs_HC,PC IgG,ELOF1,CD_vs_HC,-1.0718,0.037278
PC_IgG__AC020916.1__CD_vs_HC,PC IgG,AC020916.1,CD_vs_HC,-1.6556,0.0050584
PC_IgG__DDX39A__CD_vs_HC,PC IgG,DDX39A,CD_vs_HC,1.0995,0.046333
PC_IgG__FXYD5__CD_vs_HC,PC IgG,FXYD5,CD_vs_HC,-1.5892,0.00041912
PC_IgG__KCNK6__CD_vs_HC,PC IgG,KCNK6,CD_vs_HC,1.0398,0.025202
PC_IgG__AC243960.1__CD_vs_HC,PC IgG,AC243960.1,CD_vs_HC,-1.1585,0.045791
PC_IgG__FOSB__CD_vs_HC,PC IgG,FOSB,CD_vs_HC,-1.2286,0.047342
PC_IgG__CALM3__CD_vs_HC,PC IgG,CALM3,CD_vs_HC,1.315,0.023715
PC_IgG__MYADM__CD_vs_HC,PC IgG,MYADM,CD_vs_HC,-1.8355,0.00079028
PC_IgG__IGLV1-47__CD_vs_HC,PC IgG,IGLV1-47,CD_vs_HC,5.8457,5.2548e-06
PC_IgG__IGLV3-21__CD_vs_HC,PC IgG,IGLV3-21,CD_vs_HC,5.258,0.002715
PC_IgG__IGLV2-11__CD_vs_HC,PC IgG,IGLV2-11,CD_vs_HC,4.0064,0.030015
PC_IgG__IGLC7__CD_vs_HC,PC IgG,IGLC7,CD_vs_HC,5.0554,0.019317
PC_IgG__XBP1__CD_vs_HC,PC IgG,XBP1,CD_vs_HC,1.6514,0.046333
PC_IgG__APOL6__CD_vs_HC,PC IgG,APOL6,CD_vs_HC,1.6739,0.012101
PC_IgG__RPL3__CD_vs_HC,PC IgG,RPL3,CD_vs_HC,-1.1983,0.043185
PC_IgG__DESI1__CD_vs_HC,PC IgG,DESI1,CD_vs_HC,1.8923,0.024008
PC_IgG__DENND6B__CD_vs_HC,PC IgG,DENND6B,CD_vs_HC,-1.0338,0.0084019
PC_IgG__CDKN2C__UC_vs_CD,PC IgG,CDKN2C,UC_vs_CD,1.4896,4.1535e-05
PC_IgG__TYW3__UC_vs_CD,PC IgG,TYW3,UC_vs_CD,1.0471,0.048855
PC_IgG__PPP1R15B__UC_vs_CD,PC IgG,PPP1R15B,UC_vs_CD,-1.0707,0.0044942
PC_IgG__PIGR__UC_vs_CD,PC IgG,PIGR,UC_vs_CD,-3.287,0.00098114
PC_IgG__MIR29B2CHG__UC_vs_CD,PC IgG,MIR29B2CHG,UC_vs_CD,-1.1596,0.019731
PC_IgG__CDC42EP3__UC_vs_CD,PC IgG,CDC42EP3,UC_vs_CD,-1.2784,0.027632
PC_IgG__FABP1__UC_vs_CD,PC IgG,FABP1,UC_vs_CD,-4.6591,3.645e-06
PC_IgG__IGKV1D-39__UC_vs_CD,PC IgG,IGKV1D-39,UC_vs_CD,3.3085,0.003886
PC_IgG__ARID5A__UC_vs_CD,PC IgG,ARID5A,UC_vs_CD,-1.4012,0.020047
PC_IgG__RANBP2__UC_vs_CD,PC IgG,RANBP2,UC_vs_CD,-1.495,0.03625
PC_IgG__GALNT3__UC_vs_CD,PC IgG,GALNT3,UC_vs_CD,-2.2405,0.019731
PC_IgG__WIPF1__UC_vs_CD,PC IgG,WIPF1,UC_vs_CD,-1.1595,0.00033714
PC_IgG__STAT1__UC_vs_CD,PC IgG,STAT1,UC_vs_CD,-1.5304,0.01054
PC_IgG__PPP1R2__UC_vs_CD,PC IgG,PPP1R2,UC_vs_CD,-1.1636,0.048855
PC_IgG__GAB1__UC_vs_CD,PC IgG,GAB1,UC_vs_CD,-1.1048,0.00098114
PC_IgG__OTUD4__UC_vs_CD,PC IgG,OTUD4,UC_vs_CD,-1.0112,0.04502
PC_IgG__TENT4A__UC_vs_CD,PC IgG,TENT4A,UC_vs_CD,-1.5402,0.033278
PC_IgG__FEM1C__UC_vs_CD,PC IgG,FEM1C,UC_vs_CD,-1.2038,0.013825
PC_IgG__HIST1H2AE__UC_vs_CD,PC IgG,HIST1H2AE,UC_vs_CD,1.379,0.0483
PC_IgG__PHF1__UC_vs_CD,PC IgG,PHF1,UC_vs_CD,-1.0629,0.0475
PC_IgG__MANEA-DT__UC_vs_CD,PC IgG,MANEA-DT,UC_vs_CD,1.3707,0.035244
PC_IgG__PERP__UC_vs_CD,PC IgG,PERP,UC_vs_CD,-2.251,0.044716
PC_IgG__HDAC9__UC_vs_CD,PC IgG,HDAC9,UC_vs_CD,-1.1961,0.010043
PC_IgG__TBXAS1__UC_vs_CD,PC IgG,TBXAS1,UC_vs_CD,1.3762,0.019731
PC_IgG__ESYT2__UC_vs_CD,PC IgG,ESYT2,UC_vs_CD,-1.0332,0.046054
PC_IgG__IDS__UC_vs_CD,PC IgG,IDS,UC_vs_CD,-1.0606,0.013825
PC_IgG__CXorf40A__UC_vs_CD,PC IgG,CXorf40A,UC_vs_CD,-1.4575,0.035976
PC_IgG__ARHGAP4__UC_vs_CD,PC IgG,ARHGAP4,UC_vs_CD,-1.4649,0.048855
PC_IgG__NDUFAF6__UC_vs_CD,PC IgG,NDUFAF6,UC_vs_CD,1.1102,0.0483
PC_IgG__FBP1__UC_vs_CD,PC IgG,FBP1,UC_vs_CD,-2.1335,0.030856
PC_IgG__SH3GLB2__UC_vs_CD,PC IgG,SH3GLB2,UC_vs_CD,-1.1525,0.036304
PC_IgG__MTRNR2L8__UC_vs_CD,PC IgG,MTRNR2L8,UC_vs_CD,-1.3598,0.048855
PC_IgG__GRK2__UC_vs_CD,PC IgG,GRK2,UC_vs_CD,-1.5246,0.048734
PC_IgG__GSTP1__UC_vs_CD,PC IgG,GSTP1,UC_vs_CD,1.1097,0.0043935
PC_IgG__RELT__UC_vs_CD,PC IgG,RELT,UC_vs_CD,-1.278,0.030856
PC_IgG__MINDY3__UC_vs_CD,PC IgG,MINDY3,UC_vs_CD,-1.3885,0.028685
PC_IgG__MARCH8__UC_vs_CD,PC IgG,MARCH8,UC_vs_CD,-1.0234,0.030415
PC_IgG__WAPL__UC_vs_CD,PC IgG,WAPL,UC_vs_CD,-1.1285,0.027632
PC_IgG__RRP12__UC_vs_CD,PC IgG,RRP12,UC_vs_CD,-1.6577,0.0010704
PC_IgG__BNIP3__UC_vs_CD,PC IgG,BNIP3,UC_vs_CD,-2.049,0.0097183
PC_IgG__TMBIM6__UC_vs_CD,PC IgG,TMBIM6,UC_vs_CD,1.0019,0.010043
PC_IgG__ARHGAP5__UC_vs_CD,PC IgG,ARHGAP5,UC_vs_CD,-1.3254,0.013825
PC_IgG__MGAT2__UC_vs_CD,PC IgG,MGAT2,UC_vs_CD,-1.2634,0.0483
PC_IgG__ZBTB1__UC_vs_CD,PC IgG,ZBTB1,UC_vs_CD,-1.0087,0.048855
PC_IgG__IFI27__UC_vs_CD,PC IgG,IFI27,UC_vs_CD,-2.0076,0.0046313
PC_IgG__IGHG2__UC_vs_CD,PC IgG,IGHG2,UC_vs_CD,-2.4462,5.566e-05
PC_IgG__IGHV3-20__UC_vs_CD,PC IgG,IGHV3-20,UC_vs_CD,3.1529,0.048855
PC_IgG__IGHV4-34__UC_vs_CD,PC IgG,IGHV4-34,UC_vs_CD,2.6729,0.0043935
PC_IgG__IGHV3-74__UC_vs_CD,PC IgG,IGHV3-74,UC_vs_CD,-2.6966,0.029966
PC_IgG__AC012236.1__UC_vs_CD,PC IgG,AC012236.1,UC_vs_CD,1.1676,0.04502
PC_IgG__PHGR1__UC_vs_CD,PC IgG,PHGR1,UC_vs_CD,-3.8548,0.0052544
PC_IgG__MYO5A__UC_vs_CD,PC IgG,MYO5A,UC_vs_CD,-1.575,0.0032374
PC_IgG__IL32__UC_vs_CD,PC IgG,IL32,UC_vs_CD,-2.8569,0.048855
PC_IgG__PLCG2__UC_vs_CD,PC IgG,PLCG2,UC_vs_CD,-1.1319,0.015978
PC_IgG__CBFA2T3__UC_vs_CD,PC IgG,CBFA2T3,UC_vs_CD,-1.5096,0.023496
PC_IgG__KDM6B__UC_vs_CD,PC IgG,KDM6B,UC_vs_CD,-2.503,1.7468e-08
PC_IgG__CCR10__UC_vs_CD,PC IgG,CCR10,UC_vs_CD,-3.3618,0.029966
PC_IgG__AC008105.3__UC_vs_CD,PC IgG,AC008105.3,UC_vs_CD,-1.3918,0.0010704
PC_IgG__KANSL1-AS1__UC_vs_CD,PC IgG,KANSL1-AS1,UC_vs_CD,-2.6615,0.033278
PC_IgG__KIF19__UC_vs_CD,PC IgG,KIF19,UC_vs_CD,-1.2601,0.020047
PC_IgG__CYTH1__UC_vs_CD,PC IgG,CYTH1,UC_vs_CD,-1.2542,3.645e-06
PC_IgG__RBCK1__UC_vs_CD,PC IgG,RBCK1,UC_vs_CD,-1.5589,0.027632
PC_IgG__RALY__UC_vs_CD,PC IgG,RALY,UC_vs_CD,-1.4293,0.032319
PC_IgG__SPAG4__UC_vs_CD,PC IgG,SPAG4,UC_vs_CD,1.0882,0.046054
PC_IgG__VAPB__UC_vs_CD,PC IgG,VAPB,UC_vs_CD,-1.1829,0.027674
PC_IgG__HELZ2__UC_vs_CD,PC IgG,HELZ2,UC_vs_CD,-1.5176,0.030892
PC_IgG__ARID3A__UC_vs_CD,PC IgG,ARID3A,UC_vs_CD,-1.1991,0.0044942
PC_IgG__KDM4B__UC_vs_CD,PC IgG,KDM4B,UC_vs_CD,-1.1718,0.021471
PC_IgG__AKAP8__UC_vs_CD,PC IgG,AKAP8,UC_vs_CD,-1.0651,0.0483
PC_IgG__IGLC5__UC_vs_CD,PC IgG,IGLC5,UC_vs_CD,-2.3523,0.021794
PC_IgG__TFF3__UC_vs_CD,PC IgG,TFF3,UC_vs_CD,-3.0259,0.0032374
PC_IgG__AC233755.2__UC_vs_CD,PC IgG,AC233755.2,UC_vs_CD,5.3657,3.6692e-05
